"DESCRIPTION","DURATION IN MS","NAME","PARENT SUITE","START TIME","STATUS","STOP TIME","SUB SUITE","SUITE","TEST CLASS","TEST METHOD"
"List Currency USDT Menggunakan HTTP Method DELETE","1463","getCurrencyWithDeleteMethod","Surefire suite","Thu Sep 17 05:02:39 UTC 2026","passed","Thu Sep 17 05:02:40 UTC 2026","testcases.backoffice.currency.GetCurrencyTest","Surefire test","testcases.backoffice.currency.GetCurrencyTest","getCurrencyWithDeleteMethod"
"Get History QR Admin","11159","historyQRTestAdmin","Surefire suite","Thu Sep 17 03:26:13 UTC 2026","passed","Thu Sep 17 03:26:24 UTC 2026","testcases.history.HistoryQRTest","Surefire test","testcases.history.HistoryQRTest","historyQRTestAdmin"
"List Waiting Company Backoffice Menggunakan HTTP Method GET","4903","listWaitingCompanyWithGetMethod","Surefire suite","Thu Sep 17 05:51:16 UTC 2026","passed","Thu Sep 17 05:51:21 UTC 2026","testcases.backoffice.ListWaitingCompanyTest","Surefire test","testcases.backoffice.ListWaitingCompanyTest","listWaitingCompanyWithGetMethod"
"Get List Group Backoffice Menggunakan Login Admin Crypto","4846","getListGroupWithAdminCryptoLogin","Surefire suite","Thu Sep 17 05:35:10 UTC 2026","passed","Thu Sep 17 05:35:15 UTC 2026","testcases.backoffice.group.GetListGroupTest","Surefire test","testcases.backoffice.group.GetListGroupTest","getListGroupWithAdminCryptoLogin"
"List Waiting Company Backoffice Dengan Ukuran Halaman Sangat Besar","4757","listWaitingCompanyWithHugeSize","Surefire suite","Thu Sep 17 05:51:24 UTC 2026","passed","Thu Sep 17 05:51:29 UTC 2026","testcases.backoffice.ListWaitingCompanyTest","Surefire test","testcases.backoffice.ListWaitingCompanyTest","listWaitingCompanyWithHugeSize"
"Delete Google Authenticator Dengan Token Kadaluarsa","1487","deleteOtpGoogleWithExpiredToken","Surefire suite","Thu Sep 17 06:46:46 UTC 2026","passed","Thu Sep 17 06:46:47 UTC 2026","testcases.backoffice.googleauth.DeleteOtpGoogleTest","Surefire test","testcases.backoffice.googleauth.DeleteOtpGoogleTest","deleteOtpGoogleWithExpiredToken"
"Transfer Different Partner Reference, Manual Transfer to Transfer","20864","trfPartnerRefManualFailed","Surefire suite","Thu Sep 17 03:49:08 UTC 2026","passed","Thu Sep 17 03:49:29 UTC 2026","testcases.transfer.SpecialTransferTest","Surefire test","testcases.transfer.SpecialTransferTest","trfPartnerRefManualFailed"
"Success Login Supervisor With Captcha","3115","testLoginSupervisor","Surefire suite","Thu Sep 17 03:23:22 UTC 2026","passed","Thu Sep 17 03:23:25 UTC 2026","testcases.auth.LoginTest","Surefire test","testcases.auth.LoginTest","testLoginSupervisor"
"Resend Google Authenticator Dengan email Berupa null","4729","resendOtpGoogleWithNullEmail","Surefire suite","Thu Sep 17 06:41:35 UTC 2026","passed","Thu Sep 17 06:41:40 UTC 2026","testcases.backoffice.googleauth.ResendOtpGoogleTest","Surefire test","testcases.backoffice.googleauth.ResendOtpGoogleTest","resendOtpGoogleWithNullEmail"
"Transfer Different Partner Reference, Manual Transfer to USDT Transfer","21988","trfPartnerRefManualFailed","Surefire suite","Thu Sep 17 04:00:06 UTC 2026","passed","Thu Sep 17 04:00:28 UTC 2026","testcases.transfer.TransferUSDTTest","Surefire test","testcases.transfer.TransferUSDTTest","trfPartnerRefManualFailed"
"Delete Manage Settlement BO Dengan id Berisi Payload XSS","4606","deleteManageSettlementWithXssId","Surefire suite","Thu Sep 17 06:19:09 UTC 2026","passed","Thu Sep 17 06:19:14 UTC 2026","testcases.backoffice.settlement.DeleteManageSettlementTest","Surefire test","testcases.backoffice.settlement.DeleteManageSettlementTest","deleteManageSettlementWithXssId"
"Get List Group Company BO Dengan Header Authorization Tanpa Skema Bearer","1532","getListGroupCompanyWithMalformedAuthorizationHeader","Surefire suite","Thu Sep 17 06:22:48 UTC 2026","passed","Thu Sep 17 06:22:49 UTC 2026","testcases.backoffice.settlement.GetListGroupCompanyTest","Surefire test","testcases.backoffice.settlement.GetListGroupCompanyTest","getListGroupCompanyWithMalformedAuthorizationHeader"
"Get List Google Authenticator Dengan Token Backoffice Valid Tapi Tanpa Header pbyv","4503","listOtpGoogleWithoutPbyvHeader","Surefire suite","Thu Sep 17 06:37:11 UTC 2026","passed","Thu Sep 17 06:37:16 UTC 2026","testcases.backoffice.googleauth.ListOtpGoogleTest","Surefire test","testcases.backoffice.googleauth.ListOtpGoogleTest","listOtpGoogleWithoutPbyvHeader"
"Login Merchant dengan Captcha yang Dipakai Ulang","4405","testLoginReusedCaptcha","Surefire suite","Thu Sep 17 03:23:09 UTC 2026","passed","Thu Sep 17 03:23:13 UTC 2026","testcases.auth.LoginTest","Surefire test","testcases.auth.LoginTest","testLoginReusedCaptcha"
"Reset Password Group","5201","resetPasswordGroup","Surefire suite","Thu Sep 17 06:51:40 UTC 2026","passed","Thu Sep 17 06:51:46 UTC 2026","testcases.settings.ResetPasswordTest","Surefire test","testcases.settings.ResetPasswordTest","resetPasswordGroup"
"List Company Backoffice Menggunakan HTTP Method GET","4951","listCompanyWithGetMethod","Surefire suite","Thu Sep 17 05:47:01 UTC 2026","passed","Thu Sep 17 05:47:06 UTC 2026","testcases.backoffice.ListCompanyTest","Surefire test","testcases.backoffice.ListCompanyTest","listCompanyWithGetMethod"
"Get Notification Sender Dengan Page/Size Negatif","4632","getNotificationSenderWithNegativePageSize","Surefire suite","Thu Sep 17 06:29:26 UTC 2026","passed","Thu Sep 17 06:29:31 UTC 2026","testcases.backoffice.notifsender.NotificationSenderTest","Surefire test","testcases.backoffice.notifsender.NotificationSenderTest","getNotificationSenderWithNegativePageSize"
"Get Detail Waiting Company Backoffice Dengan Id Sangat Panjang (10.000 karakter)","4643","getDetailWaitingCompanyWithOverlongId","Surefire suite","Thu Sep 17 05:57:13 UTC 2026","passed","Thu Sep 17 05:57:17 UTC 2026","testcases.backoffice.GetDetailWaitingCompanyTest","Surefire test","testcases.backoffice.GetDetailWaitingCompanyTest","getDetailWaitingCompanyWithOverlongId"
"Inquiry Test Manual Transfer Admin Crypto","4928","inquiryManualTransferAdminCrypto","Surefire suite","Thu Sep 17 03:52:41 UTC 2026","passed","Thu Sep 17 03:52:46 UTC 2026","testcases.transfer.InquiryManualTransferTest","Surefire test","testcases.transfer.InquiryManualTransferTest","inquiryManualTransferAdminCrypto"
"Delete Group Backoffice Menggunakan Login Merchant","4545","deleteGroupWithMerchantLogin","Surefire suite","Thu Sep 17 05:42:06 UTC 2026","passed","Thu Sep 17 05:42:11 UTC 2026","testcases.backoffice.group.DeleteGroupTest","Surefire test","testcases.backoffice.group.DeleteGroupTest","deleteGroupWithMerchantLogin"
"Get List Group Backoffice Dengan Token Tidak Valid","1457","getListGroupWithInvalidToken","Surefire suite","Thu Sep 17 05:36:16 UTC 2026","passed","Thu Sep 17 05:36:18 UTC 2026","testcases.backoffice.group.GetListGroupTest","Surefire test","testcases.backoffice.group.GetListGroupTest","getListGroupWithInvalidToken"
"Mutasi Manual Transfer","28277","mutasiManualTransfer","Surefire suite","Thu Sep 17 04:33:44 UTC 2026","passed","Thu Sep 17 04:34:12 UTC 2026","testcases.mutasi.MutasiTransferTest","Surefire test","testcases.mutasi.MutasiTransferTest","mutasiManualTransfer"
"List Refund Dengan Field Sort Merujuk ke Kolom yang Tidak Ada","4686","listRefundWithInvalidSortField","Surefire suite","Thu Sep 17 05:13:42 UTC 2026","passed","Thu Sep 17 05:13:47 UTC 2026","testcases.backoffice.ListRefundTest","Surefire test","testcases.backoffice.ListRefundTest","listRefundWithInvalidSortField"
"Get History QR Supervisor","10243","historyQRTestSupervisor","Surefire suite","Thu Sep 17 03:27:34 UTC 2026","passed","Thu Sep 17 03:27:45 UTC 2026","testcases.history.HistoryQRTest","Surefire test","testcases.history.HistoryQRTest","historyQRTestSupervisor"
"Get List Group Backoffice Dengan Body JSON Tidak Valid (Malformed)","1582","getListGroupWithMalformedJson","Surefire suite","Thu Sep 17 05:36:25 UTC 2026","passed","Thu Sep 17 05:36:27 UTC 2026","testcases.backoffice.group.GetListGroupTest","Surefire test","testcases.backoffice.group.GetListGroupTest","getListGroupWithMalformedJson"
"Get List Group Company BO Dengan groupName Berisi Karakter SQL Injection","4608","getListGroupCompanyWithSqlInjectionGroupName","Surefire suite","Thu Sep 17 06:23:54 UTC 2026","passed","Thu Sep 17 06:23:59 UTC 2026","testcases.backoffice.settlement.GetListGroupCompanyTest","Surefire test","testcases.backoffice.settlement.GetListGroupCompanyTest","getListGroupCompanyWithSqlInjectionGroupName"
"Success Login Customer Service","3275","testLoginCS","Surefire suite","Thu Sep 17 03:22:08 UTC 2026","passed","Thu Sep 17 03:22:11 UTC 2026","testcases.auth.LoginTest","Surefire test","testcases.auth.LoginTest","testLoginCS"
"Add Group Backoffice Dengan Body Berupa Literal null","1571","addGroupWithNullLiteralBody","Surefire suite","Thu Sep 17 05:32:11 UTC 2026","passed","Thu Sep 17 05:32:12 UTC 2026","testcases.backoffice.group.AddGroupTest","Surefire test","testcases.backoffice.group.AddGroupTest","addGroupWithNullLiteralBody"
"Delete Manage Settlement BO Dengan id Valid Secara Format Tapi Tidak Ada","4815","deleteManageSettlementWithNonExistentId","Surefire suite","Thu Sep 17 06:18:01 UTC 2026","passed","Thu Sep 17 06:18:05 UTC 2026","testcases.backoffice.settlement.DeleteManageSettlementTest","Surefire test","testcases.backoffice.settlement.DeleteManageSettlementTest","deleteManageSettlementWithNonExistentId"
"Get Detail Waiting Company Backoffice Dengan Id yang Tidak Ada","4715","getDetailWaitingCompanyWithNonExistentId","Surefire suite","Thu Sep 17 05:57:05 UTC 2026","passed","Thu Sep 17 05:57:10 UTC 2026","testcases.backoffice.GetDetailWaitingCompanyTest","Surefire test","testcases.backoffice.GetDetailWaitingCompanyTest","getDetailWaitingCompanyWithNonExistentId"
"Delete Google Authenticator Menggunakan Login CS Admin","4580","deleteOtpGoogleWithCSAdminLogin","Surefire suite","Thu Sep 17 06:46:15 UTC 2026","passed","Thu Sep 17 06:46:19 UTC 2026","testcases.backoffice.googleauth.DeleteOtpGoogleTest","Surefire test","testcases.backoffice.googleauth.DeleteOtpGoogleTest","deleteOtpGoogleWithCSAdminLogin"
"Get List Group Backoffice Menggunakan HTTP Method GET","1753","getListGroupWithGetMethod","Surefire suite","Thu Sep 17 05:36:07 UTC 2026","passed","Thu Sep 17 05:36:08 UTC 2026","testcases.backoffice.group.GetListGroupTest","Surefire test","testcases.backoffice.group.GetListGroupTest","getListGroupWithGetMethod"
"Delete Manage Settlement BO Dengan Token Kadaluarsa","1572","deleteManageSettlementWithExpiredToken","Surefire suite","Thu Sep 17 06:17:16 UTC 2026","passed","Thu Sep 17 06:17:17 UTC 2026","testcases.backoffice.settlement.DeleteManageSettlementTest","Surefire test","testcases.backoffice.settlement.DeleteManageSettlementTest","deleteManageSettlementWithExpiredToken"
"Get History Transfer Supervisor on Login CS Admin","11903","historyTransferSupervisorTestCSAdmin","Surefire suite","Thu Sep 17 03:34:14 UTC 2026","passed","Thu Sep 17 03:34:26 UTC 2026","testcases.history.HistoryTransferTest","Surefire test","testcases.history.HistoryTransferTest","historyTransferSupervisorTestCSAdmin"
"Add Currency CS Admin Path Menggunakan HTTP Method PATCH","1454","addCurrencyWithPatchMethod","Surefire suite","Thu Sep 17 04:59:38 UTC 2026","passed","Thu Sep 17 04:59:39 UTC 2026","testcases.backoffice.currency.AddCurrencyTest","Surefire test","testcases.backoffice.currency.AddCurrencyTest","addCurrencyWithPatchMethod"
"Create Manage Settlement BO Dengan Content-Type text/plain","4901","addManageSettlementWithWrongContentType","Surefire suite","Thu Sep 17 06:12:59 UTC 2026","passed","Thu Sep 17 06:13:04 UTC 2026","testcases.backoffice.settlement.AddManageSettlementTest","Surefire test","testcases.backoffice.settlement.AddManageSettlementTest","addManageSettlementWithWrongContentType"
"Inquiry Test Flop Transfer Merchant Supervisor","5650","inquiryFlopTransferSupervisor","Surefire suite","Thu Sep 17 04:02:58 UTC 2026","passed","Thu Sep 17 04:03:03 UTC 2026","testcases.transfer.InquiryFlopTransferTest","Surefire test","testcases.transfer.InquiryFlopTransferTest","inquiryFlopTransferSupervisor"
"Resend Google Authenticator Dengan email Berisi Karakter SQL Injection","4681","resendOtpGoogleWithSqlInjectionEmail","Surefire suite","Thu Sep 17 06:42:21 UTC 2026","passed","Thu Sep 17 06:42:26 UTC 2026","testcases.backoffice.googleauth.ResendOtpGoogleTest","Surefire test","testcases.backoffice.googleauth.ResendOtpGoogleTest","resendOtpGoogleWithSqlInjectionEmail"
"List Manage Settlement Backoffice Menggunakan HTTP Method PUT","4755","listManageSettlementWithPutMethod","Surefire suite","Thu Sep 17 06:04:26 UTC 2026","passed","Thu Sep 17 06:04:31 UTC 2026","testcases.backoffice.settlement.ManageSettlementTest","Surefire test","testcases.backoffice.settlement.ManageSettlementTest","listManageSettlementWithPutMethod"
"Login Backoffice dengan Captcha Salah","3227","testLoginBackofficeWrongCaptcha","Surefire suite","Thu Sep 17 03:21:54 UTC 2026","passed","Thu Sep 17 03:21:57 UTC 2026","testcases.auth.LoginTest","Surefire test","testcases.auth.LoginTest","testLoginBackofficeWrongCaptcha"
"Delete Google Authenticator Dengan Header Authorization Tanpa Skema Bearer","1517","deleteOtpGoogleWithMalformedAuthorizationHeader","Surefire suite","Thu Sep 17 06:47:02 UTC 2026","passed","Thu Sep 17 06:47:04 UTC 2026","testcases.backoffice.googleauth.DeleteOtpGoogleTest","Surefire test","testcases.backoffice.googleauth.DeleteOtpGoogleTest","deleteOtpGoogleWithMalformedAuthorizationHeader"
"Get List Group Backoffice Menggunakan HTTP Method PATCH","1432","getListGroupWithPatchMethod","Surefire suite","Thu Sep 17 05:37:08 UTC 2026","passed","Thu Sep 17 05:37:10 UTC 2026","testcases.backoffice.group.GetListGroupTest","Surefire test","testcases.backoffice.group.GetListGroupTest","getListGroupWithPatchMethod"
"List Currency USDT Dengan Tipe Data Salah pada Field limit (String, Bukan Integer)","1488","getCurrencyWithInvalidFieldType","Surefire suite","Thu Sep 17 05:03:02 UTC 2026","passed","Thu Sep 17 05:03:04 UTC 2026","testcases.backoffice.currency.GetCurrencyTest","Surefire test","testcases.backoffice.currency.GetCurrencyTest","getCurrencyWithInvalidFieldType"
"Reset Password Admin Crypto","4778","resetPasswordAdminCrypto","Surefire suite","Thu Sep 17 06:51:08 UTC 2026","passed","Thu Sep 17 06:51:13 UTC 2026","testcases.settings.ResetPasswordTest","Surefire test","testcases.settings.ResetPasswordTest","resetPasswordAdminCrypto"
"Test Get Report Transfer Merchant","4909","getReportBatchAdmin","Surefire suite","Thu Sep 17 04:48:39 UTC 2026","passed","Thu Sep 17 04:48:43 UTC 2026","testcases.report.ReportTransactionTest","Surefire test","testcases.report.ReportTransactionTest","getReportBatchAdmin"
"Refund Summary Dengan Header pbyv Salah","1504","getRefundWithWrongPbyvHeader","Surefire suite","Thu Sep 17 05:19:11 UTC 2026","passed","Thu Sep 17 05:19:12 UTC 2026","testcases.backoffice.refund.GetRefundTest","Surefire test","testcases.backoffice.refund.GetRefundTest","getRefundWithWrongPbyvHeader"
"Refund Summary Dengan Body Berupa JSON Array ([])","4622","getRefundWithArrayBody","Surefire suite","Thu Sep 17 05:16:34 UTC 2026","passed","Thu Sep 17 05:16:39 UTC 2026","testcases.backoffice.refund.GetRefundTest","Surefire test","testcases.backoffice.refund.GetRefundTest","getRefundWithArrayBody"
"Normal Transfer USDT Balance Success","9963","usdtTransferBalanceAdminCrypto","Surefire suite","Thu Sep 17 04:01:30 UTC 2026","passed","Thu Sep 17 04:01:40 UTC 2026","testcases.transfer.TransferUSDTTest","Surefire test","testcases.transfer.TransferUSDTTest","usdtTransferBalanceAdminCrypto"
"List Company Backoffice","7442","getListCompany","Surefire suite","Thu Sep 17 05:46:17 UTC 2026","passed","Thu Sep 17 05:46:24 UTC 2026","testcases.backoffice.ListCompanyTest","Surefire test","testcases.backoffice.ListCompanyTest","getListCompany"
"Create Manage Settlement BO","13103","addManageSettlementBO","Surefire suite","Thu Sep 17 06:09:17 UTC 2026","passed","Thu Sep 17 06:09:30 UTC 2026","testcases.backoffice.settlement.AddManageSettlementTest","Surefire test","testcases.backoffice.settlement.AddManageSettlementTest","addManageSettlementBO"
"Mutasi Company Admin","8164","mutasiCompanyAdmin","Surefire suite","Thu Sep 17 04:33:32 UTC 2026","passed","Thu Sep 17 04:33:41 UTC 2026","testcases.mutasi.MutasiTransferTest","Surefire test","testcases.mutasi.MutasiTransferTest","mutasiCompanyAdmin"
"Resend Google Authenticator Menggunakan Login Admin","4910","resendOtpGoogleWithAdminLogin","Surefire suite","Thu Sep 17 06:39:40 UTC 2026","passed","Thu Sep 17 06:39:45 UTC 2026","testcases.backoffice.googleauth.ResendOtpGoogleTest","Surefire test","testcases.backoffice.googleauth.ResendOtpGoogleTest","resendOtpGoogleWithAdminLogin"
"Create Manage Settlement BO Dengan Body Kosong ({})","4892","addManageSettlementWithEmptyBody","Surefire suite","Thu Sep 17 06:10:35 UTC 2026","passed","Thu Sep 17 06:10:40 UTC 2026","testcases.backoffice.settlement.AddManageSettlementTest","Surefire test","testcases.backoffice.settlement.AddManageSettlementTest","addManageSettlementWithEmptyBody"
"Request Refund Transfer Merchant","4986","refundTransferMerchant","Surefire suite","Thu Sep 17 05:10:50 UTC 2026","failed","Thu Sep 17 05:10:55 UTC 2026","testcases.transfer.RefundTransferTest","Surefire test","testcases.transfer.RefundTransferTest","refundTransferMerchant"
"Get Dashboard Backoffice Menggunakan Login Customer Service","4928","getDashboardWithCSLogin","Surefire suite","Thu Sep 17 04:14:12 UTC 2026","passed","Thu Sep 17 04:14:17 UTC 2026","testcases.backoffice.GetDashboardTest","Surefire test","testcases.backoffice.GetDashboardTest","getDashboardWithCSLogin"
"Get Detail Waiting Company Backoffice Dengan Path Traversal pada Id","5162","getDetailWaitingCompanyWithPathTraversalId","Surefire suite","Thu Sep 17 05:57:20 UTC 2026","passed","Thu Sep 17 05:57:26 UTC 2026","testcases.backoffice.GetDetailWaitingCompanyTest","Surefire test","testcases.backoffice.GetDetailWaitingCompanyTest","getDetailWaitingCompanyWithPathTraversalId"
"Get List Google Authenticator Dengan Body Kosong ({})","4643","listOtpGoogleWithEmptyBody","Surefire suite","Thu Sep 17 06:34:27 UTC 2026","passed","Thu Sep 17 06:34:32 UTC 2026","testcases.backoffice.googleauth.ListOtpGoogleTest","Surefire test","testcases.backoffice.googleauth.ListOtpGoogleTest","listOtpGoogleWithEmptyBody"
"Get List Google Authenticator Ke Path yang Tidak Ada (Typo)","4810","listOtpGoogleWithWrongPath","Surefire suite","Thu Sep 17 06:36:51 UTC 2026","passed","Thu Sep 17 06:36:56 UTC 2026","testcases.backoffice.googleauth.ListOtpGoogleTest","Surefire test","testcases.backoffice.googleauth.ListOtpGoogleTest","listOtpGoogleWithWrongPath"
"Get List Google Authenticator Menggunakan Login Admin","4873","listOtpGoogleWithAdminLogin","Surefire suite","Thu Sep 17 06:33:49 UTC 2026","passed","Thu Sep 17 06:33:54 UTC 2026","testcases.backoffice.googleauth.ListOtpGoogleTest","Surefire test","testcases.backoffice.googleauth.ListOtpGoogleTest","listOtpGoogleWithAdminLogin"
"Get History USDT Transfer Test Admin Crypto","8213","historyUSDTTransferTestAdminCrypto","Surefire suite","Thu Sep 17 03:36:30 UTC 2026","passed","Thu Sep 17 03:36:38 UTC 2026","testcases.history.HistoryTransferTest","Surefire test","testcases.history.HistoryTransferTest","historyUSDTTransferTestAdminCrypto"
"Get Dashboard Backoffice Menggunakan Login Admin Crypto","5391","getDashboardWithAdminCryptoLogin","Surefire suite","Thu Sep 17 04:13:48 UTC 2026","passed","Thu Sep 17 04:13:53 UTC 2026","testcases.backoffice.GetDashboardTest","Surefire test","testcases.backoffice.GetDashboardTest","getDashboardWithAdminCryptoLogin"
"Get List Group Company BO Dengan Token Tidak Valid","1515","getListGroupCompanyWithInvalidToken","Surefire suite","Thu Sep 17 06:22:43 UTC 2026","passed","Thu Sep 17 06:22:45 UTC 2026","testcases.backoffice.settlement.GetListGroupCompanyTest","Surefire test","testcases.backoffice.settlement.GetListGroupCompanyTest","getListGroupCompanyWithInvalidToken"
"List Refund Dengan Ukuran Halaman Sangat Besar","5077","listRefundWithHugeSize","Surefire suite","Thu Sep 17 05:13:18 UTC 2026","passed","Thu Sep 17 05:13:23 UTC 2026","testcases.backoffice.ListRefundTest","Surefire test","testcases.backoffice.ListRefundTest","listRefundWithHugeSize"
"Add Currency CS Admin Path Dengan Karakter SQL Injection pada rate","1613","addCurrencyWithSqlInjectionRate","Surefire suite","Thu Sep 17 04:59:47 UTC 2026","passed","Thu Sep 17 04:59:48 UTC 2026","testcases.backoffice.currency.AddCurrencyTest","Surefire test","testcases.backoffice.currency.AddCurrencyTest","addCurrencyWithSqlInjectionRate"
"List Manage Settlement Backoffice Dengan Header Authorization Tanpa Skema Bearer","1473","listManageSettlementWithMalformedAuthorizationHeader","Surefire suite","Thu Sep 17 06:03:28 UTC 2026","passed","Thu Sep 17 06:03:29 UTC 2026","testcases.backoffice.settlement.ManageSettlementTest","Surefire test","testcases.backoffice.settlement.ManageSettlementTest","listManageSettlementWithMalformedAuthorizationHeader"
"List Refund Tanpa Login/Header Auth","1443","listRefundWithoutAuth","Surefire suite","Thu Sep 17 05:14:40 UTC 2026","passed","Thu Sep 17 05:14:41 UTC 2026","testcases.backoffice.ListRefundTest","Surefire test","testcases.backoffice.ListRefundTest","listRefundWithoutAuth"
"Get List Group Backoffice Menggunakan HTTP Method DELETE","1452","getListGroupWithDeleteMethod","Surefire suite","Thu Sep 17 05:35:49 UTC 2026","passed","Thu Sep 17 05:35:50 UTC 2026","testcases.backoffice.group.GetListGroupTest","Surefire test","testcases.backoffice.group.GetListGroupTest","getListGroupWithDeleteMethod"
"Mutasi Manual Transfer Balance","35287","mutasiManualTransferBalanceSupervisor","Surefire suite","Thu Sep 17 04:35:29 UTC 2026","passed","Thu Sep 17 04:36:04 UTC 2026","testcases.mutasi.MutasiTransferTest","Surefire test","testcases.mutasi.MutasiTransferTest","mutasiManualTransferBalanceSupervisor"
"Transfer with Wrong Pin","23566","transferWrongPin","Surefire suite","Thu Sep 17 03:48:41 UTC 2026","passed","Thu Sep 17 03:49:05 UTC 2026","testcases.transfer.SpecialTransferTest","Surefire test","testcases.transfer.SpecialTransferTest","transferWrongPin"
"Get List Group Backoffice Dengan Header Authorization Tanpa Skema Bearer","1515","getListGroupWithMalformedAuthorizationHeader","Surefire suite","Thu Sep 17 05:36:21 UTC 2026","passed","Thu Sep 17 05:36:22 UTC 2026","testcases.backoffice.group.GetListGroupTest","Surefire test","testcases.backoffice.group.GetListGroupTest","getListGroupWithMalformedAuthorizationHeader"
"Get History Flop Transfer Test Supervisor","10112","historyFlopTransferTestSupervisor","Surefire suite","Thu Sep 17 03:30:01 UTC 2026","passed","Thu Sep 17 03:30:11 UTC 2026","testcases.history.HistoryTransferTest","Surefire test","testcases.history.HistoryTransferTest","historyFlopTransferTestSupervisor"
"Get Balance Merchant with Login Admin","8093","getBalanceAdmin","Surefire suite","Thu Sep 17 04:09:38 UTC 2026","passed","Thu Sep 17 04:09:46 UTC 2026","testcases.balance.GetBalanceQrisTest","Surefire test","testcases.balance.GetBalanceQrisTest","getBalanceAdmin"
"List User Backoffice Dengan Token Tidak Valid","1474","listUsersWithInvalidToken","Surefire suite","Thu Sep 17 05:22:59 UTC 2026","passed","Thu Sep 17 05:23:00 UTC 2026","testcases.backoffice.users.ListUsersTest","Surefire test","testcases.backoffice.users.ListUsersTest","listUsersWithInvalidToken"
"Refund Summary Dengan startDate Hanya Tanggal (Tanpa Waktu/Zona)","1595","getRefundWithDateOnlyFormat","Surefire suite","Thu Sep 17 05:16:58 UTC 2026","passed","Thu Sep 17 05:16:59 UTC 2026","testcases.backoffice.refund.GetRefundTest","Surefire test","testcases.backoffice.refund.GetRefundTest","getRefundWithDateOnlyFormat"
"List Company Backoffice Menggunakan Login Marketing","5046","listCompanyWithMarketingLogin","Surefire suite","Thu Sep 17 05:47:51 UTC 2026","passed","Thu Sep 17 05:47:56 UTC 2026","testcases.backoffice.ListCompanyTest","Surefire test","testcases.backoffice.ListCompanyTest","listCompanyWithMarketingLogin"
"Get Group Backoffice Menggunakan Login Merchant","5048","getGroupWithMerchantLogin","Surefire suite","Thu Sep 17 04:15:13 UTC 2026","passed","Thu Sep 17 04:15:18 UTC 2026","testcases.backoffice.GetDashboardTest","Surefire test","testcases.backoffice.GetDashboardTest","getGroupWithMerchantLogin"
"","7303","listRefundAdmin","Surefire suite","Thu Sep 17 05:12:29 UTC 2026","passed","Thu Sep 17 05:12:36 UTC 2026","testcases.backoffice.ListRefundTest","Surefire test","testcases.backoffice.ListRefundTest","listRefundAdmin"
"Delete Group Backoffice Dengan id Valid Tapi name Tidak Cocok","15704","deleteGroupWithMismatchedName","Surefire suite","Thu Sep 17 05:42:14 UTC 2026","passed","Thu Sep 17 05:42:29 UTC 2026","testcases.backoffice.group.DeleteGroupTest","Surefire test","testcases.backoffice.group.DeleteGroupTest","deleteGroupWithMismatchedName"
"Mutasi USDT Transfer Balance","32746","mutasiUSDTTransferBalanceSupervisor","Surefire suite","Thu Sep 17 04:45:48 UTC 2026","passed","Thu Sep 17 04:46:21 UTC 2026","testcases.mutasi.MutasiTransferTest","Surefire test","testcases.mutasi.MutasiTransferTest","mutasiUSDTTransferBalanceSupervisor"
"Get Group User Backoffice","5116","getGroupSuperBO","Surefire suite","Thu Sep 17 04:14:52 UTC 2026","passed","Thu Sep 17 04:14:57 UTC 2026","testcases.backoffice.GetDashboardTest","Surefire test","testcases.backoffice.GetDashboardTest","getGroupSuperBO"
"List Waiting Company Backoffice","7542","getListWaitingCompany","Surefire suite","Thu Sep 17 05:50:34 UTC 2026","passed","Thu Sep 17 05:50:41 UTC 2026","testcases.backoffice.ListWaitingCompanyTest","Surefire test","testcases.backoffice.ListWaitingCompanyTest","getListWaitingCompany"
"Get Notification Sender Menggunakan HTTP Method PUT","4599","getNotificationSenderWithPutMethod","Surefire suite","Thu Sep 17 06:30:05 UTC 2026","passed","Thu Sep 17 06:30:09 UTC 2026","testcases.backoffice.notifsender.NotificationSenderTest","Surefire test","testcases.backoffice.notifsender.NotificationSenderTest","getNotificationSenderWithPutMethod"
"Get History Flop Transfer Test Admin","12346","historyFlopTransferTestAdmin","Surefire suite","Thu Sep 17 03:29:18 UTC 2026","passed","Thu Sep 17 03:29:30 UTC 2026","testcases.history.HistoryTransferTest","Surefire test","testcases.history.HistoryTransferTest","historyFlopTransferTestAdmin"
"Get List Google Authenticator Dengan Header Authorization Tanpa Skema Bearer","1529","listOtpGoogleWithMalformedAuthorizationHeader","Surefire suite","Thu Sep 17 06:35:15 UTC 2026","passed","Thu Sep 17 06:35:17 UTC 2026","testcases.backoffice.googleauth.ListOtpGoogleTest","Surefire test","testcases.backoffice.googleauth.ListOtpGoogleTest","listOtpGoogleWithMalformedAuthorizationHeader"
"Resend Google Authenticator Dengan Field Tidak Dikenal pada Body","4834","resendOtpGoogleWithUnknownField","Surefire suite","Thu Sep 17 06:42:36 UTC 2026","failed","Thu Sep 17 06:42:41 UTC 2026","testcases.backoffice.googleauth.ResendOtpGoogleTest","Surefire test","testcases.backoffice.googleauth.ResendOtpGoogleTest","resendOtpGoogleWithUnknownField"
"Delete Google Authenticator Dengan id Sangat Panjang (10.000 karakter)","4580","deleteOtpGoogleWithOverlongId","Surefire suite","Thu Sep 17 06:47:38 UTC 2026","passed","Thu Sep 17 06:47:42 UTC 2026","testcases.backoffice.googleauth.DeleteOtpGoogleTest","Surefire test","testcases.backoffice.googleauth.DeleteOtpGoogleTest","deleteOtpGoogleWithOverlongId"
"Add Currency CS Admin Path Menggunakan Login Admin","4632","addCurrencyWithAdminLogin","Surefire suite","Thu Sep 17 04:57:28 UTC 2026","passed","Thu Sep 17 04:57:33 UTC 2026","testcases.backoffice.currency.AddCurrencyTest","Surefire test","testcases.backoffice.currency.AddCurrencyTest","addCurrencyWithAdminLogin"
"Add Group Backoffice Menggunakan Login Merchant","4712","addGroupWithMerchantLogin","Surefire suite","Thu Sep 17 05:31:54 UTC 2026","passed","Thu Sep 17 05:31:58 UTC 2026","testcases.backoffice.group.AddGroupTest","Surefire test","testcases.backoffice.group.AddGroupTest","addGroupWithMerchantLogin"
"Get History Manual Transfer Test Supervisor","8339","historyManualTransferTestSupervisor","Surefire suite","Thu Sep 17 03:31:50 UTC 2026","passed","Thu Sep 17 03:31:59 UTC 2026","testcases.history.HistoryTransferTest","Surefire test","testcases.history.HistoryTransferTest","historyManualTransferTestSupervisor"
"Get Notification Sender Menggunakan Login CS Admin","4846","getNotificationSenderWithCSAdminLogin","Surefire suite","Thu Sep 17 06:27:19 UTC 2026","passed","Thu Sep 17 06:27:24 UTC 2026","testcases.backoffice.notifsender.NotificationSenderTest","Surefire test","testcases.backoffice.notifsender.NotificationSenderTest","getNotificationSenderWithCSAdminLogin"
"Get History Refund Test Admin Crypto","6405","historyRefundTestAdminCrypto","Surefire suite","Thu Sep 17 03:32:02 UTC 2026","passed","Thu Sep 17 03:32:08 UTC 2026","testcases.history.HistoryTransferTest","Surefire test","testcases.history.HistoryTransferTest","historyRefundTestAdminCrypto"
"Test Approved Special Transfer Supervisor","11912","approvedSpecialTransferSupervisor","Surefire suite","Thu Sep 17 04:21:10 UTC 2026","passed","Thu Sep 17 04:21:22 UTC 2026","testcases.backoffice.ApprovalTransferTest","Surefire test","testcases.backoffice.ApprovalTransferTest","approvedSpecialTransferSupervisor"
"Normal Transfer with Account Supervisor","7322","transferSupervisor","Surefire suite","Thu Sep 17 03:41:55 UTC 2026","passed","Thu Sep 17 03:42:02 UTC 2026","testcases.transfer.TransferTest","Surefire test","testcases.transfer.TransferTest","transferSupervisor"
"Normal Flop Transfer Success","8071","transfer","Surefire suite","Thu Sep 17 04:06:11 UTC 2026","passed","Thu Sep 17 04:06:19 UTC 2026","testcases.transfer.TransferFlopTest","Surefire test","testcases.transfer.TransferFlopTest","transfer"
"Get Dashboard Backoffice Tanpa Login/Header Auth","1462","getDashboardWithoutAuth","Surefire suite","Thu Sep 17 04:14:48 UTC 2026","passed","Thu Sep 17 04:14:49 UTC 2026","testcases.backoffice.GetDashboardTest","Surefire test","testcases.backoffice.GetDashboardTest","getDashboardWithoutAuth"
"","4762","listSpecialTransfer","Surefire suite","Thu Sep 17 04:29:45 UTC 2026","passed","Thu Sep 17 04:29:50 UTC 2026","testcases.backoffice.ListTransferTest","Surefire test","testcases.backoffice.ListTransferTest","listSpecialTransfer"
"List Manage Settlement Backoffice Ke Path yang Tidak Ada (Typo)","5676","listManageSettlementWithWrongPath","Surefire suite","Thu Sep 17 06:05:06 UTC 2026","passed","Thu Sep 17 06:05:11 UTC 2026","testcases.backoffice.settlement.ManageSettlementTest","Surefire test","testcases.backoffice.settlement.ManageSettlementTest","listManageSettlementWithWrongPath"
"Create Manage Settlement BO Dengan Body JSON Tidak Valid (Malformed)","4475","addManageSettlementWithMalformedJson","Surefire suite","Thu Sep 17 06:11:35 UTC 2026","passed","Thu Sep 17 06:11:39 UTC 2026","testcases.backoffice.settlement.AddManageSettlementTest","Surefire test","testcases.backoffice.settlement.AddManageSettlementTest","addManageSettlementWithMalformedJson"
"Edit Company Cs Admin","4958","editCompanyCsAdmin","Surefire suite","Thu Sep 17 04:55:16 UTC 2026","passed","Thu Sep 17 04:55:21 UTC 2026","testcases.backoffice.users.EditUserTest","Surefire test","testcases.backoffice.users.EditUserTest","editCompanyCsAdmin"
"Refund Summary Menggunakan Login Customer Service","4828","getRefundWithCSLogin","Surefire suite","Thu Sep 17 05:16:50 UTC 2026","passed","Thu Sep 17 05:16:55 UTC 2026","testcases.backoffice.refund.GetRefundTest","Surefire test","testcases.backoffice.refund.GetRefundTest","getRefundWithCSLogin"
"Get History Manual Transfer Merchant on Login CS Admin","12160","historyManualTransferMerchantTestCSAdmin","Surefire suite","Thu Sep 17 03:30:14 UTC 2026","passed","Thu Sep 17 03:30:26 UTC 2026","testcases.history.HistoryTransferTest","Surefire test","testcases.history.HistoryTransferTest","historyManualTransferMerchantTestCSAdmin"
"Login Merchant tanpa Parameter Password","3026","testLoginMissingPasswordParam","Surefire suite","Thu Sep 17 03:22:51 UTC 2026","passed","Thu Sep 17 03:22:54 UTC 2026","testcases.auth.LoginTest","Surefire test","testcases.auth.LoginTest","testLoginMissingPasswordParam"
"List Refund Menggunakan Login Customer Service","4713","listRefundWithCSLogin","Surefire suite","Thu Sep 17 05:13:03 UTC 2026","passed","Thu Sep 17 05:13:07 UTC 2026","testcases.backoffice.ListRefundTest","Surefire test","testcases.backoffice.ListRefundTest","listRefundWithCSLogin"
"Test Approve Manual Transfer dengan check Fee di Admin Crypto dan Admin Fee","43818","approvedCashDepositBalance","Surefire suite","Thu Sep 17 04:18:31 UTC 2026","passed","Thu Sep 17 04:19:15 UTC 2026","testcases.backoffice.ApprovalTransferTest","Surefire test","testcases.backoffice.ApprovalTransferTest","approvedCashDepositBalance"
"Get List Group Backoffice Dengan Karakter SQL Injection pada sort","1508","getListGroupWithSqlInjectionSort","Surefire suite","Thu Sep 17 05:37:22 UTC 2026","failed","Thu Sep 17 05:37:23 UTC 2026","testcases.backoffice.group.GetListGroupTest","Surefire test","testcases.backoffice.group.GetListGroupTest","getListGroupWithSqlInjectionSort"
"Get Group Detail Backoffice Menggunakan HTTP Method POST","4616","getGroupDetailWithPostMethod","Surefire suite","Thu Sep 17 05:27:25 UTC 2026","passed","Thu Sep 17 05:27:30 UTC 2026","testcases.backoffice.group.GetGroupTest","Surefire test","testcases.backoffice.group.GetGroupTest","getGroupDetailWithPostMethod"
"Delete Google Authenticator Dengan id Berisi Karakter SQL Injection","4670","deleteOtpGoogleWithSqlInjectionId","Surefire suite","Thu Sep 17 06:48:08 UTC 2026","passed","Thu Sep 17 06:48:13 UTC 2026","testcases.backoffice.googleauth.DeleteOtpGoogleTest","Surefire test","testcases.backoffice.googleauth.DeleteOtpGoogleTest","deleteOtpGoogleWithSqlInjectionId"
"Delete Group Backoffice Dengan Field Tidak Dikenal pada Body","1595","deleteGroupWithUnknownField","Surefire suite","Thu Sep 17 05:43:03 UTC 2026","passed","Thu Sep 17 05:43:05 UTC 2026","testcases.backoffice.group.DeleteGroupTest","Surefire test","testcases.backoffice.group.DeleteGroupTest","deleteGroupWithUnknownField"
"Delete Manage Settlement BO Dengan Header id Kosong","4676","deleteManageSettlementWithEmptyIdHeader","Surefire suite","Thu Sep 17 06:17:08 UTC 2026","passed","Thu Sep 17 06:17:13 UTC 2026","testcases.backoffice.settlement.DeleteManageSettlementTest","Surefire test","testcases.backoffice.settlement.DeleteManageSettlementTest","deleteManageSettlementWithEmptyIdHeader"
"List Waiting Company Backoffice Menggunakan Login Merchant","4778","listWaitingCompanyWithMerchantLogin","Surefire suite","Thu Sep 17 05:52:12 UTC 2026","passed","Thu Sep 17 05:52:17 UTC 2026","testcases.backoffice.ListWaitingCompanyTest","Surefire test","testcases.backoffice.ListWaitingCompanyTest","listWaitingCompanyWithMerchantLogin"
"Refund Summary Dengan type null","1560","getRefundWithNullType","Surefire suite","Thu Sep 17 05:18:22 UTC 2026","passed","Thu Sep 17 05:18:24 UTC 2026","testcases.backoffice.refund.GetRefundTest","Surefire test","testcases.backoffice.refund.GetRefundTest","getRefundWithNullType"
"List Manage Settlement Backoffice Dengan Content-Type text/plain","4842","listManageSettlementWithWrongContentType","Surefire suite","Thu Sep 17 06:04:58 UTC 2026","passed","Thu Sep 17 06:05:03 UTC 2026","testcases.backoffice.settlement.ManageSettlementTest","Surefire test","testcases.backoffice.settlement.ManageSettlementTest","listManageSettlementWithWrongContentType"
"Add Group Backoffice Menggunakan Login Marketing","5012","addGroupWithMarketingLogin","Surefire suite","Thu Sep 17 05:31:46 UTC 2026","passed","Thu Sep 17 05:31:51 UTC 2026","testcases.backoffice.group.AddGroupTest","Surefire test","testcases.backoffice.group.AddGroupTest","addGroupWithMarketingLogin"
"Get History USDT Transfer Merchant on Login CS Admin","11370","historyUSDTTransferMerchantTestCSAdmin","Surefire suite","Thu Sep 17 03:35:35 UTC 2026","passed","Thu Sep 17 03:35:47 UTC 2026","testcases.history.HistoryTransferTest","Surefire test","testcases.history.HistoryTransferTest","historyUSDTTransferMerchantTestCSAdmin"
"Get List Group Company BO Menggunakan Login Customer Service","4780","getListGroupCompanyWithCSLogin","Surefire suite","Thu Sep 17 06:22:08 UTC 2026","passed","Thu Sep 17 06:22:13 UTC 2026","testcases.backoffice.settlement.GetListGroupCompanyTest","Surefire test","testcases.backoffice.settlement.GetListGroupCompanyTest","getListGroupCompanyWithCSLogin"
"Resend Google Authenticator Dengan email Berupa Angka (Bukan String)","4654","resendOtpGoogleWithNumericEmail","Surefire suite","Thu Sep 17 06:41:51 UTC 2026","passed","Thu Sep 17 06:41:55 UTC 2026","testcases.backoffice.googleauth.ResendOtpGoogleTest","Surefire test","testcases.backoffice.googleauth.ResendOtpGoogleTest","resendOtpGoogleWithNumericEmail"
"Refund Summary Menggunakan Login Admin Crypto","4901","getRefundWithAdminCryptoLogin","Surefire suite","Thu Sep 17 05:16:19 UTC 2026","passed","Thu Sep 17 05:16:24 UTC 2026","testcases.backoffice.refund.GetRefundTest","Surefire test","testcases.backoffice.refund.GetRefundTest","getRefundWithAdminCryptoLogin"
"Get Notification Sender Menggunakan Login Marketing","4734","getNotificationSenderWithMarketingLogin","Surefire suite","Thu Sep 17 06:29:11 UTC 2026","passed","Thu Sep 17 06:29:16 UTC 2026","testcases.backoffice.notifsender.NotificationSenderTest","Surefire test","testcases.backoffice.notifsender.NotificationSenderTest","getNotificationSenderWithMarketingLogin"
"Get History QR Paid Merchant on login CS Admin","13901","historyQRPaidMerchantCSAdmin","Surefire suite","Thu Sep 17 03:25:45 UTC 2026","passed","Thu Sep 17 03:25:59 UTC 2026","testcases.history.HistoryQRTest","Surefire test","testcases.history.HistoryQRTest","historyQRPaidMerchantCSAdmin"
"Resend Google Authenticator Dengan Body Berupa Literal null","4542","resendOtpGoogleWithNullLiteralBody","Surefire suite","Thu Sep 17 06:41:43 UTC 2026","passed","Thu Sep 17 06:41:48 UTC 2026","testcases.backoffice.googleauth.ResendOtpGoogleTest","Surefire test","testcases.backoffice.googleauth.ResendOtpGoogleTest","resendOtpGoogleWithNullLiteralBody"
"Get History Manual Transfer Supervisor on Login CS Admin","11861","historyManualTransferSupervisorTestCSAdmin","Surefire suite","Thu Sep 17 03:30:29 UTC 2026","passed","Thu Sep 17 03:30:41 UTC 2026","testcases.history.HistoryTransferTest","Surefire test","testcases.history.HistoryTransferTest","historyManualTransferSupervisorTestCSAdmin"
"Create Manage Settlement BO Dengan groupName Sangat Panjang (10.000 karakter)","4582","addManageSettlementWithOverlongGroupName","Surefire suite","Thu Sep 17 06:12:21 UTC 2026","passed","Thu Sep 17 06:12:25 UTC 2026","testcases.backoffice.settlement.AddManageSettlementTest","Surefire test","testcases.backoffice.settlement.AddManageSettlementTest","addManageSettlementWithOverlongGroupName"
"Get List Group Backoffice Dengan page Melebihi Total Halaman","1535","getListGroupWithPageBeyondTotalPages","Surefire suite","Thu Sep 17 05:37:04 UTC 2026","passed","Thu Sep 17 05:37:05 UTC 2026","testcases.backoffice.group.GetListGroupTest","Surefire test","testcases.backoffice.group.GetListGroupTest","getListGroupWithPageBeyondTotalPages"
"List Waiting Company Backoffice Dengan Field Sort Merujuk ke Kolom yang Tidak Ada","4883","listWaitingCompanyWithInvalidSortField","Surefire suite","Thu Sep 17 05:51:40 UTC 2026","passed","Thu Sep 17 05:51:45 UTC 2026","testcases.backoffice.ListWaitingCompanyTest","Surefire test","testcases.backoffice.ListWaitingCompanyTest","listWaitingCompanyWithInvalidSortField"
"Get List Group Company BO Menggunakan Login Admin Crypto","4874","getListGroupCompanyWithAdminCryptoLogin","Surefire suite","Thu Sep 17 06:21:44 UTC 2026","passed","Thu Sep 17 06:21:49 UTC 2026","testcases.backoffice.settlement.GetListGroupCompanyTest","Surefire test","testcases.backoffice.settlement.GetListGroupCompanyTest","getListGroupCompanyWithAdminCryptoLogin"
"Add Group Backoffice Dengan Karakter SQL Injection pada name","1492","addGroupWithSqlInjectionName","Surefire suite","Thu Sep 17 05:32:34 UTC 2026","passed","Thu Sep 17 05:32:35 UTC 2026","testcases.backoffice.group.AddGroupTest","Surefire test","testcases.backoffice.group.AddGroupTest","addGroupWithSqlInjectionName"
"Inquiry Test Special Transfer Merchant","8037","inquirySpecialTransfer","Surefire suite","Thu Sep 17 03:46:33 UTC 2026","passed","Thu Sep 17 03:46:41 UTC 2026","testcases.transfer.InquirySpecialTransferTest","Surefire test","testcases.transfer.InquirySpecialTransferTest","inquirySpecialTransfer"
"Create Manage Settlement BO Menggunakan HTTP Method DELETE","4528","addManageSettlementWithDeleteMethod","Surefire suite","Thu Sep 17 06:10:13 UTC 2026","passed","Thu Sep 17 06:10:18 UTC 2026","testcases.backoffice.settlement.AddManageSettlementTest","Surefire test","testcases.backoffice.settlement.AddManageSettlementTest","addManageSettlementWithDeleteMethod"
"Get Notification Sender Menggunakan HTTP Method DELETE","4643","getNotificationSenderWithDeleteMethod","Surefire suite","Thu Sep 17 06:27:35 UTC 2026","passed","Thu Sep 17 06:27:39 UTC 2026","testcases.backoffice.notifsender.NotificationSenderTest","Surefire test","testcases.backoffice.notifsender.NotificationSenderTest","getNotificationSenderWithDeleteMethod"
"Refund Summary Dengan startDate Bukan Format Tanggal","1490","getRefundWithInvalidStartDate","Surefire suite","Thu Sep 17 05:17:35 UTC 2026","passed","Thu Sep 17 05:17:36 UTC 2026","testcases.backoffice.refund.GetRefundTest","Surefire test","testcases.backoffice.refund.GetRefundTest","getRefundWithInvalidStartDate"
"Wrong Password Login Merchant","3098","testLoginWrongPassword","Surefire suite","Thu Sep 17 03:23:48 UTC 2026","passed","Thu Sep 17 03:23:51 UTC 2026","testcases.auth.LoginTest","Surefire test","testcases.auth.LoginTest","testLoginWrongPassword"
"Get List Group Company BO Dengan Header groupName Kosong","4702","getListGroupCompanyWithEmptyGroupNameHeader","Surefire suite","Thu Sep 17 06:22:31 UTC 2026","passed","Thu Sep 17 06:22:36 UTC 2026","testcases.backoffice.settlement.GetListGroupCompanyTest","Surefire test","testcases.backoffice.settlement.GetListGroupCompanyTest","getListGroupCompanyWithEmptyGroupNameHeader"
"Transfer with Wrong Pin","24186","transferWrongPin","Surefire suite","Thu Sep 17 03:54:38 UTC 2026","passed","Thu Sep 17 03:55:02 UTC 2026","testcases.transfer.ManualTransferTest","Surefire test","testcases.transfer.ManualTransferTest","transferWrongPin"
"Refund Summary Dengan Payload XSS pada Field type","1569","getRefundWithXssType","Surefire suite","Thu Sep 17 05:19:15 UTC 2026","passed","Thu Sep 17 05:19:17 UTC 2026","testcases.backoffice.refund.GetRefundTest","Surefire test","testcases.backoffice.refund.GetRefundTest","getRefundWithXssType"
"Normal Transfer Success","7098","transferAdminCrypto","Surefire suite","Thu Sep 17 03:41:18 UTC 2026","passed","Thu Sep 17 03:41:25 UTC 2026","testcases.transfer.TransferTest","Surefire test","testcases.transfer.TransferTest","transferAdminCrypto"
"Refund Summary Dengan startDate Setelah endDate (Rentang Terbalik)","1556","getRefundWithReversedRange","Surefire suite","Thu Sep 17 05:18:40 UTC 2026","passed","Thu Sep 17 05:18:42 UTC 2026","testcases.backoffice.refund.GetRefundTest","Surefire test","testcases.backoffice.refund.GetRefundTest","getRefundWithReversedRange"
"Get History Manual Transfer Test Admin Crypto","8455","historyManualTransferTestAdminCrypto","Surefire suite","Thu Sep 17 03:31:10 UTC 2026","passed","Thu Sep 17 03:31:18 UTC 2026","testcases.history.HistoryTransferTest","Surefire test","testcases.history.HistoryTransferTest","historyManualTransferTestAdminCrypto"
"Get Notification Sender Tanpa Field pinValidasi","4552","getNotificationSenderWithoutPinValidasi","Surefire suite","Thu Sep 17 06:31:27 UTC 2026","passed","Thu Sep 17 06:31:31 UTC 2026","testcases.backoffice.notifsender.NotificationSenderTest","Surefire test","testcases.backoffice.notifsender.NotificationSenderTest","getNotificationSenderWithoutPinValidasi"
"Delete Group Backoffice Dengan id Sangat Panjang","1502","deleteGroupWithVeryLongId","Surefire suite","Thu Sep 17 05:43:08 UTC 2026","passed","Thu Sep 17 05:43:09 UTC 2026","testcases.backoffice.group.DeleteGroupTest","Surefire test","testcases.backoffice.group.DeleteGroupTest","deleteGroupWithVeryLongId"
"Approval Refund Special Transfer Merchant","9598","approveRefundSpecialTransferMerchant","Surefire suite","Thu Sep 17 05:07:54 UTC 2026","failed","Thu Sep 17 05:08:04 UTC 2026","testcases.backoffice.ApprovalRefundTest","Surefire test","testcases.backoffice.ApprovalRefundTest","approveRefundSpecialTransferMerchant"
"Get Group Detail Backoffice Menggunakan Login Merchant","4630","getGroupDetailWithMerchantLogin","Surefire suite","Thu Sep 17 05:26:55 UTC 2026","passed","Thu Sep 17 05:26:59 UTC 2026","testcases.backoffice.group.GetGroupTest","Surefire test","testcases.backoffice.group.GetGroupTest","getGroupDetailWithMerchantLogin"
"Delete Google Authenticator Dengan Token Tidak Valid","1529","deleteOtpGoogleWithInvalidToken","Surefire suite","Thu Sep 17 06:46:58 UTC 2026","passed","Thu Sep 17 06:46:59 UTC 2026","testcases.backoffice.googleauth.DeleteOtpGoogleTest","Surefire test","testcases.backoffice.googleauth.DeleteOtpGoogleTest","deleteOtpGoogleWithInvalidToken"
"Delete Manage Settlement BO Menggunakan Login Admin","4752","deleteManageSettlementWithAdminLogin","Surefire suite","Thu Sep 17 06:16:24 UTC 2026","passed","Thu Sep 17 06:16:29 UTC 2026","testcases.backoffice.settlement.DeleteManageSettlementTest","Surefire test","testcases.backoffice.settlement.DeleteManageSettlementTest","deleteManageSettlementWithAdminLogin"
"Test Get Report RRN Dispute","4812","getReportRRNAdmin","Surefire suite","Thu Sep 17 04:49:05 UTC 2026","passed","Thu Sep 17 04:49:09 UTC 2026","testcases.report.ReportTransactionTest","Surefire test","testcases.report.ReportTransactionTest","getReportRRNAdmin"
"Get Balance Company on Login Admin","5008","getBalanceCompanyAdmin","Surefire suite","Thu Sep 17 04:09:57 UTC 2026","passed","Thu Sep 17 04:10:02 UTC 2026","testcases.balance.GetBalanceQrisTest","Surefire test","testcases.balance.GetBalanceQrisTest","getBalanceCompanyAdmin"
"Delete Group Backoffice Tanpa Field name","1529","deleteGroupWithoutNameField","Surefire suite","Thu Sep 17 05:43:44 UTC 2026","passed","Thu Sep 17 05:43:46 UTC 2026","testcases.backoffice.group.DeleteGroupTest","Surefire test","testcases.backoffice.group.DeleteGroupTest","deleteGroupWithoutNameField"
"Get Notification Sender Dengan pinValidasi Salah","4968","getNotificationSenderWithWrongPinValidasi","Surefire suite","Thu Sep 17 06:30:59 UTC 2026","passed","Thu Sep 17 06:31:04 UTC 2026","testcases.backoffice.notifsender.NotificationSenderTest","Surefire test","testcases.backoffice.notifsender.NotificationSenderTest","getNotificationSenderWithWrongPinValidasi"
"Get List Group Backoffice Menggunakan Login CS Admin","4570","getListGroupWithCSAdminLogin","Surefire suite","Thu Sep 17 05:35:33 UTC 2026","passed","Thu Sep 17 05:35:38 UTC 2026","testcases.backoffice.group.GetListGroupTest","Surefire test","testcases.backoffice.group.GetListGroupTest","getListGroupWithCSAdminLogin"
"Refund Summary Menggunakan HTTP Method GET","1838","getRefundWithGetMethod","Surefire suite","Thu Sep 17 05:17:21 UTC 2026","passed","Thu Sep 17 05:17:22 UTC 2026","testcases.backoffice.refund.GetRefundTest","Surefire test","testcases.backoffice.refund.GetRefundTest","getRefundWithGetMethod"
"List Waiting Company Backoffice Dengan Content-Type text/plain","4651","listWaitingCompanyWithWrongContentType","Surefire suite","Thu Sep 17 05:52:43 UTC 2026","passed","Thu Sep 17 05:52:48 UTC 2026","testcases.backoffice.ListWaitingCompanyTest","Surefire test","testcases.backoffice.ListWaitingCompanyTest","listWaitingCompanyWithWrongContentType"
"Get History Transfer Test CS","12299","historyTransferTestCS","Surefire suite","Thu Sep 17 03:35:08 UTC 2026","passed","Thu Sep 17 03:35:21 UTC 2026","testcases.history.HistoryTransferTest","Surefire test","testcases.history.HistoryTransferTest","historyTransferTestCS"
"Add Currency CS Admin Path Dengan Bearer Token Kosong","1457","addCurrencyWithEmptyBearerToken","Surefire suite","Thu Sep 17 04:58:22 UTC 2026","passed","Thu Sep 17 04:58:23 UTC 2026","testcases.backoffice.currency.AddCurrencyTest","Surefire test","testcases.backoffice.currency.AddCurrencyTest","addCurrencyWithEmptyBearerToken"
"Mutasi Manual Transfer Balance","34553","mutasiManualTransferBalance","Surefire suite","Thu Sep 17 04:34:15 UTC 2026","passed","Thu Sep 17 04:34:49 UTC 2026","testcases.mutasi.MutasiTransferTest","Surefire test","testcases.mutasi.MutasiTransferTest","mutasiManualTransferBalance"
"List Waiting Company Backoffice Menggunakan Login Supervisor","4735","listWaitingCompanyWithSupervisorLogin","Surefire suite","Thu Sep 17 05:52:35 UTC 2026","passed","Thu Sep 17 05:52:40 UTC 2026","testcases.backoffice.ListWaitingCompanyTest","Surefire test","testcases.backoffice.ListWaitingCompanyTest","listWaitingCompanyWithSupervisorLogin"
"Add Group Backoffice Dengan Payload Persis Sama (Dikirim Dua Kali)","3015","addGroupWithDuplicatePayload","Surefire suite","Thu Sep 17 05:30:49 UTC 2026","passed","Thu Sep 17 05:30:52 UTC 2026","testcases.backoffice.group.AddGroupTest","Surefire test","testcases.backoffice.group.AddGroupTest","addGroupWithDuplicatePayload"
"List Company Backoffice Dengan Body JSON Tidak Valid (Malformed)","4549","listCompanyWithMalformedJson","Surefire suite","Thu Sep 17 05:47:44 UTC 2026","passed","Thu Sep 17 05:47:48 UTC 2026","testcases.backoffice.ListCompanyTest","Surefire test","testcases.backoffice.ListCompanyTest","listCompanyWithMalformedJson"
"Get Balance Merchant with Login Admin Crypto","4629","getFailedBalanceMerchantLoginAdminCrypto","Surefire suite","Thu Sep 17 04:10:45 UTC 2026","passed","Thu Sep 17 04:10:50 UTC 2026","testcases.balance.GetBalanceQrisTest","Surefire test","testcases.balance.GetBalanceQrisTest","getFailedBalanceMerchantLoginAdminCrypto"
"Get List Google Authenticator Menggunakan Login Supervisor","4773","listOtpGoogleWithSupervisorLogin","Surefire suite","Thu Sep 17 06:36:28 UTC 2026","passed","Thu Sep 17 06:36:33 UTC 2026","testcases.backoffice.googleauth.ListOtpGoogleTest","Surefire test","testcases.backoffice.googleauth.ListOtpGoogleTest","listOtpGoogleWithSupervisorLogin"
"Request Refund Special Transfer Merchant","4963","refundSpecialTransferMerchant","Surefire suite","Thu Sep 17 05:10:26 UTC 2026","failed","Thu Sep 17 05:10:31 UTC 2026","testcases.transfer.RefundTransferTest","Surefire test","testcases.transfer.RefundTransferTest","refundSpecialTransferMerchant"
"List Waiting Company Backoffice Tanpa Login/Header Auth","1474","listWaitingCompanyWithoutAuth","Surefire suite","Thu Sep 17 05:52:51 UTC 2026","passed","Thu Sep 17 05:52:52 UTC 2026","testcases.backoffice.ListWaitingCompanyTest","Surefire test","testcases.backoffice.ListWaitingCompanyTest","listWaitingCompanyWithoutAuth"
"Get Notification Sender Dengan Body Berupa Literal null","4608","getNotificationSenderWithNullLiteralBody","Surefire suite","Thu Sep 17 06:29:34 UTC 2026","passed","Thu Sep 17 06:29:38 UTC 2026","testcases.backoffice.notifsender.NotificationSenderTest","Surefire test","testcases.backoffice.notifsender.NotificationSenderTest","getNotificationSenderWithNullLiteralBody"
"List User Backoffice Dengan Page/Size Negatif - Menemukan Bug Gateway Timeout","4730","listUsersWithNegativePageSize","Surefire suite","Thu Sep 17 05:23:26 UTC 2026","passed","Thu Sep 17 05:23:31 UTC 2026","testcases.backoffice.users.ListUsersTest","Surefire test","testcases.backoffice.users.ListUsersTest","listUsersWithNegativePageSize"
"Get List Google Authenticator Menggunakan HTTP Method DELETE","4606","listOtpGoogleWithDeleteMethod","Surefire suite","Thu Sep 17 06:34:20 UTC 2026","passed","Thu Sep 17 06:34:24 UTC 2026","testcases.backoffice.googleauth.ListOtpGoogleTest","Surefire test","testcases.backoffice.googleauth.ListOtpGoogleTest","listOtpGoogleWithDeleteMethod"
"List Manage Settlement Backoffice Dengan Tipe Data Salah pada Field Limit (String, Bukan Integer)","4665","listManageSettlementWithInvalidFieldType","Surefire suite","Thu Sep 17 06:03:08 UTC 2026","passed","Thu Sep 17 06:03:12 UTC 2026","testcases.backoffice.settlement.ManageSettlementTest","Surefire test","testcases.backoffice.settlement.ManageSettlementTest","listManageSettlementWithInvalidFieldType"
"List Currency USDT Dengan Body Kosong ({})","1547","getCurrencyWithEmptyBody","Surefire suite","Thu Sep 17 05:02:43 UTC 2026","passed","Thu Sep 17 05:02:45 UTC 2026","testcases.backoffice.currency.GetCurrencyTest","Surefire test","testcases.backoffice.currency.GetCurrencyTest","getCurrencyWithEmptyBody"
"Add Currency CS Admin Path Dengan rate Berupa JSON Array","1601","addCurrencyWithArrayRate","Surefire suite","Thu Sep 17 04:57:43 UTC 2026","passed","Thu Sep 17 04:57:45 UTC 2026","testcases.backoffice.currency.AddCurrencyTest","Surefire test","testcases.backoffice.currency.AddCurrencyTest","addCurrencyWithArrayRate"
"Reset Password Merchant","5054","resetPasswordMerchant","Surefire suite","Thu Sep 17 06:51:56 UTC 2026","passed","Thu Sep 17 06:52:02 UTC 2026","testcases.settings.ResetPasswordTest","Surefire test","testcases.settings.ResetPasswordTest","resetPasswordMerchant"
"Get Notification Sender Dengan Field Tidak Dikenal pada Body","5143","getNotificationSenderWithUnknownField","Surefire suite","Thu Sep 17 06:30:35 UTC 2026","passed","Thu Sep 17 06:30:41 UTC 2026","testcases.backoffice.notifsender.NotificationSenderTest","Surefire test","testcases.backoffice.notifsender.NotificationSenderTest","getNotificationSenderWithUnknownField"
"Test Settlement USDT CS Admin dengan check Fee di Admin Crypto dan Admin Fee","46071","settlementUSDTCSAdmin","Surefire suite","Thu Sep 17 04:26:56 UTC 2026","passed","Thu Sep 17 04:27:42 UTC 2026","testcases.backoffice.ApprovalTransferTest","Surefire test","testcases.backoffice.ApprovalTransferTest","settlementUSDTCSAdmin"
"Resend Google Authenticator Menggunakan HTTP Method PUT","4584","resendOtpGoogleWithPutMethod","Surefire suite","Thu Sep 17 06:42:13 UTC 2026","passed","Thu Sep 17 06:42:18 UTC 2026","testcases.backoffice.googleauth.ResendOtpGoogleTest","Surefire test","testcases.backoffice.googleauth.ResendOtpGoogleTest","resendOtpGoogleWithPutMethod"
"Get History USDT Transfer Test Supervisor","8220","historyUSDTTransferTestSupervisor","Surefire suite","Thu Sep 17 03:37:10 UTC 2026","passed","Thu Sep 17 03:37:18 UTC 2026","testcases.history.HistoryTransferTest","Surefire test","testcases.history.HistoryTransferTest","historyUSDTTransferTestSupervisor"
"List Currency USDT Dengan Ukuran Halaman Sangat Besar","1929","getCurrencyWithHugeSize","Surefire suite","Thu Sep 17 05:02:57 UTC 2026","passed","Thu Sep 17 05:02:59 UTC 2026","testcases.backoffice.currency.GetCurrencyTest","Surefire test","testcases.backoffice.currency.GetCurrencyTest","getCurrencyWithHugeSize"
"Mutasi Special Transfer Balance Supervisor CS","26403","mutasiSpecialTransferBalanceSupervisorCS","Surefire suite","Thu Sep 17 04:40:10 UTC 2026","passed","Thu Sep 17 04:40:36 UTC 2026","testcases.mutasi.MutasiTransferTest","Surefire test","testcases.mutasi.MutasiTransferTest","mutasiSpecialTransferBalanceSupervisorCS"
"Get Notification Sender Tanpa Login/Header Auth","1453","getNotificationSenderWithoutAuth","Surefire suite","Thu Sep 17 06:31:07 UTC 2026","passed","Thu Sep 17 06:31:08 UTC 2026","testcases.backoffice.notifsender.NotificationSenderTest","Surefire test","testcases.backoffice.notifsender.NotificationSenderTest","getNotificationSenderWithoutAuth"
"Get Balance Merchant with Login Marketing","4684","getFailedBalanceMerchantLoginMarketing","Surefire suite","Thu Sep 17 04:10:53 UTC 2026","passed","Thu Sep 17 04:10:58 UTC 2026","testcases.balance.GetBalanceQrisTest","Surefire test","testcases.balance.GetBalanceQrisTest","getFailedBalanceMerchantLoginMarketing"
"Refund Summary Dengan Token Tidak Valid","1498","getRefundWithInvalidToken","Surefire suite","Thu Sep 17 05:17:39 UTC 2026","passed","Thu Sep 17 05:17:41 UTC 2026","testcases.backoffice.refund.GetRefundTest","Surefire test","testcases.backoffice.refund.GetRefundTest","getRefundWithInvalidToken"
"Delete Manage Settlement BO Menggunakan HTTP Method POST","4545","deleteManageSettlementWithPostMethod","Surefire suite","Thu Sep 17 06:18:24 UTC 2026","passed","Thu Sep 17 06:18:28 UTC 2026","testcases.backoffice.settlement.DeleteManageSettlementTest","Surefire test","testcases.backoffice.settlement.DeleteManageSettlementTest","deleteManageSettlementWithPostMethod"
"Login Merchant dengan Password Kosong","3163","testLoginEmptyPassword","Surefire suite","Thu Sep 17 03:22:20 UTC 2026","passed","Thu Sep 17 03:22:23 UTC 2026","testcases.auth.LoginTest","Surefire test","testcases.auth.LoginTest","testLoginEmptyPassword"
"Get List Group Backoffice Dengan Field Tidak Dikenal pada Body","1528","getListGroupWithUnknownField","Surefire suite","Thu Sep 17 05:37:34 UTC 2026","failed","Thu Sep 17 05:37:35 UTC 2026","testcases.backoffice.group.GetListGroupTest","Surefire test","testcases.backoffice.group.GetListGroupTest","getListGroupWithUnknownField"
"Transfer Different Parner Reference Supervisor, USDT Transfer to Transfer","20769","trfPartnerRefUSDTSpvFailed","Surefire suite","Thu Sep 17 03:44:31 UTC 2026","passed","Thu Sep 17 03:44:52 UTC 2026","testcases.transfer.TransferTest","Surefire test","testcases.transfer.TransferTest","trfPartnerRefUSDTSpvFailed"
"List Waiting Company Backoffice Dengan Body Berupa JSON Array ([])","4722","listWaitingCompanyWithArrayBody","Surefire suite","Thu Sep 17 05:50:53 UTC 2026","passed","Thu Sep 17 05:50:57 UTC 2026","testcases.backoffice.ListWaitingCompanyTest","Surefire test","testcases.backoffice.ListWaitingCompanyTest","listWaitingCompanyWithArrayBody"
"Get Group Detail Backoffice Menggunakan HTTP Method DELETE","4693","getGroupDetailWithDeleteMethod","Surefire suite","Thu Sep 17 05:25:54 UTC 2026","passed","Thu Sep 17 05:25:59 UTC 2026","testcases.backoffice.group.GetGroupTest","Surefire test","testcases.backoffice.group.GetGroupTest","getGroupDetailWithDeleteMethod"
"Resend Google Authenticator Dengan Header Authorization Tanpa Skema Bearer","1449","resendOtpGoogleWithMalformedAuthorizationHeader","Surefire suite","Thu Sep 17 06:40:51 UTC 2026","passed","Thu Sep 17 06:40:53 UTC 2026","testcases.backoffice.googleauth.ResendOtpGoogleTest","Surefire test","testcases.backoffice.googleauth.ResendOtpGoogleTest","resendOtpGoogleWithMalformedAuthorizationHeader"
"Success Assignment USDT","13032","assignUSDTTest","Surefire suite","Thu Sep 17 04:31:49 UTC 2026","passed","Thu Sep 17 04:32:02 UTC 2026","testcases.backoffice.TransferAssignmentTest","Surefire test","testcases.backoffice.TransferAssignmentTest","assignUSDTTest"
"Delete Manage Settlement BO Menggunakan Login Customer Service","4777","deleteManageSettlementWithCSLogin","Surefire suite","Thu Sep 17 06:16:52 UTC 2026","passed","Thu Sep 17 06:16:57 UTC 2026","testcases.backoffice.settlement.DeleteManageSettlementTest","Surefire test","testcases.backoffice.settlement.DeleteManageSettlementTest","deleteManageSettlementWithCSLogin"
"Create Manage Settlement BO Tanpa Body Sama Sekali","4579","addManageSettlementWithoutBody","Surefire suite","Thu Sep 17 06:13:27 UTC 2026","passed","Thu Sep 17 06:13:32 UTC 2026","testcases.backoffice.settlement.AddManageSettlementTest","Surefire test","testcases.backoffice.settlement.AddManageSettlementTest","addManageSettlementWithoutBody"
"Get History Manual Transfer Test Admin","11441","historyManualTransferTestFeeAdmin","Surefire suite","Thu Sep 17 03:31:36 UTC 2026","passed","Thu Sep 17 03:31:47 UTC 2026","testcases.history.HistoryTransferTest","Surefire test","testcases.history.HistoryTransferTest","historyManualTransferTestFeeAdmin"
"Reset Password Admin","7540","resetPasswordAdmin","Surefire suite","Thu Sep 17 06:50:58 UTC 2026","passed","Thu Sep 17 06:51:05 UTC 2026","testcases.settings.ResetPasswordTest","Surefire test","testcases.settings.ResetPasswordTest","resetPasswordAdmin"
"Transfer Different Partner Reference, Transfer to Manual Transfer","21308","trfPartnerRefTransferFailed","Surefire suite","Thu Sep 17 03:55:30 UTC 2026","passed","Thu Sep 17 03:55:51 UTC 2026","testcases.transfer.ManualTransferTest","Surefire test","testcases.transfer.ManualTransferTest","trfPartnerRefTransferFailed"
"Delete Google Authenticator","5361","deleteOtpGoogleBO","Surefire suite","Thu Sep 17 06:45:50 UTC 2026","passed","Thu Sep 17 06:45:55 UTC 2026","testcases.backoffice.googleauth.DeleteOtpGoogleTest","Surefire test","testcases.backoffice.googleauth.DeleteOtpGoogleTest","deleteOtpGoogleBO"
"Add Currency CS Admin Path Tanpa Field rate (Field Lain Saja)","1504","addCurrencyWithMissingRateField","Surefire suite","Thu Sep 17 04:59:14 UTC 2026","passed","Thu Sep 17 04:59:16 UTC 2026","testcases.backoffice.currency.AddCurrencyTest","Surefire test","testcases.backoffice.currency.AddCurrencyTest","addCurrencyWithMissingRateField"
"Create Manage Settlement BO Tanpa Field groupName","4743","addManageSettlementWithoutGroupName","Surefire suite","Thu Sep 17 06:13:50 UTC 2026","passed","Thu Sep 17 06:13:55 UTC 2026","testcases.backoffice.settlement.AddManageSettlementTest","Surefire test","testcases.backoffice.settlement.AddManageSettlementTest","addManageSettlementWithoutGroupName"
"List Waiting Company Backoffice Dengan Token Tidak Valid","1502","listWaitingCompanyWithInvalidToken","Surefire suite","Thu Sep 17 05:51:48 UTC 2026","passed","Thu Sep 17 05:51:49 UTC 2026","testcases.backoffice.ListWaitingCompanyTest","Surefire test","testcases.backoffice.ListWaitingCompanyTest","listWaitingCompanyWithInvalidToken"
"Get Group Backoffice Menggunakan Login Admin Crypto","4852","getGroupWithAdminCryptoLogin","Surefire suite","Thu Sep 17 04:15:00 UTC 2026","passed","Thu Sep 17 04:15:05 UTC 2026","testcases.backoffice.GetDashboardTest","Surefire test","testcases.backoffice.GetDashboardTest","getGroupWithAdminCryptoLogin"
"Transfer Different Partner Reference, Transfer to Special Transfer","20810","trfPartnerRefTransferFailed","Surefire suite","Thu Sep 17 03:49:32 UTC 2026","passed","Thu Sep 17 03:49:52 UTC 2026","testcases.transfer.SpecialTransferTest","Surefire test","testcases.transfer.SpecialTransferTest","trfPartnerRefTransferFailed"
"Mutasi Manual Transfer Balance CS","35013","mutasiManualTransferBalanceSupervisorCS","Surefire suite","Thu Sep 17 04:36:07 UTC 2026","passed","Thu Sep 17 04:36:42 UTC 2026","testcases.mutasi.MutasiTransferTest","Surefire test","testcases.mutasi.MutasiTransferTest","mutasiManualTransferBalanceSupervisorCS"
"Resend Google Authenticator Menggunakan HTTP Method GET","4785","resendOtpGoogleWithGetMethod","Surefire suite","Thu Sep 17 06:40:39 UTC 2026","passed","Thu Sep 17 06:40:44 UTC 2026","testcases.backoffice.googleauth.ResendOtpGoogleTest","Surefire test","testcases.backoffice.googleauth.ResendOtpGoogleTest","resendOtpGoogleWithGetMethod"
"Refund Summary Menggunakan Login Supervisor","4651","getRefundWithSupervisorLogin","Surefire suite","Thu Sep 17 05:18:49 UTC 2026","passed","Thu Sep 17 05:18:54 UTC 2026","testcases.backoffice.refund.GetRefundTest","Surefire test","testcases.backoffice.refund.GetRefundTest","getRefundWithSupervisorLogin"
"Generate QR Success with before and after Balance","12227","generateQRTestPaidBalance","Surefire suite","Thu Sep 17 04:08:23 UTC 2026","passed","Thu Sep 17 04:08:35 UTC 2026","testcases.QR.GenerateQRPaidTest","Surefire test","testcases.QR.GenerateQRPaidTest","generateQRTestPaidBalance"
"Generate QR Success with Fee Admin","36580","generateQRBalanceFeeAdmin","Surefire suite","Thu Sep 17 04:07:12 UTC 2026","passed","Thu Sep 17 04:07:48 UTC 2026","testcases.QR.GenerateQRPaidTest","Surefire test","testcases.QR.GenerateQRPaidTest","generateQRBalanceFeeAdmin"
"Get List Google Authenticator Menggunakan Login Customer Service","4679","listOtpGoogleWithCSLogin","Surefire suite","Thu Sep 17 06:34:12 UTC 2026","passed","Thu Sep 17 06:34:17 UTC 2026","testcases.backoffice.googleauth.ListOtpGoogleTest","Surefire test","testcases.backoffice.googleauth.ListOtpGoogleTest","listOtpGoogleWithCSLogin"
"Test Get Report Company Merchant","5201","getReportCompanyAdmin","Surefire suite","Thu Sep 17 04:48:46 UTC 2026","passed","Thu Sep 17 04:48:52 UTC 2026","testcases.report.ReportTransactionTest","Surefire test","testcases.report.ReportTransactionTest","getReportCompanyAdmin"
"Get Notification Sender Dengan Content-Type text/plain","4618","getNotificationSenderWithWrongContentType","Surefire suite","Thu Sep 17 06:30:44 UTC 2026","passed","Thu Sep 17 06:30:48 UTC 2026","testcases.backoffice.notifsender.NotificationSenderTest","Surefire test","testcases.backoffice.notifsender.NotificationSenderTest","getNotificationSenderWithWrongContentType"
"Add Currency CS Admin Path Menggunakan HTTP Method DELETE","1522","addCurrencyWithDeleteMethod","Surefire suite","Thu Sep 17 04:58:13 UTC 2026","passed","Thu Sep 17 04:58:14 UTC 2026","testcases.backoffice.currency.AddCurrencyTest","Surefire test","testcases.backoffice.currency.AddCurrencyTest","addCurrencyWithDeleteMethod"
"Delete Manage Settlement BO Menggunakan Login Merchant","4975","deleteManageSettlementWithMerchantLogin","Surefire suite","Thu Sep 17 06:17:53 UTC 2026","passed","Thu Sep 17 06:17:58 UTC 2026","testcases.backoffice.settlement.DeleteManageSettlementTest","Surefire test","testcases.backoffice.settlement.DeleteManageSettlementTest","deleteManageSettlementWithMerchantLogin"
"Mutasi Transfer Supervisor CS","11565","mutasiTransferSupervisorCS","Surefire suite","Thu Sep 17 04:43:41 UTC 2026","passed","Thu Sep 17 04:43:53 UTC 2026","testcases.mutasi.MutasiTransferTest","Surefire test","testcases.mutasi.MutasiTransferTest","mutasiTransferSupervisorCS"
"Get Notification Sender Dengan Token Kadaluarsa","1566","getNotificationSenderWithExpiredToken","Surefire suite","Thu Sep 17 06:27:58 UTC 2026","passed","Thu Sep 17 06:27:59 UTC 2026","testcases.backoffice.notifsender.NotificationSenderTest","Surefire test","testcases.backoffice.notifsender.NotificationSenderTest","getNotificationSenderWithExpiredToken"
"List Company Backoffice Dengan Body Kosong ({})","5143","listCompanyWithEmptyBody","Surefire suite","Thu Sep 17 05:46:53 UTC 2026","passed","Thu Sep 17 05:46:58 UTC 2026","testcases.backoffice.ListCompanyTest","Surefire test","testcases.backoffice.ListCompanyTest","listCompanyWithEmptyBody"
"Get List Group Backoffice Menggunakan Login Admin","4715","getListGroupWithAdminLogin","Surefire suite","Thu Sep 17 05:35:18 UTC 2026","passed","Thu Sep 17 05:35:23 UTC 2026","testcases.backoffice.group.GetListGroupTest","Surefire test","testcases.backoffice.group.GetListGroupTest","getListGroupWithAdminLogin"
"Inquiry Test Manual Transfer Merchant","11066","inquiryManualTransfer","Surefire suite","Thu Sep 17 03:52:26 UTC 2026","passed","Thu Sep 17 03:52:37 UTC 2026","testcases.transfer.InquiryManualTransferTest","Surefire test","testcases.transfer.InquiryManualTransferTest","inquiryManualTransfer"
"Mutasi USDT Transfer","36798","mutasiUSDTTransfer","Surefire suite","Thu Sep 17 04:43:56 UTC 2026","passed","Thu Sep 17 04:44:33 UTC 2026","testcases.mutasi.MutasiTransferTest","Surefire test","testcases.mutasi.MutasiTransferTest","mutasiUSDTTransfer"
"List User Backoffice Menggunakan Login Supervisor","4651","listUsersWithSupervisorLogin","Surefire suite","Thu Sep 17 05:23:42 UTC 2026","passed","Thu Sep 17 05:23:46 UTC 2026","testcases.backoffice.users.ListUsersTest","Surefire test","testcases.backoffice.users.ListUsersTest","listUsersWithSupervisorLogin"
"Refund Summary Tanpa Login/Header Auth","1463","getRefundWithoutAuth","Surefire suite","Thu Sep 17 05:19:20 UTC 2026","passed","Thu Sep 17 05:19:21 UTC 2026","testcases.backoffice.refund.GetRefundTest","Surefire test","testcases.backoffice.refund.GetRefundTest","getRefundWithoutAuth"
"Mutasi USDT Transfer CS","27607","mutasiUSDTTransferCS","Surefire suite","Thu Sep 17 04:46:24 UTC 2026","passed","Thu Sep 17 04:46:52 UTC 2026","testcases.mutasi.MutasiTransferTest","Surefire test","testcases.mutasi.MutasiTransferTest","mutasiUSDTTransferCS"
"List Company Backoffice Tanpa Body Sama Sekali","5223","listCompanyWithoutBody","Surefire suite","Thu Sep 17 05:48:42 UTC 2026","passed","Thu Sep 17 05:48:47 UTC 2026","testcases.backoffice.ListCompanyTest","Surefire test","testcases.backoffice.ListCompanyTest","listCompanyWithoutBody"
"Get Notification Sender Dengan Sort Tanpa Operator '=='","4652","getNotificationSenderWithMalformedSortOperator","Surefire suite","Thu Sep 17 06:29:03 UTC 2026","passed","Thu Sep 17 06:29:08 UTC 2026","testcases.backoffice.notifsender.NotificationSenderTest","Surefire test","testcases.backoffice.notifsender.NotificationSenderTest","getNotificationSenderWithMalformedSortOperator"
"Refund Summary Menggunakan Login CS Admin","4875","getRefundWithCSAdminLogin","Surefire suite","Thu Sep 17 05:16:42 UTC 2026","passed","Thu Sep 17 05:16:47 UTC 2026","testcases.backoffice.refund.GetRefundTest","Surefire test","testcases.backoffice.refund.GetRefundTest","getRefundWithCSAdminLogin"
"Get List Group Company BO Dengan Multiple Header groupName","4652","getListGroupCompanyWithMultipleGroupNameHeaders","Surefire suite","Thu Sep 17 06:23:08 UTC 2026","passed","Thu Sep 17 06:23:13 UTC 2026","testcases.backoffice.settlement.GetListGroupCompanyTest","Surefire test","testcases.backoffice.settlement.GetListGroupCompanyTest","getListGroupCompanyWithMultipleGroupNameHeaders"
"Delete Group Backoffice Dengan Token Backoffice Valid Tapi Tanpa Header pbyv","1555","deleteGroupWithoutPbyvHeader","Surefire suite","Thu Sep 17 05:43:49 UTC 2026","passed","Thu Sep 17 05:43:50 UTC 2026","testcases.backoffice.group.DeleteGroupTest","Surefire test","testcases.backoffice.group.DeleteGroupTest","deleteGroupWithoutPbyvHeader"
"List Manage Settlement Backoffice Dengan Body Kosong ({})","4741","listManageSettlementWithEmptyBody","Surefire suite","Thu Sep 17 06:02:39 UTC 2026","passed","Thu Sep 17 06:02:43 UTC 2026","testcases.backoffice.settlement.ManageSettlementTest","Surefire test","testcases.backoffice.settlement.ManageSettlementTest","listManageSettlementWithEmptyBody"
"Login Merchant dengan Captcha Salah","2975","testLoginWrongCaptcha","Surefire suite","Thu Sep 17 03:23:42 UTC 2026","passed","Thu Sep 17 03:23:45 UTC 2026","testcases.auth.LoginTest","Surefire test","testcases.auth.LoginTest","testLoginWrongCaptcha"
"Delete Group Backoffice Tanpa Field id","1593","deleteGroupWithoutIdField","Surefire suite","Thu Sep 17 05:43:39 UTC 2026","passed","Thu Sep 17 05:43:41 UTC 2026","testcases.backoffice.group.DeleteGroupTest","Surefire test","testcases.backoffice.group.DeleteGroupTest","deleteGroupWithoutIdField"
"Get Group Detail Backoffice Menggunakan Login CS Admin","4789","getGroupDetailWithCSAdminLogin","Surefire suite","Thu Sep 17 05:25:46 UTC 2026","passed","Thu Sep 17 05:25:51 UTC 2026","testcases.backoffice.group.GetGroupTest","Surefire test","testcases.backoffice.group.GetGroupTest","getGroupDetailWithCSAdminLogin"
"Mutasi Special Transfer Balance Supervisor","26546","mutasiSpecialTransferBalanceSupervisor","Surefire suite","Thu Sep 17 04:39:40 UTC 2026","passed","Thu Sep 17 04:40:07 UTC 2026","testcases.mutasi.MutasiTransferTest","Surefire test","testcases.mutasi.MutasiTransferTest","mutasiSpecialTransferBalanceSupervisor"
"Create Manage Settlement BO Menggunakan Login Marketing","4610","addManageSettlementWithMarketingLogin","Surefire suite","Thu Sep 17 06:11:42 UTC 2026","passed","Thu Sep 17 06:11:47 UTC 2026","testcases.backoffice.settlement.AddManageSettlementTest","Surefire test","testcases.backoffice.settlement.AddManageSettlementTest","addManageSettlementWithMarketingLogin"
"Get Detail Waiting Company Backoffice Dengan Id Berisi Karakter SQL Injection","4606","getDetailWaitingCompanyWithSqlInjectionId","Surefire suite","Thu Sep 17 05:57:44 UTC 2026","passed","Thu Sep 17 05:57:49 UTC 2026","testcases.backoffice.GetDetailWaitingCompanyTest","Surefire test","testcases.backoffice.GetDetailWaitingCompanyTest","getDetailWaitingCompanyWithSqlInjectionId"
"Get History QR","7541","historyQRTest","Surefire suite","Thu Sep 17 03:26:02 UTC 2026","passed","Thu Sep 17 03:26:10 UTC 2026","testcases.history.HistoryQRTest","Surefire test","testcases.history.HistoryQRTest","historyQRTest"
"Mutasi Transfer","8339","mutasiTransfer","Surefire suite","Thu Sep 17 04:41:53 UTC 2026","passed","Thu Sep 17 04:42:01 UTC 2026","testcases.mutasi.MutasiTransferTest","Surefire test","testcases.mutasi.MutasiTransferTest","mutasiTransfer"
"Create Manage Settlement BO Menggunakan HTTP Method PUT","5045","addManageSettlementWithPutMethod","Surefire suite","Thu Sep 17 06:12:36 UTC 2026","passed","Thu Sep 17 06:12:41 UTC 2026","testcases.backoffice.settlement.AddManageSettlementTest","Surefire test","testcases.backoffice.settlement.AddManageSettlementTest","addManageSettlementWithPutMethod"
"Get Notification Sender Dengan Body Berupa JSON Array ([])","4566","getNotificationSenderWithArrayBody","Surefire suite","Thu Sep 17 06:27:12 UTC 2026","passed","Thu Sep 17 06:27:16 UTC 2026","testcases.backoffice.notifsender.NotificationSenderTest","Surefire test","testcases.backoffice.notifsender.NotificationSenderTest","getNotificationSenderWithArrayBody"
"Get Notification Sender","8976","getNotificationSender","Surefire suite","Thu Sep 17 06:26:44 UTC 2026","passed","Thu Sep 17 06:26:53 UTC 2026","testcases.backoffice.notifsender.NotificationSenderTest","Surefire test","testcases.backoffice.notifsender.NotificationSenderTest","getNotificationSender"
"Get List Group Backoffice Dengan Field sort Tidak Valid","1670","getListGroupWithInvalidSortField","Surefire suite","Thu Sep 17 05:36:11 UTC 2026","passed","Thu Sep 17 05:36:13 UTC 2026","testcases.backoffice.group.GetListGroupTest","Surefire test","testcases.backoffice.group.GetListGroupTest","getListGroupWithInvalidSortField"
"Edit User Backoffice","4833","editUserBackoffice","Surefire suite","Thu Sep 17 04:55:24 UTC 2026","passed","Thu Sep 17 04:55:29 UTC 2026","testcases.backoffice.users.EditUserTest","Surefire test","testcases.backoffice.users.EditUserTest","editUserBackoffice"
"List Refund Menggunakan Login Supervisor","4666","listRefundWithSupervisorLogin","Surefire suite","Thu Sep 17 05:14:32 UTC 2026","passed","Thu Sep 17 05:14:37 UTC 2026","testcases.backoffice.ListRefundTest","Surefire test","testcases.backoffice.ListRefundTest","listRefundWithSupervisorLogin"
"Resend Google Authenticator Dengan Token Backoffice Valid Tapi Tanpa Header pbyv","4468","resendOtpGoogleWithoutPbyvHeader","Surefire suite","Thu Sep 17 06:43:20 UTC 2026","passed","Thu Sep 17 06:43:24 UTC 2026","testcases.backoffice.googleauth.ResendOtpGoogleTest","Surefire test","testcases.backoffice.googleauth.ResendOtpGoogleTest","resendOtpGoogleWithoutPbyvHeader"
"Get History QR Supervisor Success Paid","11300","historyQRTestPaidSupervisor","Surefire suite","Thu Sep 17 03:27:20 UTC 2026","passed","Thu Sep 17 03:27:31 UTC 2026","testcases.history.HistoryQRTest","Surefire test","testcases.history.HistoryQRTest","historyQRTestPaidSupervisor"
"Get List Group Backoffice Menggunakan Login Marketing","4768","getListGroupWithMarketingLogin","Surefire suite","Thu Sep 17 05:36:30 UTC 2026","passed","Thu Sep 17 05:36:35 UTC 2026","testcases.backoffice.group.GetListGroupTest","Surefire test","testcases.backoffice.group.GetListGroupTest","getListGroupWithMarketingLogin"
"Refund Summary Tanpa Field endDate","1501","getRefundWithoutEndDate","Surefire suite","Thu Sep 17 05:19:29 UTC 2026","passed","Thu Sep 17 05:19:30 UTC 2026","testcases.backoffice.refund.GetRefundTest","Surefire test","testcases.backoffice.refund.GetRefundTest","getRefundWithoutEndDate"
"List Currency USDT Dengan Page/Size Negatif","1644","getCurrencyWithNegativePageSize","Surefire suite","Thu Sep 17 05:03:46 UTC 2026","passed","Thu Sep 17 05:03:48 UTC 2026","testcases.backoffice.currency.GetCurrencyTest","Surefire test","testcases.backoffice.currency.GetCurrencyTest","getCurrencyWithNegativePageSize"
"Get List Group Backoffice Menggunakan Login Supervisor","4606","getListGroupWithSupervisorLogin","Surefire suite","Thu Sep 17 05:37:26 UTC 2026","passed","Thu Sep 17 05:37:31 UTC 2026","testcases.backoffice.group.GetListGroupTest","Surefire test","testcases.backoffice.group.GetListGroupTest","getListGroupWithSupervisorLogin"
"Get Detail User Backoffice Tanpa User Id (Path Kosong) - Menemukan Bug Bad Gateway","5351","getUsersWithEmptyId","Surefire suite","Thu Sep 17 05:21:23 UTC 2026","passed","Thu Sep 17 05:21:28 UTC 2026","testcases.backoffice.users.ListUsersTest","Surefire test","testcases.backoffice.users.ListUsersTest","getUsersWithEmptyId"
"Add Currency CS Admin Path Menggunakan Login Backoffice","4675","addCurrencyWithBackofficeLogin","Surefire suite","Thu Sep 17 04:57:48 UTC 2026","passed","Thu Sep 17 04:57:53 UTC 2026","testcases.backoffice.currency.AddCurrencyTest","Surefire test","testcases.backoffice.currency.AddCurrencyTest","addCurrencyWithBackofficeLogin"
"List Currency USDT Dengan Body JSON Tidak Valid (Malformed)","1457","getCurrencyWithMalformedJson","Surefire suite","Thu Sep 17 05:03:20 UTC 2026","passed","Thu Sep 17 05:03:22 UTC 2026","testcases.backoffice.currency.GetCurrencyTest","Surefire test","testcases.backoffice.currency.GetCurrencyTest","getCurrencyWithMalformedJson"
"Delete Google Authenticator Menggunakan Login Supervisor","4676","deleteOtpGoogleWithSupervisorLogin","Surefire suite","Thu Sep 17 06:48:16 UTC 2026","passed","Thu Sep 17 06:48:20 UTC 2026","testcases.backoffice.googleauth.DeleteOtpGoogleTest","Surefire test","testcases.backoffice.googleauth.DeleteOtpGoogleTest","deleteOtpGoogleWithSupervisorLogin"
"Mutasi Transfer Balance","11018","mutasiTransferBalance","Surefire suite","Thu Sep 17 04:42:15 UTC 2026","passed","Thu Sep 17 04:42:26 UTC 2026","testcases.mutasi.MutasiTransferTest","Surefire test","testcases.mutasi.MutasiTransferTest","mutasiTransferBalance"
"Refund Summary Tanpa Field type","1608","getRefundWithoutType","Surefire suite","Thu Sep 17 05:19:43 UTC 2026","passed","Thu Sep 17 05:19:44 UTC 2026","testcases.backoffice.refund.GetRefundTest","Surefire test","testcases.backoffice.refund.GetRefundTest","getRefundWithoutType"
"Resend Google Authenticator Menggunakan Login Admin Crypto","4747","resendOtpGoogleWithAdminCryptoLogin","Surefire suite","Thu Sep 17 06:39:32 UTC 2026","passed","Thu Sep 17 06:39:37 UTC 2026","testcases.backoffice.googleauth.ResendOtpGoogleTest","Surefire test","testcases.backoffice.googleauth.ResendOtpGoogleTest","resendOtpGoogleWithAdminCryptoLogin"
"List User Backoffice","5004","listUsersBO","Surefire suite","Thu Sep 17 05:22:04 UTC 2026","passed","Thu Sep 17 05:22:09 UTC 2026","testcases.backoffice.users.ListUsersTest","Surefire test","testcases.backoffice.users.ListUsersTest","listUsersBO"
"Get Balance Merchant with Login Admin Crypto","4835","getBalanceAdminLoginAdminCrypto","Surefire suite","Thu Sep 17 04:09:50 UTC 2026","passed","Thu Sep 17 04:09:54 UTC 2026","testcases.balance.GetBalanceQrisTest","Surefire test","testcases.balance.GetBalanceQrisTest","getBalanceAdminLoginAdminCrypto"
"Resend Google Authenticator Menggunakan Login Marketing","5740","resendOtpGoogleWithMarketingLogin","Surefire suite","Thu Sep 17 06:41:11 UTC 2026","passed","Thu Sep 17 06:41:17 UTC 2026","testcases.backoffice.googleauth.ResendOtpGoogleTest","Surefire test","testcases.backoffice.googleauth.ResendOtpGoogleTest","resendOtpGoogleWithMarketingLogin"
"Success Assignment USDT Supervisor","12936","assignUSDTSupervisorTest","Surefire suite","Thu Sep 17 04:31:33 UTC 2026","passed","Thu Sep 17 04:31:46 UTC 2026","testcases.backoffice.TransferAssignmentTest","Surefire test","testcases.backoffice.TransferAssignmentTest","assignUSDTSupervisorTest"
"List Currency USDT Dengan Body Berupa JSON Array ([])","4529","getCurrencyWithArrayBody","Surefire suite","Thu Sep 17 05:02:14 UTC 2026","passed","Thu Sep 17 05:02:19 UTC 2026","testcases.backoffice.currency.GetCurrencyTest","Surefire test","testcases.backoffice.currency.GetCurrencyTest","getCurrencyWithArrayBody"
"Get Notification Sender Dengan pinValidasi Berupa null","4534","getNotificationSenderWithNullPinValidasi","Surefire suite","Thu Sep 17 06:29:41 UTC 2026","passed","Thu Sep 17 06:29:46 UTC 2026","testcases.backoffice.notifsender.NotificationSenderTest","Surefire test","testcases.backoffice.notifsender.NotificationSenderTest","getNotificationSenderWithNullPinValidasi"
"Get Notification Sender Dengan Body Kosong ({})","4578","getNotificationSenderWithEmptyBody","Surefire suite","Thu Sep 17 06:27:42 UTC 2026","passed","Thu Sep 17 06:27:47 UTC 2026","testcases.backoffice.notifsender.NotificationSenderTest","Surefire test","testcases.backoffice.notifsender.NotificationSenderTest","getNotificationSenderWithEmptyBody"
"Create Manage Settlement BO Menggunakan Login Merchant","4618","addManageSettlementWithMerchantLogin","Surefire suite","Thu Sep 17 06:11:50 UTC 2026","passed","Thu Sep 17 06:11:55 UTC 2026","testcases.backoffice.settlement.AddManageSettlementTest","Surefire test","testcases.backoffice.settlement.AddManageSettlementTest","addManageSettlementWithMerchantLogin"
"Get Detail User Backoffice Dengan User Id yang Tidak Ada","4816","getUsersWithNonExistentId","Surefire suite","Thu Sep 17 05:21:51 UTC 2026","passed","Thu Sep 17 05:21:56 UTC 2026","testcases.backoffice.users.ListUsersTest","Surefire test","testcases.backoffice.users.ListUsersTest","getUsersWithNonExistentId"
"Get List Group Company BO Menggunakan HTTP Method POST","4745","getListGroupCompanyWithPostMethod","Surefire suite","Thu Sep 17 06:23:39 UTC 2026","passed","Thu Sep 17 06:23:44 UTC 2026","testcases.backoffice.settlement.GetListGroupCompanyTest","Surefire test","testcases.backoffice.settlement.GetListGroupCompanyTest","getListGroupCompanyWithPostMethod"
"Get History Flop Transfer Supervisor on Login CS Admin","12674","historyFlopTransferSupervisorTestCSAdmin","Surefire suite","Thu Sep 17 03:28:50 UTC 2026","passed","Thu Sep 17 03:29:02 UTC 2026","testcases.history.HistoryTransferTest","Surefire test","testcases.history.HistoryTransferTest","historyFlopTransferSupervisorTestCSAdmin"
"Get List Group Backoffice Dengan size Negatif","1643","getListGroupWithNegativeSize","Surefire suite","Thu Sep 17 05:36:50 UTC 2026","passed","Thu Sep 17 05:36:51 UTC 2026","testcases.backoffice.group.GetListGroupTest","Surefire test","testcases.backoffice.group.GetListGroupTest","getListGroupWithNegativeSize"
"Add Group Backoffice Tanpa Field name","1602","addGroupWithoutNameField","Surefire suite","Thu Sep 17 05:33:27 UTC 2026","passed","Thu Sep 17 05:33:28 UTC 2026","testcases.backoffice.group.AddGroupTest","Surefire test","testcases.backoffice.group.AddGroupTest","addGroupWithoutNameField"
"Get List Group Backoffice Dengan Token Backoffice Valid Tapi Tanpa Header pbyv","1466","getListGroupWithoutPbyvHeader","Surefire suite","Thu Sep 17 05:38:10 UTC 2026","passed","Thu Sep 17 05:38:11 UTC 2026","testcases.backoffice.group.GetListGroupTest","Surefire test","testcases.backoffice.group.GetListGroupTest","getListGroupWithoutPbyvHeader"
"Delete Google Authenticator Menggunakan Login Admin","4709","deleteOtpGoogleWithAdminLogin","Surefire suite","Thu Sep 17 06:46:07 UTC 2026","passed","Thu Sep 17 06:46:12 UTC 2026","testcases.backoffice.googleauth.DeleteOtpGoogleTest","Surefire test","testcases.backoffice.googleauth.DeleteOtpGoogleTest","deleteOtpGoogleWithAdminLogin"
"Get List Group Backoffice Dengan enablePage Bertipe String","1552","getListGroupWithEnablePageAsString","Surefire suite","Thu Sep 17 05:35:58 UTC 2026","passed","Thu Sep 17 05:35:59 UTC 2026","testcases.backoffice.group.GetListGroupTest","Surefire test","testcases.backoffice.group.GetListGroupTest","getListGroupWithEnablePageAsString"
"Mutasi Transfer Supervisor Balance CS","13317","mutasiTransferSupervisorBalanceCS","Surefire suite","Thu Sep 17 04:43:25 UTC 2026","passed","Thu Sep 17 04:43:38 UTC 2026","testcases.mutasi.MutasiTransferTest","Surefire test","testcases.mutasi.MutasiTransferTest","mutasiTransferSupervisorBalanceCS"
"Get List Google Authenticator Dengan Field Sort Merujuk ke Kolom yang Tidak Ada","4642","listOtpGoogleWithInvalidSortField","Surefire suite","Thu Sep 17 06:35:03 UTC 2026","passed","Thu Sep 17 06:35:07 UTC 2026","testcases.backoffice.googleauth.ListOtpGoogleTest","Surefire test","testcases.backoffice.googleauth.ListOtpGoogleTest","listOtpGoogleWithInvalidSortField"
"Delete Google Authenticator Menggunakan HTTP Method PATCH","4535","deleteOtpGoogleWithPatchMethod","Surefire suite","Thu Sep 17 06:47:45 UTC 2026","passed","Thu Sep 17 06:47:50 UTC 2026","testcases.backoffice.googleauth.DeleteOtpGoogleTest","Surefire test","testcases.backoffice.googleauth.DeleteOtpGoogleTest","deleteOtpGoogleWithPatchMethod"
"Get Detail Waiting Company Backoffice Menggunakan Login Supervisor","5631","getDetailWaitingCompanyWithSupervisorLogin","Surefire suite","Thu Sep 17 05:57:52 UTC 2026","passed","Thu Sep 17 05:57:58 UTC 2026","testcases.backoffice.GetDetailWaitingCompanyTest","Surefire test","testcases.backoffice.GetDetailWaitingCompanyTest","getDetailWaitingCompanyWithSupervisorLogin"
"Delete Group Backoffice Menggunakan Login Admin Crypto","4650","deleteGroupWithAdminCryptoLogin","Surefire suite","Thu Sep 17 05:40:33 UTC 2026","passed","Thu Sep 17 05:40:38 UTC 2026","testcases.backoffice.group.DeleteGroupTest","Surefire test","testcases.backoffice.group.DeleteGroupTest","deleteGroupWithAdminCryptoLogin"
"","5104","generateQRCode","Surefire suite","Thu Sep 17 03:38:16 UTC 2026","passed","Thu Sep 17 03:38:21 UTC 2026","testcases.QR.GenerateQRTest","Surefire test","testcases.QR.GenerateQRTest","generateQRCode"
"Add Currency USDT Backoffice","11011","addCurrencyBO","Surefire suite","Thu Sep 17 04:56:58 UTC 2026","passed","Thu Sep 17 04:57:09 UTC 2026","testcases.backoffice.currency.AddCurrencyTest","Surefire test","testcases.backoffice.currency.AddCurrencyTest","addCurrencyBO"
"Add Currency CS Admin Path Menggunakan Login Supervisor","4801","addCurrencyWithSupervisorLogin","Surefire suite","Thu Sep 17 04:59:56 UTC 2026","passed","Thu Sep 17 05:00:01 UTC 2026","testcases.backoffice.currency.AddCurrencyTest","Surefire test","testcases.backoffice.currency.AddCurrencyTest","addCurrencyWithSupervisorLogin"
"Get History USDT Transfer Test Admin","11421","historyUSDTTransferTestFeeAdmin","Surefire suite","Thu Sep 17 03:36:55 UTC 2026","passed","Thu Sep 17 03:37:07 UTC 2026","testcases.history.HistoryTransferTest","Surefire test","testcases.history.HistoryTransferTest","historyUSDTTransferTestFeeAdmin"
"Get Group Detail Backoffice Menggunakan Login Supervisor","4562","getGroupDetailWithSupervisorLogin","Surefire suite","Thu Sep 17 05:27:49 UTC 2026","passed","Thu Sep 17 05:27:53 UTC 2026","testcases.backoffice.group.GetGroupTest","Surefire test","testcases.backoffice.group.GetGroupTest","getGroupDetailWithSupervisorLogin"
"Test Get Report Transaction CS","4726","getReportTransactionCS","Surefire suite","Thu Sep 17 04:49:20 UTC 2026","passed","Thu Sep 17 04:49:25 UTC 2026","testcases.report.ReportTransactionTest","Surefire test","testcases.report.ReportTransactionTest","getReportTransactionCS"
"Resend Google Authenticator Dengan Body Kosong ({}) - Tanpa email","4778","resendOtpGoogleWithEmptyBody","Surefire suite","Thu Sep 17 06:40:19 UTC 2026","passed","Thu Sep 17 06:40:24 UTC 2026","testcases.backoffice.googleauth.ResendOtpGoogleTest","Surefire test","testcases.backoffice.googleauth.ResendOtpGoogleTest","resendOtpGoogleWithEmptyBody"
"Get Dashboard Backoffice Menggunakan Login CS Admin","4716","getDashboardWithCSAdminLogin","Surefire suite","Thu Sep 17 04:14:04 UTC 2026","passed","Thu Sep 17 04:14:09 UTC 2026","testcases.backoffice.GetDashboardTest","Surefire test","testcases.backoffice.GetDashboardTest","getDashboardWithCSAdminLogin"
"Delete Google Authenticator Menggunakan Login Merchant","4639","deleteOtpGoogleWithMerchantLogin","Surefire suite","Thu Sep 17 06:47:22 UTC 2026","passed","Thu Sep 17 06:47:27 UTC 2026","testcases.backoffice.googleauth.DeleteOtpGoogleTest","Surefire test","testcases.backoffice.googleauth.DeleteOtpGoogleTest","deleteOtpGoogleWithMerchantLogin"
"Resend Google Authenticator Menggunakan Login Supervisor","4601","resendOtpGoogleWithSupervisorLogin","Surefire suite","Thu Sep 17 06:42:29 UTC 2026","passed","Thu Sep 17 06:42:33 UTC 2026","testcases.backoffice.googleauth.ResendOtpGoogleTest","Surefire test","testcases.backoffice.googleauth.ResendOtpGoogleTest","resendOtpGoogleWithSupervisorLogin"
"Get List Google Authenticator Dengan Token Kadaluarsa","1554","listOtpGoogleWithExpiredToken","Surefire suite","Thu Sep 17 06:34:35 UTC 2026","passed","Thu Sep 17 06:34:37 UTC 2026","testcases.backoffice.googleauth.ListOtpGoogleTest","Surefire test","testcases.backoffice.googleauth.ListOtpGoogleTest","listOtpGoogleWithExpiredToken"
"Get List Google Authenticator Dengan Content-Type text/plain","4493","listOtpGoogleWithWrongContentType","Surefire suite","Thu Sep 17 06:36:44 UTC 2026","passed","Thu Sep 17 06:36:48 UTC 2026","testcases.backoffice.googleauth.ListOtpGoogleTest","Surefire test","testcases.backoffice.googleauth.ListOtpGoogleTest","listOtpGoogleWithWrongContentType"
"List Manage Settlement Backoffice Dengan Token Tidak Valid","1466","listManageSettlementWithInvalidToken","Surefire suite","Thu Sep 17 06:03:23 UTC 2026","passed","Thu Sep 17 06:03:25 UTC 2026","testcases.backoffice.settlement.ManageSettlementTest","Surefire test","testcases.backoffice.settlement.ManageSettlementTest","listManageSettlementWithInvalidToken"
"List Manage Settlement Backoffice Dengan Sort Tanpa Operator '=='","4666","listManageSettlementWithMalformedSortOperator","Surefire suite","Thu Sep 17 06:03:40 UTC 2026","passed","Thu Sep 17 06:03:44 UTC 2026","testcases.backoffice.settlement.ManageSettlementTest","Surefire test","testcases.backoffice.settlement.ManageSettlementTest","listManageSettlementWithMalformedSortOperator"
"Login Merchant dengan Username Tidak Terdaftar","2982","testLoginNonExistentUsername","Surefire suite","Thu Sep 17 03:23:03 UTC 2026","passed","Thu Sep 17 03:23:06 UTC 2026","testcases.auth.LoginTest","Surefire test","testcases.auth.LoginTest","testLoginNonExistentUsername"
"Get Notification Sender Dengan Token Tidak Valid","1573","getNotificationSenderWithInvalidToken","Surefire suite","Thu Sep 17 06:28:46 UTC 2026","passed","Thu Sep 17 06:28:48 UTC 2026","testcases.backoffice.notifsender.NotificationSenderTest","Surefire test","testcases.backoffice.notifsender.NotificationSenderTest","getNotificationSenderWithInvalidToken"
"List Refund Tanpa Body Sama Sekali","4556","listRefundWithoutBody","Surefire suite","Thu Sep 17 05:14:44 UTC 2026","passed","Thu Sep 17 05:14:49 UTC 2026","testcases.backoffice.ListRefundTest","Surefire test","testcases.backoffice.ListRefundTest","listRefundWithoutBody"
"List Currency USDT Dengan Token Tidak Valid","1460","getCurrencyWithInvalidToken","Surefire suite","Thu Sep 17 05:03:11 UTC 2026","passed","Thu Sep 17 05:03:13 UTC 2026","testcases.backoffice.currency.GetCurrencyTest","Surefire test","testcases.backoffice.currency.GetCurrencyTest","getCurrencyWithInvalidToken"
"Add Currency CS Admin Path Tanpa Login/Header Auth","1534","addCurrencyWithoutAuth","Surefire suite","Thu Sep 17 05:00:27 UTC 2026","passed","Thu Sep 17 05:00:29 UTC 2026","testcases.backoffice.currency.AddCurrencyTest","Surefire test","testcases.backoffice.currency.AddCurrencyTest","addCurrencyWithoutAuth"
"Get History Flop Transfer Test Admin Crypto","9186","historyFlopTransferTestAdminCrypto","Surefire suite","Thu Sep 17 03:29:33 UTC 2026","passed","Thu Sep 17 03:29:42 UTC 2026","testcases.history.HistoryTransferTest","Surefire test","testcases.history.HistoryTransferTest","historyFlopTransferTestAdminCrypto"
"Delete Google Authenticator Ke Path yang Tidak Ada (Typo)","4535","deleteOtpGoogleWithWrongPath","Surefire suite","Thu Sep 17 06:48:31 UTC 2026","passed","Thu Sep 17 06:48:36 UTC 2026","testcases.backoffice.googleauth.DeleteOtpGoogleTest","Surefire test","testcases.backoffice.googleauth.DeleteOtpGoogleTest","deleteOtpGoogleWithWrongPath"
"Test Approved USDT Supervisor","18418","approvedUSDTSupervisor","Surefire suite","Thu Sep 17 04:22:37 UTC 2026","passed","Thu Sep 17 04:22:56 UTC 2026","testcases.backoffice.ApprovalTransferTest","Surefire test","testcases.backoffice.ApprovalTransferTest","approvedUSDTSupervisor"
"Add Currency CS Admin Path Dengan rate Berupa Boolean","1524","addCurrencyWithBooleanRate","Surefire suite","Thu Sep 17 04:57:56 UTC 2026","passed","Thu Sep 17 04:57:57 UTC 2026","testcases.backoffice.currency.AddCurrencyTest","Surefire test","testcases.backoffice.currency.AddCurrencyTest","addCurrencyWithBooleanRate"
"Get Notification Sender Tanpa Body Sama Sekali","4662","getNotificationSenderWithoutBody","Surefire suite","Thu Sep 17 06:31:11 UTC 2026","passed","Thu Sep 17 06:31:16 UTC 2026","testcases.backoffice.notifsender.NotificationSenderTest","Surefire test","testcases.backoffice.notifsender.NotificationSenderTest","getNotificationSenderWithoutBody"
"Inquiry Test Special Transfer Admin Crypto","5703","inquirySpecialTransferAdminCrypto","Surefire suite","Thu Sep 17 03:46:44 UTC 2026","passed","Thu Sep 17 03:46:50 UTC 2026","testcases.transfer.InquirySpecialTransferTest","Surefire test","testcases.transfer.InquirySpecialTransferTest","inquirySpecialTransferAdminCrypto"
"Reset Password Backoffice","4915","resetPasswordBackoffice","Surefire suite","Thu Sep 17 06:51:16 UTC 2026","passed","Thu Sep 17 06:51:21 UTC 2026","testcases.settings.ResetPasswordTest","Surefire test","testcases.settings.ResetPasswordTest","resetPasswordBackoffice"
"List Waiting Company Backoffice Dengan Header Authorization Tanpa Skema Bearer","1554","listWaitingCompanyWithMalformedAuthorizationHeader","Surefire suite","Thu Sep 17 05:51:52 UTC 2026","passed","Thu Sep 17 05:51:54 UTC 2026","testcases.backoffice.ListWaitingCompanyTest","Surefire test","testcases.backoffice.ListWaitingCompanyTest","listWaitingCompanyWithMalformedAuthorizationHeader"
"Add Currency CS Admin Path Menggunakan Login Marketing","5267","addCurrencyWithMarketingLogin","Surefire suite","Thu Sep 17 04:58:58 UTC 2026","passed","Thu Sep 17 04:59:04 UTC 2026","testcases.backoffice.currency.AddCurrencyTest","Surefire test","testcases.backoffice.currency.AddCurrencyTest","addCurrencyWithMarketingLogin"
"Delete Manage Settlement BO","9875","deleteManageSettlementBO","Surefire suite","Thu Sep 17 06:16:03 UTC 2026","passed","Thu Sep 17 06:16:13 UTC 2026","testcases.backoffice.settlement.DeleteManageSettlementTest","Surefire test","testcases.backoffice.settlement.DeleteManageSettlementTest","deleteManageSettlementBO"
"Delete Manage Settlement BO Dengan id Berisi Spasi","4529","deleteManageSettlementWithWhitespaceId","Surefire suite","Thu Sep 17 06:18:54 UTC 2026","passed","Thu Sep 17 06:18:59 UTC 2026","testcases.backoffice.settlement.DeleteManageSettlementTest","Surefire test","testcases.backoffice.settlement.DeleteManageSettlementTest","deleteManageSettlementWithWhitespaceId"
"Delete Manage Settlement BO Dengan id yang Sama Dua Kali (Sudah Terhapus)","9713","deleteManageSettlementWithAlreadyDeletedId","Surefire suite","Thu Sep 17 06:16:32 UTC 2026","passed","Thu Sep 17 06:16:42 UTC 2026","testcases.backoffice.settlement.DeleteManageSettlementTest","Surefire test","testcases.backoffice.settlement.DeleteManageSettlementTest","deleteManageSettlementWithAlreadyDeletedId"
"Get History Manual Transfer Test CS","11480","historyManualTransferTestCS","Surefire suite","Thu Sep 17 03:31:21 UTC 2026","passed","Thu Sep 17 03:31:33 UTC 2026","testcases.history.HistoryTransferTest","Surefire test","testcases.history.HistoryTransferTest","historyManualTransferTestCS"
"Normal Flop Supervisor Transfer Success","7607","flopTransferSupervisor","Surefire suite","Thu Sep 17 04:06:00 UTC 2026","passed","Thu Sep 17 04:06:08 UTC 2026","testcases.transfer.TransferFlopTest","Surefire test","testcases.transfer.TransferFlopTest","flopTransferSupervisor"
"Add Currency CS Admin Path Dengan rate Berupa JSON Object","1563","addCurrencyWithObjectRate","Surefire suite","Thu Sep 17 04:59:33 UTC 2026","passed","Thu Sep 17 04:59:35 UTC 2026","testcases.backoffice.currency.AddCurrencyTest","Surefire test","testcases.backoffice.currency.AddCurrencyTest","addCurrencyWithObjectRate"
"Refund Summary Dengan Karakter SQL Injection pada Field type","1548","getRefundWithSqlInjectionType","Surefire suite","Thu Sep 17 05:18:45 UTC 2026","passed","Thu Sep 17 05:18:46 UTC 2026","testcases.backoffice.refund.GetRefundTest","Surefire test","testcases.backoffice.refund.GetRefundTest","getRefundWithSqlInjectionType"
"Get User Backoffice Menggunakan Login Merchant","4869","getUserWithMerchantLogin","Surefire suite","Thu Sep 17 04:15:46 UTC 2026","passed","Thu Sep 17 04:15:51 UTC 2026","testcases.backoffice.GetDashboardTest","Surefire test","testcases.backoffice.GetDashboardTest","getUserWithMerchantLogin"
"Get History Transfer Merchant on Login CS Admin","12720","historyTransferMerchantTestCSAdmin","Surefire suite","Thu Sep 17 03:33:59 UTC 2026","passed","Thu Sep 17 03:34:11 UTC 2026","testcases.history.HistoryTransferTest","Surefire test","testcases.history.HistoryTransferTest","historyTransferMerchantTestCSAdmin"
"Get Group Detail Backoffice Dengan Group Id Milik Entitas Lain (User Id)","4768","getGroupDetailWithForeignEntityId","Surefire suite","Thu Sep 17 05:26:14 UTC 2026","passed","Thu Sep 17 05:26:19 UTC 2026","testcases.backoffice.group.GetGroupTest","Surefire test","testcases.backoffice.group.GetGroupTest","getGroupDetailWithForeignEntityId"
"Get List Group Ke Path yang Tidak Ada (Typo)","1861","getListGroupWithWrongPath","Surefire suite","Thu Sep 17 05:37:43 UTC 2026","passed","Thu Sep 17 05:37:45 UTC 2026","testcases.backoffice.group.GetListGroupTest","Surefire test","testcases.backoffice.group.GetListGroupTest","getListGroupWithWrongPath"
"Normal Transfer Success","11147","transfer","Surefire suite","Thu Sep 17 03:41:03 UTC 2026","passed","Thu Sep 17 03:41:14 UTC 2026","testcases.transfer.TransferTest","Surefire test","testcases.transfer.TransferTest","transfer"
"Resend Google Authenticator Menggunakan HTTP Method PATCH","4575","resendOtpGoogleWithPatchMethod","Surefire suite","Thu Sep 17 06:42:06 UTC 2026","passed","Thu Sep 17 06:42:10 UTC 2026","testcases.backoffice.googleauth.ResendOtpGoogleTest","Surefire test","testcases.backoffice.googleauth.ResendOtpGoogleTest","resendOtpGoogleWithPatchMethod"
"Get Detail Waiting Company Backoffice Menggunakan HTTP Method POST","4977","getDetailWaitingCompanyWithPostMethod","Surefire suite","Thu Sep 17 05:57:29 UTC 2026","passed","Thu Sep 17 05:57:34 UTC 2026","testcases.backoffice.GetDetailWaitingCompanyTest","Surefire test","testcases.backoffice.GetDetailWaitingCompanyTest","getDetailWaitingCompanyWithPostMethod"
"Success Assignment Cash Deposit","13118","assignCashDepositTest","Surefire suite","Thu Sep 17 04:31:17 UTC 2026","passed","Thu Sep 17 04:31:30 UTC 2026","testcases.backoffice.TransferAssignmentTest","Surefire test","testcases.backoffice.TransferAssignmentTest","assignCashDepositTest"
"Test Get Report Transaction Group","4762","getReportTransactionAdmin","Surefire suite","Thu Sep 17 04:49:12 UTC 2026","passed","Thu Sep 17 04:49:17 UTC 2026","testcases.report.ReportTransactionTest","Surefire test","testcases.report.ReportTransactionTest","getReportTransactionAdmin"
"Normal Manual Transfer Balance Success","10509","manualTransferBalanceAdminCrypto","Surefire suite","Thu Sep 17 03:53:57 UTC 2026","passed","Thu Sep 17 03:54:07 UTC 2026","testcases.transfer.ManualTransferTest","Surefire test","testcases.transfer.ManualTransferTest","manualTransferBalanceAdminCrypto"
"Get Group Detail Backoffice Tanpa Group Id (Path Kosong)","4903","getGroupDetailWithEmptyId","Surefire suite","Thu Sep 17 05:26:02 UTC 2026","passed","Thu Sep 17 05:26:07 UTC 2026","testcases.backoffice.group.GetGroupTest","Surefire test","testcases.backoffice.group.GetGroupTest","getGroupDetailWithEmptyId"
"Test Get Report Transfer Company","11082","getReportTransferAdminCrypto","Surefire suite","Thu Sep 17 04:50:58 UTC 2026","passed","Thu Sep 17 04:51:10 UTC 2026","testcases.report.ReportTransferTest","Surefire test","testcases.report.ReportTransferTest","getReportTransferAdminCrypto"
"Add Currency CS Admin Path Dengan rate Sangat Besar (Overflow)","1589","addCurrencyWithHugeRate","Surefire suite","Thu Sep 17 04:58:40 UTC 2026","passed","Thu Sep 17 04:58:42 UTC 2026","testcases.backoffice.currency.AddCurrencyTest","Surefire test","testcases.backoffice.currency.AddCurrencyTest","addCurrencyWithHugeRate"
"Get List Google Authenticator Menggunakan HTTP Method PUT","4672","listOtpGoogleWithPutMethod","Surefire suite","Thu Sep 17 06:36:13 UTC 2026","passed","Thu Sep 17 06:36:18 UTC 2026","testcases.backoffice.googleauth.ListOtpGoogleTest","Surefire test","testcases.backoffice.googleauth.ListOtpGoogleTest","listOtpGoogleWithPutMethod"
"Reset Pin Supervisor","4930","resetPinSupervisor","Surefire suite","Thu Sep 17 06:55:51 UTC 2026","passed","Thu Sep 17 06:55:56 UTC 2026","testcases.settings.ResetPinTest","Surefire test","testcases.settings.ResetPinTest","resetPinSupervisor"
"Refund Summary Ke Path yang Tidak Ada (Typo)","1816","getRefundWithWrongPath","Surefire suite","Thu Sep 17 05:19:06 UTC 2026","passed","Thu Sep 17 05:19:08 UTC 2026","testcases.backoffice.refund.GetRefundTest","Surefire test","testcases.backoffice.refund.GetRefundTest","getRefundWithWrongPath"
"List Currency USDT Dengan Token Kadaluarsa","1554","getCurrencyWithExpiredToken","Surefire suite","Thu Sep 17 05:02:48 UTC 2026","passed","Thu Sep 17 05:02:50 UTC 2026","testcases.backoffice.currency.GetCurrencyTest","Surefire test","testcases.backoffice.currency.GetCurrencyTest","getCurrencyWithExpiredToken"
"Add Group Ke Path yang Tidak Ada (Typo)","1485","addGroupWithWrongPath","Surefire suite","Thu Sep 17 05:33:04 UTC 2026","passed","Thu Sep 17 05:33:06 UTC 2026","testcases.backoffice.group.AddGroupTest","Surefire test","testcases.backoffice.group.AddGroupTest","addGroupWithWrongPath"
"Delete session Merchant on CS Admin","5460","deleteSessionCsAdmin","Surefire suite","Thu Sep 17 04:55:07 UTC 2026","broken","Thu Sep 17 04:55:13 UTC 2026","testcases.backoffice.users.EditUserTest","Surefire test","testcases.backoffice.users.EditUserTest","deleteSessionCsAdmin"
"Login Backoffice dengan Username Tidak Terdaftar","3134","testLoginBackofficeNonExistentUsername","Surefire suite","Thu Sep 17 03:21:48 UTC 2026","passed","Thu Sep 17 03:21:51 UTC 2026","testcases.auth.LoginTest","Surefire test","testcases.auth.LoginTest","testLoginBackofficeNonExistentUsername"
"Approval Refund Transfer Merchant","9637","approveRefundTransferMerchant","Surefire suite","Thu Sep 17 05:08:07 UTC 2026","failed","Thu Sep 17 05:08:17 UTC 2026","testcases.backoffice.ApprovalRefundTest","Surefire test","testcases.backoffice.ApprovalRefundTest","approveRefundTransferMerchant"
"Resend Google Authenticator Dengan email Sangat Panjang (10.000 karakter)","4691","resendOtpGoogleWithOverlongEmail","Surefire suite","Thu Sep 17 06:41:58 UTC 2026","passed","Thu Sep 17 06:42:03 UTC 2026","testcases.backoffice.googleauth.ResendOtpGoogleTest","Surefire test","testcases.backoffice.googleauth.ResendOtpGoogleTest","resendOtpGoogleWithOverlongEmail"
"Get List Google Authenticator Dengan Field Tidak Dikenal pada Body","4538","listOtpGoogleWithUnknownField","Surefire suite","Thu Sep 17 06:36:36 UTC 2026","passed","Thu Sep 17 06:36:41 UTC 2026","testcases.backoffice.googleauth.ListOtpGoogleTest","Surefire test","testcases.backoffice.googleauth.ListOtpGoogleTest","listOtpGoogleWithUnknownField"
"Transfer with Wrong Pin","23659","transferWrongPin","Surefire suite","Thu Sep 17 03:42:05 UTC 2026","passed","Thu Sep 17 03:42:29 UTC 2026","testcases.transfer.TransferTest","Surefire test","testcases.transfer.TransferTest","transferWrongPin"
"Refund Summary Dengan Body JSON Tidak Valid (Malformed)","1572","getRefundWithMalformedJson","Surefire suite","Thu Sep 17 05:17:53 UTC 2026","passed","Thu Sep 17 05:17:54 UTC 2026","testcases.backoffice.refund.GetRefundTest","Surefire test","testcases.backoffice.refund.GetRefundTest","getRefundWithMalformedJson"
"Resend Google Authenticator Dengan email Kosong","4620","resendOtpGoogleWithEmptyEmail","Surefire suite","Thu Sep 17 06:40:27 UTC 2026","passed","Thu Sep 17 06:40:31 UTC 2026","testcases.backoffice.googleauth.ResendOtpGoogleTest","Surefire test","testcases.backoffice.googleauth.ResendOtpGoogleTest","resendOtpGoogleWithEmptyEmail"
"","7190","getListFavoriteAccount","Surefire suite","Thu Sep 17 07:01:02 UTC 2026","passed","Thu Sep 17 07:01:10 UTC 2026","testcases.settings.favoriteaccount.GetListFavoriteAccountTest","Surefire test","testcases.settings.favoriteaccount.GetListFavoriteAccountTest","getListFavoriteAccount"
"Create Manage Settlement BO Tanpa Login/Header Auth","1479","addManageSettlementWithoutAuth","Surefire suite","Thu Sep 17 06:13:23 UTC 2026","passed","Thu Sep 17 06:13:24 UTC 2026","testcases.backoffice.settlement.AddManageSettlementTest","Surefire test","testcases.backoffice.settlement.AddManageSettlementTest","addManageSettlementWithoutAuth"
"Add Group Backoffice Dengan feeBankPercent Melebihi 100","1611","addGroupWithFeeOver100","Surefire suite","Thu Sep 17 05:31:14 UTC 2026","passed","Thu Sep 17 05:31:15 UTC 2026","testcases.backoffice.group.AddGroupTest","Surefire test","testcases.backoffice.group.AddGroupTest","addGroupWithFeeOver100"
"Get History USDT Transfer Test CS","11213","historyUSDTTransferTestCS","Surefire suite","Thu Sep 17 03:36:41 UTC 2026","passed","Thu Sep 17 03:36:52 UTC 2026","testcases.history.HistoryTransferTest","Surefire test","testcases.history.HistoryTransferTest","historyUSDTTransferTestCS"
"Reset Pin Admin","8047","resetPinAdmin","Surefire suite","Thu Sep 17 06:54:44 UTC 2026","passed","Thu Sep 17 06:54:52 UTC 2026","testcases.settings.ResetPinTest","Surefire test","testcases.settings.ResetPinTest","resetPinAdmin"
"Get Notification Sender Menggunakan HTTP Method GET","4930","getNotificationSenderWithGetMethod","Surefire suite","Thu Sep 17 06:28:02 UTC 2026","passed","Thu Sep 17 06:28:07 UTC 2026","testcases.backoffice.notifsender.NotificationSenderTest","Surefire test","testcases.backoffice.notifsender.NotificationSenderTest","getNotificationSenderWithGetMethod"
"Add Group Backoffice Dengan Nama Sama Namun Field Fee Berbeda","3164","addGroupWithDuplicateNameDifferentFees","Surefire suite","Thu Sep 17 05:30:43 UTC 2026","passed","Thu Sep 17 05:30:46 UTC 2026","testcases.backoffice.group.AddGroupTest","Surefire test","testcases.backoffice.group.AddGroupTest","addGroupWithDuplicateNameDifferentFees"
"Delete Manage Settlement BO Menggunakan HTTP Method PATCH","4501","deleteManageSettlementWithPatchMethod","Surefire suite","Thu Sep 17 06:18:16 UTC 2026","passed","Thu Sep 17 06:18:21 UTC 2026","testcases.backoffice.settlement.DeleteManageSettlementTest","Surefire test","testcases.backoffice.settlement.DeleteManageSettlementTest","deleteManageSettlementWithPatchMethod"
"Resend Google Authenticator Tanpa Body Sama Sekali","4773","resendOtpGoogleWithoutBody","Surefire suite","Thu Sep 17 06:43:12 UTC 2026","passed","Thu Sep 17 06:43:17 UTC 2026","testcases.backoffice.googleauth.ResendOtpGoogleTest","Surefire test","testcases.backoffice.googleauth.ResendOtpGoogleTest","resendOtpGoogleWithoutBody"
"Create Manage Settlement BO Menggunakan Login Admin","4637","addManageSettlementWithAdminLogin","Surefire suite","Thu Sep 17 06:09:42 UTC 2026","passed","Thu Sep 17 06:09:46 UTC 2026","testcases.backoffice.settlement.AddManageSettlementTest","Surefire test","testcases.backoffice.settlement.AddManageSettlementTest","addManageSettlementWithAdminLogin"
"Get List Group Backoffice Dengan Body Berupa JSON Array ([])","4761","getListGroupWithArrayBody","Surefire suite","Thu Sep 17 05:35:26 UTC 2026","passed","Thu Sep 17 05:35:30 UTC 2026","testcases.backoffice.group.GetListGroupTest","Surefire test","testcases.backoffice.group.GetListGroupTest","getListGroupWithArrayBody"
"Get Dashboard Backoffice Menggunakan Login Merchant","4785","getDashboardWithMerchantLogin","Surefire suite","Thu Sep 17 04:14:32 UTC 2026","passed","Thu Sep 17 04:14:37 UTC 2026","testcases.backoffice.GetDashboardTest","Surefire test","testcases.backoffice.GetDashboardTest","getDashboardWithMerchantLogin"
"Get History Transfer Test","9531","historyTransferTest","Surefire suite","Thu Sep 17 03:34:29 UTC 2026","passed","Thu Sep 17 03:34:39 UTC 2026","testcases.history.HistoryTransferTest","Surefire test","testcases.history.HistoryTransferTest","historyTransferTest"
"Normal Balance Special Transfer Success","10211","specialTransferBalanceAdminCrypto","Surefire suite","Thu Sep 17 03:48:01 UTC 2026","passed","Thu Sep 17 03:48:11 UTC 2026","testcases.transfer.SpecialTransferTest","Surefire test","testcases.transfer.SpecialTransferTest","specialTransferBalanceAdminCrypto"
"Get Dashboard Backoffice Menggunakan Login Supervisor","4561","getDashboardWithSupervisorLogin","Surefire suite","Thu Sep 17 04:14:40 UTC 2026","passed","Thu Sep 17 04:14:45 UTC 2026","testcases.backoffice.GetDashboardTest","Surefire test","testcases.backoffice.GetDashboardTest","getDashboardWithSupervisorLogin"
"Get Balance Merchant with Login CS","5008","getBalanceMerchantLoginCS","Surefire suite","Thu Sep 17 04:10:22 UTC 2026","passed","Thu Sep 17 04:10:27 UTC 2026","testcases.balance.GetBalanceQrisTest","Surefire test","testcases.balance.GetBalanceQrisTest","getBalanceMerchantLoginCS"
"Get History QR Admin Success Paid","11365","historyQRTestPaidAdmin","Surefire suite","Thu Sep 17 03:26:51 UTC 2026","broken","Thu Sep 17 03:27:03 UTC 2026","testcases.history.HistoryQRTest","Surefire test","testcases.history.HistoryQRTest","historyQRTestPaidAdmin"
"Get History USDT Transfer Test","8435","historyUSDTTransferTest","Surefire suite","Thu Sep 17 03:36:04 UTC 2026","passed","Thu Sep 17 03:36:13 UTC 2026","testcases.history.HistoryTransferTest","Surefire test","testcases.history.HistoryTransferTest","historyUSDTTransferTest"
"Add Group Backoffice Dengan Nama Sama Namun Beda Kapitalisasi","3213","addGroupWithDuplicateNameDifferentCase","Surefire suite","Thu Sep 17 05:30:37 UTC 2026","passed","Thu Sep 17 05:30:40 UTC 2026","testcases.backoffice.group.AddGroupTest","Surefire test","testcases.backoffice.group.AddGroupTest","addGroupWithDuplicateNameDifferentCase"
"Get List Group Company BO Dengan groupName Berisi Payload XSS","4638","getListGroupCompanyWithXssGroupName","Surefire suite","Thu Sep 17 06:24:25 UTC 2026","passed","Thu Sep 17 06:24:30 UTC 2026","testcases.backoffice.settlement.GetListGroupCompanyTest","Surefire test","testcases.backoffice.settlement.GetListGroupCompanyTest","getListGroupCompanyWithXssGroupName"
"","4704","listRefundAdminCrypto","Surefire suite","Thu Sep 17 05:12:39 UTC 2026","passed","Thu Sep 17 05:12:44 UTC 2026","testcases.backoffice.ListRefundTest","Surefire test","testcases.backoffice.ListRefundTest","listRefundAdminCrypto"
"Add Currency CS Admin Path Dengan Body JSON Tidak Valid (Malformed)","1585","addCurrencyWithMalformedJson","Surefire suite","Thu Sep 17 04:58:54 UTC 2026","passed","Thu Sep 17 04:58:55 UTC 2026","testcases.backoffice.currency.AddCurrencyTest","Surefire test","testcases.backoffice.currency.AddCurrencyTest","addCurrencyWithMalformedJson"
"Transfer Different Partner Reference, Special Transfer to Manual Transfer","21432","trfPartnerRefManualFailed","Surefire suite","Thu Sep 17 03:55:05 UTC 2026","passed","Thu Sep 17 03:55:27 UTC 2026","testcases.transfer.ManualTransferTest","Surefire test","testcases.transfer.ManualTransferTest","trfPartnerRefManualFailed"
"Create Manage Settlement BO Dengan Token Kadaluarsa","1479","addManageSettlementWithExpiredToken","Surefire suite","Thu Sep 17 06:10:59 UTC 2026","passed","Thu Sep 17 06:11:00 UTC 2026","testcases.backoffice.settlement.AddManageSettlementTest","Surefire test","testcases.backoffice.settlement.AddManageSettlementTest","addManageSettlementWithExpiredToken"
"Get History Transfer Test Admin","11453","historyTransferTestAdmin","Surefire suite","Thu Sep 17 03:34:42 UTC 2026","passed","Thu Sep 17 03:34:53 UTC 2026","testcases.history.HistoryTransferTest","Surefire test","testcases.history.HistoryTransferTest","historyTransferTestAdmin"
"Delete Google Authenticator Tanpa Login/Header Auth","1500","deleteOtpGoogleWithoutAuth","Surefire suite","Thu Sep 17 06:48:47 UTC 2026","passed","Thu Sep 17 06:48:48 UTC 2026","testcases.backoffice.googleauth.DeleteOtpGoogleTest","Surefire test","testcases.backoffice.googleauth.DeleteOtpGoogleTest","deleteOtpGoogleWithoutAuth"
"Get Notification Sender Menggunakan Login Customer Service","4592","getNotificationSenderWithCSLogin","Surefire suite","Thu Sep 17 06:27:27 UTC 2026","passed","Thu Sep 17 06:27:32 UTC 2026","testcases.backoffice.notifsender.NotificationSenderTest","Surefire test","testcases.backoffice.notifsender.NotificationSenderTest","getNotificationSenderWithCSLogin"
"Login Merchant dengan Username Berisi Spasi Saja","3435","testLoginWhitespaceUsername","Surefire suite","Thu Sep 17 03:23:28 UTC 2026","passed","Thu Sep 17 03:23:32 UTC 2026","testcases.auth.LoginTest","Surefire test","testcases.auth.LoginTest","testLoginWhitespaceUsername"
"List Currency USDT Dengan Header Authorization Tanpa Skema Bearer","1463","getCurrencyWithMalformedAuthorizationHeader","Surefire suite","Thu Sep 17 05:03:16 UTC 2026","passed","Thu Sep 17 05:03:17 UTC 2026","testcases.backoffice.currency.GetCurrencyTest","Surefire test","testcases.backoffice.currency.GetCurrencyTest","getCurrencyWithMalformedAuthorizationHeader"
"Resend Google Authenticator Ke Path yang Tidak Ada (Typo)","4969","resendOtpGoogleWithWrongPath","Surefire suite","Thu Sep 17 06:42:52 UTC 2026","passed","Thu Sep 17 06:42:57 UTC 2026","testcases.backoffice.googleauth.ResendOtpGoogleTest","Surefire test","testcases.backoffice.googleauth.ResendOtpGoogleTest","resendOtpGoogleWithWrongPath"
"Add Group Backoffice Tanpa Field feeBankPercent","1501","addGroupWithMissingFeeField","Surefire suite","Thu Sep 17 05:32:01 UTC 2026","passed","Thu Sep 17 05:32:03 UTC 2026","testcases.backoffice.group.AddGroupTest","Surefire test","testcases.backoffice.group.AddGroupTest","addGroupWithMissingFeeField"
"Get List Group Backoffice Menggunakan HTTP Method PUT","1510","getListGroupWithPutMethod","Surefire suite","Thu Sep 17 05:37:13 UTC 2026","passed","Thu Sep 17 05:37:14 UTC 2026","testcases.backoffice.group.GetListGroupTest","Surefire test","testcases.backoffice.group.GetListGroupTest","getListGroupWithPutMethod"
"Get Notification Sender Menggunakan HTTP Method PATCH","4622","getNotificationSenderWithPatchMethod","Surefire suite","Thu Sep 17 06:29:57 UTC 2026","passed","Thu Sep 17 06:30:02 UTC 2026","testcases.backoffice.notifsender.NotificationSenderTest","Surefire test","testcases.backoffice.notifsender.NotificationSenderTest","getNotificationSenderWithPatchMethod"
"Get Detail Waiting Company Backoffice Menggunakan Login Merchant","4749","getDetailWaitingCompanyWithMerchantLogin","Surefire suite","Thu Sep 17 05:56:57 UTC 2026","passed","Thu Sep 17 05:57:02 UTC 2026","testcases.backoffice.GetDetailWaitingCompanyTest","Surefire test","testcases.backoffice.GetDetailWaitingCompanyTest","getDetailWaitingCompanyWithMerchantLogin"
"List Manage Settlement Backoffice Dengan Karakter SQL Injection pada Field Param","4555","listManageSettlementWithSqlInjectionParam","Surefire suite","Thu Sep 17 06:04:34 UTC 2026","passed","Thu Sep 17 06:04:39 UTC 2026","testcases.backoffice.settlement.ManageSettlementTest","Surefire test","testcases.backoffice.settlement.ManageSettlementTest","listManageSettlementWithSqlInjectionParam"
"Get List Group Company BO Menggunakan Login Marketing","4836","getListGroupCompanyWithMarketingLogin","Surefire suite","Thu Sep 17 06:22:52 UTC 2026","passed","Thu Sep 17 06:22:57 UTC 2026","testcases.backoffice.settlement.GetListGroupCompanyTest","Surefire test","testcases.backoffice.settlement.GetListGroupCompanyTest","getListGroupCompanyWithMarketingLogin"
"Get Notification Sender Menggunakan Login Admin","4775","getNotificationSenderWithAdminLogin","Surefire suite","Thu Sep 17 06:27:04 UTC 2026","passed","Thu Sep 17 06:27:09 UTC 2026","testcases.backoffice.notifsender.NotificationSenderTest","Surefire test","testcases.backoffice.notifsender.NotificationSenderTest","getNotificationSenderWithAdminLogin"
"Delete Manage Settlement BO Tanpa Login/Header Auth","1467","deleteManageSettlementWithoutAuth","Surefire suite","Thu Sep 17 06:19:17 UTC 2026","passed","Thu Sep 17 06:19:18 UTC 2026","testcases.backoffice.settlement.DeleteManageSettlementTest","Surefire test","testcases.backoffice.settlement.DeleteManageSettlementTest","deleteManageSettlementWithoutAuth"
"Add Group Backoffice Dengan flagLock Bertipe String","1488","addGroupWithFlagLockAsString","Surefire suite","Thu Sep 17 05:31:18 UTC 2026","passed","Thu Sep 17 05:31:20 UTC 2026","testcases.backoffice.group.AddGroupTest","Surefire test","testcases.backoffice.group.AddGroupTest","addGroupWithFlagLockAsString"
"Get Notification Sender Menggunakan Login Merchant","4521","getNotificationSenderWithMerchantLogin","Surefire suite","Thu Sep 17 06:29:19 UTC 2026","passed","Thu Sep 17 06:29:23 UTC 2026","testcases.backoffice.notifsender.NotificationSenderTest","Surefire test","testcases.backoffice.notifsender.NotificationSenderTest","getNotificationSenderWithMerchantLogin"
"Get List Group Company BO Dengan Token Kadaluarsa","1546","getListGroupCompanyWithExpiredToken","Surefire suite","Thu Sep 17 06:22:39 UTC 2026","passed","Thu Sep 17 06:22:40 UTC 2026","testcases.backoffice.settlement.GetListGroupCompanyTest","Surefire test","testcases.backoffice.settlement.GetListGroupCompanyTest","getListGroupCompanyWithExpiredToken"
"Get History QR Open Merchant on login CS Admin","20109","historyQROpenMerchantCSAdmin","Surefire suite","Thu Sep 17 03:25:22 UTC 2026","passed","Thu Sep 17 03:25:42 UTC 2026","testcases.history.HistoryQRTest","Surefire test","testcases.history.HistoryQRTest","historyQROpenMerchantCSAdmin"
"Mutasi Transfer Supervisor Balance","10427","mutasiTransferSupervisorBalance","Surefire suite","Thu Sep 17 04:43:11 UTC 2026","passed","Thu Sep 17 04:43:22 UTC 2026","testcases.mutasi.MutasiTransferTest","Surefire test","testcases.mutasi.MutasiTransferTest","mutasiTransferSupervisorBalance"
"Transfer Different Partner Reference, Transfer to USDT Transfer","21310","trfPartnerRefTransferFailed","Surefire suite","Thu Sep 17 04:00:56 UTC 2026","passed","Thu Sep 17 04:01:17 UTC 2026","testcases.transfer.TransferUSDTTest","Surefire test","testcases.transfer.TransferUSDTTest","trfPartnerRefTransferFailed"
"Request Refund Transfer CS","4749","refundTransferCS","Surefire suite","Thu Sep 17 05:10:42 UTC 2026","passed","Thu Sep 17 05:10:47 UTC 2026","testcases.transfer.RefundTransferTest","Surefire test","testcases.transfer.RefundTransferTest","refundTransferCS"
"List Manage Settlement Backoffice Menggunakan HTTP Method GET","4817","listManageSettlementWithGetMethod","Surefire suite","Thu Sep 17 06:02:51 UTC 2026","passed","Thu Sep 17 06:02:56 UTC 2026","testcases.backoffice.settlement.ManageSettlementTest","Surefire test","testcases.backoffice.settlement.ManageSettlementTest","listManageSettlementWithGetMethod"
"Login Merchant tanpa Parameter Captcha","2969","testLoginMissingCaptchaParam","Surefire suite","Thu Sep 17 03:22:45 UTC 2026","passed","Thu Sep 17 03:22:48 UTC 2026","testcases.auth.LoginTest","Surefire test","testcases.auth.LoginTest","testLoginMissingCaptchaParam"
"Get Balance Merchant","5135","getBalanceMerchant","Surefire suite","Thu Sep 17 04:10:13 UTC 2026","passed","Thu Sep 17 04:10:19 UTC 2026","testcases.balance.GetBalanceQrisTest","Surefire test","testcases.balance.GetBalanceQrisTest","getBalanceMerchant"
"Add Whitelist Ip User CS Admin","7914","addWhitelistIpUserCsAdmin","Surefire suite","Thu Sep 17 04:54:48 UTC 2026","passed","Thu Sep 17 04:54:56 UTC 2026","testcases.backoffice.users.EditUserTest","Surefire test","testcases.backoffice.users.EditUserTest","addWhitelistIpUserCsAdmin"
"Get Detail Waiting Company Backoffice Tanpa Login/Header Auth","1451","getDetailWaitingCompanyWithoutAuth","Surefire suite","Thu Sep 17 05:58:17 UTC 2026","passed","Thu Sep 17 05:58:18 UTC 2026","testcases.backoffice.GetDetailWaitingCompanyTest","Surefire test","testcases.backoffice.GetDetailWaitingCompanyTest","getDetailWaitingCompanyWithoutAuth"
"Get Group Detail Backoffice Dengan Path Traversal pada Group Id","4649","getGroupDetailWithPathTraversalId","Surefire suite","Thu Sep 17 05:27:18 UTC 2026","passed","Thu Sep 17 05:27:22 UTC 2026","testcases.backoffice.group.GetGroupTest","Surefire test","testcases.backoffice.group.GetGroupTest","getGroupDetailWithPathTraversalId"
"Normal Transfer USDT Success Admin Crypto","6725","usdtTransferAdminCrypto","Surefire suite","Thu Sep 17 04:01:20 UTC 2026","passed","Thu Sep 17 04:01:27 UTC 2026","testcases.transfer.TransferUSDTTest","Surefire test","testcases.transfer.TransferUSDTTest","usdtTransferAdminCrypto"
"Get Detail Waiting Company Backoffice Menggunakan HTTP Method DELETE","4635","getDetailWaitingCompanyWithDeleteMethod","Surefire suite","Thu Sep 17 05:56:00 UTC 2026","passed","Thu Sep 17 05:56:05 UTC 2026","testcases.backoffice.GetDetailWaitingCompanyTest","Surefire test","testcases.backoffice.GetDetailWaitingCompanyTest","getDetailWaitingCompanyWithDeleteMethod"
"Get List Group Company BO Dengan groupName Berisi Spasi","4546","getListGroupCompanyWithWhitespaceGroupName","Surefire suite","Thu Sep 17 06:24:10 UTC 2026","passed","Thu Sep 17 06:24:14 UTC 2026","testcases.backoffice.settlement.GetListGroupCompanyTest","Surefire test","testcases.backoffice.settlement.GetListGroupCompanyTest","getListGroupCompanyWithWhitespaceGroupName"
"Delete Manage Settlement BO Menggunakan Login Admin Crypto","4927","deleteManageSettlementWithAdminCryptoLogin","Surefire suite","Thu Sep 17 06:16:16 UTC 2026","passed","Thu Sep 17 06:16:21 UTC 2026","testcases.backoffice.settlement.DeleteManageSettlementTest","Surefire test","testcases.backoffice.settlement.DeleteManageSettlementTest","deleteManageSettlementWithAdminCryptoLogin"
"Add Group Backoffice Menggunakan Login Admin","4912","addGroupWithAdminLogin","Surefire suite","Thu Sep 17 05:30:01 UTC 2026","passed","Thu Sep 17 05:30:06 UTC 2026","testcases.backoffice.group.AddGroupTest","Surefire test","testcases.backoffice.group.AddGroupTest","addGroupWithAdminLogin"
"Get Group Detail Backoffice Dengan Group Id Berisi Payload XSS","5068","getGroupDetailWithXssId","Surefire suite","Thu Sep 17 05:28:04 UTC 2026","passed","Thu Sep 17 05:28:09 UTC 2026","testcases.backoffice.group.GetGroupTest","Surefire test","testcases.backoffice.group.GetGroupTest","getGroupDetailWithXssId"
"Resend Google Authenticator Dengan Body Berupa JSON Array ([])","4531","resendOtpGoogleWithArrayBody","Surefire suite","Thu Sep 17 06:39:48 UTC 2026","passed","Thu Sep 17 06:39:53 UTC 2026","testcases.backoffice.googleauth.ResendOtpGoogleTest","Surefire test","testcases.backoffice.googleauth.ResendOtpGoogleTest","resendOtpGoogleWithArrayBody"
"Create Manage Settlement BO Menggunakan Login Supervisor","4618","addManageSettlementWithSupervisorLogin","Surefire suite","Thu Sep 17 06:12:51 UTC 2026","passed","Thu Sep 17 06:12:56 UTC 2026","testcases.backoffice.settlement.AddManageSettlementTest","Surefire test","testcases.backoffice.settlement.AddManageSettlementTest","addManageSettlementWithSupervisorLogin"
"Refund Summary Menggunakan HTTP Method DELETE","1537","getRefundWithDeleteMethod","Surefire suite","Thu Sep 17 05:17:02 UTC 2026","passed","Thu Sep 17 05:17:04 UTC 2026","testcases.backoffice.refund.GetRefundTest","Surefire test","testcases.backoffice.refund.GetRefundTest","getRefundWithDeleteMethod"
"Delete Group Backoffice Dengan Token Tidak Valid","1542","deleteGroupWithInvalidToken","Surefire suite","Thu Sep 17 05:41:45 UTC 2026","passed","Thu Sep 17 05:41:46 UTC 2026","testcases.backoffice.group.DeleteGroupTest","Surefire test","testcases.backoffice.group.DeleteGroupTest","deleteGroupWithInvalidToken"
"Refund Summary Dengan Body Berupa Literal null","1519","getRefundWithNullLiteralBody","Surefire suite","Thu Sep 17 05:18:13 UTC 2026","passed","Thu Sep 17 05:18:14 UTC 2026","testcases.backoffice.refund.GetRefundTest","Surefire test","testcases.backoffice.refund.GetRefundTest","getRefundWithNullLiteralBody"
"Delete Group Backoffice","14377","deleteGroupBO","Surefire suite","Thu Sep 17 05:40:15 UTC 2026","passed","Thu Sep 17 05:40:30 UTC 2026","testcases.backoffice.group.DeleteGroupTest","Surefire test","testcases.backoffice.group.DeleteGroupTest","deleteGroupBO"
"Get List Google Authenticator Menggunakan Login Admin Crypto","4860","listOtpGoogleWithAdminCryptoLogin","Surefire suite","Thu Sep 17 06:33:41 UTC 2026","passed","Thu Sep 17 06:33:46 UTC 2026","testcases.backoffice.googleauth.ListOtpGoogleTest","Surefire test","testcases.backoffice.googleauth.ListOtpGoogleTest","listOtpGoogleWithAdminCryptoLogin"
"Normal Special Transfer Success","10229","transfer","Surefire suite","Thu Sep 17 03:48:28 UTC 2026","passed","Thu Sep 17 03:48:38 UTC 2026","testcases.transfer.SpecialTransferTest","Surefire test","testcases.transfer.SpecialTransferTest","transfer"
"List User Backoffice Dengan Karakter SQL Injection pada Field Param - Menemukan Bug Gateway Timeout","4816","listUsersWithSqlInjectionParam","Surefire suite","Thu Sep 17 05:23:34 UTC 2026","passed","Thu Sep 17 05:23:39 UTC 2026","testcases.backoffice.users.ListUsersTest","Surefire test","testcases.backoffice.users.ListUsersTest","listUsersWithSqlInjectionParam"
"Get History Flop Transfer Test","9398","historyFlopTransferTest","Surefire suite","Thu Sep 17 03:29:05 UTC 2026","passed","Thu Sep 17 03:29:15 UTC 2026","testcases.history.HistoryTransferTest","Surefire test","testcases.history.HistoryTransferTest","historyFlopTransferTest"
"Reset Password CS Admin","5710","resetPasswordCSAdmin","Surefire suite","Thu Sep 17 06:51:32 UTC 2026","passed","Thu Sep 17 06:51:37 UTC 2026","testcases.settings.ResetPasswordTest","Surefire test","testcases.settings.ResetPasswordTest","resetPasswordCSAdmin"
"Get History Transfer Test Admin Crypto","8848","historyTransferTestAdminCrypto","Surefire suite","Thu Sep 17 03:34:56 UTC 2026","passed","Thu Sep 17 03:35:05 UTC 2026","testcases.history.HistoryTransferTest","Surefire test","testcases.history.HistoryTransferTest","historyTransferTestAdminCrypto"
"Test Approved USDT Tanpa URL","33288","approvedUSDTwithoutURL","Surefire suite","Thu Sep 17 04:23:35 UTC 2026","passed","Thu Sep 17 04:24:08 UTC 2026","testcases.backoffice.ApprovalTransferTest","Surefire test","testcases.backoffice.ApprovalTransferTest","approvedUSDTwithoutURL"
"","8423","generateOpenQRCode","Surefire suite","Thu Sep 17 03:38:04 UTC 2026","passed","Thu Sep 17 03:38:13 UTC 2026","testcases.QR.GenerateQRTest","Surefire test","testcases.QR.GenerateQRTest","generateOpenQRCode"
"Get Notification Sender Dengan Karakter SQL Injection pada Field param","4818","getNotificationSenderWithSqlInjectionParam","Surefire suite","Thu Sep 17 06:30:12 UTC 2026","passed","Thu Sep 17 06:30:17 UTC 2026","testcases.backoffice.notifsender.NotificationSenderTest","Surefire test","testcases.backoffice.notifsender.NotificationSenderTest","getNotificationSenderWithSqlInjectionParam"
"Get List Google Authenticator Dengan Token Tidak Valid","1473","listOtpGoogleWithInvalidToken","Surefire suite","Thu Sep 17 06:35:10 UTC 2026","passed","Thu Sep 17 06:35:12 UTC 2026","testcases.backoffice.googleauth.ListOtpGoogleTest","Surefire test","testcases.backoffice.googleauth.ListOtpGoogleTest","listOtpGoogleWithInvalidToken"
"Get History USDT Transfer Supervisor on Login CS Admin","11352","historyUSDTTransferSupervisorTestCSAdmin","Surefire suite","Thu Sep 17 03:35:50 UTC 2026","passed","Thu Sep 17 03:36:01 UTC 2026","testcases.history.HistoryTransferTest","Surefire test","testcases.history.HistoryTransferTest","historyUSDTTransferSupervisorTestCSAdmin"
"Login Merchant tanpa Parameter Username","2975","testLoginMissingUsernameParam","Surefire suite","Thu Sep 17 03:22:57 UTC 2026","passed","Thu Sep 17 03:23:00 UTC 2026","testcases.auth.LoginTest","Surefire test","testcases.auth.LoginTest","testLoginMissingUsernameParam"
"Delete Google Authenticator Tanpa id (Path Kosong)","5139","deleteOtpGoogleWithEmptyId","Surefire suite","Thu Sep 17 06:46:37 UTC 2026","passed","Thu Sep 17 06:46:43 UTC 2026","testcases.backoffice.googleauth.DeleteOtpGoogleTest","Surefire test","testcases.backoffice.googleauth.DeleteOtpGoogleTest","deleteOtpGoogleWithEmptyId"
"Delete Manage Settlement BO Dengan id Milik Entitas Lain (Group Id)","4735","deleteManageSettlementWithForeignEntityId","Surefire suite","Thu Sep 17 06:17:20 UTC 2026","passed","Thu Sep 17 06:17:25 UTC 2026","testcases.backoffice.settlement.DeleteManageSettlementTest","Surefire test","testcases.backoffice.settlement.DeleteManageSettlementTest","deleteManageSettlementWithForeignEntityId"
"Get Detail Waiting Company Backoffice","9127","getDetailWaitingCompany","Surefire suite","Thu Sep 17 05:55:32 UTC 2026","passed","Thu Sep 17 05:55:41 UTC 2026","testcases.backoffice.GetDetailWaitingCompanyTest","Surefire test","testcases.backoffice.GetDetailWaitingCompanyTest","getDetailWaitingCompany"
"List Manage Settlement Backoffice Menggunakan Login Admin","4816","listManageSettlementWithAdminLogin","Surefire suite","Thu Sep 17 06:01:59 UTC 2026","passed","Thu Sep 17 06:02:03 UTC 2026","testcases.backoffice.settlement.ManageSettlementTest","Surefire test","testcases.backoffice.settlement.ManageSettlementTest","listManageSettlementWithAdminLogin"
"List Currency USDT Menggunakan HTTP Method PUT","1621","getCurrencyWithPutMethod","Surefire suite","Thu Sep 17 05:04:00 UTC 2026","passed","Thu Sep 17 05:04:01 UTC 2026","testcases.backoffice.currency.GetCurrencyTest","Surefire test","testcases.backoffice.currency.GetCurrencyTest","getCurrencyWithPutMethod"
"Mutasi Manual Transfer Balance CS","33000","mutasiManualTransferBalanceCS","Surefire suite","Thu Sep 17 04:34:52 UTC 2026","passed","Thu Sep 17 04:35:25 UTC 2026","testcases.mutasi.MutasiTransferTest","Surefire test","testcases.mutasi.MutasiTransferTest","mutasiManualTransferBalanceCS"
"Add Currency CS Admin Path Menggunakan Login Merchant","4650","addCurrencyWithMerchantLogin","Surefire suite","Thu Sep 17 04:59:07 UTC 2026","passed","Thu Sep 17 04:59:11 UTC 2026","testcases.backoffice.currency.AddCurrencyTest","Surefire test","testcases.backoffice.currency.AddCurrencyTest","addCurrencyWithMerchantLogin"
"Request Refund Manual Transfer Merchant","10392","refundManualTransferMerchant","Surefire suite","Thu Sep 17 05:10:12 UTC 2026","failed","Thu Sep 17 05:10:23 UTC 2026","testcases.transfer.RefundTransferTest","Surefire test","testcases.transfer.RefundTransferTest","refundManualTransferMerchant"
"Get List Group Backoffice Dengan page Bertipe String","1518","getListGroupWithPageAsString","Surefire suite","Thu Sep 17 05:36:59 UTC 2026","passed","Thu Sep 17 05:37:01 UTC 2026","testcases.backoffice.group.GetListGroupTest","Surefire test","testcases.backoffice.group.GetListGroupTest","getListGroupWithPageAsString"
"List Refund Dengan Tipe Data Salah pada Field Limit (String, Bukan Integer)","4815","listRefundWithInvalidFieldType","Surefire suite","Thu Sep 17 05:13:26 UTC 2026","passed","Thu Sep 17 05:13:31 UTC 2026","testcases.backoffice.ListRefundTest","Surefire test","testcases.backoffice.ListRefundTest","listRefundWithInvalidFieldType"
"Mutasi USDT Transfer Balance CS","33610","mutasiUSDTTransferBalanceCS","Surefire suite","Thu Sep 17 04:45:12 UTC 2026","passed","Thu Sep 17 04:45:45 UTC 2026","testcases.mutasi.MutasiTransferTest","Surefire test","testcases.mutasi.MutasiTransferTest","mutasiUSDTTransferBalanceCS"
"Get List Group Company BO Menggunakan HTTP Method PATCH","4567","getListGroupCompanyWithPatchMethod","Surefire suite","Thu Sep 17 06:23:31 UTC 2026","passed","Thu Sep 17 06:23:36 UTC 2026","testcases.backoffice.settlement.GetListGroupCompanyTest","Surefire test","testcases.backoffice.settlement.GetListGroupCompanyTest","getListGroupCompanyWithPatchMethod"
"Get List Google Authenticator Dengan Page/Size Negatif","4513","listOtpGoogleWithNegativePageSize","Surefire suite","Thu Sep 17 06:35:50 UTC 2026","passed","Thu Sep 17 06:35:55 UTC 2026","testcases.backoffice.googleauth.ListOtpGoogleTest","Surefire test","testcases.backoffice.googleauth.ListOtpGoogleTest","listOtpGoogleWithNegativePageSize"
"Success Login Merchant","3671","testLoginWithCaptcha","Surefire suite","Thu Sep 17 03:23:35 UTC 2026","passed","Thu Sep 17 03:23:39 UTC 2026","testcases.auth.LoginTest","Surefire test","testcases.auth.LoginTest","testLoginWithCaptcha"
"Get Dashboard Backoffice Menggunakan Login Admin","4695","getDashboardWithAdminLogin","Surefire suite","Thu Sep 17 04:13:56 UTC 2026","passed","Thu Sep 17 04:14:01 UTC 2026","testcases.backoffice.GetDashboardTest","Surefire test","testcases.backoffice.GetDashboardTest","getDashboardWithAdminLogin"
"Resend Google Authenticator Dengan email Berisi Payload XSS","4503","resendOtpGoogleWithXssEmail","Surefire suite","Thu Sep 17 06:43:00 UTC 2026","passed","Thu Sep 17 06:43:04 UTC 2026","testcases.backoffice.googleauth.ResendOtpGoogleTest","Surefire test","testcases.backoffice.googleauth.ResendOtpGoogleTest","resendOtpGoogleWithXssEmail"
"Get Balance Admin Crypto Transfer","6284","getBalanceAdminCrypto","Surefire suite","Thu Sep 17 04:12:04 UTC 2026","passed","Thu Sep 17 04:12:10 UTC 2026","testcases.balance.GetBalanceTransferTest","Surefire test","testcases.balance.GetBalanceTransferTest","getBalanceAdminCrypto"
"Get Group Detail Backoffice Dengan Token Tidak Valid","1565","getGroupDetailWithInvalidToken","Surefire suite","Thu Sep 17 05:26:30 UTC 2026","passed","Thu Sep 17 05:26:32 UTC 2026","testcases.backoffice.group.GetGroupTest","Surefire test","testcases.backoffice.group.GetGroupTest","getGroupDetailWithInvalidToken"
"Reset Pin Group","5102","resetPinGroup","Surefire suite","Thu Sep 17 06:55:27 UTC 2026","passed","Thu Sep 17 06:55:32 UTC 2026","testcases.settings.ResetPinTest","Surefire test","testcases.settings.ResetPinTest","resetPinGroup"
"Add Group Backoffice Menggunakan HTTP Method PATCH","1584","addGroupWithPatchMethod","Surefire suite","Thu Sep 17 05:32:24 UTC 2026","passed","Thu Sep 17 05:32:26 UTC 2026","testcases.backoffice.group.AddGroupTest","Surefire test","testcases.backoffice.group.AddGroupTest","addGroupWithPatchMethod"
"Delete Group Backoffice Menggunakan HTTP Method DELETE","1484","deleteGroupWithDeleteMethod","Surefire suite","Thu Sep 17 05:41:08 UTC 2026","passed","Thu Sep 17 05:41:10 UTC 2026","testcases.backoffice.group.DeleteGroupTest","Surefire test","testcases.backoffice.group.DeleteGroupTest","deleteGroupWithDeleteMethod"
"Get Notification Sender Ke Path yang Tidak Ada (Typo)","4859","getNotificationSenderWithWrongPath","Surefire suite","Thu Sep 17 06:30:51 UTC 2026","passed","Thu Sep 17 06:30:56 UTC 2026","testcases.backoffice.notifsender.NotificationSenderTest","Surefire test","testcases.backoffice.notifsender.NotificationSenderTest","getNotificationSenderWithWrongPath"
"Add Group Backoffice Menggunakan HTTP Method GET","1566","addGroupWithGetMethod","Surefire suite","Thu Sep 17 05:31:23 UTC 2026","passed","Thu Sep 17 05:31:24 UTC 2026","testcases.backoffice.group.AddGroupTest","Surefire test","testcases.backoffice.group.AddGroupTest","addGroupWithGetMethod"
"Get Balance Merchant with Login Supervisor","4927","getBalanceMerchantLoginSupervisor","Surefire suite","Thu Sep 17 04:10:30 UTC 2026","passed","Thu Sep 17 04:10:34 UTC 2026","testcases.balance.GetBalanceQrisTest","Surefire test","testcases.balance.GetBalanceQrisTest","getBalanceMerchantLoginSupervisor"
"Refund Summary Dengan Field Tidak Dikenal pada Body","1550","getRefundWithUnknownField","Surefire suite","Thu Sep 17 05:18:57 UTC 2026","passed","Thu Sep 17 05:18:59 UTC 2026","testcases.backoffice.refund.GetRefundTest","Surefire test","testcases.backoffice.refund.GetRefundTest","getRefundWithUnknownField"
"Add Group Backoffice Dengan Body Berupa JSON Array ([])","4736","addGroupWithArrayBody","Surefire suite","Thu Sep 17 05:30:09 UTC 2026","passed","Thu Sep 17 05:30:14 UTC 2026","testcases.backoffice.group.AddGroupTest","Surefire test","testcases.backoffice.group.AddGroupTest","addGroupWithArrayBody"
"Add Currency CS Admin Path Menggunakan HTTP Method PUT","1602","addCurrencyWithPutMethod","Surefire suite","Thu Sep 17 04:59:42 UTC 2026","passed","Thu Sep 17 04:59:44 UTC 2026","testcases.backoffice.currency.AddCurrencyTest","Surefire test","testcases.backoffice.currency.AddCurrencyTest","addCurrencyWithPutMethod"
"Normal Flop Transfer Balance Admin Crypto Success","10635","flopTransferBalanceAdminCrypto","Surefire suite","Thu Sep 17 04:05:46 UTC 2026","passed","Thu Sep 17 04:05:57 UTC 2026","testcases.transfer.TransferFlopTest","Surefire test","testcases.transfer.TransferFlopTest","flopTransferBalanceAdminCrypto"
"Delete Manage Settlement BO Dengan Header Authorization Tanpa Skema Bearer","1499","deleteManageSettlementWithMalformedAuthorizationHeader","Surefire suite","Thu Sep 17 06:17:32 UTC 2026","passed","Thu Sep 17 06:17:34 UTC 2026","testcases.backoffice.settlement.DeleteManageSettlementTest","Surefire test","testcases.backoffice.settlement.DeleteManageSettlementTest","deleteManageSettlementWithMalformedAuthorizationHeader"
"Add Group Backoffice Dengan name String Kosong","1689","addGroupWithEmptyName","Surefire suite","Thu Sep 17 05:31:00 UTC 2026","passed","Thu Sep 17 05:31:02 UTC 2026","testcases.backoffice.group.AddGroupTest","Surefire test","testcases.backoffice.group.AddGroupTest","addGroupWithEmptyName"
"Get List Group Company BO Dengan groupName Tidak Terdaftar","4615","getListGroupCompanyWithNonExistentGroupName","Surefire suite","Thu Sep 17 06:23:16 UTC 2026","passed","Thu Sep 17 06:23:20 UTC 2026","testcases.backoffice.settlement.GetListGroupCompanyTest","Surefire test","testcases.backoffice.settlement.GetListGroupCompanyTest","getListGroupCompanyWithNonExistentGroupName"
"List Currency USDT Menggunakan Login Admin Crypto","4783","getCurrencyWithAdminCryptoLogin","Surefire suite","Thu Sep 17 05:01:58 UTC 2026","passed","Thu Sep 17 05:02:03 UTC 2026","testcases.backoffice.currency.GetCurrencyTest","Surefire test","testcases.backoffice.currency.GetCurrencyTest","getCurrencyWithAdminCryptoLogin"
"List Currency USDT Menggunakan HTTP Method PATCH","1564","getCurrencyWithPatchMethod","Surefire suite","Thu Sep 17 05:03:55 UTC 2026","passed","Thu Sep 17 05:03:57 UTC 2026","testcases.backoffice.currency.GetCurrencyTest","Surefire test","testcases.backoffice.currency.GetCurrencyTest","getCurrencyWithPatchMethod"
"Delete Group Backoffice Dengan Body JSON Tidak Valid (Malformed)","1555","deleteGroupWithMalformedJson","Surefire suite","Thu Sep 17 05:41:54 UTC 2026","passed","Thu Sep 17 05:41:55 UTC 2026","testcases.backoffice.group.DeleteGroupTest","Surefire test","testcases.backoffice.group.DeleteGroupTest","deleteGroupWithMalformedJson"
"Get Detail Waiting Company Backoffice Menggunakan Login Admin Crypto","4785","getDetailWaitingCompanyWithAdminCryptoLogin","Surefire suite","Thu Sep 17 05:55:44 UTC 2026","passed","Thu Sep 17 05:55:49 UTC 2026","testcases.backoffice.GetDetailWaitingCompanyTest","Surefire test","testcases.backoffice.GetDetailWaitingCompanyTest","getDetailWaitingCompanyWithAdminCryptoLogin"
"Test Settlement USDT dengan check Fee di Admin Crypto dan Admin Fee","46025","settlementUSDT","Surefire suite","Thu Sep 17 04:26:07 UTC 2026","passed","Thu Sep 17 04:26:53 UTC 2026","testcases.backoffice.ApprovalTransferTest","Surefire test","testcases.backoffice.ApprovalTransferTest","settlementUSDT"
"Add Currency CS Admin Path Dengan Field Tidak Dikenal pada Body","1823","addCurrencyWithUnknownField","Surefire suite","Thu Sep 17 05:00:04 UTC 2026","passed","Thu Sep 17 05:00:06 UTC 2026","testcases.backoffice.currency.AddCurrencyTest","Surefire test","testcases.backoffice.currency.AddCurrencyTest","addCurrencyWithUnknownField"
"Get List Google Authenticator","7694","getListOtpGoogle","Surefire suite","Thu Sep 17 06:33:30 UTC 2026","passed","Thu Sep 17 06:33:38 UTC 2026","testcases.backoffice.googleauth.ListOtpGoogleTest","Surefire test","testcases.backoffice.googleauth.ListOtpGoogleTest","getListOtpGoogle"
"Get History Special Transfer Merchant on Login CS Admin","11741","historySpecialTransferMerchantTestCSAdmin","Surefire suite","Thu Sep 17 03:32:11 UTC 2026","passed","Thu Sep 17 03:32:23 UTC 2026","testcases.history.HistoryTransferTest","Surefire test","testcases.history.HistoryTransferTest","historySpecialTransferMerchantTestCSAdmin"
"Get History QR Success Paid","8151","historyQRTestPaid","Surefire suite","Thu Sep 17 03:26:40 UTC 2026","passed","Thu Sep 17 03:26:48 UTC 2026","testcases.history.HistoryQRTest","Surefire test","testcases.history.HistoryQRTest","historyQRTestPaid"
"Delete Group Backoffice Menggunakan Login Supervisor","4684","deleteGroupWithSupervisorLogin","Surefire suite","Thu Sep 17 05:42:55 UTC 2026","passed","Thu Sep 17 05:43:00 UTC 2026","testcases.backoffice.group.DeleteGroupTest","Surefire test","testcases.backoffice.group.DeleteGroupTest","deleteGroupWithSupervisorLogin"
"Test Approve Special Transfer Supervisor dengan check Fee di Admin Fee","26738","approvedSpecialTransferSupervisorBalance","Surefire suite","Thu Sep 17 04:21:25 UTC 2026","passed","Thu Sep 17 04:21:52 UTC 2026","testcases.backoffice.ApprovalTransferTest","Surefire test","testcases.backoffice.ApprovalTransferTest","approvedSpecialTransferSupervisorBalance"
"Test Get Bank Statement","7818","getReportBankStatementAdmin","Surefire suite","Thu Sep 17 04:48:28 UTC 2026","passed","Thu Sep 17 04:48:35 UTC 2026","testcases.report.ReportTransactionTest","Surefire test","testcases.report.ReportTransactionTest","getReportBankStatementAdmin"
"Delete Group Backoffice Dengan Header Authorization Tanpa Skema Bearer","1471","deleteGroupWithMalformedAuthorizationHeader","Surefire suite","Thu Sep 17 05:41:49 UTC 2026","passed","Thu Sep 17 05:41:51 UTC 2026","testcases.backoffice.group.DeleteGroupTest","Surefire test","testcases.backoffice.group.DeleteGroupTest","deleteGroupWithMalformedAuthorizationHeader"
"Get List Group Company BO Menggunakan Login Supervisor","4871","getListGroupCompanyWithSupervisorLogin","Surefire suite","Thu Sep 17 06:24:02 UTC 2026","passed","Thu Sep 17 06:24:07 UTC 2026","testcases.backoffice.settlement.GetListGroupCompanyTest","Surefire test","testcases.backoffice.settlement.GetListGroupCompanyTest","getListGroupCompanyWithSupervisorLogin"
"Refund Summary Menggunakan HTTP Method PATCH","1519","getRefundWithPatchMethod","Surefire suite","Thu Sep 17 05:18:31 UTC 2026","passed","Thu Sep 17 05:18:33 UTC 2026","testcases.backoffice.refund.GetRefundTest","Surefire test","testcases.backoffice.refund.GetRefundTest","getRefundWithPatchMethod"
"","5002","listUSDT","Surefire suite","Thu Sep 17 04:29:53 UTC 2026","passed","Thu Sep 17 04:29:58 UTC 2026","testcases.backoffice.ListTransferTest","Surefire test","testcases.backoffice.ListTransferTest","listUSDT"
"List Manage Settlement Backoffice Dengan Body JSON Tidak Valid (Malformed)","4669","listManageSettlementWithMalformedJson","Surefire suite","Thu Sep 17 06:03:32 UTC 2026","passed","Thu Sep 17 06:03:37 UTC 2026","testcases.backoffice.settlement.ManageSettlementTest","Surefire test","testcases.backoffice.settlement.ManageSettlementTest","listManageSettlementWithMalformedJson"
"Refund Summary Tanpa Body Sama Sekali","1526","getRefundWithoutBody","Surefire suite","Thu Sep 17 05:19:24 UTC 2026","passed","Thu Sep 17 05:19:26 UTC 2026","testcases.backoffice.refund.GetRefundTest","Surefire test","testcases.backoffice.refund.GetRefundTest","getRefundWithoutBody"
"Delete Group Backoffice Dengan Body Berupa JSON Array ([])","1508","deleteGroupWithArrayBody","Surefire suite","Thu Sep 17 05:40:48 UTC 2026","passed","Thu Sep 17 05:40:50 UTC 2026","testcases.backoffice.group.DeleteGroupTest","Surefire test","testcases.backoffice.group.DeleteGroupTest","deleteGroupWithArrayBody"
"Mutasi Transfer","8209","mutasiTransferAdminCrypto","Surefire suite","Thu Sep 17 04:42:04 UTC 2026","passed","Thu Sep 17 04:42:12 UTC 2026","testcases.mutasi.MutasiTransferTest","Surefire test","testcases.mutasi.MutasiTransferTest","mutasiTransferAdminCrypto"
"Test Rejected Special Transfer Supervisor","13980","rejectedSpecialTransferSupervisor","Surefire suite","Thu Sep 17 04:25:08 UTC 2026","passed","Thu Sep 17 04:25:22 UTC 2026","testcases.backoffice.ApprovalTransferTest","Surefire test","testcases.backoffice.ApprovalTransferTest","rejectedSpecialTransferSupervisor"
"","7748","inquiryFavoriteAccount","Surefire suite","Thu Sep 17 07:03:44 UTC 2026","passed","Thu Sep 17 07:03:52 UTC 2026","testcases.settings.favoriteaccount.InquiryFavoriteAccountTest","Surefire test","testcases.settings.favoriteaccount.InquiryFavoriteAccountTest","inquiryFavoriteAccount"
"Get List Group Company BO Tanpa Header groupName","9101","getListGroupCompanyWithoutGroupNameHeader","Surefire suite","Thu Sep 17 06:24:38 UTC 2026","passed","Thu Sep 17 06:24:47 UTC 2026","testcases.backoffice.settlement.GetListGroupCompanyTest","Surefire test","testcases.backoffice.settlement.GetListGroupCompanyTest","getListGroupCompanyWithoutGroupNameHeader"
"Add Group Backoffice Dengan Token Tidak Valid","1588","addGroupWithInvalidToken","Surefire suite","Thu Sep 17 05:31:27 UTC 2026","passed","Thu Sep 17 05:31:29 UTC 2026","testcases.backoffice.group.AddGroupTest","Surefire test","testcases.backoffice.group.AddGroupTest","addGroupWithInvalidToken"
"Transfer Success Admin Crypto with before and after Balanced","10209","transferBalanceAdminCrypto","Surefire suite","Thu Sep 17 03:41:41 UTC 2026","passed","Thu Sep 17 03:41:52 UTC 2026","testcases.transfer.TransferTest","Surefire test","testcases.transfer.TransferTest","transferBalanceAdminCrypto"
"Add Group Backoffice Menggunakan HTTP Method PUT","1711","addGroupWithPutMethod","Surefire suite","Thu Sep 17 05:32:29 UTC 2026","passed","Thu Sep 17 05:32:31 UTC 2026","testcases.backoffice.group.AddGroupTest","Surefire test","testcases.backoffice.group.AddGroupTest","addGroupWithPutMethod"
"Add Group Backoffice Menggunakan HTTP Method DELETE","1589","addGroupWithDeleteMethod","Surefire suite","Thu Sep 17 05:30:32 UTC 2026","passed","Thu Sep 17 05:30:34 UTC 2026","testcases.backoffice.group.AddGroupTest","Surefire test","testcases.backoffice.group.AddGroupTest","addGroupWithDeleteMethod"
"Get List Google Authenticator Tanpa Body Sama Sekali","4572","listOtpGoogleWithoutBody","Surefire suite","Thu Sep 17 06:37:03 UTC 2026","passed","Thu Sep 17 06:37:08 UTC 2026","testcases.backoffice.googleauth.ListOtpGoogleTest","Surefire test","testcases.backoffice.googleauth.ListOtpGoogleTest","listOtpGoogleWithoutBody"
"Create Manage Settlement BO Dengan Token Tidak Valid","1486","addManageSettlementWithInvalidToken","Surefire suite","Thu Sep 17 06:11:18 UTC 2026","passed","Thu Sep 17 06:11:20 UTC 2026","testcases.backoffice.settlement.AddManageSettlementTest","Surefire test","testcases.backoffice.settlement.AddManageSettlementTest","addManageSettlementWithInvalidToken"
"Create Manage Settlement BO Dengan Payload XSS pada companyName","4646","addManageSettlementWithXssCompanyName","Surefire suite","Thu Sep 17 06:13:15 UTC 2026","passed","Thu Sep 17 06:13:20 UTC 2026","testcases.backoffice.settlement.AddManageSettlementTest","Surefire test","testcases.backoffice.settlement.AddManageSettlementTest","addManageSettlementWithXssCompanyName"
"Reset Password Marketing","4763","resetPasswordMarketing","Surefire suite","Thu Sep 17 06:51:49 UTC 2026","passed","Thu Sep 17 06:51:53 UTC 2026","testcases.settings.ResetPasswordTest","Surefire test","testcases.settings.ResetPasswordTest","resetPasswordMarketing"
"Get Notification Sender Dengan pinValidasi Berupa Angka (Bukan String)","5162","getNotificationSenderWithNumericPinValidasi","Surefire suite","Thu Sep 17 06:29:49 UTC 2026","passed","Thu Sep 17 06:29:54 UTC 2026","testcases.backoffice.notifsender.NotificationSenderTest","Surefire test","testcases.backoffice.notifsender.NotificationSenderTest","getNotificationSenderWithNumericPinValidasi"
"Create Manage Settlement BO Menggunakan HTTP Method GET","4787","addManageSettlementWithGetMethod","Surefire suite","Thu Sep 17 06:11:03 UTC 2026","passed","Thu Sep 17 06:11:08 UTC 2026","testcases.backoffice.settlement.AddManageSettlementTest","Surefire test","testcases.backoffice.settlement.AddManageSettlementTest","addManageSettlementWithGetMethod"
"List Company Backoffice Menggunakan Login Admin Crypto","4743","listCompanyWithAdminCryptoLogin","Surefire suite","Thu Sep 17 05:46:28 UTC 2026","passed","Thu Sep 17 05:46:33 UTC 2026","testcases.backoffice.ListCompanyTest","Surefire test","testcases.backoffice.ListCompanyTest","listCompanyWithAdminCryptoLogin"
"Get Group Detail Backoffice Dengan Token Kadaluarsa","1572","getGroupDetailWithExpiredToken","Surefire suite","Thu Sep 17 05:26:10 UTC 2026","passed","Thu Sep 17 05:26:11 UTC 2026","testcases.backoffice.group.GetGroupTest","Surefire test","testcases.backoffice.group.GetGroupTest","getGroupDetailWithExpiredToken"
"Add Group Backoffice Dengan name Hanya Spasi","1590","addGroupWithWhitespaceName","Surefire suite","Thu Sep 17 05:32:55 UTC 2026","passed","Thu Sep 17 05:32:56 UTC 2026","testcases.backoffice.group.AddGroupTest","Surefire test","testcases.backoffice.group.AddGroupTest","addGroupWithWhitespaceName"
"Resend Google Authenticator Dengan Body JSON Tidak Valid (Malformed)","4582","resendOtpGoogleWithMalformedJson","Surefire suite","Thu Sep 17 06:41:03 UTC 2026","passed","Thu Sep 17 06:41:08 UTC 2026","testcases.backoffice.googleauth.ResendOtpGoogleTest","Surefire test","testcases.backoffice.googleauth.ResendOtpGoogleTest","resendOtpGoogleWithMalformedJson"
"Get Detail Waiting Company Backoffice Dengan Id Berisi Payload XSS","4775","getDetailWaitingCompanyWithXssId","Surefire suite","Thu Sep 17 05:58:09 UTC 2026","passed","Thu Sep 17 05:58:14 UTC 2026","testcases.backoffice.GetDetailWaitingCompanyTest","Surefire test","testcases.backoffice.GetDetailWaitingCompanyTest","getDetailWaitingCompanyWithXssId"
"List Manage Settlement Backoffice Menggunakan Login Marketing","4706","listManageSettlementWithMarketingLogin","Surefire suite","Thu Sep 17 06:03:47 UTC 2026","passed","Thu Sep 17 06:03:52 UTC 2026","testcases.backoffice.settlement.ManageSettlementTest","Surefire test","testcases.backoffice.settlement.ManageSettlementTest","listManageSettlementWithMarketingLogin"
"Refund Summary Dengan Token Kadaluarsa","1560","getRefundWithExpiredToken","Surefire suite","Thu Sep 17 05:17:16 UTC 2026","passed","Thu Sep 17 05:17:18 UTC 2026","testcases.backoffice.refund.GetRefundTest","Surefire test","testcases.backoffice.refund.GetRefundTest","getRefundWithExpiredToken"
"Test Approve Manual Transfer Supervisor dengan check Fee di Admin Crypto dan Admin Fee","42514","approvedCashDepositBalanceSupervisor","Surefire suite","Thu Sep 17 04:19:18 UTC 2026","passed","Thu Sep 17 04:20:00 UTC 2026","testcases.backoffice.ApprovalTransferTest","Surefire test","testcases.backoffice.ApprovalTransferTest","approvedCashDepositBalanceSupervisor"
"Test Reject USDT Supervisor","17706","rejectedUSDTSupervisor","Surefire suite","Thu Sep 17 04:25:46 UTC 2026","passed","Thu Sep 17 04:26:04 UTC 2026","testcases.backoffice.ApprovalTransferTest","Surefire test","testcases.backoffice.ApprovalTransferTest","rejectedUSDTSupervisor"
"List Manage Settlement Backoffice Menggunakan HTTP Method DELETE","4633","listManageSettlementWithDeleteMethod","Surefire suite","Thu Sep 17 06:02:31 UTC 2026","passed","Thu Sep 17 06:02:36 UTC 2026","testcases.backoffice.settlement.ManageSettlementTest","Surefire test","testcases.backoffice.settlement.ManageSettlementTest","listManageSettlementWithDeleteMethod"
"Get List Group Backoffice Tanpa Login/Header Auth","1507","getListGroupWithoutAuth","Surefire suite","Thu Sep 17 05:37:56 UTC 2026","passed","Thu Sep 17 05:37:58 UTC 2026","testcases.backoffice.group.GetListGroupTest","Surefire test","testcases.backoffice.group.GetListGroupTest","getListGroupWithoutAuth"
"List Waiting Company Backoffice Dengan Page/Size Negatif","4730","listWaitingCompanyWithNegativePageSize","Surefire suite","Thu Sep 17 05:52:20 UTC 2026","passed","Thu Sep 17 05:52:25 UTC 2026","testcases.backoffice.ListWaitingCompanyTest","Surefire test","testcases.backoffice.ListWaitingCompanyTest","listWaitingCompanyWithNegativePageSize"
"Inquiry Test Special Transfer Merchant Supervisor","4873","inquirySpecialTransferSupervisor","Surefire suite","Thu Sep 17 03:46:53 UTC 2026","passed","Thu Sep 17 03:46:58 UTC 2026","testcases.transfer.InquirySpecialTransferTest","Surefire test","testcases.transfer.InquirySpecialTransferTest","inquirySpecialTransferSupervisor"
"List Manage Settlement Backoffice Dengan Page/Size Negatif","4625","listManageSettlementWithNegativePageSize","Surefire suite","Thu Sep 17 06:04:03 UTC 2026","passed","Thu Sep 17 06:04:08 UTC 2026","testcases.backoffice.settlement.ManageSettlementTest","Surefire test","testcases.backoffice.settlement.ManageSettlementTest","listManageSettlementWithNegativePageSize"
"Get List Google Authenticator Menggunakan Login CS Admin","4770","listOtpGoogleWithCSAdminLogin","Surefire suite","Thu Sep 17 06:34:04 UTC 2026","passed","Thu Sep 17 06:34:09 UTC 2026","testcases.backoffice.googleauth.ListOtpGoogleTest","Surefire test","testcases.backoffice.googleauth.ListOtpGoogleTest","listOtpGoogleWithCSAdminLogin"
"List Currency USDT Dengan Field Tidak Dikenal pada Body","1623","getCurrencyWithUnknownField","Surefire suite","Thu Sep 17 05:04:17 UTC 2026","passed","Thu Sep 17 05:04:18 UTC 2026","testcases.backoffice.currency.GetCurrencyTest","Surefire test","testcases.backoffice.currency.GetCurrencyTest","getCurrencyWithUnknownField"
"Get Balance Marketing","4924","getBalanceMarketing","Surefire suite","Thu Sep 17 04:10:05 UTC 2026","passed","Thu Sep 17 04:10:10 UTC 2026","testcases.balance.GetBalanceQrisTest","Surefire test","testcases.balance.GetBalanceQrisTest","getBalanceMarketing"
"Get List Google Authenticator Menggunakan HTTP Method PATCH","4651","listOtpGoogleWithPatchMethod","Surefire suite","Thu Sep 17 06:36:05 UTC 2026","passed","Thu Sep 17 06:36:10 UTC 2026","testcases.backoffice.googleauth.ListOtpGoogleTest","Surefire test","testcases.backoffice.googleauth.ListOtpGoogleTest","listOtpGoogleWithPatchMethod"
"Refund Summary Dengan endDate Bukan Format Tanggal","1595","getRefundWithInvalidEndDate","Surefire suite","Thu Sep 17 05:17:30 UTC 2026","passed","Thu Sep 17 05:17:32 UTC 2026","testcases.backoffice.refund.GetRefundTest","Surefire test","testcases.backoffice.refund.GetRefundTest","getRefundWithInvalidEndDate"
"Get List Google Authenticator Dengan Sort Tanpa Operator '=='","4674","listOtpGoogleWithMalformedSortOperator","Surefire suite","Thu Sep 17 06:35:27 UTC 2026","passed","Thu Sep 17 06:35:32 UTC 2026","testcases.backoffice.googleauth.ListOtpGoogleTest","Surefire test","testcases.backoffice.googleauth.ListOtpGoogleTest","listOtpGoogleWithMalformedSortOperator"
"Login Merchant dengan Username Kosong","3112","testLoginEmptyUsername","Surefire suite","Thu Sep 17 03:22:26 UTC 2026","failed","Thu Sep 17 03:22:30 UTC 2026","testcases.auth.LoginTest","Surefire test","testcases.auth.LoginTest","testLoginEmptyUsername"
"Add Group Backoffice Menggunakan Login Supervisor","4572","addGroupWithSupervisorLogin","Surefire suite","Thu Sep 17 05:32:38 UTC 2026","passed","Thu Sep 17 05:32:43 UTC 2026","testcases.backoffice.group.AddGroupTest","Surefire test","testcases.backoffice.group.AddGroupTest","addGroupWithSupervisorLogin"
"Get List Group Backoffice Dengan size 0","1475","getListGroupWithZeroSize","Surefire suite","Thu Sep 17 05:37:52 UTC 2026","passed","Thu Sep 17 05:37:53 UTC 2026","testcases.backoffice.group.GetListGroupTest","Surefire test","testcases.backoffice.group.GetListGroupTest","getListGroupWithZeroSize"
"Mutasi USDT Transfer Balance","32982","mutasiUSDTTransferBalance","Surefire suite","Thu Sep 17 04:44:36 UTC 2026","passed","Thu Sep 17 04:45:09 UTC 2026","testcases.mutasi.MutasiTransferTest","Surefire test","testcases.mutasi.MutasiTransferTest","mutasiUSDTTransferBalance"
"Success Login CS Admin","3152","testLoginCSAdmin","Surefire suite","Thu Sep 17 03:22:14 UTC 2026","passed","Thu Sep 17 03:22:17 UTC 2026","testcases.auth.LoginTest","Surefire test","testcases.auth.LoginTest","testLoginCSAdmin"
"Get Group Detail Backoffice","8188","getGroupDetail","Surefire suite","Thu Sep 17 05:25:27 UTC 2026","passed","Thu Sep 17 05:25:35 UTC 2026","testcases.backoffice.group.GetGroupTest","Surefire test","testcases.backoffice.group.GetGroupTest","getGroupDetail"
"Mutasi Manual Transfer CS","27358","mutasiManualTransferCS","Surefire suite","Thu Sep 17 04:36:45 UTC 2026","passed","Thu Sep 17 04:37:12 UTC 2026","testcases.mutasi.MutasiTransferTest","Surefire test","testcases.mutasi.MutasiTransferTest","mutasiManualTransferCS"
"Transfer Different Partner Reference, Manual Transfer to Transfer","20885","trfPartnerRefManualFailed","Surefire suite","Thu Sep 17 03:42:32 UTC 2026","passed","Thu Sep 17 03:42:53 UTC 2026","testcases.transfer.TransferTest","Surefire test","testcases.transfer.TransferTest","trfPartnerRefManualFailed"
"Delete Manage Settlement BO Ke Path yang Tidak Ada (Typo)","4847","deleteManageSettlementWithWrongPath","Surefire suite","Thu Sep 17 06:19:02 UTC 2026","passed","Thu Sep 17 06:19:06 UTC 2026","testcases.backoffice.settlement.DeleteManageSettlementTest","Surefire test","testcases.backoffice.settlement.DeleteManageSettlementTest","deleteManageSettlementWithWrongPath"
"Delete Google Authenticator Menggunakan HTTP Method DELETE","4563","deleteOtpGoogleWithDeleteMethod","Surefire suite","Thu Sep 17 06:46:30 UTC 2026","passed","Thu Sep 17 06:46:34 UTC 2026","testcases.backoffice.googleauth.DeleteOtpGoogleTest","Surefire test","testcases.backoffice.googleauth.DeleteOtpGoogleTest","deleteOtpGoogleWithDeleteMethod"
"Delete Group Backoffice Dengan Karakter SQL Injection pada id","1588","deleteGroupWithSqlInjectionId","Surefire suite","Thu Sep 17 05:42:51 UTC 2026","passed","Thu Sep 17 05:42:52 UTC 2026","testcases.backoffice.group.DeleteGroupTest","Surefire test","testcases.backoffice.group.DeleteGroupTest","deleteGroupWithSqlInjectionId"
"Test Approved Manual Transfer","24462","approvedCashDeposit","Surefire suite","Thu Sep 17 04:18:03 UTC 2026","passed","Thu Sep 17 04:18:28 UTC 2026","testcases.backoffice.ApprovalTransferTest","Surefire test","testcases.backoffice.ApprovalTransferTest","approvedCashDeposit"
"List Manage Settlement Backoffice Dengan Ukuran Halaman Sangat Besar","6112","listManageSettlementWithHugeSize","Surefire suite","Thu Sep 17 06:02:59 UTC 2026","passed","Thu Sep 17 06:03:05 UTC 2026","testcases.backoffice.settlement.ManageSettlementTest","Surefire test","testcases.backoffice.settlement.ManageSettlementTest","listManageSettlementWithHugeSize"
"Get List Group Backoffice Dengan page Negatif","1519","getListGroupWithNegativePage","Surefire suite","Thu Sep 17 05:36:45 UTC 2026","passed","Thu Sep 17 05:36:47 UTC 2026","testcases.backoffice.group.GetListGroupTest","Surefire test","testcases.backoffice.group.GetListGroupTest","getListGroupWithNegativePage"
"Add Group Backoffice Tanpa Login/Header Auth","1578","addGroupWithoutAuth","Surefire suite","Thu Sep 17 05:33:18 UTC 2026","passed","Thu Sep 17 05:33:19 UTC 2026","testcases.backoffice.group.AddGroupTest","Surefire test","testcases.backoffice.group.AddGroupTest","addGroupWithoutAuth"
"Get History Flop Transfer Test CS","12153","historyFlopTransferTestCS","Surefire suite","Thu Sep 17 03:29:45 UTC 2026","passed","Thu Sep 17 03:29:58 UTC 2026","testcases.history.HistoryTransferTest","Surefire test","testcases.history.HistoryTransferTest","historyFlopTransferTestCS"
"Add Currency CS Admin Path Dengan Token Tidak Valid","1506","addCurrencyWithInvalidToken","Surefire suite","Thu Sep 17 04:58:45 UTC 2026","passed","Thu Sep 17 04:58:46 UTC 2026","testcases.backoffice.currency.AddCurrencyTest","Surefire test","testcases.backoffice.currency.AddCurrencyTest","addCurrencyWithInvalidToken"
"Get Detail User Backoffice Tanpa Login/Header Auth","1470","getUsersWithoutAuth","Surefire suite","Thu Sep 17 05:21:59 UTC 2026","passed","Thu Sep 17 05:22:01 UTC 2026","testcases.backoffice.users.ListUsersTest","Surefire test","testcases.backoffice.users.ListUsersTest","getUsersWithoutAuth"
"Delete Group Backoffice Menggunakan HTTP Method PATCH","1572","deleteGroupWithPatchMethod","Surefire suite","Thu Sep 17 05:42:41 UTC 2026","passed","Thu Sep 17 05:42:43 UTC 2026","testcases.backoffice.group.DeleteGroupTest","Surefire test","testcases.backoffice.group.DeleteGroupTest","deleteGroupWithPatchMethod"
"Get User Backoffice Dengan Token Tidak Valid","1566","getUserWithInvalidToken","Surefire suite","Thu Sep 17 04:15:41 UTC 2026","passed","Thu Sep 17 04:15:43 UTC 2026","testcases.backoffice.GetDashboardTest","Surefire test","testcases.backoffice.GetDashboardTest","getUserWithInvalidToken"
"List Currency USDT Tanpa Body Sama Sekali","1578","getCurrencyWithoutBody","Surefire suite","Thu Sep 17 05:04:44 UTC 2026","passed","Thu Sep 17 05:04:46 UTC 2026","testcases.backoffice.currency.GetCurrencyTest","Surefire test","testcases.backoffice.currency.GetCurrencyTest","getCurrencyWithoutBody"
"Get List Group Backoffice Menggunakan Login Customer Service","4626","getListGroupWithCSLogin","Surefire suite","Thu Sep 17 05:35:41 UTC 2026","passed","Thu Sep 17 05:35:46 UTC 2026","testcases.backoffice.group.GetListGroupTest","Surefire test","testcases.backoffice.group.GetListGroupTest","getListGroupWithCSLogin"
"Refund Summary Dengan Token Backoffice Valid Tapi Tanpa Header pbyv","1570","getRefundWithoutPbyvHeader","Surefire suite","Thu Sep 17 05:19:34 UTC 2026","passed","Thu Sep 17 05:19:35 UTC 2026","testcases.backoffice.refund.GetRefundTest","Surefire test","testcases.backoffice.refund.GetRefundTest","getRefundWithoutPbyvHeader"
"Get History Transfer Test Supervisor","8877","historyTransferTestSupervisor","Surefire suite","Thu Sep 17 03:35:24 UTC 2026","passed","Thu Sep 17 03:35:32 UTC 2026","testcases.history.HistoryTransferTest","Surefire test","testcases.history.HistoryTransferTest","historyTransferTestSupervisor"
"List Currency USDT Dengan Karakter SQL Injection pada Field Param","1499","getCurrencyWithSqlInjectionParam","Surefire suite","Thu Sep 17 05:04:04 UTC 2026","passed","Thu Sep 17 05:04:06 UTC 2026","testcases.backoffice.currency.GetCurrencyTest","Surefire test","testcases.backoffice.currency.GetCurrencyTest","getCurrencyWithSqlInjectionParam"
"List User Backoffice Dengan Ukuran Halaman Sangat Besar","5211","listUsersWithHugeSize","Surefire suite","Thu Sep 17 05:22:35 UTC 2026","failed","Thu Sep 17 05:22:40 UTC 2026","testcases.backoffice.users.ListUsersTest","Surefire test","testcases.backoffice.users.ListUsersTest","listUsersWithHugeSize"
"Add Group Backoffice Dengan Token Kadaluarsa","1589","addGroupWithExpiredToken","Surefire suite","Thu Sep 17 05:31:05 UTC 2026","passed","Thu Sep 17 05:31:06 UTC 2026","testcases.backoffice.group.AddGroupTest","Surefire test","testcases.backoffice.group.AddGroupTest","addGroupWithExpiredToken"
"Create Manage Settlement BO Dengan Karakter SQL Injection pada groupName","4566","addManageSettlementWithSqlInjectionGroupName","Surefire suite","Thu Sep 17 06:12:44 UTC 2026","passed","Thu Sep 17 06:12:48 UTC 2026","testcases.backoffice.settlement.AddManageSettlementTest","Surefire test","testcases.backoffice.settlement.AddManageSettlementTest","addManageSettlementWithSqlInjectionGroupName"
"Mutasi Transfer Balance CS","13181","mutasiTransferBalanceCS","Surefire suite","Thu Sep 17 04:42:29 UTC 2026","passed","Thu Sep 17 04:42:43 UTC 2026","testcases.mutasi.MutasiTransferTest","Surefire test","testcases.mutasi.MutasiTransferTest","mutasiTransferBalanceCS"
"Create Manage Settlement BO Dengan groupName Berupa null","4616","addManageSettlementWithNullGroupName","Surefire suite","Thu Sep 17 06:12:05 UTC 2026","passed","Thu Sep 17 06:12:10 UTC 2026","testcases.backoffice.settlement.AddManageSettlementTest","Surefire test","testcases.backoffice.settlement.AddManageSettlementTest","addManageSettlementWithNullGroupName"
"Normal Transfer USDT Success","10010","transfer","Surefire suite","Thu Sep 17 03:59:14 UTC 2026","passed","Thu Sep 17 03:59:24 UTC 2026","testcases.transfer.TransferUSDTTest","Surefire test","testcases.transfer.TransferUSDTTest","transfer"
"","4978","generateQRCodeClosed","Surefire suite","Thu Sep 17 03:38:24 UTC 2026","passed","Thu Sep 17 03:38:29 UTC 2026","testcases.QR.GenerateQRTest","Surefire test","testcases.QR.GenerateQRTest","generateQRCodeClosed"
"Get Notification Sender Dengan pinValidasi Kosong","4778","getNotificationSenderWithEmptyPinValidasi","Surefire suite","Thu Sep 17 06:27:50 UTC 2026","passed","Thu Sep 17 06:27:55 UTC 2026","testcases.backoffice.notifsender.NotificationSenderTest","Surefire test","testcases.backoffice.notifsender.NotificationSenderTest","getNotificationSenderWithEmptyPinValidasi"
"Add Currency CS Admin Path Dengan rate Desimal","1606","addCurrencyWithDecimalRate","Surefire suite","Thu Sep 17 04:58:08 UTC 2026","passed","Thu Sep 17 04:58:10 UTC 2026","testcases.backoffice.currency.AddCurrencyTest","Surefire test","testcases.backoffice.currency.AddCurrencyTest","addCurrencyWithDecimalRate"
"List Refund Dengan Token Tidak Valid","1462","listRefundWithInvalidToken","Surefire suite","Thu Sep 17 05:13:50 UTC 2026","passed","Thu Sep 17 05:13:51 UTC 2026","testcases.backoffice.ListRefundTest","Surefire test","testcases.backoffice.ListRefundTest","listRefundWithInvalidToken"
"Refund Summary Dengan startDate null","1513","getRefundWithNullStartDate","Surefire suite","Thu Sep 17 05:18:17 UTC 2026","passed","Thu Sep 17 05:18:19 UTC 2026","testcases.backoffice.refund.GetRefundTest","Surefire test","testcases.backoffice.refund.GetRefundTest","getRefundWithNullStartDate"
"Get List Google Authenticator Menggunakan Login Marketing","4528","listOtpGoogleWithMarketingLogin","Surefire suite","Thu Sep 17 06:35:35 UTC 2026","passed","Thu Sep 17 06:35:39 UTC 2026","testcases.backoffice.googleauth.ListOtpGoogleTest","Surefire test","testcases.backoffice.googleauth.ListOtpGoogleTest","listOtpGoogleWithMarketingLogin"
"Create Manage Settlement BO Dengan Body Berupa Literal null","4565","addManageSettlementWithNullLiteralBody","Surefire suite","Thu Sep 17 06:12:13 UTC 2026","passed","Thu Sep 17 06:12:17 UTC 2026","testcases.backoffice.settlement.AddManageSettlementTest","Surefire test","testcases.backoffice.settlement.AddManageSettlementTest","addManageSettlementWithNullLiteralBody"
"Add Currency CS Admin Path Dengan Field rate Bernilai null","2388","addCurrencyWithNullRate","Surefire suite","Thu Sep 17 04:59:28 UTC 2026","passed","Thu Sep 17 04:59:30 UTC 2026","testcases.backoffice.currency.AddCurrencyTest","Surefire test","testcases.backoffice.currency.AddCurrencyTest","addCurrencyWithNullRate"
"Create Manage Settlement BO Dengan Tipe Data Salah pada companyList (String, Bukan Array)","4579","addManageSettlementWithInvalidFieldType","Surefire suite","Thu Sep 17 06:11:11 UTC 2026","passed","Thu Sep 17 06:11:15 UTC 2026","testcases.backoffice.settlement.AddManageSettlementTest","Surefire test","testcases.backoffice.settlement.AddManageSettlementTest","addManageSettlementWithInvalidFieldType"
"List User Backoffice Tanpa Login/Header Auth","1540","listUsersWithoutAuth","Surefire suite","Thu Sep 17 05:23:49 UTC 2026","passed","Thu Sep 17 05:23:51 UTC 2026","testcases.backoffice.users.ListUsersTest","Surefire test","testcases.backoffice.users.ListUsersTest","listUsersWithoutAuth"
"Create Manage Settlement BO Dengan companyId Duplikat (Sudah Terdaftar)","10737","addManageSettlementWithDuplicateCompanyId","Surefire suite","Thu Sep 17 06:10:21 UTC 2026","passed","Thu Sep 17 06:10:31 UTC 2026","testcases.backoffice.settlement.AddManageSettlementTest","Surefire test","testcases.backoffice.settlement.AddManageSettlementTest","addManageSettlementWithDuplicateCompanyId"
"List Refund Menggunakan Login CS Admin","4795","listRefundWithCSAdminLogin","Surefire suite","Thu Sep 17 05:12:55 UTC 2026","passed","Thu Sep 17 05:13:00 UTC 2026","testcases.backoffice.ListRefundTest","Surefire test","testcases.backoffice.ListRefundTest","listRefundWithCSAdminLogin"
"Add Group Backoffice","7348","addGroupBO","Surefire suite","Thu Sep 17 05:29:43 UTC 2026","passed","Thu Sep 17 05:29:50 UTC 2026","testcases.backoffice.group.AddGroupTest","Surefire test","testcases.backoffice.group.AddGroupTest","addGroupBO"
"Inquiry Test Transfer Merchant","7612","inquiryTransfer","Surefire suite","Thu Sep 17 03:39:46 UTC 2026","passed","Thu Sep 17 03:39:54 UTC 2026","testcases.transfer.InquiryTransferTest","Surefire test","testcases.transfer.InquiryTransferTest","inquiryTransfer"
"Get Notification Sender Dengan Ukuran Halaman Sangat Besar","17497","getNotificationSenderWithHugeSize","Surefire suite","Thu Sep 17 06:28:10 UTC 2026","passed","Thu Sep 17 06:28:28 UTC 2026","testcases.backoffice.notifsender.NotificationSenderTest","Surefire test","testcases.backoffice.notifsender.NotificationSenderTest","getNotificationSenderWithHugeSize"
"Normal Manual Transfer Success with Account Supervisor","11501","manualTransferSupervisor","Surefire suite","Thu Sep 17 03:54:10 UTC 2026","passed","Thu Sep 17 03:54:22 UTC 2026","testcases.transfer.ManualTransferTest","Surefire test","testcases.transfer.ManualTransferTest","manualTransferSupervisor"
"List User Backoffice Tanpa Body Sama Sekali","4536","listUsersWithoutBody","Surefire suite","Thu Sep 17 05:23:54 UTC 2026","passed","Thu Sep 17 05:23:59 UTC 2026","testcases.backoffice.users.ListUsersTest","Surefire test","testcases.backoffice.users.ListUsersTest","listUsersWithoutBody"
"Get List Google Authenticator Tanpa Login/Header Auth","1537","listOtpGoogleWithoutAuth","Surefire suite","Thu Sep 17 06:36:59 UTC 2026","passed","Thu Sep 17 06:37:00 UTC 2026","testcases.backoffice.googleauth.ListOtpGoogleTest","Surefire test","testcases.backoffice.googleauth.ListOtpGoogleTest","listOtpGoogleWithoutAuth"
"Add Currency CS Admin Path Tanpa Body Sama Sekali","1479","addCurrencyWithoutBody","Surefire suite","Thu Sep 17 05:00:32 UTC 2026","passed","Thu Sep 17 05:00:33 UTC 2026","testcases.backoffice.currency.AddCurrencyTest","Surefire test","testcases.backoffice.currency.AddCurrencyTest","addCurrencyWithoutBody"
"Get List Google Authenticator Dengan Tipe Data Salah pada Field limit (String, Bukan Integer)","4632","listOtpGoogleWithInvalidFieldType","Surefire suite","Thu Sep 17 06:34:55 UTC 2026","passed","Thu Sep 17 06:35:00 UTC 2026","testcases.backoffice.googleauth.ListOtpGoogleTest","Surefire test","testcases.backoffice.googleauth.ListOtpGoogleTest","listOtpGoogleWithInvalidFieldType"
"List Manage Settlement Backoffice Dengan Token Backoffice Valid Tapi Tanpa Header pbyv","4824","listManageSettlementWithoutPbyvHeader","Surefire suite","Thu Sep 17 06:05:34 UTC 2026","passed","Thu Sep 17 06:05:39 UTC 2026","testcases.backoffice.settlement.ManageSettlementTest","Surefire test","testcases.backoffice.settlement.ManageSettlementTest","listManageSettlementWithoutPbyvHeader"
"List Company Backoffice Dengan Karakter SQL Injection pada Field Param - Menemukan Bug Gateway Timeout","4776","listCompanyWithSqlInjectionParam","Surefire suite","Thu Sep 17 05:48:15 UTC 2026","passed","Thu Sep 17 05:48:19 UTC 2026","testcases.backoffice.ListCompanyTest","Surefire test","testcases.backoffice.ListCompanyTest","listCompanyWithSqlInjectionParam"
"Get History Special Transfer Test Admin Crypto","8448","historySpecialTransferTestAdminCrypto","Surefire suite","Thu Sep 17 03:33:06 UTC 2026","passed","Thu Sep 17 03:33:15 UTC 2026","testcases.history.HistoryTransferTest","Surefire test","testcases.history.HistoryTransferTest","historySpecialTransferTestAdminCrypto"
"List Manage Settlement Backoffice Dengan Token Kadaluarsa","1521","listManageSettlementWithExpiredToken","Surefire suite","Thu Sep 17 06:02:46 UTC 2026","passed","Thu Sep 17 06:02:48 UTC 2026","testcases.backoffice.settlement.ManageSettlementTest","Surefire test","testcases.backoffice.settlement.ManageSettlementTest","listManageSettlementWithExpiredToken"
"Get Detail Waiting Company Backoffice Menggunakan Login Marketing","9411","getDetailWaitingCompanyWithMarketingLogin","Surefire suite","Thu Sep 17 05:56:45 UTC 2026","passed","Thu Sep 17 05:56:54 UTC 2026","testcases.backoffice.GetDetailWaitingCompanyTest","Surefire test","testcases.backoffice.GetDetailWaitingCompanyTest","getDetailWaitingCompanyWithMarketingLogin"
"List Company Backoffice Dengan Content-Type text/plain","4535","listCompanyWithWrongContentType","Surefire suite","Thu Sep 17 05:48:30 UTC 2026","passed","Thu Sep 17 05:48:34 UTC 2026","testcases.backoffice.ListCompanyTest","Surefire test","testcases.backoffice.ListCompanyTest","listCompanyWithWrongContentType"
"Get List Group Company BO Dengan groupName Sangat Panjang (10.000 karakter)","4956","getListGroupCompanyWithOverlongGroupName","Surefire suite","Thu Sep 17 06:23:23 UTC 2026","passed","Thu Sep 17 06:23:28 UTC 2026","testcases.backoffice.settlement.GetListGroupCompanyTest","Surefire test","testcases.backoffice.settlement.GetListGroupCompanyTest","getListGroupCompanyWithOverlongGroupName"
"Reset Pin Marketing","4705","resetPinMarketing","Surefire suite","Thu Sep 17 06:55:35 UTC 2026","passed","Thu Sep 17 06:55:40 UTC 2026","testcases.settings.ResetPinTest","Surefire test","testcases.settings.ResetPinTest","resetPinMarketing"
"Success Assignment Cash Deposit Supervisor","15428","assignCashDepositSupervisorTest","Surefire suite","Thu Sep 17 04:30:58 UTC 2026","passed","Thu Sep 17 04:31:14 UTC 2026","testcases.backoffice.TransferAssignmentTest","Surefire test","testcases.backoffice.TransferAssignmentTest","assignCashDepositSupervisorTest"
"Success Login Admin","8542","testLoginAdmin","Surefire suite","Thu Sep 17 03:21:22 UTC 2026","passed","Thu Sep 17 03:21:31 UTC 2026","testcases.auth.LoginTest","Surefire test","testcases.auth.LoginTest","testLoginAdmin"
"List Company Backoffice Menggunakan Login CS Admin","4671","listCompanyWithCSAdminLogin","Surefire suite","Thu Sep 17 05:46:45 UTC 2026","passed","Thu Sep 17 05:46:50 UTC 2026","testcases.backoffice.ListCompanyTest","Surefire test","testcases.backoffice.ListCompanyTest","listCompanyWithCSAdminLogin"
"Mutasi Special Transfer Balance","25985","mutasiSpecialTransferBalance","Surefire suite","Thu Sep 17 04:38:43 UTC 2026","passed","Thu Sep 17 04:39:09 UTC 2026","testcases.mutasi.MutasiTransferTest","Surefire test","testcases.mutasi.MutasiTransferTest","mutasiSpecialTransferBalance"
"Get Group Detail Backoffice Menggunakan HTTP Method PUT","4712","getGroupDetailWithPutMethod","Surefire suite","Thu Sep 17 05:27:33 UTC 2026","passed","Thu Sep 17 05:27:38 UTC 2026","testcases.backoffice.group.GetGroupTest","Surefire test","testcases.backoffice.group.GetGroupTest","getGroupDetailWithPutMethod"
"Add Group Backoffice Dengan Body Kosong ({})","1557","addGroupWithEmptyBody","Surefire suite","Thu Sep 17 05:30:55 UTC 2026","passed","Thu Sep 17 05:30:57 UTC 2026","testcases.backoffice.group.AddGroupTest","Surefire test","testcases.backoffice.group.AddGroupTest","addGroupWithEmptyBody"
"Delete Group Backoffice Menggunakan Login Customer Service","4661","deleteGroupWithCSLogin","Surefire suite","Thu Sep 17 05:41:01 UTC 2026","passed","Thu Sep 17 05:41:05 UTC 2026","testcases.backoffice.group.DeleteGroupTest","Surefire test","testcases.backoffice.group.DeleteGroupTest","deleteGroupWithCSLogin"
"Refund Summary Menggunakan Login Admin","4751","getRefundWithAdminLogin","Surefire suite","Thu Sep 17 05:16:27 UTC 2026","passed","Thu Sep 17 05:16:31 UTC 2026","testcases.backoffice.refund.GetRefundTest","Surefire test","testcases.backoffice.refund.GetRefundTest","getRefundWithAdminLogin"
"Add Currency CS Admin Path Dengan rate Berupa String Non-Numerik","1603","addCurrencyWithStringRate","Surefire suite","Thu Sep 17 04:59:51 UTC 2026","passed","Thu Sep 17 04:59:53 UTC 2026","testcases.backoffice.currency.AddCurrencyTest","Surefire test","testcases.backoffice.currency.AddCurrencyTest","addCurrencyWithStringRate"
"Refund Summary Dengan type Tidak Dikenal","1559","getRefundWithInvalidType","Surefire suite","Thu Sep 17 05:17:44 UTC 2026","passed","Thu Sep 17 05:17:45 UTC 2026","testcases.backoffice.refund.GetRefundTest","Surefire test","testcases.backoffice.refund.GetRefundTest","getRefundWithInvalidType"
"Mutasi Transaction Admin","7852","mutasiAdmin","Surefire suite","Thu Sep 17 04:33:21 UTC 2026","passed","Thu Sep 17 04:33:29 UTC 2026","testcases.mutasi.MutasiTransferTest","Surefire test","testcases.mutasi.MutasiTransferTest","mutasiAdmin"
"Inquiry Test Flop Transfer Merchant","5471","inquiryTransfer","Surefire suite","Thu Sep 17 04:03:06 UTC 2026","passed","Thu Sep 17 04:03:12 UTC 2026","testcases.transfer.InquiryFlopTransferTest","Surefire test","testcases.transfer.InquiryFlopTransferTest","inquiryTransfer"
"Delete Group Backoffice Dengan Content-Type text/plain","1536","deleteGroupWithWrongContentType","Surefire suite","Thu Sep 17 05:43:12 UTC 2026","passed","Thu Sep 17 05:43:14 UTC 2026","testcases.backoffice.group.DeleteGroupTest","Surefire test","testcases.backoffice.group.DeleteGroupTest","deleteGroupWithWrongContentType"
"List Waiting Company Backoffice Dengan Body JSON Tidak Valid (Malformed)","4590","listWaitingCompanyWithMalformedJson","Surefire suite","Thu Sep 17 05:51:57 UTC 2026","passed","Thu Sep 17 05:52:01 UTC 2026","testcases.backoffice.ListWaitingCompanyTest","Surefire test","testcases.backoffice.ListWaitingCompanyTest","listWaitingCompanyWithMalformedJson"
"List Currency USDT Dengan Sort Tanpa Operator '=='","1560","getCurrencyWithMalformedSortOperator","Surefire suite","Thu Sep 17 05:03:25 UTC 2026","passed","Thu Sep 17 05:03:26 UTC 2026","testcases.backoffice.currency.GetCurrencyTest","Surefire test","testcases.backoffice.currency.GetCurrencyTest","getCurrencyWithMalformedSortOperator"
"List Manage Settlement Backoffice Menggunakan Login Supervisor","4637","listManageSettlementWithSupervisorLogin","Surefire suite","Thu Sep 17 06:04:42 UTC 2026","passed","Thu Sep 17 06:04:47 UTC 2026","testcases.backoffice.settlement.ManageSettlementTest","Surefire test","testcases.backoffice.settlement.ManageSettlementTest","listManageSettlementWithSupervisorLogin"
"List Currency USDT Dengan Token Backoffice Valid Tapi Tanpa Header pbyv","2066","getCurrencyWithoutPbyvHeader","Surefire suite","Thu Sep 17 05:04:49 UTC 2026","passed","Thu Sep 17 05:04:51 UTC 2026","testcases.backoffice.currency.GetCurrencyTest","Surefire test","testcases.backoffice.currency.GetCurrencyTest","getCurrencyWithoutPbyvHeader"
"Transfer Different Partner Reference, Special Transfer to Transfer","20887","trfPartnerRefSpecialFailed","Surefire suite","Thu Sep 17 03:43:20 UTC 2026","passed","Thu Sep 17 03:43:40 UTC 2026","testcases.transfer.TransferTest","Surefire test","testcases.transfer.TransferTest","trfPartnerRefSpecialFailed"
"Test Approved USDT Supervisor Tanpa URL","33317","approvedUSDTSupervisorWithoutURL","Surefire suite","Thu Sep 17 04:22:59 UTC 2026","passed","Thu Sep 17 04:23:32 UTC 2026","testcases.backoffice.ApprovalTransferTest","Surefire test","testcases.backoffice.ApprovalTransferTest","approvedUSDTSupervisorWithoutURL"
"List Waiting Company Backoffice Dengan Karakter SQL Injection pada Field Param","4758","listWaitingCompanyWithSqlInjectionParam","Surefire suite","Thu Sep 17 05:52:28 UTC 2026","passed","Thu Sep 17 05:52:32 UTC 2026","testcases.backoffice.ListWaitingCompanyTest","Surefire test","testcases.backoffice.ListWaitingCompanyTest","listWaitingCompanyWithSqlInjectionParam"
"","4842","listSettlement","Surefire suite","Thu Sep 17 04:29:37 UTC 2026","passed","Thu Sep 17 04:29:42 UTC 2026","testcases.backoffice.ListTransferTest","Surefire test","testcases.backoffice.ListTransferTest","listSettlement"
"Delete Group Backoffice Tanpa Login/Header Auth","1568","deleteGroupWithoutAuth","Surefire suite","Thu Sep 17 05:43:30 UTC 2026","passed","Thu Sep 17 05:43:32 UTC 2026","testcases.backoffice.group.DeleteGroupTest","Surefire test","testcases.backoffice.group.DeleteGroupTest","deleteGroupWithoutAuth"
"Get History Special Transfer Test Admin","11562","historySpecialTransferTestAdmin","Surefire suite","Thu Sep 17 03:32:52 UTC 2026","passed","Thu Sep 17 03:33:03 UTC 2026","testcases.history.HistoryTransferTest","Surefire test","testcases.history.HistoryTransferTest","historySpecialTransferTestAdmin"
"Get History QR CS Success Paid","11389","historyQRTestPaidCS","Surefire suite","Thu Sep 17 03:27:06 UTC 2026","passed","Thu Sep 17 03:27:17 UTC 2026","testcases.history.HistoryQRTest","Surefire test","testcases.history.HistoryQRTest","historyQRTestPaidCS"
"Get User Backoffice Tanpa Login/Header Auth","1455","getUserWithoutAuth","Surefire suite","Thu Sep 17 04:15:54 UTC 2026","passed","Thu Sep 17 04:15:55 UTC 2026","testcases.backoffice.GetDashboardTest","Surefire test","testcases.backoffice.GetDashboardTest","getUserWithoutAuth"
"Get History Special Transfer Test Fee Admin","11580","historySpecialTransferTestFeeAdmin","Surefire suite","Thu Sep 17 03:33:33 UTC 2026","passed","Thu Sep 17 03:33:44 UTC 2026","testcases.history.HistoryTransferTest","Surefire test","testcases.history.HistoryTransferTest","historySpecialTransferTestFeeAdmin"
"Test Get Report Transaction Supervisor","4738","getReportTransactionSupervisor","Surefire suite","Thu Sep 17 04:49:35 UTC 2026","passed","Thu Sep 17 04:49:40 UTC 2026","testcases.report.ReportTransactionTest","Surefire test","testcases.report.ReportTransactionTest","getReportTransactionSupervisor"
"List Company Backoffice Dengan Body Berupa JSON Array ([])","6602","listCompanyWithArrayBody","Surefire suite","Thu Sep 17 05:46:36 UTC 2026","passed","Thu Sep 17 05:46:42 UTC 2026","testcases.backoffice.ListCompanyTest","Surefire test","testcases.backoffice.ListCompanyTest","listCompanyWithArrayBody"
"List Company Backoffice Dengan Token Tidak Valid","1495","listCompanyWithInvalidToken","Surefire suite","Thu Sep 17 05:47:35 UTC 2026","passed","Thu Sep 17 05:47:36 UTC 2026","testcases.backoffice.ListCompanyTest","Surefire test","testcases.backoffice.ListCompanyTest","listCompanyWithInvalidToken"
"Create Manage Settlement BO Dengan Token Backoffice Valid Tapi Tanpa Header pbyv","4545","addManageSettlementWithoutPbyvHeader","Surefire suite","Thu Sep 17 06:13:58 UTC 2026","passed","Thu Sep 17 06:14:03 UTC 2026","testcases.backoffice.settlement.AddManageSettlementTest","Surefire test","testcases.backoffice.settlement.AddManageSettlementTest","addManageSettlementWithoutPbyvHeader"
"Refund Summary Dengan Body Kosong ({})","1512","getRefundWithEmptyBody","Surefire suite","Thu Sep 17 05:17:07 UTC 2026","passed","Thu Sep 17 05:17:08 UTC 2026","testcases.backoffice.refund.GetRefundTest","Surefire test","testcases.backoffice.refund.GetRefundTest","getRefundWithEmptyBody"
"Request Refund Transfer Waiting Merchant","4841","refundTransferWaitingMerchant","Surefire suite","Thu Sep 17 05:11:06 UTC 2026","passed","Thu Sep 17 05:11:10 UTC 2026","testcases.transfer.RefundTransferTest","Surefire test","testcases.transfer.RefundTransferTest","refundTransferWaitingMerchant"
"Get List Group Company BO Menggunakan HTTP Method PUT","4626","getListGroupCompanyWithPutMethod","Surefire suite","Thu Sep 17 06:23:47 UTC 2026","passed","Thu Sep 17 06:23:51 UTC 2026","testcases.backoffice.settlement.GetListGroupCompanyTest","Surefire test","testcases.backoffice.settlement.GetListGroupCompanyTest","getListGroupCompanyWithPutMethod"
"Mutasi Special Transfer CS","21355","mutasiSpecialTransferCS","Surefire suite","Thu Sep 17 04:40:39 UTC 2026","passed","Thu Sep 17 04:41:01 UTC 2026","testcases.mutasi.MutasiTransferTest","Surefire test","testcases.mutasi.MutasiTransferTest","mutasiSpecialTransferCS"
"List Refund Dengan Body JSON Tidak Valid (Malformed)","4568","listRefundWithMalformedJson","Surefire suite","Thu Sep 17 05:13:54 UTC 2026","passed","Thu Sep 17 05:13:59 UTC 2026","testcases.backoffice.ListRefundTest","Surefire test","testcases.backoffice.ListRefundTest","listRefundWithMalformedJson"
"Delete Google Authenticator Menggunakan HTTP Method PUT","4560","deleteOtpGoogleWithPutMethod","Surefire suite","Thu Sep 17 06:48:00 UTC 2026","passed","Thu Sep 17 06:48:05 UTC 2026","testcases.backoffice.googleauth.DeleteOtpGoogleTest","Surefire test","testcases.backoffice.googleauth.DeleteOtpGoogleTest","deleteOtpGoogleWithPutMethod"
"Get List Google Authenticator Dengan Body Berupa Literal null","4616","listOtpGoogleWithNullLiteralBody","Surefire suite","Thu Sep 17 06:35:58 UTC 2026","passed","Thu Sep 17 06:36:02 UTC 2026","testcases.backoffice.googleauth.ListOtpGoogleTest","Surefire test","testcases.backoffice.googleauth.ListOtpGoogleTest","listOtpGoogleWithNullLiteralBody"
"Test Rejected Special Transfer","11979","rejectedSpecialTransfer","Surefire suite","Thu Sep 17 04:24:53 UTC 2026","passed","Thu Sep 17 04:25:05 UTC 2026","testcases.backoffice.ApprovalTransferTest","Surefire test","testcases.backoffice.ApprovalTransferTest","rejectedSpecialTransfer"
"List Currency USDT Dengan Payload XSS pada Field Param","1575","getCurrencyWithXssParam","Surefire suite","Thu Sep 17 05:04:35 UTC 2026","passed","Thu Sep 17 05:04:37 UTC 2026","testcases.backoffice.currency.GetCurrencyTest","Surefire test","testcases.backoffice.currency.GetCurrencyTest","getCurrencyWithXssParam"
"Normal Transfer USDT Balance Success","10961","transferBalance","Surefire suite","Thu Sep 17 03:59:27 UTC 2026","passed","Thu Sep 17 03:59:38 UTC 2026","testcases.transfer.TransferUSDTTest","Surefire test","testcases.transfer.TransferUSDTTest","transferBalance"
"Get Group Detail Backoffice Menggunakan Login Marketing","4596","getGroupDetailWithMarketingLogin","Surefire suite","Thu Sep 17 05:26:47 UTC 2026","passed","Thu Sep 17 05:26:52 UTC 2026","testcases.backoffice.group.GetGroupTest","Surefire test","testcases.backoffice.group.GetGroupTest","getGroupDetailWithMarketingLogin"
"Delete Group Backoffice Menggunakan Login CS Admin","4960","deleteGroupWithCSAdminLogin","Surefire suite","Thu Sep 17 05:40:53 UTC 2026","passed","Thu Sep 17 05:40:58 UTC 2026","testcases.backoffice.group.DeleteGroupTest","Surefire test","testcases.backoffice.group.DeleteGroupTest","deleteGroupWithCSAdminLogin"
"Resend Google Authenticator Dengan Content-Type text/plain","4661","resendOtpGoogleWithWrongContentType","Surefire suite","Thu Sep 17 06:42:44 UTC 2026","passed","Thu Sep 17 06:42:49 UTC 2026","testcases.backoffice.googleauth.ResendOtpGoogleTest","Surefire test","testcases.backoffice.googleauth.ResendOtpGoogleTest","resendOtpGoogleWithWrongContentType"
"Delete Group Backoffice Dengan Token Kadaluarsa","1464","deleteGroupWithExpiredToken","Surefire suite","Thu Sep 17 05:41:27 UTC 2026","passed","Thu Sep 17 05:41:28 UTC 2026","testcases.backoffice.group.DeleteGroupTest","Surefire test","testcases.backoffice.group.DeleteGroupTest","deleteGroupWithExpiredToken"
"List User Backoffice Menggunakan Login Marketing","4601","listUsersWithMarketingLogin","Surefire suite","Thu Sep 17 05:23:11 UTC 2026","passed","Thu Sep 17 05:23:15 UTC 2026","testcases.backoffice.users.ListUsersTest","Surefire test","testcases.backoffice.users.ListUsersTest","listUsersWithMarketingLogin"
"Resend Google Authenticator Menggunakan Login Merchant","5015","resendOtpGoogleWithMerchantLogin","Surefire suite","Thu Sep 17 06:41:20 UTC 2026","passed","Thu Sep 17 06:41:25 UTC 2026","testcases.backoffice.googleauth.ResendOtpGoogleTest","Surefire test","testcases.backoffice.googleauth.ResendOtpGoogleTest","resendOtpGoogleWithMerchantLogin"
"Mutasi Transfer CS","11412","mutasiTransferCS","Surefire suite","Thu Sep 17 04:42:46 UTC 2026","passed","Thu Sep 17 04:42:57 UTC 2026","testcases.mutasi.MutasiTransferTest","Surefire test","testcases.mutasi.MutasiTransferTest","mutasiTransferCS"
"Get Balance Admin Transfer","7948","getBalanceAdmin","Surefire suite","Thu Sep 17 04:11:53 UTC 2026","passed","Thu Sep 17 04:12:01 UTC 2026","testcases.balance.GetBalanceTransferTest","Surefire test","testcases.balance.GetBalanceTransferTest","getBalanceAdmin"
"Delete Google Authenticator Dengan Token Backoffice Valid Tapi Tanpa Header pbyv","4544","deleteOtpGoogleWithoutPbyvHeader","Surefire suite","Thu Sep 17 06:48:51 UTC 2026","passed","Thu Sep 17 06:48:56 UTC 2026","testcases.backoffice.googleauth.DeleteOtpGoogleTest","Surefire test","testcases.backoffice.googleauth.DeleteOtpGoogleTest","deleteOtpGoogleWithoutPbyvHeader"
"Delete Manage Settlement BO Dengan Format id Tidak Valid (Bukan ObjectId)","4757","deleteManageSettlementWithMalformedId","Surefire suite","Thu Sep 17 06:17:37 UTC 2026","passed","Thu Sep 17 06:17:42 UTC 2026","testcases.backoffice.settlement.DeleteManageSettlementTest","Surefire test","testcases.backoffice.settlement.DeleteManageSettlementTest","deleteManageSettlementWithMalformedId"
"Success Login Group","3113","testLoginGroup","Surefire suite","Thu Sep 17 03:22:33 UTC 2026","passed","Thu Sep 17 03:22:36 UTC 2026","testcases.auth.LoginTest","Surefire test","testcases.auth.LoginTest","testLoginGroup"
"Get Notification Sender Menggunakan Login Supervisor","4541","getNotificationSenderWithSupervisorLogin","Surefire suite","Thu Sep 17 06:30:28 UTC 2026","passed","Thu Sep 17 06:30:32 UTC 2026","testcases.backoffice.notifsender.NotificationSenderTest","Surefire test","testcases.backoffice.notifsender.NotificationSenderTest","getNotificationSenderWithSupervisorLogin"
"Mutasi Manual Transfer Supervisor CS","27945","mutasiManualTransferSupervisorCS","Surefire suite","Thu Sep 17 04:37:48 UTC 2026","passed","Thu Sep 17 04:38:16 UTC 2026","testcases.mutasi.MutasiTransferTest","Surefire test","testcases.mutasi.MutasiTransferTest","mutasiManualTransferSupervisorCS"
"Get Notification Sender Menggunakan Login Admin Crypto","4771","getNotificationSenderWithAdminCryptoLogin","Surefire suite","Thu Sep 17 06:26:56 UTC 2026","passed","Thu Sep 17 06:27:01 UTC 2026","testcases.backoffice.notifsender.NotificationSenderTest","Surefire test","testcases.backoffice.notifsender.NotificationSenderTest","getNotificationSenderWithAdminCryptoLogin"
"Delete Group Backoffice Menggunakan Login Marketing","4636","deleteGroupWithMarketingLogin","Surefire suite","Thu Sep 17 05:41:58 UTC 2026","passed","Thu Sep 17 05:42:03 UTC 2026","testcases.backoffice.group.DeleteGroupTest","Surefire test","testcases.backoffice.group.DeleteGroupTest","deleteGroupWithMarketingLogin"
"Add Group Backoffice Dengan Token Backoffice Valid Tapi Tanpa Header pbyv","1508","addGroupWithoutPbyvHeader","Surefire suite","Thu Sep 17 05:33:31 UTC 2026","passed","Thu Sep 17 05:33:33 UTC 2026","testcases.backoffice.group.AddGroupTest","Surefire test","testcases.backoffice.group.AddGroupTest","addGroupWithoutPbyvHeader"
"Get Group Detail Backoffice Dengan Group Id yang Tidak Ada","4591","getGroupDetailWithNonExistentId","Surefire suite","Thu Sep 17 05:27:02 UTC 2026","passed","Thu Sep 17 05:27:07 UTC 2026","testcases.backoffice.group.GetGroupTest","Surefire test","testcases.backoffice.group.GetGroupTest","getGroupDetailWithNonExistentId"
"Get User Backoffice Menggunakan Login Admin Crypto","4890","getUserWithAdminCryptoLogin","Surefire suite","Thu Sep 17 04:15:33 UTC 2026","passed","Thu Sep 17 04:15:38 UTC 2026","testcases.backoffice.GetDashboardTest","Surefire test","testcases.backoffice.GetDashboardTest","getUserWithAdminCryptoLogin"
"Get List Group Backoffice Menggunakan Login Merchant","4744","getListGroupWithMerchantLogin","Surefire suite","Thu Sep 17 05:36:38 UTC 2026","passed","Thu Sep 17 05:36:42 UTC 2026","testcases.backoffice.group.GetListGroupTest","Surefire test","testcases.backoffice.group.GetListGroupTest","getListGroupWithMerchantLogin"
"List User Backoffice Menggunakan Login CS Admin","4685","listUsersWithCSAdminLogin","Surefire suite","Thu Sep 17 05:22:20 UTC 2026","passed","Thu Sep 17 05:22:24 UTC 2026","testcases.backoffice.users.ListUsersTest","Surefire test","testcases.backoffice.users.ListUsersTest","listUsersWithCSAdminLogin"
"Get List Group Company BO Menggunakan Login Merchant","4739","getListGroupCompanyWithMerchantLogin","Surefire suite","Thu Sep 17 06:23:00 UTC 2026","passed","Thu Sep 17 06:23:05 UTC 2026","testcases.backoffice.settlement.GetListGroupCompanyTest","Surefire test","testcases.backoffice.settlement.GetListGroupCompanyTest","getListGroupCompanyWithMerchantLogin"
"Get Detail User Backoffice Dengan Format User Id Tidak Valid (Bukan ObjectId)","4809","getUsersWithMalformedId","Surefire suite","Thu Sep 17 05:21:36 UTC 2026","passed","Thu Sep 17 05:21:41 UTC 2026","testcases.backoffice.users.ListUsersTest","Surefire test","testcases.backoffice.users.ListUsersTest","getUsersWithMalformedId"
"Get Detail Waiting Company Backoffice Menggunakan HTTP Method PUT","4745","getDetailWaitingCompanyWithPutMethod","Surefire suite","Thu Sep 17 05:57:37 UTC 2026","passed","Thu Sep 17 05:57:41 UTC 2026","testcases.backoffice.GetDetailWaitingCompanyTest","Surefire test","testcases.backoffice.GetDetailWaitingCompanyTest","getDetailWaitingCompanyWithPutMethod"
"Get Notification Sender Dengan Field Sort Merujuk ke Kolom yang Tidak Ada","5263","getNotificationSenderWithInvalidSortField","Surefire suite","Thu Sep 17 06:28:38 UTC 2026","passed","Thu Sep 17 06:28:43 UTC 2026","testcases.backoffice.notifsender.NotificationSenderTest","Surefire test","testcases.backoffice.notifsender.NotificationSenderTest","getNotificationSenderWithInvalidSortField"
"Mutasi Special Transfer Balance CS","25515","mutasiSpecialTransferBalanceCS","Surefire suite","Thu Sep 17 04:39:12 UTC 2026","passed","Thu Sep 17 04:39:37 UTC 2026","testcases.mutasi.MutasiTransferTest","Surefire test","testcases.mutasi.MutasiTransferTest","mutasiSpecialTransferBalanceCS"
"Transfer Different Partner Reference, USDT Transfer to Transfer","21656","trfPartnerRefUSDTFailed","Surefire suite","Thu Sep 17 03:49:55 UTC 2026","passed","Thu Sep 17 03:50:17 UTC 2026","testcases.transfer.SpecialTransferTest","Surefire test","testcases.transfer.SpecialTransferTest","trfPartnerRefUSDTFailed"
"Create Manage Settlement BO Menggunakan Login CS Admin","4692","addManageSettlementWithCSAdminLogin","Surefire suite","Thu Sep 17 06:09:58 UTC 2026","passed","Thu Sep 17 06:10:02 UTC 2026","testcases.backoffice.settlement.AddManageSettlementTest","Surefire test","testcases.backoffice.settlement.AddManageSettlementTest","addManageSettlementWithCSAdminLogin"
"Normal Manual Transfer Success Admin Crypto","9657","manualTransferAdminCrypto","Surefire suite","Thu Sep 17 03:53:44 UTC 2026","passed","Thu Sep 17 03:53:54 UTC 2026","testcases.transfer.ManualTransferTest","Surefire test","testcases.transfer.ManualTransferTest","manualTransferAdminCrypto"
"Refund Summary Dengan type Bertipe Angka (Bukan String)","1624","getRefundWithNumericType","Surefire suite","Thu Sep 17 05:18:27 UTC 2026","passed","Thu Sep 17 05:18:28 UTC 2026","testcases.backoffice.refund.GetRefundTest","Surefire test","testcases.backoffice.refund.GetRefundTest","getRefundWithNumericType"
"Add Group Backoffice Dengan Header Authorization Tanpa Skema Bearer","1560","addGroupWithMalformedAuthorizationHeader","Surefire suite","Thu Sep 17 05:31:37 UTC 2026","passed","Thu Sep 17 05:31:38 UTC 2026","testcases.backoffice.group.AddGroupTest","Surefire test","testcases.backoffice.group.AddGroupTest","addGroupWithMalformedAuthorizationHeader"
"Delete Group Backoffice yang Sama Dipanggil Dua Kali (Sudah Terhapus)","23522","deleteGroupAlreadyDeleted","Surefire suite","Thu Sep 17 05:39:49 UTC 2026","passed","Thu Sep 17 05:40:12 UTC 2026","testcases.backoffice.group.DeleteGroupTest","Surefire test","testcases.backoffice.group.DeleteGroupTest","deleteGroupAlreadyDeleted"
"Create Manage Settlement BO Menggunakan HTTP Method PATCH","4552","addManageSettlementWithPatchMethod","Surefire suite","Thu Sep 17 06:12:28 UTC 2026","passed","Thu Sep 17 06:12:33 UTC 2026","testcases.backoffice.settlement.AddManageSettlementTest","Surefire test","testcases.backoffice.settlement.AddManageSettlementTest","addManageSettlementWithPatchMethod"
"Test Reject USDT","17791","rejectedUSDT","Surefire suite","Thu Sep 17 04:25:25 UTC 2026","passed","Thu Sep 17 04:25:43 UTC 2026","testcases.backoffice.ApprovalTransferTest","Surefire test","testcases.backoffice.ApprovalTransferTest","rejectedUSDT"
"List User Backoffice Menggunakan Login Admin Crypto","4778","listUsersWithAdminCryptoLogin","Surefire suite","Thu Sep 17 05:22:12 UTC 2026","passed","Thu Sep 17 05:22:17 UTC 2026","testcases.backoffice.users.ListUsersTest","Surefire test","testcases.backoffice.users.ListUsersTest","listUsersWithAdminCryptoLogin"
"Delete Group Backoffice Dengan id Bertipe Angka (Bukan String)","1543","deleteGroupWithIdAsNumber","Surefire suite","Thu Sep 17 05:41:36 UTC 2026","passed","Thu Sep 17 05:41:37 UTC 2026","testcases.backoffice.group.DeleteGroupTest","Surefire test","testcases.backoffice.group.DeleteGroupTest","deleteGroupWithIdAsNumber"
"Test Approved Special Transfer","12699","approvedSpecialTransfer","Surefire suite","Thu Sep 17 04:20:25 UTC 2026","passed","Thu Sep 17 04:20:37 UTC 2026","testcases.backoffice.ApprovalTransferTest","Surefire test","testcases.backoffice.ApprovalTransferTest","approvedSpecialTransfer"
"List Currency USDT Menggunakan Login Admin","5738","getCurrencyWithAdminLogin","Surefire suite","Thu Sep 17 05:02:06 UTC 2026","passed","Thu Sep 17 05:02:11 UTC 2026","testcases.backoffice.currency.GetCurrencyTest","Surefire test","testcases.backoffice.currency.GetCurrencyTest","getCurrencyWithAdminLogin"
"Get Detail User Backoffice Menggunakan Login Merchant","4677","getUsersWithMerchantLogin","Surefire suite","Thu Sep 17 05:21:44 UTC 2026","passed","Thu Sep 17 05:21:48 UTC 2026","testcases.backoffice.users.ListUsersTest","Surefire test","testcases.backoffice.users.ListUsersTest","getUsersWithMerchantLogin"
"Get List Group Company BO Dengan groupName Berbeda Kapitalisasi","4672","getListGroupCompanyWithDifferentCaseGroupName","Surefire suite","Thu Sep 17 06:22:23 UTC 2026","passed","Thu Sep 17 06:22:28 UTC 2026","testcases.backoffice.settlement.GetListGroupCompanyTest","Surefire test","testcases.backoffice.settlement.GetListGroupCompanyTest","getListGroupCompanyWithDifferentCaseGroupName"
"Test Approved Manual Transfer Supervisor","18503","approvedCashDepositSupervisor","Surefire suite","Thu Sep 17 04:20:03 UTC 2026","passed","Thu Sep 17 04:20:22 UTC 2026","testcases.backoffice.ApprovalTransferTest","Surefire test","testcases.backoffice.ApprovalTransferTest","approvedCashDepositSupervisor"
"Resend Google Authenticator Dengan Token Tidak Valid","1588","resendOtpGoogleWithInvalidToken","Surefire suite","Thu Sep 17 06:40:47 UTC 2026","passed","Thu Sep 17 06:40:48 UTC 2026","testcases.backoffice.googleauth.ResendOtpGoogleTest","Surefire test","testcases.backoffice.googleauth.ResendOtpGoogleTest","resendOtpGoogleWithInvalidToken"
"List Currency USDT Dengan Content-Type text/plain","1482","getCurrencyWithWrongContentType","Surefire suite","Thu Sep 17 05:04:21 UTC 2026","passed","Thu Sep 17 05:04:23 UTC 2026","testcases.backoffice.currency.GetCurrencyTest","Surefire test","testcases.backoffice.currency.GetCurrencyTest","getCurrencyWithWrongContentType"
"Transfer with Wrong Pin","21541","transferWrongPin","Surefire suite","Thu Sep 17 03:59:41 UTC 2026","passed","Thu Sep 17 04:00:03 UTC 2026","testcases.transfer.TransferUSDTTest","Surefire test","testcases.transfer.TransferUSDTTest","transferWrongPin"
"List Currency USDT Menggunakan Login Merchant","5416","getCurrencyWithMerchantLogin","Surefire suite","Thu Sep 17 05:03:38 UTC 2026","passed","Thu Sep 17 05:03:43 UTC 2026","testcases.backoffice.currency.GetCurrencyTest","Surefire test","testcases.backoffice.currency.GetCurrencyTest","getCurrencyWithMerchantLogin"
"Get Group Detail Backoffice Dengan Header Authorization Tanpa Skema Bearer","1562","getGroupDetailWithMalformedAuthorizationHeader","Surefire suite","Thu Sep 17 05:26:35 UTC 2026","passed","Thu Sep 17 05:26:37 UTC 2026","testcases.backoffice.group.GetGroupTest","Surefire test","testcases.backoffice.group.GetGroupTest","getGroupDetailWithMalformedAuthorizationHeader"
"Add Group Backoffice Dengan name null","1584","addGroupWithNullName","Surefire suite","Thu Sep 17 05:32:15 UTC 2026","passed","Thu Sep 17 05:32:17 UTC 2026","testcases.backoffice.group.AddGroupTest","Surefire test","testcases.backoffice.group.AddGroupTest","addGroupWithNullName"
"Delete Manage Settlement BO Menggunakan Login Marketing","4960","deleteManageSettlementWithMarketingLogin","Surefire suite","Thu Sep 17 06:17:45 UTC 2026","passed","Thu Sep 17 06:17:50 UTC 2026","testcases.backoffice.settlement.DeleteManageSettlementTest","Surefire test","testcases.backoffice.settlement.DeleteManageSettlementTest","deleteManageSettlementWithMarketingLogin"
"List Company Backoffice Dengan Tipe Data Salah pada Field Limit (String, Bukan Integer)","5214","listCompanyWithInvalidFieldType","Surefire suite","Thu Sep 17 05:47:19 UTC 2026","passed","Thu Sep 17 05:47:24 UTC 2026","testcases.backoffice.ListCompanyTest","Surefire test","testcases.backoffice.ListCompanyTest","listCompanyWithInvalidFieldType"
"Get List Group Backoffice Dengan Content-Type text/plain","1457","getListGroupWithWrongContentType","Surefire suite","Thu Sep 17 05:37:38 UTC 2026","passed","Thu Sep 17 05:37:40 UTC 2026","testcases.backoffice.group.GetListGroupTest","Surefire test","testcases.backoffice.group.GetListGroupTest","getListGroupWithWrongContentType"
"Login Backoffice dengan Password Salah","4613","testLoginBackofficeWrongPassword","Surefire suite","Thu Sep 17 03:22:00 UTC 2026","passed","Thu Sep 17 03:22:05 UTC 2026","testcases.auth.LoginTest","Surefire test","testcases.auth.LoginTest","testLoginBackofficeWrongPassword"
"Create Manage Settlement BO Tanpa Field companyList","4680","addManageSettlementWithoutCompanyList","Surefire suite","Thu Sep 17 06:13:43 UTC 2026","passed","Thu Sep 17 06:13:47 UTC 2026","testcases.backoffice.settlement.AddManageSettlementTest","Surefire test","testcases.backoffice.settlement.AddManageSettlementTest","addManageSettlementWithoutCompanyList"
"Get List Google Authenticator Menggunakan Login Merchant","4854","listOtpGoogleWithMerchantLogin","Surefire suite","Thu Sep 17 06:35:42 UTC 2026","passed","Thu Sep 17 06:35:47 UTC 2026","testcases.backoffice.googleauth.ListOtpGoogleTest","Surefire test","testcases.backoffice.googleauth.ListOtpGoogleTest","listOtpGoogleWithMerchantLogin"
"List Currency USDT Menggunakan HTTP Method GET","1799","getCurrencyWithGetMethod","Surefire suite","Thu Sep 17 05:02:53 UTC 2026","passed","Thu Sep 17 05:02:54 UTC 2026","testcases.backoffice.currency.GetCurrencyTest","Surefire test","testcases.backoffice.currency.GetCurrencyTest","getCurrencyWithGetMethod"
"List Waiting Company Backoffice Dengan Body Kosong ({})","4895","listWaitingCompanyWithEmptyBody","Surefire suite","Thu Sep 17 05:51:08 UTC 2026","passed","Thu Sep 17 05:51:13 UTC 2026","testcases.backoffice.ListWaitingCompanyTest","Surefire test","testcases.backoffice.ListWaitingCompanyTest","listWaitingCompanyWithEmptyBody"
"Delete Google Authenticator Dengan id Milik Entitas Lain (Group Id)","4667","deleteOtpGoogleWithForeignEntityId","Surefire suite","Thu Sep 17 06:46:50 UTC 2026","passed","Thu Sep 17 06:46:55 UTC 2026","testcases.backoffice.googleauth.DeleteOtpGoogleTest","Surefire test","testcases.backoffice.googleauth.DeleteOtpGoogleTest","deleteOtpGoogleWithForeignEntityId"
"Get Dashboard User Backoffice","9646","getDashboardSuperBO","Surefire suite","Thu Sep 17 04:13:35 UTC 2026","passed","Thu Sep 17 04:13:45 UTC 2026","testcases.backoffice.GetDashboardTest","Surefire test","testcases.backoffice.GetDashboardTest","getDashboardSuperBO"
"List Refund Menggunakan Login Marketing","4539","listRefundWithMarketingLogin","Surefire suite","Thu Sep 17 05:14:02 UTC 2026","passed","Thu Sep 17 05:14:06 UTC 2026","testcases.backoffice.ListRefundTest","Surefire test","testcases.backoffice.ListRefundTest","listRefundWithMarketingLogin"
"Refund Summary Backoffice","8627","getRefundSummaryBO","Surefire suite","Thu Sep 17 05:16:07 UTC 2026","passed","Thu Sep 17 05:16:16 UTC 2026","testcases.backoffice.refund.GetRefundTest","Surefire test","testcases.backoffice.refund.GetRefundTest","getRefundSummaryBO"
"Get History Special Transfer Supervisor on Login CS Admin","11408","historySpecialTransferSupervisorTestCSAdmin","Surefire suite","Thu Sep 17 03:32:26 UTC 2026","passed","Thu Sep 17 03:32:37 UTC 2026","testcases.history.HistoryTransferTest","Surefire test","testcases.history.HistoryTransferTest","historySpecialTransferSupervisorTestCSAdmin"
"Get List Group Backoffice Dengan Body Berupa Literal null","1591","getListGroupWithNullLiteralBody","Surefire suite","Thu Sep 17 05:36:54 UTC 2026","passed","Thu Sep 17 05:36:56 UTC 2026","testcases.backoffice.group.GetListGroupTest","Surefire test","testcases.backoffice.group.GetListGroupTest","getListGroupWithNullLiteralBody"
"Transfer Different Partner Reference, USDT Transfer to Transfer","21796","trfPartnerRefSpecialFailed","Surefire suite","Thu Sep 17 04:00:31 UTC 2026","passed","Thu Sep 17 04:00:53 UTC 2026","testcases.transfer.TransferUSDTTest","Surefire test","testcases.transfer.TransferUSDTTest","trfPartnerRefSpecialFailed"
"Add Currency CS Admin Path Dengan Body Berupa JSON Array ([])","4598","addCurrencyWithArrayBody","Surefire suite","Thu Sep 17 04:57:36 UTC 2026","passed","Thu Sep 17 04:57:40 UTC 2026","testcases.backoffice.currency.AddCurrencyTest","Surefire test","testcases.backoffice.currency.AddCurrencyTest","addCurrencyWithArrayBody"
"Add Merchant From Backoffice","12792","addCompanyBackoffice","Surefire suite","Thu Sep 17 04:52:11 UTC 2026","passed","Thu Sep 17 04:52:24 UTC 2026","testcases.backoffice.AddCompanyTest","Surefire test","testcases.backoffice.AddCompanyTest","addCompanyBackoffice"
"List Currency USDT Dengan Body Berupa Literal null","1505","getCurrencyWithNullLiteralBody","Surefire suite","Thu Sep 17 05:03:51 UTC 2026","passed","Thu Sep 17 05:03:52 UTC 2026","testcases.backoffice.currency.GetCurrencyTest","Surefire test","testcases.backoffice.currency.GetCurrencyTest","getCurrencyWithNullLiteralBody"
"Add Currency CS Admin Path Dengan Header powis Salah","1522","addCurrencyWithWrongPowisHeader","Surefire suite","Thu Sep 17 05:00:18 UTC 2026","passed","Thu Sep 17 05:00:20 UTC 2026","testcases.backoffice.currency.AddCurrencyTest","Surefire test","testcases.backoffice.currency.AddCurrencyTest","addCurrencyWithWrongPowisHeader"
"Get Group Detail Backoffice Dengan Group Id Sangat Panjang (10.000 karakter)","4688","getGroupDetailWithOverlongId","Surefire suite","Thu Sep 17 05:27:10 UTC 2026","passed","Thu Sep 17 05:27:15 UTC 2026","testcases.backoffice.group.GetGroupTest","Surefire test","testcases.backoffice.group.GetGroupTest","getGroupDetailWithOverlongId"
"Add Group Backoffice Dengan Header pbyv Salah","1600","addGroupWithWrongPbyvHeader","Surefire suite","Thu Sep 17 05:33:09 UTC 2026","passed","Thu Sep 17 05:33:10 UTC 2026","testcases.backoffice.group.AddGroupTest","Surefire test","testcases.backoffice.group.AddGroupTest","addGroupWithWrongPbyvHeader"
"Get Group Detail Backoffice Dengan Format Group Id Tidak Valid (Bukan ObjectId)","4712","getGroupDetailWithMalformedId","Surefire suite","Thu Sep 17 05:26:40 UTC 2026","passed","Thu Sep 17 05:26:44 UTC 2026","testcases.backoffice.group.GetGroupTest","Surefire test","testcases.backoffice.group.GetGroupTest","getGroupDetailWithMalformedId"
"Get List Google Authenticator Dengan Karakter SQL Injection pada Field param","4608","listOtpGoogleWithSqlInjectionParam","Surefire suite","Thu Sep 17 06:36:21 UTC 2026","passed","Thu Sep 17 06:36:25 UTC 2026","testcases.backoffice.googleauth.ListOtpGoogleTest","Surefire test","testcases.backoffice.googleauth.ListOtpGoogleTest","listOtpGoogleWithSqlInjectionParam"
"","4739","generateQRCodeFailed","Surefire suite","Thu Sep 17 03:38:32 UTC 2026","passed","Thu Sep 17 03:38:37 UTC 2026","testcases.QR.GenerateQRTest","Surefire test","testcases.QR.GenerateQRTest","generateQRCodeFailed"
"Add Currency USDT Cs Admin","4906","addCurrencyCsAdmin","Surefire suite","Thu Sep 17 04:57:12 UTC 2026","passed","Thu Sep 17 04:57:17 UTC 2026","testcases.backoffice.currency.AddCurrencyTest","Surefire test","testcases.backoffice.currency.AddCurrencyTest","addCurrencyCsAdmin"
"List Manage Settlement Backoffice Dengan Body Berupa JSON Array ([])","5939","listManageSettlementWithArrayBody","Surefire suite","Thu Sep 17 06:02:06 UTC 2026","passed","Thu Sep 17 06:02:12 UTC 2026","testcases.backoffice.settlement.ManageSettlementTest","Surefire test","testcases.backoffice.settlement.ManageSettlementTest","listManageSettlementWithArrayBody"
"Get Group Detail Backoffice Dengan Group Id Berisi Karakter SQL Injection","4707","getGroupDetailWithSqlInjectionId","Surefire suite","Thu Sep 17 05:27:41 UTC 2026","passed","Thu Sep 17 05:27:46 UTC 2026","testcases.backoffice.group.GetGroupTest","Surefire test","testcases.backoffice.group.GetGroupTest","getGroupDetailWithSqlInjectionId"
"Delete Group Backoffice Dengan Payload XSS pada name","1506","deleteGroupWithXssName","Surefire suite","Thu Sep 17 05:43:26 UTC 2026","passed","Thu Sep 17 05:43:27 UTC 2026","testcases.backoffice.group.DeleteGroupTest","Surefire test","testcases.backoffice.group.DeleteGroupTest","deleteGroupWithXssName"
"List Refund Menggunakan Login Backoffice","4833","listRefundWithBackofficeLogin","Surefire suite","Thu Sep 17 05:12:47 UTC 2026","passed","Thu Sep 17 05:12:52 UTC 2026","testcases.backoffice.ListRefundTest","Surefire test","testcases.backoffice.ListRefundTest","listRefundWithBackofficeLogin"
"Inquiry Test Manual Transfer Merchant Supervisor","4978","inquiryManualTransferSupervisor","Surefire suite","Thu Sep 17 03:52:49 UTC 2026","passed","Thu Sep 17 03:52:54 UTC 2026","testcases.transfer.InquiryManualTransferTest","Surefire test","testcases.transfer.InquiryManualTransferTest","inquiryManualTransferSupervisor"
"Get List Group Backoffice Dengan Header pbyv Salah","1453","getListGroupWithWrongPbyvHeader","Surefire suite","Thu Sep 17 05:37:48 UTC 2026","passed","Thu Sep 17 05:37:49 UTC 2026","testcases.backoffice.group.GetListGroupTest","Surefire test","testcases.backoffice.group.GetListGroupTest","getListGroupWithWrongPbyvHeader"
"Add Currency CS Admin Path Dengan rate Nol","1624","addCurrencyWithZeroRate","Surefire suite","Thu Sep 17 05:00:23 UTC 2026","passed","Thu Sep 17 05:00:24 UTC 2026","testcases.backoffice.currency.AddCurrencyTest","Surefire test","testcases.backoffice.currency.AddCurrencyTest","addCurrencyWithZeroRate"
"Delete Group Backoffice Tanpa Body Sama Sekali","1528","deleteGroupWithoutBody","Surefire suite","Thu Sep 17 05:43:35 UTC 2026","passed","Thu Sep 17 05:43:36 UTC 2026","testcases.backoffice.group.DeleteGroupTest","Surefire test","testcases.backoffice.group.DeleteGroupTest","deleteGroupWithoutBody"
"Create Manage Settlement BO Dengan companyId Valid Secara Format Tapi Tidak Ada","4593","addManageSettlementWithNonExistentCompanyId","Surefire suite","Thu Sep 17 06:11:58 UTC 2026","passed","Thu Sep 17 06:12:02 UTC 2026","testcases.backoffice.settlement.AddManageSettlementTest","Surefire test","testcases.backoffice.settlement.AddManageSettlementTest","addManageSettlementWithNonExistentCompanyId"
"Get List Group Backoffice Dengan Body Kosong ({})","1650","getListGroupWithEmptyBody","Surefire suite","Thu Sep 17 05:35:53 UTC 2026","passed","Thu Sep 17 05:35:55 UTC 2026","testcases.backoffice.group.GetListGroupTest","Surefire test","testcases.backoffice.group.GetListGroupTest","getListGroupWithEmptyBody"
"Add Currency CS Admin Path Dengan rate Negatif","1575","addCurrencyWithNegativeRate","Surefire suite","Thu Sep 17 04:59:19 UTC 2026","passed","Thu Sep 17 04:59:20 UTC 2026","testcases.backoffice.currency.AddCurrencyTest","Surefire test","testcases.backoffice.currency.AddCurrencyTest","addCurrencyWithNegativeRate"
"Delete Manage Settlement BO Menggunakan HTTP Method PUT","4604","deleteManageSettlementWithPutMethod","Surefire suite","Thu Sep 17 06:18:31 UTC 2026","passed","Thu Sep 17 06:18:36 UTC 2026","testcases.backoffice.settlement.DeleteManageSettlementTest","Surefire test","testcases.backoffice.settlement.DeleteManageSettlementTest","deleteManageSettlementWithPutMethod"
"Get Dashboard Backoffice Menggunakan Login Marketing","4973","getDashboardWithMarketingLogin","Surefire suite","Thu Sep 17 04:14:24 UTC 2026","passed","Thu Sep 17 04:14:29 UTC 2026","testcases.backoffice.GetDashboardTest","Surefire test","testcases.backoffice.GetDashboardTest","getDashboardWithMarketingLogin"
"Resend Google Authenticator Dengan Format email Tidak Valid","4643","resendOtpGoogleWithMalformedEmail","Surefire suite","Thu Sep 17 06:40:56 UTC 2026","passed","Thu Sep 17 06:41:00 UTC 2026","testcases.backoffice.googleauth.ResendOtpGoogleTest","Surefire test","testcases.backoffice.googleauth.ResendOtpGoogleTest","resendOtpGoogleWithMalformedEmail"
"List Company Backoffice Dengan Page/Size Negatif - Menemukan Bug Gateway Timeout","4646","listCompanyWithNegativePageSize","Surefire suite","Thu Sep 17 05:48:07 UTC 2026","passed","Thu Sep 17 05:48:12 UTC 2026","testcases.backoffice.ListCompanyTest","Surefire test","testcases.backoffice.ListCompanyTest","listCompanyWithNegativePageSize"
"Add Currency CS Admin Path Dengan Token Kadaluarsa","1457","addCurrencyWithExpiredToken","Surefire suite","Thu Sep 17 04:58:31 UTC 2026","passed","Thu Sep 17 04:58:32 UTC 2026","testcases.backoffice.currency.AddCurrencyTest","Surefire test","testcases.backoffice.currency.AddCurrencyTest","addCurrencyWithExpiredToken"
"List User Backoffice Dengan Field Sort Merujuk ke Kolom yang Tidak Ada","4735","listUsersWithInvalidSortField","Surefire suite","Thu Sep 17 05:22:51 UTC 2026","passed","Thu Sep 17 05:22:56 UTC 2026","testcases.backoffice.users.ListUsersTest","Surefire test","testcases.backoffice.users.ListUsersTest","listUsersWithInvalidSortField"
"Delete Google Authenticator Dengan id Berisi Spasi","4901","deleteOtpGoogleWithWhitespaceId","Surefire suite","Thu Sep 17 06:48:23 UTC 2026","passed","Thu Sep 17 06:48:28 UTC 2026","testcases.backoffice.googleauth.DeleteOtpGoogleTest","Surefire test","testcases.backoffice.googleauth.DeleteOtpGoogleTest","deleteOtpGoogleWithWhitespaceId"
"List Manage Settlement Backoffice Menggunakan Login Admin Crypto","4651","listManageSettlementWithAdminCryptoLogin","Surefire suite","Thu Sep 17 06:01:51 UTC 2026","passed","Thu Sep 17 06:01:56 UTC 2026","testcases.backoffice.settlement.ManageSettlementTest","Surefire test","testcases.backoffice.settlement.ManageSettlementTest","listManageSettlementWithAdminCryptoLogin"
"Resend Google Authenticator Menggunakan Login Customer Service","4832","resendOtpGoogleWithCSLogin","Surefire suite","Thu Sep 17 06:40:03 UTC 2026","passed","Thu Sep 17 06:40:08 UTC 2026","testcases.backoffice.googleauth.ResendOtpGoogleTest","Surefire test","testcases.backoffice.googleauth.ResendOtpGoogleTest","resendOtpGoogleWithCSLogin"
"List Manage Settlement Backoffice Dengan Payload XSS pada Field Param","4641","listManageSettlementWithXssParam","Surefire suite","Thu Sep 17 06:05:14 UTC 2026","passed","Thu Sep 17 06:05:19 UTC 2026","testcases.backoffice.settlement.ManageSettlementTest","Surefire test","testcases.backoffice.settlement.ManageSettlementTest","listManageSettlementWithXssParam"
"Delete Group Ke Path yang Tidak Ada (Typo)","1573","deleteGroupWithWrongPath","Surefire suite","Thu Sep 17 05:43:17 UTC 2026","passed","Thu Sep 17 05:43:18 UTC 2026","testcases.backoffice.group.DeleteGroupTest","Surefire test","testcases.backoffice.group.DeleteGroupTest","deleteGroupWithWrongPath"
"Create Manage Settlement BO Dengan companyId Format Tidak Valid (Bukan ObjectId)","4545","addManageSettlementWithMalformedCompanyId","Surefire suite","Thu Sep 17 06:11:27 UTC 2026","passed","Thu Sep 17 06:11:32 UTC 2026","testcases.backoffice.settlement.AddManageSettlementTest","Surefire test","testcases.backoffice.settlement.AddManageSettlementTest","addManageSettlementWithMalformedCompanyId"
"Delete Google Authenticator Menggunakan Login Marketing","4933","deleteOtpGoogleWithMarketingLogin","Surefire suite","Thu Sep 17 06:47:14 UTC 2026","passed","Thu Sep 17 06:47:19 UTC 2026","testcases.backoffice.googleauth.DeleteOtpGoogleTest","Surefire test","testcases.backoffice.googleauth.DeleteOtpGoogleTest","deleteOtpGoogleWithMarketingLogin"
"Get Group Detail Backoffice Dengan Group Id Berisi Spasi","4530","getGroupDetailWithWhitespaceId","Surefire suite","Thu Sep 17 05:27:56 UTC 2026","passed","Thu Sep 17 05:28:01 UTC 2026","testcases.backoffice.group.GetGroupTest","Surefire test","testcases.backoffice.group.GetGroupTest","getGroupDetailWithWhitespaceId"
"Add Group Backoffice Menggunakan Login CS Admin","4753","addGroupWithCSAdminLogin","Surefire suite","Thu Sep 17 05:30:17 UTC 2026","passed","Thu Sep 17 05:30:21 UTC 2026","testcases.backoffice.group.AddGroupTest","Surefire test","testcases.backoffice.group.AddGroupTest","addGroupWithCSAdminLogin"
"Mutasi Transfer Supervisor","8538","mutasiTransferSupervisor","Surefire suite","Thu Sep 17 04:43:00 UTC 2026","passed","Thu Sep 17 04:43:08 UTC 2026","testcases.mutasi.MutasiTransferTest","Surefire test","testcases.mutasi.MutasiTransferTest","mutasiTransferSupervisor"
"Get List Google Authenticator Dengan Body Berupa JSON Array ([])","4736","listOtpGoogleWithArrayBody","Surefire suite","Thu Sep 17 06:33:57 UTC 2026","passed","Thu Sep 17 06:34:01 UTC 2026","testcases.backoffice.googleauth.ListOtpGoogleTest","Surefire test","testcases.backoffice.googleauth.ListOtpGoogleTest","listOtpGoogleWithArrayBody"
"Add Group Backoffice Dengan Body JSON Tidak Valid (Malformed)","1581","addGroupWithMalformedJson","Surefire suite","Thu Sep 17 05:31:41 UTC 2026","passed","Thu Sep 17 05:31:43 UTC 2026","testcases.backoffice.group.AddGroupTest","Surefire test","testcases.backoffice.group.AddGroupTest","addGroupWithMalformedJson"
"Create Manage Settlement BO Menggunakan Login Admin Crypto","4748","addManageSettlementWithAdminCryptoLogin","Surefire suite","Thu Sep 17 06:09:34 UTC 2026","passed","Thu Sep 17 06:09:39 UTC 2026","testcases.backoffice.settlement.AddManageSettlementTest","Surefire test","testcases.backoffice.settlement.AddManageSettlementTest","addManageSettlementWithAdminCryptoLogin"
"Resend Google Authenticator Menggunakan Login CS Admin","4716","resendOtpGoogleWithCSAdminLogin","Surefire suite","Thu Sep 17 06:39:56 UTC 2026","passed","Thu Sep 17 06:40:00 UTC 2026","testcases.backoffice.googleauth.ResendOtpGoogleTest","Surefire test","testcases.backoffice.googleauth.ResendOtpGoogleTest","resendOtpGoogleWithCSAdminLogin"
"Get History USDT Transfer Test CS","11116","historyUSDTTransferTestAdmin","Surefire suite","Thu Sep 17 03:36:16 UTC 2026","passed","Thu Sep 17 03:36:27 UTC 2026","testcases.history.HistoryTransferTest","Surefire test","testcases.history.HistoryTransferTest","historyUSDTTransferTestAdmin"
"Resend Google Authenticator Dengan Token Kadaluarsa","1454","resendOtpGoogleWithExpiredToken","Surefire suite","Thu Sep 17 06:40:34 UTC 2026","passed","Thu Sep 17 06:40:36 UTC 2026","testcases.backoffice.googleauth.ResendOtpGoogleTest","Surefire test","testcases.backoffice.googleauth.ResendOtpGoogleTest","resendOtpGoogleWithExpiredToken"
"Reset Pin CS Admin","4889","resetPinCSAdmin","Surefire suite","Thu Sep 17 06:55:19 UTC 2026","passed","Thu Sep 17 06:55:24 UTC 2026","testcases.settings.ResetPinTest","Surefire test","testcases.settings.ResetPinTest","resetPinCSAdmin"
"Delete Group Backoffice Dengan id String Kosong","1584","deleteGroupWithEmptyId","Surefire suite","Thu Sep 17 05:41:17 UTC 2026","passed","Thu Sep 17 05:41:19 UTC 2026","testcases.backoffice.group.DeleteGroupTest","Surefire test","testcases.backoffice.group.DeleteGroupTest","deleteGroupWithEmptyId"
"Reset Pin Admin Crypto","5108","resetPinAdminCrypto","Surefire suite","Thu Sep 17 06:54:55 UTC 2026","passed","Thu Sep 17 06:55:00 UTC 2026","testcases.settings.ResetPinTest","Surefire test","testcases.settings.ResetPinTest","resetPinAdminCrypto"
"Add Group Backoffice Dengan name Bertipe Angka (Bukan String)","1695","addGroupWithNumericName","Surefire suite","Thu Sep 17 05:32:20 UTC 2026","passed","Thu Sep 17 05:32:21 UTC 2026","testcases.backoffice.group.AddGroupTest","Surefire test","testcases.backoffice.group.AddGroupTest","addGroupWithNumericName"
"Get Detail Waiting Company Backoffice Dengan Header Authorization Tanpa Skema Bearer","1585","getDetailWaitingCompanyWithMalformedAuthorizationHeader","Surefire suite","Thu Sep 17 05:56:33 UTC 2026","passed","Thu Sep 17 05:56:34 UTC 2026","testcases.backoffice.GetDetailWaitingCompanyTest","Surefire test","testcases.backoffice.GetDetailWaitingCompanyTest","getDetailWaitingCompanyWithMalformedAuthorizationHeader"
"Mutasi Special Transfer","21119","mutasiSpecialTransfer","Surefire suite","Thu Sep 17 04:38:19 UTC 2026","passed","Thu Sep 17 04:38:40 UTC 2026","testcases.mutasi.MutasiTransferTest","Surefire test","testcases.mutasi.MutasiTransferTest","mutasiSpecialTransfer"
"Create Manage Settlement BO Dengan Item companyList Tanpa companyId","4546","addManageSettlementWithoutCompanyId","Surefire suite","Thu Sep 17 06:13:35 UTC 2026","passed","Thu Sep 17 06:13:40 UTC 2026","testcases.backoffice.settlement.AddManageSettlementTest","Surefire test","testcases.backoffice.settlement.AddManageSettlementTest","addManageSettlementWithoutCompanyId"
"List Waiting Company Backoffice Menggunakan Login Marketing","4846","listWaitingCompanyWithMarketingLogin","Surefire suite","Thu Sep 17 05:52:04 UTC 2026","passed","Thu Sep 17 05:52:09 UTC 2026","testcases.backoffice.ListWaitingCompanyTest","Surefire test","testcases.backoffice.ListWaitingCompanyTest","listWaitingCompanyWithMarketingLogin"
"Get List Group Company BO Menggunakan Login Admin","4759","getListGroupCompanyWithAdminLogin","Surefire suite","Thu Sep 17 06:21:52 UTC 2026","passed","Thu Sep 17 06:21:57 UTC 2026","testcases.backoffice.settlement.GetListGroupCompanyTest","Surefire test","testcases.backoffice.settlement.GetListGroupCompanyTest","getListGroupCompanyWithAdminLogin"
"List Company Backoffice Menggunakan Login Supervisor","4620","listCompanyWithSupervisorLogin","Surefire suite","Thu Sep 17 05:48:22 UTC 2026","passed","Thu Sep 17 05:48:27 UTC 2026","testcases.backoffice.ListCompanyTest","Surefire test","testcases.backoffice.ListCompanyTest","listCompanyWithSupervisorLogin"
"Resend Google Authenticator Menggunakan HTTP Method DELETE","4661","resendOtpGoogleWithDeleteMethod","Surefire suite","Thu Sep 17 06:40:11 UTC 2026","passed","Thu Sep 17 06:40:16 UTC 2026","testcases.backoffice.googleauth.ResendOtpGoogleTest","Surefire test","testcases.backoffice.googleauth.ResendOtpGoogleTest","resendOtpGoogleWithDeleteMethod"
"Delete Group Backoffice Menggunakan HTTP Method GET","1494","deleteGroupWithGetMethod","Surefire suite","Thu Sep 17 05:41:31 UTC 2026","passed","Thu Sep 17 05:41:33 UTC 2026","testcases.backoffice.group.DeleteGroupTest","Surefire test","testcases.backoffice.group.DeleteGroupTest","deleteGroupWithGetMethod"
"Refund Summary Menggunakan Login Marketing","4843","getRefundWithMarketingLogin","Surefire suite","Thu Sep 17 05:17:57 UTC 2026","passed","Thu Sep 17 05:18:02 UTC 2026","testcases.backoffice.refund.GetRefundTest","Surefire test","testcases.backoffice.refund.GetRefundTest","getRefundWithMarketingLogin"
"Success Login Admin Crypto","3641","testLoginAdminCrypto","Surefire suite","Thu Sep 17 03:21:34 UTC 2026","passed","Thu Sep 17 03:21:37 UTC 2026","testcases.auth.LoginTest","Surefire test","testcases.auth.LoginTest","testLoginAdminCrypto"
"Add Currency CS Admin Path Dengan Key rate Terduplikasi","1589","addCurrencyWithDuplicateRateKeys","Surefire suite","Thu Sep 17 04:58:17 UTC 2026","passed","Thu Sep 17 04:58:19 UTC 2026","testcases.backoffice.currency.AddCurrencyTest","Surefire test","testcases.backoffice.currency.AddCurrencyTest","addCurrencyWithDuplicateRateKeys"
"List Currency USDT Backoffice","7909","getCurrencyBO","Surefire suite","Thu Sep 17 05:01:47 UTC 2026","passed","Thu Sep 17 05:01:55 UTC 2026","testcases.backoffice.currency.GetCurrencyTest","Surefire test","testcases.backoffice.currency.GetCurrencyTest","getCurrencyBO"
"Generate QR Success with before and after Balance","28655","generateQRBalanceFeeMarketing","Surefire suite","Thu Sep 17 04:07:51 UTC 2026","passed","Thu Sep 17 04:08:20 UTC 2026","testcases.QR.GenerateQRPaidTest","Surefire test","testcases.QR.GenerateQRPaidTest","generateQRBalanceFeeMarketing"
"Refund Summary Menggunakan HTTP Method PUT","1571","getRefundWithPutMethod","Surefire suite","Thu Sep 17 05:18:36 UTC 2026","passed","Thu Sep 17 05:18:37 UTC 2026","testcases.backoffice.refund.GetRefundTest","Surefire test","testcases.backoffice.refund.GetRefundTest","getRefundWithPutMethod"
"List Manage Settlement Backoffice Dengan Field Sort Merujuk ke Kolom yang Tidak Ada","4662","listManageSettlementWithInvalidSortField","Surefire suite","Thu Sep 17 06:03:15 UTC 2026","passed","Thu Sep 17 06:03:20 UTC 2026","testcases.backoffice.settlement.ManageSettlementTest","Surefire test","testcases.backoffice.settlement.ManageSettlementTest","listManageSettlementWithInvalidSortField"
"Test Get Report Transfer Merchant","11348","getReportTransferAdmin","Surefire suite","Thu Sep 17 04:49:43 UTC 2026","passed","Thu Sep 17 04:49:55 UTC 2026","testcases.report.ReportTransactionTest","Surefire test","testcases.report.ReportTransactionTest","getReportTransferAdmin"
"Inquiry Test USDT Transfer Admin Crypto","4964","inquiryUSDTAdminCrypto","Surefire suite","Thu Sep 17 03:58:05 UTC 2026","passed","Thu Sep 17 03:58:10 UTC 2026","testcases.transfer.InquiryUSDTTest","Surefire test","testcases.transfer.InquiryUSDTTest","inquiryUSDTAdminCrypto"
"Get List Group Backoffice Tanpa Field page","1536","getListGroupWithoutPageField","Surefire suite","Thu Sep 17 05:38:05 UTC 2026","failed","Thu Sep 17 05:38:07 UTC 2026","testcases.backoffice.group.GetListGroupTest","Surefire test","testcases.backoffice.group.GetListGroupTest","getListGroupWithoutPageField"
"Get User Marketing Backoffice","4836","getUserSuperBO","Surefire suite","Thu Sep 17 04:15:25 UTC 2026","passed","Thu Sep 17 04:15:30 UTC 2026","testcases.backoffice.GetDashboardTest","Surefire test","testcases.backoffice.GetDashboardTest","getUserSuperBO"
"Refund Summary Menggunakan Login Merchant","4762","getRefundWithMerchantLogin","Surefire suite","Thu Sep 17 05:18:05 UTC 2026","passed","Thu Sep 17 05:18:10 UTC 2026","testcases.backoffice.refund.GetRefundTest","Surefire test","testcases.backoffice.refund.GetRefundTest","getRefundWithMerchantLogin"
"Get List Group Company BO","7210","getListGroupCompanyBO","Surefire suite","Thu Sep 17 06:21:34 UTC 2026","passed","Thu Sep 17 06:21:41 UTC 2026","testcases.backoffice.settlement.GetListGroupCompanyTest","Surefire test","testcases.backoffice.settlement.GetListGroupCompanyTest","getListGroupCompanyBO"
"Normal Special Transfer Success Admin Crypto","9534","specialTransferAdminCrypto","Surefire suite","Thu Sep 17 03:47:48 UTC 2026","passed","Thu Sep 17 03:47:58 UTC 2026","testcases.transfer.SpecialTransferTest","Surefire test","testcases.transfer.SpecialTransferTest","specialTransferAdminCrypto"
"Delete Group Backoffice Menggunakan HTTP Method PUT","1736","deleteGroupWithPutMethod","Surefire suite","Thu Sep 17 05:42:46 UTC 2026","passed","Thu Sep 17 05:42:48 UTC 2026","testcases.backoffice.group.DeleteGroupTest","Surefire test","testcases.backoffice.group.DeleteGroupTest","deleteGroupWithPutMethod"
"Normal Transfer USDT Supervisor Success","6823","usdtTransferSupervisor","Surefire suite","Thu Sep 17 04:01:43 UTC 2026","passed","Thu Sep 17 04:01:49 UTC 2026","testcases.transfer.TransferUSDTTest","Surefire test","testcases.transfer.TransferUSDTTest","usdtTransferSupervisor"
"Delete Group Backoffice Dengan Body Kosong ({})","1587","deleteGroupWithEmptyBody","Surefire suite","Thu Sep 17 05:41:13 UTC 2026","passed","Thu Sep 17 05:41:14 UTC 2026","testcases.backoffice.group.DeleteGroupTest","Surefire test","testcases.backoffice.group.DeleteGroupTest","deleteGroupWithEmptyBody"
"Refund Summary Tanpa Field startDate","1598","getRefundWithoutStartDate","Surefire suite","Thu Sep 17 05:19:38 UTC 2026","passed","Thu Sep 17 05:19:40 UTC 2026","testcases.backoffice.refund.GetRefundTest","Surefire test","testcases.backoffice.refund.GetRefundTest","getRefundWithoutStartDate"
"Add Currency Ke Path yang Tidak Ada (Typo)","1943","addCurrencyWithWrongPath","Surefire suite","Thu Sep 17 05:00:13 UTC 2026","passed","Thu Sep 17 05:00:15 UTC 2026","testcases.backoffice.currency.AddCurrencyTest","Surefire test","testcases.backoffice.currency.AddCurrencyTest","addCurrencyWithWrongPath"
"Add Group Backoffice Dengan Content-Type text/plain","1548","addGroupWithWrongContentType","Surefire suite","Thu Sep 17 05:32:59 UTC 2026","passed","Thu Sep 17 05:33:01 UTC 2026","testcases.backoffice.group.AddGroupTest","Surefire test","testcases.backoffice.group.AddGroupTest","addGroupWithWrongContentType"
"Login Merchant dengan Username Mengandung SQL Injection","2937","testLoginSqlInjectionUsername","Surefire suite","Thu Sep 17 03:23:16 UTC 2026","passed","Thu Sep 17 03:23:19 UTC 2026","testcases.auth.LoginTest","Surefire test","testcases.auth.LoginTest","testLoginSqlInjectionUsername"
"Add Group Backoffice Dengan Field Tidak Dikenal pada Body","1543","addGroupWithUnknownField","Surefire suite","Thu Sep 17 05:32:46 UTC 2026","passed","Thu Sep 17 05:32:47 UTC 2026","testcases.backoffice.group.AddGroupTest","Surefire test","testcases.backoffice.group.AddGroupTest","addGroupWithUnknownField"
"Normal Flop Transfer Balance Success","12124","flopTransferBalance","Surefire suite","Thu Sep 17 04:05:31 UTC 2026","passed","Thu Sep 17 04:05:43 UTC 2026","testcases.transfer.TransferFlopTest","Surefire test","testcases.transfer.TransferFlopTest","flopTransferBalance"
"Add Currency CS Admin Path Dengan Body Kosong ({})","1554","addCurrencyWithEmptyBody","Surefire suite","Thu Sep 17 04:58:26 UTC 2026","passed","Thu Sep 17 04:58:28 UTC 2026","testcases.backoffice.currency.AddCurrencyTest","Surefire test","testcases.backoffice.currency.AddCurrencyTest","addCurrencyWithEmptyBody"
"Get Detail Waiting Company Backoffice Dengan Token Tidak Valid","1446","getDetailWaitingCompanyWithInvalidToken","Surefire suite","Thu Sep 17 05:56:28 UTC 2026","passed","Thu Sep 17 05:56:30 UTC 2026","testcases.backoffice.GetDetailWaitingCompanyTest","Surefire test","testcases.backoffice.GetDetailWaitingCompanyTest","getDetailWaitingCompanyWithInvalidToken"
"Get List Group Company BO Menggunakan Login CS Admin","4858","getListGroupCompanyWithCSAdminLogin","Surefire suite","Thu Sep 17 06:22:00 UTC 2026","passed","Thu Sep 17 06:22:05 UTC 2026","testcases.backoffice.settlement.GetListGroupCompanyTest","Surefire test","testcases.backoffice.settlement.GetListGroupCompanyTest","getListGroupCompanyWithCSAdminLogin"
"Delete Google Authenticator Menggunakan HTTP Method POST","4611","deleteOtpGoogleWithPostMethod","Surefire suite","Thu Sep 17 06:47:53 UTC 2026","passed","Thu Sep 17 06:47:57 UTC 2026","testcases.backoffice.googleauth.DeleteOtpGoogleTest","Surefire test","testcases.backoffice.googleauth.DeleteOtpGoogleTest","deleteOtpGoogleWithPostMethod"
"Delete Google Authenticator Dengan id Berisi Payload XSS","4844","deleteOtpGoogleWithXssId","Surefire suite","Thu Sep 17 06:48:39 UTC 2026","passed","Thu Sep 17 06:48:44 UTC 2026","testcases.backoffice.googleauth.DeleteOtpGoogleTest","Surefire test","testcases.backoffice.googleauth.DeleteOtpGoogleTest","deleteOtpGoogleWithXssId"
"Refund Summary Dengan type String Kosong","1608","getRefundWithEmptyType","Surefire suite","Thu Sep 17 05:17:11 UTC 2026","passed","Thu Sep 17 05:17:13 UTC 2026","testcases.backoffice.refund.GetRefundTest","Surefire test","testcases.backoffice.refund.GetRefundTest","getRefundWithEmptyType"
"Add Group Backoffice Dengan Nama yang Sudah Ada Sejak Test Lama (""sutarjo"")","1555","addGroupWithLegacyDuplicateName","Surefire suite","Thu Sep 17 05:31:32 UTC 2026","failed","Thu Sep 17 05:31:34 UTC 2026","testcases.backoffice.group.AddGroupTest","Surefire test","testcases.backoffice.group.AddGroupTest","addGroupWithLegacyDuplicateName"
"List Manage Settlement Backoffice Menggunakan Login CS Admin","4826","listManageSettlementWithCSAdminLogin","Surefire suite","Thu Sep 17 06:02:15 UTC 2026","passed","Thu Sep 17 06:02:20 UTC 2026","testcases.backoffice.settlement.ManageSettlementTest","Surefire test","testcases.backoffice.settlement.ManageSettlementTest","listManageSettlementWithCSAdminLogin"
"Approval Refund Special Transfer Merchant","12801","approveRefundManualTransferMerchant","Surefire suite","Thu Sep 17 05:07:38 UTC 2026","failed","Thu Sep 17 05:07:51 UTC 2026","testcases.backoffice.ApprovalRefundTest","Surefire test","testcases.backoffice.ApprovalRefundTest","approveRefundManualTransferMerchant"
"Delete session Merchant on Backoffice","5148","deleteSessionBackoffice","Surefire suite","Thu Sep 17 04:54:59 UTC 2026","passed","Thu Sep 17 04:55:04 UTC 2026","testcases.backoffice.users.EditUserTest","Surefire test","testcases.backoffice.users.EditUserTest","deleteSessionBackoffice"
"Special Transfer Success with before and after Balance","10912","specialTransferSupervisor","Surefire suite","Thu Sep 17 03:48:14 UTC 2026","passed","Thu Sep 17 03:48:25 UTC 2026","testcases.transfer.SpecialTransferTest","Surefire test","testcases.transfer.SpecialTransferTest","specialTransferSupervisor"
"List Company Backoffice Menggunakan Login Merchant","4656","listCompanyWithMerchantLogin","Surefire suite","Thu Sep 17 05:47:59 UTC 2026","passed","Thu Sep 17 05:48:04 UTC 2026","testcases.backoffice.ListCompanyTest","Surefire test","testcases.backoffice.ListCompanyTest","listCompanyWithMerchantLogin"
"","7592","listCashDeposit","Surefire suite","Thu Sep 17 04:29:27 UTC 2026","passed","Thu Sep 17 04:29:34 UTC 2026","testcases.backoffice.ListTransferTest","Surefire test","testcases.backoffice.ListTransferTest","listCashDeposit"
"Add Group Backoffice Dengan name Sangat Panjang","1510","addGroupWithVeryLongName","Surefire suite","Thu Sep 17 05:32:50 UTC 2026","passed","Thu Sep 17 05:32:52 UTC 2026","testcases.backoffice.group.AddGroupTest","Surefire test","testcases.backoffice.group.AddGroupTest","addGroupWithVeryLongName"
"Get List Group Company BO Tanpa Login/Header Auth","1529","getListGroupCompanyWithoutAuth","Surefire suite","Thu Sep 17 06:24:33 UTC 2026","passed","Thu Sep 17 06:24:35 UTC 2026","testcases.backoffice.settlement.GetListGroupCompanyTest","Surefire test","testcases.backoffice.settlement.GetListGroupCompanyTest","getListGroupCompanyWithoutAuth"
"Add Currency CS Admin Path Menggunakan Login Customer Service","4876","addCurrencyWithCSLogin","Surefire suite","Thu Sep 17 04:58:00 UTC 2026","passed","Thu Sep 17 04:58:05 UTC 2026","testcases.backoffice.currency.AddCurrencyTest","Surefire test","testcases.backoffice.currency.AddCurrencyTest","addCurrencyWithCSLogin"
"List Currency USDT Ke Path yang Tidak Ada (Typo)","1812","getCurrencyWithWrongPath","Surefire suite","Thu Sep 17 05:04:26 UTC 2026","passed","Thu Sep 17 05:04:28 UTC 2026","testcases.backoffice.currency.GetCurrencyTest","Surefire test","testcases.backoffice.currency.GetCurrencyTest","getCurrencyWithWrongPath"
"Add Group Backoffice Dengan feeBankPercent Negatif","1619","addGroupWithNegativeFee","Surefire suite","Thu Sep 17 05:32:06 UTC 2026","passed","Thu Sep 17 05:32:08 UTC 2026","testcases.backoffice.group.AddGroupTest","Surefire test","testcases.backoffice.group.AddGroupTest","addGroupWithNegativeFee"
"Create Manage Settlement BO Menggunakan Login Customer Service","4811","addManageSettlementWithCSLogin","Surefire suite","Thu Sep 17 06:10:05 UTC 2026","passed","Thu Sep 17 06:10:10 UTC 2026","testcases.backoffice.settlement.AddManageSettlementTest","Surefire test","testcases.backoffice.settlement.AddManageSettlementTest","addManageSettlementWithCSLogin"
"Get History Special Transfer Test","8387","historySpecialTransferTest","Surefire suite","Thu Sep 17 03:32:40 UTC 2026","passed","Thu Sep 17 03:32:49 UTC 2026","testcases.history.HistoryTransferTest","Surefire test","testcases.history.HistoryTransferTest","historySpecialTransferTest"
"Add Currency CS Admin Path Dengan Header Authorization Tanpa Skema Bearer","1504","addCurrencyWithMalformedAuthorizationHeader","Surefire suite","Thu Sep 17 04:58:49 UTC 2026","passed","Thu Sep 17 04:58:51 UTC 2026","testcases.backoffice.currency.AddCurrencyTest","Surefire test","testcases.backoffice.currency.AddCurrencyTest","addCurrencyWithMalformedAuthorizationHeader"
"List Company Backoffice Tanpa Login/Header Auth","1479","listCompanyWithoutAuth","Surefire suite","Thu Sep 17 05:48:38 UTC 2026","passed","Thu Sep 17 05:48:39 UTC 2026","testcases.backoffice.ListCompanyTest","Surefire test","testcases.backoffice.ListCompanyTest","listCompanyWithoutAuth"
"Normal Flop Transfer Success Admin Crypto","11970","flopTransferAdminCrypto","Surefire suite","Thu Sep 17 04:05:16 UTC 2026","passed","Thu Sep 17 04:05:28 UTC 2026","testcases.transfer.TransferFlopTest","Surefire test","testcases.transfer.TransferFlopTest","flopTransferAdminCrypto"
"Get Detail Waiting Company Backoffice Dengan Format Id Tidak Valid (Bukan ObjectId)","4735","getDetailWaitingCompanyWithMalformedId","Surefire suite","Thu Sep 17 05:56:37 UTC 2026","passed","Thu Sep 17 05:56:42 UTC 2026","testcases.backoffice.GetDetailWaitingCompanyTest","Surefire test","testcases.backoffice.GetDetailWaitingCompanyTest","getDetailWaitingCompanyWithMalformedId"
"Delete Group Backoffice Menggunakan Login Admin","4718","deleteGroupWithAdminLogin","Surefire suite","Thu Sep 17 05:40:41 UTC 2026","passed","Thu Sep 17 05:40:45 UTC 2026","testcases.backoffice.group.DeleteGroupTest","Surefire test","testcases.backoffice.group.DeleteGroupTest","deleteGroupWithAdminLogin"
"Create Manage Settlement BO Dengan Header Authorization Tanpa Skema Bearer","1456","addManageSettlementWithMalformedAuthorizationHeader","Surefire suite","Thu Sep 17 06:11:23 UTC 2026","passed","Thu Sep 17 06:11:24 UTC 2026","testcases.backoffice.settlement.AddManageSettlementTest","Surefire test","testcases.backoffice.settlement.AddManageSettlementTest","addManageSettlementWithMalformedAuthorizationHeader"
"Get Notification Sender Dengan Header Authorization Tanpa Skema Bearer","1493","getNotificationSenderWithMalformedAuthorizationHeader","Surefire suite","Thu Sep 17 06:28:51 UTC 2026","passed","Thu Sep 17 06:28:53 UTC 2026","testcases.backoffice.notifsender.NotificationSenderTest","Surefire test","testcases.backoffice.notifsender.NotificationSenderTest","getNotificationSenderWithMalformedAuthorizationHeader"
"Resend Google Authenticator Dengan email Tidak Terdaftar","4623","resendOtpGoogleWithNonExistentEmail","Surefire suite","Thu Sep 17 06:41:28 UTC 2026","passed","Thu Sep 17 06:41:32 UTC 2026","testcases.backoffice.googleauth.ResendOtpGoogleTest","Surefire test","testcases.backoffice.googleauth.ResendOtpGoogleTest","resendOtpGoogleWithNonExistentEmail"
"","11383","getCompanyDetail","Surefire suite","Thu Sep 17 05:05:59 UTC 2026","passed","Thu Sep 17 05:06:10 UTC 2026","testcases.backoffice.CheckCompanyDetailTest","Surefire test","testcases.backoffice.CheckCompanyDetailTest","getCompanyDetail"
"Inquiry Test Transfer Admin Crypto","5377","inquiryTransferAdminCrypto","Surefire suite","Thu Sep 17 03:39:57 UTC 2026","passed","Thu Sep 17 03:40:02 UTC 2026","testcases.transfer.InquiryTransferTest","Surefire test","testcases.transfer.InquiryTransferTest","inquiryTransferAdminCrypto"
"Inquiry Test Transfer Merchant Supervisor","5258","inquiryTransferSupervisor","Surefire suite","Thu Sep 17 03:40:05 UTC 2026","passed","Thu Sep 17 03:40:10 UTC 2026","testcases.transfer.InquiryTransferTest","Surefire test","testcases.transfer.InquiryTransferTest","inquiryTransferSupervisor"
"List Manage Settlement Backoffice Tanpa Login/Header Auth","1514","listManageSettlementWithoutAuth","Surefire suite","Thu Sep 17 06:05:22 UTC 2026","passed","Thu Sep 17 06:05:24 UTC 2026","testcases.backoffice.settlement.ManageSettlementTest","Surefire test","testcases.backoffice.settlement.ManageSettlementTest","listManageSettlementWithoutAuth"
"List Currency USDT Dengan Header pbyv Salah","1465","getCurrencyWithWrongPbyvHeader","Surefire suite","Thu Sep 17 05:04:31 UTC 2026","passed","Thu Sep 17 05:04:32 UTC 2026","testcases.backoffice.currency.GetCurrencyTest","Surefire test","testcases.backoffice.currency.GetCurrencyTest","getCurrencyWithWrongPbyvHeader"
"Request Refund Transfer Admin Crypto","5057","refundTransferAdminCrypto","Surefire suite","Thu Sep 17 05:10:34 UTC 2026","failed","Thu Sep 17 05:10:39 UTC 2026","testcases.transfer.RefundTransferTest","Surefire test","testcases.transfer.RefundTransferTest","refundTransferAdminCrypto"
"Get Group Backoffice Dengan Token Tidak Valid","1573","getGroupWithInvalidToken","Surefire suite","Thu Sep 17 04:15:08 UTC 2026","passed","Thu Sep 17 04:15:10 UTC 2026","testcases.backoffice.GetDashboardTest","Surefire test","testcases.backoffice.GetDashboardTest","getGroupWithInvalidToken"
"Create Manage Settlement BO Dengan companyList Kosong ([])","4656","addManageSettlementWithEmptyCompanyList","Surefire suite","Thu Sep 17 06:10:43 UTC 2026","passed","Thu Sep 17 06:10:48 UTC 2026","testcases.backoffice.settlement.AddManageSettlementTest","Surefire test","testcases.backoffice.settlement.AddManageSettlementTest","addManageSettlementWithEmptyCompanyList"
"List Company Backoffice Dengan Header Authorization Tanpa Skema Bearer","1464","listCompanyWithMalformedAuthorizationHeader","Surefire suite","Thu Sep 17 05:47:39 UTC 2026","passed","Thu Sep 17 05:47:41 UTC 2026","testcases.backoffice.ListCompanyTest","Surefire test","testcases.backoffice.ListCompanyTest","listCompanyWithMalformedAuthorizationHeader"
"Delete Google Authenticator Menggunakan Login Customer Service","4684","deleteOtpGoogleWithCSLogin","Surefire suite","Thu Sep 17 06:46:22 UTC 2026","passed","Thu Sep 17 06:46:27 UTC 2026","testcases.backoffice.googleauth.DeleteOtpGoogleTest","Surefire test","testcases.backoffice.googleauth.DeleteOtpGoogleTest","deleteOtpGoogleWithCSLogin"
"List User Backoffice Menggunakan Login Merchant","4785","listUsersWithMerchantLogin","Surefire suite","Thu Sep 17 05:23:18 UTC 2026","passed","Thu Sep 17 05:23:23 UTC 2026","testcases.backoffice.users.ListUsersTest","Surefire test","testcases.backoffice.users.ListUsersTest","listUsersWithMerchantLogin"
"Delete Group Backoffice Dengan id yang Tidak Pernah Ada","1617","deleteGroupWithNonExistentId","Surefire suite","Thu Sep 17 05:42:32 UTC 2026","passed","Thu Sep 17 05:42:34 UTC 2026","testcases.backoffice.group.DeleteGroupTest","Surefire test","testcases.backoffice.group.DeleteGroupTest","deleteGroupWithNonExistentId"
"","7427","createdFavoriteAccount","Surefire suite","Thu Sep 17 06:58:31 UTC 2026","passed","Thu Sep 17 06:58:38 UTC 2026","testcases.settings.favoriteaccount.CreatedFavoriteAccountTest","Surefire test","testcases.settings.favoriteaccount.CreatedFavoriteAccountTest","createdFavoriteAccount"
"Delete Google Authenticator Dengan Format id Tidak Valid (Bukan ObjectId)","4594","deleteOtpGoogleWithMalformedId","Surefire suite","Thu Sep 17 06:47:07 UTC 2026","passed","Thu Sep 17 06:47:11 UTC 2026","testcases.backoffice.googleauth.DeleteOtpGoogleTest","Surefire test","testcases.backoffice.googleauth.DeleteOtpGoogleTest","deleteOtpGoogleWithMalformedId"
"Get Detail User Backoffice Dengan Token Tidak Valid","1535","getUsersWithInvalidToken","Surefire suite","Thu Sep 17 05:21:31 UTC 2026","passed","Thu Sep 17 05:21:33 UTC 2026","testcases.backoffice.users.ListUsersTest","Surefire test","testcases.backoffice.users.ListUsersTest","getUsersWithInvalidToken"
"Transfer Different Partner Reference, USDT Transfer to Transfer","20856","trfPartnerRefUSDTFailed","Surefire suite","Thu Sep 17 03:44:07 UTC 2026","passed","Thu Sep 17 03:44:28 UTC 2026","testcases.transfer.TransferTest","Surefire test","testcases.transfer.TransferTest","trfPartnerRefUSDTFailed"
"Get Dashboard Backoffice Dengan Token Tidak Valid","1524","getDashboardWithInvalidToken","Surefire suite","Thu Sep 17 04:14:20 UTC 2026","passed","Thu Sep 17 04:14:21 UTC 2026","testcases.backoffice.GetDashboardTest","Surefire test","testcases.backoffice.GetDashboardTest","getDashboardWithInvalidToken"
"Create Manage Settlement BO Dengan groupName Kosong","4564","addManageSettlementWithEmptyGroupName","Surefire suite","Thu Sep 17 06:10:51 UTC 2026","passed","Thu Sep 17 06:10:56 UTC 2026","testcases.backoffice.settlement.AddManageSettlementTest","Surefire test","testcases.backoffice.settlement.AddManageSettlementTest","addManageSettlementWithEmptyGroupName"
"List Refund Dengan Field Range Berisi Nilai Tidak Valid","4850","listRefundWithInvalidRange","Surefire suite","Thu Sep 17 05:13:34 UTC 2026","passed","Thu Sep 17 05:13:39 UTC 2026","testcases.backoffice.ListRefundTest","Surefire test","testcases.backoffice.ListRefundTest","listRefundWithInvalidRange"
"List Currency USDT Dengan Field Sort Merujuk ke Kolom yang Tidak Ada","1537","getCurrencyWithInvalidSortField","Surefire suite","Thu Sep 17 05:03:07 UTC 2026","passed","Thu Sep 17 05:03:08 UTC 2026","testcases.backoffice.currency.GetCurrencyTest","Surefire test","testcases.backoffice.currency.GetCurrencyTest","getCurrencyWithInvalidSortField"
"Test Approve Special Transfer dengan check Fee di Admin Fee","26582","approvedSpecialTransferBalance","Surefire suite","Thu Sep 17 04:20:40 UTC 2026","passed","Thu Sep 17 04:21:07 UTC 2026","testcases.backoffice.ApprovalTransferTest","Surefire test","testcases.backoffice.ApprovalTransferTest","approvedSpecialTransferBalance"
"Get List Group","6999","getListGroup","Surefire suite","Thu Sep 17 05:35:00 UTC 2026","failed","Thu Sep 17 05:35:07 UTC 2026","testcases.backoffice.group.GetListGroupTest","Surefire test","testcases.backoffice.group.GetListGroupTest","getListGroup"
"Delete Group Backoffice Dengan Body Berupa Literal null","1466","deleteGroupWithNullLiteralBody","Surefire suite","Thu Sep 17 05:42:37 UTC 2026","passed","Thu Sep 17 05:42:38 UTC 2026","testcases.backoffice.group.DeleteGroupTest","Surefire test","testcases.backoffice.group.DeleteGroupTest","deleteGroupWithNullLiteralBody"
"List Manage Settlement Backoffice Menggunakan Login Merchant","5113","listManageSettlementWithMerchantLogin","Surefire suite","Thu Sep 17 06:03:55 UTC 2026","passed","Thu Sep 17 06:04:00 UTC 2026","testcases.backoffice.settlement.ManageSettlementTest","Surefire test","testcases.backoffice.settlement.ManageSettlementTest","listManageSettlementWithMerchantLogin"
"List Waiting Company Backoffice Dengan Tipe Data Salah pada Field Limit (String, Bukan Integer)","4851","listWaitingCompanyWithInvalidFieldType","Surefire suite","Thu Sep 17 05:51:32 UTC 2026","passed","Thu Sep 17 05:51:37 UTC 2026","testcases.backoffice.ListWaitingCompanyTest","Surefire test","testcases.backoffice.ListWaitingCompanyTest","listWaitingCompanyWithInvalidFieldType"
"List Manage Settlement Backoffice Dengan Field Tidak Dikenal pada Body","4555","listManageSettlementWithUnknownField","Surefire suite","Thu Sep 17 06:04:50 UTC 2026","passed","Thu Sep 17 06:04:55 UTC 2026","testcases.backoffice.settlement.ManageSettlementTest","Surefire test","testcases.backoffice.settlement.ManageSettlementTest","listManageSettlementWithUnknownField"
"Add Currency CS Admin Path Dengan Content-Type text/plain","1488","addCurrencyWithWrongContentType","Surefire suite","Thu Sep 17 05:00:09 UTC 2026","passed","Thu Sep 17 05:00:10 UTC 2026","testcases.backoffice.currency.AddCurrencyTest","Surefire test","testcases.backoffice.currency.AddCurrencyTest","addCurrencyWithWrongContentType"
"Inquiry Test Flop Transfer Admin Crypto","9201","inquiryFlopTransferAdminCrypto","Surefire suite","Thu Sep 17 04:02:45 UTC 2026","passed","Thu Sep 17 04:02:55 UTC 2026","testcases.transfer.InquiryFlopTransferTest","Surefire test","testcases.transfer.InquiryFlopTransferTest","inquiryFlopTransferAdminCrypto"
"Create Manage Settlement BO Dengan Body Berupa JSON Array ([])","4651","addManageSettlementWithArrayBody","Surefire suite","Thu Sep 17 06:09:49 UTC 2026","passed","Thu Sep 17 06:09:54 UTC 2026","testcases.backoffice.settlement.AddManageSettlementTest","Surefire test","testcases.backoffice.settlement.AddManageSettlementTest","addManageSettlementWithArrayBody"
"Transfer Success with before and after Balanced","10728","transferBalance","Surefire suite","Thu Sep 17 03:41:28 UTC 2026","passed","Thu Sep 17 03:41:38 UTC 2026","testcases.transfer.TransferTest","Surefire test","testcases.transfer.TransferTest","transferBalance"
"Transfer Different Partner Reference, USDT Transfer to Manual Transfer","21364","trfPartnerRefUSDTFailed","Surefire suite","Thu Sep 17 03:55:54 UTC 2026","passed","Thu Sep 17 03:56:15 UTC 2026","testcases.transfer.ManualTransferTest","Surefire test","testcases.transfer.ManualTransferTest","trfPartnerRefUSDTFailed"
"List Waiting Company Backoffice Menggunakan Login Admin Crypto","4952","listWaitingCompanyWithAdminCryptoLogin","Surefire suite","Thu Sep 17 05:50:45 UTC 2026","passed","Thu Sep 17 05:50:50 UTC 2026","testcases.backoffice.ListWaitingCompanyTest","Surefire test","testcases.backoffice.ListWaitingCompanyTest","listWaitingCompanyWithAdminCryptoLogin"
"Resend Google Authenticator Tanpa Login/Header Auth","1444","resendOtpGoogleWithoutAuth","Surefire suite","Thu Sep 17 06:43:07 UTC 2026","passed","Thu Sep 17 06:43:09 UTC 2026","testcases.backoffice.googleauth.ResendOtpGoogleTest","Surefire test","testcases.backoffice.googleauth.ResendOtpGoogleTest","resendOtpGoogleWithoutAuth"
"Inquiry Test USDT Transfer Merchant Supervisor","4898","inquiryUSDTSupervisor","Surefire suite","Thu Sep 17 03:58:13 UTC 2026","passed","Thu Sep 17 03:58:18 UTC 2026","testcases.transfer.InquiryUSDTTest","Surefire test","testcases.transfer.InquiryUSDTTest","inquiryUSDTSupervisor"
"Test Approved USDT","18023","approvedUSDTAdminCrypto","Surefire suite","Thu Sep 17 04:22:16 UTC 2026","passed","Thu Sep 17 04:22:34 UTC 2026","testcases.backoffice.ApprovalTransferTest","Surefire test","testcases.backoffice.ApprovalTransferTest","approvedUSDTAdminCrypto"
"Delete Manage Settlement BO Dengan id Sangat Panjang (10.000 karakter)","4648","deleteManageSettlementWithOverlongId","Surefire suite","Thu Sep 17 06:18:08 UTC 2026","passed","Thu Sep 17 06:18:13 UTC 2026","testcases.backoffice.settlement.DeleteManageSettlementTest","Surefire test","testcases.backoffice.settlement.DeleteManageSettlementTest","deleteManageSettlementWithOverlongId"
"Delete Manage Settlement BO Dengan Token Backoffice Valid Tapi Tanpa Header pbyv","4606","deleteManageSettlementWithoutPbyvHeader","Surefire suite","Thu Sep 17 06:19:34 UTC 2026","passed","Thu Sep 17 06:19:38 UTC 2026","testcases.backoffice.settlement.DeleteManageSettlementTest","Surefire test","testcases.backoffice.settlement.DeleteManageSettlementTest","deleteManageSettlementWithoutPbyvHeader"
"Add Group Backoffice Menggunakan Login Admin Crypto","4729","addGroupWithAdminCryptoLogin","Surefire suite","Thu Sep 17 05:29:53 UTC 2026","passed","Thu Sep 17 05:29:58 UTC 2026","testcases.backoffice.group.AddGroupTest","Surefire test","testcases.backoffice.group.AddGroupTest","addGroupWithAdminCryptoLogin"
"Add Group Backoffice Menggunakan Login Customer Service","4831","addGroupWithCSLogin","Surefire suite","Thu Sep 17 05:30:24 UTC 2026","passed","Thu Sep 17 05:30:29 UTC 2026","testcases.backoffice.group.AddGroupTest","Surefire test","testcases.backoffice.group.AddGroupTest","addGroupWithCSLogin"
"Transfer Different Parner Reference Supervisor, Manual Transfer to Transfer","20976","trfPartnerRefManualSpvFailed","Surefire suite","Thu Sep 17 03:42:56 UTC 2026","passed","Thu Sep 17 03:43:17 UTC 2026","testcases.transfer.TransferTest","Surefire test","testcases.transfer.TransferTest","trfPartnerRefManualSpvFailed"
"Get Balance Merchant Transfer","4879","getBalanceMerchant","Surefire suite","Thu Sep 17 04:12:13 UTC 2026","passed","Thu Sep 17 04:12:18 UTC 2026","testcases.balance.GetBalanceTransferTest","Surefire test","testcases.balance.GetBalanceTransferTest","getBalanceMerchant"
"Delete Group Backoffice Dengan Header pbyv Salah","1575","deleteGroupWithWrongPbyvHeader","Surefire suite","Thu Sep 17 05:43:21 UTC 2026","passed","Thu Sep 17 05:43:23 UTC 2026","testcases.backoffice.group.DeleteGroupTest","Surefire test","testcases.backoffice.group.DeleteGroupTest","deleteGroupWithWrongPbyvHeader"
"List Refund Dengan Body Kosong ({})","4802","listRefundWithEmptyBody","Surefire suite","Thu Sep 17 05:13:10 UTC 2026","passed","Thu Sep 17 05:13:15 UTC 2026","testcases.backoffice.ListRefundTest","Surefire test","testcases.backoffice.ListRefundTest","listRefundWithEmptyBody"
"Get Group Detail Backoffice Menggunakan Login Group","5132","getGroupDetailWithGroupLogin","Surefire suite","Thu Sep 17 05:26:22 UTC 2026","passed","Thu Sep 17 05:26:27 UTC 2026","testcases.backoffice.group.GetGroupTest","Surefire test","testcases.backoffice.group.GetGroupTest","getGroupDetailWithGroupLogin"
"Mutasi Special Transfer Supervisor","21711","mutasiSpecialTransferSupervisor","Surefire suite","Thu Sep 17 04:41:04 UTC 2026","passed","Thu Sep 17 04:41:25 UTC 2026","testcases.mutasi.MutasiTransferTest","Surefire test","testcases.mutasi.MutasiTransferTest","mutasiSpecialTransferSupervisor"
"Delete Manage Settlement BO Menggunakan Login Supervisor","4586","deleteManageSettlementWithSupervisorLogin","Surefire suite","Thu Sep 17 06:18:46 UTC 2026","passed","Thu Sep 17 06:18:51 UTC 2026","testcases.backoffice.settlement.DeleteManageSettlementTest","Surefire test","testcases.backoffice.settlement.DeleteManageSettlementTest","deleteManageSettlementWithSupervisorLogin"
"Get List Group Company BO Dengan Token Backoffice Valid Tapi Tanpa Header pbyv","4562","getListGroupCompanyWithoutPbyvHeader","Surefire suite","Thu Sep 17 06:24:50 UTC 2026","passed","Thu Sep 17 06:24:54 UTC 2026","testcases.backoffice.settlement.GetListGroupCompanyTest","Surefire test","testcases.backoffice.settlement.GetListGroupCompanyTest","getListGroupCompanyWithoutPbyvHeader"
"List Waiting Company Backoffice Menggunakan Login CS Admin","5014","listWaitingCompanyWithCSAdminLogin","Surefire suite","Thu Sep 17 05:51:00 UTC 2026","passed","Thu Sep 17 05:51:05 UTC 2026","testcases.backoffice.ListWaitingCompanyTest","Surefire test","testcases.backoffice.ListWaitingCompanyTest","listWaitingCompanyWithCSAdminLogin"
"Transfer Different Parner Reference Supervisor, Special Transfer to Transfer","20909","trfPartnerRefSpecialSpvFailed","Surefire suite","Thu Sep 17 03:43:43 UTC 2026","passed","Thu Sep 17 03:44:04 UTC 2026","testcases.transfer.TransferTest","Surefire test","testcases.transfer.TransferTest","trfPartnerRefSpecialSpvFailed"
"Delete Manage Settlement BO Dengan id Berisi Karakter SQL Injection","4619","deleteManageSettlementWithSqlInjectionId","Surefire suite","Thu Sep 17 06:18:39 UTC 2026","passed","Thu Sep 17 06:18:43 UTC 2026","testcases.backoffice.settlement.DeleteManageSettlementTest","Surefire test","testcases.backoffice.settlement.DeleteManageSettlementTest","deleteManageSettlementWithSqlInjectionId"
"Test Approved USDT","18610","approvedUSDT","Surefire suite","Thu Sep 17 04:21:55 UTC 2026","passed","Thu Sep 17 04:22:13 UTC 2026","testcases.backoffice.ApprovalTransferTest","Surefire test","testcases.backoffice.ApprovalTransferTest","approvedUSDT"
"List Currency USDT Menggunakan Login CS Admin","6171","getCurrencyWithCSAdminLogin","Surefire suite","Thu Sep 17 05:02:22 UTC 2026","passed","Thu Sep 17 05:02:28 UTC 2026","testcases.backoffice.currency.GetCurrencyTest","Surefire test","testcases.backoffice.currency.GetCurrencyTest","getCurrencyWithCSAdminLogin"
"List Refund Dengan Page/Size Negatif - Menemukan Bug Internal Server Error","4715","listRefundWithNegativePageSize","Surefire suite","Thu Sep 17 05:14:17 UTC 2026","passed","Thu Sep 17 05:14:22 UTC 2026","testcases.backoffice.ListRefundTest","Surefire test","testcases.backoffice.ListRefundTest","listRefundWithNegativePageSize"
"Get Group Detail Backoffice Menggunakan Login Admin Crypto","4890","getGroupDetailWithAdminCryptoLogin","Surefire suite","Thu Sep 17 05:25:39 UTC 2026","passed","Thu Sep 17 05:25:43 UTC 2026","testcases.backoffice.group.GetGroupTest","Surefire test","testcases.backoffice.group.GetGroupTest","getGroupDetailWithAdminCryptoLogin"
"Mutasi Manual Transfer Supervisor","29593","mutasiManualTransferSupervisor","Surefire suite","Thu Sep 17 04:37:15 UTC 2026","passed","Thu Sep 17 04:37:45 UTC 2026","testcases.mutasi.MutasiTransferTest","Surefire test","testcases.mutasi.MutasiTransferTest","mutasiManualTransferSupervisor"
"Get List Google Authenticator Menggunakan HTTP Method GET","4809","listOtpGoogleWithGetMethod","Surefire suite","Thu Sep 17 06:34:40 UTC 2026","passed","Thu Sep 17 06:34:45 UTC 2026","testcases.backoffice.googleauth.ListOtpGoogleTest","Surefire test","testcases.backoffice.googleauth.ListOtpGoogleTest","listOtpGoogleWithGetMethod"
"Test Rejected Manual Transfer Supervisor","17783","rejectedCashDepositSupervisor","Surefire suite","Thu Sep 17 04:24:32 UTC 2026","passed","Thu Sep 17 04:24:50 UTC 2026","testcases.backoffice.ApprovalTransferTest","Surefire test","testcases.backoffice.ApprovalTransferTest","rejectedCashDepositSupervisor"
"Create Manage Settlement BO Ke Path yang Tidak Ada (Typo)","5484","addManageSettlementWithWrongPath","Surefire suite","Thu Sep 17 06:13:07 UTC 2026","passed","Thu Sep 17 06:13:12 UTC 2026","testcases.backoffice.settlement.AddManageSettlementTest","Surefire test","testcases.backoffice.settlement.AddManageSettlementTest","addManageSettlementWithWrongPath"
"Get Detail Waiting Company Backoffice Tanpa Id (Path Kosong)","5353","getDetailWaitingCompanyWithEmptyId","Surefire suite","Thu Sep 17 05:56:08 UTC 2026","passed","Thu Sep 17 05:56:13 UTC 2026","testcases.backoffice.GetDetailWaitingCompanyTest","Surefire test","testcases.backoffice.GetDetailWaitingCompanyTest","getDetailWaitingCompanyWithEmptyId"
"List Manage Settlement Backoffice Dengan Body Berupa Literal null","4661","listManageSettlementWithNullLiteralBody","Surefire suite","Thu Sep 17 06:04:11 UTC 2026","passed","Thu Sep 17 06:04:16 UTC 2026","testcases.backoffice.settlement.ManageSettlementTest","Surefire test","testcases.backoffice.settlement.ManageSettlementTest","listManageSettlementWithNullLiteralBody"
"List Manage Settlement Backoffice Tanpa Body Sama Sekali","4609","listManageSettlementWithoutBody","Surefire suite","Thu Sep 17 06:05:27 UTC 2026","passed","Thu Sep 17 06:05:31 UTC 2026","testcases.backoffice.settlement.ManageSettlementTest","Surefire test","testcases.backoffice.settlement.ManageSettlementTest","listManageSettlementWithoutBody"
"Delete Manage Settlement BO Menggunakan HTTP Method DELETE","4653","deleteManageSettlementWithDeleteMethod","Surefire suite","Thu Sep 17 06:17:00 UTC 2026","passed","Thu Sep 17 06:17:05 UTC 2026","testcases.backoffice.settlement.DeleteManageSettlementTest","Surefire test","testcases.backoffice.settlement.DeleteManageSettlementTest","deleteManageSettlementWithDeleteMethod"
"Add Group Backoffice Dengan Payload XSS pada name","1622","addGroupWithXssName","Surefire suite","Thu Sep 17 05:33:13 UTC 2026","passed","Thu Sep 17 05:33:15 UTC 2026","testcases.backoffice.group.AddGroupTest","Surefire test","testcases.backoffice.group.AddGroupTest","addGroupWithXssName"
"Delete Manage Settlement BO Dengan Token Tidak Valid","1548","deleteManageSettlementWithInvalidToken","Surefire suite","Thu Sep 17 06:17:28 UTC 2026","passed","Thu Sep 17 06:17:29 UTC 2026","testcases.backoffice.settlement.DeleteManageSettlementTest","Surefire test","testcases.backoffice.settlement.DeleteManageSettlementTest","deleteManageSettlementWithInvalidToken"
"Add Currency CS Admin Path Dengan Body Berupa Literal null","1547","addCurrencyWithNullLiteralBody","Surefire suite","Thu Sep 17 04:59:23 UTC 2026","passed","Thu Sep 17 04:59:25 UTC 2026","testcases.backoffice.currency.AddCurrencyTest","Surefire test","testcases.backoffice.currency.AddCurrencyTest","addCurrencyWithNullLiteralBody"
"Get List Group Company BO Ke Path yang Tidak Ada (Typo)","5133","getListGroupCompanyWithWrongPath","Surefire suite","Thu Sep 17 06:24:17 UTC 2026","passed","Thu Sep 17 06:24:22 UTC 2026","testcases.backoffice.settlement.GetListGroupCompanyTest","Surefire test","testcases.backoffice.settlement.GetListGroupCompanyTest","getListGroupCompanyWithWrongPath"
"Add Currency CS Admin Path Menggunakan HTTP Method GET","1794","addCurrencyWithGetMethod","Surefire suite","Thu Sep 17 04:58:35 UTC 2026","passed","Thu Sep 17 04:58:37 UTC 2026","testcases.backoffice.currency.AddCurrencyTest","Surefire test","testcases.backoffice.currency.AddCurrencyTest","addCurrencyWithGetMethod"
"Test Approved Manual Transfer","17884","rejectedCashDeposit","Surefire suite","Thu Sep 17 04:24:11 UTC 2026","passed","Thu Sep 17 04:24:29 UTC 2026","testcases.backoffice.ApprovalTransferTest","Surefire test","testcases.backoffice.ApprovalTransferTest","rejectedCashDeposit"
"Reset Pin Merchant","4780","resetPinMerchant","Surefire suite","Thu Sep 17 06:55:43 UTC 2026","passed","Thu Sep 17 06:55:48 UTC 2026","testcases.settings.ResetPinTest","Surefire test","testcases.settings.ResetPinTest","resetPinMerchant"
"Get History Flop Transfer Merchant on Login CS Admin","17039","historyFlopTransferMerchantTestCSAdmin","Surefire suite","Thu Sep 17 03:28:30 UTC 2026","passed","Thu Sep 17 03:28:47 UTC 2026","testcases.history.HistoryTransferTest","Surefire test","testcases.history.HistoryTransferTest","historyFlopTransferMerchantTestCSAdmin"
"Delete Group Backoffice Dengan Format id Tidak Valid (Bukan ObjectId)","1620","deleteGroupWithInvalidIdFormat","Surefire suite","Thu Sep 17 05:41:40 UTC 2026","passed","Thu Sep 17 05:41:42 UTC 2026","testcases.backoffice.group.DeleteGroupTest","Surefire test","testcases.backoffice.group.DeleteGroupTest","deleteGroupWithInvalidIdFormat"
"Add Group Backoffice Tanpa Body Sama Sekali","1452","addGroupWithoutBody","Surefire suite","Thu Sep 17 05:33:22 UTC 2026","passed","Thu Sep 17 05:33:24 UTC 2026","testcases.backoffice.group.AddGroupTest","Surefire test","testcases.backoffice.group.AddGroupTest","addGroupWithoutBody"
"Get History QR CS","9974","historyQRTestCS","Surefire suite","Thu Sep 17 03:26:27 UTC 2026","passed","Thu Sep 17 03:26:37 UTC 2026","testcases.history.HistoryQRTest","Surefire test","testcases.history.HistoryQRTest","historyQRTestCS"
"Get History Manual Transfer Test Admin","11801","historyManualTransferTestAdmin","Surefire suite","Thu Sep 17 03:30:55 UTC 2026","passed","Thu Sep 17 03:31:07 UTC 2026","testcases.history.HistoryTransferTest","Surefire test","testcases.history.HistoryTransferTest","historyManualTransferTestAdmin"
"List Refund Dengan Karakter SQL Injection pada Field Param - Menemukan Bug Internal Server Error","4760","listRefundWithSqlInjectionParam","Surefire suite","Thu Sep 17 05:14:25 UTC 2026","passed","Thu Sep 17 05:14:29 UTC 2026","testcases.backoffice.ListRefundTest","Surefire test","testcases.backoffice.ListRefundTest","listRefundWithSqlInjectionParam"
"List Company Backoffice Dengan Ukuran Halaman Sangat Besar","6302","listCompanyWithHugeSize","Surefire suite","Thu Sep 17 05:47:09 UTC 2026","passed","Thu Sep 17 05:47:16 UTC 2026","testcases.backoffice.ListCompanyTest","Surefire test","testcases.backoffice.ListCompanyTest","listCompanyWithHugeSize"
"List Manage Settlement Backoffice","8680","listManageSettlementTest","Surefire suite","Thu Sep 17 06:01:39 UTC 2026","passed","Thu Sep 17 06:01:48 UTC 2026","testcases.backoffice.settlement.ManageSettlementTest","Surefire test","testcases.backoffice.settlement.ManageSettlementTest","listManageSettlementTest"
"Get Group Backoffice Tanpa Login/Header Auth","1608","getGroupWithoutAuth","Surefire suite","Thu Sep 17 04:15:21 UTC 2026","passed","Thu Sep 17 04:15:22 UTC 2026","testcases.backoffice.GetDashboardTest","Surefire test","testcases.backoffice.GetDashboardTest","getGroupWithoutAuth"
"Reset Pin Backoffice","5152","resetPinBackoffice","Surefire suite","Thu Sep 17 06:55:03 UTC 2026","passed","Thu Sep 17 06:55:08 UTC 2026","testcases.settings.ResetPinTest","Surefire test","testcases.settings.ResetPinTest","resetPinBackoffice"
"Get List Group Backoffice Tanpa Field size","1493","getListGroupWithoutSizeField","Surefire suite","Thu Sep 17 05:38:14 UTC 2026","failed","Thu Sep 17 05:38:16 UTC 2026","testcases.backoffice.group.GetListGroupTest","Surefire test","testcases.backoffice.group.GetListGroupTest","getListGroupWithoutSizeField"
"List Company Backoffice Dengan Field Sort Merujuk ke Kolom yang Tidak Ada","4638","listCompanyWithInvalidSortField","Surefire suite","Thu Sep 17 05:47:27 UTC 2026","passed","Thu Sep 17 05:47:31 UTC 2026","testcases.backoffice.ListCompanyTest","Surefire test","testcases.backoffice.ListCompanyTest","listCompanyWithInvalidSortField"
"List Currency USDT Menggunakan Login Supervisor","4770","getCurrencyWithSupervisorLogin","Surefire suite","Thu Sep 17 05:04:09 UTC 2026","passed","Thu Sep 17 05:04:14 UTC 2026","testcases.backoffice.currency.GetCurrencyTest","Surefire test","testcases.backoffice.currency.GetCurrencyTest","getCurrencyWithSupervisorLogin"
"List Currency USDT Menggunakan Login Customer Service","4819","getCurrencyWithCSLogin","Surefire suite","Thu Sep 17 05:02:31 UTC 2026","passed","Thu Sep 17 05:02:36 UTC 2026","testcases.backoffice.currency.GetCurrencyTest","Surefire test","testcases.backoffice.currency.GetCurrencyTest","getCurrencyWithCSLogin"
"Get Detail Waiting Company Backoffice Dengan Id Milik Entitas Lain (Group Id)","4702","getDetailWaitingCompanyWithForeignEntityId","Surefire suite","Thu Sep 17 05:56:20 UTC 2026","passed","Thu Sep 17 05:56:25 UTC 2026","testcases.backoffice.GetDetailWaitingCompanyTest","Surefire test","testcases.backoffice.GetDetailWaitingCompanyTest","getDetailWaitingCompanyWithForeignEntityId"
"Test Get Report Transfer Merchant","6853","getReportMutationAdmin","Surefire suite","Thu Sep 17 04:48:55 UTC 2026","passed","Thu Sep 17 04:49:02 UTC 2026","testcases.report.ReportTransactionTest","Surefire test","testcases.report.ReportTransactionTest","getReportMutationAdmin"
"Request Refund Transfer Supervisor","5061","refundTransferSupervisor","Surefire suite","Thu Sep 17 05:10:58 UTC 2026","passed","Thu Sep 17 05:11:03 UTC 2026","testcases.transfer.RefundTransferTest","Surefire test","testcases.transfer.RefundTransferTest","refundTransferSupervisor"
"List User Backoffice Dengan Body Kosong ({})","4826","listUsersWithEmptyBody","Surefire suite","Thu Sep 17 05:22:27 UTC 2026","passed","Thu Sep 17 05:22:32 UTC 2026","testcases.backoffice.users.ListUsersTest","Surefire test","testcases.backoffice.users.ListUsersTest","listUsersWithEmptyBody"
"Generate QR Success paid","6523","paidQR","Surefire suite","Thu Sep 17 04:08:38 UTC 2026","passed","Thu Sep 17 04:08:45 UTC 2026","testcases.QR.GenerateQRPaidTest","Surefire test","testcases.QR.GenerateQRPaidTest","paidQR"
"Mutasi Special Transfer Supervisor CS","21290","mutasiSpecialTransferSupervisorCS","Surefire suite","Thu Sep 17 04:41:28 UTC 2026","passed","Thu Sep 17 04:41:50 UTC 2026","testcases.mutasi.MutasiTransferTest","Surefire test","testcases.mutasi.MutasiTransferTest","mutasiSpecialTransferSupervisorCS"
"Delete Manage Settlement BO Tanpa Header id","9048","deleteManageSettlementWithoutIdHeader","Surefire suite","Thu Sep 17 06:19:21 UTC 2026","passed","Thu Sep 17 06:19:31 UTC 2026","testcases.backoffice.settlement.DeleteManageSettlementTest","Surefire test","testcases.backoffice.settlement.DeleteManageSettlementTest","deleteManageSettlementWithoutIdHeader"
"Add Merchant From CS Admin","5172","addCompanyCsAdmin","Surefire suite","Thu Sep 17 04:52:27 UTC 2026","passed","Thu Sep 17 04:52:32 UTC 2026","testcases.backoffice.AddCompanyTest","Surefire test","testcases.backoffice.AddCompanyTest","addCompanyCsAdmin"
"Add Currency CS Admin Path Dengan Token CS Admin Valid Tapi Tanpa Header powis","1623","addCurrencyWithoutPowisHeader","Surefire suite","Thu Sep 17 05:00:36 UTC 2026","passed","Thu Sep 17 05:00:38 UTC 2026","testcases.backoffice.currency.AddCurrencyTest","Surefire test","testcases.backoffice.currency.AddCurrencyTest","addCurrencyWithoutPowisHeader"
"List User Backoffice Dengan Body JSON Tidak Valid (Malformed)","4647","listUsersWithMalformedJson","Surefire suite","Thu Sep 17 05:23:03 UTC 2026","passed","Thu Sep 17 05:23:08 UTC 2026","testcases.backoffice.users.ListUsersTest","Surefire test","testcases.backoffice.users.ListUsersTest","listUsersWithMalformedJson"
"Get List Group Company BO Menggunakan HTTP Method DELETE","4726","getListGroupCompanyWithDeleteMethod","Surefire suite","Thu Sep 17 06:22:16 UTC 2026","passed","Thu Sep 17 06:22:20 UTC 2026","testcases.backoffice.settlement.GetListGroupCompanyTest","Surefire test","testcases.backoffice.settlement.GetListGroupCompanyTest","getListGroupCompanyWithDeleteMethod"
"Success Login Backoffice","4361","testLoginBackoffice","Surefire suite","Thu Sep 17 03:21:40 UTC 2026","passed","Thu Sep 17 03:21:45 UTC 2026","testcases.auth.LoginTest","Surefire test","testcases.auth.LoginTest","testLoginBackoffice"
"Reset Password Customer Service","4824","resetPasswordCS","Surefire suite","Thu Sep 17 06:51:24 UTC 2026","passed","Thu Sep 17 06:51:29 UTC 2026","testcases.settings.ResetPasswordTest","Surefire test","testcases.settings.ResetPasswordTest","resetPasswordCS"
"Get Detail Waiting Company Backoffice Menggunakan Login CS Admin","4727","getDetailWaitingCompanyWithCSAdminLogin","Surefire suite","Thu Sep 17 05:55:52 UTC 2026","passed","Thu Sep 17 05:55:57 UTC 2026","testcases.backoffice.GetDetailWaitingCompanyTest","Surefire test","testcases.backoffice.GetDetailWaitingCompanyTest","getDetailWaitingCompanyWithCSAdminLogin"
"List Currency USDT Menggunakan Login Marketing","5175","getCurrencyWithMarketingLogin","Surefire suite","Thu Sep 17 05:03:29 UTC 2026","passed","Thu Sep 17 05:03:35 UTC 2026","testcases.backoffice.currency.GetCurrencyTest","Surefire test","testcases.backoffice.currency.GetCurrencyTest","getCurrencyWithMarketingLogin"
"Get Balance Merchant with Login Admin","4759","getFailedBalanceMerchantLoginAdmin","Surefire suite","Thu Sep 17 04:10:37 UTC 2026","passed","Thu Sep 17 04:10:42 UTC 2026","testcases.balance.GetBalanceQrisTest","Surefire test","testcases.balance.GetBalanceQrisTest","getFailedBalanceMerchantLoginAdmin"
"List Waiting Company Backoffice Tanpa Body Sama Sekali","4638","listWaitingCompanyWithoutBody","Surefire suite","Thu Sep 17 05:52:55 UTC 2026","passed","Thu Sep 17 05:53:00 UTC 2026","testcases.backoffice.ListWaitingCompanyTest","Surefire test","testcases.backoffice.ListWaitingCompanyTest","listWaitingCompanyWithoutBody"
"Get Notification Sender Dengan Token Backoffice Valid Tapi Tanpa Header pbyv","4526","getNotificationSenderWithoutPbyvHeader","Surefire suite","Thu Sep 17 06:31:19 UTC 2026","passed","Thu Sep 17 06:31:24 UTC 2026","testcases.backoffice.notifsender.NotificationSenderTest","Surefire test","testcases.backoffice.notifsender.NotificationSenderTest","getNotificationSenderWithoutPbyvHeader"
"Refund Summary Dengan Content-Type text/plain","1471","getRefundWithWrongContentType","Surefire suite","Thu Sep 17 05:19:02 UTC 2026","passed","Thu Sep 17 05:19:03 UTC 2026","testcases.backoffice.refund.GetRefundTest","Surefire test","testcases.backoffice.refund.GetRefundTest","getRefundWithWrongContentType"
"Normal Manual Transfer Success","10376","transfer","Surefire suite","Thu Sep 17 03:54:25 UTC 2026","passed","Thu Sep 17 03:54:35 UTC 2026","testcases.transfer.ManualTransferTest","Surefire test","testcases.transfer.ManualTransferTest","transfer"
"Get Detail Waiting Company Backoffice Dengan Id Berisi Spasi","5196","getDetailWaitingCompanyWithWhitespaceId","Surefire suite","Thu Sep 17 05:58:01 UTC 2026","passed","Thu Sep 17 05:58:06 UTC 2026","testcases.backoffice.GetDetailWaitingCompanyTest","Surefire test","testcases.backoffice.GetDetailWaitingCompanyTest","getDetailWaitingCompanyWithWhitespaceId"
"List Manage Settlement Backoffice Menggunakan HTTP Method PATCH","4671","listManageSettlementWithPatchMethod","Surefire suite","Thu Sep 17 06:04:19 UTC 2026","passed","Thu Sep 17 06:04:23 UTC 2026","testcases.backoffice.settlement.ManageSettlementTest","Surefire test","testcases.backoffice.settlement.ManageSettlementTest","listManageSettlementWithPatchMethod"
"Get List Google Authenticator Dengan Ukuran Halaman Sangat Besar","4666","listOtpGoogleWithHugeSize","Surefire suite","Thu Sep 17 06:34:48 UTC 2026","passed","Thu Sep 17 06:34:52 UTC 2026","testcases.backoffice.googleauth.ListOtpGoogleTest","Surefire test","testcases.backoffice.googleauth.ListOtpGoogleTest","listOtpGoogleWithHugeSize"
"Get List Group Backoffice Dengan size Bertipe String","1476","getListGroupWithSizeAsString","Surefire suite","Thu Sep 17 05:37:17 UTC 2026","passed","Thu Sep 17 05:37:19 UTC 2026","testcases.backoffice.group.GetListGroupTest","Surefire test","testcases.backoffice.group.GetListGroupTest","getListGroupWithSizeAsString"
"Get History Special Transfer Test CS","11742","historySpecialTransferTestCS","Surefire suite","Thu Sep 17 03:33:18 UTC 2026","passed","Thu Sep 17 03:33:29 UTC 2026","testcases.history.HistoryTransferTest","Surefire test","testcases.history.HistoryTransferTest","historySpecialTransferTestCS"
"Get Notification Sender Dengan Body JSON Tidak Valid (Malformed)","4570","getNotificationSenderWithMalformedJson","Surefire suite","Thu Sep 17 06:28:56 UTC 2026","passed","Thu Sep 17 06:29:00 UTC 2026","testcases.backoffice.notifsender.NotificationSenderTest","Surefire test","testcases.backoffice.notifsender.NotificationSenderTest","getNotificationSenderWithMalformedJson"
"Get Notification Sender Dengan pinValidasi Berisi Karakter SQL Injection","4711","getNotificationSenderWithSqlInjectionPinValidasi","Surefire suite","Thu Sep 17 06:30:20 UTC 2026","passed","Thu Sep 17 06:30:25 UTC 2026","testcases.backoffice.notifsender.NotificationSenderTest","Surefire test","testcases.backoffice.notifsender.NotificationSenderTest","getNotificationSenderWithSqlInjectionPinValidasi"
"Get Detail Waiting Company Backoffice Dengan Token Kadaluarsa","1478","getDetailWaitingCompanyWithExpiredToken","Surefire suite","Thu Sep 17 05:56:16 UTC 2026","passed","Thu Sep 17 05:56:17 UTC 2026","testcases.backoffice.GetDetailWaitingCompanyTest","Surefire test","testcases.backoffice.GetDetailWaitingCompanyTest","getDetailWaitingCompanyWithExpiredToken"
"Resend Google Authenticator","7701","resendOtpGoogleBO","Surefire suite","Thu Sep 17 06:39:22 UTC 2026","passed","Thu Sep 17 06:39:29 UTC 2026","testcases.backoffice.googleauth.ResendOtpGoogleTest","Surefire test","testcases.backoffice.googleauth.ResendOtpGoogleTest","resendOtpGoogleBO"
"Get Notification Sender Dengan Tipe Data Salah pada Field limit (String, Bukan Integer)","4603","getNotificationSenderWithInvalidFieldType","Surefire suite","Thu Sep 17 06:28:31 UTC 2026","passed","Thu Sep 17 06:28:35 UTC 2026","testcases.backoffice.notifsender.NotificationSenderTest","Surefire test","testcases.backoffice.notifsender.NotificationSenderTest","getNotificationSenderWithInvalidFieldType"
"Get Group Detail Backoffice Tanpa Login/Header Auth","1507","getGroupDetailWithoutAuth","Surefire suite","Thu Sep 17 05:28:12 UTC 2026","passed","Thu Sep 17 05:28:13 UTC 2026","testcases.backoffice.group.GetGroupTest","Surefire test","testcases.backoffice.group.GetGroupTest","getGroupDetailWithoutAuth"
"Get History Special Transfer Test Supervisor","8615","historySpecialTransferTestSupervisor","Surefire suite","Thu Sep 17 03:33:47 UTC 2026","passed","Thu Sep 17 03:33:56 UTC 2026","testcases.history.HistoryTransferTest","Surefire test","testcases.history.HistoryTransferTest","historySpecialTransferTestSupervisor"
"Delete Google Authenticator Menggunakan Login Admin Crypto","5454","deleteOtpGoogleWithAdminCryptoLogin","Surefire suite","Thu Sep 17 06:45:58 UTC 2026","passed","Thu Sep 17 06:46:04 UTC 2026","testcases.backoffice.googleauth.DeleteOtpGoogleTest","Surefire test","testcases.backoffice.googleauth.DeleteOtpGoogleTest","deleteOtpGoogleWithAdminCryptoLogin"
"Success Login Marketing","3189","testLoginMarketing","Surefire suite","Thu Sep 17 03:22:39 UTC 2026","passed","Thu Sep 17 03:22:42 UTC 2026","testcases.auth.LoginTest","Surefire test","testcases.auth.LoginTest","testLoginMarketing"
"Reset Password Supervisor","5243","resetPasswordSupervisor","Surefire suite","Thu Sep 17 06:52:05 UTC 2026","passed","Thu Sep 17 06:52:10 UTC 2026","testcases.settings.ResetPasswordTest","Surefire test","testcases.settings.ResetPasswordTest","resetPasswordSupervisor"
"Get List Group Backoffice Dengan Token Kadaluarsa","1504","getListGroupWithExpiredToken","Surefire suite","Thu Sep 17 05:36:02 UTC 2026","passed","Thu Sep 17 05:36:04 UTC 2026","testcases.backoffice.group.GetListGroupTest","Surefire test","testcases.backoffice.group.GetListGroupTest","getListGroupWithExpiredToken"
"Get History Manual Transfer Test","8449","historyManualTransferTest","Surefire suite","Thu Sep 17 03:30:44 UTC 2026","passed","Thu Sep 17 03:30:52 UTC 2026","testcases.history.HistoryTransferTest","Surefire test","testcases.history.HistoryTransferTest","historyManualTransferTest"
"Add Group Backoffice Dengan feePlatformPercent Bertipe String","1504","addGroupWithFeeAsString","Surefire suite","Thu Sep 17 05:31:09 UTC 2026","passed","Thu Sep 17 05:31:11 UTC 2026","testcases.backoffice.group.AddGroupTest","Surefire test","testcases.backoffice.group.AddGroupTest","addGroupWithFeeAsString"
"Refund Summary Dengan Rentang Tanggal Sangat Lebar","1552","getRefundWithHugeRange","Surefire suite","Thu Sep 17 05:17:25 UTC 2026","passed","Thu Sep 17 05:17:27 UTC 2026","testcases.backoffice.refund.GetRefundTest","Surefire test","testcases.backoffice.refund.GetRefundTest","getRefundWithHugeRange"
"Add Currency CS Admin Path Menggunakan Login Admin Crypto","4777","addCurrencyWithAdminCryptoLogin","Surefire suite","Thu Sep 17 04:57:20 UTC 2026","passed","Thu Sep 17 04:57:25 UTC 2026","testcases.backoffice.currency.AddCurrencyTest","Surefire test","testcases.backoffice.currency.AddCurrencyTest","addCurrencyWithAdminCryptoLogin"
"Reset Pin Customer Service","5067","resetPinCS","Surefire suite","Thu Sep 17 06:55:11 UTC 2026","passed","Thu Sep 17 06:55:16 UTC 2026","testcases.settings.ResetPinTest","Surefire test","testcases.settings.ResetPinTest","resetPinCS"
"Get List Group Backoffice Tanpa Body Sama Sekali","1439","getListGroupWithoutBody","Surefire suite","Thu Sep 17 05:38:01 UTC 2026","passed","Thu Sep 17 05:38:02 UTC 2026","testcases.backoffice.group.GetListGroupTest","Surefire test","testcases.backoffice.group.GetListGroupTest","getListGroupWithoutBody"
"Inquiry Test USDT Transfer Merchant","12324","inquiryUSDT","Surefire suite","Thu Sep 17 03:57:50 UTC 2026","passed","Thu Sep 17 03:58:02 UTC 2026","testcases.transfer.InquiryUSDTTest","Surefire test","testcases.transfer.InquiryUSDTTest","inquiryUSDT"
"List Refund Menggunakan Login Merchant","4636","listRefundWithMerchantLogin","Surefire suite","Thu Sep 17 05:14:09 UTC 2026","passed","Thu Sep 17 05:14:14 UTC 2026","testcases.backoffice.ListRefundTest","Surefire test","testcases.backoffice.ListRefundTest","listRefundWithMerchantLogin"
"Delete Manage Settlement BO Menggunakan Login CS Admin","4744","deleteManageSettlementWithCSAdminLogin","Surefire suite","Thu Sep 17 06:16:45 UTC 2026","passed","Thu Sep 17 06:16:49 UTC 2026","testcases.backoffice.settlement.DeleteManageSettlementTest","Surefire test","testcases.backoffice.settlement.DeleteManageSettlementTest","deleteManageSettlementWithCSAdminLogin"
"List Currency USDT Tanpa Login/Header Auth","1449","getCurrencyWithoutAuth","Surefire suite","Thu Sep 17 05:04:40 UTC 2026","passed","Thu Sep 17 05:04:41 UTC 2026","testcases.backoffice.currency.GetCurrencyTest","Surefire test","testcases.backoffice.currency.GetCurrencyTest","getCurrencyWithoutAuth"
"Mutasi USDT Transfer Supervisor","27986","mutasiUSDTTransferSupervisor","Surefire suite","Thu Sep 17 04:46:55 UTC 2026","passed","Thu Sep 17 04:47:23 UTC 2026","testcases.mutasi.MutasiTransferTest","Surefire test","testcases.mutasi.MutasiTransferTest","mutasiUSDTTransferSupervisor"
"Get Detail User Backoffice","7518","getUsersBO","Surefire suite","Thu Sep 17 05:21:12 UTC 2026","passed","Thu Sep 17 05:21:20 UTC 2026","testcases.backoffice.users.ListUsersTest","Surefire test","testcases.backoffice.users.ListUsersTest","getUsersBO"
"List User Backoffice Dengan Tipe Data Salah pada Field Limit (String, Bukan Integer)","4642","listUsersWithInvalidFieldType","Surefire suite","Thu Sep 17 05:22:43 UTC 2026","passed","Thu Sep 17 05:22:48 UTC 2026","testcases.backoffice.users.ListUsersTest","Surefire test","testcases.backoffice.users.ListUsersTest","listUsersWithInvalidFieldType"
"Delete Group Backoffice Dengan name String Kosong","1509","deleteGroupWithEmptyName","Surefire suite","Thu Sep 17 05:41:22 UTC 2026","passed","Thu Sep 17 05:41:24 UTC 2026","testcases.backoffice.group.DeleteGroupTest","Surefire test","testcases.backoffice.group.DeleteGroupTest","deleteGroupWithEmptyName"
"Test Get Report Transaction Merchant","4611","getReportTransactionMerchant","Surefire suite","Thu Sep 17 04:49:28 UTC 2026","passed","Thu Sep 17 04:49:32 UTC 2026","testcases.report.ReportTransactionTest","Surefire test","testcases.report.ReportTransactionTest","getReportTransactionMerchant"
"Get List Google Authenticator Dengan Body JSON Tidak Valid (Malformed)","4514","listOtpGoogleWithMalformedJson","Surefire suite","Thu Sep 17 06:35:20 UTC 2026","passed","Thu Sep 17 06:35:24 UTC 2026","testcases.backoffice.googleauth.ListOtpGoogleTest","Surefire test","testcases.backoffice.googleauth.ListOtpGoogleTest","listOtpGoogleWithMalformedJson"
"Refund Summary Dengan Header Authorization Tanpa Skema Bearer","1503","getRefundWithMalformedAuthorizationHeader","Surefire suite","Thu Sep 17 05:17:48 UTC 2026","passed","Thu Sep 17 05:17:50 UTC 2026","testcases.backoffice.refund.GetRefundTest","Surefire test","testcases.backoffice.refund.GetRefundTest","getRefundWithMalformedAuthorizationHeader"
"List Manage Settlement Backoffice Menggunakan Login Customer Service","4620","listManageSettlementWithCSLogin","Surefire suite","Thu Sep 17 06:02:23 UTC 2026","passed","Thu Sep 17 06:02:28 UTC 2026","testcases.backoffice.settlement.ManageSettlementTest","Surefire test","testcases.backoffice.settlement.ManageSettlementTest","listManageSettlementWithCSLogin"
"Delete Google Authenticator Dengan id Valid Secara Format Tapi Tidak Ada","4574","deleteOtpGoogleWithNonExistentId","Surefire suite","Thu Sep 17 06:47:30 UTC 2026","passed","Thu Sep 17 06:47:35 UTC 2026","testcases.backoffice.googleauth.DeleteOtpGoogleTest","Surefire test","testcases.backoffice.googleauth.DeleteOtpGoogleTest","deleteOtpGoogleWithNonExistentId"
