"DESCRIPTION","DURATION IN MS","NAME","PARENT SUITE","START TIME","STATUS","STOP TIME","SUB SUITE","SUITE","TEST CLASS","TEST METHOD"
"Mutasi Manual Transfer CS","45427","mutasiManualTransferCS","Surefire suite","Wed Sep 30 14:34:02 UTC 2026","passed","Wed Sep 30 14:34:48 UTC 2026","testcases.mutasi.MutasiTransferTest","Surefire test","testcases.mutasi.MutasiTransferTest","mutasiManualTransferCS"
"Login Merchant dengan Username Mengandung SQL Injection","3348","testLoginSqlInjectionUsername","Surefire suite","Wed Sep 30 12:33:25 UTC 2026","passed","Wed Sep 30 12:33:28 UTC 2026","testcases.auth.LoginTest","Surefire test","testcases.auth.LoginTest","testLoginSqlInjectionUsername"
"Add Currency CS Admin Path Tanpa Login/Header Auth","3319","addCurrencyWithoutAuth","Surefire suite","Wed Sep 30 13:58:47 UTC 2026","passed","Wed Sep 30 13:58:50 UTC 2026","testcases.backoffice.currency.AddCurrencyTest","Surefire test","testcases.backoffice.currency.AddCurrencyTest","addCurrencyWithoutAuth"
"Get History USDT Transfer Test CS","19365","historyUSDTTransferTestCS","Surefire suite","Wed Sep 30 14:22:12 UTC 2026","passed","Wed Sep 30 14:22:31 UTC 2026","testcases.history.HistoryTransferTest","Surefire test","testcases.history.HistoryTransferTest","historyUSDTTransferTestCS"
"Get Notification Sender Menggunakan Login CS Admin","5233","getNotificationSenderWithCSAdminLogin","Surefire suite","Wed Sep 30 12:52:57 UTC 2026","passed","Wed Sep 30 12:53:02 UTC 2026","testcases.backoffice.notifsender.NotificationSenderTest","Surefire test","testcases.backoffice.notifsender.NotificationSenderTest","getNotificationSenderWithCSAdminLogin"
"Resend Google Authenticator Ke Path yang Tidak Ada (Typo)","6604","resendOtpGoogleWithWrongPath","Surefire suite","Wed Sep 30 13:03:32 UTC 2026","passed","Wed Sep 30 13:03:39 UTC 2026","testcases.backoffice.googleauth.ResendOtpGoogleTest","Surefire test","testcases.backoffice.googleauth.ResendOtpGoogleTest","resendOtpGoogleWithWrongPath"
"Resend Google Authenticator","5083","resendOtpGoogleBO","Surefire suite","Wed Sep 30 12:58:58 UTC 2026","passed","Wed Sep 30 12:59:03 UTC 2026","testcases.backoffice.googleauth.ResendOtpGoogleTest","Surefire test","testcases.backoffice.googleauth.ResendOtpGoogleTest","resendOtpGoogleBO"
"Get List Google Authenticator Menggunakan Login Supervisor","6112","listOtpGoogleWithSupervisorLogin","Surefire suite","Wed Sep 30 13:10:23 UTC 2026","passed","Wed Sep 30 13:10:29 UTC 2026","testcases.backoffice.googleauth.ListOtpGoogleTest","Surefire test","testcases.backoffice.googleauth.ListOtpGoogleTest","listOtpGoogleWithSupervisorLogin"
"Get History Manual Transfer Supervisor on Login CS Admin","19822","historyManualTransferSupervisorTestCSAdmin","Surefire suite","Wed Sep 30 14:13:35 UTC 2026","passed","Wed Sep 30 14:13:55 UTC 2026","testcases.history.HistoryTransferTest","Surefire test","testcases.history.HistoryTransferTest","historyManualTransferSupervisorTestCSAdmin"
"List Company Backoffice Dengan Header Authorization Tanpa Skema Bearer","3116","listCompanyWithMalformedAuthorizationHeader","Surefire suite","Wed Sep 30 13:04:37 UTC 2026","passed","Wed Sep 30 13:04:41 UTC 2026","testcases.backoffice.ListCompanyTest","Surefire test","testcases.backoffice.ListCompanyTest","listCompanyWithMalformedAuthorizationHeader"
"Get Group Detail Backoffice Dengan Group Id Berisi Karakter SQL Injection","6229","getGroupDetailWithSqlInjectionId","Surefire suite","Wed Sep 30 12:10:28 UTC 2026","passed","Wed Sep 30 12:10:34 UTC 2026","testcases.backoffice.group.GetGroupTest","Surefire test","testcases.backoffice.group.GetGroupTest","getGroupDetailWithSqlInjectionId"
"List Currency USDT Dengan Ukuran Halaman Sangat Besar","5080","getCurrencyWithHugeSize","Surefire suite","Wed Sep 30 12:32:45 UTC 2026","passed","Wed Sep 30 12:32:51 UTC 2026","testcases.backoffice.currency.GetCurrencyTest","Surefire test","testcases.backoffice.currency.GetCurrencyTest","getCurrencyWithHugeSize"
"Delete Google Authenticator Menggunakan Login Merchant","4805","deleteOtpGoogleWithMerchantLogin","Surefire suite","Wed Sep 30 12:26:50 UTC 2026","passed","Wed Sep 30 12:26:55 UTC 2026","testcases.backoffice.googleauth.DeleteOtpGoogleTest","Surefire test","testcases.backoffice.googleauth.DeleteOtpGoogleTest","deleteOtpGoogleWithMerchantLogin"
"Get History Manual Transfer Test CS","16034","historyManualTransferTestCS","Surefire suite","Wed Sep 30 14:14:49 UTC 2026","passed","Wed Sep 30 14:15:05 UTC 2026","testcases.history.HistoryTransferTest","Surefire test","testcases.history.HistoryTransferTest","historyManualTransferTestCS"
"Delete Manage Settlement BO Dengan Header Authorization Tanpa Skema Bearer","1715","deleteManageSettlementWithMalformedAuthorizationHeader","Surefire suite","Wed Sep 30 12:46:12 UTC 2026","passed","Wed Sep 30 12:46:14 UTC 2026","testcases.backoffice.settlement.DeleteManageSettlementTest","Surefire test","testcases.backoffice.settlement.DeleteManageSettlementTest","deleteManageSettlementWithMalformedAuthorizationHeader"
"Create Manage Settlement BO Dengan Body Berupa JSON Array ([])","5158","addManageSettlementWithArrayBody","Surefire suite","Wed Sep 30 12:39:15 UTC 2026","passed","Wed Sep 30 12:39:20 UTC 2026","testcases.backoffice.settlement.AddManageSettlementTest","Surefire test","testcases.backoffice.settlement.AddManageSettlementTest","addManageSettlementWithArrayBody"
"List Currency USDT Menggunakan Login Admin Crypto","4920","getCurrencyWithAdminCryptoLogin","Surefire suite","Wed Sep 30 12:31:41 UTC 2026","passed","Wed Sep 30 12:31:46 UTC 2026","testcases.backoffice.currency.GetCurrencyTest","Surefire test","testcases.backoffice.currency.GetCurrencyTest","getCurrencyWithAdminCryptoLogin"
"Delete Favorite Account yang Sama Dipanggil Dua Kali (Sudah Terhapus)","8752","deleteFavoriteAccountAlreadyDeleted","Surefire suite","Wed Sep 30 12:08:27 UTC 2026","passed","Wed Sep 30 12:08:35 UTC 2026","testcases.settings.favoriteaccount.DeleteFavoriteAccountTest","Surefire test","testcases.settings.favoriteaccount.DeleteFavoriteAccountTest","deleteFavoriteAccountAlreadyDeleted"
"Refund Summary Menggunakan HTTP Method PUT","1768","getRefundWithPutMethod","Surefire suite","Wed Sep 30 12:53:37 UTC 2026","passed","Wed Sep 30 12:53:39 UTC 2026","testcases.backoffice.refund.GetRefundTest","Surefire test","testcases.backoffice.refund.GetRefundTest","getRefundWithPutMethod"
"List Manage Settlement Backoffice Menggunakan Login Merchant","6573","listManageSettlementWithMerchantLogin","Surefire suite","Wed Sep 30 13:07:11 UTC 2026","passed","Wed Sep 30 13:07:17 UTC 2026","testcases.backoffice.settlement.ManageSettlementTest","Surefire test","testcases.backoffice.settlement.ManageSettlementTest","listManageSettlementWithMerchantLogin"
"Get List Favorite Account Dengan Body Berupa Literal null","3388","getListFavoriteAccountWithNullLiteralBody","Surefire suite","Wed Sep 30 14:52:55 UTC 2026","passed","Wed Sep 30 14:52:59 UTC 2026","testcases.settings.favoriteaccount.GetListFavoriteAccountTest","Surefire test","testcases.settings.favoriteaccount.GetListFavoriteAccountTest","getListFavoriteAccountWithNullLiteralBody"
"Get Group Detail Backoffice","5863","getGroupDetail","Surefire suite","Wed Sep 30 12:08:08 UTC 2026","passed","Wed Sep 30 12:08:14 UTC 2026","testcases.backoffice.group.GetGroupTest","Surefire test","testcases.backoffice.group.GetGroupTest","getGroupDetail"
"Get List Group Company BO Menggunakan Login Supervisor","4965","getListGroupCompanyWithSupervisorLogin","Surefire suite","Wed Sep 30 12:37:40 UTC 2026","passed","Wed Sep 30 12:37:44 UTC 2026","testcases.backoffice.settlement.GetListGroupCompanyTest","Surefire test","testcases.backoffice.settlement.GetListGroupCompanyTest","getListGroupCompanyWithSupervisorLogin"
"List Manage Settlement Backoffice Menggunakan HTTP Method PATCH","7862","listManageSettlementWithPatchMethod","Surefire suite","Wed Sep 30 13:07:40 UTC 2026","passed","Wed Sep 30 13:07:48 UTC 2026","testcases.backoffice.settlement.ManageSettlementTest","Surefire test","testcases.backoffice.settlement.ManageSettlementTest","listManageSettlementWithPatchMethod"
"Inquiry Favorite Account Dengan beneficiaryAccountNo Tidak Pernah Ada","1968","inquiryFavoriteAccountWithNonExistentBeneficiaryAccountNo","Surefire suite","Wed Sep 30 12:54:11 UTC 2026","passed","Wed Sep 30 12:54:13 UTC 2026","testcases.settings.favoriteaccount.InquiryFavoriteAccountTest","Surefire test","testcases.settings.favoriteaccount.InquiryFavoriteAccountTest","inquiryFavoriteAccountWithNonExistentBeneficiaryAccountNo"
"Get List Favorite Account Dengan size 0","1824","getListFavoriteAccountWithZeroSize","Surefire suite","Wed Sep 30 14:53:46 UTC 2026","passed","Wed Sep 30 14:53:48 UTC 2026","testcases.settings.favoriteaccount.GetListFavoriteAccountTest","Surefire test","testcases.settings.favoriteaccount.GetListFavoriteAccountTest","getListFavoriteAccountWithZeroSize"
"Delete Manage Settlement BO Menggunakan HTTP Method PUT","5184","deleteManageSettlementWithPutMethod","Surefire suite","Wed Sep 30 12:47:18 UTC 2026","passed","Wed Sep 30 12:47:23 UTC 2026","testcases.backoffice.settlement.DeleteManageSettlementTest","Surefire test","testcases.backoffice.settlement.DeleteManageSettlementTest","deleteManageSettlementWithPutMethod"
"Delete Manage Settlement BO Menggunakan HTTP Method DELETE","6361","deleteManageSettlementWithDeleteMethod","Surefire suite","Wed Sep 30 12:45:36 UTC 2026","passed","Wed Sep 30 12:45:42 UTC 2026","testcases.backoffice.settlement.DeleteManageSettlementTest","Surefire test","testcases.backoffice.settlement.DeleteManageSettlementTest","deleteManageSettlementWithDeleteMethod"
"Create Manage Settlement BO Dengan Body JSON Tidak Valid (Malformed)","4802","addManageSettlementWithMalformedJson","Surefire suite","Wed Sep 30 12:41:20 UTC 2026","passed","Wed Sep 30 12:41:24 UTC 2026","testcases.backoffice.settlement.AddManageSettlementTest","Surefire test","testcases.backoffice.settlement.AddManageSettlementTest","addManageSettlementWithMalformedJson"
"Get List Group Company BO Dengan Token Kadaluarsa","2633","getListGroupCompanyWithExpiredToken","Surefire suite","Wed Sep 30 12:36:02 UTC 2026","passed","Wed Sep 30 12:36:05 UTC 2026","testcases.backoffice.settlement.GetListGroupCompanyTest","Surefire test","testcases.backoffice.settlement.GetListGroupCompanyTest","getListGroupCompanyWithExpiredToken"
"Create Manage Settlement BO Dengan Content-Type text/plain","6326","addManageSettlementWithWrongContentType","Surefire suite","Wed Sep 30 12:42:58 UTC 2026","passed","Wed Sep 30 12:43:04 UTC 2026","testcases.backoffice.settlement.AddManageSettlementTest","Surefire test","testcases.backoffice.settlement.AddManageSettlementTest","addManageSettlementWithWrongContentType"
"Get Group Detail Backoffice Dengan Group Id Sangat Panjang (10.000 karakter)","5609","getGroupDetailWithOverlongId","Surefire suite","Wed Sep 30 12:09:56 UTC 2026","passed","Wed Sep 30 12:10:01 UTC 2026","testcases.backoffice.group.GetGroupTest","Surefire test","testcases.backoffice.group.GetGroupTest","getGroupDetailWithOverlongId"
"List Waiting Company Backoffice Dengan Tipe Data Salah pada Field Limit (String, Bukan Integer)","5723","listWaitingCompanyWithInvalidFieldType","Surefire suite","Wed Sep 30 13:00:35 UTC 2026","passed","Wed Sep 30 13:00:41 UTC 2026","testcases.backoffice.ListWaitingCompanyTest","Surefire test","testcases.backoffice.ListWaitingCompanyTest","listWaitingCompanyWithInvalidFieldType"
"Add Currency CS Admin Path Dengan Karakter SQL Injection pada rate","1823","addCurrencyWithSqlInjectionRate","Surefire suite","Wed Sep 30 13:57:56 UTC 2026","passed","Wed Sep 30 13:57:57 UTC 2026","testcases.backoffice.currency.AddCurrencyTest","Surefire test","testcases.backoffice.currency.AddCurrencyTest","addCurrencyWithSqlInjectionRate"
"Delete Group Backoffice Menggunakan Login Admin","4982","deleteGroupWithAdminLogin","Surefire suite","Wed Sep 30 12:19:18 UTC 2026","passed","Wed Sep 30 12:19:23 UTC 2026","testcases.backoffice.group.DeleteGroupTest","Surefire test","testcases.backoffice.group.DeleteGroupTest","deleteGroupWithAdminLogin"
"List Currency USDT Menggunakan HTTP Method PUT","1802","getCurrencyWithPutMethod","Surefire suite","Wed Sep 30 12:33:55 UTC 2026","passed","Wed Sep 30 12:33:57 UTC 2026","testcases.backoffice.currency.GetCurrencyTest","Surefire test","testcases.backoffice.currency.GetCurrencyTest","getCurrencyWithPutMethod"
"Test Get Report Transaction CS","5360","getReportTransactionCS","Surefire suite","Wed Sep 30 12:09:20 UTC 2026","passed","Wed Sep 30 12:09:25 UTC 2026","testcases.report.ReportTransactionTest","Surefire test","testcases.report.ReportTransactionTest","getReportTransactionCS"
"Get Group Detail Backoffice Menggunakan Login Marketing","4735","getGroupDetailWithMarketingLogin","Surefire suite","Wed Sep 30 12:09:33 UTC 2026","passed","Wed Sep 30 12:09:37 UTC 2026","testcases.backoffice.group.GetGroupTest","Surefire test","testcases.backoffice.group.GetGroupTest","getGroupDetailWithMarketingLogin"
"Get History Manual Transfer Test","13765","historyManualTransferTest","Surefire suite","Wed Sep 30 14:13:58 UTC 2026","passed","Wed Sep 30 14:14:12 UTC 2026","testcases.history.HistoryTransferTest","Surefire test","testcases.history.HistoryTransferTest","historyManualTransferTest"
"Transfer Different Partner Reference, Transfer to Manual Transfer","73484","trfPartnerRefTransferFailed","Surefire suite","Wed Sep 30 12:59:46 UTC 2026","passed","Wed Sep 30 13:00:59 UTC 2026","testcases.transfer.ManualTransferTest","Surefire test","testcases.transfer.ManualTransferTest","trfPartnerRefTransferFailed"
"Get Notification Sender Dengan Body JSON Tidak Valid (Malformed)","5668","getNotificationSenderWithMalformedJson","Surefire suite","Wed Sep 30 12:54:52 UTC 2026","passed","Wed Sep 30 12:54:57 UTC 2026","testcases.backoffice.notifsender.NotificationSenderTest","Surefire test","testcases.backoffice.notifsender.NotificationSenderTest","getNotificationSenderWithMalformedJson"
"Delete Group Backoffice Menggunakan HTTP Method DELETE","1442","deleteGroupWithDeleteMethod","Surefire suite","Wed Sep 30 12:19:48 UTC 2026","passed","Wed Sep 30 12:19:49 UTC 2026","testcases.backoffice.group.DeleteGroupTest","Surefire test","testcases.backoffice.group.DeleteGroupTest","deleteGroupWithDeleteMethod"
"Delete Group Backoffice Dengan Header pbyv Salah","1615","deleteGroupWithWrongPbyvHeader","Surefire suite","Wed Sep 30 12:22:04 UTC 2026","passed","Wed Sep 30 12:22:06 UTC 2026","testcases.backoffice.group.DeleteGroupTest","Surefire test","testcases.backoffice.group.DeleteGroupTest","deleteGroupWithWrongPbyvHeader"
"List Currency USDT Dengan Header pbyv Salah","1748","getCurrencyWithWrongPbyvHeader","Surefire suite","Wed Sep 30 12:34:27 UTC 2026","passed","Wed Sep 30 12:34:29 UTC 2026","testcases.backoffice.currency.GetCurrencyTest","Surefire test","testcases.backoffice.currency.GetCurrencyTest","getCurrencyWithWrongPbyvHeader"
"Get History Special Transfer Test Admin","19723","historySpecialTransferTestAdmin","Surefire suite","Wed Sep 30 14:16:56 UTC 2026","passed","Wed Sep 30 14:17:15 UTC 2026","testcases.history.HistoryTransferTest","Surefire test","testcases.history.HistoryTransferTest","historySpecialTransferTestAdmin"
"Delete Manage Settlement BO","13426","deleteManageSettlementBO","Surefire suite","Wed Sep 30 12:44:17 UTC 2026","passed","Wed Sep 30 12:44:31 UTC 2026","testcases.backoffice.settlement.DeleteManageSettlementTest","Surefire test","testcases.backoffice.settlement.DeleteManageSettlementTest","deleteManageSettlementBO"
"Inquiry Favorite Account Dengan Karakter SQL Injection pada beneficiaryAccountNo","3484","inquiryFavoriteAccountWithSqlInjectionAccountNo","Surefire suite","Wed Sep 30 12:54:30 UTC 2026","passed","Wed Sep 30 12:54:34 UTC 2026","testcases.settings.favoriteaccount.InquiryFavoriteAccountTest","Surefire test","testcases.settings.favoriteaccount.InquiryFavoriteAccountTest","inquiryFavoriteAccountWithSqlInjectionAccountNo"
"List Currency USDT Menggunakan HTTP Method GET","1781","getCurrencyWithGetMethod","Surefire suite","Wed Sep 30 12:32:41 UTC 2026","passed","Wed Sep 30 12:32:42 UTC 2026","testcases.backoffice.currency.GetCurrencyTest","Surefire test","testcases.backoffice.currency.GetCurrencyTest","getCurrencyWithGetMethod"
"Get History Special Transfer Merchant on Login CS Admin","22057","historySpecialTransferMerchantTestCSAdmin","Surefire suite","Wed Sep 30 14:15:51 UTC 2026","passed","Wed Sep 30 14:16:13 UTC 2026","testcases.history.HistoryTransferTest","Surefire test","testcases.history.HistoryTransferTest","historySpecialTransferMerchantTestCSAdmin"
"Add Group Backoffice Menggunakan HTTP Method DELETE","1449","addGroupWithDeleteMethod","Surefire suite","Wed Sep 30 12:11:54 UTC 2026","passed","Wed Sep 30 12:11:56 UTC 2026","testcases.backoffice.group.AddGroupTest","Surefire test","testcases.backoffice.group.AddGroupTest","addGroupWithDeleteMethod"
"Add Currency CS Admin Path Menggunakan Login Admin","12125","addCurrencyWithAdminLogin","Surefire suite","Wed Sep 30 13:54:42 UTC 2026","passed","Wed Sep 30 13:54:54 UTC 2026","testcases.backoffice.currency.AddCurrencyTest","Surefire test","testcases.backoffice.currency.AddCurrencyTest","addCurrencyWithAdminLogin"
"Delete Favorite Account Ke Path yang Tidak Ada (Typo)","45949","deleteFavoriteAccountWithWrongPath","Surefire suite","Wed Sep 30 12:13:51 UTC 2026","failed","Wed Sep 30 12:14:37 UTC 2026","testcases.settings.favoriteaccount.DeleteFavoriteAccountTest","Surefire test","testcases.settings.favoriteaccount.DeleteFavoriteAccountTest","deleteFavoriteAccountWithWrongPath"
"Inquiry Test Transfer Merchant Supervisor","5181","inquiryTransferSupervisor","Surefire suite","Wed Sep 30 12:12:13 UTC 2026","passed","Wed Sep 30 12:12:18 UTC 2026","testcases.transfer.InquiryTransferTest","Surefire test","testcases.transfer.InquiryTransferTest","inquiryTransferSupervisor"
"Get Notification Sender Dengan pinValidasi Kosong","8022","getNotificationSenderWithEmptyPinValidasi","Surefire suite","Wed Sep 30 12:53:34 UTC 2026","passed","Wed Sep 30 12:53:42 UTC 2026","testcases.backoffice.notifsender.NotificationSenderTest","Surefire test","testcases.backoffice.notifsender.NotificationSenderTest","getNotificationSenderWithEmptyPinValidasi"
"Refund Summary Menggunakan Login Supervisor","6342","getRefundWithSupervisorLogin","Surefire suite","Wed Sep 30 12:53:54 UTC 2026","passed","Wed Sep 30 12:54:00 UTC 2026","testcases.backoffice.refund.GetRefundTest","Surefire test","testcases.backoffice.refund.GetRefundTest","getRefundWithSupervisorLogin"
"Get Group Detail Backoffice Dengan Format Group Id Tidak Valid (Bukan ObjectId)","4921","getGroupDetailWithMalformedId","Surefire suite","Wed Sep 30 12:09:25 UTC 2026","passed","Wed Sep 30 12:09:30 UTC 2026","testcases.backoffice.group.GetGroupTest","Surefire test","testcases.backoffice.group.GetGroupTest","getGroupDetailWithMalformedId"
"Success Assignment Cash Deposit Supervisor","25462","assignCashDepositSupervisorTest","Surefire suite","Wed Sep 30 12:50:00 UTC 2026","passed","Wed Sep 30 12:50:26 UTC 2026","testcases.backoffice.TransferAssignmentTest","Surefire test","testcases.backoffice.TransferAssignmentTest","assignCashDepositSupervisorTest"
"Refund Summary Menggunakan Login Merchant","6206","getRefundWithMerchantLogin","Surefire suite","Wed Sep 30 12:53:03 UTC 2026","passed","Wed Sep 30 12:53:09 UTC 2026","testcases.backoffice.refund.GetRefundTest","Surefire test","testcases.backoffice.refund.GetRefundTest","getRefundWithMerchantLogin"
"Get List Favorite Account Tanpa Body Sama Sekali","1777","getListFavoriteAccountWithoutBody","Surefire suite","Wed Sep 30 14:53:56 UTC 2026","passed","Wed Sep 30 14:53:57 UTC 2026","testcases.settings.favoriteaccount.GetListFavoriteAccountTest","Surefire test","testcases.settings.favoriteaccount.GetListFavoriteAccountTest","getListFavoriteAccountWithoutBody"
"Get List Group Backoffice Menggunakan Login Admin Crypto","4606","getListGroupWithAdminCryptoLogin","Surefire suite","Wed Sep 30 12:15:12 UTC 2026","passed","Wed Sep 30 12:15:16 UTC 2026","testcases.backoffice.group.GetListGroupTest","Surefire test","testcases.backoffice.group.GetListGroupTest","getListGroupWithAdminCryptoLogin"
"Refund Summary Dengan Body Kosong ({})","3410","getRefundWithEmptyBody","Surefire suite","Wed Sep 30 12:51:51 UTC 2026","passed","Wed Sep 30 12:51:55 UTC 2026","testcases.backoffice.refund.GetRefundTest","Surefire test","testcases.backoffice.refund.GetRefundTest","getRefundWithEmptyBody"
"Add Currency CS Admin Path Dengan Header Authorization Tanpa Skema Bearer","4127","addCurrencyWithMalformedAuthorizationHeader","Surefire suite","Wed Sep 30 13:56:29 UTC 2026","passed","Wed Sep 30 13:56:33 UTC 2026","testcases.backoffice.currency.AddCurrencyTest","Surefire test","testcases.backoffice.currency.AddCurrencyTest","addCurrencyWithMalformedAuthorizationHeader"
"List Company Backoffice Dengan Body JSON Tidak Valid (Malformed)","5129","listCompanyWithMalformedJson","Surefire suite","Wed Sep 30 13:04:44 UTC 2026","passed","Wed Sep 30 13:04:49 UTC 2026","testcases.backoffice.ListCompanyTest","Surefire test","testcases.backoffice.ListCompanyTest","listCompanyWithMalformedJson"
"List User Backoffice Menggunakan Login Merchant","5305","listUsersWithMerchantLogin","Surefire suite","Wed Sep 30 12:58:27 UTC 2026","passed","Wed Sep 30 12:58:33 UTC 2026","testcases.backoffice.users.ListUsersTest","Surefire test","testcases.backoffice.users.ListUsersTest","listUsersWithMerchantLogin"
"Delete Group Backoffice Dengan Karakter SQL Injection pada id","1579","deleteGroupWithSqlInjectionId","Surefire suite","Wed Sep 30 12:21:32 UTC 2026","passed","Wed Sep 30 12:21:33 UTC 2026","testcases.backoffice.group.DeleteGroupTest","Surefire test","testcases.backoffice.group.DeleteGroupTest","deleteGroupWithSqlInjectionId"
"Delete Manage Settlement BO Dengan id yang Sama Dua Kali (Sudah Terhapus)","13102","deleteManageSettlementWithAlreadyDeletedId","Surefire suite","Wed Sep 30 12:44:58 UTC 2026","passed","Wed Sep 30 12:45:12 UTC 2026","testcases.backoffice.settlement.DeleteManageSettlementTest","Surefire test","testcases.backoffice.settlement.DeleteManageSettlementTest","deleteManageSettlementWithAlreadyDeletedId"
"Transfer Success with before and after Balanced","10970","transferBalance","Surefire suite","Wed Sep 30 12:22:31 UTC 2026","passed","Wed Sep 30 12:22:42 UTC 2026","testcases.transfer.TransferTest","Surefire test","testcases.transfer.TransferTest","transferBalance"
"Delete Group Backoffice Dengan id yang Tidak Pernah Ada","1490","deleteGroupWithNonExistentId","Surefire suite","Wed Sep 30 12:21:13 UTC 2026","passed","Wed Sep 30 12:21:14 UTC 2026","testcases.backoffice.group.DeleteGroupTest","Surefire test","testcases.backoffice.group.DeleteGroupTest","deleteGroupWithNonExistentId"
"Get List Group Backoffice Dengan Header pbyv Salah","1715","getListGroupWithWrongPbyvHeader","Surefire suite","Wed Sep 30 12:17:53 UTC 2026","passed","Wed Sep 30 12:17:55 UTC 2026","testcases.backoffice.group.GetListGroupTest","Surefire test","testcases.backoffice.group.GetListGroupTest","getListGroupWithWrongPbyvHeader"
"Get List Google Authenticator Tanpa Body Sama Sekali","9431","listOtpGoogleWithoutBody","Surefire suite","Wed Sep 30 13:11:10 UTC 2026","passed","Wed Sep 30 13:11:19 UTC 2026","testcases.backoffice.googleauth.ListOtpGoogleTest","Surefire test","testcases.backoffice.googleauth.ListOtpGoogleTest","listOtpGoogleWithoutBody"
"Request Refund Transfer Waiting Merchant","10918","refundTransferWaitingMerchant","Surefire suite","Wed Sep 30 13:02:45 UTC 2026","passed","Wed Sep 30 13:02:55 UTC 2026","testcases.transfer.RefundTransferTest","Surefire test","testcases.transfer.RefundTransferTest","refundTransferWaitingMerchant"
"Get List Group Company BO Menggunakan HTTP Method PUT","7411","getListGroupCompanyWithPutMethod","Surefire suite","Wed Sep 30 12:37:19 UTC 2026","passed","Wed Sep 30 12:37:27 UTC 2026","testcases.backoffice.settlement.GetListGroupCompanyTest","Surefire test","testcases.backoffice.settlement.GetListGroupCompanyTest","getListGroupCompanyWithPutMethod"
"List Waiting Company Backoffice Dengan Page/Size Negatif","10904","listWaitingCompanyWithNegativePageSize","Surefire suite","Wed Sep 30 13:01:42 UTC 2026","passed","Wed Sep 30 13:01:53 UTC 2026","testcases.backoffice.ListWaitingCompanyTest","Surefire test","testcases.backoffice.ListWaitingCompanyTest","listWaitingCompanyWithNegativePageSize"
"List Refund Menggunakan Login Merchant","6358","listRefundMerchant","Surefire suite","Wed Sep 30 14:03:17 UTC 2026","passed","Wed Sep 30 14:03:24 UTC 2026","testcases.backoffice.ListRefundTest","Surefire test","testcases.backoffice.ListRefundTest","listRefundMerchant"
"Mutasi Special Transfer Balance","38782","mutasiSpecialTransferBalance","Surefire suite","Wed Sep 30 14:37:12 UTC 2026","passed","Wed Sep 30 14:37:51 UTC 2026","testcases.mutasi.MutasiTransferTest","Surefire test","testcases.mutasi.MutasiTransferTest","mutasiSpecialTransferBalance"
"Test Get Report Company Merchant","5471","getReportCompanyAdmin","Surefire suite","Wed Sep 30 12:09:23 UTC 2026","passed","Wed Sep 30 12:09:29 UTC 2026","testcases.report.ReportTransactionTest","Surefire test","testcases.report.ReportTransactionTest","getReportCompanyAdmin"
"Create Manage Settlement BO Menggunakan Login Customer Service","5006","addManageSettlementWithCSLogin","Surefire suite","Wed Sep 30 12:39:33 UTC 2026","passed","Wed Sep 30 12:39:38 UTC 2026","testcases.backoffice.settlement.AddManageSettlementTest","Surefire test","testcases.backoffice.settlement.AddManageSettlementTest","addManageSettlementWithCSLogin"
"Get History Special Transfer Test","15570","historySpecialTransferTest","Surefire suite","Wed Sep 30 14:16:37 UTC 2026","passed","Wed Sep 30 14:16:53 UTC 2026","testcases.history.HistoryTransferTest","Surefire test","testcases.history.HistoryTransferTest","historySpecialTransferTest"
"Add Currency Ke Path yang Tidak Ada (Typo)","3744","addCurrencyWithWrongPath","Surefire suite","Wed Sep 30 13:58:30 UTC 2026","passed","Wed Sep 30 13:58:33 UTC 2026","testcases.backoffice.currency.AddCurrencyTest","Surefire test","testcases.backoffice.currency.AddCurrencyTest","addCurrencyWithWrongPath"
"Get List Group Backoffice Menggunakan Login Supervisor","5021","getListGroupWithSupervisorLogin","Surefire suite","Wed Sep 30 12:17:30 UTC 2026","passed","Wed Sep 30 12:17:35 UTC 2026","testcases.backoffice.group.GetListGroupTest","Surefire test","testcases.backoffice.group.GetListGroupTest","getListGroupWithSupervisorLogin"
"Add Currency CS Admin Path Dengan rate Berupa JSON Object","4249","addCurrencyWithObjectRate","Surefire suite","Wed Sep 30 13:57:36 UTC 2026","passed","Wed Sep 30 13:57:40 UTC 2026","testcases.backoffice.currency.AddCurrencyTest","Surefire test","testcases.backoffice.currency.AddCurrencyTest","addCurrencyWithObjectRate"
"Get Balance Company on Login Admin","5520","getBalanceCompanyAdmin","Surefire suite","Wed Sep 30 12:08:43 UTC 2026","passed","Wed Sep 30 12:08:49 UTC 2026","testcases.balance.GetBalanceQrisTest","Surefire test","testcases.balance.GetBalanceQrisTest","getBalanceCompanyAdmin"
"Add Currency CS Admin Path Menggunakan HTTP Method DELETE","1721","addCurrencyWithDeleteMethod","Surefire suite","Wed Sep 30 13:55:42 UTC 2026","passed","Wed Sep 30 13:55:44 UTC 2026","testcases.backoffice.currency.AddCurrencyTest","Surefire test","testcases.backoffice.currency.AddCurrencyTest","addCurrencyWithDeleteMethod"
"Inquiry Favorite Account Dengan Field Tidak Dikenal pada Body","1930","inquiryFavoriteAccountWithUnknownField","Surefire suite","Wed Sep 30 12:54:37 UTC 2026","passed","Wed Sep 30 12:54:39 UTC 2026","testcases.settings.favoriteaccount.InquiryFavoriteAccountTest","Surefire test","testcases.settings.favoriteaccount.InquiryFavoriteAccountTest","inquiryFavoriteAccountWithUnknownField"
"Inquiry Favorite Account Dengan Token Tidak Valid","1820","inquiryFavoriteAccountWithInvalidToken","Surefire suite","Wed Sep 30 12:53:54 UTC 2026","passed","Wed Sep 30 12:53:56 UTC 2026","testcases.settings.favoriteaccount.InquiryFavoriteAccountTest","Surefire test","testcases.settings.favoriteaccount.InquiryFavoriteAccountTest","inquiryFavoriteAccountWithInvalidToken"
"Test Approved USDT Tanpa URL","24577","approvedUSDTwithoutURL","Surefire suite","Wed Sep 30 13:45:49 UTC 2026","broken","Wed Sep 30 13:46:14 UTC 2026","testcases.backoffice.ApprovalTransferTest","Surefire test","testcases.backoffice.ApprovalTransferTest","approvedUSDTwithoutURL"
"Resend Google Authenticator Dengan email Tidak Terdaftar","6374","resendOtpGoogleWithNonExistentEmail","Surefire suite","Wed Sep 30 13:01:38 UTC 2026","passed","Wed Sep 30 13:01:45 UTC 2026","testcases.backoffice.googleauth.ResendOtpGoogleTest","Surefire test","testcases.backoffice.googleauth.ResendOtpGoogleTest","resendOtpGoogleWithNonExistentEmail"
"List Waiting Company Backoffice Dengan Token Tidak Valid","1627","listWaitingCompanyWithInvalidToken","Surefire suite","Wed Sep 30 13:00:54 UTC 2026","passed","Wed Sep 30 13:00:56 UTC 2026","testcases.backoffice.ListWaitingCompanyTest","Surefire test","testcases.backoffice.ListWaitingCompanyTest","listWaitingCompanyWithInvalidToken"
"Add Currency CS Admin Path Dengan rate Sangat Besar (Overflow)","1831","addCurrencyWithHugeRate","Surefire suite","Wed Sep 30 13:56:18 UTC 2026","passed","Wed Sep 30 13:56:20 UTC 2026","testcases.backoffice.currency.AddCurrencyTest","Surefire test","testcases.backoffice.currency.AddCurrencyTest","addCurrencyWithHugeRate"
"Test Get Report RRN Dispute","4660","getReportRRNAdmin","Surefire suite","Wed Sep 30 12:09:40 UTC 2026","passed","Wed Sep 30 12:09:45 UTC 2026","testcases.report.ReportTransactionTest","Surefire test","testcases.report.ReportTransactionTest","getReportRRNAdmin"
"Get History Flop Transfer Test","18598","historyFlopTransferTest","Surefire suite","Wed Sep 30 14:11:39 UTC 2026","passed","Wed Sep 30 14:11:58 UTC 2026","testcases.history.HistoryTransferTest","Surefire test","testcases.history.HistoryTransferTest","historyFlopTransferTest"
"Create Manage Settlement BO Menggunakan Login Admin Crypto","5065","addManageSettlementWithAdminCryptoLogin","Surefire suite","Wed Sep 30 12:38:57 UTC 2026","passed","Wed Sep 30 12:39:03 UTC 2026","testcases.backoffice.settlement.AddManageSettlementTest","Surefire test","testcases.backoffice.settlement.AddManageSettlementTest","addManageSettlementWithAdminCryptoLogin"
"Get History QR Supervisor Success Paid","13115","historyQRTestPaidSupervisor","Surefire suite","Wed Sep 30 13:15:13 UTC 2026","passed","Wed Sep 30 13:15:26 UTC 2026","testcases.history.HistoryQRTest","Surefire test","testcases.history.HistoryQRTest","historyQRTestPaidSupervisor"
"Get Detail Waiting Company Backoffice Dengan Id Berisi Payload XSS","4865","getDetailWaitingCompanyWithXssId","Surefire suite","Wed Sep 30 12:31:21 UTC 2026","passed","Wed Sep 30 12:31:26 UTC 2026","testcases.backoffice.GetDetailWaitingCompanyTest","Surefire test","testcases.backoffice.GetDetailWaitingCompanyTest","getDetailWaitingCompanyWithXssId"
"Created Favorite Account Menggunakan HTTP Method GET","2832","createdFavoriteAccountWithGetMethod","Surefire suite","Wed Sep 30 12:51:24 UTC 2026","passed","Wed Sep 30 12:51:27 UTC 2026","testcases.settings.favoriteaccount.CreatedFavoriteAccountTest","Surefire test","testcases.settings.favoriteaccount.CreatedFavoriteAccountTest","createdFavoriteAccountWithGetMethod"
"Get Detail Waiting Company Backoffice Menggunakan Login Merchant","8345","getDetailWaitingCompanyWithMerchantLogin","Surefire suite","Wed Sep 30 12:29:59 UTC 2026","passed","Wed Sep 30 12:30:07 UTC 2026","testcases.backoffice.GetDetailWaitingCompanyTest","Surefire test","testcases.backoffice.GetDetailWaitingCompanyTest","getDetailWaitingCompanyWithMerchantLogin"
"Transfer Success Admin Crypto with before and after Balanced","11296","transferBalanceAdminCrypto","Surefire suite","Wed Sep 30 12:10:42 UTC 2026","passed","Wed Sep 30 12:10:53 UTC 2026","testcases.transfer.TransferTest","Surefire test","testcases.transfer.TransferTest","transferBalanceAdminCrypto"
"Reset Password Admin","4793","resetPasswordAdmin","Surefire suite","Wed Sep 30 12:08:16 UTC 2026","passed","Wed Sep 30 12:08:21 UTC 2026","testcases.settings.ResetPasswordTest","Surefire test","testcases.settings.ResetPasswordTest","resetPasswordAdmin"
"Delete Manage Settlement BO Dengan Token Tidak Valid","1781","deleteManageSettlementWithInvalidToken","Surefire suite","Wed Sep 30 12:46:07 UTC 2026","passed","Wed Sep 30 12:46:09 UTC 2026","testcases.backoffice.settlement.DeleteManageSettlementTest","Surefire test","testcases.backoffice.settlement.DeleteManageSettlementTest","deleteManageSettlementWithInvalidToken"
"Delete Favorite Account Dengan Body Kosong ({})","1719","deleteFavoriteAccountWithEmptyBody","Surefire suite","Wed Sep 30 12:08:48 UTC 2026","passed","Wed Sep 30 12:08:49 UTC 2026","testcases.settings.favoriteaccount.DeleteFavoriteAccountTest","Surefire test","testcases.settings.favoriteaccount.DeleteFavoriteAccountTest","deleteFavoriteAccountWithEmptyBody"
"Reset Password Backoffice","7614","resetPasswordBackoffice","Surefire suite","Wed Sep 30 13:09:35 UTC 2026","passed","Wed Sep 30 13:09:43 UTC 2026","testcases.settings.ResetPasswordTest","Surefire test","testcases.settings.ResetPasswordTest","resetPasswordBackoffice"
"Refund Summary Dengan Field Tidak Dikenal pada Body","2886","getRefundWithUnknownField","Surefire suite","Wed Sep 30 12:54:03 UTC 2026","passed","Wed Sep 30 12:54:06 UTC 2026","testcases.backoffice.refund.GetRefundTest","Surefire test","testcases.backoffice.refund.GetRefundTest","getRefundWithUnknownField"
"Add Currency CS Admin Path Dengan Field rate Bernilai null","5996","addCurrencyWithNullRate","Surefire suite","Wed Sep 30 13:57:27 UTC 2026","passed","Wed Sep 30 13:57:33 UTC 2026","testcases.backoffice.currency.AddCurrencyTest","Surefire test","testcases.backoffice.currency.AddCurrencyTest","addCurrencyWithNullRate"
"Delete Favorite Account Dengan id yang Tidak Pernah Ada","1725","deleteFavoriteAccountWithNonExistentId","Surefire suite","Wed Sep 30 12:09:36 UTC 2026","passed","Wed Sep 30 12:09:38 UTC 2026","testcases.settings.favoriteaccount.DeleteFavoriteAccountTest","Surefire test","testcases.settings.favoriteaccount.DeleteFavoriteAccountTest","deleteFavoriteAccountWithNonExistentId"
"List User Backoffice Tanpa Login/Header Auth","2491","listUsersWithoutAuth","Surefire suite","Wed Sep 30 12:59:02 UTC 2026","passed","Wed Sep 30 12:59:05 UTC 2026","testcases.backoffice.users.ListUsersTest","Surefire test","testcases.backoffice.users.ListUsersTest","listUsersWithoutAuth"
"Get List Google Authenticator","7260","getListOtpGoogle","Surefire suite","Wed Sep 30 13:06:08 UTC 2026","passed","Wed Sep 30 13:06:15 UTC 2026","testcases.backoffice.googleauth.ListOtpGoogleTest","Surefire test","testcases.backoffice.googleauth.ListOtpGoogleTest","getListOtpGoogle"
"Test Approved Manual Transfer","33614","approvedCashDeposit","Surefire suite","Wed Sep 30 13:37:45 UTC 2026","passed","Wed Sep 30 13:38:19 UTC 2026","testcases.backoffice.ApprovalTransferTest","Surefire test","testcases.backoffice.ApprovalTransferTest","approvedCashDeposit"
"List Company Backoffice Dengan Body Berupa JSON Array ([])","7670","listCompanyWithArrayBody","Surefire suite","Wed Sep 30 13:03:20 UTC 2026","passed","Wed Sep 30 13:03:27 UTC 2026","testcases.backoffice.ListCompanyTest","Surefire test","testcases.backoffice.ListCompanyTest","listCompanyWithArrayBody"
"Mutasi Special Transfer Balance Supervisor CS","34677","mutasiSpecialTransferBalanceSupervisorCS","Surefire suite","Wed Sep 30 14:39:23 UTC 2026","passed","Wed Sep 30 14:39:58 UTC 2026","testcases.mutasi.MutasiTransferTest","Surefire test","testcases.mutasi.MutasiTransferTest","mutasiSpecialTransferBalanceSupervisorCS"
"List User Backoffice Dengan Token Tidak Valid","4074","listUsersWithInvalidToken","Surefire suite","Wed Sep 30 12:57:51 UTC 2026","passed","Wed Sep 30 12:57:55 UTC 2026","testcases.backoffice.users.ListUsersTest","Surefire test","testcases.backoffice.users.ListUsersTest","listUsersWithInvalidToken"
"","12407","getCompanyDetail","Surefire suite","Wed Sep 30 13:23:29 UTC 2026","passed","Wed Sep 30 13:23:41 UTC 2026","testcases.backoffice.CheckCompanyDetailTest","Surefire test","testcases.backoffice.CheckCompanyDetailTest","getCompanyDetail"
"Resend Google Authenticator Menggunakan HTTP Method DELETE","7859","resendOtpGoogleWithDeleteMethod","Surefire suite","Wed Sep 30 12:59:58 UTC 2026","passed","Wed Sep 30 13:00:06 UTC 2026","testcases.backoffice.googleauth.ResendOtpGoogleTest","Surefire test","testcases.backoffice.googleauth.ResendOtpGoogleTest","resendOtpGoogleWithDeleteMethod"
"","5721","listSettlement","Surefire suite","Wed Sep 30 12:55:03 UTC 2026","passed","Wed Sep 30 12:55:09 UTC 2026","testcases.backoffice.ListTransferTest","Surefire test","testcases.backoffice.ListTransferTest","listSettlement"
"Get Notification Sender Dengan pinValidasi Salah","7912","getNotificationSenderWithWrongPinValidasi","Surefire suite","Wed Sep 30 12:58:09 UTC 2026","passed","Wed Sep 30 12:58:17 UTC 2026","testcases.backoffice.notifsender.NotificationSenderTest","Surefire test","testcases.backoffice.notifsender.NotificationSenderTest","getNotificationSenderWithWrongPinValidasi"
"Approval Refund Transfer Merchant","15063","approveRefundTransferMerchant","Surefire suite","Wed Sep 30 13:37:27 UTC 2026","failed","Wed Sep 30 13:37:42 UTC 2026","testcases.backoffice.ApprovalRefundTest","Surefire test","testcases.backoffice.ApprovalRefundTest","approveRefundTransferMerchant"
"Create Manage Settlement BO Dengan groupName Sangat Panjang (10.000 karakter)","5157","addManageSettlementWithOverlongGroupName","Surefire suite","Wed Sep 30 12:42:14 UTC 2026","passed","Wed Sep 30 12:42:19 UTC 2026","testcases.backoffice.settlement.AddManageSettlementTest","Surefire test","testcases.backoffice.settlement.AddManageSettlementTest","addManageSettlementWithOverlongGroupName"
"Delete Favorite Account Dengan Body Berupa Literal null","1773","deleteFavoriteAccountWithNullLiteralBody","Surefire suite","Wed Sep 30 12:09:41 UTC 2026","passed","Wed Sep 30 12:09:43 UTC 2026","testcases.settings.favoriteaccount.DeleteFavoriteAccountTest","Surefire test","testcases.settings.favoriteaccount.DeleteFavoriteAccountTest","deleteFavoriteAccountWithNullLiteralBody"
"Delete Favorite Account Dengan Content-Type text/plain","1555","deleteFavoriteAccountWithWrongContentType","Surefire suite","Wed Sep 30 12:13:01 UTC 2026","passed","Wed Sep 30 12:13:02 UTC 2026","testcases.settings.favoriteaccount.DeleteFavoriteAccountTest","Surefire test","testcases.settings.favoriteaccount.DeleteFavoriteAccountTest","deleteFavoriteAccountWithWrongContentType"
"List Currency USDT Dengan Tipe Data Salah pada Field limit (String, Bukan Integer)","2591","getCurrencyWithInvalidFieldType","Surefire suite","Wed Sep 30 12:32:54 UTC 2026","passed","Wed Sep 30 12:32:56 UTC 2026","testcases.backoffice.currency.GetCurrencyTest","Surefire test","testcases.backoffice.currency.GetCurrencyTest","getCurrencyWithInvalidFieldType"
"List Currency USDT Dengan Body Berupa JSON Array ([])","5077","getCurrencyWithArrayBody","Surefire suite","Wed Sep 30 12:31:57 UTC 2026","passed","Wed Sep 30 12:32:02 UTC 2026","testcases.backoffice.currency.GetCurrencyTest","Surefire test","testcases.backoffice.currency.GetCurrencyTest","getCurrencyWithArrayBody"
"Mutasi Manual Transfer Balance","57243","mutasiManualTransferBalance","Surefire suite","Wed Sep 30 14:29:51 UTC 2026","passed","Wed Sep 30 14:30:48 UTC 2026","testcases.mutasi.MutasiTransferTest","Surefire test","testcases.mutasi.MutasiTransferTest","mutasiManualTransferBalance"
"Refund Summary Dengan Header Authorization Tanpa Skema Bearer","3251","getRefundWithMalformedAuthorizationHeader","Surefire suite","Wed Sep 30 12:52:42 UTC 2026","passed","Wed Sep 30 12:52:45 UTC 2026","testcases.backoffice.refund.GetRefundTest","Surefire test","testcases.backoffice.refund.GetRefundTest","getRefundWithMalformedAuthorizationHeader"
"Get Group Detail Backoffice Dengan Group Id Berisi Spasi","4732","getGroupDetailWithWhitespaceId","Surefire suite","Wed Sep 30 12:10:45 UTC 2026","passed","Wed Sep 30 12:10:49 UTC 2026","testcases.backoffice.group.GetGroupTest","Surefire test","testcases.backoffice.group.GetGroupTest","getGroupDetailWithWhitespaceId"
"Test Get Report Transfer Merchant","5562","getReportMutationAdmin","Surefire suite","Wed Sep 30 12:09:32 UTC 2026","passed","Wed Sep 30 12:09:37 UTC 2026","testcases.report.ReportTransactionTest","Surefire test","testcases.report.ReportTransactionTest","getReportMutationAdmin"
"Get List Favorite Account Dengan Header Authorization Tanpa Skema Bearer","1656","getListFavoriteAccountWithMalformedAuthorizationHeader","Surefire suite","Wed Sep 30 14:52:36 UTC 2026","passed","Wed Sep 30 14:52:38 UTC 2026","testcases.settings.favoriteaccount.GetListFavoriteAccountTest","Surefire test","testcases.settings.favoriteaccount.GetListFavoriteAccountTest","getListFavoriteAccountWithMalformedAuthorizationHeader"
"Inquiry Test Manual Transfer Merchant","8265","inquiryManualTransfer","Surefire suite","Wed Sep 30 12:56:55 UTC 2026","passed","Wed Sep 30 12:57:04 UTC 2026","testcases.transfer.InquiryManualTransferTest","Surefire test","testcases.transfer.InquiryManualTransferTest","inquiryManualTransfer"
"Test Approved Manual Transfer","33728","rejectedCashDeposit","Surefire suite","Wed Sep 30 13:46:17 UTC 2026","passed","Wed Sep 30 13:46:51 UTC 2026","testcases.backoffice.ApprovalTransferTest","Surefire test","testcases.backoffice.ApprovalTransferTest","rejectedCashDeposit"
"Inquiry Favorite Account Tanpa Field beneficiaryAccountNo","1801","inquiryFavoriteAccountWithoutBeneficiaryAccountNoField","Surefire suite","Wed Sep 30 12:55:09 UTC 2026","passed","Wed Sep 30 12:55:11 UTC 2026","testcases.settings.favoriteaccount.InquiryFavoriteAccountTest","Surefire test","testcases.settings.favoriteaccount.InquiryFavoriteAccountTest","inquiryFavoriteAccountWithoutBeneficiaryAccountNoField"
"Delete Google Authenticator Dengan Format id Tidak Valid (Bukan ObjectId)","4736","deleteOtpGoogleWithMalformedId","Surefire suite","Wed Sep 30 12:26:35 UTC 2026","passed","Wed Sep 30 12:26:39 UTC 2026","testcases.backoffice.googleauth.DeleteOtpGoogleTest","Surefire test","testcases.backoffice.googleauth.DeleteOtpGoogleTest","deleteOtpGoogleWithMalformedId"
"List Manage Settlement Backoffice Menggunakan HTTP Method PUT","13032","listManageSettlementWithPutMethod","Surefire suite","Wed Sep 30 13:07:51 UTC 2026","passed","Wed Sep 30 13:08:04 UTC 2026","testcases.backoffice.settlement.ManageSettlementTest","Surefire test","testcases.backoffice.settlement.ManageSettlementTest","listManageSettlementWithPutMethod"
"Get List Group Company BO Menggunakan HTTP Method PATCH","6095","getListGroupCompanyWithPatchMethod","Surefire suite","Wed Sep 30 12:37:02 UTC 2026","passed","Wed Sep 30 12:37:08 UTC 2026","testcases.backoffice.settlement.GetListGroupCompanyTest","Surefire test","testcases.backoffice.settlement.GetListGroupCompanyTest","getListGroupCompanyWithPatchMethod"
"Reset Pin Merchant","5896","resetPinMerchant","Surefire suite","Wed Sep 30 12:50:33 UTC 2026","passed","Wed Sep 30 12:50:39 UTC 2026","testcases.settings.ResetPinTest","Surefire test","testcases.settings.ResetPinTest","resetPinMerchant"
"Login Backoffice dengan Password Salah","8878","testLoginBackofficeWrongPassword","Surefire suite","Wed Sep 30 12:50:32 UTC 2026","passed","Wed Sep 30 12:50:41 UTC 2026","testcases.auth.LoginTest","Surefire test","testcases.auth.LoginTest","testLoginBackofficeWrongPassword"
"Created Favorite Account Dengan Body Berupa Literal null","2818","createdFavoriteAccountWithNullLiteralBody","Surefire suite","Wed Sep 30 12:51:46 UTC 2026","passed","Wed Sep 30 12:51:49 UTC 2026","testcases.settings.favoriteaccount.CreatedFavoriteAccountTest","Surefire test","testcases.settings.favoriteaccount.CreatedFavoriteAccountTest","createdFavoriteAccountWithNullLiteralBody"
"Add Group Backoffice Dengan Token Tidak Valid","1500","addGroupWithInvalidToken","Surefire suite","Wed Sep 30 12:12:50 UTC 2026","passed","Wed Sep 30 12:12:52 UTC 2026","testcases.backoffice.group.AddGroupTest","Surefire test","testcases.backoffice.group.AddGroupTest","addGroupWithInvalidToken"
"Test Rejected Manual Transfer Supervisor","33777","rejectedCashDepositSupervisor","Surefire suite","Wed Sep 30 13:46:54 UTC 2026","passed","Wed Sep 30 13:47:27 UTC 2026","testcases.backoffice.ApprovalTransferTest","Surefire test","testcases.backoffice.ApprovalTransferTest","rejectedCashDepositSupervisor"
"Add Currency CS Admin Path Menggunakan HTTP Method PUT","1561","addCurrencyWithPutMethod","Surefire suite","Wed Sep 30 13:57:51 UTC 2026","passed","Wed Sep 30 13:57:53 UTC 2026","testcases.backoffice.currency.AddCurrencyTest","Surefire test","testcases.backoffice.currency.AddCurrencyTest","addCurrencyWithPutMethod"
"Add Group Backoffice Dengan Nama yang Sudah Ada Sejak Test Lama (""testzulma1"")","3276","addGroupWithLegacyDuplicateName","Surefire suite","Wed Sep 30 12:12:55 UTC 2026","passed","Wed Sep 30 12:12:58 UTC 2026","testcases.backoffice.group.AddGroupTest","Surefire test","testcases.backoffice.group.AddGroupTest","addGroupWithLegacyDuplicateName"
"","9203","listCashDeposit","Surefire suite","Wed Sep 30 12:08:06 UTC 2026","passed","Wed Sep 30 12:08:15 UTC 2026","testcases.backoffice.ListTransferTest","Surefire test","testcases.backoffice.ListTransferTest","listCashDeposit"
"Delete Google Authenticator Menggunakan HTTP Method DELETE","4919","deleteOtpGoogleWithDeleteMethod","Surefire suite","Wed Sep 30 12:25:58 UTC 2026","passed","Wed Sep 30 12:26:03 UTC 2026","testcases.backoffice.googleauth.DeleteOtpGoogleTest","Surefire test","testcases.backoffice.googleauth.DeleteOtpGoogleTest","deleteOtpGoogleWithDeleteMethod"
"Inquiry Favorite Account Dengan Body Berupa JSON Array ([])","5661","inquiryFavoriteAccountWithArrayBody","Surefire suite","Wed Sep 30 12:53:17 UTC 2026","passed","Wed Sep 30 12:53:23 UTC 2026","testcases.settings.favoriteaccount.InquiryFavoriteAccountTest","Surefire test","testcases.settings.favoriteaccount.InquiryFavoriteAccountTest","inquiryFavoriteAccountWithArrayBody"
"Created Favorite Account Dengan Body Kosong ({})","3425","createdFavoriteAccountWithEmptyBody","Surefire suite","Wed Sep 30 12:51:06 UTC 2026","passed","Wed Sep 30 12:51:10 UTC 2026","testcases.settings.favoriteaccount.CreatedFavoriteAccountTest","Surefire test","testcases.settings.favoriteaccount.CreatedFavoriteAccountTest","createdFavoriteAccountWithEmptyBody"
"List Company Backoffice Dengan Content-Type text/plain","6071","listCompanyWithWrongContentType","Surefire suite","Wed Sep 30 13:05:44 UTC 2026","passed","Wed Sep 30 13:05:50 UTC 2026","testcases.backoffice.ListCompanyTest","Surefire test","testcases.backoffice.ListCompanyTest","listCompanyWithWrongContentType"
"Delete Google Authenticator Dengan id Valid Secara Format Tapi Tidak Ada","4711","deleteOtpGoogleWithNonExistentId","Surefire suite","Wed Sep 30 12:26:58 UTC 2026","passed","Wed Sep 30 12:27:03 UTC 2026","testcases.backoffice.googleauth.DeleteOtpGoogleTest","Surefire test","testcases.backoffice.googleauth.DeleteOtpGoogleTest","deleteOtpGoogleWithNonExistentId"
"Refund Summary Dengan startDate Bukan Format Tanggal","2803","getRefundWithInvalidStartDate","Surefire suite","Wed Sep 30 12:52:24 UTC 2026","passed","Wed Sep 30 12:52:27 UTC 2026","testcases.backoffice.refund.GetRefundTest","Surefire test","testcases.backoffice.refund.GetRefundTest","getRefundWithInvalidStartDate"
"Success Assignment USDT Supervisor","21824","assignUSDTSupervisorTest","Surefire suite","Wed Sep 30 12:51:30 UTC 2026","failed","Wed Sep 30 12:51:52 UTC 2026","testcases.backoffice.TransferAssignmentTest","Surefire test","testcases.backoffice.TransferAssignmentTest","assignUSDTSupervisorTest"
"List Refund Tanpa Body Sama Sekali","5415","listRefundWithoutBody","Surefire suite","Wed Sep 30 14:06:10 UTC 2026","passed","Wed Sep 30 14:06:15 UTC 2026","testcases.backoffice.ListRefundTest","Surefire test","testcases.backoffice.ListRefundTest","listRefundWithoutBody"
"Get Group Backoffice Menggunakan Login Merchant","5157","getGroupWithMerchantLogin","Surefire suite","Wed Sep 30 12:24:31 UTC 2026","passed","Wed Sep 30 12:24:36 UTC 2026","testcases.backoffice.GetDashboardTest","Surefire test","testcases.backoffice.GetDashboardTest","getGroupWithMerchantLogin"
"List Company Backoffice Menggunakan Login Marketing","9105","listCompanyWithMarketingLogin","Surefire suite","Wed Sep 30 13:04:52 UTC 2026","passed","Wed Sep 30 13:05:01 UTC 2026","testcases.backoffice.ListCompanyTest","Surefire test","testcases.backoffice.ListCompanyTest","listCompanyWithMarketingLogin"
"Delete Google Authenticator Menggunakan Login Admin","4746","deleteOtpGoogleWithAdminLogin","Surefire suite","Wed Sep 30 12:25:33 UTC 2026","passed","Wed Sep 30 12:25:37 UTC 2026","testcases.backoffice.googleauth.DeleteOtpGoogleTest","Surefire test","testcases.backoffice.googleauth.DeleteOtpGoogleTest","deleteOtpGoogleWithAdminLogin"
"Delete Group Backoffice Dengan Field Tidak Dikenal pada Body","1699","deleteGroupWithUnknownField","Surefire suite","Wed Sep 30 12:21:44 UTC 2026","passed","Wed Sep 30 12:21:46 UTC 2026","testcases.backoffice.group.DeleteGroupTest","Surefire test","testcases.backoffice.group.DeleteGroupTest","deleteGroupWithUnknownField"
"Refund Summary Menggunakan Login Marketing","7212","getRefundWithMarketingLogin","Surefire suite","Wed Sep 30 12:52:53 UTC 2026","passed","Wed Sep 30 12:53:00 UTC 2026","testcases.backoffice.refund.GetRefundTest","Surefire test","testcases.backoffice.refund.GetRefundTest","getRefundWithMarketingLogin"
"Mutasi USDT Transfer Supervisor","15094","mutasiUSDTTransferSupervisor","Surefire suite","Wed Sep 30 14:46:24 UTC 2026","broken","Wed Sep 30 14:46:39 UTC 2026","testcases.mutasi.MutasiTransferTest","Surefire test","testcases.mutasi.MutasiTransferTest","mutasiUSDTTransferSupervisor"
"Test Rejected Special Transfer","19413","rejectedSpecialTransfer","Surefire suite","Wed Sep 30 13:47:30 UTC 2026","passed","Wed Sep 30 13:47:50 UTC 2026","testcases.backoffice.ApprovalTransferTest","Surefire test","testcases.backoffice.ApprovalTransferTest","rejectedSpecialTransfer"
"Add Group Backoffice Dengan feePlatformPercent Bertipe String","1491","addGroupWithFeeAsString","Surefire suite","Wed Sep 30 12:12:32 UTC 2026","passed","Wed Sep 30 12:12:34 UTC 2026","testcases.backoffice.group.AddGroupTest","Surefire test","testcases.backoffice.group.AddGroupTest","addGroupWithFeeAsString"
"List Company Backoffice Dengan Body Kosong ({})","12888","listCompanyWithEmptyBody","Surefire suite","Wed Sep 30 13:03:39 UTC 2026","passed","Wed Sep 30 13:03:52 UTC 2026","testcases.backoffice.ListCompanyTest","Surefire test","testcases.backoffice.ListCompanyTest","listCompanyWithEmptyBody"
"Add Group Backoffice Dengan Field Tidak Dikenal pada Body","1766","addGroupWithUnknownField","Surefire suite","Wed Sep 30 12:14:13 UTC 2026","passed","Wed Sep 30 12:14:15 UTC 2026","testcases.backoffice.group.AddGroupTest","Surefire test","testcases.backoffice.group.AddGroupTest","addGroupWithUnknownField"
"Get History Transfer Test Supervisor","11052","historyTransferTestSupervisor","Surefire suite","Wed Sep 30 14:20:24 UTC 2026","passed","Wed Sep 30 14:20:35 UTC 2026","testcases.history.HistoryTransferTest","Surefire test","testcases.history.HistoryTransferTest","historyTransferTestSupervisor"
"Get List Google Authenticator Menggunakan HTTP Method PUT","5517","listOtpGoogleWithPutMethod","Surefire suite","Wed Sep 30 13:10:05 UTC 2026","passed","Wed Sep 30 13:10:10 UTC 2026","testcases.backoffice.googleauth.ListOtpGoogleTest","Surefire test","testcases.backoffice.googleauth.ListOtpGoogleTest","listOtpGoogleWithPutMethod"
"Get Notification Sender Dengan Token Backoffice Valid Tapi Tanpa Header pbyv","10366","getNotificationSenderWithoutPbyvHeader","Surefire suite","Wed Sep 30 12:58:34 UTC 2026","passed","Wed Sep 30 12:58:44 UTC 2026","testcases.backoffice.notifsender.NotificationSenderTest","Surefire test","testcases.backoffice.notifsender.NotificationSenderTest","getNotificationSenderWithoutPbyvHeader"
"List Currency USDT Dengan Field Sort Merujuk ke Kolom yang Tidak Ada","1867","getCurrencyWithInvalidSortField","Surefire suite","Wed Sep 30 12:32:59 UTC 2026","passed","Wed Sep 30 12:33:01 UTC 2026","testcases.backoffice.currency.GetCurrencyTest","Surefire test","testcases.backoffice.currency.GetCurrencyTest","getCurrencyWithInvalidSortField"
"Refund Summary Tanpa Field endDate","1697","getRefundWithoutEndDate","Surefire suite","Wed Sep 30 12:54:40 UTC 2026","passed","Wed Sep 30 12:54:42 UTC 2026","testcases.backoffice.refund.GetRefundTest","Surefire test","testcases.backoffice.refund.GetRefundTest","getRefundWithoutEndDate"
"List Manage Settlement Backoffice","8196","listManageSettlementTest","Surefire suite","Wed Sep 30 13:04:18 UTC 2026","passed","Wed Sep 30 13:04:26 UTC 2026","testcases.backoffice.settlement.ManageSettlementTest","Surefire test","testcases.backoffice.settlement.ManageSettlementTest","listManageSettlementTest"
"Get Notification Sender Dengan pinValidasi Berisi Karakter SQL Injection","7924","getNotificationSenderWithSqlInjectionPinValidasi","Surefire suite","Wed Sep 30 12:57:09 UTC 2026","passed","Wed Sep 30 12:57:17 UTC 2026","testcases.backoffice.notifsender.NotificationSenderTest","Surefire test","testcases.backoffice.notifsender.NotificationSenderTest","getNotificationSenderWithSqlInjectionPinValidasi"
"Delete Google Authenticator Menggunakan Login Customer Service","6622","deleteOtpGoogleWithCSLogin","Surefire suite","Wed Sep 30 12:25:48 UTC 2026","passed","Wed Sep 30 12:25:55 UTC 2026","testcases.backoffice.googleauth.DeleteOtpGoogleTest","Surefire test","testcases.backoffice.googleauth.DeleteOtpGoogleTest","deleteOtpGoogleWithCSLogin"
"Test Get Report Transfer Merchant","5312","getReportBatchAdmin","Surefire suite","Wed Sep 30 12:09:15 UTC 2026","passed","Wed Sep 30 12:09:20 UTC 2026","testcases.report.ReportTransactionTest","Surefire test","testcases.report.ReportTransactionTest","getReportBatchAdmin"
"List Refund Menggunakan Login Marketing","10054","listRefundWithMarketingLogin","Surefire suite","Wed Sep 30 14:05:04 UTC 2026","passed","Wed Sep 30 14:05:14 UTC 2026","testcases.backoffice.ListRefundTest","Surefire test","testcases.backoffice.ListRefundTest","listRefundWithMarketingLogin"
"Refund Summary Tanpa Field type","6183","getRefundWithoutType","Surefire suite","Wed Sep 30 12:54:54 UTC 2026","passed","Wed Sep 30 12:55:00 UTC 2026","testcases.backoffice.refund.GetRefundTest","Surefire test","testcases.backoffice.refund.GetRefundTest","getRefundWithoutType"
"Refund Summary Dengan Rentang Tanggal Sangat Lebar","1799","getRefundWithHugeRange","Surefire suite","Wed Sep 30 12:52:13 UTC 2026","passed","Wed Sep 30 12:52:15 UTC 2026","testcases.backoffice.refund.GetRefundTest","Surefire test","testcases.backoffice.refund.GetRefundTest","getRefundWithHugeRange"
"Delete Group Backoffice","16265","deleteGroupBO","Surefire suite","Wed Sep 30 12:18:51 UTC 2026","passed","Wed Sep 30 12:19:08 UTC 2026","testcases.backoffice.group.DeleteGroupTest","Surefire test","testcases.backoffice.group.DeleteGroupTest","deleteGroupBO"
"List Manage Settlement Backoffice Menggunakan Login Admin Crypto","6209","listManageSettlementWithAdminCryptoLogin","Surefire suite","Wed Sep 30 13:04:29 UTC 2026","passed","Wed Sep 30 13:04:35 UTC 2026","testcases.backoffice.settlement.ManageSettlementTest","Surefire test","testcases.backoffice.settlement.ManageSettlementTest","listManageSettlementWithAdminCryptoLogin"
"Create Manage Settlement BO Tanpa Body Sama Sekali","6023","addManageSettlementWithoutBody","Surefire suite","Wed Sep 30 12:43:30 UTC 2026","passed","Wed Sep 30 12:43:36 UTC 2026","testcases.backoffice.settlement.AddManageSettlementTest","Surefire test","testcases.backoffice.settlement.AddManageSettlementTest","addManageSettlementWithoutBody"
"Get History Transfer Merchant on Login CS Admin","21341","historyTransferMerchantTestCSAdmin","Surefire suite","Wed Sep 30 14:18:29 UTC 2026","passed","Wed Sep 30 14:18:51 UTC 2026","testcases.history.HistoryTransferTest","Surefire test","testcases.history.HistoryTransferTest","historyTransferMerchantTestCSAdmin"
"Mutasi Transfer Supervisor Balance","13069","mutasiTransferSupervisorBalance","Surefire suite","Wed Sep 30 14:43:18 UTC 2026","passed","Wed Sep 30 14:43:31 UTC 2026","testcases.mutasi.MutasiTransferTest","Surefire test","testcases.mutasi.MutasiTransferTest","mutasiTransferSupervisorBalance"
"Add Currency CS Admin Path Dengan Key rate Terduplikasi","1850","addCurrencyWithDuplicateRateKeys","Surefire suite","Wed Sep 30 13:55:47 UTC 2026","passed","Wed Sep 30 13:55:49 UTC 2026","testcases.backoffice.currency.AddCurrencyTest","Surefire test","testcases.backoffice.currency.AddCurrencyTest","addCurrencyWithDuplicateRateKeys"
"Success Login Admin Crypto","4678","testLoginAdminCrypto","Surefire suite","Wed Sep 30 12:08:28 UTC 2026","passed","Wed Sep 30 12:08:33 UTC 2026","testcases.auth.LoginTest","Surefire test","testcases.auth.LoginTest","testLoginAdminCrypto"
"Normal Transfer USDT Balance Success","10438","transferBalance","Surefire suite","Wed Sep 30 12:26:31 UTC 2026","passed","Wed Sep 30 12:26:42 UTC 2026","testcases.transfer.TransferUSDTTest","Surefire test","testcases.transfer.TransferUSDTTest","transferBalance"
"Normal Transfer USDT Balance Success","11376","usdtTransferBalanceAdminCrypto","Surefire suite","Wed Sep 30 12:09:07 UTC 2026","passed","Wed Sep 30 12:09:18 UTC 2026","testcases.transfer.TransferUSDTTest","Surefire test","testcases.transfer.TransferUSDTTest","usdtTransferBalanceAdminCrypto"
"Approval Refund Special Transfer Merchant","18707","approveRefundSpecialTransferMerchant","Surefire suite","Wed Sep 30 13:37:05 UTC 2026","failed","Wed Sep 30 13:37:24 UTC 2026","testcases.backoffice.ApprovalRefundTest","Surefire test","testcases.backoffice.ApprovalRefundTest","approveRefundSpecialTransferMerchant"
"Transfer Different Parner Reference Supervisor, Special Transfer to Transfer","50170","trfPartnerRefSpecialSpvFailed","Surefire suite","Wed Sep 30 12:10:27 UTC 2026","failed","Wed Sep 30 12:11:17 UTC 2026","testcases.transfer.TransferTest","Surefire test","testcases.transfer.TransferTest","trfPartnerRefSpecialSpvFailed"
"Get History USDT Transfer Test Supervisor","12530","historyUSDTTransferTestSupervisor","Surefire suite","Wed Sep 30 14:22:57 UTC 2026","passed","Wed Sep 30 14:23:09 UTC 2026","testcases.history.HistoryTransferTest","Surefire test","testcases.history.HistoryTransferTest","historyUSDTTransferTestSupervisor"
"List Manage Settlement Backoffice Menggunakan Login Supervisor","8747","listManageSettlementWithSupervisorLogin","Surefire suite","Wed Sep 30 13:08:18 UTC 2026","passed","Wed Sep 30 13:08:27 UTC 2026","testcases.backoffice.settlement.ManageSettlementTest","Surefire test","testcases.backoffice.settlement.ManageSettlementTest","listManageSettlementWithSupervisorLogin"
"Refund Summary Dengan Token Tidak Valid","3244","getRefundWithInvalidToken","Surefire suite","Wed Sep 30 12:52:30 UTC 2026","passed","Wed Sep 30 12:52:33 UTC 2026","testcases.backoffice.refund.GetRefundTest","Surefire test","testcases.backoffice.refund.GetRefundTest","getRefundWithInvalidToken"
"Get List Google Authenticator Dengan Token Tidak Valid","3371","listOtpGoogleWithInvalidToken","Surefire suite","Wed Sep 30 13:08:34 UTC 2026","passed","Wed Sep 30 13:08:37 UTC 2026","testcases.backoffice.googleauth.ListOtpGoogleTest","Surefire test","testcases.backoffice.googleauth.ListOtpGoogleTest","listOtpGoogleWithInvalidToken"
"Get List Google Authenticator Menggunakan Login Admin Crypto","5333","listOtpGoogleWithAdminCryptoLogin","Surefire suite","Wed Sep 30 13:06:18 UTC 2026","passed","Wed Sep 30 13:06:23 UTC 2026","testcases.backoffice.googleauth.ListOtpGoogleTest","Surefire test","testcases.backoffice.googleauth.ListOtpGoogleTest","listOtpGoogleWithAdminCryptoLogin"
"Get Notification Sender Dengan Sort Tanpa Operator '=='","9097","getNotificationSenderWithMalformedSortOperator","Surefire suite","Wed Sep 30 12:55:00 UTC 2026","passed","Wed Sep 30 12:55:09 UTC 2026","testcases.backoffice.notifsender.NotificationSenderTest","Surefire test","testcases.backoffice.notifsender.NotificationSenderTest","getNotificationSenderWithMalformedSortOperator"
"List Currency USDT Dengan Karakter SQL Injection pada Field Param","1634","getCurrencyWithSqlInjectionParam","Surefire suite","Wed Sep 30 12:34:00 UTC 2026","passed","Wed Sep 30 12:34:01 UTC 2026","testcases.backoffice.currency.GetCurrencyTest","Surefire test","testcases.backoffice.currency.GetCurrencyTest","getCurrencyWithSqlInjectionParam"
"Created Favorite Account Dengan Header Authorization Tanpa Skema Bearer","2820","createdFavoriteAccountWithMalformedAuthorizationHeader","Surefire suite","Wed Sep 30 12:51:35 UTC 2026","passed","Wed Sep 30 12:51:38 UTC 2026","testcases.settings.favoriteaccount.CreatedFavoriteAccountTest","Surefire test","testcases.settings.favoriteaccount.CreatedFavoriteAccountTest","createdFavoriteAccountWithMalformedAuthorizationHeader"
"Generate QR Success with Fee Admin","35101","generateQRBalanceFeeAdmin","Surefire suite","Wed Sep 30 12:30:55 UTC 2026","passed","Wed Sep 30 12:31:30 UTC 2026","testcases.QR.GenerateQRPaidTest","Surefire test","testcases.QR.GenerateQRPaidTest","generateQRBalanceFeeAdmin"
"Delete Group Backoffice Dengan Body Berupa JSON Array ([])","2595","deleteGroupWithArrayBody","Surefire suite","Wed Sep 30 12:19:26 UTC 2026","passed","Wed Sep 30 12:19:29 UTC 2026","testcases.backoffice.group.DeleteGroupTest","Surefire test","testcases.backoffice.group.DeleteGroupTest","deleteGroupWithArrayBody"
"Generate QR Success with before and after Balance","31183","generateQRBalanceFeeMarketing","Surefire suite","Wed Sep 30 12:31:33 UTC 2026","passed","Wed Sep 30 12:32:04 UTC 2026","testcases.QR.GenerateQRPaidTest","Surefire test","testcases.QR.GenerateQRPaidTest","generateQRBalanceFeeMarketing"
"List Waiting Company Backoffice Menggunakan HTTP Method GET","7152","listWaitingCompanyWithGetMethod","Surefire suite","Wed Sep 30 13:00:11 UTC 2026","passed","Wed Sep 30 13:00:18 UTC 2026","testcases.backoffice.ListWaitingCompanyTest","Surefire test","testcases.backoffice.ListWaitingCompanyTest","listWaitingCompanyWithGetMethod"
"List User Backoffice Dengan Field Sort Merujuk ke Kolom yang Tidak Ada","10695","listUsersWithInvalidSortField","Surefire suite","Wed Sep 30 12:57:37 UTC 2026","passed","Wed Sep 30 12:57:48 UTC 2026","testcases.backoffice.users.ListUsersTest","Surefire test","testcases.backoffice.users.ListUsersTest","listUsersWithInvalidSortField"
"List Manage Settlement Backoffice Dengan Body JSON Tidak Valid (Malformed)","5270","listManageSettlementWithMalformedJson","Surefire suite","Wed Sep 30 13:06:40 UTC 2026","passed","Wed Sep 30 13:06:46 UTC 2026","testcases.backoffice.settlement.ManageSettlementTest","Surefire test","testcases.backoffice.settlement.ManageSettlementTest","listManageSettlementWithMalformedJson"
"Get Notification Sender Dengan Body Berupa Literal null","15187","getNotificationSenderWithNullLiteralBody","Surefire suite","Wed Sep 30 12:55:54 UTC 2026","passed","Wed Sep 30 12:56:09 UTC 2026","testcases.backoffice.notifsender.NotificationSenderTest","Surefire test","testcases.backoffice.notifsender.NotificationSenderTest","getNotificationSenderWithNullLiteralBody"
"Resend Google Authenticator Menggunakan HTTP Method PATCH","5175","resendOtpGoogleWithPatchMethod","Surefire suite","Wed Sep 30 13:02:31 UTC 2026","passed","Wed Sep 30 13:02:37 UTC 2026","testcases.backoffice.googleauth.ResendOtpGoogleTest","Surefire test","testcases.backoffice.googleauth.ResendOtpGoogleTest","resendOtpGoogleWithPatchMethod"
"Inquiry Test Transfer Admin Crypto","5275","inquiryTransferAdminCrypto","Surefire suite","Wed Sep 30 12:10:23 UTC 2026","passed","Wed Sep 30 12:10:28 UTC 2026","testcases.transfer.InquiryTransferTest","Surefire test","testcases.transfer.InquiryTransferTest","inquiryTransferAdminCrypto"
"List Manage Settlement Backoffice Dengan Field Tidak Dikenal pada Body","6482","listManageSettlementWithUnknownField","Surefire suite","Wed Sep 30 13:08:30 UTC 2026","passed","Wed Sep 30 13:08:36 UTC 2026","testcases.backoffice.settlement.ManageSettlementTest","Surefire test","testcases.backoffice.settlement.ManageSettlementTest","listManageSettlementWithUnknownField"
"Login Merchant dengan Captcha yang Dipakai Ulang","4681","testLoginReusedCaptcha","Surefire suite","Wed Sep 30 12:33:17 UTC 2026","passed","Wed Sep 30 12:33:22 UTC 2026","testcases.auth.LoginTest","Surefire test","testcases.auth.LoginTest","testLoginReusedCaptcha"
"Get Notification Sender Menggunakan HTTP Method GET","6253","getNotificationSenderWithGetMethod","Surefire suite","Wed Sep 30 12:53:50 UTC 2026","passed","Wed Sep 30 12:53:56 UTC 2026","testcases.backoffice.notifsender.NotificationSenderTest","Surefire test","testcases.backoffice.notifsender.NotificationSenderTest","getNotificationSenderWithGetMethod"
"List Waiting Company Backoffice Menggunakan Login Marketing","5459","listWaitingCompanyWithMarketingLogin","Surefire suite","Wed Sep 30 13:01:19 UTC 2026","passed","Wed Sep 30 13:01:25 UTC 2026","testcases.backoffice.ListWaitingCompanyTest","Surefire test","testcases.backoffice.ListWaitingCompanyTest","listWaitingCompanyWithMarketingLogin"
"Inquiry Test Flop Transfer Merchant Supervisor","6012","inquiryFlopTransferSupervisor","Surefire suite","Wed Sep 30 12:12:44 UTC 2026","passed","Wed Sep 30 12:12:50 UTC 2026","testcases.transfer.InquiryFlopTransferTest","Surefire test","testcases.transfer.InquiryFlopTransferTest","inquiryFlopTransferSupervisor"
"Normal Manual Transfer Success with Account Supervisor","15122","manualTransferSupervisor","Surefire suite","Wed Sep 30 12:08:50 UTC 2026","passed","Wed Sep 30 12:09:05 UTC 2026","testcases.transfer.ManualTransferTest","Surefire test","testcases.transfer.ManualTransferTest","manualTransferSupervisor"
"Get Notification Sender Dengan pinValidasi Berupa Angka (Bukan String)","9180","getNotificationSenderWithNumericPinValidasi","Surefire suite","Wed Sep 30 12:56:25 UTC 2026","passed","Wed Sep 30 12:56:34 UTC 2026","testcases.backoffice.notifsender.NotificationSenderTest","Surefire test","testcases.backoffice.notifsender.NotificationSenderTest","getNotificationSenderWithNumericPinValidasi"
"List Manage Settlement Backoffice Menggunakan HTTP Method DELETE","5164","listManageSettlementWithDeleteMethod","Surefire suite","Wed Sep 30 13:05:24 UTC 2026","passed","Wed Sep 30 13:05:29 UTC 2026","testcases.backoffice.settlement.ManageSettlementTest","Surefire test","testcases.backoffice.settlement.ManageSettlementTest","listManageSettlementWithDeleteMethod"
"List Refund Menggunakan Login Admin Biasa","11629","listRefundAdmin","Surefire suite","Wed Sep 30 14:02:43 UTC 2026","passed","Wed Sep 30 14:02:55 UTC 2026","testcases.backoffice.ListRefundTest","Surefire test","testcases.backoffice.ListRefundTest","listRefundAdmin"
"Transfer Different Partner Reference, USDT Transfer to Transfer","48706","trfPartnerRefUSDTFailed","Surefire suite","Wed Sep 30 12:25:30 UTC 2026","passed","Wed Sep 30 12:26:18 UTC 2026","testcases.transfer.TransferTest","Surefire test","testcases.transfer.TransferTest","trfPartnerRefUSDTFailed"
"Inquiry Favorite Account Dengan Content-Type text/plain","1750","inquiryFavoriteAccountWithWrongContentType","Surefire suite","Wed Sep 30 12:54:46 UTC 2026","passed","Wed Sep 30 12:54:48 UTC 2026","testcases.settings.favoriteaccount.InquiryFavoriteAccountTest","Surefire test","testcases.settings.favoriteaccount.InquiryFavoriteAccountTest","inquiryFavoriteAccountWithWrongContentType"
"Get Group Detail Backoffice Menggunakan HTTP Method POST","4911","getGroupDetailWithPostMethod","Surefire suite","Wed Sep 30 12:10:12 UTC 2026","passed","Wed Sep 30 12:10:17 UTC 2026","testcases.backoffice.group.GetGroupTest","Surefire test","testcases.backoffice.group.GetGroupTest","getGroupDetailWithPostMethod"
"Get List Google Authenticator Menggunakan Login Marketing","7196","listOtpGoogleWithMarketingLogin","Surefire suite","Wed Sep 30 13:09:13 UTC 2026","passed","Wed Sep 30 13:09:21 UTC 2026","testcases.backoffice.googleauth.ListOtpGoogleTest","Surefire test","testcases.backoffice.googleauth.ListOtpGoogleTest","listOtpGoogleWithMarketingLogin"
"Create Manage Settlement BO Menggunakan Login Admin","5960","addManageSettlementWithAdminLogin","Surefire suite","Wed Sep 30 12:39:06 UTC 2026","passed","Wed Sep 30 12:39:11 UTC 2026","testcases.backoffice.settlement.AddManageSettlementTest","Surefire test","testcases.backoffice.settlement.AddManageSettlementTest","addManageSettlementWithAdminLogin"
"Created Favorite Account Dengan Content-Type text/plain","1702","createdFavoriteAccountWithWrongContentType","Surefire suite","Wed Sep 30 12:52:14 UTC 2026","passed","Wed Sep 30 12:52:15 UTC 2026","testcases.settings.favoriteaccount.CreatedFavoriteAccountTest","Surefire test","testcases.settings.favoriteaccount.CreatedFavoriteAccountTest","createdFavoriteAccountWithWrongContentType"
"Mutasi USDT Transfer Balance","28333","mutasiUSDTTransferBalance","Surefire suite","Wed Sep 30 14:44:39 UTC 2026","broken","Wed Sep 30 14:45:07 UTC 2026","testcases.mutasi.MutasiTransferTest","Surefire test","testcases.mutasi.MutasiTransferTest","mutasiUSDTTransferBalance"
"Get Group Detail Backoffice Dengan Group Id yang Tidak Ada","4623","getGroupDetailWithNonExistentId","Surefire suite","Wed Sep 30 12:09:48 UTC 2026","passed","Wed Sep 30 12:09:53 UTC 2026","testcases.backoffice.group.GetGroupTest","Surefire test","testcases.backoffice.group.GetGroupTest","getGroupDetailWithNonExistentId"
"Reset Pin CS Admin","5037","resetPinCSAdmin","Surefire suite","Wed Sep 30 12:09:36 UTC 2026","passed","Wed Sep 30 12:09:41 UTC 2026","testcases.settings.ResetPinTest","Surefire test","testcases.settings.ResetPinTest","resetPinCSAdmin"
"List Currency USDT Tanpa Body Sama Sekali","1466","getCurrencyWithoutBody","Surefire suite","Wed Sep 30 12:34:41 UTC 2026","passed","Wed Sep 30 12:34:42 UTC 2026","testcases.backoffice.currency.GetCurrencyTest","Surefire test","testcases.backoffice.currency.GetCurrencyTest","getCurrencyWithoutBody"
"Get History Manual Transfer Merchant on Login CS Admin","16550","historyManualTransferMerchantTestCSAdmin","Surefire suite","Wed Sep 30 14:13:16 UTC 2026","passed","Wed Sep 30 14:13:32 UTC 2026","testcases.history.HistoryTransferTest","Surefire test","testcases.history.HistoryTransferTest","historyManualTransferMerchantTestCSAdmin"
"Test Approve Special Transfer dengan check Fee di Admin Fee","52188","approvedSpecialTransferBalance","Surefire suite","Wed Sep 30 13:42:01 UTC 2026","passed","Wed Sep 30 13:42:54 UTC 2026","testcases.backoffice.ApprovalTransferTest","Surefire test","testcases.backoffice.ApprovalTransferTest","approvedSpecialTransferBalance"
"Get Detail Waiting Company Backoffice Dengan Path Traversal pada Id","7402","getDetailWaitingCompanyWithPathTraversalId","Surefire suite","Wed Sep 30 12:30:29 UTC 2026","passed","Wed Sep 30 12:30:37 UTC 2026","testcases.backoffice.GetDetailWaitingCompanyTest","Surefire test","testcases.backoffice.GetDetailWaitingCompanyTest","getDetailWaitingCompanyWithPathTraversalId"
"List Refund Menggunakan Login Backoffice","8662","listRefundWithBackofficeLogin","Surefire suite","Wed Sep 30 14:03:27 UTC 2026","passed","Wed Sep 30 14:03:35 UTC 2026","testcases.backoffice.ListRefundTest","Surefire test","testcases.backoffice.ListRefundTest","listRefundWithBackofficeLogin"
"List Company Backoffice Dengan Field Sort Merujuk ke Kolom yang Tidak Ada","5212","listCompanyWithInvalidSortField","Surefire suite","Wed Sep 30 13:04:23 UTC 2026","passed","Wed Sep 30 13:04:28 UTC 2026","testcases.backoffice.ListCompanyTest","Surefire test","testcases.backoffice.ListCompanyTest","listCompanyWithInvalidSortField"
"Created Favorite Account Dengan Body JSON Tidak Valid (Malformed)","2489","createdFavoriteAccountWithMalformedJson","Surefire suite","Wed Sep 30 12:51:41 UTC 2026","passed","Wed Sep 30 12:51:43 UTC 2026","testcases.settings.favoriteaccount.CreatedFavoriteAccountTest","Surefire test","testcases.settings.favoriteaccount.CreatedFavoriteAccountTest","createdFavoriteAccountWithMalformedJson"
"List Manage Settlement Backoffice Dengan Page/Size Negatif","5306","listManageSettlementWithNegativePageSize","Surefire suite","Wed Sep 30 13:07:20 UTC 2026","passed","Wed Sep 30 13:07:26 UTC 2026","testcases.backoffice.settlement.ManageSettlementTest","Surefire test","testcases.backoffice.settlement.ManageSettlementTest","listManageSettlementWithNegativePageSize"
"Transfer with Wrong Pin","68764","transferWrongPin","Surefire suite","Wed Sep 30 12:57:29 UTC 2026","failed","Wed Sep 30 12:58:37 UTC 2026","testcases.transfer.ManualTransferTest","Surefire test","testcases.transfer.ManualTransferTest","transferWrongPin"
"Login Merchant tanpa Parameter Password","3449","testLoginMissingPasswordParam","Surefire suite","Wed Sep 30 12:32:59 UTC 2026","passed","Wed Sep 30 12:33:02 UTC 2026","testcases.auth.LoginTest","Surefire test","testcases.auth.LoginTest","testLoginMissingPasswordParam"
"Get List Favorite Account Dengan size Bertipe String","1526","getListFavoriteAccountWithSizeAsString","Surefire suite","Wed Sep 30 14:53:16 UTC 2026","passed","Wed Sep 30 14:53:18 UTC 2026","testcases.settings.favoriteaccount.GetListFavoriteAccountTest","Surefire test","testcases.settings.favoriteaccount.GetListFavoriteAccountTest","getListFavoriteAccountWithSizeAsString"
"Get List Group Company BO Menggunakan Login Marketing","5056","getListGroupCompanyWithMarketingLogin","Surefire suite","Wed Sep 30 12:36:18 UTC 2026","passed","Wed Sep 30 12:36:23 UTC 2026","testcases.backoffice.settlement.GetListGroupCompanyTest","Surefire test","testcases.backoffice.settlement.GetListGroupCompanyTest","getListGroupCompanyWithMarketingLogin"
"Get List Google Authenticator Dengan Token Kadaluarsa","3645","listOtpGoogleWithExpiredToken","Surefire suite","Wed Sep 30 13:07:48 UTC 2026","passed","Wed Sep 30 13:07:52 UTC 2026","testcases.backoffice.googleauth.ListOtpGoogleTest","Surefire test","testcases.backoffice.googleauth.ListOtpGoogleTest","listOtpGoogleWithExpiredToken"
"Get List Group Backoffice Menggunakan Login Marketing","4744","getListGroupWithMarketingLogin","Surefire suite","Wed Sep 30 12:16:32 UTC 2026","passed","Wed Sep 30 12:16:37 UTC 2026","testcases.backoffice.group.GetListGroupTest","Surefire test","testcases.backoffice.group.GetListGroupTest","getListGroupWithMarketingLogin"
"Transfer with Wrong Pin","55108","transferWrongPin","Surefire suite","Wed Sep 30 12:22:45 UTC 2026","passed","Wed Sep 30 12:23:40 UTC 2026","testcases.transfer.TransferTest","Surefire test","testcases.transfer.TransferTest","transferWrongPin"
"Refund Summary Menggunakan Login CS Admin","8474","getRefundWithCSAdminLogin","Surefire suite","Wed Sep 30 12:51:20 UTC 2026","passed","Wed Sep 30 12:51:29 UTC 2026","testcases.backoffice.refund.GetRefundTest","Surefire test","testcases.backoffice.refund.GetRefundTest","getRefundWithCSAdminLogin"
"Add Group Backoffice Menggunakan HTTP Method PUT","1572","addGroupWithPutMethod","Surefire suite","Wed Sep 30 12:13:54 UTC 2026","passed","Wed Sep 30 12:13:56 UTC 2026","testcases.backoffice.group.AddGroupTest","Surefire test","testcases.backoffice.group.AddGroupTest","addGroupWithPutMethod"
"Inquiry Test Flop Transfer Admin Crypto","5982","inquiryFlopTransferAdminCrypto","Surefire suite","Wed Sep 30 12:09:39 UTC 2026","passed","Wed Sep 30 12:09:45 UTC 2026","testcases.transfer.InquiryFlopTransferTest","Surefire test","testcases.transfer.InquiryFlopTransferTest","inquiryFlopTransferAdminCrypto"
"Resend Google Authenticator Menggunakan Login Admin Crypto","5270","resendOtpGoogleWithAdminCryptoLogin","Surefire suite","Wed Sep 30 12:59:06 UTC 2026","passed","Wed Sep 30 12:59:12 UTC 2026","testcases.backoffice.googleauth.ResendOtpGoogleTest","Surefire test","testcases.backoffice.googleauth.ResendOtpGoogleTest","resendOtpGoogleWithAdminCryptoLogin"
"Created Favorite Account Dengan Token Kadaluarsa","3533","createdFavoriteAccountWithExpiredToken","Surefire suite","Wed Sep 30 12:51:18 UTC 2026","passed","Wed Sep 30 12:51:21 UTC 2026","testcases.settings.favoriteaccount.CreatedFavoriteAccountTest","Surefire test","testcases.settings.favoriteaccount.CreatedFavoriteAccountTest","createdFavoriteAccountWithExpiredToken"
"Add Group Backoffice Dengan feeBankPercent Negatif","1746","addGroupWithNegativeFee","Surefire suite","Wed Sep 30 12:13:31 UTC 2026","passed","Wed Sep 30 12:13:33 UTC 2026","testcases.backoffice.group.AddGroupTest","Surefire test","testcases.backoffice.group.AddGroupTest","addGroupWithNegativeFee"
"Get Dashboard Backoffice Menggunakan Login Marketing","4623","getDashboardWithMarketingLogin","Surefire suite","Wed Sep 30 12:23:40 UTC 2026","passed","Wed Sep 30 12:23:44 UTC 2026","testcases.backoffice.GetDashboardTest","Surefire test","testcases.backoffice.GetDashboardTest","getDashboardWithMarketingLogin"
"Mutasi Special Transfer Supervisor","24918","mutasiSpecialTransferSupervisor","Surefire suite","Wed Sep 30 14:40:31 UTC 2026","passed","Wed Sep 30 14:40:56 UTC 2026","testcases.mutasi.MutasiTransferTest","Surefire test","testcases.mutasi.MutasiTransferTest","mutasiSpecialTransferSupervisor"
"Get List Group Company BO","4966","getListGroupCompanyBO","Surefire suite","Wed Sep 30 12:34:50 UTC 2026","passed","Wed Sep 30 12:34:55 UTC 2026","testcases.backoffice.settlement.GetListGroupCompanyTest","Surefire test","testcases.backoffice.settlement.GetListGroupCompanyTest","getListGroupCompanyBO"
"Delete Group Backoffice Menggunakan Login CS Admin","4956","deleteGroupWithCSAdminLogin","Surefire suite","Wed Sep 30 12:19:32 UTC 2026","passed","Wed Sep 30 12:19:37 UTC 2026","testcases.backoffice.group.DeleteGroupTest","Surefire test","testcases.backoffice.group.DeleteGroupTest","deleteGroupWithCSAdminLogin"
"Success Assignment Cash Deposit","57903","assignCashDepositTest","Surefire suite","Wed Sep 30 12:50:29 UTC 2026","failed","Wed Sep 30 12:51:27 UTC 2026","testcases.backoffice.TransferAssignmentTest","Surefire test","testcases.backoffice.TransferAssignmentTest","assignCashDepositTest"
"Get List Google Authenticator Menggunakan HTTP Method GET","6277","listOtpGoogleWithGetMethod","Surefire suite","Wed Sep 30 13:07:55 UTC 2026","passed","Wed Sep 30 13:08:01 UTC 2026","testcases.backoffice.googleauth.ListOtpGoogleTest","Surefire test","testcases.backoffice.googleauth.ListOtpGoogleTest","listOtpGoogleWithGetMethod"
"Get History Manual Transfer Test Admin","17548","historyManualTransferTestAdmin","Surefire suite","Wed Sep 30 14:14:15 UTC 2026","passed","Wed Sep 30 14:14:32 UTC 2026","testcases.history.HistoryTransferTest","Surefire test","testcases.history.HistoryTransferTest","historyManualTransferTestAdmin"
"Normal Flop Transfer Balance Admin Crypto Success","11120","flopTransferBalanceAdminCrypto","Surefire suite","Wed Sep 30 12:10:00 UTC 2026","passed","Wed Sep 30 12:10:11 UTC 2026","testcases.transfer.TransferFlopTest","Surefire test","testcases.transfer.TransferFlopTest","flopTransferBalanceAdminCrypto"
"Get Dashboard User Backoffice","4961","getDashboardSuperBO","Surefire suite","Wed Sep 30 12:22:53 UTC 2026","passed","Wed Sep 30 12:22:58 UTC 2026","testcases.backoffice.GetDashboardTest","Surefire test","testcases.backoffice.GetDashboardTest","getDashboardSuperBO"
"Get Detail User Backoffice Dengan Format User Id Tidak Valid (Bukan ObjectId)","10304","getUsersWithMalformedId","Surefire suite","Wed Sep 30 12:55:56 UTC 2026","passed","Wed Sep 30 12:56:06 UTC 2026","testcases.backoffice.users.ListUsersTest","Surefire test","testcases.backoffice.users.ListUsersTest","getUsersWithMalformedId"
"Normal Transfer USDT Success","6957","transfer","Surefire suite","Wed Sep 30 12:26:21 UTC 2026","passed","Wed Sep 30 12:26:28 UTC 2026","testcases.transfer.TransferUSDTTest","Surefire test","testcases.transfer.TransferUSDTTest","transfer"
"Get History Manual Transfer Test Admin Crypto","10272","historyManualTransferTestAdminCrypto","Surefire suite","Wed Sep 30 14:14:35 UTC 2026","passed","Wed Sep 30 14:14:46 UTC 2026","testcases.history.HistoryTransferTest","Surefire test","testcases.history.HistoryTransferTest","historyManualTransferTestAdminCrypto"
"Delete Google Authenticator Dengan id Berisi Spasi","5342","deleteOtpGoogleWithWhitespaceId","Surefire suite","Wed Sep 30 12:27:54 UTC 2026","passed","Wed Sep 30 12:28:00 UTC 2026","testcases.backoffice.googleauth.DeleteOtpGoogleTest","Surefire test","testcases.backoffice.googleauth.DeleteOtpGoogleTest","deleteOtpGoogleWithWhitespaceId"
"Test Approved Special Transfer Supervisor","19867","approvedSpecialTransferSupervisor","Surefire suite","Wed Sep 30 13:42:57 UTC 2026","passed","Wed Sep 30 13:43:16 UTC 2026","testcases.backoffice.ApprovalTransferTest","Surefire test","testcases.backoffice.ApprovalTransferTest","approvedSpecialTransferSupervisor"
"Created Favorite Account Supervisor","5362","createdFavoriteAccountSupervisor","Surefire suite","Wed Sep 30 13:26:33 UTC 2026","passed","Wed Sep 30 13:26:39 UTC 2026","testcases.settings.favoriteaccount.CreatedFavoriteAccountTest","Surefire test","testcases.settings.favoriteaccount.CreatedFavoriteAccountTest","createdFavoriteAccountSupervisor"
"Delete Manage Settlement BO Menggunakan HTTP Method POST","5244","deleteManageSettlementWithPostMethod","Surefire suite","Wed Sep 30 12:47:10 UTC 2026","passed","Wed Sep 30 12:47:15 UTC 2026","testcases.backoffice.settlement.DeleteManageSettlementTest","Surefire test","testcases.backoffice.settlement.DeleteManageSettlementTest","deleteManageSettlementWithPostMethod"
"Add Group Backoffice Dengan Header Authorization Tanpa Skema Bearer","1455","addGroupWithMalformedAuthorizationHeader","Surefire suite","Wed Sep 30 12:13:01 UTC 2026","passed","Wed Sep 30 12:13:03 UTC 2026","testcases.backoffice.group.AddGroupTest","Surefire test","testcases.backoffice.group.AddGroupTest","addGroupWithMalformedAuthorizationHeader"
"Normal Manual Transfer Success Admin Crypto","7161","manualTransferAdminCrypto","Surefire suite","Wed Sep 30 12:11:21 UTC 2026","passed","Wed Sep 30 12:11:28 UTC 2026","testcases.transfer.ManualTransferTest","Surefire test","testcases.transfer.ManualTransferTest","manualTransferAdminCrypto"
"Inquiry Favorite Account CS","14477","inquiryFavoriteAccountCS","Surefire suite","Wed Sep 30 13:29:23 UTC 2026","passed","Wed Sep 30 13:29:38 UTC 2026","testcases.settings.favoriteaccount.InquiryFavoriteAccountTest","Surefire test","testcases.settings.favoriteaccount.InquiryFavoriteAccountTest","inquiryFavoriteAccountCS"
"Refund Summary Dengan Token Backoffice Valid Tapi Tanpa Header pbyv","1624","getRefundWithoutPbyvHeader","Surefire suite","Wed Sep 30 12:54:45 UTC 2026","passed","Wed Sep 30 12:54:46 UTC 2026","testcases.backoffice.refund.GetRefundTest","Surefire test","testcases.backoffice.refund.GetRefundTest","getRefundWithoutPbyvHeader"
"Normal Manual Transfer Success","18938","transfer","Surefire suite","Wed Sep 30 12:57:07 UTC 2026","passed","Wed Sep 30 12:57:26 UTC 2026","testcases.transfer.ManualTransferTest","Surefire test","testcases.transfer.ManualTransferTest","transfer"
"Add Currency CS Admin Path Dengan Body Kosong ({})","2576","addCurrencyWithEmptyBody","Surefire suite","Wed Sep 30 13:55:58 UTC 2026","passed","Wed Sep 30 13:56:00 UTC 2026","testcases.backoffice.currency.AddCurrencyTest","Surefire test","testcases.backoffice.currency.AddCurrencyTest","addCurrencyWithEmptyBody"
"Normal Transfer Success","8046","transfer","Surefire suite","Wed Sep 30 12:22:20 UTC 2026","passed","Wed Sep 30 12:22:28 UTC 2026","testcases.transfer.TransferTest","Surefire test","testcases.transfer.TransferTest","transfer"
"Add Currency CS Admin Path Dengan rate Desimal","1831","addCurrencyWithDecimalRate","Surefire suite","Wed Sep 30 13:55:38 UTC 2026","passed","Wed Sep 30 13:55:39 UTC 2026","testcases.backoffice.currency.AddCurrencyTest","Surefire test","testcases.backoffice.currency.AddCurrencyTest","addCurrencyWithDecimalRate"
"Refund Summary Dengan type Tidak Dikenal","2607","getRefundWithInvalidType","Surefire suite","Wed Sep 30 12:52:36 UTC 2026","passed","Wed Sep 30 12:52:39 UTC 2026","testcases.backoffice.refund.GetRefundTest","Surefire test","testcases.backoffice.refund.GetRefundTest","getRefundWithInvalidType"
"Get List Favorite Account Dengan Token Kadaluarsa","1585","getListFavoriteAccountWithExpiredToken","Surefire suite","Wed Sep 30 14:52:22 UTC 2026","passed","Wed Sep 30 14:52:24 UTC 2026","testcases.settings.favoriteaccount.GetListFavoriteAccountTest","Surefire test","testcases.settings.favoriteaccount.GetListFavoriteAccountTest","getListFavoriteAccountWithExpiredToken"
"Refund Summary Dengan type String Kosong","2817","getRefundWithEmptyType","Surefire suite","Wed Sep 30 12:51:58 UTC 2026","passed","Wed Sep 30 12:52:00 UTC 2026","testcases.backoffice.refund.GetRefundTest","Surefire test","testcases.backoffice.refund.GetRefundTest","getRefundWithEmptyType"
"Get Balance Merchant with Login Admin Crypto","6600","getFailedBalanceMerchantLoginAdminCrypto","Surefire suite","Wed Sep 30 12:08:36 UTC 2026","passed","Wed Sep 30 12:08:43 UTC 2026","testcases.balance.GetBalanceQrisTest","Surefire test","testcases.balance.GetBalanceQrisTest","getFailedBalanceMerchantLoginAdminCrypto"
"Get List Favorite Account Tanpa Login/Header Auth","1485","getListFavoriteAccountWithoutAuth","Surefire suite","Wed Sep 30 14:53:51 UTC 2026","passed","Wed Sep 30 14:53:53 UTC 2026","testcases.settings.favoriteaccount.GetListFavoriteAccountTest","Surefire test","testcases.settings.favoriteaccount.GetListFavoriteAccountTest","getListFavoriteAccountWithoutAuth"
"List Currency USDT Tanpa Login/Header Auth","1562","getCurrencyWithoutAuth","Surefire suite","Wed Sep 30 12:34:36 UTC 2026","passed","Wed Sep 30 12:34:38 UTC 2026","testcases.backoffice.currency.GetCurrencyTest","Surefire test","testcases.backoffice.currency.GetCurrencyTest","getCurrencyWithoutAuth"
"List Waiting Company Backoffice Dengan Body Berupa JSON Array ([])","6026","listWaitingCompanyWithArrayBody","Surefire suite","Wed Sep 30 12:59:42 UTC 2026","passed","Wed Sep 30 12:59:48 UTC 2026","testcases.backoffice.ListWaitingCompanyTest","Surefire test","testcases.backoffice.ListWaitingCompanyTest","listWaitingCompanyWithArrayBody"
"Get Notification Sender Dengan Token Kadaluarsa","1611","getNotificationSenderWithExpiredToken","Surefire suite","Wed Sep 30 12:53:45 UTC 2026","passed","Wed Sep 30 12:53:47 UTC 2026","testcases.backoffice.notifsender.NotificationSenderTest","Surefire test","testcases.backoffice.notifsender.NotificationSenderTest","getNotificationSenderWithExpiredToken"
"Add Currency CS Admin Path Tanpa Field rate (Field Lain Saja)","1755","addCurrencyWithMissingRateField","Surefire suite","Wed Sep 30 13:57:11 UTC 2026","passed","Wed Sep 30 13:57:13 UTC 2026","testcases.backoffice.currency.AddCurrencyTest","Surefire test","testcases.backoffice.currency.AddCurrencyTest","addCurrencyWithMissingRateField"
"Delete Favorite Account Dengan Body Berupa JSON Array ([])","1551","deleteFavoriteAccountWithArrayBody","Surefire suite","Wed Sep 30 12:08:38 UTC 2026","passed","Wed Sep 30 12:08:40 UTC 2026","testcases.settings.favoriteaccount.DeleteFavoriteAccountTest","Surefire test","testcases.settings.favoriteaccount.DeleteFavoriteAccountTest","deleteFavoriteAccountWithArrayBody"
"Get Detail Waiting Company Backoffice Dengan Token Kadaluarsa","1850","getDetailWaitingCompanyWithExpiredToken","Surefire suite","Wed Sep 30 12:29:15 UTC 2026","passed","Wed Sep 30 12:29:17 UTC 2026","testcases.backoffice.GetDetailWaitingCompanyTest","Surefire test","testcases.backoffice.GetDetailWaitingCompanyTest","getDetailWaitingCompanyWithExpiredToken"
"Test Approve Special Transfer Supervisor dengan check Fee di Admin Fee","53578","approvedSpecialTransferSupervisorBalance","Surefire suite","Wed Sep 30 13:43:19 UTC 2026","passed","Wed Sep 30 13:44:13 UTC 2026","testcases.backoffice.ApprovalTransferTest","Surefire test","testcases.backoffice.ApprovalTransferTest","approvedSpecialTransferSupervisorBalance"
"Delete Manage Settlement BO Tanpa Header id","13578","deleteManageSettlementWithoutIdHeader","Surefire suite","Wed Sep 30 12:48:22 UTC 2026","passed","Wed Sep 30 12:48:36 UTC 2026","testcases.backoffice.settlement.DeleteManageSettlementTest","Surefire test","testcases.backoffice.settlement.DeleteManageSettlementTest","deleteManageSettlementWithoutIdHeader"
"Resend Google Authenticator Dengan email Berupa null","6896","resendOtpGoogleWithNullEmail","Surefire suite","Wed Sep 30 13:01:48 UTC 2026","failed","Wed Sep 30 13:01:55 UTC 2026","testcases.backoffice.googleauth.ResendOtpGoogleTest","Surefire test","testcases.backoffice.googleauth.ResendOtpGoogleTest","resendOtpGoogleWithNullEmail"
"Add Group Backoffice Menggunakan Login CS Admin","4646","addGroupWithCSAdminLogin","Surefire suite","Wed Sep 30 12:11:39 UTC 2026","passed","Wed Sep 30 12:11:43 UTC 2026","testcases.backoffice.group.AddGroupTest","Surefire test","testcases.backoffice.group.AddGroupTest","addGroupWithCSAdminLogin"
"Get List Group","4747","getListGroup","Surefire suite","Wed Sep 30 12:15:04 UTC 2026","passed","Wed Sep 30 12:15:09 UTC 2026","testcases.backoffice.group.GetListGroupTest","Surefire test","testcases.backoffice.group.GetListGroupTest","getListGroup"
"Add Group Backoffice Dengan name Bertipe Angka (Bukan String)","1558","addGroupWithNumericName","Surefire suite","Wed Sep 30 12:13:45 UTC 2026","passed","Wed Sep 30 12:13:47 UTC 2026","testcases.backoffice.group.AddGroupTest","Surefire test","testcases.backoffice.group.AddGroupTest","addGroupWithNumericName"
"Add Group Backoffice Dengan Body Berupa Literal null","1437","addGroupWithNullLiteralBody","Surefire suite","Wed Sep 30 12:13:36 UTC 2026","passed","Wed Sep 30 12:13:37 UTC 2026","testcases.backoffice.group.AddGroupTest","Surefire test","testcases.backoffice.group.AddGroupTest","addGroupWithNullLiteralBody"
"List Company Backoffice","6322","getListCompany","Surefire suite","Wed Sep 30 13:02:58 UTC 2026","passed","Wed Sep 30 13:03:04 UTC 2026","testcases.backoffice.ListCompanyTest","Surefire test","testcases.backoffice.ListCompanyTest","getListCompany"
"Get History Refund Test Admin Crypto","8008","historyRefundTestAdminCrypto","Surefire suite","Wed Sep 30 14:15:40 UTC 2026","passed","Wed Sep 30 14:15:48 UTC 2026","testcases.history.HistoryTransferTest","Surefire test","testcases.history.HistoryTransferTest","historyRefundTestAdminCrypto"
"Test Get Report Transfer Company","9281","getReportTransferAdminCrypto","Surefire suite","Wed Sep 30 12:11:54 UTC 2026","passed","Wed Sep 30 12:12:03 UTC 2026","testcases.report.ReportTransferTest","Surefire test","testcases.report.ReportTransferTest","getReportTransferAdminCrypto"
"Delete Manage Settlement BO Menggunakan HTTP Method PATCH","8242","deleteManageSettlementWithPatchMethod","Surefire suite","Wed Sep 30 12:46:58 UTC 2026","passed","Wed Sep 30 12:47:07 UTC 2026","testcases.backoffice.settlement.DeleteManageSettlementTest","Surefire test","testcases.backoffice.settlement.DeleteManageSettlementTest","deleteManageSettlementWithPatchMethod"
"Resend Google Authenticator Menggunakan HTTP Method PUT","9860","resendOtpGoogleWithPutMethod","Surefire suite","Wed Sep 30 13:02:40 UTC 2026","passed","Wed Sep 30 13:02:49 UTC 2026","testcases.backoffice.googleauth.ResendOtpGoogleTest","Surefire test","testcases.backoffice.googleauth.ResendOtpGoogleTest","resendOtpGoogleWithPutMethod"
"List Company Backoffice Dengan Page/Size Negatif - Menemukan Bug Gateway Timeout","6448","listCompanyWithNegativePageSize","Surefire suite","Wed Sep 30 13:05:13 UTC 2026","passed","Wed Sep 30 13:05:19 UTC 2026","testcases.backoffice.ListCompanyTest","Surefire test","testcases.backoffice.ListCompanyTest","listCompanyWithNegativePageSize"
"Delete Google Authenticator Dengan id Sangat Panjang (10.000 karakter)","4633","deleteOtpGoogleWithOverlongId","Surefire suite","Wed Sep 30 12:27:06 UTC 2026","passed","Wed Sep 30 12:27:10 UTC 2026","testcases.backoffice.googleauth.DeleteOtpGoogleTest","Surefire test","testcases.backoffice.googleauth.DeleteOtpGoogleTest","deleteOtpGoogleWithOverlongId"
"Mutasi Manual Transfer Balance","42726","mutasiManualTransferBalanceSupervisor","Surefire suite","Wed Sep 30 14:31:49 UTC 2026","passed","Wed Sep 30 14:32:32 UTC 2026","testcases.mutasi.MutasiTransferTest","Surefire test","testcases.mutasi.MutasiTransferTest","mutasiManualTransferBalanceSupervisor"
"List Currency USDT Dengan Body Kosong ({})","2093","getCurrencyWithEmptyBody","Surefire suite","Wed Sep 30 12:32:31 UTC 2026","passed","Wed Sep 30 12:32:33 UTC 2026","testcases.backoffice.currency.GetCurrencyTest","Surefire test","testcases.backoffice.currency.GetCurrencyTest","getCurrencyWithEmptyBody"
"List Waiting Company Backoffice Menggunakan Login Admin Crypto","8357","listWaitingCompanyWithAdminCryptoLogin","Surefire suite","Wed Sep 30 12:59:31 UTC 2026","passed","Wed Sep 30 12:59:39 UTC 2026","testcases.backoffice.ListWaitingCompanyTest","Surefire test","testcases.backoffice.ListWaitingCompanyTest","listWaitingCompanyWithAdminCryptoLogin"
"Add Currency USDT Cs Admin","6482","addCurrencyCsAdmin","Surefire suite","Wed Sep 30 13:54:22 UTC 2026","passed","Wed Sep 30 13:54:29 UTC 2026","testcases.backoffice.currency.AddCurrencyTest","Surefire test","testcases.backoffice.currency.AddCurrencyTest","addCurrencyCsAdmin"
"Get List Google Authenticator Tanpa Login/Header Auth","3293","listOtpGoogleWithoutAuth","Surefire suite","Wed Sep 30 13:11:03 UTC 2026","passed","Wed Sep 30 13:11:07 UTC 2026","testcases.backoffice.googleauth.ListOtpGoogleTest","Surefire test","testcases.backoffice.googleauth.ListOtpGoogleTest","listOtpGoogleWithoutAuth"
"Create Manage Settlement BO Tanpa Field companyList","8279","addManageSettlementWithoutCompanyList","Surefire suite","Wed Sep 30 12:43:47 UTC 2026","passed","Wed Sep 30 12:43:55 UTC 2026","testcases.backoffice.settlement.AddManageSettlementTest","Surefire test","testcases.backoffice.settlement.AddManageSettlementTest","addManageSettlementWithoutCompanyList"
"List Manage Settlement Backoffice Dengan Ukuran Halaman Sangat Besar","5018","listManageSettlementWithHugeSize","Surefire suite","Wed Sep 30 13:05:57 UTC 2026","passed","Wed Sep 30 13:06:02 UTC 2026","testcases.backoffice.settlement.ManageSettlementTest","Surefire test","testcases.backoffice.settlement.ManageSettlementTest","listManageSettlementWithHugeSize"
"Delete Google Authenticator Tanpa Login/Header Auth","1602","deleteOtpGoogleWithoutAuth","Surefire suite","Wed Sep 30 12:28:19 UTC 2026","passed","Wed Sep 30 12:28:21 UTC 2026","testcases.backoffice.googleauth.DeleteOtpGoogleTest","Surefire test","testcases.backoffice.googleauth.DeleteOtpGoogleTest","deleteOtpGoogleWithoutAuth"
"Create Manage Settlement BO Dengan Payload XSS pada companyName","5065","addManageSettlementWithXssCompanyName","Surefire suite","Wed Sep 30 12:43:17 UTC 2026","passed","Wed Sep 30 12:43:22 UTC 2026","testcases.backoffice.settlement.AddManageSettlementTest","Surefire test","testcases.backoffice.settlement.AddManageSettlementTest","addManageSettlementWithXssCompanyName"
"List Waiting Company Backoffice Tanpa Body Sama Sekali","20092","listWaitingCompanyWithoutBody","Surefire suite","Wed Sep 30 13:02:35 UTC 2026","passed","Wed Sep 30 13:02:55 UTC 2026","testcases.backoffice.ListWaitingCompanyTest","Surefire test","testcases.backoffice.ListWaitingCompanyTest","listWaitingCompanyWithoutBody"
"Get Notification Sender Dengan Ukuran Halaman Sangat Besar","20941","getNotificationSenderWithHugeSize","Surefire suite","Wed Sep 30 12:53:59 UTC 2026","passed","Wed Sep 30 12:54:20 UTC 2026","testcases.backoffice.notifsender.NotificationSenderTest","Surefire test","testcases.backoffice.notifsender.NotificationSenderTest","getNotificationSenderWithHugeSize"
"Success Login Admin","4308","testLoginAdmin","Surefire suite","Wed Sep 30 12:09:00 UTC 2026","passed","Wed Sep 30 12:09:04 UTC 2026","testcases.auth.LoginTest","Surefire test","testcases.auth.LoginTest","testLoginAdmin"
"Refund Summary Dengan Token Kadaluarsa","1785","getRefundWithExpiredToken","Surefire suite","Wed Sep 30 12:52:03 UTC 2026","passed","Wed Sep 30 12:52:05 UTC 2026","testcases.backoffice.refund.GetRefundTest","Surefire test","testcases.backoffice.refund.GetRefundTest","getRefundWithExpiredToken"
"Get List Group Company BO Menggunakan Login Admin Crypto","5032","getListGroupCompanyWithAdminCryptoLogin","Surefire suite","Wed Sep 30 12:34:58 UTC 2026","passed","Wed Sep 30 12:35:03 UTC 2026","testcases.backoffice.settlement.GetListGroupCompanyTest","Surefire test","testcases.backoffice.settlement.GetListGroupCompanyTest","getListGroupCompanyWithAdminCryptoLogin"
"Get History Transfer Test CS","13382","historyTransferTestCS","Surefire suite","Wed Sep 30 14:20:07 UTC 2026","passed","Wed Sep 30 14:20:21 UTC 2026","testcases.history.HistoryTransferTest","Surefire test","testcases.history.HistoryTransferTest","historyTransferTestCS"
"Get Detail Waiting Company Backoffice Dengan Id Berisi Spasi","5461","getDetailWaitingCompanyWithWhitespaceId","Surefire suite","Wed Sep 30 12:31:13 UTC 2026","passed","Wed Sep 30 12:31:18 UTC 2026","testcases.backoffice.GetDetailWaitingCompanyTest","Surefire test","testcases.backoffice.GetDetailWaitingCompanyTest","getDetailWaitingCompanyWithWhitespaceId"
"Get List Group Backoffice Tanpa Login/Header Auth","2067","getListGroupWithoutAuth","Surefire suite","Wed Sep 30 12:18:03 UTC 2026","passed","Wed Sep 30 12:18:05 UTC 2026","testcases.backoffice.group.GetListGroupTest","Surefire test","testcases.backoffice.group.GetListGroupTest","getListGroupWithoutAuth"
"Inquiry Test Transfer Merchant","8253","inquiryTransfer","Surefire suite","Wed Sep 30 13:02:02 UTC 2026","passed","Wed Sep 30 13:02:11 UTC 2026","testcases.transfer.InquiryTransferTest","Surefire test","testcases.transfer.InquiryTransferTest","inquiryTransfer"
"Created Favorite Account Dengan Token Tidak Valid","1552","createdFavoriteAccountWithInvalidToken","Surefire suite","Wed Sep 30 12:51:30 UTC 2026","passed","Wed Sep 30 12:51:32 UTC 2026","testcases.settings.favoriteaccount.CreatedFavoriteAccountTest","Surefire test","testcases.settings.favoriteaccount.CreatedFavoriteAccountTest","createdFavoriteAccountWithInvalidToken"
"List Waiting Company Backoffice Dengan Ukuran Halaman Sangat Besar","11192","listWaitingCompanyWithHugeSize","Surefire suite","Wed Sep 30 13:00:21 UTC 2026","passed","Wed Sep 30 13:00:32 UTC 2026","testcases.backoffice.ListWaitingCompanyTest","Surefire test","testcases.backoffice.ListWaitingCompanyTest","listWaitingCompanyWithHugeSize"
"Get History Special Transfer Test Supervisor","15331","historySpecialTransferTestSupervisor","Surefire suite","Wed Sep 30 14:18:11 UTC 2026","passed","Wed Sep 30 14:18:26 UTC 2026","testcases.history.HistoryTransferTest","Surefire test","testcases.history.HistoryTransferTest","historySpecialTransferTestSupervisor"
"Created Favorite Account Dengan Token Valid Tapi Tanpa Header credentialId","1767","createdFavoriteAccountWithoutCredentialIdHeader","Surefire suite","Wed Sep 30 12:52:59 UTC 2026","failed","Wed Sep 30 12:53:01 UTC 2026","testcases.settings.favoriteaccount.CreatedFavoriteAccountTest","Surefire test","testcases.settings.favoriteaccount.CreatedFavoriteAccountTest","createdFavoriteAccountWithoutCredentialIdHeader"
"Get Balance Merchant with Login Marketing","5485","getFailedBalanceMerchantLoginMarketing","Surefire suite","Wed Sep 30 12:08:55 UTC 2026","passed","Wed Sep 30 12:09:00 UTC 2026","testcases.balance.GetBalanceQrisTest","Surefire test","testcases.balance.GetBalanceQrisTest","getFailedBalanceMerchantLoginMarketing"
"Get History Special Transfer Test Fee Admin","18434","historySpecialTransferTestFeeAdmin","Surefire suite","Wed Sep 30 14:17:50 UTC 2026","passed","Wed Sep 30 14:18:08 UTC 2026","testcases.history.HistoryTransferTest","Surefire test","testcases.history.HistoryTransferTest","historySpecialTransferTestFeeAdmin"
"Get List Favorite Account Dengan Field Tidak Dikenal pada Body","3569","getListFavoriteAccountWithUnknownField","Surefire suite","Wed Sep 30 14:53:25 UTC 2026","passed","Wed Sep 30 14:53:29 UTC 2026","testcases.settings.favoriteaccount.GetListFavoriteAccountTest","Surefire test","testcases.settings.favoriteaccount.GetListFavoriteAccountTest","getListFavoriteAccountWithUnknownField"
"Refund Summary Dengan Content-Type text/plain","2552","getRefundWithWrongContentType","Surefire suite","Wed Sep 30 12:54:09 UTC 2026","passed","Wed Sep 30 12:54:12 UTC 2026","testcases.backoffice.refund.GetRefundTest","Surefire test","testcases.backoffice.refund.GetRefundTest","getRefundWithWrongContentType"
"Mutasi Transfer Balance","14024","mutasiTransferBalance","Surefire suite","Wed Sep 30 14:42:02 UTC 2026","passed","Wed Sep 30 14:42:16 UTC 2026","testcases.mutasi.MutasiTransferTest","Surefire test","testcases.mutasi.MutasiTransferTest","mutasiTransferBalance"
"Created Favorite Account Tanpa Body Sama Sekali","2462","createdFavoriteAccountWithoutBody","Surefire suite","Wed Sep 30 12:52:54 UTC 2026","passed","Wed Sep 30 12:52:56 UTC 2026","testcases.settings.favoriteaccount.CreatedFavoriteAccountTest","Surefire test","testcases.settings.favoriteaccount.CreatedFavoriteAccountTest","createdFavoriteAccountWithoutBody"
"Get List Google Authenticator Dengan Karakter SQL Injection pada Field param","6959","listOtpGoogleWithSqlInjectionParam","Surefire suite","Wed Sep 30 13:10:13 UTC 2026","passed","Wed Sep 30 13:10:20 UTC 2026","testcases.backoffice.googleauth.ListOtpGoogleTest","Surefire test","testcases.backoffice.googleauth.ListOtpGoogleTest","listOtpGoogleWithSqlInjectionParam"
"List Waiting Company Backoffice Dengan Header Authorization Tanpa Skema Bearer","4883","listWaitingCompanyWithMalformedAuthorizationHeader","Surefire suite","Wed Sep 30 13:00:59 UTC 2026","passed","Wed Sep 30 13:01:04 UTC 2026","testcases.backoffice.ListWaitingCompanyTest","Surefire test","testcases.backoffice.ListWaitingCompanyTest","listWaitingCompanyWithMalformedAuthorizationHeader"
"Add Currency CS Admin Path Dengan Field Tidak Dikenal pada Body","2639","addCurrencyWithUnknownField","Surefire suite","Wed Sep 30 13:58:18 UTC 2026","passed","Wed Sep 30 13:58:20 UTC 2026","testcases.backoffice.currency.AddCurrencyTest","Surefire test","testcases.backoffice.currency.AddCurrencyTest","addCurrencyWithUnknownField"
"Add Group Backoffice Menggunakan HTTP Method PATCH","1421","addGroupWithPatchMethod","Surefire suite","Wed Sep 30 12:13:50 UTC 2026","passed","Wed Sep 30 12:13:51 UTC 2026","testcases.backoffice.group.AddGroupTest","Surefire test","testcases.backoffice.group.AddGroupTest","addGroupWithPatchMethod"
"Add Currency USDT Backoffice","11503","addCurrencyBO","Surefire suite","Wed Sep 30 13:54:08 UTC 2026","passed","Wed Sep 30 13:54:19 UTC 2026","testcases.backoffice.currency.AddCurrencyTest","Surefire test","testcases.backoffice.currency.AddCurrencyTest","addCurrencyBO"
"Delete Google Authenticator Dengan Header Authorization Tanpa Skema Bearer","1516","deleteOtpGoogleWithMalformedAuthorizationHeader","Surefire suite","Wed Sep 30 12:26:30 UTC 2026","passed","Wed Sep 30 12:26:32 UTC 2026","testcases.backoffice.googleauth.DeleteOtpGoogleTest","Surefire test","testcases.backoffice.googleauth.DeleteOtpGoogleTest","deleteOtpGoogleWithMalformedAuthorizationHeader"
"Inquiry Test Manual Transfer Admin Crypto","5508","inquiryManualTransferAdminCrypto","Surefire suite","Wed Sep 30 12:09:21 UTC 2026","passed","Wed Sep 30 12:09:27 UTC 2026","testcases.transfer.InquiryManualTransferTest","Surefire test","testcases.transfer.InquiryManualTransferTest","inquiryManualTransferAdminCrypto"
"Add Group Backoffice Dengan Body Berupa JSON Array ([])","4596","addGroupWithArrayBody","Surefire suite","Wed Sep 30 12:11:31 UTC 2026","passed","Wed Sep 30 12:11:36 UTC 2026","testcases.backoffice.group.AddGroupTest","Surefire test","testcases.backoffice.group.AddGroupTest","addGroupWithArrayBody"
"List Currency USDT Dengan Content-Type text/plain","1680","getCurrencyWithWrongContentType","Surefire suite","Wed Sep 30 12:34:17 UTC 2026","passed","Wed Sep 30 12:34:19 UTC 2026","testcases.backoffice.currency.GetCurrencyTest","Surefire test","testcases.backoffice.currency.GetCurrencyTest","getCurrencyWithWrongContentType"
"Reset Password Marketing","5190","resetPasswordMarketing","Surefire suite","Wed Sep 30 12:08:37 UTC 2026","passed","Wed Sep 30 12:08:42 UTC 2026","testcases.settings.ResetPasswordTest","Surefire test","testcases.settings.ResetPasswordTest","resetPasswordMarketing"
"List Manage Settlement Backoffice Menggunakan Login Admin","15252","listManageSettlementWithAdminLogin","Surefire suite","Wed Sep 30 13:04:38 UTC 2026","passed","Wed Sep 30 13:04:53 UTC 2026","testcases.backoffice.settlement.ManageSettlementTest","Surefire test","testcases.backoffice.settlement.ManageSettlementTest","listManageSettlementWithAdminLogin"
"Get Balance Admin Transfer","6206","getBalanceAdmin","Surefire suite","Wed Sep 30 12:08:24 UTC 2026","passed","Wed Sep 30 12:08:30 UTC 2026","testcases.balance.GetBalanceTransferTest","Surefire test","testcases.balance.GetBalanceTransferTest","getBalanceAdmin"
"Add Currency CS Admin Path Tanpa Body Sama Sekali","4686","addCurrencyWithoutBody","Surefire suite","Wed Sep 30 13:58:53 UTC 2026","passed","Wed Sep 30 13:58:58 UTC 2026","testcases.backoffice.currency.AddCurrencyTest","Surefire test","testcases.backoffice.currency.AddCurrencyTest","addCurrencyWithoutBody"
"Delete Group Backoffice Dengan Token Kadaluarsa","1489","deleteGroupWithExpiredToken","Surefire suite","Wed Sep 30 12:20:06 UTC 2026","passed","Wed Sep 30 12:20:07 UTC 2026","testcases.backoffice.group.DeleteGroupTest","Surefire test","testcases.backoffice.group.DeleteGroupTest","deleteGroupWithExpiredToken"
"Refund Summary Dengan type null","1738","getRefundWithNullType","Surefire suite","Wed Sep 30 12:53:23 UTC 2026","passed","Wed Sep 30 12:53:25 UTC 2026","testcases.backoffice.refund.GetRefundTest","Surefire test","testcases.backoffice.refund.GetRefundTest","getRefundWithNullType"
"List Manage Settlement Backoffice Dengan Payload XSS pada Field Param","6753","listManageSettlementWithXssParam","Surefire suite","Wed Sep 30 13:09:01 UTC 2026","passed","Wed Sep 30 13:09:07 UTC 2026","testcases.backoffice.settlement.ManageSettlementTest","Surefire test","testcases.backoffice.settlement.ManageSettlementTest","listManageSettlementWithXssParam"
"List Manage Settlement Backoffice Dengan Header Authorization Tanpa Skema Bearer","2540","listManageSettlementWithMalformedAuthorizationHeader","Surefire suite","Wed Sep 30 13:06:35 UTC 2026","passed","Wed Sep 30 13:06:37 UTC 2026","testcases.backoffice.settlement.ManageSettlementTest","Surefire test","testcases.backoffice.settlement.ManageSettlementTest","listManageSettlementWithMalformedAuthorizationHeader"
"Created Favorite Account Tanpa Login/Header Auth","1757","createdFavoriteAccountWithoutAuth","Surefire suite","Wed Sep 30 12:52:39 UTC 2026","passed","Wed Sep 30 12:52:41 UTC 2026","testcases.settings.favoriteaccount.CreatedFavoriteAccountTest","Surefire test","testcases.settings.favoriteaccount.CreatedFavoriteAccountTest","createdFavoriteAccountWithoutAuth"
"Get History QR Admin","12409","historyQRTestAdmin","Surefire suite","Wed Sep 30 13:14:01 UTC 2026","passed","Wed Sep 30 13:14:14 UTC 2026","testcases.history.HistoryQRTest","Surefire test","testcases.history.HistoryQRTest","historyQRTestAdmin"
"Get List Group Backoffice Menggunakan Login Admin","4520","getListGroupWithAdminLogin","Surefire suite","Wed Sep 30 12:15:20 UTC 2026","passed","Wed Sep 30 12:15:24 UTC 2026","testcases.backoffice.group.GetListGroupTest","Surefire test","testcases.backoffice.group.GetListGroupTest","getListGroupWithAdminLogin"
"List Manage Settlement Backoffice Dengan Sort Tanpa Operator '=='","7242","listManageSettlementWithMalformedSortOperator","Surefire suite","Wed Sep 30 13:06:49 UTC 2026","passed","Wed Sep 30 13:06:56 UTC 2026","testcases.backoffice.settlement.ManageSettlementTest","Surefire test","testcases.backoffice.settlement.ManageSettlementTest","listManageSettlementWithMalformedSortOperator"
"Get Notification Sender Tanpa Field pinValidasi","8174","getNotificationSenderWithoutPinValidasi","Surefire suite","Wed Sep 30 12:58:47 UTC 2026","passed","Wed Sep 30 12:58:55 UTC 2026","testcases.backoffice.notifsender.NotificationSenderTest","Surefire test","testcases.backoffice.notifsender.NotificationSenderTest","getNotificationSenderWithoutPinValidasi"
"Create Manage Settlement BO Menggunakan HTTP Method DELETE","4857","addManageSettlementWithDeleteMethod","Surefire suite","Wed Sep 30 12:39:41 UTC 2026","passed","Wed Sep 30 12:39:45 UTC 2026","testcases.backoffice.settlement.AddManageSettlementTest","Surefire test","testcases.backoffice.settlement.AddManageSettlementTest","addManageSettlementWithDeleteMethod"
"Get Dashboard Backoffice Menggunakan Login Admin Crypto","4956","getDashboardWithAdminCryptoLogin","Surefire suite","Wed Sep 30 12:23:01 UTC 2026","passed","Wed Sep 30 12:23:06 UTC 2026","testcases.backoffice.GetDashboardTest","Surefire test","testcases.backoffice.GetDashboardTest","getDashboardWithAdminCryptoLogin"
"Get Notification Sender Menggunakan HTTP Method DELETE","6142","getNotificationSenderWithDeleteMethod","Surefire suite","Wed Sep 30 12:53:16 UTC 2026","passed","Wed Sep 30 12:53:22 UTC 2026","testcases.backoffice.notifsender.NotificationSenderTest","Surefire test","testcases.backoffice.notifsender.NotificationSenderTest","getNotificationSenderWithDeleteMethod"
"Created Favorite Account Menggunakan HTTP Method DELETE","2637","createdFavoriteAccountWithDeleteMethod","Surefire suite","Wed Sep 30 12:51:01 UTC 2026","passed","Wed Sep 30 12:51:03 UTC 2026","testcases.settings.favoriteaccount.CreatedFavoriteAccountTest","Surefire test","testcases.settings.favoriteaccount.CreatedFavoriteAccountTest","createdFavoriteAccountWithDeleteMethod"
"Test Get Report Transfer Merchant","16425","getReportTransferAdmin","Surefire suite","Wed Sep 30 12:09:56 UTC 2026","passed","Wed Sep 30 12:10:13 UTC 2026","testcases.report.ReportTransactionTest","Surefire test","testcases.report.ReportTransactionTest","getReportTransferAdmin"
"Request Refund Special Transfer Merchant","5552","refundSpecialTransferMerchant","Surefire suite","Wed Sep 30 13:02:28 UTC 2026","failed","Wed Sep 30 13:02:33 UTC 2026","testcases.transfer.RefundTransferTest","Surefire test","testcases.transfer.RefundTransferTest","refundSpecialTransferMerchant"
"Refund Summary Dengan Payload XSS pada Field type","1723","getRefundWithXssType","Surefire suite","Wed Sep 30 12:54:26 UTC 2026","passed","Wed Sep 30 12:54:27 UTC 2026","testcases.backoffice.refund.GetRefundTest","Surefire test","testcases.backoffice.refund.GetRefundTest","getRefundWithXssType"
"Get List Group Backoffice Menggunakan HTTP Method PATCH","1512","getListGroupWithPatchMethod","Surefire suite","Wed Sep 30 12:17:10 UTC 2026","passed","Wed Sep 30 12:17:12 UTC 2026","testcases.backoffice.group.GetListGroupTest","Surefire test","testcases.backoffice.group.GetListGroupTest","getListGroupWithPatchMethod"
"Get Group Detail Backoffice Tanpa Login/Header Auth","1530","getGroupDetailWithoutAuth","Surefire suite","Wed Sep 30 12:11:01 UTC 2026","passed","Wed Sep 30 12:11:03 UTC 2026","testcases.backoffice.group.GetGroupTest","Surefire test","testcases.backoffice.group.GetGroupTest","getGroupDetailWithoutAuth"
"List Manage Settlement Backoffice Dengan Token Backoffice Valid Tapi Tanpa Header pbyv","7647","listManageSettlementWithoutPbyvHeader","Surefire suite","Wed Sep 30 13:09:24 UTC 2026","passed","Wed Sep 30 13:09:32 UTC 2026","testcases.backoffice.settlement.ManageSettlementTest","Surefire test","testcases.backoffice.settlement.ManageSettlementTest","listManageSettlementWithoutPbyvHeader"
"Mutasi Special Transfer Supervisor CS","33425","mutasiSpecialTransferSupervisorCS","Surefire suite","Wed Sep 30 14:40:59 UTC 2026","passed","Wed Sep 30 14:41:32 UTC 2026","testcases.mutasi.MutasiTransferTest","Surefire test","testcases.mutasi.MutasiTransferTest","mutasiSpecialTransferSupervisorCS"
"Test Settlement USDT CS Admin dengan check Fee di Admin Crypto dan Admin Fee","20929","settlementUSDTCSAdmin","Surefire suite","Wed Sep 30 13:49:43 UTC 2026","broken","Wed Sep 30 13:50:04 UTC 2026","testcases.backoffice.ApprovalTransferTest","Surefire test","testcases.backoffice.ApprovalTransferTest","settlementUSDTCSAdmin"
"Test Get Bank Statement","4951","getReportBankStatementAdmin","Surefire suite","Wed Sep 30 12:09:07 UTC 2026","passed","Wed Sep 30 12:09:12 UTC 2026","testcases.report.ReportTransactionTest","Surefire test","testcases.report.ReportTransactionTest","getReportBankStatementAdmin"
"List Refund Dengan Page/Size Negatif - Menemukan Bug Internal Server Error","8107","listRefundWithNegativePageSize","Surefire suite","Wed Sep 30 14:05:28 UTC 2026","passed","Wed Sep 30 14:05:36 UTC 2026","testcases.backoffice.ListRefundTest","Surefire test","testcases.backoffice.ListRefundTest","listRefundWithNegativePageSize"
"List Currency USDT Dengan Sort Tanpa Operator '=='","3329","getCurrencyWithMalformedSortOperator","Surefire suite","Wed Sep 30 12:33:18 UTC 2026","passed","Wed Sep 30 12:33:21 UTC 2026","testcases.backoffice.currency.GetCurrencyTest","Surefire test","testcases.backoffice.currency.GetCurrencyTest","getCurrencyWithMalformedSortOperator"
"List Refund Menggunakan Login Customer Service","5017","listRefundWithCSLogin","Surefire suite","Wed Sep 30 14:03:49 UTC 2026","passed","Wed Sep 30 14:03:54 UTC 2026","testcases.backoffice.ListRefundTest","Surefire test","testcases.backoffice.ListRefundTest","listRefundWithCSLogin"
"List Currency USDT Dengan Payload XSS pada Field Param","1656","getCurrencyWithXssParam","Surefire suite","Wed Sep 30 12:34:32 UTC 2026","passed","Wed Sep 30 12:34:33 UTC 2026","testcases.backoffice.currency.GetCurrencyTest","Surefire test","testcases.backoffice.currency.GetCurrencyTest","getCurrencyWithXssParam"
"Resend Google Authenticator Dengan Body Kosong ({}) - Tanpa email","10658","resendOtpGoogleWithEmptyBody","Surefire suite","Wed Sep 30 13:00:09 UTC 2026","passed","Wed Sep 30 13:00:20 UTC 2026","testcases.backoffice.googleauth.ResendOtpGoogleTest","Surefire test","testcases.backoffice.googleauth.ResendOtpGoogleTest","resendOtpGoogleWithEmptyBody"
"Resend Google Authenticator Dengan email Berisi Payload XSS","5356","resendOtpGoogleWithXssEmail","Surefire suite","Wed Sep 30 13:03:42 UTC 2026","passed","Wed Sep 30 13:03:47 UTC 2026","testcases.backoffice.googleauth.ResendOtpGoogleTest","Surefire test","testcases.backoffice.googleauth.ResendOtpGoogleTest","resendOtpGoogleWithXssEmail"
"Test Approve Manual Transfer dengan check Fee di Admin Crypto dan Admin Fee","70947","approvedCashDepositBalance","Surefire suite","Wed Sep 30 13:38:22 UTC 2026","passed","Wed Sep 30 13:39:33 UTC 2026","testcases.backoffice.ApprovalTransferTest","Surefire test","testcases.backoffice.ApprovalTransferTest","approvedCashDepositBalance"
"List Manage Settlement Backoffice Menggunakan Login CS Admin","7746","listManageSettlementWithCSAdminLogin","Surefire suite","Wed Sep 30 13:05:05 UTC 2026","passed","Wed Sep 30 13:05:12 UTC 2026","testcases.backoffice.settlement.ManageSettlementTest","Surefire test","testcases.backoffice.settlement.ManageSettlementTest","listManageSettlementWithCSAdminLogin"
"Get Group Detail Backoffice Menggunakan Login Group","7687","getGroupDetailWithGroupLogin","Surefire suite","Wed Sep 30 12:09:05 UTC 2026","passed","Wed Sep 30 12:09:12 UTC 2026","testcases.backoffice.group.GetGroupTest","Surefire test","testcases.backoffice.group.GetGroupTest","getGroupDetailWithGroupLogin"
"Get List Group Backoffice Dengan Field Tidak Dikenal pada Body","2783","getListGroupWithUnknownField","Surefire suite","Wed Sep 30 12:17:38 UTC 2026","passed","Wed Sep 30 12:17:40 UTC 2026","testcases.backoffice.group.GetListGroupTest","Surefire test","testcases.backoffice.group.GetListGroupTest","getListGroupWithUnknownField"
"Delete Favorite Account Dengan id Bertipe Angka (Bukan String)","1864","deleteFavoriteAccountWithIdAsNumber","Surefire suite","Wed Sep 30 12:09:12 UTC 2026","passed","Wed Sep 30 12:09:14 UTC 2026","testcases.settings.favoriteaccount.DeleteFavoriteAccountTest","Surefire test","testcases.settings.favoriteaccount.DeleteFavoriteAccountTest","deleteFavoriteAccountWithIdAsNumber"
"Add Whitelist Ip User CS Admin","6338","addWhitelistIpUserCsAdmin","Surefire suite","Wed Sep 30 12:08:44 UTC 2026","passed","Wed Sep 30 12:08:50 UTC 2026","testcases.backoffice.users.EditUserTest","Surefire test","testcases.backoffice.users.EditUserTest","addWhitelistIpUserCsAdmin"
"Created Favorite Account Dengan Header credentialId Salah","7483","createdFavoriteAccountWithWrongCredentialIdHeader","Surefire suite","Wed Sep 30 12:52:18 UTC 2026","failed","Wed Sep 30 12:52:26 UTC 2026","testcases.settings.favoriteaccount.CreatedFavoriteAccountTest","Surefire test","testcases.settings.favoriteaccount.CreatedFavoriteAccountTest","createdFavoriteAccountWithWrongCredentialIdHeader"
"Get History QR","22719","historyQRTest","Surefire suite","Wed Sep 30 13:02:58 UTC 2026","passed","Wed Sep 30 13:03:21 UTC 2026","testcases.history.HistoryQRTest","Surefire test","testcases.history.HistoryQRTest","historyQRTest"
"Resend Google Authenticator Menggunakan Login Merchant","7275","resendOtpGoogleWithMerchantLogin","Surefire suite","Wed Sep 30 13:01:28 UTC 2026","passed","Wed Sep 30 13:01:35 UTC 2026","testcases.backoffice.googleauth.ResendOtpGoogleTest","Surefire test","testcases.backoffice.googleauth.ResendOtpGoogleTest","resendOtpGoogleWithMerchantLogin"
"List Company Backoffice Dengan Karakter SQL Injection pada Field Param - Menemukan Bug Gateway Timeout","6104","listCompanyWithSqlInjectionParam","Surefire suite","Wed Sep 30 13:05:22 UTC 2026","passed","Wed Sep 30 13:05:29 UTC 2026","testcases.backoffice.ListCompanyTest","Surefire test","testcases.backoffice.ListCompanyTest","listCompanyWithSqlInjectionParam"
"Get List Favorite Account Dengan Content-Type text/plain","1774","getListFavoriteAccountWithWrongContentType","Surefire suite","Wed Sep 30 14:53:37 UTC 2026","passed","Wed Sep 30 14:53:38 UTC 2026","testcases.settings.favoriteaccount.GetListFavoriteAccountTest","Surefire test","testcases.settings.favoriteaccount.GetListFavoriteAccountTest","getListFavoriteAccountWithWrongContentType"
"Get History USDT Transfer Test Admin Crypto","13549","historyUSDTTransferTestAdminCrypto","Surefire suite","Wed Sep 30 14:21:55 UTC 2026","passed","Wed Sep 30 14:22:09 UTC 2026","testcases.history.HistoryTransferTest","Surefire test","testcases.history.HistoryTransferTest","historyUSDTTransferTestAdminCrypto"
"Reset Password Customer Service","5268","resetPasswordCS","Surefire suite","Wed Sep 30 12:09:44 UTC 2026","passed","Wed Sep 30 12:09:50 UTC 2026","testcases.settings.ResetPasswordTest","Surefire test","testcases.settings.ResetPasswordTest","resetPasswordCS"
"Refund Summary Dengan Body Berupa JSON Array ([])","5901","getRefundWithArrayBody","Surefire suite","Wed Sep 30 12:51:11 UTC 2026","passed","Wed Sep 30 12:51:17 UTC 2026","testcases.backoffice.refund.GetRefundTest","Surefire test","testcases.backoffice.refund.GetRefundTest","getRefundWithArrayBody"
"Inquiry Test Flop Transfer Merchant","6175","inquiryTransfer","Surefire suite","Wed Sep 30 12:22:02 UTC 2026","passed","Wed Sep 30 12:22:09 UTC 2026","testcases.transfer.InquiryFlopTransferTest","Surefire test","testcases.transfer.InquiryFlopTransferTest","inquiryTransfer"
"Test Approved USDT Supervisor Tanpa URL","18252","approvedUSDTSupervisorWithoutURL","Surefire suite","Wed Sep 30 13:45:28 UTC 2026","broken","Wed Sep 30 13:45:46 UTC 2026","testcases.backoffice.ApprovalTransferTest","Surefire test","testcases.backoffice.ApprovalTransferTest","approvedUSDTSupervisorWithoutURL"
"Get Group Backoffice Menggunakan Login Admin Crypto","5079","getGroupWithAdminCryptoLogin","Surefire suite","Wed Sep 30 12:24:18 UTC 2026","passed","Wed Sep 30 12:24:24 UTC 2026","testcases.backoffice.GetDashboardTest","Surefire test","testcases.backoffice.GetDashboardTest","getGroupWithAdminCryptoLogin"
"Get List Google Authenticator Dengan Ukuran Halaman Sangat Besar","5520","listOtpGoogleWithHugeSize","Surefire suite","Wed Sep 30 13:08:04 UTC 2026","passed","Wed Sep 30 13:08:10 UTC 2026","testcases.backoffice.googleauth.ListOtpGoogleTest","Surefire test","testcases.backoffice.googleauth.ListOtpGoogleTest","listOtpGoogleWithHugeSize"
"Resend Google Authenticator Menggunakan Login Supervisor","7634","resendOtpGoogleWithSupervisorLogin","Surefire suite","Wed Sep 30 13:03:03 UTC 2026","passed","Wed Sep 30 13:03:11 UTC 2026","testcases.backoffice.googleauth.ResendOtpGoogleTest","Surefire test","testcases.backoffice.googleauth.ResendOtpGoogleTest","resendOtpGoogleWithSupervisorLogin"
"Get Detail Waiting Company Backoffice Menggunakan Login Supervisor","5821","getDetailWaitingCompanyWithSupervisorLogin","Surefire suite","Wed Sep 30 12:31:04 UTC 2026","passed","Wed Sep 30 12:31:10 UTC 2026","testcases.backoffice.GetDetailWaitingCompanyTest","Surefire test","testcases.backoffice.GetDetailWaitingCompanyTest","getDetailWaitingCompanyWithSupervisorLogin"
"Reset Password Group","5649","resetPasswordGroup","Surefire suite","Wed Sep 30 12:08:28 UTC 2026","passed","Wed Sep 30 12:08:34 UTC 2026","testcases.settings.ResetPasswordTest","Surefire test","testcases.settings.ResetPasswordTest","resetPasswordGroup"
"Delete Google Authenticator Dengan Token Tidak Valid","1423","deleteOtpGoogleWithInvalidToken","Surefire suite","Wed Sep 30 12:26:26 UTC 2026","passed","Wed Sep 30 12:26:27 UTC 2026","testcases.backoffice.googleauth.DeleteOtpGoogleTest","Surefire test","testcases.backoffice.googleauth.DeleteOtpGoogleTest","deleteOtpGoogleWithInvalidToken"
"Delete Favorite Account Menggunakan HTTP Method DELETE","1686","deleteFavoriteAccountWithDeleteMethod","Surefire suite","Wed Sep 30 12:08:43 UTC 2026","passed","Wed Sep 30 12:08:45 UTC 2026","testcases.settings.favoriteaccount.DeleteFavoriteAccountTest","Surefire test","testcases.settings.favoriteaccount.DeleteFavoriteAccountTest","deleteFavoriteAccountWithDeleteMethod"
"Get List Favorite Account Ke Path yang Tidak Ada (Typo)","2025","getListFavoriteAccountWithWrongPath","Surefire suite","Wed Sep 30 14:53:41 UTC 2026","passed","Wed Sep 30 14:53:43 UTC 2026","testcases.settings.favoriteaccount.GetListFavoriteAccountTest","Surefire test","testcases.settings.favoriteaccount.GetListFavoriteAccountTest","getListFavoriteAccountWithWrongPath"
"Get Detail Waiting Company Backoffice Tanpa Id (Path Kosong)","5250","getDetailWaitingCompanyWithEmptyId","Surefire suite","Wed Sep 30 12:29:07 UTC 2026","passed","Wed Sep 30 12:29:12 UTC 2026","testcases.backoffice.GetDetailWaitingCompanyTest","Surefire test","testcases.backoffice.GetDetailWaitingCompanyTest","getDetailWaitingCompanyWithEmptyId"
"Get List Favorite Account Dengan Header companyId Salah","1550","getListFavoriteAccountWithWrongCompanyIdHeader","Surefire suite","Wed Sep 30 14:53:32 UTC 2026","passed","Wed Sep 30 14:53:34 UTC 2026","testcases.settings.favoriteaccount.GetListFavoriteAccountTest","Surefire test","testcases.settings.favoriteaccount.GetListFavoriteAccountTest","getListFavoriteAccountWithWrongCompanyIdHeader"
"Add Group Backoffice Dengan feeBankPercent Melebihi 100","1552","addGroupWithFeeOver100","Surefire suite","Wed Sep 30 12:12:37 UTC 2026","passed","Wed Sep 30 12:12:38 UTC 2026","testcases.backoffice.group.AddGroupTest","Surefire test","testcases.backoffice.group.AddGroupTest","addGroupWithFeeOver100"
"Add Currency CS Admin Path Menggunakan HTTP Method PATCH","5043","addCurrencyWithPatchMethod","Surefire suite","Wed Sep 30 13:57:43 UTC 2026","passed","Wed Sep 30 13:57:48 UTC 2026","testcases.backoffice.currency.AddCurrencyTest","Surefire test","testcases.backoffice.currency.AddCurrencyTest","addCurrencyWithPatchMethod"
"Request Refund Manual Transfer Merchant","11146","refundManualTransferMerchant","Surefire suite","Wed Sep 30 13:02:14 UTC 2026","failed","Wed Sep 30 13:02:25 UTC 2026","testcases.transfer.RefundTransferTest","Surefire test","testcases.transfer.RefundTransferTest","refundManualTransferMerchant"
"Add Group Backoffice Tanpa Field name","1555","addGroupWithoutNameField","Surefire suite","Wed Sep 30 12:14:55 UTC 2026","passed","Wed Sep 30 12:14:57 UTC 2026","testcases.backoffice.group.AddGroupTest","Surefire test","testcases.backoffice.group.AddGroupTest","addGroupWithoutNameField"
"List Waiting Company Backoffice","6215","getListWaitingCompany","Surefire suite","Wed Sep 30 12:59:21 UTC 2026","passed","Wed Sep 30 12:59:28 UTC 2026","testcases.backoffice.ListWaitingCompanyTest","Surefire test","testcases.backoffice.ListWaitingCompanyTest","getListWaitingCompany"
"Get History Special Transfer Supervisor on Login CS Admin","18038","historySpecialTransferSupervisorTestCSAdmin","Surefire suite","Wed Sep 30 14:16:16 UTC 2026","passed","Wed Sep 30 14:16:34 UTC 2026","testcases.history.HistoryTransferTest","Surefire test","testcases.history.HistoryTransferTest","historySpecialTransferSupervisorTestCSAdmin"
"Transfer Different Partner Reference, Transfer to Special Transfer","51520","trfPartnerRefTransferFailed","Surefire suite","Wed Sep 30 12:20:16 UTC 2026","failed","Wed Sep 30 12:21:07 UTC 2026","testcases.transfer.SpecialTransferTest","Surefire test","testcases.transfer.SpecialTransferTest","trfPartnerRefTransferFailed"
"Delete Group Backoffice Dengan id Valid Tapi name Tidak Cocok","16734","deleteGroupWithMismatchedName","Surefire suite","Wed Sep 30 12:20:53 UTC 2026","passed","Wed Sep 30 12:21:10 UTC 2026","testcases.backoffice.group.DeleteGroupTest","Surefire test","testcases.backoffice.group.DeleteGroupTest","deleteGroupWithMismatchedName"
"Delete Manage Settlement BO Tanpa Login/Header Auth","2401","deleteManageSettlementWithoutAuth","Surefire suite","Wed Sep 30 12:48:17 UTC 2026","passed","Wed Sep 30 12:48:19 UTC 2026","testcases.backoffice.settlement.DeleteManageSettlementTest","Surefire test","testcases.backoffice.settlement.DeleteManageSettlementTest","deleteManageSettlementWithoutAuth"
"Get Notification Sender Ke Path yang Tidak Ada (Typo)","7492","getNotificationSenderWithWrongPath","Surefire suite","Wed Sep 30 12:57:58 UTC 2026","passed","Wed Sep 30 12:58:06 UTC 2026","testcases.backoffice.notifsender.NotificationSenderTest","Surefire test","testcases.backoffice.notifsender.NotificationSenderTest","getNotificationSenderWithWrongPath"
"Mutasi Transfer Supervisor","12912","mutasiTransferSupervisor","Surefire suite","Wed Sep 30 14:43:02 UTC 2026","passed","Wed Sep 30 14:43:15 UTC 2026","testcases.mutasi.MutasiTransferTest","Surefire test","testcases.mutasi.MutasiTransferTest","mutasiTransferSupervisor"
"Refund Summary Tanpa Field startDate","1775","getRefundWithoutStartDate","Surefire suite","Wed Sep 30 12:54:49 UTC 2026","passed","Wed Sep 30 12:54:51 UTC 2026","testcases.backoffice.refund.GetRefundTest","Surefire test","testcases.backoffice.refund.GetRefundTest","getRefundWithoutStartDate"
"Test Approved USDT","19052","approvedUSDT","Surefire suite","Wed Sep 30 13:44:16 UTC 2026","broken","Wed Sep 30 13:44:35 UTC 2026","testcases.backoffice.ApprovalTransferTest","Surefire test","testcases.backoffice.ApprovalTransferTest","approvedUSDT"
"Add Group Backoffice Dengan Nama Sama Namun Beda Kapitalisasi","3054","addGroupWithDuplicateNameDifferentCase","Surefire suite","Wed Sep 30 12:11:59 UTC 2026","passed","Wed Sep 30 12:12:02 UTC 2026","testcases.backoffice.group.AddGroupTest","Surefire test","testcases.backoffice.group.AddGroupTest","addGroupWithDuplicateNameDifferentCase"
"Add Currency CS Admin Path Dengan Body JSON Tidak Valid (Malformed)","2940","addCurrencyWithMalformedJson","Surefire suite","Wed Sep 30 13:56:36 UTC 2026","passed","Wed Sep 30 13:56:39 UTC 2026","testcases.backoffice.currency.AddCurrencyTest","Surefire test","testcases.backoffice.currency.AddCurrencyTest","addCurrencyWithMalformedJson"
"Delete Group Backoffice Dengan Token Tidak Valid","1627","deleteGroupWithInvalidToken","Surefire suite","Wed Sep 30 12:20:24 UTC 2026","passed","Wed Sep 30 12:20:25 UTC 2026","testcases.backoffice.group.DeleteGroupTest","Surefire test","testcases.backoffice.group.DeleteGroupTest","deleteGroupWithInvalidToken"
"Refund Summary Menggunakan HTTP Method GET","1961","getRefundWithGetMethod","Surefire suite","Wed Sep 30 12:52:08 UTC 2026","passed","Wed Sep 30 12:52:10 UTC 2026","testcases.backoffice.refund.GetRefundTest","Surefire test","testcases.backoffice.refund.GetRefundTest","getRefundWithGetMethod"
"Get List Favorite Account Menggunakan HTTP Method PUT","1826","getListFavoriteAccountWithPutMethod","Surefire suite","Wed Sep 30 14:53:11 UTC 2026","passed","Wed Sep 30 14:53:13 UTC 2026","testcases.settings.favoriteaccount.GetListFavoriteAccountTest","Surefire test","testcases.settings.favoriteaccount.GetListFavoriteAccountTest","getListFavoriteAccountWithPutMethod"
"List Refund Menggunakan Login Admin Crypto","6575","listRefundAdminCrypto","Surefire suite","Wed Sep 30 14:02:58 UTC 2026","passed","Wed Sep 30 14:03:05 UTC 2026","testcases.backoffice.ListRefundTest","Surefire test","testcases.backoffice.ListRefundTest","listRefundAdminCrypto"
"Transfer Different Partner Reference, Manual Transfer to USDT Transfer","49709","trfPartnerRefManualFailed","Surefire suite","Wed Sep 30 12:27:37 UTC 2026","passed","Wed Sep 30 12:28:27 UTC 2026","testcases.transfer.TransferUSDTTest","Surefire test","testcases.transfer.TransferUSDTTest","trfPartnerRefManualFailed"
"Create Manage Settlement BO Ke Path yang Tidak Ada (Typo)","6359","addManageSettlementWithWrongPath","Surefire suite","Wed Sep 30 12:43:07 UTC 2026","passed","Wed Sep 30 12:43:14 UTC 2026","testcases.backoffice.settlement.AddManageSettlementTest","Surefire test","testcases.backoffice.settlement.AddManageSettlementTest","addManageSettlementWithWrongPath"
"Special Transfer Success with before and after Balance","10956","specialTransferSupervisor","Surefire suite","Wed Sep 30 12:09:08 UTC 2026","passed","Wed Sep 30 12:09:19 UTC 2026","testcases.transfer.SpecialTransferTest","Surefire test","testcases.transfer.SpecialTransferTest","specialTransferSupervisor"
"Create Manage Settlement BO Dengan Tipe Data Salah pada companyList (String, Bukan Array)","6177","addManageSettlementWithInvalidFieldType","Surefire suite","Wed Sep 30 12:40:49 UTC 2026","passed","Wed Sep 30 12:40:56 UTC 2026","testcases.backoffice.settlement.AddManageSettlementTest","Surefire test","testcases.backoffice.settlement.AddManageSettlementTest","addManageSettlementWithInvalidFieldType"
"Get Dashboard Backoffice Menggunakan Login Admin","4912","getDashboardWithAdminLogin","Surefire suite","Wed Sep 30 12:23:09 UTC 2026","passed","Wed Sep 30 12:23:14 UTC 2026","testcases.backoffice.GetDashboardTest","Surefire test","testcases.backoffice.GetDashboardTest","getDashboardWithAdminLogin"
"Created Favorite Account Merchant","7682","createdFavoriteAccount","Surefire suite","Wed Sep 30 12:50:42 UTC 2026","failed","Wed Sep 30 12:50:50 UTC 2026","testcases.settings.favoriteaccount.CreatedFavoriteAccountTest","Surefire test","testcases.settings.favoriteaccount.CreatedFavoriteAccountTest","createdFavoriteAccount"
"List Waiting Company Backoffice Dengan Field Sort Merujuk ke Kolom yang Tidak Ada","7032","listWaitingCompanyWithInvalidSortField","Surefire suite","Wed Sep 30 13:00:44 UTC 2026","passed","Wed Sep 30 13:00:51 UTC 2026","testcases.backoffice.ListWaitingCompanyTest","Surefire test","testcases.backoffice.ListWaitingCompanyTest","listWaitingCompanyWithInvalidSortField"
"List Currency USDT Menggunakan Login Admin","4476","getCurrencyWithAdminLogin","Surefire suite","Wed Sep 30 12:31:49 UTC 2026","passed","Wed Sep 30 12:31:54 UTC 2026","testcases.backoffice.currency.GetCurrencyTest","Surefire test","testcases.backoffice.currency.GetCurrencyTest","getCurrencyWithAdminLogin"
"List Manage Settlement Backoffice Dengan Content-Type text/plain","5226","listManageSettlementWithWrongContentType","Surefire suite","Wed Sep 30 13:08:39 UTC 2026","passed","Wed Sep 30 13:08:45 UTC 2026","testcases.backoffice.settlement.ManageSettlementTest","Surefire test","testcases.backoffice.settlement.ManageSettlementTest","listManageSettlementWithWrongContentType"
"Delete Favorite Account Supervisor","8675","deleteFavoriteAccountSupervisor","Surefire suite","Wed Sep 30 13:32:56 UTC 2026","passed","Wed Sep 30 13:33:04 UTC 2026","testcases.settings.favoriteaccount.DeleteFavoriteAccountTest","Surefire test","testcases.settings.favoriteaccount.DeleteFavoriteAccountTest","deleteFavoriteAccountSupervisor"
"Get List Group Company BO Menggunakan Login CS Admin","4965","getListGroupCompanyWithCSAdminLogin","Surefire suite","Wed Sep 30 12:35:17 UTC 2026","passed","Wed Sep 30 12:35:22 UTC 2026","testcases.backoffice.settlement.GetListGroupCompanyTest","Surefire test","testcases.backoffice.settlement.GetListGroupCompanyTest","getListGroupCompanyWithCSAdminLogin"
"List Currency USDT Dengan Page/Size Negatif","2604","getCurrencyWithNegativePageSize","Surefire suite","Wed Sep 30 12:33:40 UTC 2026","passed","Wed Sep 30 12:33:43 UTC 2026","testcases.backoffice.currency.GetCurrencyTest","Surefire test","testcases.backoffice.currency.GetCurrencyTest","getCurrencyWithNegativePageSize"
"List Manage Settlement Backoffice Dengan Token Kadaluarsa","2055","listManageSettlementWithExpiredToken","Surefire suite","Wed Sep 30 13:05:42 UTC 2026","passed","Wed Sep 30 13:05:45 UTC 2026","testcases.backoffice.settlement.ManageSettlementTest","Surefire test","testcases.backoffice.settlement.ManageSettlementTest","listManageSettlementWithExpiredToken"
"Delete Group Backoffice yang Sama Dipanggil Dua Kali (Sudah Terhapus)","22743","deleteGroupAlreadyDeleted","Surefire suite","Wed Sep 30 12:18:26 UTC 2026","passed","Wed Sep 30 12:18:48 UTC 2026","testcases.backoffice.group.DeleteGroupTest","Surefire test","testcases.backoffice.group.DeleteGroupTest","deleteGroupAlreadyDeleted"
"Get List Google Authenticator Dengan Body Berupa JSON Array ([])","9594","listOtpGoogleWithArrayBody","Surefire suite","Wed Sep 30 13:06:48 UTC 2026","passed","Wed Sep 30 13:06:57 UTC 2026","testcases.backoffice.googleauth.ListOtpGoogleTest","Surefire test","testcases.backoffice.googleauth.ListOtpGoogleTest","listOtpGoogleWithArrayBody"
"Delete Group Backoffice Tanpa Login/Header Auth","1533","deleteGroupWithoutAuth","Surefire suite","Wed Sep 30 12:22:13 UTC 2026","passed","Wed Sep 30 12:22:15 UTC 2026","testcases.backoffice.group.DeleteGroupTest","Surefire test","testcases.backoffice.group.DeleteGroupTest","deleteGroupWithoutAuth"
"Get Detail User Backoffice Dengan User Id yang Tidak Ada","9876","getUsersWithNonExistentId","Surefire suite","Wed Sep 30 12:56:22 UTC 2026","failed","Wed Sep 30 12:56:32 UTC 2026","testcases.backoffice.users.ListUsersTest","Surefire test","testcases.backoffice.users.ListUsersTest","getUsersWithNonExistentId"
"Get Notification Sender Tanpa Body Sama Sekali","6060","getNotificationSenderWithoutBody","Surefire suite","Wed Sep 30 12:58:25 UTC 2026","passed","Wed Sep 30 12:58:31 UTC 2026","testcases.backoffice.notifsender.NotificationSenderTest","Surefire test","testcases.backoffice.notifsender.NotificationSenderTest","getNotificationSenderWithoutBody"
"Add Currency CS Admin Path Menggunakan Login Supervisor","8895","addCurrencyWithSupervisorLogin","Surefire suite","Wed Sep 30 13:58:06 UTC 2026","passed","Wed Sep 30 13:58:15 UTC 2026","testcases.backoffice.currency.AddCurrencyTest","Surefire test","testcases.backoffice.currency.AddCurrencyTest","addCurrencyWithSupervisorLogin"
"Delete Favorite Account Menggunakan HTTP Method PUT","42747","deleteFavoriteAccountWithPutMethod","Surefire suite","Wed Sep 30 12:09:50 UTC 2026","failed","Wed Sep 30 12:10:33 UTC 2026","testcases.settings.favoriteaccount.DeleteFavoriteAccountTest","Surefire test","testcases.settings.favoriteaccount.DeleteFavoriteAccountTest","deleteFavoriteAccountWithPutMethod"
"Get Notification Sender Menggunakan Login Supervisor","9413","getNotificationSenderWithSupervisorLogin","Surefire suite","Wed Sep 30 12:57:20 UTC 2026","passed","Wed Sep 30 12:57:30 UTC 2026","testcases.backoffice.notifsender.NotificationSenderTest","Surefire test","testcases.backoffice.notifsender.NotificationSenderTest","getNotificationSenderWithSupervisorLogin"
"Created Favorite Account Menggunakan HTTP Method PATCH","2678","createdFavoriteAccountWithPatchMethod","Surefire suite","Wed Sep 30 12:51:52 UTC 2026","passed","Wed Sep 30 12:51:55 UTC 2026","testcases.settings.favoriteaccount.CreatedFavoriteAccountTest","Surefire test","testcases.settings.favoriteaccount.CreatedFavoriteAccountTest","createdFavoriteAccountWithPatchMethod"
"List User Backoffice Menggunakan Login Marketing","12658","listUsersWithMarketingLogin","Surefire suite","Wed Sep 30 12:58:12 UTC 2026","passed","Wed Sep 30 12:58:24 UTC 2026","testcases.backoffice.users.ListUsersTest","Surefire test","testcases.backoffice.users.ListUsersTest","listUsersWithMarketingLogin"
"Add Currency CS Admin Path Menggunakan Login Customer Service","9185","addCurrencyWithCSLogin","Surefire suite","Wed Sep 30 13:55:25 UTC 2026","passed","Wed Sep 30 13:55:35 UTC 2026","testcases.backoffice.currency.AddCurrencyTest","Surefire test","testcases.backoffice.currency.AddCurrencyTest","addCurrencyWithCSLogin"
"List Company Backoffice Menggunakan Login Admin Crypto","9232","listCompanyWithAdminCryptoLogin","Surefire suite","Wed Sep 30 13:03:07 UTC 2026","passed","Wed Sep 30 13:03:17 UTC 2026","testcases.backoffice.ListCompanyTest","Surefire test","testcases.backoffice.ListCompanyTest","listCompanyWithAdminCryptoLogin"
"Delete Manage Settlement BO Dengan Header id Kosong","5105","deleteManageSettlementWithEmptyIdHeader","Surefire suite","Wed Sep 30 12:45:45 UTC 2026","passed","Wed Sep 30 12:45:50 UTC 2026","testcases.backoffice.settlement.DeleteManageSettlementTest","Surefire test","testcases.backoffice.settlement.DeleteManageSettlementTest","deleteManageSettlementWithEmptyIdHeader"
"Get List Group Backoffice Menggunakan HTTP Method DELETE","1524","getListGroupWithDeleteMethod","Surefire suite","Wed Sep 30 12:15:51 UTC 2026","passed","Wed Sep 30 12:15:52 UTC 2026","testcases.backoffice.group.GetListGroupTest","Surefire test","testcases.backoffice.group.GetListGroupTest","getListGroupWithDeleteMethod"
"List Waiting Company Backoffice Menggunakan Login Supervisor","6880","listWaitingCompanyWithSupervisorLogin","Surefire suite","Wed Sep 30 13:02:07 UTC 2026","passed","Wed Sep 30 13:02:14 UTC 2026","testcases.backoffice.ListWaitingCompanyTest","Surefire test","testcases.backoffice.ListWaitingCompanyTest","listWaitingCompanyWithSupervisorLogin"
"List User Backoffice Menggunakan Login CS Admin","5827","listUsersWithCSAdminLogin","Surefire suite","Wed Sep 30 12:56:59 UTC 2026","passed","Wed Sep 30 12:57:04 UTC 2026","testcases.backoffice.users.ListUsersTest","Surefire test","testcases.backoffice.users.ListUsersTest","listUsersWithCSAdminLogin"
"Get List Google Authenticator Menggunakan Login Admin","18535","listOtpGoogleWithAdminLogin","Surefire suite","Wed Sep 30 13:06:26 UTC 2026","passed","Wed Sep 30 13:06:45 UTC 2026","testcases.backoffice.googleauth.ListOtpGoogleTest","Surefire test","testcases.backoffice.googleauth.ListOtpGoogleTest","listOtpGoogleWithAdminLogin"
"List Company Backoffice Menggunakan Login Merchant","6173","listCompanyWithMerchantLogin","Surefire suite","Wed Sep 30 13:05:04 UTC 2026","passed","Wed Sep 30 13:05:10 UTC 2026","testcases.backoffice.ListCompanyTest","Surefire test","testcases.backoffice.ListCompanyTest","listCompanyWithMerchantLogin"
"Get Notification Sender Dengan Page/Size Negatif","13361","getNotificationSenderWithNegativePageSize","Surefire suite","Wed Sep 30 12:55:37 UTC 2026","passed","Wed Sep 30 12:55:51 UTC 2026","testcases.backoffice.notifsender.NotificationSenderTest","Surefire test","testcases.backoffice.notifsender.NotificationSenderTest","getNotificationSenderWithNegativePageSize"
"Test Settlement USDT dengan check Fee di Admin Crypto dan Admin Fee","27292","settlementUSDT","Surefire suite","Wed Sep 30 13:49:13 UTC 2026","broken","Wed Sep 30 13:49:40 UTC 2026","testcases.backoffice.ApprovalTransferTest","Surefire test","testcases.backoffice.ApprovalTransferTest","settlementUSDT"
"Get Group Detail Backoffice Menggunakan Login Merchant","4712","getGroupDetailWithMerchantLogin","Surefire suite","Wed Sep 30 12:09:40 UTC 2026","passed","Wed Sep 30 12:09:45 UTC 2026","testcases.backoffice.group.GetGroupTest","Surefire test","testcases.backoffice.group.GetGroupTest","getGroupDetailWithMerchantLogin"
"Refund Summary Menggunakan Login Admin Crypto","6296","getRefundWithAdminCryptoLogin","Surefire suite","Wed Sep 30 12:50:53 UTC 2026","passed","Wed Sep 30 12:50:59 UTC 2026","testcases.backoffice.refund.GetRefundTest","Surefire test","testcases.backoffice.refund.GetRefundTest","getRefundWithAdminCryptoLogin"
"Delete Favorite Account Tanpa Body Sama Sekali","1415","deleteFavoriteAccountWithoutBody","Surefire suite","Wed Sep 30 12:15:32 UTC 2026","passed","Wed Sep 30 12:15:33 UTC 2026","testcases.settings.favoriteaccount.DeleteFavoriteAccountTest","Surefire test","testcases.settings.favoriteaccount.DeleteFavoriteAccountTest","deleteFavoriteAccountWithoutBody"
"Get Dashboard Backoffice Tanpa Login/Header Auth","1641","getDashboardWithoutAuth","Surefire suite","Wed Sep 30 12:24:06 UTC 2026","passed","Wed Sep 30 12:24:07 UTC 2026","testcases.backoffice.GetDashboardTest","Surefire test","testcases.backoffice.GetDashboardTest","getDashboardWithoutAuth"
"Get List Group Backoffice Dengan Token Kadaluarsa","1519","getListGroupWithExpiredToken","Surefire suite","Wed Sep 30 12:16:05 UTC 2026","passed","Wed Sep 30 12:16:06 UTC 2026","testcases.backoffice.group.GetListGroupTest","Surefire test","testcases.backoffice.group.GetListGroupTest","getListGroupWithExpiredToken"
"Normal Transfer Success","7346","transferAdminCrypto","Surefire suite","Wed Sep 30 12:10:31 UTC 2026","passed","Wed Sep 30 12:10:39 UTC 2026","testcases.transfer.TransferTest","Surefire test","testcases.transfer.TransferTest","transferAdminCrypto"
"Delete Google Authenticator Menggunakan Login Admin Crypto","4643","deleteOtpGoogleWithAdminCryptoLogin","Surefire suite","Wed Sep 30 12:25:25 UTC 2026","passed","Wed Sep 30 12:25:30 UTC 2026","testcases.backoffice.googleauth.DeleteOtpGoogleTest","Surefire test","testcases.backoffice.googleauth.DeleteOtpGoogleTest","deleteOtpGoogleWithAdminCryptoLogin"
"Create Manage Settlement BO Menggunakan Login Merchant","4862","addManageSettlementWithMerchantLogin","Surefire suite","Wed Sep 30 12:41:36 UTC 2026","passed","Wed Sep 30 12:41:40 UTC 2026","testcases.backoffice.settlement.AddManageSettlementTest","Surefire test","testcases.backoffice.settlement.AddManageSettlementTest","addManageSettlementWithMerchantLogin"
"List Manage Settlement Backoffice Dengan Karakter SQL Injection pada Field Param","7973","listManageSettlementWithSqlInjectionParam","Surefire suite","Wed Sep 30 13:08:07 UTC 2026","passed","Wed Sep 30 13:08:15 UTC 2026","testcases.backoffice.settlement.ManageSettlementTest","Surefire test","testcases.backoffice.settlement.ManageSettlementTest","listManageSettlementWithSqlInjectionParam"
"Get History Transfer Test Admin Crypto","14851","historyTransferTestAdminCrypto","Surefire suite","Wed Sep 30 14:19:49 UTC 2026","passed","Wed Sep 30 14:20:04 UTC 2026","testcases.history.HistoryTransferTest","Surefire test","testcases.history.HistoryTransferTest","historyTransferTestAdminCrypto"
"Request Refund Transfer CS","4867","refundTransferCS","Surefire suite","Wed Sep 30 12:09:12 UTC 2026","passed","Wed Sep 30 12:09:17 UTC 2026","testcases.transfer.RefundTransferTest","Surefire test","testcases.transfer.RefundTransferTest","refundTransferCS"
"Get List Google Authenticator Dengan Token Backoffice Valid Tapi Tanpa Header pbyv","5664","listOtpGoogleWithoutPbyvHeader","Surefire suite","Wed Sep 30 13:11:22 UTC 2026","passed","Wed Sep 30 13:11:28 UTC 2026","testcases.backoffice.googleauth.ListOtpGoogleTest","Surefire test","testcases.backoffice.googleauth.ListOtpGoogleTest","listOtpGoogleWithoutPbyvHeader"
"List User Backoffice","6469","listUsersBO","Surefire suite","Wed Sep 30 12:56:40 UTC 2026","passed","Wed Sep 30 12:56:46 UTC 2026","testcases.backoffice.users.ListUsersTest","Surefire test","testcases.backoffice.users.ListUsersTest","listUsersBO"
"Normal Transfer USDT Success Admin Crypto","8954","usdtTransferAdminCrypto","Surefire suite","Wed Sep 30 12:08:55 UTC 2026","passed","Wed Sep 30 12:09:04 UTC 2026","testcases.transfer.TransferUSDTTest","Surefire test","testcases.transfer.TransferUSDTTest","usdtTransferAdminCrypto"
"Add Group Backoffice Menggunakan Login Admin Crypto","5544","addGroupWithAdminCryptoLogin","Surefire suite","Wed Sep 30 12:11:15 UTC 2026","passed","Wed Sep 30 12:11:20 UTC 2026","testcases.backoffice.group.AddGroupTest","Surefire test","testcases.backoffice.group.AddGroupTest","addGroupWithAdminCryptoLogin"
"Create Manage Settlement BO Dengan Token Backoffice Valid Tapi Tanpa Header pbyv","6859","addManageSettlementWithoutPbyvHeader","Surefire suite","Wed Sep 30 12:44:07 UTC 2026","passed","Wed Sep 30 12:44:14 UTC 2026","testcases.backoffice.settlement.AddManageSettlementTest","Surefire test","testcases.backoffice.settlement.AddManageSettlementTest","addManageSettlementWithoutPbyvHeader"
"Get Detail Waiting Company Backoffice Menggunakan HTTP Method POST","4665","getDetailWaitingCompanyWithPostMethod","Surefire suite","Wed Sep 30 12:30:40 UTC 2026","passed","Wed Sep 30 12:30:44 UTC 2026","testcases.backoffice.GetDetailWaitingCompanyTest","Surefire test","testcases.backoffice.GetDetailWaitingCompanyTest","getDetailWaitingCompanyWithPostMethod"
"List Company Backoffice Tanpa Body Sama Sekali","5829","listCompanyWithoutBody","Surefire suite","Wed Sep 30 13:05:59 UTC 2026","passed","Wed Sep 30 13:06:05 UTC 2026","testcases.backoffice.ListCompanyTest","Surefire test","testcases.backoffice.ListCompanyTest","listCompanyWithoutBody"
"Mutasi Special Transfer","39081","mutasiSpecialTransfer","Surefire suite","Wed Sep 30 14:36:30 UTC 2026","passed","Wed Sep 30 14:37:09 UTC 2026","testcases.mutasi.MutasiTransferTest","Surefire test","testcases.mutasi.MutasiTransferTest","mutasiSpecialTransfer"
"List User Backoffice Dengan Karakter SQL Injection pada Field Param - Menemukan Bug Gateway Timeout","7050","listUsersWithSqlInjectionParam","Surefire suite","Wed Sep 30 12:58:44 UTC 2026","passed","Wed Sep 30 12:58:51 UTC 2026","testcases.backoffice.users.ListUsersTest","Surefire test","testcases.backoffice.users.ListUsersTest","listUsersWithSqlInjectionParam"
"Delete Manage Settlement BO Dengan id Berisi Spasi","6750","deleteManageSettlementWithWhitespaceId","Surefire suite","Wed Sep 30 12:47:49 UTC 2026","passed","Wed Sep 30 12:47:56 UTC 2026","testcases.backoffice.settlement.DeleteManageSettlementTest","Surefire test","testcases.backoffice.settlement.DeleteManageSettlementTest","deleteManageSettlementWithWhitespaceId"
"Normal Balance Special Transfer Success","10162","specialTransferBalanceAdminCrypto","Surefire suite","Wed Sep 30 12:11:07 UTC 2026","passed","Wed Sep 30 12:11:18 UTC 2026","testcases.transfer.SpecialTransferTest","Surefire test","testcases.transfer.SpecialTransferTest","specialTransferBalanceAdminCrypto"
"List Currency USDT Ke Path yang Tidak Ada (Typo)","2020","getCurrencyWithWrongPath","Surefire suite","Wed Sep 30 12:34:22 UTC 2026","passed","Wed Sep 30 12:34:24 UTC 2026","testcases.backoffice.currency.GetCurrencyTest","Surefire test","testcases.backoffice.currency.GetCurrencyTest","getCurrencyWithWrongPath"
"Get List Group Company BO Tanpa Login/Header Auth","1676","getListGroupCompanyWithoutAuth","Surefire suite","Wed Sep 30 12:38:13 UTC 2026","passed","Wed Sep 30 12:38:15 UTC 2026","testcases.backoffice.settlement.GetListGroupCompanyTest","Surefire test","testcases.backoffice.settlement.GetListGroupCompanyTest","getListGroupCompanyWithoutAuth"
"Delete Manage Settlement BO Menggunakan Login Customer Service","9532","deleteManageSettlementWithCSLogin","Surefire suite","Wed Sep 30 12:45:23 UTC 2026","passed","Wed Sep 30 12:45:33 UTC 2026","testcases.backoffice.settlement.DeleteManageSettlementTest","Surefire test","testcases.backoffice.settlement.DeleteManageSettlementTest","deleteManageSettlementWithCSLogin"
"Get Notification Sender Tanpa Login/Header Auth","2030","getNotificationSenderWithoutAuth","Surefire suite","Wed Sep 30 12:58:20 UTC 2026","passed","Wed Sep 30 12:58:22 UTC 2026","testcases.backoffice.notifsender.NotificationSenderTest","Surefire test","testcases.backoffice.notifsender.NotificationSenderTest","getNotificationSenderWithoutAuth"
"List Currency USDT Dengan Field Tidak Dikenal pada Body","1731","getCurrencyWithUnknownField","Surefire suite","Wed Sep 30 12:34:12 UTC 2026","passed","Wed Sep 30 12:34:14 UTC 2026","testcases.backoffice.currency.GetCurrencyTest","Surefire test","testcases.backoffice.currency.GetCurrencyTest","getCurrencyWithUnknownField"
"Refund Summary Menggunakan HTTP Method PATCH","1551","getRefundWithPatchMethod","Surefire suite","Wed Sep 30 12:53:32 UTC 2026","passed","Wed Sep 30 12:53:34 UTC 2026","testcases.backoffice.refund.GetRefundTest","Surefire test","testcases.backoffice.refund.GetRefundTest","getRefundWithPatchMethod"
"Resend Google Authenticator Dengan email Berupa Angka (Bukan String)","7393","resendOtpGoogleWithNumericEmail","Surefire suite","Wed Sep 30 13:02:11 UTC 2026","passed","Wed Sep 30 13:02:18 UTC 2026","testcases.backoffice.googleauth.ResendOtpGoogleTest","Surefire test","testcases.backoffice.googleauth.ResendOtpGoogleTest","resendOtpGoogleWithNumericEmail"
"Login Merchant tanpa Parameter Captcha","3074","testLoginMissingCaptchaParam","Surefire suite","Wed Sep 30 12:32:53 UTC 2026","passed","Wed Sep 30 12:32:56 UTC 2026","testcases.auth.LoginTest","Surefire test","testcases.auth.LoginTest","testLoginMissingCaptchaParam"
"Delete Favorite Account Dengan Body JSON Tidak Valid (Malformed)","1603","deleteFavoriteAccountWithMalformedJson","Surefire suite","Wed Sep 30 12:09:32 UTC 2026","passed","Wed Sep 30 12:09:33 UTC 2026","testcases.settings.favoriteaccount.DeleteFavoriteAccountTest","Surefire test","testcases.settings.favoriteaccount.DeleteFavoriteAccountTest","deleteFavoriteAccountWithMalformedJson"
"List User Backoffice Dengan Ukuran Halaman Sangat Besar","8086","listUsersWithHugeSize","Surefire suite","Wed Sep 30 12:57:15 UTC 2026","passed","Wed Sep 30 12:57:24 UTC 2026","testcases.backoffice.users.ListUsersTest","Surefire test","testcases.backoffice.users.ListUsersTest","listUsersWithHugeSize"
"Resend Google Authenticator Dengan Field Tidak Dikenal pada Body","6402","resendOtpGoogleWithUnknownField","Surefire suite","Wed Sep 30 13:03:14 UTC 2026","passed","Wed Sep 30 13:03:20 UTC 2026","testcases.backoffice.googleauth.ResendOtpGoogleTest","Surefire test","testcases.backoffice.googleauth.ResendOtpGoogleTest","resendOtpGoogleWithUnknownField"
"Get Detail Waiting Company Backoffice Menggunakan HTTP Method DELETE","4764","getDetailWaitingCompanyWithDeleteMethod","Surefire suite","Wed Sep 30 12:28:59 UTC 2026","passed","Wed Sep 30 12:29:04 UTC 2026","testcases.backoffice.GetDetailWaitingCompanyTest","Surefire test","testcases.backoffice.GetDetailWaitingCompanyTest","getDetailWaitingCompanyWithDeleteMethod"
"Test Get Report Transaction Merchant","7356","getReportTransactionMerchant","Surefire suite","Wed Sep 30 12:50:23 UTC 2026","passed","Wed Sep 30 12:50:30 UTC 2026","testcases.report.ReportTransactionTest","Surefire test","testcases.report.ReportTransactionTest","getReportTransactionMerchant"
"Inquiry Favorite Account Dengan Header companyId Salah","1702","inquiryFavoriteAccountWithWrongCompanyIdHeader","Surefire suite","Wed Sep 30 12:54:42 UTC 2026","passed","Wed Sep 30 12:54:43 UTC 2026","testcases.settings.favoriteaccount.InquiryFavoriteAccountTest","Surefire test","testcases.settings.favoriteaccount.InquiryFavoriteAccountTest","inquiryFavoriteAccountWithWrongCompanyIdHeader"
"Delete Manage Settlement BO Menggunakan Login Marketing","5352","deleteManageSettlementWithMarketingLogin","Surefire suite","Wed Sep 30 12:46:25 UTC 2026","passed","Wed Sep 30 12:46:30 UTC 2026","testcases.backoffice.settlement.DeleteManageSettlementTest","Surefire test","testcases.backoffice.settlement.DeleteManageSettlementTest","deleteManageSettlementWithMarketingLogin"
"Resend Google Authenticator Dengan Token Backoffice Valid Tapi Tanpa Header pbyv","9405","resendOtpGoogleWithoutPbyvHeader","Surefire suite","Wed Sep 30 13:04:05 UTC 2026","passed","Wed Sep 30 13:04:15 UTC 2026","testcases.backoffice.googleauth.ResendOtpGoogleTest","Surefire test","testcases.backoffice.googleauth.ResendOtpGoogleTest","resendOtpGoogleWithoutPbyvHeader"
"Get List Google Authenticator Menggunakan Login CS Admin","7114","listOtpGoogleWithCSAdminLogin","Surefire suite","Wed Sep 30 13:07:00 UTC 2026","passed","Wed Sep 30 13:07:08 UTC 2026","testcases.backoffice.googleauth.ListOtpGoogleTest","Surefire test","testcases.backoffice.googleauth.ListOtpGoogleTest","listOtpGoogleWithCSAdminLogin"
"Get List Group Backoffice Dengan Token Tidak Valid","1458","getListGroupWithInvalidToken","Surefire suite","Wed Sep 30 12:16:18 UTC 2026","passed","Wed Sep 30 12:16:20 UTC 2026","testcases.backoffice.group.GetListGroupTest","Surefire test","testcases.backoffice.group.GetListGroupTest","getListGroupWithInvalidToken"
"Get List Favorite Account Dengan Body JSON Tidak Valid (Malformed)","1723","getListFavoriteAccountWithMalformedJson","Surefire suite","Wed Sep 30 14:52:41 UTC 2026","passed","Wed Sep 30 14:52:43 UTC 2026","testcases.settings.favoriteaccount.GetListFavoriteAccountTest","Surefire test","testcases.settings.favoriteaccount.GetListFavoriteAccountTest","getListFavoriteAccountWithMalformedJson"
"Create Manage Settlement BO","12064","addManageSettlementBO","Surefire suite","Wed Sep 30 12:38:42 UTC 2026","passed","Wed Sep 30 12:38:54 UTC 2026","testcases.backoffice.settlement.AddManageSettlementTest","Surefire test","testcases.backoffice.settlement.AddManageSettlementTest","addManageSettlementBO"
"Get Notification Sender Dengan pinValidasi Berupa null","9999","getNotificationSenderWithNullPinValidasi","Surefire suite","Wed Sep 30 12:56:12 UTC 2026","passed","Wed Sep 30 12:56:22 UTC 2026","testcases.backoffice.notifsender.NotificationSenderTest","Surefire test","testcases.backoffice.notifsender.NotificationSenderTest","getNotificationSenderWithNullPinValidasi"
"Transfer Different Partner Reference, Transfer to USDT Transfer","49891","trfPartnerRefTransferFailed","Surefire suite","Wed Sep 30 12:29:26 UTC 2026","failed","Wed Sep 30 12:30:16 UTC 2026","testcases.transfer.TransferUSDTTest","Surefire test","testcases.transfer.TransferUSDTTest","trfPartnerRefTransferFailed"
"Mutasi Manual Transfer Balance CS","83973","mutasiManualTransferBalanceSupervisorCS","Surefire suite","Wed Sep 30 14:32:35 UTC 2026","passed","Wed Sep 30 14:33:59 UTC 2026","testcases.mutasi.MutasiTransferTest","Surefire test","testcases.mutasi.MutasiTransferTest","mutasiManualTransferBalanceSupervisorCS"
"List User Backoffice Tanpa Body Sama Sekali","10727","listUsersWithoutBody","Surefire suite","Wed Sep 30 12:59:08 UTC 2026","passed","Wed Sep 30 12:59:18 UTC 2026","testcases.backoffice.users.ListUsersTest","Surefire test","testcases.backoffice.users.ListUsersTest","listUsersWithoutBody"
"Get History QR CS Success Paid","17005","historyQRTestPaidCS","Surefire suite","Wed Sep 30 13:14:53 UTC 2026","passed","Wed Sep 30 13:15:10 UTC 2026","testcases.history.HistoryQRTest","Surefire test","testcases.history.HistoryQRTest","historyQRTestPaidCS"
"List Currency USDT Menggunakan Login Merchant","4840","getCurrencyWithMerchantLogin","Surefire suite","Wed Sep 30 12:33:32 UTC 2026","passed","Wed Sep 30 12:33:37 UTC 2026","testcases.backoffice.currency.GetCurrencyTest","Surefire test","testcases.backoffice.currency.GetCurrencyTest","getCurrencyWithMerchantLogin"
"Delete Google Authenticator Menggunakan HTTP Method PUT","5577","deleteOtpGoogleWithPutMethod","Surefire suite","Wed Sep 30 12:27:29 UTC 2026","passed","Wed Sep 30 12:27:35 UTC 2026","testcases.backoffice.googleauth.DeleteOtpGoogleTest","Surefire test","testcases.backoffice.googleauth.DeleteOtpGoogleTest","deleteOtpGoogleWithPutMethod"
"Inquiry Favorite Account Dengan Header Authorization Tanpa Skema Bearer","1553","inquiryFavoriteAccountWithMalformedAuthorizationHeader","Surefire suite","Wed Sep 30 12:53:59 UTC 2026","passed","Wed Sep 30 12:54:01 UTC 2026","testcases.settings.favoriteaccount.InquiryFavoriteAccountTest","Surefire test","testcases.settings.favoriteaccount.InquiryFavoriteAccountTest","inquiryFavoriteAccountWithMalformedAuthorizationHeader"
"Add Currency CS Admin Path Menggunakan Login Marketing","12812","addCurrencyWithMarketingLogin","Surefire suite","Wed Sep 30 13:56:42 UTC 2026","passed","Wed Sep 30 13:56:54 UTC 2026","testcases.backoffice.currency.AddCurrencyTest","Surefire test","testcases.backoffice.currency.AddCurrencyTest","addCurrencyWithMarketingLogin"
"List Manage Settlement Backoffice Dengan Token Tidak Valid","2759","listManageSettlementWithInvalidToken","Surefire suite","Wed Sep 30 13:06:29 UTC 2026","passed","Wed Sep 30 13:06:32 UTC 2026","testcases.backoffice.settlement.ManageSettlementTest","Surefire test","testcases.backoffice.settlement.ManageSettlementTest","listManageSettlementWithInvalidToken"
"Created Favorite Account Customer Service","12910","createdFavoriteAccountCS","Surefire suite","Wed Sep 30 13:26:17 UTC 2026","passed","Wed Sep 30 13:26:30 UTC 2026","testcases.settings.favoriteaccount.CreatedFavoriteAccountTest","Surefire test","testcases.settings.favoriteaccount.CreatedFavoriteAccountTest","createdFavoriteAccountCS"
"List User Backoffice Menggunakan Login Admin Crypto","6250","listUsersWithAdminCryptoLogin","Surefire suite","Wed Sep 30 12:56:49 UTC 2026","passed","Wed Sep 30 12:56:56 UTC 2026","testcases.backoffice.users.ListUsersTest","Surefire test","testcases.backoffice.users.ListUsersTest","listUsersWithAdminCryptoLogin"
"Delete Favorite Account Dengan pin String Kosong","2009","deleteFavoriteAccountWithEmptyPin","Surefire suite","Wed Sep 30 12:08:57 UTC 2026","passed","Wed Sep 30 12:08:59 UTC 2026","testcases.settings.favoriteaccount.DeleteFavoriteAccountTest","Surefire test","testcases.settings.favoriteaccount.DeleteFavoriteAccountTest","deleteFavoriteAccountWithEmptyPin"
"Resend Google Authenticator Dengan Body Berupa JSON Array ([])","4984","resendOtpGoogleWithArrayBody","Surefire suite","Wed Sep 30 12:59:25 UTC 2026","passed","Wed Sep 30 12:59:30 UTC 2026","testcases.backoffice.googleauth.ResendOtpGoogleTest","Surefire test","testcases.backoffice.googleauth.ResendOtpGoogleTest","resendOtpGoogleWithArrayBody"
"Reset Password Supervisor","5427","resetPasswordSupervisor","Surefire suite","Wed Sep 30 12:13:03 UTC 2026","passed","Wed Sep 30 12:13:08 UTC 2026","testcases.settings.ResetPasswordTest","Surefire test","testcases.settings.ResetPasswordTest","resetPasswordSupervisor"
"Get List Group Company BO Dengan Multiple Header groupName","5899","getListGroupCompanyWithMultipleGroupNameHeaders","Surefire suite","Wed Sep 30 12:36:36 UTC 2026","passed","Wed Sep 30 12:36:42 UTC 2026","testcases.backoffice.settlement.GetListGroupCompanyTest","Surefire test","testcases.backoffice.settlement.GetListGroupCompanyTest","getListGroupCompanyWithMultipleGroupNameHeaders"
"Delete Favorite Account Dengan Header credentialId Salah","43135","deleteFavoriteAccountWithWrongCredentialIdHeader","Surefire suite","Wed Sep 30 12:13:05 UTC 2026","failed","Wed Sep 30 12:13:48 UTC 2026","testcases.settings.favoriteaccount.DeleteFavoriteAccountTest","Surefire test","testcases.settings.favoriteaccount.DeleteFavoriteAccountTest","deleteFavoriteAccountWithWrongCredentialIdHeader"
"Transfer Different Parner Reference Supervisor, Manual Transfer to Transfer","49953","trfPartnerRefManualSpvFailed","Surefire suite","Wed Sep 30 12:09:34 UTC 2026","passed","Wed Sep 30 12:10:24 UTC 2026","testcases.transfer.TransferTest","Surefire test","testcases.transfer.TransferTest","trfPartnerRefManualSpvFailed"
"Get List Google Authenticator Menggunakan HTTP Method PATCH","9553","listOtpGoogleWithPatchMethod","Surefire suite","Wed Sep 30 13:09:52 UTC 2026","passed","Wed Sep 30 13:10:02 UTC 2026","testcases.backoffice.googleauth.ListOtpGoogleTest","Surefire test","testcases.backoffice.googleauth.ListOtpGoogleTest","listOtpGoogleWithPatchMethod"
"Get List Group Company BO Dengan groupName Berisi Spasi","5232","getListGroupCompanyWithWhitespaceGroupName","Surefire suite","Wed Sep 30 12:37:47 UTC 2026","passed","Wed Sep 30 12:37:53 UTC 2026","testcases.backoffice.settlement.GetListGroupCompanyTest","Surefire test","testcases.backoffice.settlement.GetListGroupCompanyTest","getListGroupCompanyWithWhitespaceGroupName"
"Add Currency CS Admin Path Dengan rate Berupa JSON Array","1896","addCurrencyWithArrayRate","Surefire suite","Wed Sep 30 13:55:06 UTC 2026","passed","Wed Sep 30 13:55:08 UTC 2026","testcases.backoffice.currency.AddCurrencyTest","Surefire test","testcases.backoffice.currency.AddCurrencyTest","addCurrencyWithArrayRate"
"Get Balance Merchant Transfer","9966","getBalanceMerchant","Surefire suite","Wed Sep 30 12:50:10 UTC 2026","passed","Wed Sep 30 12:50:20 UTC 2026","testcases.balance.GetBalanceTransferTest","Surefire test","testcases.balance.GetBalanceTransferTest","getBalanceMerchant"
"Mutasi Transaction Admin","14403","mutasiAdmin","Surefire suite","Wed Sep 30 14:27:25 UTC 2026","passed","Wed Sep 30 14:27:39 UTC 2026","testcases.mutasi.MutasiTransferTest","Surefire test","testcases.mutasi.MutasiTransferTest","mutasiAdmin"
"Inquiry Favorite Account Merchant","5651","inquiryFavoriteAccountMerchant","Surefire suite","Wed Sep 30 12:53:09 UTC 2026","passed","Wed Sep 30 12:53:14 UTC 2026","testcases.settings.favoriteaccount.InquiryFavoriteAccountTest","Surefire test","testcases.settings.favoriteaccount.InquiryFavoriteAccountTest","inquiryFavoriteAccountMerchant"
"Inquiry Test USDT Transfer Merchant","5060","inquiryUSDT","Surefire suite","Wed Sep 30 12:22:12 UTC 2026","passed","Wed Sep 30 12:22:17 UTC 2026","testcases.transfer.InquiryUSDTTest","Surefire test","testcases.transfer.InquiryUSDTTest","inquiryUSDT"
"Get History Manual Transfer Test Admin","16890","historyManualTransferTestFeeAdmin","Surefire suite","Wed Sep 30 14:15:08 UTC 2026","passed","Wed Sep 30 14:15:25 UTC 2026","testcases.history.HistoryTransferTest","Surefire test","testcases.history.HistoryTransferTest","historyManualTransferTestFeeAdmin"
"Normal Special Transfer Success","11984","transfer","Surefire suite","Wed Sep 30 12:18:10 UTC 2026","passed","Wed Sep 30 12:18:22 UTC 2026","testcases.transfer.SpecialTransferTest","Surefire test","testcases.transfer.SpecialTransferTest","transfer"
"Test Reject USDT","21269","rejectedUSDT","Surefire suite","Wed Sep 30 13:48:21 UTC 2026","broken","Wed Sep 30 13:48:42 UTC 2026","testcases.backoffice.ApprovalTransferTest","Surefire test","testcases.backoffice.ApprovalTransferTest","rejectedUSDT"
"Delete Google Authenticator Dengan id Berisi Payload XSS","5556","deleteOtpGoogleWithXssId","Surefire suite","Wed Sep 30 12:28:11 UTC 2026","passed","Wed Sep 30 12:28:16 UTC 2026","testcases.backoffice.googleauth.DeleteOtpGoogleTest","Surefire test","testcases.backoffice.googleauth.DeleteOtpGoogleTest","deleteOtpGoogleWithXssId"
"Normal Flop Transfer Success Admin Crypto","9215","flopTransferAdminCrypto","Surefire suite","Wed Sep 30 12:09:48 UTC 2026","passed","Wed Sep 30 12:09:57 UTC 2026","testcases.transfer.TransferFlopTest","Surefire test","testcases.transfer.TransferFlopTest","flopTransferAdminCrypto"
"Mutasi USDT Transfer","21559","mutasiUSDTTransfer","Surefire suite","Wed Sep 30 14:44:15 UTC 2026","broken","Wed Sep 30 14:44:36 UTC 2026","testcases.mutasi.MutasiTransferTest","Surefire test","testcases.mutasi.MutasiTransferTest","mutasiUSDTTransfer"
"Get Notification Sender Dengan Karakter SQL Injection pada Field param","6258","getNotificationSenderWithSqlInjectionParam","Surefire suite","Wed Sep 30 12:57:00 UTC 2026","passed","Wed Sep 30 12:57:06 UTC 2026","testcases.backoffice.notifsender.NotificationSenderTest","Surefire test","testcases.backoffice.notifsender.NotificationSenderTest","getNotificationSenderWithSqlInjectionParam"
"Get Group Detail Backoffice Menggunakan Login CS Admin","5046","getGroupDetailWithCSAdminLogin","Surefire suite","Wed Sep 30 12:08:26 UTC 2026","passed","Wed Sep 30 12:08:31 UTC 2026","testcases.backoffice.group.GetGroupTest","Surefire test","testcases.backoffice.group.GetGroupTest","getGroupDetailWithCSAdminLogin"
"Delete Favorite Account Dengan id String Kosong","1852","deleteFavoriteAccountWithEmptyId","Surefire suite","Wed Sep 30 12:08:52 UTC 2026","passed","Wed Sep 30 12:08:54 UTC 2026","testcases.settings.favoriteaccount.DeleteFavoriteAccountTest","Surefire test","testcases.settings.favoriteaccount.DeleteFavoriteAccountTest","deleteFavoriteAccountWithEmptyId"
"Delete Manage Settlement BO Dengan Token Backoffice Valid Tapi Tanpa Header pbyv","7646","deleteManageSettlementWithoutPbyvHeader","Surefire suite","Wed Sep 30 12:48:39 UTC 2026","passed","Wed Sep 30 12:48:47 UTC 2026","testcases.backoffice.settlement.DeleteManageSettlementTest","Surefire test","testcases.backoffice.settlement.DeleteManageSettlementTest","deleteManageSettlementWithoutPbyvHeader"
"Delete Favorite Account CS","19597","deleteFavoriteAccountCS","Surefire suite","Wed Sep 30 13:32:33 UTC 2026","passed","Wed Sep 30 13:32:52 UTC 2026","testcases.settings.favoriteaccount.DeleteFavoriteAccountTest","Surefire test","testcases.settings.favoriteaccount.DeleteFavoriteAccountTest","deleteFavoriteAccountCS"
"Get List Group Company BO Dengan groupName Berbeda Kapitalisasi","7198","getListGroupCompanyWithDifferentCaseGroupName","Surefire suite","Wed Sep 30 12:35:42 UTC 2026","passed","Wed Sep 30 12:35:49 UTC 2026","testcases.backoffice.settlement.GetListGroupCompanyTest","Surefire test","testcases.backoffice.settlement.GetListGroupCompanyTest","getListGroupCompanyWithDifferentCaseGroupName"
"Add Group Backoffice Menggunakan Login Customer Service","4885","addGroupWithCSLogin","Surefire suite","Wed Sep 30 12:11:46 UTC 2026","passed","Wed Sep 30 12:11:51 UTC 2026","testcases.backoffice.group.AddGroupTest","Surefire test","testcases.backoffice.group.AddGroupTest","addGroupWithCSLogin"
"Get List Favorite Account Dengan page Melebihi Total Halaman","1883","getListFavoriteAccountWithPageBeyondTotalPages","Surefire suite","Wed Sep 30 14:53:02 UTC 2026","passed","Wed Sep 30 14:53:04 UTC 2026","testcases.settings.favoriteaccount.GetListFavoriteAccountTest","Surefire test","testcases.settings.favoriteaccount.GetListFavoriteAccountTest","getListFavoriteAccountWithPageBeyondTotalPages"
"Inquiry Favorite Account Dengan Body JSON Tidak Valid (Malformed)","4331","inquiryFavoriteAccountWithMalformedJson","Surefire suite","Wed Sep 30 12:54:04 UTC 2026","passed","Wed Sep 30 12:54:08 UTC 2026","testcases.settings.favoriteaccount.InquiryFavoriteAccountTest","Surefire test","testcases.settings.favoriteaccount.InquiryFavoriteAccountTest","inquiryFavoriteAccountWithMalformedJson"
"Create Manage Settlement BO Dengan Karakter SQL Injection pada groupName","7412","addManageSettlementWithSqlInjectionGroupName","Surefire suite","Wed Sep 30 12:42:40 UTC 2026","passed","Wed Sep 30 12:42:47 UTC 2026","testcases.backoffice.settlement.AddManageSettlementTest","Surefire test","testcases.backoffice.settlement.AddManageSettlementTest","addManageSettlementWithSqlInjectionGroupName"
"Get List Group Company BO Menggunakan HTTP Method DELETE","4894","getListGroupCompanyWithDeleteMethod","Surefire suite","Wed Sep 30 12:35:34 UTC 2026","passed","Wed Sep 30 12:35:39 UTC 2026","testcases.backoffice.settlement.GetListGroupCompanyTest","Surefire test","testcases.backoffice.settlement.GetListGroupCompanyTest","getListGroupCompanyWithDeleteMethod"
"Delete Group Backoffice Menggunakan HTTP Method PATCH","1682","deleteGroupWithPatchMethod","Surefire suite","Wed Sep 30 12:21:22 UTC 2026","passed","Wed Sep 30 12:21:24 UTC 2026","testcases.backoffice.group.DeleteGroupTest","Surefire test","testcases.backoffice.group.DeleteGroupTest","deleteGroupWithPatchMethod"
"Refund Summary Dengan startDate Setelah endDate (Rentang Terbalik)","3929","getRefundWithReversedRange","Surefire suite","Wed Sep 30 12:53:42 UTC 2026","passed","Wed Sep 30 12:53:46 UTC 2026","testcases.backoffice.refund.GetRefundTest","Surefire test","testcases.backoffice.refund.GetRefundTest","getRefundWithReversedRange"
"Request Refund Transfer Admin Crypto","5037","refundTransferAdminCrypto","Surefire suite","Wed Sep 30 12:11:46 UTC 2026","failed","Wed Sep 30 12:11:51 UTC 2026","testcases.transfer.RefundTransferTest","Surefire test","testcases.transfer.RefundTransferTest","refundTransferAdminCrypto"
"Created Favorite Account Dengan Body Berupa JSON Array ([])","4926","createdFavoriteAccountWithArrayBody","Surefire suite","Wed Sep 30 12:50:53 UTC 2026","passed","Wed Sep 30 12:50:58 UTC 2026","testcases.settings.favoriteaccount.CreatedFavoriteAccountTest","Surefire test","testcases.settings.favoriteaccount.CreatedFavoriteAccountTest","createdFavoriteAccountWithArrayBody"
"Create Manage Settlement BO Dengan Item companyList Tanpa companyId","4914","addManageSettlementWithoutCompanyId","Surefire suite","Wed Sep 30 12:43:39 UTC 2026","passed","Wed Sep 30 12:43:44 UTC 2026","testcases.backoffice.settlement.AddManageSettlementTest","Surefire test","testcases.backoffice.settlement.AddManageSettlementTest","addManageSettlementWithoutCompanyId"
"Get History Special Transfer Test CS","14861","historySpecialTransferTestCS","Surefire suite","Wed Sep 30 14:17:32 UTC 2026","passed","Wed Sep 30 14:17:47 UTC 2026","testcases.history.HistoryTransferTest","Surefire test","testcases.history.HistoryTransferTest","historySpecialTransferTestCS"
"Delete Manage Settlement BO Menggunakan Login Supervisor","8449","deleteManageSettlementWithSupervisorLogin","Surefire suite","Wed Sep 30 12:47:37 UTC 2026","passed","Wed Sep 30 12:47:46 UTC 2026","testcases.backoffice.settlement.DeleteManageSettlementTest","Surefire test","testcases.backoffice.settlement.DeleteManageSettlementTest","deleteManageSettlementWithSupervisorLogin"
"Get History Flop Transfer Merchant on Login CS Admin","27423","historyFlopTransferMerchantTestCSAdmin","Surefire suite","Wed Sep 30 14:10:44 UTC 2026","passed","Wed Sep 30 14:11:11 UTC 2026","testcases.history.HistoryTransferTest","Surefire test","testcases.history.HistoryTransferTest","historyFlopTransferMerchantTestCSAdmin"
"Check Status QR Supervisor","11893","checkStatusQRSupervisor","Surefire suite","Wed Sep 30 13:18:26 UTC 2026","passed","Wed Sep 30 13:18:38 UTC 2026","testcases.QR.CheckStatusQRTest","Surefire test","testcases.QR.CheckStatusQRTest","checkStatusQRSupervisor"
"Delete Manage Settlement BO Ke Path yang Tidak Ada (Typo)","6222","deleteManageSettlementWithWrongPath","Surefire suite","Wed Sep 30 12:47:59 UTC 2026","passed","Wed Sep 30 12:48:05 UTC 2026","testcases.backoffice.settlement.DeleteManageSettlementTest","Surefire test","testcases.backoffice.settlement.DeleteManageSettlementTest","deleteManageSettlementWithWrongPath"
"Add Currency CS Admin Path Dengan Body Berupa JSON Array ([])","5099","addCurrencyWithArrayBody","Surefire suite","Wed Sep 30 13:54:58 UTC 2026","passed","Wed Sep 30 13:55:03 UTC 2026","testcases.backoffice.currency.AddCurrencyTest","Surefire test","testcases.backoffice.currency.AddCurrencyTest","addCurrencyWithArrayBody"
"Get List Group Backoffice Menggunakan Login Merchant","4897","getListGroupWithMerchantLogin","Surefire suite","Wed Sep 30 12:16:40 UTC 2026","passed","Wed Sep 30 12:16:44 UTC 2026","testcases.backoffice.group.GetListGroupTest","Surefire test","testcases.backoffice.group.GetListGroupTest","getListGroupWithMerchantLogin"
"Get List Group Company BO Dengan Token Tidak Valid","2503","getListGroupCompanyWithInvalidToken","Surefire suite","Wed Sep 30 12:36:08 UTC 2026","passed","Wed Sep 30 12:36:10 UTC 2026","testcases.backoffice.settlement.GetListGroupCompanyTest","Surefire test","testcases.backoffice.settlement.GetListGroupCompanyTest","getListGroupCompanyWithInvalidToken"
"Get List Favorite Account Dengan size Negatif","1846","getListFavoriteAccountWithNegativeSize","Surefire suite","Wed Sep 30 14:52:51 UTC 2026","passed","Wed Sep 30 14:52:52 UTC 2026","testcases.settings.favoriteaccount.GetListFavoriteAccountTest","Surefire test","testcases.settings.favoriteaccount.GetListFavoriteAccountTest","getListFavoriteAccountWithNegativeSize"
"Get List Group Backoffice Dengan Content-Type text/plain","1697","getListGroupWithWrongContentType","Surefire suite","Wed Sep 30 12:17:43 UTC 2026","passed","Wed Sep 30 12:17:45 UTC 2026","testcases.backoffice.group.GetListGroupTest","Surefire test","testcases.backoffice.group.GetListGroupTest","getListGroupWithWrongContentType"
"Login Merchant dengan Captcha Salah","3713","testLoginWrongCaptcha","Surefire suite","Wed Sep 30 12:33:44 UTC 2026","passed","Wed Sep 30 12:33:48 UTC 2026","testcases.auth.LoginTest","Surefire test","testcases.auth.LoginTest","testLoginWrongCaptcha"
"Get List Group Backoffice Dengan Body Berupa Literal null","1548","getListGroupWithNullLiteralBody","Surefire suite","Wed Sep 30 12:16:56 UTC 2026","passed","Wed Sep 30 12:16:58 UTC 2026","testcases.backoffice.group.GetListGroupTest","Surefire test","testcases.backoffice.group.GetListGroupTest","getListGroupWithNullLiteralBody"
"Get List Favorite Account CS","5196","getListFavoriteAccountCS","Surefire suite","Wed Sep 30 14:51:35 UTC 2026","passed","Wed Sep 30 14:51:41 UTC 2026","testcases.settings.favoriteaccount.GetListFavoriteAccountTest","Surefire test","testcases.settings.favoriteaccount.GetListFavoriteAccountTest","getListFavoriteAccountCS"
"List Company Backoffice Tanpa Login/Header Auth","2906","listCompanyWithoutAuth","Surefire suite","Wed Sep 30 13:05:53 UTC 2026","passed","Wed Sep 30 13:05:56 UTC 2026","testcases.backoffice.ListCompanyTest","Surefire test","testcases.backoffice.ListCompanyTest","listCompanyWithoutAuth"
"Get List Group Backoffice Dengan Token Backoffice Valid Tapi Tanpa Header pbyv","1473","getListGroupWithoutPbyvHeader","Surefire suite","Wed Sep 30 12:18:17 UTC 2026","passed","Wed Sep 30 12:18:18 UTC 2026","testcases.backoffice.group.GetListGroupTest","Surefire test","testcases.backoffice.group.GetListGroupTest","getListGroupWithoutPbyvHeader"
"Login Backoffice dengan Username Tidak Terdaftar","5311","testLoginBackofficeNonExistentUsername","Surefire suite","Wed Sep 30 12:50:17 UTC 2026","passed","Wed Sep 30 12:50:22 UTC 2026","testcases.auth.LoginTest","Surefire test","testcases.auth.LoginTest","testLoginBackofficeNonExistentUsername"
"List Manage Settlement Backoffice Tanpa Body Sama Sekali","6327","listManageSettlementWithoutBody","Surefire suite","Wed Sep 30 13:09:15 UTC 2026","passed","Wed Sep 30 13:09:21 UTC 2026","testcases.backoffice.settlement.ManageSettlementTest","Surefire test","testcases.backoffice.settlement.ManageSettlementTest","listManageSettlementWithoutBody"
"Login Backoffice dengan Captcha Salah","4223","testLoginBackofficeWrongCaptcha","Surefire suite","Wed Sep 30 12:50:25 UTC 2026","passed","Wed Sep 30 12:50:29 UTC 2026","testcases.auth.LoginTest","Surefire test","testcases.auth.LoginTest","testLoginBackofficeWrongCaptcha"
"Delete Group Backoffice Menggunakan Login Merchant","4494","deleteGroupWithMerchantLogin","Surefire suite","Wed Sep 30 12:20:45 UTC 2026","passed","Wed Sep 30 12:20:50 UTC 2026","testcases.backoffice.group.DeleteGroupTest","Surefire test","testcases.backoffice.group.DeleteGroupTest","deleteGroupWithMerchantLogin"
"Approval Refund Special Transfer Merchant","17253","approveRefundManualTransferMerchant","Surefire suite","Wed Sep 30 13:36:45 UTC 2026","failed","Wed Sep 30 13:37:02 UTC 2026","testcases.backoffice.ApprovalRefundTest","Surefire test","testcases.backoffice.ApprovalRefundTest","approveRefundManualTransferMerchant"
"List Refund Dengan Karakter SQL Injection pada Field Param - Menemukan Bug Internal Server Error","11881","listRefundWithSqlInjectionParam","Surefire suite","Wed Sep 30 14:05:39 UTC 2026","passed","Wed Sep 30 14:05:51 UTC 2026","testcases.backoffice.ListRefundTest","Surefire test","testcases.backoffice.ListRefundTest","listRefundWithSqlInjectionParam"
"List Currency USDT Menggunakan HTTP Method PATCH","1692","getCurrencyWithPatchMethod","Surefire suite","Wed Sep 30 12:33:50 UTC 2026","passed","Wed Sep 30 12:33:52 UTC 2026","testcases.backoffice.currency.GetCurrencyTest","Surefire test","testcases.backoffice.currency.GetCurrencyTest","getCurrencyWithPatchMethod"
"List User Backoffice Dengan Body JSON Tidak Valid (Malformed)","10439","listUsersWithMalformedJson","Surefire suite","Wed Sep 30 12:57:58 UTC 2026","passed","Wed Sep 30 12:58:09 UTC 2026","testcases.backoffice.users.ListUsersTest","Surefire test","testcases.backoffice.users.ListUsersTest","listUsersWithMalformedJson"
"Delete Favorite Account Merchant","10522","deleteFavoriteAccount","Surefire suite","Wed Sep 30 12:08:13 UTC 2026","passed","Wed Sep 30 12:08:24 UTC 2026","testcases.settings.favoriteaccount.DeleteFavoriteAccountTest","Surefire test","testcases.settings.favoriteaccount.DeleteFavoriteAccountTest","deleteFavoriteAccount"
"Delete Google Authenticator Menggunakan Login Marketing","4870","deleteOtpGoogleWithMarketingLogin","Surefire suite","Wed Sep 30 12:26:42 UTC 2026","passed","Wed Sep 30 12:26:47 UTC 2026","testcases.backoffice.googleauth.DeleteOtpGoogleTest","Surefire test","testcases.backoffice.googleauth.DeleteOtpGoogleTest","deleteOtpGoogleWithMarketingLogin"
"Transfer Different Partner Reference, Manual Transfer to Transfer","51492","trfPartnerRefManualFailed","Surefire suite","Wed Sep 30 12:23:43 UTC 2026","failed","Wed Sep 30 12:24:34 UTC 2026","testcases.transfer.TransferTest","Surefire test","testcases.transfer.TransferTest","trfPartnerRefManualFailed"
"Get List Group Company BO Dengan Header Authorization Tanpa Skema Bearer","1690","getListGroupCompanyWithMalformedAuthorizationHeader","Surefire suite","Wed Sep 30 12:36:13 UTC 2026","passed","Wed Sep 30 12:36:15 UTC 2026","testcases.backoffice.settlement.GetListGroupCompanyTest","Surefire test","testcases.backoffice.settlement.GetListGroupCompanyTest","getListGroupCompanyWithMalformedAuthorizationHeader"
"Request Refund Transfer Merchant","5318","refundTransferMerchant","Surefire suite","Wed Sep 30 13:02:36 UTC 2026","failed","Wed Sep 30 13:02:42 UTC 2026","testcases.transfer.RefundTransferTest","Surefire test","testcases.transfer.RefundTransferTest","refundTransferMerchant"
"Get Detail Waiting Company Backoffice Dengan Id yang Tidak Ada","7055","getDetailWaitingCompanyWithNonExistentId","Surefire suite","Wed Sep 30 12:30:10 UTC 2026","passed","Wed Sep 30 12:30:17 UTC 2026","testcases.backoffice.GetDetailWaitingCompanyTest","Surefire test","testcases.backoffice.GetDetailWaitingCompanyTest","getDetailWaitingCompanyWithNonExistentId"
"Get Dashboard Backoffice Menggunakan Login CS Admin","5442","getDashboardWithCSAdminLogin","Surefire suite","Wed Sep 30 12:23:17 UTC 2026","passed","Wed Sep 30 12:23:22 UTC 2026","testcases.backoffice.GetDashboardTest","Surefire test","testcases.backoffice.GetDashboardTest","getDashboardWithCSAdminLogin"
"List Refund Dengan Tipe Data Salah pada Field Limit (String, Bukan Integer)","5972","listRefundWithInvalidFieldType","Surefire suite","Wed Sep 30 14:04:17 UTC 2026","passed","Wed Sep 30 14:04:23 UTC 2026","testcases.backoffice.ListRefundTest","Surefire test","testcases.backoffice.ListRefundTest","listRefundWithInvalidFieldType"
"Add Group Backoffice","6220","addGroupBO","Surefire suite","Wed Sep 30 12:11:06 UTC 2026","passed","Wed Sep 30 12:11:12 UTC 2026","testcases.backoffice.group.AddGroupTest","Surefire test","testcases.backoffice.group.AddGroupTest","addGroupBO"
"Mutasi Transfer","10894","mutasiTransferAdminCrypto","Surefire suite","Wed Sep 30 14:41:48 UTC 2026","passed","Wed Sep 30 14:41:59 UTC 2026","testcases.mutasi.MutasiTransferTest","Surefire test","testcases.mutasi.MutasiTransferTest","mutasiTransferAdminCrypto"
"Add Group Backoffice Menggunakan Login Marketing","4691","addGroupWithMarketingLogin","Surefire suite","Wed Sep 30 12:13:10 UTC 2026","passed","Wed Sep 30 12:13:15 UTC 2026","testcases.backoffice.group.AddGroupTest","Surefire test","testcases.backoffice.group.AddGroupTest","addGroupWithMarketingLogin"
"Delete Favorite Account Menggunakan HTTP Method PATCH","1509","deleteFavoriteAccountWithPatchMethod","Surefire suite","Wed Sep 30 12:09:46 UTC 2026","passed","Wed Sep 30 12:09:47 UTC 2026","testcases.settings.favoriteaccount.DeleteFavoriteAccountTest","Surefire test","testcases.settings.favoriteaccount.DeleteFavoriteAccountTest","deleteFavoriteAccountWithPatchMethod"
"Add Group Backoffice Menggunakan Login Supervisor","6795","addGroupWithSupervisorLogin","Surefire suite","Wed Sep 30 12:14:03 UTC 2026","passed","Wed Sep 30 12:14:10 UTC 2026","testcases.backoffice.group.AddGroupTest","Surefire test","testcases.backoffice.group.AddGroupTest","addGroupWithSupervisorLogin"
"Delete Group Backoffice Tanpa Field name","1525","deleteGroupWithoutNameField","Surefire suite","Wed Sep 30 12:22:27 UTC 2026","passed","Wed Sep 30 12:22:29 UTC 2026","testcases.backoffice.group.DeleteGroupTest","Surefire test","testcases.backoffice.group.DeleteGroupTest","deleteGroupWithoutNameField"
"Add Currency CS Admin Path Dengan rate Berupa String Non-Numerik","2145","addCurrencyWithStringRate","Surefire suite","Wed Sep 30 13:58:00 UTC 2026","passed","Wed Sep 30 13:58:03 UTC 2026","testcases.backoffice.currency.AddCurrencyTest","Surefire test","testcases.backoffice.currency.AddCurrencyTest","addCurrencyWithStringRate"
"Delete Group Backoffice Dengan id String Kosong","1624","deleteGroupWithEmptyId","Surefire suite","Wed Sep 30 12:19:57 UTC 2026","passed","Wed Sep 30 12:19:58 UTC 2026","testcases.backoffice.group.DeleteGroupTest","Surefire test","testcases.backoffice.group.DeleteGroupTest","deleteGroupWithEmptyId"
"Add Group Backoffice Dengan flagLock Bertipe String","1453","addGroupWithFlagLockAsString","Surefire suite","Wed Sep 30 12:12:41 UTC 2026","passed","Wed Sep 30 12:12:43 UTC 2026","testcases.backoffice.group.AddGroupTest","Surefire test","testcases.backoffice.group.AddGroupTest","addGroupWithFlagLockAsString"
"Add Group Backoffice Dengan Body Kosong ({})","1539","addGroupWithEmptyBody","Surefire suite","Wed Sep 30 12:12:18 UTC 2026","passed","Wed Sep 30 12:12:20 UTC 2026","testcases.backoffice.group.AddGroupTest","Surefire test","testcases.backoffice.group.AddGroupTest","addGroupWithEmptyBody"
"List Refund Menggunakan Login CS Admin","8057","listRefundWithCSAdminLogin","Surefire suite","Wed Sep 30 14:03:38 UTC 2026","passed","Wed Sep 30 14:03:46 UTC 2026","testcases.backoffice.ListRefundTest","Surefire test","testcases.backoffice.ListRefundTest","listRefundWithCSAdminLogin"
"Refund Summary Dengan startDate Hanya Tanggal (Tanpa Waktu/Zona)","1774","getRefundWithDateOnlyFormat","Surefire suite","Wed Sep 30 12:51:41 UTC 2026","passed","Wed Sep 30 12:51:43 UTC 2026","testcases.backoffice.refund.GetRefundTest","Surefire test","testcases.backoffice.refund.GetRefundTest","getRefundWithDateOnlyFormat"
"Delete Favorite Account Dengan Token Kadaluarsa","1579","deleteFavoriteAccountWithExpiredToken","Surefire suite","Wed Sep 30 12:09:02 UTC 2026","passed","Wed Sep 30 12:09:04 UTC 2026","testcases.settings.favoriteaccount.DeleteFavoriteAccountTest","Surefire test","testcases.settings.favoriteaccount.DeleteFavoriteAccountTest","deleteFavoriteAccountWithExpiredToken"
"Add Currency CS Admin Path Dengan Body Berupa Literal null","1736","addCurrencyWithNullLiteralBody","Surefire suite","Wed Sep 30 13:57:22 UTC 2026","passed","Wed Sep 30 13:57:24 UTC 2026","testcases.backoffice.currency.AddCurrencyTest","Surefire test","testcases.backoffice.currency.AddCurrencyTest","addCurrencyWithNullLiteralBody"
"Login Merchant dengan Password Kosong","3483","testLoginEmptyPassword","Surefire suite","Wed Sep 30 12:32:40 UTC 2026","passed","Wed Sep 30 12:32:43 UTC 2026","testcases.auth.LoginTest","Surefire test","testcases.auth.LoginTest","testLoginEmptyPassword"
"Normal Transfer USDT Supervisor Success","7874","usdtTransferSupervisor","Surefire suite","Wed Sep 30 12:12:21 UTC 2026","passed","Wed Sep 30 12:12:29 UTC 2026","testcases.transfer.TransferUSDTTest","Surefire test","testcases.transfer.TransferUSDTTest","usdtTransferSupervisor"
"Delete Group Ke Path yang Tidak Ada (Typo)","1555","deleteGroupWithWrongPath","Surefire suite","Wed Sep 30 12:22:00 UTC 2026","passed","Wed Sep 30 12:22:01 UTC 2026","testcases.backoffice.group.DeleteGroupTest","Surefire test","testcases.backoffice.group.DeleteGroupTest","deleteGroupWithWrongPath"
"Create Manage Settlement BO Dengan Header Authorization Tanpa Skema Bearer","5339","addManageSettlementWithMalformedAuthorizationHeader","Surefire suite","Wed Sep 30 12:41:03 UTC 2026","passed","Wed Sep 30 12:41:09 UTC 2026","testcases.backoffice.settlement.AddManageSettlementTest","Surefire test","testcases.backoffice.settlement.AddManageSettlementTest","addManageSettlementWithMalformedAuthorizationHeader"
"Wrong Password Login Merchant","3354","testLoginWrongPassword","Surefire suite","Wed Sep 30 12:33:51 UTC 2026","passed","Wed Sep 30 12:33:54 UTC 2026","testcases.auth.LoginTest","Surefire test","testcases.auth.LoginTest","testLoginWrongPassword"
"Get History Flop Transfer Test CS","19421","historyFlopTransferTestCS","Surefire suite","Wed Sep 30 14:12:37 UTC 2026","passed","Wed Sep 30 14:12:57 UTC 2026","testcases.history.HistoryTransferTest","Surefire test","testcases.history.HistoryTransferTest","historyFlopTransferTestCS"
"Delete Google Authenticator Dengan Token Backoffice Valid Tapi Tanpa Header pbyv","8817","deleteOtpGoogleWithoutPbyvHeader","Surefire suite","Wed Sep 30 12:28:24 UTC 2026","passed","Wed Sep 30 12:28:33 UTC 2026","testcases.backoffice.googleauth.DeleteOtpGoogleTest","Surefire test","testcases.backoffice.googleauth.DeleteOtpGoogleTest","deleteOtpGoogleWithoutPbyvHeader"
"Transfer Different Partner Reference, Special Transfer to Transfer","49377","trfPartnerRefSpecialFailed","Surefire suite","Wed Sep 30 12:24:37 UTC 2026","failed","Wed Sep 30 12:25:27 UTC 2026","testcases.transfer.TransferTest","Surefire test","testcases.transfer.TransferTest","trfPartnerRefSpecialFailed"
"Add Currency CS Admin Path Dengan rate Negatif","3292","addCurrencyWithNegativeRate","Surefire suite","Wed Sep 30 13:57:16 UTC 2026","passed","Wed Sep 30 13:57:19 UTC 2026","testcases.backoffice.currency.AddCurrencyTest","Surefire test","testcases.backoffice.currency.AddCurrencyTest","addCurrencyWithNegativeRate"
"List Manage Settlement Backoffice Dengan Body Kosong ({})","7776","listManageSettlementWithEmptyBody","Surefire suite","Wed Sep 30 13:05:32 UTC 2026","passed","Wed Sep 30 13:05:39 UTC 2026","testcases.backoffice.settlement.ManageSettlementTest","Surefire test","testcases.backoffice.settlement.ManageSettlementTest","listManageSettlementWithEmptyBody"
"Resend Google Authenticator Dengan Token Kadaluarsa","2882","resendOtpGoogleWithExpiredToken","Surefire suite","Wed Sep 30 13:00:32 UTC 2026","passed","Wed Sep 30 13:00:35 UTC 2026","testcases.backoffice.googleauth.ResendOtpGoogleTest","Surefire test","testcases.backoffice.googleauth.ResendOtpGoogleTest","resendOtpGoogleWithExpiredToken"
"Delete Group Backoffice Menggunakan HTTP Method GET","1539","deleteGroupWithGetMethod","Surefire suite","Wed Sep 30 12:20:10 UTC 2026","passed","Wed Sep 30 12:20:12 UTC 2026","testcases.backoffice.group.DeleteGroupTest","Surefire test","testcases.backoffice.group.DeleteGroupTest","deleteGroupWithGetMethod"
"Test Rejected Special Transfer Supervisor","24971","rejectedSpecialTransferSupervisor","Surefire suite","Wed Sep 30 13:47:53 UTC 2026","passed","Wed Sep 30 13:48:18 UTC 2026","testcases.backoffice.ApprovalTransferTest","Surefire test","testcases.backoffice.ApprovalTransferTest","rejectedSpecialTransferSupervisor"
"Delete Group Backoffice Menggunakan Login Supervisor","4731","deleteGroupWithSupervisorLogin","Surefire suite","Wed Sep 30 12:21:36 UTC 2026","passed","Wed Sep 30 12:21:41 UTC 2026","testcases.backoffice.group.DeleteGroupTest","Surefire test","testcases.backoffice.group.DeleteGroupTest","deleteGroupWithSupervisorLogin"
"List Currency USDT Menggunakan HTTP Method DELETE","1640","getCurrencyWithDeleteMethod","Surefire suite","Wed Sep 30 12:32:26 UTC 2026","passed","Wed Sep 30 12:32:28 UTC 2026","testcases.backoffice.currency.GetCurrencyTest","Surefire test","testcases.backoffice.currency.GetCurrencyTest","getCurrencyWithDeleteMethod"
"Get Notification Sender Dengan Content-Type text/plain","10010","getNotificationSenderWithWrongContentType","Surefire suite","Wed Sep 30 12:57:45 UTC 2026","passed","Wed Sep 30 12:57:55 UTC 2026","testcases.backoffice.notifsender.NotificationSenderTest","Surefire test","testcases.backoffice.notifsender.NotificationSenderTest","getNotificationSenderWithWrongContentType"
"Refund Summary Dengan startDate null","2266","getRefundWithNullStartDate","Surefire suite","Wed Sep 30 12:53:18 UTC 2026","passed","Wed Sep 30 12:53:20 UTC 2026","testcases.backoffice.refund.GetRefundTest","Surefire test","testcases.backoffice.refund.GetRefundTest","getRefundWithNullStartDate"
"Delete Favorite Account Dengan Token Tidak Valid","1558","deleteFavoriteAccountWithInvalidToken","Surefire suite","Wed Sep 30 12:09:23 UTC 2026","passed","Wed Sep 30 12:09:24 UTC 2026","testcases.settings.favoriteaccount.DeleteFavoriteAccountTest","Surefire test","testcases.settings.favoriteaccount.DeleteFavoriteAccountTest","deleteFavoriteAccountWithInvalidToken"
"Get Group Detail Backoffice Menggunakan Login Admin Crypto","6286","getGroupDetailWithAdminCryptoLogin","Surefire suite","Wed Sep 30 12:08:17 UTC 2026","passed","Wed Sep 30 12:08:23 UTC 2026","testcases.backoffice.group.GetGroupTest","Surefire test","testcases.backoffice.group.GetGroupTest","getGroupDetailWithAdminCryptoLogin"
"Add Group Backoffice Menggunakan HTTP Method GET","1499","addGroupWithGetMethod","Surefire suite","Wed Sep 30 12:12:46 UTC 2026","passed","Wed Sep 30 12:12:47 UTC 2026","testcases.backoffice.group.AddGroupTest","Surefire test","testcases.backoffice.group.AddGroupTest","addGroupWithGetMethod"
"Get List Google Authenticator Ke Path yang Tidak Ada (Typo)","7325","listOtpGoogleWithWrongPath","Surefire suite","Wed Sep 30 13:10:53 UTC 2026","passed","Wed Sep 30 13:11:00 UTC 2026","testcases.backoffice.googleauth.ListOtpGoogleTest","Surefire test","testcases.backoffice.googleauth.ListOtpGoogleTest","listOtpGoogleWithWrongPath"
"List User Backoffice Dengan Body Kosong ({})","5052","listUsersWithEmptyBody","Surefire suite","Wed Sep 30 12:57:07 UTC 2026","passed","Wed Sep 30 12:57:12 UTC 2026","testcases.backoffice.users.ListUsersTest","Surefire test","testcases.backoffice.users.ListUsersTest","listUsersWithEmptyBody"
"Mutasi Transfer Balance CS","22253","mutasiTransferBalanceCS","Surefire suite","Wed Sep 30 14:42:19 UTC 2026","passed","Wed Sep 30 14:42:41 UTC 2026","testcases.mutasi.MutasiTransferTest","Surefire test","testcases.mutasi.MutasiTransferTest","mutasiTransferBalanceCS"
"Get List Group Company BO Dengan groupName Tidak Terdaftar","5299","getListGroupCompanyWithNonExistentGroupName","Surefire suite","Wed Sep 30 12:36:45 UTC 2026","passed","Wed Sep 30 12:36:50 UTC 2026","testcases.backoffice.settlement.GetListGroupCompanyTest","Surefire test","testcases.backoffice.settlement.GetListGroupCompanyTest","getListGroupCompanyWithNonExistentGroupName"
"Get Group Detail Backoffice Dengan Token Tidak Valid","1653","getGroupDetailWithInvalidToken","Surefire suite","Wed Sep 30 12:09:15 UTC 2026","passed","Wed Sep 30 12:09:17 UTC 2026","testcases.backoffice.group.GetGroupTest","Surefire test","testcases.backoffice.group.GetGroupTest","getGroupDetailWithInvalidToken"
"Get List Google Authenticator Dengan Tipe Data Salah pada Field limit (String, Bukan Integer)","6955","listOtpGoogleWithInvalidFieldType","Surefire suite","Wed Sep 30 13:08:13 UTC 2026","passed","Wed Sep 30 13:08:20 UTC 2026","testcases.backoffice.googleauth.ListOtpGoogleTest","Surefire test","testcases.backoffice.googleauth.ListOtpGoogleTest","listOtpGoogleWithInvalidFieldType"
"Get Detail Waiting Company Backoffice Tanpa Login/Header Auth","1422","getDetailWaitingCompanyWithoutAuth","Surefire suite","Wed Sep 30 12:31:29 UTC 2026","passed","Wed Sep 30 12:31:31 UTC 2026","testcases.backoffice.GetDetailWaitingCompanyTest","Surefire test","testcases.backoffice.GetDetailWaitingCompanyTest","getDetailWaitingCompanyWithoutAuth"
"List Refund Dengan Body JSON Tidak Valid (Malformed)","7262","listRefundWithMalformedJson","Surefire suite","Wed Sep 30 14:04:53 UTC 2026","passed","Wed Sep 30 14:05:01 UTC 2026","testcases.backoffice.ListRefundTest","Surefire test","testcases.backoffice.ListRefundTest","listRefundWithMalformedJson"
"Delete Manage Settlement BO Dengan Token Kadaluarsa","1564","deleteManageSettlementWithExpiredToken","Surefire suite","Wed Sep 30 12:45:53 UTC 2026","passed","Wed Sep 30 12:45:55 UTC 2026","testcases.backoffice.settlement.DeleteManageSettlementTest","Surefire test","testcases.backoffice.settlement.DeleteManageSettlementTest","deleteManageSettlementWithExpiredToken"
"Delete Favorite Account Dengan Header Authorization Tanpa Skema Bearer","1654","deleteFavoriteAccountWithMalformedAuthorizationHeader","Surefire suite","Wed Sep 30 12:09:27 UTC 2026","passed","Wed Sep 30 12:09:29 UTC 2026","testcases.settings.favoriteaccount.DeleteFavoriteAccountTest","Surefire test","testcases.settings.favoriteaccount.DeleteFavoriteAccountTest","deleteFavoriteAccountWithMalformedAuthorizationHeader"
"Get List Google Authenticator Dengan Content-Type text/plain","9266","listOtpGoogleWithWrongContentType","Surefire suite","Wed Sep 30 13:10:41 UTC 2026","passed","Wed Sep 30 13:10:50 UTC 2026","testcases.backoffice.googleauth.ListOtpGoogleTest","Surefire test","testcases.backoffice.googleauth.ListOtpGoogleTest","listOtpGoogleWithWrongContentType"
"Delete Group Backoffice Dengan Payload XSS pada name","1564","deleteGroupWithXssName","Surefire suite","Wed Sep 30 12:22:09 UTC 2026","passed","Wed Sep 30 12:22:10 UTC 2026","testcases.backoffice.group.DeleteGroupTest","Surefire test","testcases.backoffice.group.DeleteGroupTest","deleteGroupWithXssName"
"Add Merchant From CS Admin","7413","addCompanyCsAdmin","Surefire suite","Wed Sep 30 12:08:34 UTC 2026","passed","Wed Sep 30 12:08:41 UTC 2026","testcases.backoffice.AddCompanyTest","Surefire test","testcases.backoffice.AddCompanyTest","addCompanyCsAdmin"
"Delete Group Backoffice Tanpa Body Sama Sekali","1594","deleteGroupWithoutBody","Surefire suite","Wed Sep 30 12:22:18 UTC 2026","passed","Wed Sep 30 12:22:20 UTC 2026","testcases.backoffice.group.DeleteGroupTest","Surefire test","testcases.backoffice.group.DeleteGroupTest","deleteGroupWithoutBody"
"Refund Summary Dengan Body JSON Tidak Valid (Malformed)","1742","getRefundWithMalformedJson","Surefire suite","Wed Sep 30 12:52:48 UTC 2026","passed","Wed Sep 30 12:52:50 UTC 2026","testcases.backoffice.refund.GetRefundTest","Surefire test","testcases.backoffice.refund.GetRefundTest","getRefundWithMalformedJson"
"Delete Manage Settlement BO Dengan id Berisi Karakter SQL Injection","8210","deleteManageSettlementWithSqlInjectionId","Surefire suite","Wed Sep 30 12:47:26 UTC 2026","passed","Wed Sep 30 12:47:34 UTC 2026","testcases.backoffice.settlement.DeleteManageSettlementTest","Surefire test","testcases.backoffice.settlement.DeleteManageSettlementTest","deleteManageSettlementWithSqlInjectionId"
"Generate QR Code Merchant","17131","generateQRCode","Surefire suite","Wed Sep 30 12:55:53 UTC 2026","passed","Wed Sep 30 12:56:10 UTC 2026","testcases.QR.GenerateQRTest","Surefire test","testcases.QR.GenerateQRTest","generateQRCode"
"List Waiting Company Backoffice Dengan Body Kosong ({})","5308","listWaitingCompanyWithEmptyBody","Surefire suite","Wed Sep 30 13:00:03 UTC 2026","passed","Wed Sep 30 13:00:08 UTC 2026","testcases.backoffice.ListWaitingCompanyTest","Surefire test","testcases.backoffice.ListWaitingCompanyTest","listWaitingCompanyWithEmptyBody"
"Add Currency CS Admin Path Menggunakan Login Admin Crypto","7302","addCurrencyWithAdminCryptoLogin","Surefire suite","Wed Sep 30 13:54:32 UTC 2026","passed","Wed Sep 30 13:54:39 UTC 2026","testcases.backoffice.currency.AddCurrencyTest","Surefire test","testcases.backoffice.currency.AddCurrencyTest","addCurrencyWithAdminCryptoLogin"
"Get Dashboard Backoffice Menggunakan Login Supervisor","6556","getDashboardWithSupervisorLogin","Surefire suite","Wed Sep 30 12:23:56 UTC 2026","passed","Wed Sep 30 12:24:03 UTC 2026","testcases.backoffice.GetDashboardTest","Surefire test","testcases.backoffice.GetDashboardTest","getDashboardWithSupervisorLogin"
"Get History USDT Transfer Test CS","15619","historyUSDTTransferTestAdmin","Surefire suite","Wed Sep 30 14:21:37 UTC 2026","passed","Wed Sep 30 14:21:52 UTC 2026","testcases.history.HistoryTransferTest","Surefire test","testcases.history.HistoryTransferTest","historyUSDTTransferTestAdmin"
"Reset Password Merchant","7650","resetPasswordMerchant","Surefire suite","Wed Sep 30 12:08:02 UTC 2026","passed","Wed Sep 30 12:08:10 UTC 2026","testcases.settings.ResetPasswordTest","Surefire test","testcases.settings.ResetPasswordTest","resetPasswordMerchant"
"Get Detail Waiting Company Backoffice Dengan Header Authorization Tanpa Skema Bearer","3608","getDetailWaitingCompanyWithMalformedAuthorizationHeader","Surefire suite","Wed Sep 30 12:29:36 UTC 2026","passed","Wed Sep 30 12:29:40 UTC 2026","testcases.backoffice.GetDetailWaitingCompanyTest","Surefire test","testcases.backoffice.GetDetailWaitingCompanyTest","getDetailWaitingCompanyWithMalformedAuthorizationHeader"
"Get Detail Waiting Company Backoffice Dengan Id Berisi Karakter SQL Injection","5066","getDetailWaitingCompanyWithSqlInjectionId","Surefire suite","Wed Sep 30 12:30:56 UTC 2026","passed","Wed Sep 30 12:31:01 UTC 2026","testcases.backoffice.GetDetailWaitingCompanyTest","Surefire test","testcases.backoffice.GetDetailWaitingCompanyTest","getDetailWaitingCompanyWithSqlInjectionId"
"Mutasi Manual Transfer Supervisor","45426","mutasiManualTransferSupervisor","Surefire suite","Wed Sep 30 14:34:51 UTC 2026","passed","Wed Sep 30 14:35:36 UTC 2026","testcases.mutasi.MutasiTransferTest","Surefire test","testcases.mutasi.MutasiTransferTest","mutasiManualTransferSupervisor"
"Get History QR CS","13328","historyQRTestCS","Surefire suite","Wed Sep 30 13:14:17 UTC 2026","passed","Wed Sep 30 13:14:30 UTC 2026","testcases.history.HistoryQRTest","Surefire test","testcases.history.HistoryQRTest","historyQRTestCS"
"Delete Favorite Account Dengan id Sangat Panjang","43742","deleteFavoriteAccountWithVeryLongId","Surefire suite","Wed Sep 30 12:11:29 UTC 2026","failed","Wed Sep 30 12:12:13 UTC 2026","testcases.settings.favoriteaccount.DeleteFavoriteAccountTest","Surefire test","testcases.settings.favoriteaccount.DeleteFavoriteAccountTest","deleteFavoriteAccountWithVeryLongId"
"Check Status QR Merchant","10422","checkStatusQRMerchant","Surefire suite","Wed Sep 30 12:56:42 UTC 2026","passed","Wed Sep 30 12:56:52 UTC 2026","testcases.QR.CheckStatusQRTest","Surefire test","testcases.QR.CheckStatusQRTest","checkStatusQRMerchant"
"Get Detail User Backoffice Menggunakan Login Merchant","9946","getUsersWithMerchantLogin","Surefire suite","Wed Sep 30 12:56:09 UTC 2026","passed","Wed Sep 30 12:56:19 UTC 2026","testcases.backoffice.users.ListUsersTest","Surefire test","testcases.backoffice.users.ListUsersTest","getUsersWithMerchantLogin"
"Test Get Report Transaction Supervisor","6014","getReportTransactionSupervisor","Surefire suite","Wed Sep 30 12:13:11 UTC 2026","passed","Wed Sep 30 12:13:17 UTC 2026","testcases.report.ReportTransactionTest","Surefire test","testcases.report.ReportTransactionTest","getReportTransactionSupervisor"
"Get Dashboard Backoffice Menggunakan Login Merchant","5963","getDashboardWithMerchantLogin","Surefire suite","Wed Sep 30 12:23:47 UTC 2026","passed","Wed Sep 30 12:23:53 UTC 2026","testcases.backoffice.GetDashboardTest","Surefire test","testcases.backoffice.GetDashboardTest","getDashboardWithMerchantLogin"
"Get List Group Backoffice Menggunakan HTTP Method PUT","1461","getListGroupWithPutMethod","Surefire suite","Wed Sep 30 12:17:15 UTC 2026","passed","Wed Sep 30 12:17:16 UTC 2026","testcases.backoffice.group.GetListGroupTest","Surefire test","testcases.backoffice.group.GetListGroupTest","getListGroupWithPutMethod"
"Get User Backoffice Dengan Token Tidak Valid","1583","getUserWithInvalidToken","Surefire suite","Wed Sep 30 12:25:00 UTC 2026","passed","Wed Sep 30 12:25:01 UTC 2026","testcases.backoffice.GetDashboardTest","Surefire test","testcases.backoffice.GetDashboardTest","getUserWithInvalidToken"
"Get List Google Authenticator Dengan Body JSON Tidak Valid (Malformed)","16111","listOtpGoogleWithMalformedJson","Surefire suite","Wed Sep 30 13:08:45 UTC 2026","passed","Wed Sep 30 13:09:01 UTC 2026","testcases.backoffice.googleauth.ListOtpGoogleTest","Surefire test","testcases.backoffice.googleauth.ListOtpGoogleTest","listOtpGoogleWithMalformedJson"
"Get History QR Open Merchant on login CS Admin","18140","historyQROpenMerchantCSAdmin","Surefire suite","Wed Sep 30 13:13:24 UTC 2026","passed","Wed Sep 30 13:13:42 UTC 2026","testcases.history.HistoryQRTest","Surefire test","testcases.history.HistoryQRTest","historyQROpenMerchantCSAdmin"
"Test Approved Special Transfer","23791","approvedSpecialTransfer","Surefire suite","Wed Sep 30 13:41:35 UTC 2026","passed","Wed Sep 30 13:41:58 UTC 2026","testcases.backoffice.ApprovalTransferTest","Surefire test","testcases.backoffice.ApprovalTransferTest","approvedSpecialTransfer"
"Get List Group Backoffice Dengan size Bertipe String","2741","getListGroupWithSizeAsString","Surefire suite","Wed Sep 30 12:17:19 UTC 2026","passed","Wed Sep 30 12:17:22 UTC 2026","testcases.backoffice.group.GetListGroupTest","Surefire test","testcases.backoffice.group.GetListGroupTest","getListGroupWithSizeAsString"
"Mutasi Special Transfer Balance Supervisor","41285","mutasiSpecialTransferBalanceSupervisor","Surefire suite","Wed Sep 30 14:38:39 UTC 2026","passed","Wed Sep 30 14:39:20 UTC 2026","testcases.mutasi.MutasiTransferTest","Surefire test","testcases.mutasi.MutasiTransferTest","mutasiSpecialTransferBalanceSupervisor"
"Get Notification Sender Menggunakan Login Admin Crypto","9917","getNotificationSenderWithAdminCryptoLogin","Surefire suite","Wed Sep 30 12:52:28 UTC 2026","passed","Wed Sep 30 12:52:38 UTC 2026","testcases.backoffice.notifsender.NotificationSenderTest","Surefire test","testcases.backoffice.notifsender.NotificationSenderTest","getNotificationSenderWithAdminCryptoLogin"
"Resend Google Authenticator Dengan Token Tidak Valid","1768","resendOtpGoogleWithInvalidToken","Surefire suite","Wed Sep 30 13:00:46 UTC 2026","passed","Wed Sep 30 13:00:48 UTC 2026","testcases.backoffice.googleauth.ResendOtpGoogleTest","Surefire test","testcases.backoffice.googleauth.ResendOtpGoogleTest","resendOtpGoogleWithInvalidToken"
"Inquiry Test Special Transfer Admin Crypto","6125","inquirySpecialTransferAdminCrypto","Surefire suite","Wed Sep 30 12:09:30 UTC 2026","passed","Wed Sep 30 12:09:36 UTC 2026","testcases.transfer.InquirySpecialTransferTest","Surefire test","testcases.transfer.InquirySpecialTransferTest","inquirySpecialTransferAdminCrypto"
"Refund Summary Tanpa Body Sama Sekali","1606","getRefundWithoutBody","Surefire suite","Wed Sep 30 12:54:35 UTC 2026","passed","Wed Sep 30 12:54:37 UTC 2026","testcases.backoffice.refund.GetRefundTest","Surefire test","testcases.backoffice.refund.GetRefundTest","getRefundWithoutBody"
"Add Group Backoffice Dengan Payload XSS pada name","2525","addGroupWithXssName","Surefire suite","Wed Sep 30 12:14:40 UTC 2026","passed","Wed Sep 30 12:14:43 UTC 2026","testcases.backoffice.group.AddGroupTest","Surefire test","testcases.backoffice.group.AddGroupTest","addGroupWithXssName"
"Get List Group Backoffice Menggunakan HTTP Method GET","1696","getListGroupWithGetMethod","Surefire suite","Wed Sep 30 12:16:09 UTC 2026","passed","Wed Sep 30 12:16:11 UTC 2026","testcases.backoffice.group.GetListGroupTest","Surefire test","testcases.backoffice.group.GetListGroupTest","getListGroupWithGetMethod"
"Refund Summary Dengan Body Berupa Literal null","2668","getRefundWithNullLiteralBody","Surefire suite","Wed Sep 30 12:53:12 UTC 2026","passed","Wed Sep 30 12:53:15 UTC 2026","testcases.backoffice.refund.GetRefundTest","Surefire test","testcases.backoffice.refund.GetRefundTest","getRefundWithNullLiteralBody"
"Created Favorite Account Dengan Header companyId Salah","3198","createdFavoriteAccountWithWrongCompanyIdHeader","Surefire suite","Wed Sep 30 12:52:07 UTC 2026","failed","Wed Sep 30 12:52:11 UTC 2026","testcases.settings.favoriteaccount.CreatedFavoriteAccountTest","Surefire test","testcases.settings.favoriteaccount.CreatedFavoriteAccountTest","createdFavoriteAccountWithWrongCompanyIdHeader"
"Resend Google Authenticator Dengan email Berisi Karakter SQL Injection","7782","resendOtpGoogleWithSqlInjectionEmail","Surefire suite","Wed Sep 30 13:02:52 UTC 2026","passed","Wed Sep 30 13:03:00 UTC 2026","testcases.backoffice.googleauth.ResendOtpGoogleTest","Surefire test","testcases.backoffice.googleauth.ResendOtpGoogleTest","resendOtpGoogleWithSqlInjectionEmail"
"Delete Google Authenticator Menggunakan Login Supervisor","5818","deleteOtpGoogleWithSupervisorLogin","Surefire suite","Wed Sep 30 12:27:46 UTC 2026","passed","Wed Sep 30 12:27:51 UTC 2026","testcases.backoffice.googleauth.DeleteOtpGoogleTest","Surefire test","testcases.backoffice.googleauth.DeleteOtpGoogleTest","deleteOtpGoogleWithSupervisorLogin"
"Get Group Detail Backoffice Dengan Token Kadaluarsa","1426","getGroupDetailWithExpiredToken","Surefire suite","Wed Sep 30 12:08:53 UTC 2026","passed","Wed Sep 30 12:08:54 UTC 2026","testcases.backoffice.group.GetGroupTest","Surefire test","testcases.backoffice.group.GetGroupTest","getGroupDetailWithExpiredToken"
"Get Notification Sender Dengan Tipe Data Salah pada Field limit (String, Bukan Integer)","5395","getNotificationSenderWithInvalidFieldType","Surefire suite","Wed Sep 30 12:54:23 UTC 2026","passed","Wed Sep 30 12:54:28 UTC 2026","testcases.backoffice.notifsender.NotificationSenderTest","Surefire test","testcases.backoffice.notifsender.NotificationSenderTest","getNotificationSenderWithInvalidFieldType"
"Add Group Backoffice Dengan Token Kadaluarsa","1717","addGroupWithExpiredToken","Surefire suite","Wed Sep 30 12:12:28 UTC 2026","passed","Wed Sep 30 12:12:29 UTC 2026","testcases.backoffice.group.AddGroupTest","Surefire test","testcases.backoffice.group.AddGroupTest","addGroupWithExpiredToken"
"Get List Google Authenticator Dengan Body Kosong ({})","7133","listOtpGoogleWithEmptyBody","Surefire suite","Wed Sep 30 13:07:38 UTC 2026","passed","Wed Sep 30 13:07:45 UTC 2026","testcases.backoffice.googleauth.ListOtpGoogleTest","Surefire test","testcases.backoffice.googleauth.ListOtpGoogleTest","listOtpGoogleWithEmptyBody"
"Delete Google Authenticator Dengan id Berisi Karakter SQL Injection","4823","deleteOtpGoogleWithSqlInjectionId","Surefire suite","Wed Sep 30 12:27:38 UTC 2026","passed","Wed Sep 30 12:27:43 UTC 2026","testcases.backoffice.googleauth.DeleteOtpGoogleTest","Surefire test","testcases.backoffice.googleauth.DeleteOtpGoogleTest","deleteOtpGoogleWithSqlInjectionId"
"Get Notification Sender Dengan Body Kosong ({})","6423","getNotificationSenderWithEmptyBody","Surefire suite","Wed Sep 30 12:53:25 UTC 2026","passed","Wed Sep 30 12:53:31 UTC 2026","testcases.backoffice.notifsender.NotificationSenderTest","Surefire test","testcases.backoffice.notifsender.NotificationSenderTest","getNotificationSenderWithEmptyBody"
"Test Get Report Transaction Group","5067","getReportTransactionAdmin","Surefire suite","Wed Sep 30 12:09:48 UTC 2026","passed","Wed Sep 30 12:09:53 UTC 2026","testcases.report.ReportTransactionTest","Surefire test","testcases.report.ReportTransactionTest","getReportTransactionAdmin"
"Created Favorite Account Dengan pin String Kosong","2045","createdFavoriteAccountWithEmptyPin","Surefire suite","Wed Sep 30 12:51:13 UTC 2026","passed","Wed Sep 30 12:51:15 UTC 2026","testcases.settings.favoriteaccount.CreatedFavoriteAccountTest","Surefire test","testcases.settings.favoriteaccount.CreatedFavoriteAccountTest","createdFavoriteAccountWithEmptyPin"
"Resend Google Authenticator Dengan Content-Type text/plain","6070","resendOtpGoogleWithWrongContentType","Surefire suite","Wed Sep 30 13:03:23 UTC 2026","passed","Wed Sep 30 13:03:29 UTC 2026","testcases.backoffice.googleauth.ResendOtpGoogleTest","Surefire test","testcases.backoffice.googleauth.ResendOtpGoogleTest","resendOtpGoogleWithWrongContentType"
"Mutasi Transfer Supervisor Balance CS","20019","mutasiTransferSupervisorBalanceCS","Surefire suite","Wed Sep 30 14:43:34 UTC 2026","passed","Wed Sep 30 14:43:54 UTC 2026","testcases.mutasi.MutasiTransferTest","Surefire test","testcases.mutasi.MutasiTransferTest","mutasiTransferSupervisorBalanceCS"
"List Manage Settlement Backoffice Dengan Body Berupa JSON Array ([])","5173","listManageSettlementWithArrayBody","Surefire suite","Wed Sep 30 13:04:56 UTC 2026","passed","Wed Sep 30 13:05:02 UTC 2026","testcases.backoffice.settlement.ManageSettlementTest","Surefire test","testcases.backoffice.settlement.ManageSettlementTest","listManageSettlementWithArrayBody"
"Create Manage Settlement BO Dengan companyId Format Tidak Valid (Bukan ObjectId)","5100","addManageSettlementWithMalformedCompanyId","Surefire suite","Wed Sep 30 12:41:12 UTC 2026","passed","Wed Sep 30 12:41:17 UTC 2026","testcases.backoffice.settlement.AddManageSettlementTest","Surefire test","testcases.backoffice.settlement.AddManageSettlementTest","addManageSettlementWithMalformedCompanyId"
"Add Group Backoffice Dengan name Hanya Spasi","1524","addGroupWithWhitespaceName","Surefire suite","Wed Sep 30 12:14:22 UTC 2026","passed","Wed Sep 30 12:14:24 UTC 2026","testcases.backoffice.group.AddGroupTest","Surefire test","testcases.backoffice.group.AddGroupTest","addGroupWithWhitespaceName"
"Get Notification Sender Dengan Token Tidak Valid","1774","getNotificationSenderWithInvalidToken","Surefire suite","Wed Sep 30 12:54:42 UTC 2026","passed","Wed Sep 30 12:54:44 UTC 2026","testcases.backoffice.notifsender.NotificationSenderTest","Surefire test","testcases.backoffice.notifsender.NotificationSenderTest","getNotificationSenderWithInvalidToken"
"Get List Group Company BO Dengan groupName Sangat Panjang (10.000 karakter)","5513","getListGroupCompanyWithOverlongGroupName","Surefire suite","Wed Sep 30 12:36:53 UTC 2026","passed","Wed Sep 30 12:36:59 UTC 2026","testcases.backoffice.settlement.GetListGroupCompanyTest","Surefire test","testcases.backoffice.settlement.GetListGroupCompanyTest","getListGroupCompanyWithOverlongGroupName"
"Delete Favorite Account Dengan Field Tidak Dikenal pada Body","3116","deleteFavoriteAccountWithUnknownField","Surefire suite","Wed Sep 30 12:11:23 UTC 2026","failed","Wed Sep 30 12:11:26 UTC 2026","testcases.settings.favoriteaccount.DeleteFavoriteAccountTest","Surefire test","testcases.settings.favoriteaccount.DeleteFavoriteAccountTest","deleteFavoriteAccountWithUnknownField"
"Get List Group Company BO Tanpa Header groupName","12833","getListGroupCompanyWithoutGroupNameHeader","Surefire suite","Wed Sep 30 12:38:18 UTC 2026","passed","Wed Sep 30 12:38:31 UTC 2026","testcases.backoffice.settlement.GetListGroupCompanyTest","Surefire test","testcases.backoffice.settlement.GetListGroupCompanyTest","getListGroupCompanyWithoutGroupNameHeader"
"Mutasi Company Admin","74824","mutasiCompanyAdmin","Surefire suite","Wed Sep 30 14:27:43 UTC 2026","passed","Wed Sep 30 14:28:57 UTC 2026","testcases.mutasi.MutasiTransferTest","Surefire test","testcases.mutasi.MutasiTransferTest","mutasiCompanyAdmin"
"Resend Google Authenticator Dengan email Sangat Panjang (10.000 karakter)","6915","resendOtpGoogleWithOverlongEmail","Surefire suite","Wed Sep 30 13:02:21 UTC 2026","passed","Wed Sep 30 13:02:28 UTC 2026","testcases.backoffice.googleauth.ResendOtpGoogleTest","Surefire test","testcases.backoffice.googleauth.ResendOtpGoogleTest","resendOtpGoogleWithOverlongEmail"
"Get Detail User Backoffice Tanpa Login/Header Auth","1656","getUsersWithoutAuth","Surefire suite","Wed Sep 30 12:56:35 UTC 2026","passed","Wed Sep 30 12:56:37 UTC 2026","testcases.backoffice.users.ListUsersTest","Surefire test","testcases.backoffice.users.ListUsersTest","getUsersWithoutAuth"
"List Refund Dengan Token Tidak Valid","2145","listRefundWithInvalidToken","Surefire suite","Wed Sep 30 14:04:48 UTC 2026","passed","Wed Sep 30 14:04:50 UTC 2026","testcases.backoffice.ListRefundTest","Surefire test","testcases.backoffice.ListRefundTest","listRefundWithInvalidToken"
"Get Detail Waiting Company Backoffice Dengan Id Sangat Panjang (10.000 karakter)","6275","getDetailWaitingCompanyWithOverlongId","Surefire suite","Wed Sep 30 12:30:20 UTC 2026","passed","Wed Sep 30 12:30:26 UTC 2026","testcases.backoffice.GetDetailWaitingCompanyTest","Surefire test","testcases.backoffice.GetDetailWaitingCompanyTest","getDetailWaitingCompanyWithOverlongId"
"Add Group Backoffice Dengan Content-Type text/plain","1436","addGroupWithWrongContentType","Surefire suite","Wed Sep 30 12:14:27 UTC 2026","passed","Wed Sep 30 12:14:28 UTC 2026","testcases.backoffice.group.AddGroupTest","Surefire test","testcases.backoffice.group.AddGroupTest","addGroupWithWrongContentType"
"Get Detail Waiting Company Backoffice Dengan Format Id Tidak Valid (Bukan ObjectId)","4893","getDetailWaitingCompanyWithMalformedId","Surefire suite","Wed Sep 30 12:29:43 UTC 2026","passed","Wed Sep 30 12:29:48 UTC 2026","testcases.backoffice.GetDetailWaitingCompanyTest","Surefire test","testcases.backoffice.GetDetailWaitingCompanyTest","getDetailWaitingCompanyWithMalformedId"
"Test Approve Manual Transfer Supervisor dengan check Fee di Admin Crypto dan Admin Fee","85296","approvedCashDepositBalanceSupervisor","Surefire suite","Wed Sep 30 13:39:36 UTC 2026","passed","Wed Sep 30 13:41:01 UTC 2026","testcases.backoffice.ApprovalTransferTest","Surefire test","testcases.backoffice.ApprovalTransferTest","approvedCashDepositBalanceSupervisor"
"Create Manage Settlement BO Dengan Token Kadaluarsa","1766","addManageSettlementWithExpiredToken","Surefire suite","Wed Sep 30 12:40:36 UTC 2026","passed","Wed Sep 30 12:40:38 UTC 2026","testcases.backoffice.settlement.AddManageSettlementTest","Surefire test","testcases.backoffice.settlement.AddManageSettlementTest","addManageSettlementWithExpiredToken"
"Add Group Backoffice Menggunakan Login Merchant","5761","addGroupWithMerchantLogin","Surefire suite","Wed Sep 30 12:13:18 UTC 2026","passed","Wed Sep 30 12:13:24 UTC 2026","testcases.backoffice.group.AddGroupTest","Surefire test","testcases.backoffice.group.AddGroupTest","addGroupWithMerchantLogin"
"Get Group Detail Backoffice Menggunakan HTTP Method PUT","4708","getGroupDetailWithPutMethod","Surefire suite","Wed Sep 30 12:10:20 UTC 2026","passed","Wed Sep 30 12:10:25 UTC 2026","testcases.backoffice.group.GetGroupTest","Surefire test","testcases.backoffice.group.GetGroupTest","getGroupDetailWithPutMethod"
"Get List Favorite Account Tanpa Field size","2383","getListFavoriteAccountWithoutSizeField","Surefire suite","Wed Sep 30 14:54:10 UTC 2026","passed","Wed Sep 30 14:54:13 UTC 2026","testcases.settings.favoriteaccount.GetListFavoriteAccountTest","Surefire test","testcases.settings.favoriteaccount.GetListFavoriteAccountTest","getListFavoriteAccountWithoutSizeField"
"Add Currency CS Admin Path Dengan Token CS Admin Valid Tapi Tanpa Header powis","1793","addCurrencyWithoutPowisHeader","Surefire suite","Wed Sep 30 13:59:01 UTC 2026","passed","Wed Sep 30 13:59:03 UTC 2026","testcases.backoffice.currency.AddCurrencyTest","Surefire test","testcases.backoffice.currency.AddCurrencyTest","addCurrencyWithoutPowisHeader"
"Delete Favorite Account Tanpa Login/Header Auth","1505","deleteFavoriteAccountWithoutAuth","Surefire suite","Wed Sep 30 12:15:27 UTC 2026","passed","Wed Sep 30 12:15:29 UTC 2026","testcases.settings.favoriteaccount.DeleteFavoriteAccountTest","Surefire test","testcases.settings.favoriteaccount.DeleteFavoriteAccountTest","deleteFavoriteAccountWithoutAuth"
"Refund Summary Dengan endDate Bukan Format Tanggal","2858","getRefundWithInvalidEndDate","Surefire suite","Wed Sep 30 12:52:18 UTC 2026","passed","Wed Sep 30 12:52:21 UTC 2026","testcases.backoffice.refund.GetRefundTest","Surefire test","testcases.backoffice.refund.GetRefundTest","getRefundWithInvalidEndDate"
"Get History USDT Transfer Test","14395","historyUSDTTransferTest","Surefire suite","Wed Sep 30 14:21:19 UTC 2026","passed","Wed Sep 30 14:21:34 UTC 2026","testcases.history.HistoryTransferTest","Surefire test","testcases.history.HistoryTransferTest","historyUSDTTransferTest"
"Get History USDT Transfer Merchant on Login CS Admin","14532","historyUSDTTransferMerchantTestCSAdmin","Surefire suite","Wed Sep 30 14:20:38 UTC 2026","passed","Wed Sep 30 14:20:52 UTC 2026","testcases.history.HistoryTransferTest","Surefire test","testcases.history.HistoryTransferTest","historyUSDTTransferMerchantTestCSAdmin"
"Normal Special Transfer Success Admin Crypto","8444","specialTransferAdminCrypto","Surefire suite","Wed Sep 30 12:10:56 UTC 2026","passed","Wed Sep 30 12:11:04 UTC 2026","testcases.transfer.SpecialTransferTest","Surefire test","testcases.transfer.SpecialTransferTest","specialTransferAdminCrypto"
"List Manage Settlement Backoffice Menggunakan Login Marketing","8939","listManageSettlementWithMarketingLogin","Surefire suite","Wed Sep 30 13:06:59 UTC 2026","passed","Wed Sep 30 13:07:08 UTC 2026","testcases.backoffice.settlement.ManageSettlementTest","Surefire test","testcases.backoffice.settlement.ManageSettlementTest","listManageSettlementWithMarketingLogin"
"Add Currency CS Admin Path Dengan Token Tidak Valid","2821","addCurrencyWithInvalidToken","Surefire suite","Wed Sep 30 13:56:23 UTC 2026","passed","Wed Sep 30 13:56:26 UTC 2026","testcases.backoffice.currency.AddCurrencyTest","Surefire test","testcases.backoffice.currency.AddCurrencyTest","addCurrencyWithInvalidToken"
"Mutasi Special Transfer CS","26954","mutasiSpecialTransferCS","Surefire suite","Wed Sep 30 14:40:01 UTC 2026","passed","Wed Sep 30 14:40:28 UTC 2026","testcases.mutasi.MutasiTransferTest","Surefire test","testcases.mutasi.MutasiTransferTest","mutasiSpecialTransferCS"
"Refund Summary Ke Path yang Tidak Ada (Typo)","3375","getRefundWithWrongPath","Surefire suite","Wed Sep 30 12:54:15 UTC 2026","passed","Wed Sep 30 12:54:18 UTC 2026","testcases.backoffice.refund.GetRefundTest","Surefire test","testcases.backoffice.refund.GetRefundTest","getRefundWithWrongPath"
"Resend Google Authenticator Tanpa Body Sama Sekali","5655","resendOtpGoogleWithoutBody","Surefire suite","Wed Sep 30 13:03:57 UTC 2026","passed","Wed Sep 30 13:04:02 UTC 2026","testcases.backoffice.googleauth.ResendOtpGoogleTest","Surefire test","testcases.backoffice.googleauth.ResendOtpGoogleTest","resendOtpGoogleWithoutBody"
"List User Backoffice Dengan Page/Size Negatif - Menemukan Bug Gateway Timeout","5362","listUsersWithNegativePageSize","Surefire suite","Wed Sep 30 12:58:36 UTC 2026","passed","Wed Sep 30 12:58:41 UTC 2026","testcases.backoffice.users.ListUsersTest","Surefire test","testcases.backoffice.users.ListUsersTest","listUsersWithNegativePageSize"
"Get Balance Merchant","6718","getBalanceMerchant","Surefire suite","Wed Sep 30 12:18:00 UTC 2026","passed","Wed Sep 30 12:18:07 UTC 2026","testcases.balance.GetBalanceQrisTest","Surefire test","testcases.balance.GetBalanceQrisTest","getBalanceMerchant"
"Created Favorite Account Tanpa Field pin","1793","createdFavoriteAccountWithoutPinField","Surefire suite","Wed Sep 30 12:53:04 UTC 2026","failed","Wed Sep 30 12:53:06 UTC 2026","testcases.settings.favoriteaccount.CreatedFavoriteAccountTest","Surefire test","testcases.settings.favoriteaccount.CreatedFavoriteAccountTest","createdFavoriteAccountWithoutPinField"
"Get History QR Success Paid","19983","historyQRTestPaid","Surefire suite","Wed Sep 30 13:03:24 UTC 2026","passed","Wed Sep 30 13:03:44 UTC 2026","testcases.history.HistoryQRTest","Surefire test","testcases.history.HistoryQRTest","historyQRTestPaid"
"Get List Google Authenticator Dengan Page/Size Negatif","6163","listOtpGoogleWithNegativePageSize","Surefire suite","Wed Sep 30 13:09:34 UTC 2026","passed","Wed Sep 30 13:09:40 UTC 2026","testcases.backoffice.googleauth.ListOtpGoogleTest","Surefire test","testcases.backoffice.googleauth.ListOtpGoogleTest","listOtpGoogleWithNegativePageSize"
"Get List Group Backoffice Dengan page Bertipe String","1604","getListGroupWithPageAsString","Surefire suite","Wed Sep 30 12:17:01 UTC 2026","passed","Wed Sep 30 12:17:03 UTC 2026","testcases.backoffice.group.GetListGroupTest","Surefire test","testcases.backoffice.group.GetListGroupTest","getListGroupWithPageAsString"
"Get Group Backoffice Tanpa Login/Header Auth","1528","getGroupWithoutAuth","Surefire suite","Wed Sep 30 12:24:39 UTC 2026","passed","Wed Sep 30 12:24:41 UTC 2026","testcases.backoffice.GetDashboardTest","Surefire test","testcases.backoffice.GetDashboardTest","getGroupWithoutAuth"
"Get History USDT Transfer Test Admin","19764","historyUSDTTransferTestFeeAdmin","Surefire suite","Wed Sep 30 14:22:34 UTC 2026","passed","Wed Sep 30 14:22:54 UTC 2026","testcases.history.HistoryTransferTest","Surefire test","testcases.history.HistoryTransferTest","historyUSDTTransferTestFeeAdmin"
"Get History Flop Transfer Supervisor on Login CS Admin","21680","historyFlopTransferSupervisorTestCSAdmin","Surefire suite","Wed Sep 30 14:11:14 UTC 2026","passed","Wed Sep 30 14:11:36 UTC 2026","testcases.history.HistoryTransferTest","Surefire test","testcases.history.HistoryTransferTest","historyFlopTransferSupervisorTestCSAdmin"
"Add Currency CS Admin Path Dengan Bearer Token Kosong","2526","addCurrencyWithEmptyBearerToken","Surefire suite","Wed Sep 30 13:55:52 UTC 2026","passed","Wed Sep 30 13:55:55 UTC 2026","testcases.backoffice.currency.AddCurrencyTest","Surefire test","testcases.backoffice.currency.AddCurrencyTest","addCurrencyWithEmptyBearerToken"
"Get Notification Sender Menggunakan HTTP Method PUT","8069","getNotificationSenderWithPutMethod","Surefire suite","Wed Sep 30 12:56:49 UTC 2026","passed","Wed Sep 30 12:56:57 UTC 2026","testcases.backoffice.notifsender.NotificationSenderTest","Surefire test","testcases.backoffice.notifsender.NotificationSenderTest","getNotificationSenderWithPutMethod"
"Add Currency CS Admin Path Dengan rate Nol","2452","addCurrencyWithZeroRate","Surefire suite","Wed Sep 30 13:58:41 UTC 2026","passed","Wed Sep 30 13:58:44 UTC 2026","testcases.backoffice.currency.AddCurrencyTest","Surefire test","testcases.backoffice.currency.AddCurrencyTest","addCurrencyWithZeroRate"
"Add Currency CS Admin Path Dengan rate Berupa Boolean","2621","addCurrencyWithBooleanRate","Surefire suite","Wed Sep 30 13:55:20 UTC 2026","passed","Wed Sep 30 13:55:22 UTC 2026","testcases.backoffice.currency.AddCurrencyTest","Surefire test","testcases.backoffice.currency.AddCurrencyTest","addCurrencyWithBooleanRate"
"Get List Group Ke Path yang Tidak Ada (Typo)","1939","getListGroupWithWrongPath","Surefire suite","Wed Sep 30 12:17:48 UTC 2026","passed","Wed Sep 30 12:17:50 UTC 2026","testcases.backoffice.group.GetListGroupTest","Surefire test","testcases.backoffice.group.GetListGroupTest","getListGroupWithWrongPath"
"Add Group Backoffice Tanpa Body Sama Sekali","1577","addGroupWithoutBody","Surefire suite","Wed Sep 30 12:14:50 UTC 2026","passed","Wed Sep 30 12:14:52 UTC 2026","testcases.backoffice.group.AddGroupTest","Surefire test","testcases.backoffice.group.AddGroupTest","addGroupWithoutBody"
"Delete Group Backoffice Dengan Body JSON Tidak Valid (Malformed)","1504","deleteGroupWithMalformedJson","Surefire suite","Wed Sep 30 12:20:33 UTC 2026","passed","Wed Sep 30 12:20:35 UTC 2026","testcases.backoffice.group.DeleteGroupTest","Surefire test","testcases.backoffice.group.DeleteGroupTest","deleteGroupWithMalformedJson"
"Get List Favorite Account Supervisor","11762","getListFavoriteAccountSupervisor","Surefire suite","Wed Sep 30 14:51:44 UTC 2026","passed","Wed Sep 30 14:51:55 UTC 2026","testcases.settings.favoriteaccount.GetListFavoriteAccountTest","Surefire test","testcases.settings.favoriteaccount.GetListFavoriteAccountTest","getListFavoriteAccountSupervisor"
"Add Group Ke Path yang Tidak Ada (Typo)","1476","addGroupWithWrongPath","Surefire suite","Wed Sep 30 12:14:31 UTC 2026","passed","Wed Sep 30 12:14:33 UTC 2026","testcases.backoffice.group.AddGroupTest","Surefire test","testcases.backoffice.group.AddGroupTest","addGroupWithWrongPath"
"Get List Favorite Account Menggunakan HTTP Method GET","1962","getListFavoriteAccountWithGetMethod","Surefire suite","Wed Sep 30 14:52:27 UTC 2026","passed","Wed Sep 30 14:52:29 UTC 2026","testcases.settings.favoriteaccount.GetListFavoriteAccountTest","Surefire test","testcases.settings.favoriteaccount.GetListFavoriteAccountTest","getListFavoriteAccountWithGetMethod"
"Get History Transfer Test Admin","18634","historyTransferTestAdmin","Surefire suite","Wed Sep 30 14:19:28 UTC 2026","passed","Wed Sep 30 14:19:46 UTC 2026","testcases.history.HistoryTransferTest","Surefire test","testcases.history.HistoryTransferTest","historyTransferTestAdmin"
"Success Login CS Admin","3399","testLoginCSAdmin","Surefire suite","Wed Sep 30 12:08:27 UTC 2026","passed","Wed Sep 30 12:08:31 UTC 2026","testcases.auth.LoginTest","Surefire test","testcases.auth.LoginTest","testLoginCSAdmin"
"Create Manage Settlement BO Tanpa Field groupName","6400","addManageSettlementWithoutGroupName","Surefire suite","Wed Sep 30 12:43:58 UTC 2026","passed","Wed Sep 30 12:44:04 UTC 2026","testcases.backoffice.settlement.AddManageSettlementTest","Surefire test","testcases.backoffice.settlement.AddManageSettlementTest","addManageSettlementWithoutGroupName"
"Get Detail Waiting Company Backoffice Menggunakan Login Marketing","4791","getDetailWaitingCompanyWithMarketingLogin","Surefire suite","Wed Sep 30 12:29:51 UTC 2026","passed","Wed Sep 30 12:29:56 UTC 2026","testcases.backoffice.GetDetailWaitingCompanyTest","Surefire test","testcases.backoffice.GetDetailWaitingCompanyTest","getDetailWaitingCompanyWithMarketingLogin"
"Get List Google Authenticator Dengan Field Sort Merujuk ke Kolom yang Tidak Ada","8110","listOtpGoogleWithInvalidSortField","Surefire suite","Wed Sep 30 13:08:23 UTC 2026","passed","Wed Sep 30 13:08:31 UTC 2026","testcases.backoffice.googleauth.ListOtpGoogleTest","Surefire test","testcases.backoffice.googleauth.ListOtpGoogleTest","listOtpGoogleWithInvalidSortField"
"Delete Group Backoffice Menggunakan HTTP Method PUT","1727","deleteGroupWithPutMethod","Surefire suite","Wed Sep 30 12:21:27 UTC 2026","passed","Wed Sep 30 12:21:29 UTC 2026","testcases.backoffice.group.DeleteGroupTest","Surefire test","testcases.backoffice.group.DeleteGroupTest","deleteGroupWithPutMethod"
"Inquiry Favorite Account Supervisor","10446","inquiryFavoriteAccountSupervisor","Surefire suite","Wed Sep 30 13:29:41 UTC 2026","passed","Wed Sep 30 13:29:51 UTC 2026","testcases.settings.favoriteaccount.InquiryFavoriteAccountTest","Surefire test","testcases.settings.favoriteaccount.InquiryFavoriteAccountTest","inquiryFavoriteAccountSupervisor"
"Reset Pin Admin Crypto","5306","resetPinAdminCrypto","Surefire suite","Wed Sep 30 12:12:06 UTC 2026","passed","Wed Sep 30 12:12:12 UTC 2026","testcases.settings.ResetPinTest","Surefire test","testcases.settings.ResetPinTest","resetPinAdminCrypto"
"Get Notification Sender Dengan Field Sort Merujuk ke Kolom yang Tidak Ada","7655","getNotificationSenderWithInvalidSortField","Surefire suite","Wed Sep 30 12:54:31 UTC 2026","passed","Wed Sep 30 12:54:39 UTC 2026","testcases.backoffice.notifsender.NotificationSenderTest","Surefire test","testcases.backoffice.notifsender.NotificationSenderTest","getNotificationSenderWithInvalidSortField"
"List Waiting Company Backoffice Tanpa Login/Header Auth","5134","listWaitingCompanyWithoutAuth","Surefire suite","Wed Sep 30 13:02:27 UTC 2026","passed","Wed Sep 30 13:02:32 UTC 2026","testcases.backoffice.ListWaitingCompanyTest","Surefire test","testcases.backoffice.ListWaitingCompanyTest","listWaitingCompanyWithoutAuth"
"Get Balance Merchant with Login Admin","4878","getFailedBalanceMerchantLoginAdmin","Surefire suite","Wed Sep 30 12:08:52 UTC 2026","passed","Wed Sep 30 12:08:57 UTC 2026","testcases.balance.GetBalanceQrisTest","Surefire test","testcases.balance.GetBalanceQrisTest","getFailedBalanceMerchantLoginAdmin"
"Delete Favorite Account Dengan Header companyId Salah","42120","deleteFavoriteAccountWithWrongCompanyIdHeader","Surefire suite","Wed Sep 30 12:12:16 UTC 2026","failed","Wed Sep 30 12:12:58 UTC 2026","testcases.settings.favoriteaccount.DeleteFavoriteAccountTest","Surefire test","testcases.settings.favoriteaccount.DeleteFavoriteAccountTest","deleteFavoriteAccountWithWrongCompanyIdHeader"
"Get Group Backoffice Dengan Token Tidak Valid","1490","getGroupWithInvalidToken","Surefire suite","Wed Sep 30 12:24:27 UTC 2026","passed","Wed Sep 30 12:24:28 UTC 2026","testcases.backoffice.GetDashboardTest","Surefire test","testcases.backoffice.GetDashboardTest","getGroupWithInvalidToken"
"Create Manage Settlement BO Dengan Token Tidak Valid","1695","addManageSettlementWithInvalidToken","Surefire suite","Wed Sep 30 12:40:59 UTC 2026","passed","Wed Sep 30 12:41:00 UTC 2026","testcases.backoffice.settlement.AddManageSettlementTest","Surefire test","testcases.backoffice.settlement.AddManageSettlementTest","addManageSettlementWithInvalidToken"
"Get List Favorite Account Dengan Body Kosong ({})","1972","getListFavoriteAccountWithEmptyBody","Surefire suite","Wed Sep 30 14:52:17 UTC 2026","passed","Wed Sep 30 14:52:19 UTC 2026","testcases.settings.favoriteaccount.GetListFavoriteAccountTest","Surefire test","testcases.settings.favoriteaccount.GetListFavoriteAccountTest","getListFavoriteAccountWithEmptyBody"
"Get Group Detail Backoffice Dengan Group Id Berisi Payload XSS","5762","getGroupDetailWithXssId","Surefire suite","Wed Sep 30 12:10:52 UTC 2026","passed","Wed Sep 30 12:10:58 UTC 2026","testcases.backoffice.group.GetGroupTest","Surefire test","testcases.backoffice.group.GetGroupTest","getGroupDetailWithXssId"
"Resend Google Authenticator Menggunakan Login Marketing","9624","resendOtpGoogleWithMarketingLogin","Surefire suite","Wed Sep 30 13:01:15 UTC 2026","passed","Wed Sep 30 13:01:25 UTC 2026","testcases.backoffice.googleauth.ResendOtpGoogleTest","Surefire test","testcases.backoffice.googleauth.ResendOtpGoogleTest","resendOtpGoogleWithMarketingLogin"
"Delete Group Backoffice Tanpa Field id","1590","deleteGroupWithoutIdField","Surefire suite","Wed Sep 30 12:22:23 UTC 2026","passed","Wed Sep 30 12:22:24 UTC 2026","testcases.backoffice.group.DeleteGroupTest","Surefire test","testcases.backoffice.group.DeleteGroupTest","deleteGroupWithoutIdField"
"Get Balance Merchant with Login Supervisor","5833","getBalanceMerchantLoginSupervisor","Surefire suite","Wed Sep 30 12:13:20 UTC 2026","passed","Wed Sep 30 12:13:26 UTC 2026","testcases.balance.GetBalanceQrisTest","Surefire test","testcases.balance.GetBalanceQrisTest","getBalanceMerchantLoginSupervisor"
"Get List Group Company BO Menggunakan Login Admin","8547","getListGroupCompanyWithAdminLogin","Surefire suite","Wed Sep 30 12:35:06 UTC 2026","passed","Wed Sep 30 12:35:14 UTC 2026","testcases.backoffice.settlement.GetListGroupCompanyTest","Surefire test","testcases.backoffice.settlement.GetListGroupCompanyTest","getListGroupCompanyWithAdminLogin"
"Get List Group Company BO Ke Path yang Tidak Ada (Typo)","5334","getListGroupCompanyWithWrongPath","Surefire suite","Wed Sep 30 12:37:56 UTC 2026","passed","Wed Sep 30 12:38:01 UTC 2026","testcases.backoffice.settlement.GetListGroupCompanyTest","Surefire test","testcases.backoffice.settlement.GetListGroupCompanyTest","getListGroupCompanyWithWrongPath"
"Add Currency CS Admin Path Dengan Content-Type text/plain","3597","addCurrencyWithWrongContentType","Surefire suite","Wed Sep 30 13:58:23 UTC 2026","passed","Wed Sep 30 13:58:27 UTC 2026","testcases.backoffice.currency.AddCurrencyTest","Surefire test","testcases.backoffice.currency.AddCurrencyTest","addCurrencyWithWrongContentType"
"Created Favorite Account Menggunakan HTTP Method PUT","1865","createdFavoriteAccountWithPutMethod","Surefire suite","Wed Sep 30 12:51:58 UTC 2026","passed","Wed Sep 30 12:51:59 UTC 2026","testcases.settings.favoriteaccount.CreatedFavoriteAccountTest","Surefire test","testcases.settings.favoriteaccount.CreatedFavoriteAccountTest","createdFavoriteAccountWithPutMethod"
"Delete session Merchant on Backoffice","4860","deleteSessionBackoffice","Surefire suite","Wed Sep 30 12:22:36 UTC 2026","passed","Wed Sep 30 12:22:41 UTC 2026","testcases.backoffice.users.EditUserTest","Surefire test","testcases.backoffice.users.EditUserTest","deleteSessionBackoffice"
"Get List Group Backoffice Tanpa Body Sama Sekali","1464","getListGroupWithoutBody","Surefire suite","Wed Sep 30 12:18:08 UTC 2026","passed","Wed Sep 30 12:18:09 UTC 2026","testcases.backoffice.group.GetListGroupTest","Surefire test","testcases.backoffice.group.GetListGroupTest","getListGroupWithoutBody"
"Refund Summary Dengan Karakter SQL Injection pada Field type","2105","getRefundWithSqlInjectionType","Surefire suite","Wed Sep 30 12:53:49 UTC 2026","passed","Wed Sep 30 12:53:51 UTC 2026","testcases.backoffice.refund.GetRefundTest","Surefire test","testcases.backoffice.refund.GetRefundTest","getRefundWithSqlInjectionType"
"Get Balance Merchant with Login Admin Crypto","13854","getBalanceAdminLoginAdminCrypto","Surefire suite","Wed Sep 30 13:20:47 UTC 2026","passed","Wed Sep 30 13:21:01 UTC 2026","testcases.balance.GetBalanceQrisTest","Surefire test","testcases.balance.GetBalanceQrisTest","getBalanceAdminLoginAdminCrypto"
"List Company Backoffice Dengan Ukuran Halaman Sangat Besar","6035","listCompanyWithHugeSize","Surefire suite","Wed Sep 30 13:04:06 UTC 2026","passed","Wed Sep 30 13:04:12 UTC 2026","testcases.backoffice.ListCompanyTest","Surefire test","testcases.backoffice.ListCompanyTest","listCompanyWithHugeSize"
"Get History Transfer Supervisor on Login CS Admin","15686","historyTransferSupervisorTestCSAdmin","Surefire suite","Wed Sep 30 14:18:54 UTC 2026","passed","Wed Sep 30 14:19:10 UTC 2026","testcases.history.HistoryTransferTest","Surefire test","testcases.history.HistoryTransferTest","historyTransferSupervisorTestCSAdmin"
"Created Favorite Account Ke Path yang Tidak Ada (Typo)","1690","createdFavoriteAccountWithWrongPath","Surefire suite","Wed Sep 30 12:52:29 UTC 2026","failed","Wed Sep 30 12:52:30 UTC 2026","testcases.settings.favoriteaccount.CreatedFavoriteAccountTest","Surefire test","testcases.settings.favoriteaccount.CreatedFavoriteAccountTest","createdFavoriteAccountWithWrongPath"
"Mutasi Manual Transfer Balance CS","55099","mutasiManualTransferBalanceCS","Surefire suite","Wed Sep 30 14:30:51 UTC 2026","passed","Wed Sep 30 14:31:46 UTC 2026","testcases.mutasi.MutasiTransferTest","Surefire test","testcases.mutasi.MutasiTransferTest","mutasiManualTransferBalanceCS"
"Get List Favorite Account Dengan Token Tidak Valid","1656","getListFavoriteAccountWithInvalidToken","Surefire suite","Wed Sep 30 14:52:32 UTC 2026","passed","Wed Sep 30 14:52:33 UTC 2026","testcases.settings.favoriteaccount.GetListFavoriteAccountTest","Surefire test","testcases.settings.favoriteaccount.GetListFavoriteAccountTest","getListFavoriteAccountWithInvalidToken"
"Get Balance Marketing","6557","getBalanceMarketing","Surefire suite","Wed Sep 30 12:08:45 UTC 2026","passed","Wed Sep 30 12:08:52 UTC 2026","testcases.balance.GetBalanceQrisTest","Surefire test","testcases.balance.GetBalanceQrisTest","getBalanceMarketing"
"List Refund Dengan Field Sort Merujuk ke Kolom yang Tidak Ada","7949","listRefundWithInvalidSortField","Surefire suite","Wed Sep 30 14:04:37 UTC 2026","passed","Wed Sep 30 14:04:45 UTC 2026","testcases.backoffice.ListRefundTest","Surefire test","testcases.backoffice.ListRefundTest","listRefundWithInvalidSortField"
"Inquiry Favorite Account Menggunakan HTTP Method GET","2641","inquiryFavoriteAccountWithGetMethod","Surefire suite","Wed Sep 30 12:53:49 UTC 2026","passed","Wed Sep 30 12:53:51 UTC 2026","testcases.settings.favoriteaccount.InquiryFavoriteAccountTest","Surefire test","testcases.settings.favoriteaccount.InquiryFavoriteAccountTest","inquiryFavoriteAccountWithGetMethod"
"Normal Manual Transfer Balance Success","12061","manualTransferBalanceAdminCrypto","Surefire suite","Wed Sep 30 12:11:31 UTC 2026","passed","Wed Sep 30 12:11:43 UTC 2026","testcases.transfer.ManualTransferTest","Surefire test","testcases.transfer.ManualTransferTest","manualTransferBalanceAdminCrypto"
"Resend Google Authenticator Menggunakan HTTP Method GET","5208","resendOtpGoogleWithGetMethod","Surefire suite","Wed Sep 30 13:00:38 UTC 2026","passed","Wed Sep 30 13:00:43 UTC 2026","testcases.backoffice.googleauth.ResendOtpGoogleTest","Surefire test","testcases.backoffice.googleauth.ResendOtpGoogleTest","resendOtpGoogleWithGetMethod"
"Get List Google Authenticator Menggunakan Login Customer Service","8160","listOtpGoogleWithCSLogin","Surefire suite","Wed Sep 30 13:07:11 UTC 2026","passed","Wed Sep 30 13:07:19 UTC 2026","testcases.backoffice.googleauth.ListOtpGoogleTest","Surefire test","testcases.backoffice.googleauth.ListOtpGoogleTest","listOtpGoogleWithCSLogin"
"Delete Favorite Account Menggunakan HTTP Method GET","1887","deleteFavoriteAccountWithGetMethod","Surefire suite","Wed Sep 30 12:09:07 UTC 2026","passed","Wed Sep 30 12:09:09 UTC 2026","testcases.settings.favoriteaccount.DeleteFavoriteAccountTest","Surefire test","testcases.settings.favoriteaccount.DeleteFavoriteAccountTest","deleteFavoriteAccountWithGetMethod"
"List Refund Menggunakan Login Merchant","6471","listRefundMarketing","Surefire suite","Wed Sep 30 14:03:08 UTC 2026","passed","Wed Sep 30 14:03:14 UTC 2026","testcases.backoffice.ListRefundTest","Surefire test","testcases.backoffice.ListRefundTest","listRefundMarketing"
"Get Notification Sender Menggunakan Login Merchant","13541","getNotificationSenderWithMerchantLogin","Surefire suite","Wed Sep 30 12:55:21 UTC 2026","passed","Wed Sep 30 12:55:34 UTC 2026","testcases.backoffice.notifsender.NotificationSenderTest","Surefire test","testcases.backoffice.notifsender.NotificationSenderTest","getNotificationSenderWithMerchantLogin"
"Inquiry Test Special Transfer Merchant Supervisor","11039","inquirySpecialTransferSupervisor","Surefire suite","Wed Sep 30 12:08:05 UTC 2026","passed","Wed Sep 30 12:08:16 UTC 2026","testcases.transfer.InquirySpecialTransferTest","Surefire test","testcases.transfer.InquirySpecialTransferTest","inquirySpecialTransferSupervisor"
"Transfer Different Partner Reference, USDT Transfer to Transfer","53378","trfPartnerRefSpecialFailed","Surefire suite","Wed Sep 30 12:28:30 UTC 2026","passed","Wed Sep 30 12:29:23 UTC 2026","testcases.transfer.TransferUSDTTest","Surefire test","testcases.transfer.TransferUSDTTest","trfPartnerRefSpecialFailed"
"Inquiry Test USDT Transfer Admin Crypto","6005","inquiryUSDTAdminCrypto","Surefire suite","Wed Sep 30 12:10:14 UTC 2026","passed","Wed Sep 30 12:10:20 UTC 2026","testcases.transfer.InquiryUSDTTest","Surefire test","testcases.transfer.InquiryUSDTTest","inquiryUSDTAdminCrypto"
"Add Group Backoffice Menggunakan Login Admin","4717","addGroupWithAdminLogin","Surefire suite","Wed Sep 30 12:11:24 UTC 2026","passed","Wed Sep 30 12:11:28 UTC 2026","testcases.backoffice.group.AddGroupTest","Surefire test","testcases.backoffice.group.AddGroupTest","addGroupWithAdminLogin"
"Add Currency CS Admin Path Menggunakan HTTP Method GET","6193","addCurrencyWithGetMethod","Surefire suite","Wed Sep 30 13:56:09 UTC 2026","passed","Wed Sep 30 13:56:15 UTC 2026","testcases.backoffice.currency.AddCurrencyTest","Surefire test","testcases.backoffice.currency.AddCurrencyTest","addCurrencyWithGetMethod"
"Get List Group Backoffice Dengan Body Berupa JSON Array ([])","5323","getListGroupWithArrayBody","Surefire suite","Wed Sep 30 12:15:27 UTC 2026","passed","Wed Sep 30 12:15:32 UTC 2026","testcases.backoffice.group.GetListGroupTest","Surefire test","testcases.backoffice.group.GetListGroupTest","getListGroupWithArrayBody"
"Normal Flop Transfer Balance Success","12700","flopTransferBalance","Surefire suite","Wed Sep 30 12:30:19 UTC 2026","passed","Wed Sep 30 12:30:32 UTC 2026","testcases.transfer.TransferFlopTest","Surefire test","testcases.transfer.TransferFlopTest","flopTransferBalance"
"Create Manage Settlement BO Menggunakan Login Marketing","5020","addManageSettlementWithMarketingLogin","Surefire suite","Wed Sep 30 12:41:27 UTC 2026","passed","Wed Sep 30 12:41:32 UTC 2026","testcases.backoffice.settlement.AddManageSettlementTest","Surefire test","testcases.backoffice.settlement.AddManageSettlementTest","addManageSettlementWithMarketingLogin"
"Create Manage Settlement BO Menggunakan Login CS Admin","6885","addManageSettlementWithCSAdminLogin","Surefire suite","Wed Sep 30 12:39:23 UTC 2026","passed","Wed Sep 30 12:39:30 UTC 2026","testcases.backoffice.settlement.AddManageSettlementTest","Surefire test","testcases.backoffice.settlement.AddManageSettlementTest","addManageSettlementWithCSAdminLogin"
"List Currency USDT Dengan Token Backoffice Valid Tapi Tanpa Header pbyv","1533","getCurrencyWithoutPbyvHeader","Surefire suite","Wed Sep 30 12:34:45 UTC 2026","passed","Wed Sep 30 12:34:47 UTC 2026","testcases.backoffice.currency.GetCurrencyTest","Surefire test","testcases.backoffice.currency.GetCurrencyTest","getCurrencyWithoutPbyvHeader"
"Test Approved Manual Transfer Supervisor","27429","approvedCashDepositSupervisor","Surefire suite","Wed Sep 30 13:41:04 UTC 2026","passed","Wed Sep 30 13:41:32 UTC 2026","testcases.backoffice.ApprovalTransferTest","Surefire test","testcases.backoffice.ApprovalTransferTest","approvedCashDepositSupervisor"
"Get Notification Sender Menggunakan HTTP Method PATCH","9004","getNotificationSenderWithPatchMethod","Surefire suite","Wed Sep 30 12:56:37 UTC 2026","passed","Wed Sep 30 12:56:46 UTC 2026","testcases.backoffice.notifsender.NotificationSenderTest","Surefire test","testcases.backoffice.notifsender.NotificationSenderTest","getNotificationSenderWithPatchMethod"
"Get Group Detail Backoffice Tanpa Group Id (Path Kosong)","7544","getGroupDetailWithEmptyId","Surefire suite","Wed Sep 30 12:08:42 UTC 2026","passed","Wed Sep 30 12:08:50 UTC 2026","testcases.backoffice.group.GetGroupTest","Surefire test","testcases.backoffice.group.GetGroupTest","getGroupDetailWithEmptyId"
"Get List Google Authenticator Dengan Body Berupa Literal null","6152","listOtpGoogleWithNullLiteralBody","Surefire suite","Wed Sep 30 13:09:43 UTC 2026","passed","Wed Sep 30 13:09:49 UTC 2026","testcases.backoffice.googleauth.ListOtpGoogleTest","Surefire test","testcases.backoffice.googleauth.ListOtpGoogleTest","listOtpGoogleWithNullLiteralBody"
"Created Favorite Account Tanpa Field beneficiaryBankCode","1704","createdFavoriteAccountWithoutBeneficiaryBankCodeField","Surefire suite","Wed Sep 30 12:52:49 UTC 2026","failed","Wed Sep 30 12:52:51 UTC 2026","testcases.settings.favoriteaccount.CreatedFavoriteAccountTest","Surefire test","testcases.settings.favoriteaccount.CreatedFavoriteAccountTest","createdFavoriteAccountWithoutBeneficiaryBankCodeField"
"Get Notification Sender Dengan Header Authorization Tanpa Skema Bearer","1806","getNotificationSenderWithMalformedAuthorizationHeader","Surefire suite","Wed Sep 30 12:54:47 UTC 2026","passed","Wed Sep 30 12:54:49 UTC 2026","testcases.backoffice.notifsender.NotificationSenderTest","Surefire test","testcases.backoffice.notifsender.NotificationSenderTest","getNotificationSenderWithMalformedAuthorizationHeader"
"Get List Google Authenticator Dengan Sort Tanpa Operator '=='","6446","listOtpGoogleWithMalformedSortOperator","Surefire suite","Wed Sep 30 13:09:04 UTC 2026","passed","Wed Sep 30 13:09:10 UTC 2026","testcases.backoffice.googleauth.ListOtpGoogleTest","Surefire test","testcases.backoffice.googleauth.ListOtpGoogleTest","listOtpGoogleWithMalformedSortOperator"
"Add Group Backoffice Dengan Header pbyv Salah","1444","addGroupWithWrongPbyvHeader","Surefire suite","Wed Sep 30 12:14:36 UTC 2026","passed","Wed Sep 30 12:14:37 UTC 2026","testcases.backoffice.group.AddGroupTest","Surefire test","testcases.backoffice.group.AddGroupTest","addGroupWithWrongPbyvHeader"
"Resend Google Authenticator Dengan email Kosong","6161","resendOtpGoogleWithEmptyEmail","Surefire suite","Wed Sep 30 13:00:23 UTC 2026","passed","Wed Sep 30 13:00:29 UTC 2026","testcases.backoffice.googleauth.ResendOtpGoogleTest","Surefire test","testcases.backoffice.googleauth.ResendOtpGoogleTest","resendOtpGoogleWithEmptyEmail"
"Get History QR Paid Merchant on login CS Admin","13331","historyQRPaidMerchantCSAdmin","Surefire suite","Wed Sep 30 13:13:45 UTC 2026","passed","Wed Sep 30 13:13:58 UTC 2026","testcases.history.HistoryQRTest","Surefire test","testcases.history.HistoryQRTest","historyQRPaidMerchantCSAdmin"
"Mutasi USDT Transfer Balance CS","23384","mutasiUSDTTransferBalanceCS","Surefire suite","Wed Sep 30 14:45:10 UTC 2026","broken","Wed Sep 30 14:45:34 UTC 2026","testcases.mutasi.MutasiTransferTest","Surefire test","testcases.mutasi.MutasiTransferTest","mutasiUSDTTransferBalanceCS"
"Inquiry Favorite Account Dengan Body Berupa Literal null","1673","inquiryFavoriteAccountWithNullLiteralBody","Surefire suite","Wed Sep 30 12:54:16 UTC 2026","passed","Wed Sep 30 12:54:18 UTC 2026","testcases.settings.favoriteaccount.InquiryFavoriteAccountTest","Surefire test","testcases.settings.favoriteaccount.InquiryFavoriteAccountTest","inquiryFavoriteAccountWithNullLiteralBody"
"Get Balance Merchant with Login Admin","6953","getBalanceAdmin","Surefire suite","Wed Sep 30 12:08:33 UTC 2026","passed","Wed Sep 30 12:08:40 UTC 2026","testcases.balance.GetBalanceQrisTest","Surefire test","testcases.balance.GetBalanceQrisTest","getBalanceAdmin"
"Success Login Customer Service","3584","testLoginCS","Surefire suite","Wed Sep 30 12:08:21 UTC 2026","passed","Wed Sep 30 12:08:24 UTC 2026","testcases.auth.LoginTest","Surefire test","testcases.auth.LoginTest","testLoginCS"
"Delete Google Authenticator Menggunakan Login CS Admin","4879","deleteOtpGoogleWithCSAdminLogin","Surefire suite","Wed Sep 30 12:25:40 UTC 2026","passed","Wed Sep 30 12:25:45 UTC 2026","testcases.backoffice.googleauth.DeleteOtpGoogleTest","Surefire test","testcases.backoffice.googleauth.DeleteOtpGoogleTest","deleteOtpGoogleWithCSAdminLogin"
"Get List Group Backoffice Dengan page Melebihi Total Halaman","1630","getListGroupWithPageBeyondTotalPages","Surefire suite","Wed Sep 30 12:17:06 UTC 2026","passed","Wed Sep 30 12:17:07 UTC 2026","testcases.backoffice.group.GetListGroupTest","Surefire test","testcases.backoffice.group.GetListGroupTest","getListGroupWithPageBeyondTotalPages"
"Delete Google Authenticator Menggunakan HTTP Method PATCH","5127","deleteOtpGoogleWithPatchMethod","Surefire suite","Wed Sep 30 12:27:13 UTC 2026","passed","Wed Sep 30 12:27:19 UTC 2026","testcases.backoffice.googleauth.DeleteOtpGoogleTest","Surefire test","testcases.backoffice.googleauth.DeleteOtpGoogleTest","deleteOtpGoogleWithPatchMethod"
"Add Group Backoffice Dengan Token Backoffice Valid Tapi Tanpa Header pbyv","1624","addGroupWithoutPbyvHeader","Surefire suite","Wed Sep 30 12:15:00 UTC 2026","passed","Wed Sep 30 12:15:01 UTC 2026","testcases.backoffice.group.AddGroupTest","Surefire test","testcases.backoffice.group.AddGroupTest","addGroupWithoutPbyvHeader"
"Get List Group Backoffice Menggunakan Login CS Admin","4678","getListGroupWithCSAdminLogin","Surefire suite","Wed Sep 30 12:15:35 UTC 2026","passed","Wed Sep 30 12:15:40 UTC 2026","testcases.backoffice.group.GetListGroupTest","Surefire test","testcases.backoffice.group.GetListGroupTest","getListGroupWithCSAdminLogin"
"Get List Favorite Account Menggunakan HTTP Method DELETE","2768","getListFavoriteAccountWithDeleteMethod","Surefire suite","Wed Sep 30 14:52:11 UTC 2026","passed","Wed Sep 30 14:52:14 UTC 2026","testcases.settings.favoriteaccount.GetListFavoriteAccountTest","Surefire test","testcases.settings.favoriteaccount.GetListFavoriteAccountTest","getListFavoriteAccountWithDeleteMethod"
"Normal Flop Supervisor Transfer Success","9240","flopTransferSupervisor","Surefire suite","Wed Sep 30 12:12:32 UTC 2026","passed","Wed Sep 30 12:12:41 UTC 2026","testcases.transfer.TransferFlopTest","Surefire test","testcases.transfer.TransferFlopTest","flopTransferSupervisor"
"Inquiry Favorite Account Dengan Body Kosong ({})","1812","inquiryFavoriteAccountWithEmptyBody","Surefire suite","Wed Sep 30 12:53:38 UTC 2026","passed","Wed Sep 30 12:53:39 UTC 2026","testcases.settings.favoriteaccount.InquiryFavoriteAccountTest","Surefire test","testcases.settings.favoriteaccount.InquiryFavoriteAccountTest","inquiryFavoriteAccountWithEmptyBody"
"Get Notification Sender Dengan Field Tidak Dikenal pada Body","9241","getNotificationSenderWithUnknownField","Surefire suite","Wed Sep 30 12:57:33 UTC 2026","passed","Wed Sep 30 12:57:42 UTC 2026","testcases.backoffice.notifsender.NotificationSenderTest","Surefire test","testcases.backoffice.notifsender.NotificationSenderTest","getNotificationSenderWithUnknownField"
"Delete Google Authenticator Menggunakan HTTP Method POST","4518","deleteOtpGoogleWithPostMethod","Surefire suite","Wed Sep 30 12:27:22 UTC 2026","passed","Wed Sep 30 12:27:26 UTC 2026","testcases.backoffice.googleauth.DeleteOtpGoogleTest","Surefire test","testcases.backoffice.googleauth.DeleteOtpGoogleTest","deleteOtpGoogleWithPostMethod"
"Inquiry Favorite Account Dengan Token Valid Tapi Tanpa Header credentialId","7589","inquiryFavoriteAccountWithoutCredentialIdHeader","Surefire suite","Wed Sep 30 12:55:28 UTC 2026","failed","Wed Sep 30 12:55:35 UTC 2026","testcases.settings.favoriteaccount.InquiryFavoriteAccountTest","Surefire test","testcases.settings.favoriteaccount.InquiryFavoriteAccountTest","inquiryFavoriteAccountWithoutCredentialIdHeader"
"Get User Backoffice Menggunakan Login Admin Crypto","4859","getUserWithAdminCryptoLogin","Surefire suite","Wed Sep 30 12:24:52 UTC 2026","passed","Wed Sep 30 12:24:57 UTC 2026","testcases.backoffice.GetDashboardTest","Surefire test","testcases.backoffice.GetDashboardTest","getUserWithAdminCryptoLogin"
"Inquiry Test Special Transfer Merchant","4862","inquirySpecialTransfer","Surefire suite","Wed Sep 30 12:30:47 UTC 2026","passed","Wed Sep 30 12:30:52 UTC 2026","testcases.transfer.InquirySpecialTransferTest","Surefire test","testcases.transfer.InquirySpecialTransferTest","inquirySpecialTransfer"
"Get List Group Backoffice Dengan Body JSON Tidak Valid (Malformed)","1504","getListGroupWithMalformedJson","Surefire suite","Wed Sep 30 12:16:27 UTC 2026","passed","Wed Sep 30 12:16:29 UTC 2026","testcases.backoffice.group.GetListGroupTest","Surefire test","testcases.backoffice.group.GetListGroupTest","getListGroupWithMalformedJson"
"Login Merchant dengan Username Tidak Terdaftar","3290","testLoginNonExistentUsername","Surefire suite","Wed Sep 30 12:33:11 UTC 2026","passed","Wed Sep 30 12:33:14 UTC 2026","testcases.auth.LoginTest","Surefire test","testcases.auth.LoginTest","testLoginNonExistentUsername"
"Add Currency CS Admin Path Menggunakan Login Backoffice","6258","addCurrencyWithBackofficeLogin","Surefire suite","Wed Sep 30 13:55:11 UTC 2026","passed","Wed Sep 30 13:55:17 UTC 2026","testcases.backoffice.currency.AddCurrencyTest","Surefire test","testcases.backoffice.currency.AddCurrencyTest","addCurrencyWithBackofficeLogin"
"Get List Google Authenticator Menggunakan HTTP Method DELETE","13307","listOtpGoogleWithDeleteMethod","Surefire suite","Wed Sep 30 13:07:22 UTC 2026","passed","Wed Sep 30 13:07:35 UTC 2026","testcases.backoffice.googleauth.ListOtpGoogleTest","Surefire test","testcases.backoffice.googleauth.ListOtpGoogleTest","listOtpGoogleWithDeleteMethod"
"Delete Favorite Account Dengan Token Valid Tapi Tanpa Header credentialId","44191","deleteFavoriteAccountWithoutCredentialIdHeader","Surefire suite","Wed Sep 30 12:15:36 UTC 2026","failed","Wed Sep 30 12:16:20 UTC 2026","testcases.settings.favoriteaccount.DeleteFavoriteAccountTest","Surefire test","testcases.settings.favoriteaccount.DeleteFavoriteAccountTest","deleteFavoriteAccountWithoutCredentialIdHeader"
"Delete Group Backoffice Menggunakan Login Customer Service","4690","deleteGroupWithCSLogin","Surefire suite","Wed Sep 30 12:19:40 UTC 2026","passed","Wed Sep 30 12:19:45 UTC 2026","testcases.backoffice.group.DeleteGroupTest","Surefire test","testcases.backoffice.group.DeleteGroupTest","deleteGroupWithCSLogin"
"Success Assignment USDT","20884","assignUSDTTest","Surefire suite","Wed Sep 30 12:51:55 UTC 2026","failed","Wed Sep 30 12:52:16 UTC 2026","testcases.backoffice.TransferAssignmentTest","Surefire test","testcases.backoffice.TransferAssignmentTest","assignUSDTTest"
"Delete Group Backoffice Dengan Token Backoffice Valid Tapi Tanpa Header pbyv","1493","deleteGroupWithoutPbyvHeader","Surefire suite","Wed Sep 30 12:22:32 UTC 2026","passed","Wed Sep 30 12:22:33 UTC 2026","testcases.backoffice.group.DeleteGroupTest","Surefire test","testcases.backoffice.group.DeleteGroupTest","deleteGroupWithoutPbyvHeader"
"Create Manage Settlement BO Dengan groupName Berupa null","5072","addManageSettlementWithNullGroupName","Surefire suite","Wed Sep 30 12:41:57 UTC 2026","passed","Wed Sep 30 12:42:02 UTC 2026","testcases.backoffice.settlement.AddManageSettlementTest","Surefire test","testcases.backoffice.settlement.AddManageSettlementTest","addManageSettlementWithNullGroupName"
"List User Backoffice Menggunakan Login Supervisor","5283","listUsersWithSupervisorLogin","Surefire suite","Wed Sep 30 12:58:54 UTC 2026","passed","Wed Sep 30 12:58:59 UTC 2026","testcases.backoffice.users.ListUsersTest","Surefire test","testcases.backoffice.users.ListUsersTest","listUsersWithSupervisorLogin"
"Refund Summary Tanpa Login/Header Auth","1791","getRefundWithoutAuth","Surefire suite","Wed Sep 30 12:54:30 UTC 2026","passed","Wed Sep 30 12:54:32 UTC 2026","testcases.backoffice.refund.GetRefundTest","Surefire test","testcases.backoffice.refund.GetRefundTest","getRefundWithoutAuth"
"Test Approved USDT Supervisor","23590","approvedUSDTSupervisor","Surefire suite","Wed Sep 30 13:45:01 UTC 2026","broken","Wed Sep 30 13:45:25 UTC 2026","testcases.backoffice.ApprovalTransferTest","Surefire test","testcases.backoffice.ApprovalTransferTest","approvedUSDTSupervisor"
"Inquiry Favorite Account Tanpa Body Sama Sekali","5884","inquiryFavoriteAccountWithoutBody","Surefire suite","Wed Sep 30 12:55:19 UTC 2026","passed","Wed Sep 30 12:55:25 UTC 2026","testcases.settings.favoriteaccount.InquiryFavoriteAccountTest","Surefire test","testcases.settings.favoriteaccount.InquiryFavoriteAccountTest","inquiryFavoriteAccountWithoutBody"
"List Currency USDT Menggunakan Login Supervisor","5168","getCurrencyWithSupervisorLogin","Surefire suite","Wed Sep 30 12:34:04 UTC 2026","passed","Wed Sep 30 12:34:09 UTC 2026","testcases.backoffice.currency.GetCurrencyTest","Surefire test","testcases.backoffice.currency.GetCurrencyTest","getCurrencyWithSupervisorLogin"
"List Currency USDT Backoffice","4710","getCurrencyBO","Surefire suite","Wed Sep 30 12:31:34 UTC 2026","passed","Wed Sep 30 12:31:38 UTC 2026","testcases.backoffice.currency.GetCurrencyTest","Surefire test","testcases.backoffice.currency.GetCurrencyTest","getCurrencyBO"
"Get Balance Merchant with Login CS","9341","getBalanceMerchantLoginCS","Surefire suite","Wed Sep 30 12:08:08 UTC 2026","passed","Wed Sep 30 12:08:18 UTC 2026","testcases.balance.GetBalanceQrisTest","Surefire test","testcases.balance.GetBalanceQrisTest","getBalanceMerchantLoginCS"
"Transfer Different Partner Reference, USDT Transfer to Manual Transfer","57078","trfPartnerRefUSDTFailed","Surefire suite","Wed Sep 30 13:01:02 UTC 2026","failed","Wed Sep 30 13:01:59 UTC 2026","testcases.transfer.ManualTransferTest","Surefire test","testcases.transfer.ManualTransferTest","trfPartnerRefUSDTFailed"
"List Company Backoffice Menggunakan HTTP Method GET","7425","listCompanyWithGetMethod","Surefire suite","Wed Sep 30 13:03:55 UTC 2026","passed","Wed Sep 30 13:04:02 UTC 2026","testcases.backoffice.ListCompanyTest","Surefire test","testcases.backoffice.ListCompanyTest","listCompanyWithGetMethod"
"Delete Google Authenticator Dengan id Milik Entitas Lain (Group Id)","4745","deleteOtpGoogleWithForeignEntityId","Surefire suite","Wed Sep 30 12:26:18 UTC 2026","passed","Wed Sep 30 12:26:23 UTC 2026","testcases.backoffice.googleauth.DeleteOtpGoogleTest","Surefire test","testcases.backoffice.googleauth.DeleteOtpGoogleTest","deleteOtpGoogleWithForeignEntityId"
"Delete Manage Settlement BO Menggunakan Login Admin","10866","deleteManageSettlementWithAdminLogin","Surefire suite","Wed Sep 30 12:44:45 UTC 2026","passed","Wed Sep 30 12:44:55 UTC 2026","testcases.backoffice.settlement.DeleteManageSettlementTest","Surefire test","testcases.backoffice.settlement.DeleteManageSettlementTest","deleteManageSettlementWithAdminLogin"
"Reset Pin Backoffice","5493","resetPinBackoffice","Surefire suite","Wed Sep 30 13:09:46 UTC 2026","passed","Wed Sep 30 13:09:51 UTC 2026","testcases.settings.ResetPinTest","Surefire test","testcases.settings.ResetPinTest","resetPinBackoffice"
"Get List Favorite Account Dengan Body Berupa JSON Array ([])","9997","getListFavoriteAccountWithArrayBody","Surefire suite","Wed Sep 30 14:51:58 UTC 2026","passed","Wed Sep 30 14:52:08 UTC 2026","testcases.settings.favoriteaccount.GetListFavoriteAccountTest","Surefire test","testcases.settings.favoriteaccount.GetListFavoriteAccountTest","getListFavoriteAccountWithArrayBody"
"Success Login Merchant","3416","testLoginWithCaptcha","Surefire suite","Wed Sep 30 12:33:38 UTC 2026","passed","Wed Sep 30 12:33:41 UTC 2026","testcases.auth.LoginTest","Surefire test","testcases.auth.LoginTest","testLoginWithCaptcha"
"Get History Special Transfer Test Admin Crypto","10365","historySpecialTransferTestAdminCrypto","Surefire suite","Wed Sep 30 14:17:18 UTC 2026","passed","Wed Sep 30 14:17:29 UTC 2026","testcases.history.HistoryTransferTest","Surefire test","testcases.history.HistoryTransferTest","historySpecialTransferTestAdminCrypto"
"Get User Backoffice Menggunakan Login Merchant","5123","getUserWithMerchantLogin","Surefire suite","Wed Sep 30 12:25:04 UTC 2026","passed","Wed Sep 30 12:25:09 UTC 2026","testcases.backoffice.GetDashboardTest","Surefire test","testcases.backoffice.GetDashboardTest","getUserWithMerchantLogin"
"Get List Group Company BO Dengan groupName Berisi Payload XSS","6349","getListGroupCompanyWithXssGroupName","Surefire suite","Wed Sep 30 12:38:04 UTC 2026","passed","Wed Sep 30 12:38:10 UTC 2026","testcases.backoffice.settlement.GetListGroupCompanyTest","Surefire test","testcases.backoffice.settlement.GetListGroupCompanyTest","getListGroupCompanyWithXssGroupName"
"Get List Favorite Account Menggunakan HTTP Method PATCH","1602","getListFavoriteAccountWithPatchMethod","Surefire suite","Wed Sep 30 14:53:07 UTC 2026","passed","Wed Sep 30 14:53:08 UTC 2026","testcases.settings.favoriteaccount.GetListFavoriteAccountTest","Surefire test","testcases.settings.favoriteaccount.GetListFavoriteAccountTest","getListFavoriteAccountWithPatchMethod"
"Create Manage Settlement BO Dengan companyList Kosong ([])","4931","addManageSettlementWithEmptyCompanyList","Surefire suite","Wed Sep 30 12:40:20 UTC 2026","passed","Wed Sep 30 12:40:25 UTC 2026","testcases.backoffice.settlement.AddManageSettlementTest","Surefire test","testcases.backoffice.settlement.AddManageSettlementTest","addManageSettlementWithEmptyCompanyList"
"List Manage Settlement Backoffice Menggunakan Login Customer Service","5181","listManageSettlementWithCSLogin","Surefire suite","Wed Sep 30 13:05:15 UTC 2026","passed","Wed Sep 30 13:05:21 UTC 2026","testcases.backoffice.settlement.ManageSettlementTest","Surefire test","testcases.backoffice.settlement.ManageSettlementTest","listManageSettlementWithCSLogin"
"List Currency USDT Menggunakan Login Customer Service","6302","getCurrencyWithCSLogin","Surefire suite","Wed Sep 30 12:32:17 UTC 2026","passed","Wed Sep 30 12:32:23 UTC 2026","testcases.backoffice.currency.GetCurrencyTest","Surefire test","testcases.backoffice.currency.GetCurrencyTest","getCurrencyWithCSLogin"
"Get Group Detail Backoffice Dengan Header Authorization Tanpa Skema Bearer","1630","getGroupDetailWithMalformedAuthorizationHeader","Surefire suite","Wed Sep 30 12:09:20 UTC 2026","passed","Wed Sep 30 12:09:22 UTC 2026","testcases.backoffice.group.GetGroupTest","Surefire test","testcases.backoffice.group.GetGroupTest","getGroupDetailWithMalformedAuthorizationHeader"
"Get Detail Waiting Company Backoffice Menggunakan HTTP Method PUT","5513","getDetailWaitingCompanyWithPutMethod","Surefire suite","Wed Sep 30 12:30:47 UTC 2026","passed","Wed Sep 30 12:30:53 UTC 2026","testcases.backoffice.GetDetailWaitingCompanyTest","Surefire test","testcases.backoffice.GetDetailWaitingCompanyTest","getDetailWaitingCompanyWithPutMethod"
"Delete Google Authenticator Ke Path yang Tidak Ada (Typo)","4942","deleteOtpGoogleWithWrongPath","Surefire suite","Wed Sep 30 12:28:03 UTC 2026","passed","Wed Sep 30 12:28:08 UTC 2026","testcases.backoffice.googleauth.DeleteOtpGoogleTest","Surefire test","testcases.backoffice.googleauth.DeleteOtpGoogleTest","deleteOtpGoogleWithWrongPath"
"List Currency USDT Dengan Header Authorization Tanpa Skema Bearer","1514","getCurrencyWithMalformedAuthorizationHeader","Surefire suite","Wed Sep 30 12:33:09 UTC 2026","passed","Wed Sep 30 12:33:10 UTC 2026","testcases.backoffice.currency.GetCurrencyTest","Surefire test","testcases.backoffice.currency.GetCurrencyTest","getCurrencyWithMalformedAuthorizationHeader"
"List Currency USDT Dengan Token Kadaluarsa","1995","getCurrencyWithExpiredToken","Surefire suite","Wed Sep 30 12:32:36 UTC 2026","passed","Wed Sep 30 12:32:38 UTC 2026","testcases.backoffice.currency.GetCurrencyTest","Surefire test","testcases.backoffice.currency.GetCurrencyTest","getCurrencyWithExpiredToken"
"Refund Summary Dengan type Bertipe Angka (Bukan String)","1748","getRefundWithNumericType","Surefire suite","Wed Sep 30 12:53:28 UTC 2026","passed","Wed Sep 30 12:53:29 UTC 2026","testcases.backoffice.refund.GetRefundTest","Surefire test","testcases.backoffice.refund.GetRefundTest","getRefundWithNumericType"
"Inquiry Favorite Account Dengan beneficiaryAccountNo String Kosong","1866","inquiryFavoriteAccountWithEmptyBeneficiaryAccountNo","Surefire suite","Wed Sep 30 12:53:33 UTC 2026","passed","Wed Sep 30 12:53:35 UTC 2026","testcases.settings.favoriteaccount.InquiryFavoriteAccountTest","Surefire test","testcases.settings.favoriteaccount.InquiryFavoriteAccountTest","inquiryFavoriteAccountWithEmptyBeneficiaryAccountNo"
"Get History Flop Transfer Test Supervisor","12987","historyFlopTransferTestSupervisor","Surefire suite","Wed Sep 30 14:13:00 UTC 2026","passed","Wed Sep 30 14:13:13 UTC 2026","testcases.history.HistoryTransferTest","Surefire test","testcases.history.HistoryTransferTest","historyFlopTransferTestSupervisor"
"Transfer with Wrong Pin","49106","transferWrongPin","Surefire suite","Wed Sep 30 12:26:45 UTC 2026","failed","Wed Sep 30 12:27:34 UTC 2026","testcases.transfer.TransferUSDTTest","Surefire test","testcases.transfer.TransferUSDTTest","transferWrongPin"
"Mutasi USDT Transfer Balance","25990","mutasiUSDTTransferBalanceSupervisor","Surefire suite","Wed Sep 30 14:45:37 UTC 2026","broken","Wed Sep 30 14:46:03 UTC 2026","testcases.mutasi.MutasiTransferTest","Surefire test","testcases.mutasi.MutasiTransferTest","mutasiUSDTTransferBalanceSupervisor"
"Inquiry Favorite Account Menggunakan HTTP Method PATCH","1761","inquiryFavoriteAccountWithPatchMethod","Surefire suite","Wed Sep 30 12:54:21 UTC 2026","passed","Wed Sep 30 12:54:23 UTC 2026","testcases.settings.favoriteaccount.InquiryFavoriteAccountTest","Surefire test","testcases.settings.favoriteaccount.InquiryFavoriteAccountTest","inquiryFavoriteAccountWithPatchMethod"
"List Waiting Company Backoffice Dengan Body JSON Tidak Valid (Malformed)","9341","listWaitingCompanyWithMalformedJson","Surefire suite","Wed Sep 30 13:01:07 UTC 2026","passed","Wed Sep 30 13:01:16 UTC 2026","testcases.backoffice.ListWaitingCompanyTest","Surefire test","testcases.backoffice.ListWaitingCompanyTest","listWaitingCompanyWithMalformedJson"
"Add Group Backoffice Dengan name Sangat Panjang","1689","addGroupWithVeryLongName","Surefire suite","Wed Sep 30 12:14:18 UTC 2026","passed","Wed Sep 30 12:14:19 UTC 2026","testcases.backoffice.group.AddGroupTest","Surefire test","testcases.backoffice.group.AddGroupTest","addGroupWithVeryLongName"
"Get Group Detail Backoffice Dengan Path Traversal pada Group Id","4501","getGroupDetailWithPathTraversalId","Surefire suite","Wed Sep 30 12:10:04 UTC 2026","passed","Wed Sep 30 12:10:09 UTC 2026","testcases.backoffice.group.GetGroupTest","Surefire test","testcases.backoffice.group.GetGroupTest","getGroupDetailWithPathTraversalId"
"Edit Company Cs Admin","5282","editCompanyCsAdmin","Surefire suite","Wed Sep 30 12:09:03 UTC 2026","passed","Wed Sep 30 12:09:09 UTC 2026","testcases.backoffice.users.EditUserTest","Surefire test","testcases.backoffice.users.EditUserTest","editCompanyCsAdmin"
"Mutasi Special Transfer Balance CS","41985","mutasiSpecialTransferBalanceCS","Surefire suite","Wed Sep 30 14:37:54 UTC 2026","passed","Wed Sep 30 14:38:36 UTC 2026","testcases.mutasi.MutasiTransferTest","Surefire test","testcases.mutasi.MutasiTransferTest","mutasiSpecialTransferBalanceCS"
"Mutasi Transfer CS","14973","mutasiTransferCS","Surefire suite","Wed Sep 30 14:42:44 UTC 2026","passed","Wed Sep 30 14:42:59 UTC 2026","testcases.mutasi.MutasiTransferTest","Surefire test","testcases.mutasi.MutasiTransferTest","mutasiTransferCS"
"Delete Manage Settlement BO Dengan id Milik Entitas Lain (Group Id)","6253","deleteManageSettlementWithForeignEntityId","Surefire suite","Wed Sep 30 12:45:58 UTC 2026","passed","Wed Sep 30 12:46:04 UTC 2026","testcases.backoffice.settlement.DeleteManageSettlementTest","Surefire test","testcases.backoffice.settlement.DeleteManageSettlementTest","deleteManageSettlementWithForeignEntityId"
"List Manage Settlement Backoffice Tanpa Login/Header Auth","1630","listManageSettlementWithoutAuth","Surefire suite","Wed Sep 30 13:09:10 UTC 2026","passed","Wed Sep 30 13:09:12 UTC 2026","testcases.backoffice.settlement.ManageSettlementTest","Surefire test","testcases.backoffice.settlement.ManageSettlementTest","listManageSettlementWithoutAuth"
"List User Backoffice Dengan Tipe Data Salah pada Field Limit (String, Bukan Integer)","7818","listUsersWithInvalidFieldType","Surefire suite","Wed Sep 30 12:57:27 UTC 2026","passed","Wed Sep 30 12:57:34 UTC 2026","testcases.backoffice.users.ListUsersTest","Surefire test","testcases.backoffice.users.ListUsersTest","listUsersWithInvalidFieldType"
"Get History QR Supervisor","16816","historyQRTestSupervisor","Surefire suite","Wed Sep 30 13:15:29 UTC 2026","passed","Wed Sep 30 13:15:46 UTC 2026","testcases.history.HistoryQRTest","Surefire test","testcases.history.HistoryQRTest","historyQRTestSupervisor"
"List Refund Menggunakan Login Merchant","8084","listRefundWithMerchantLogin","Surefire suite","Wed Sep 30 14:05:17 UTC 2026","passed","Wed Sep 30 14:05:25 UTC 2026","testcases.backoffice.ListRefundTest","Surefire test","testcases.backoffice.ListRefundTest","listRefundWithMerchantLogin"
"Get History QR Admin Success Paid","16929","historyQRTestPaidAdmin","Surefire suite","Wed Sep 30 13:14:33 UTC 2026","broken","Wed Sep 30 13:14:50 UTC 2026","testcases.history.HistoryQRTest","Surefire test","testcases.history.HistoryQRTest","historyQRTestPaidAdmin"
"Get List Group Company BO Menggunakan Login Merchant","7141","getListGroupCompanyWithMerchantLogin","Surefire suite","Wed Sep 30 12:36:26 UTC 2026","passed","Wed Sep 30 12:36:33 UTC 2026","testcases.backoffice.settlement.GetListGroupCompanyTest","Surefire test","testcases.backoffice.settlement.GetListGroupCompanyTest","getListGroupCompanyWithMerchantLogin"
"Get Notification Sender Menggunakan Login Marketing","5288","getNotificationSenderWithMarketingLogin","Surefire suite","Wed Sep 30 12:55:13 UTC 2026","passed","Wed Sep 30 12:55:18 UTC 2026","testcases.backoffice.notifsender.NotificationSenderTest","Surefire test","testcases.backoffice.notifsender.NotificationSenderTest","getNotificationSenderWithMarketingLogin"
"Get Group Detail Backoffice Dengan Group Id Milik Entitas Lain (User Id)","4725","getGroupDetailWithForeignEntityId","Surefire suite","Wed Sep 30 12:08:57 UTC 2026","passed","Wed Sep 30 12:09:02 UTC 2026","testcases.backoffice.group.GetGroupTest","Surefire test","testcases.backoffice.group.GetGroupTest","getGroupDetailWithForeignEntityId"
"Resend Google Authenticator Dengan Body Berupa Literal null","10478","resendOtpGoogleWithNullLiteralBody","Surefire suite","Wed Sep 30 13:01:58 UTC 2026","passed","Wed Sep 30 13:02:08 UTC 2026","testcases.backoffice.googleauth.ResendOtpGoogleTest","Surefire test","testcases.backoffice.googleauth.ResendOtpGoogleTest","resendOtpGoogleWithNullLiteralBody"
"Resend Google Authenticator Menggunakan Login Admin","7178","resendOtpGoogleWithAdminLogin","Surefire suite","Wed Sep 30 12:59:15 UTC 2026","passed","Wed Sep 30 12:59:22 UTC 2026","testcases.backoffice.googleauth.ResendOtpGoogleTest","Surefire test","testcases.backoffice.googleauth.ResendOtpGoogleTest","resendOtpGoogleWithAdminLogin"
"Delete Favorite Account Dengan pin Salah","43651","deleteFavoriteAccountWithWrongPin","Surefire suite","Wed Sep 30 12:14:40 UTC 2026","failed","Wed Sep 30 12:15:24 UTC 2026","testcases.settings.favoriteaccount.DeleteFavoriteAccountTest","Surefire test","testcases.settings.favoriteaccount.DeleteFavoriteAccountTest","deleteFavoriteAccountWithWrongPin"
"Add Group Backoffice Dengan Payload Persis Sama (Dikirim Dua Kali)","3349","addGroupWithDuplicatePayload","Surefire suite","Wed Sep 30 12:12:12 UTC 2026","passed","Wed Sep 30 12:12:15 UTC 2026","testcases.backoffice.group.AddGroupTest","Surefire test","testcases.backoffice.group.AddGroupTest","addGroupWithDuplicatePayload"
"Create Manage Settlement BO Dengan groupName Kosong","4915","addManageSettlementWithEmptyGroupName","Surefire suite","Wed Sep 30 12:40:28 UTC 2026","passed","Wed Sep 30 12:40:33 UTC 2026","testcases.backoffice.settlement.AddManageSettlementTest","Surefire test","testcases.backoffice.settlement.AddManageSettlementTest","addManageSettlementWithEmptyGroupName"
"List Currency USDT Dengan Token Tidak Valid","1690","getCurrencyWithInvalidToken","Surefire suite","Wed Sep 30 12:33:04 UTC 2026","passed","Wed Sep 30 12:33:06 UTC 2026","testcases.backoffice.currency.GetCurrencyTest","Surefire test","testcases.backoffice.currency.GetCurrencyTest","getCurrencyWithInvalidToken"
"Get List Google Authenticator Dengan Field Tidak Dikenal pada Body","5438","listOtpGoogleWithUnknownField","Surefire suite","Wed Sep 30 13:10:32 UTC 2026","passed","Wed Sep 30 13:10:38 UTC 2026","testcases.backoffice.googleauth.ListOtpGoogleTest","Surefire test","testcases.backoffice.googleauth.ListOtpGoogleTest","listOtpGoogleWithUnknownField"
"Add Currency CS Admin Path Dengan Token Kadaluarsa","2543","addCurrencyWithExpiredToken","Surefire suite","Wed Sep 30 13:56:03 UTC 2026","passed","Wed Sep 30 13:56:06 UTC 2026","testcases.backoffice.currency.AddCurrencyTest","Surefire test","testcases.backoffice.currency.AddCurrencyTest","addCurrencyWithExpiredToken"
"Success Login Backoffice","9716","testLoginBackoffice","Surefire suite","Wed Sep 30 12:50:04 UTC 2026","passed","Wed Sep 30 12:50:13 UTC 2026","testcases.auth.LoginTest","Surefire test","testcases.auth.LoginTest","testLoginBackoffice"
"","6915","listUSDT","Surefire suite","Wed Sep 30 12:08:18 UTC 2026","passed","Wed Sep 30 12:08:25 UTC 2026","testcases.backoffice.ListTransferTest","Surefire test","testcases.backoffice.ListTransferTest","listUSDT"
"Get History USDT Transfer Supervisor on Login CS Admin","20912","historyUSDTTransferSupervisorTestCSAdmin","Surefire suite","Wed Sep 30 14:20:55 UTC 2026","passed","Wed Sep 30 14:21:16 UTC 2026","testcases.history.HistoryTransferTest","Surefire test","testcases.history.HistoryTransferTest","historyUSDTTransferSupervisorTestCSAdmin"
"List Manage Settlement Backoffice Ke Path yang Tidak Ada (Typo)","9945","listManageSettlementWithWrongPath","Surefire suite","Wed Sep 30 13:08:48 UTC 2026","passed","Wed Sep 30 13:08:58 UTC 2026","testcases.backoffice.settlement.ManageSettlementTest","Surefire test","testcases.backoffice.settlement.ManageSettlementTest","listManageSettlementWithWrongPath"
"Delete Group Backoffice Dengan id Sangat Panjang","3406","deleteGroupWithVeryLongId","Surefire suite","Wed Sep 30 12:21:49 UTC 2026","passed","Wed Sep 30 12:21:52 UTC 2026","testcases.backoffice.group.DeleteGroupTest","Surefire test","testcases.backoffice.group.DeleteGroupTest","deleteGroupWithVeryLongId"
"List Company Backoffice Dengan Tipe Data Salah pada Field Limit (String, Bukan Integer)","5202","listCompanyWithInvalidFieldType","Surefire suite","Wed Sep 30 13:04:15 UTC 2026","passed","Wed Sep 30 13:04:20 UTC 2026","testcases.backoffice.ListCompanyTest","Surefire test","testcases.backoffice.ListCompanyTest","listCompanyWithInvalidFieldType"
"Get Notification Sender Menggunakan Login Admin","5100","getNotificationSenderWithAdminLogin","Surefire suite","Wed Sep 30 12:52:41 UTC 2026","passed","Wed Sep 30 12:52:46 UTC 2026","testcases.backoffice.notifsender.NotificationSenderTest","Surefire test","testcases.backoffice.notifsender.NotificationSenderTest","getNotificationSenderWithAdminLogin"
"Delete Group Backoffice Dengan Body Berupa Literal null","1891","deleteGroupWithNullLiteralBody","Surefire suite","Wed Sep 30 12:21:17 UTC 2026","passed","Wed Sep 30 12:21:19 UTC 2026","testcases.backoffice.group.DeleteGroupTest","Surefire test","testcases.backoffice.group.DeleteGroupTest","deleteGroupWithNullLiteralBody"
"Get History Manual Transfer Test Supervisor","9366","historyManualTransferTestSupervisor","Surefire suite","Wed Sep 30 14:15:28 UTC 2026","passed","Wed Sep 30 14:15:37 UTC 2026","testcases.history.HistoryTransferTest","Surefire test","testcases.history.HistoryTransferTest","historyManualTransferTestSupervisor"
"Resend Google Authenticator Dengan Format email Tidak Valid","7447","resendOtpGoogleWithMalformedEmail","Surefire suite","Wed Sep 30 13:00:56 UTC 2026","passed","Wed Sep 30 13:01:03 UTC 2026","testcases.backoffice.googleauth.ResendOtpGoogleTest","Surefire test","testcases.backoffice.googleauth.ResendOtpGoogleTest","resendOtpGoogleWithMalformedEmail"
"Get Detail Waiting Company Backoffice Dengan Token Tidak Valid","3336","getDetailWaitingCompanyWithInvalidToken","Surefire suite","Wed Sep 30 12:29:30 UTC 2026","passed","Wed Sep 30 12:29:33 UTC 2026","testcases.backoffice.GetDetailWaitingCompanyTest","Surefire test","testcases.backoffice.GetDetailWaitingCompanyTest","getDetailWaitingCompanyWithInvalidToken"
"Delete Group Backoffice Menggunakan Login Admin Crypto","4618","deleteGroupWithAdminCryptoLogin","Surefire suite","Wed Sep 30 12:19:11 UTC 2026","passed","Wed Sep 30 12:19:15 UTC 2026","testcases.backoffice.group.DeleteGroupTest","Surefire test","testcases.backoffice.group.DeleteGroupTest","deleteGroupWithAdminCryptoLogin"
"Get List Group Company BO Menggunakan Login Customer Service","5845","getListGroupCompanyWithCSLogin","Surefire suite","Wed Sep 30 12:35:25 UTC 2026","passed","Wed Sep 30 12:35:31 UTC 2026","testcases.backoffice.settlement.GetListGroupCompanyTest","Surefire test","testcases.backoffice.settlement.GetListGroupCompanyTest","getListGroupCompanyWithCSLogin"
"Get History Transfer Test","12260","historyTransferTest","Surefire suite","Wed Sep 30 14:19:13 UTC 2026","passed","Wed Sep 30 14:19:25 UTC 2026","testcases.history.HistoryTransferTest","Surefire test","testcases.history.HistoryTransferTest","historyTransferTest"
"Create Manage Settlement BO Dengan Body Kosong ({})","8946","addManageSettlementWithEmptyBody","Surefire suite","Wed Sep 30 12:40:08 UTC 2026","passed","Wed Sep 30 12:40:17 UTC 2026","testcases.backoffice.settlement.AddManageSettlementTest","Surefire test","testcases.backoffice.settlement.AddManageSettlementTest","addManageSettlementWithEmptyBody"
"List Currency USDT Menggunakan Login CS Admin","8773","getCurrencyWithCSAdminLogin","Surefire suite","Wed Sep 30 12:32:05 UTC 2026","passed","Wed Sep 30 12:32:14 UTC 2026","testcases.backoffice.currency.GetCurrencyTest","Surefire test","testcases.backoffice.currency.GetCurrencyTest","getCurrencyWithCSAdminLogin"
"Add Group Backoffice Tanpa Login/Header Auth","1493","addGroupWithoutAuth","Surefire suite","Wed Sep 30 12:14:46 UTC 2026","passed","Wed Sep 30 12:14:47 UTC 2026","testcases.backoffice.group.AddGroupTest","Surefire test","testcases.backoffice.group.AddGroupTest","addGroupWithoutAuth"
"Create Manage Settlement BO Menggunakan HTTP Method PUT","6812","addManageSettlementWithPutMethod","Surefire suite","Wed Sep 30 12:42:30 UTC 2026","passed","Wed Sep 30 12:42:37 UTC 2026","testcases.backoffice.settlement.AddManageSettlementTest","Surefire test","testcases.backoffice.settlement.AddManageSettlementTest","addManageSettlementWithPutMethod"
"Get List Group Backoffice Menggunakan Login Customer Service","4660","getListGroupWithCSLogin","Surefire suite","Wed Sep 30 12:15:43 UTC 2026","passed","Wed Sep 30 12:15:48 UTC 2026","testcases.backoffice.group.GetListGroupTest","Surefire test","testcases.backoffice.group.GetListGroupTest","getListGroupWithCSLogin"
"Resend Google Authenticator Dengan Header Authorization Tanpa Skema Bearer","1753","resendOtpGoogleWithMalformedAuthorizationHeader","Surefire suite","Wed Sep 30 13:00:51 UTC 2026","passed","Wed Sep 30 13:00:53 UTC 2026","testcases.backoffice.googleauth.ResendOtpGoogleTest","Surefire test","testcases.backoffice.googleauth.ResendOtpGoogleTest","resendOtpGoogleWithMalformedAuthorizationHeader"
"List Company Backoffice Dengan Token Tidak Valid","3531","listCompanyWithInvalidToken","Surefire suite","Wed Sep 30 13:04:31 UTC 2026","passed","Wed Sep 30 13:04:34 UTC 2026","testcases.backoffice.ListCompanyTest","Surefire test","testcases.backoffice.ListCompanyTest","listCompanyWithInvalidToken"
"Inquiry Test USDT Transfer Merchant Supervisor","7688","inquiryUSDTSupervisor","Surefire suite","Wed Sep 30 12:08:39 UTC 2026","passed","Wed Sep 30 12:08:47 UTC 2026","testcases.transfer.InquiryUSDTTest","Surefire test","testcases.transfer.InquiryUSDTTest","inquiryUSDTSupervisor"
"Normal Flop Transfer Success","9062","transfer","Surefire suite","Wed Sep 30 12:30:35 UTC 2026","passed","Wed Sep 30 12:30:44 UTC 2026","testcases.transfer.TransferFlopTest","Surefire test","testcases.transfer.TransferFlopTest","transfer"
"Created Favorite Account Dengan Field Tidak Dikenal pada Body","1873","createdFavoriteAccountWithUnknownField","Surefire suite","Wed Sep 30 12:52:03 UTC 2026","failed","Wed Sep 30 12:52:04 UTC 2026","testcases.settings.favoriteaccount.CreatedFavoriteAccountTest","Surefire test","testcases.settings.favoriteaccount.CreatedFavoriteAccountTest","createdFavoriteAccountWithUnknownField"
"Generate QR Success with before and after Balance","17997","generateQRTestPaidBalance","Surefire suite","Wed Sep 30 12:32:07 UTC 2026","passed","Wed Sep 30 12:32:25 UTC 2026","testcases.QR.GenerateQRPaidTest","Surefire test","testcases.QR.GenerateQRPaidTest","generateQRTestPaidBalance"
"Login Merchant dengan Username Berisi Spasi Saja","3263","testLoginWhitespaceUsername","Surefire suite","Wed Sep 30 12:33:32 UTC 2026","passed","Wed Sep 30 12:33:35 UTC 2026","testcases.auth.LoginTest","Surefire test","testcases.auth.LoginTest","testLoginWhitespaceUsername"
"Get History Flop Transfer Test Admin Crypto","13229","historyFlopTransferTestAdminCrypto","Surefire suite","Wed Sep 30 14:12:21 UTC 2026","passed","Wed Sep 30 14:12:34 UTC 2026","testcases.history.HistoryTransferTest","Surefire test","testcases.history.HistoryTransferTest","historyFlopTransferTestAdminCrypto"
"Add Merchant From Backoffice","9286","addCompanyBackoffice","Surefire suite","Wed Sep 30 12:48:50 UTC 2026","passed","Wed Sep 30 12:48:59 UTC 2026","testcases.backoffice.AddCompanyTest","Surefire test","testcases.backoffice.AddCompanyTest","addCompanyBackoffice"
"Edit User Backoffice","5871","editUserBackoffice","Surefire suite","Wed Sep 30 12:22:44 UTC 2026","passed","Wed Sep 30 12:22:50 UTC 2026","testcases.backoffice.users.EditUserTest","Surefire test","testcases.backoffice.users.EditUserTest","editUserBackoffice"
"Refund Summary Menggunakan Login Admin","6227","getRefundWithAdminLogin","Surefire suite","Wed Sep 30 12:51:02 UTC 2026","passed","Wed Sep 30 12:51:08 UTC 2026","testcases.backoffice.refund.GetRefundTest","Surefire test","testcases.backoffice.refund.GetRefundTest","getRefundWithAdminLogin"
"Reset Password CS Admin","5153","resetPasswordCSAdmin","Surefire suite","Wed Sep 30 12:09:53 UTC 2026","passed","Wed Sep 30 12:09:58 UTC 2026","testcases.settings.ResetPasswordTest","Surefire test","testcases.settings.ResetPasswordTest","resetPasswordCSAdmin"
"Normal Transfer with Account Supervisor","8923","transferSupervisor","Surefire suite","Wed Sep 30 12:09:22 UTC 2026","passed","Wed Sep 30 12:09:31 UTC 2026","testcases.transfer.TransferTest","Surefire test","testcases.transfer.TransferTest","transferSupervisor"
"Get Detail Waiting Company Backoffice","4856","getDetailWaitingCompany","Surefire suite","Wed Sep 30 12:28:36 UTC 2026","passed","Wed Sep 30 12:28:41 UTC 2026","testcases.backoffice.GetDetailWaitingCompanyTest","Surefire test","testcases.backoffice.GetDetailWaitingCompanyTest","getDetailWaitingCompany"
"Login Merchant dengan Username Kosong","3564","testLoginEmptyUsername","Surefire suite","Wed Sep 30 12:32:46 UTC 2026","passed","Wed Sep 30 12:32:50 UTC 2026","testcases.auth.LoginTest","Surefire test","testcases.auth.LoginTest","testLoginEmptyUsername"
"Create Manage Settlement BO Dengan companyId Valid Secara Format Tapi Tidak Ada","10335","addManageSettlementWithNonExistentCompanyId","Surefire suite","Wed Sep 30 12:41:43 UTC 2026","passed","Wed Sep 30 12:41:54 UTC 2026","testcases.backoffice.settlement.AddManageSettlementTest","Surefire test","testcases.backoffice.settlement.AddManageSettlementTest","addManageSettlementWithNonExistentCompanyId"
"Get Notification Sender","6400","getNotificationSender","Surefire suite","Wed Sep 30 12:52:19 UTC 2026","passed","Wed Sep 30 12:52:25 UTC 2026","testcases.backoffice.notifsender.NotificationSenderTest","Surefire test","testcases.backoffice.notifsender.NotificationSenderTest","getNotificationSender"
"Request Refund Transfer Supervisor","4951","refundTransferSupervisor","Surefire suite","Wed Sep 30 12:08:31 UTC 2026","passed","Wed Sep 30 12:08:36 UTC 2026","testcases.transfer.RefundTransferTest","Surefire test","testcases.transfer.RefundTransferTest","refundTransferSupervisor"
"Mutasi Manual Transfer Supervisor CS","47801","mutasiManualTransferSupervisorCS","Surefire suite","Wed Sep 30 14:35:39 UTC 2026","passed","Wed Sep 30 14:36:27 UTC 2026","testcases.mutasi.MutasiTransferTest","Surefire test","testcases.mutasi.MutasiTransferTest","mutasiManualTransferSupervisorCS"
"List Currency USDT Dengan Body JSON Tidak Valid (Malformed)","1667","getCurrencyWithMalformedJson","Surefire suite","Wed Sep 30 12:33:13 UTC 2026","passed","Wed Sep 30 12:33:15 UTC 2026","testcases.backoffice.currency.GetCurrencyTest","Surefire test","testcases.backoffice.currency.GetCurrencyTest","getCurrencyWithMalformedJson"
"Get Group User Backoffice","5013","getGroupSuperBO","Surefire suite","Wed Sep 30 12:24:10 UTC 2026","passed","Wed Sep 30 12:24:15 UTC 2026","testcases.backoffice.GetDashboardTest","Surefire test","testcases.backoffice.GetDashboardTest","getGroupSuperBO"
"Delete Group Backoffice Dengan Content-Type text/plain","1732","deleteGroupWithWrongContentType","Surefire suite","Wed Sep 30 12:21:55 UTC 2026","passed","Wed Sep 30 12:21:57 UTC 2026","testcases.backoffice.group.DeleteGroupTest","Surefire test","testcases.backoffice.group.DeleteGroupTest","deleteGroupWithWrongContentType"
"Delete Google Authenticator Dengan Token Kadaluarsa","1468","deleteOtpGoogleWithExpiredToken","Surefire suite","Wed Sep 30 12:26:14 UTC 2026","passed","Wed Sep 30 12:26:15 UTC 2026","testcases.backoffice.googleauth.DeleteOtpGoogleTest","Surefire test","testcases.backoffice.googleauth.DeleteOtpGoogleTest","deleteOtpGoogleWithExpiredToken"
"Check Status QR CS","16844","checkStatusQRCS","Surefire suite","Wed Sep 30 13:18:06 UTC 2026","passed","Wed Sep 30 13:18:23 UTC 2026","testcases.QR.CheckStatusQRTest","Surefire test","testcases.QR.CheckStatusQRTest","checkStatusQRCS"
"Reset Pin Customer Service","5391","resetPinCS","Surefire suite","Wed Sep 30 12:09:28 UTC 2026","passed","Wed Sep 30 12:09:33 UTC 2026","testcases.settings.ResetPinTest","Surefire test","testcases.settings.ResetPinTest","resetPinCS"
"Login Merchant tanpa Parameter Username","3062","testLoginMissingUsernameParam","Surefire suite","Wed Sep 30 12:33:05 UTC 2026","passed","Wed Sep 30 12:33:08 UTC 2026","testcases.auth.LoginTest","Surefire test","testcases.auth.LoginTest","testLoginMissingUsernameParam"
"Test Approved USDT","20283","approvedUSDTAdminCrypto","Surefire suite","Wed Sep 30 13:44:38 UTC 2026","broken","Wed Sep 30 13:44:58 UTC 2026","testcases.backoffice.ApprovalTransferTest","Surefire test","testcases.backoffice.ApprovalTransferTest","approvedUSDTAdminCrypto"
"Success Login Marketing","3523","testLoginMarketing","Surefire suite","Wed Sep 30 12:09:10 UTC 2026","passed","Wed Sep 30 12:09:13 UTC 2026","testcases.auth.LoginTest","Surefire test","testcases.auth.LoginTest","testLoginMarketing"
"Generate QR Success paid","8670","paidQR","Surefire suite","Wed Sep 30 12:32:28 UTC 2026","passed","Wed Sep 30 12:32:37 UTC 2026","testcases.QR.GenerateQRPaidTest","Surefire test","testcases.QR.GenerateQRPaidTest","paidQR"
"Get List Group Backoffice Dengan size 0","1719","getListGroupWithZeroSize","Surefire suite","Wed Sep 30 12:17:58 UTC 2026","passed","Wed Sep 30 12:18:00 UTC 2026","testcases.backoffice.group.GetListGroupTest","Surefire test","testcases.backoffice.group.GetListGroupTest","getListGroupWithZeroSize"
"Get List Group Backoffice Dengan Field sort Tidak Valid","1614","getListGroupWithInvalidSortField","Surefire suite","Wed Sep 30 12:16:14 UTC 2026","passed","Wed Sep 30 12:16:15 UTC 2026","testcases.backoffice.group.GetListGroupTest","Surefire test","testcases.backoffice.group.GetListGroupTest","getListGroupWithInvalidSortField"
"Add Group Backoffice Dengan Nama Sama Namun Field Fee Berbeda","4123","addGroupWithDuplicateNameDifferentFees","Surefire suite","Wed Sep 30 12:12:05 UTC 2026","passed","Wed Sep 30 12:12:09 UTC 2026","testcases.backoffice.group.AddGroupTest","Surefire test","testcases.backoffice.group.AddGroupTest","addGroupWithDuplicateNameDifferentFees"
"Get List Group Backoffice Dengan enablePage Bertipe String","1473","getListGroupWithEnablePageAsString","Surefire suite","Wed Sep 30 12:16:00 UTC 2026","passed","Wed Sep 30 12:16:02 UTC 2026","testcases.backoffice.group.GetListGroupTest","Surefire test","testcases.backoffice.group.GetListGroupTest","getListGroupWithEnablePageAsString"
"Get User Marketing Backoffice","5002","getUserSuperBO","Surefire suite","Wed Sep 30 12:24:44 UTC 2026","passed","Wed Sep 30 12:24:49 UTC 2026","testcases.backoffice.GetDashboardTest","Surefire test","testcases.backoffice.GetDashboardTest","getUserSuperBO"
"Delete Group Backoffice Menggunakan Login Marketing","4700","deleteGroupWithMarketingLogin","Surefire suite","Wed Sep 30 12:20:38 UTC 2026","passed","Wed Sep 30 12:20:42 UTC 2026","testcases.backoffice.group.DeleteGroupTest","Surefire test","testcases.backoffice.group.DeleteGroupTest","deleteGroupWithMarketingLogin"
"Delete Group Backoffice Dengan Body Kosong ({})","1553","deleteGroupWithEmptyBody","Surefire suite","Wed Sep 30 12:19:52 UTC 2026","passed","Wed Sep 30 12:19:54 UTC 2026","testcases.backoffice.group.DeleteGroupTest","Surefire test","testcases.backoffice.group.DeleteGroupTest","deleteGroupWithEmptyBody"
"List Manage Settlement Backoffice Menggunakan HTTP Method GET","6760","listManageSettlementWithGetMethod","Surefire suite","Wed Sep 30 13:05:48 UTC 2026","passed","Wed Sep 30 13:05:54 UTC 2026","testcases.backoffice.settlement.ManageSettlementTest","Surefire test","testcases.backoffice.settlement.ManageSettlementTest","listManageSettlementWithGetMethod"
"Mutasi Transfer Supervisor CS","14621","mutasiTransferSupervisorCS","Surefire suite","Wed Sep 30 14:43:57 UTC 2026","passed","Wed Sep 30 14:44:12 UTC 2026","testcases.mutasi.MutasiTransferTest","Surefire test","testcases.mutasi.MutasiTransferTest","mutasiTransferSupervisorCS"
"Get Notification Sender Menggunakan Login Customer Service","7190","getNotificationSenderWithCSLogin","Surefire suite","Wed Sep 30 12:53:05 UTC 2026","passed","Wed Sep 30 12:53:13 UTC 2026","testcases.backoffice.notifsender.NotificationSenderTest","Surefire test","testcases.backoffice.notifsender.NotificationSenderTest","getNotificationSenderWithCSLogin"
"Create Manage Settlement BO Dengan Body Berupa Literal null","6284","addManageSettlementWithNullLiteralBody","Surefire suite","Wed Sep 30 12:42:05 UTC 2026","passed","Wed Sep 30 12:42:11 UTC 2026","testcases.backoffice.settlement.AddManageSettlementTest","Surefire test","testcases.backoffice.settlement.AddManageSettlementTest","addManageSettlementWithNullLiteralBody"
"Transfer Different Partner Reference, USDT Transfer to Transfer","48936","trfPartnerRefUSDTFailed","Surefire suite","Wed Sep 30 12:21:10 UTC 2026","passed","Wed Sep 30 12:21:59 UTC 2026","testcases.transfer.SpecialTransferTest","Surefire test","testcases.transfer.SpecialTransferTest","trfPartnerRefUSDTFailed"
"Get List Group Backoffice Dengan size Negatif","1498","getListGroupWithNegativeSize","Surefire suite","Wed Sep 30 12:16:52 UTC 2026","passed","Wed Sep 30 12:16:53 UTC 2026","testcases.backoffice.group.GetListGroupTest","Surefire test","testcases.backoffice.group.GetListGroupTest","getListGroupWithNegativeSize"
"Get List Favorite Account Merchant","11250","getListFavoriteAccount","Surefire suite","Wed Sep 30 14:51:21 UTC 2026","passed","Wed Sep 30 14:51:32 UTC 2026","testcases.settings.favoriteaccount.GetListFavoriteAccountTest","Surefire test","testcases.settings.favoriteaccount.GetListFavoriteAccountTest","getListFavoriteAccount"
"Reset Pin Supervisor","6230","resetPinSupervisor","Surefire suite","Wed Sep 30 12:12:53 UTC 2026","passed","Wed Sep 30 12:13:00 UTC 2026","testcases.settings.ResetPinTest","Surefire test","testcases.settings.ResetPinTest","resetPinSupervisor"
"List Manage Settlement Backoffice Dengan Field Sort Merujuk ke Kolom yang Tidak Ada","10508","listManageSettlementWithInvalidSortField","Surefire suite","Wed Sep 30 13:06:16 UTC 2026","passed","Wed Sep 30 13:06:26 UTC 2026","testcases.backoffice.settlement.ManageSettlementTest","Surefire test","testcases.backoffice.settlement.ManageSettlementTest","listManageSettlementWithInvalidSortField"
"Get Detail User Backoffice","12102","getUsersBO","Surefire suite","Wed Sep 30 12:55:22 UTC 2026","passed","Wed Sep 30 12:55:34 UTC 2026","testcases.backoffice.users.ListUsersTest","Surefire test","testcases.backoffice.users.ListUsersTest","getUsersBO"
"Transfer with Wrong Pin","53939","transferWrongPin","Surefire suite","Wed Sep 30 12:18:25 UTC 2026","passed","Wed Sep 30 12:19:19 UTC 2026","testcases.transfer.SpecialTransferTest","Surefire test","testcases.transfer.SpecialTransferTest","transferWrongPin"
"Resend Google Authenticator Menggunakan Login CS Admin","9081","resendOtpGoogleWithCSAdminLogin","Surefire suite","Wed Sep 30 12:59:33 UTC 2026","passed","Wed Sep 30 12:59:42 UTC 2026","testcases.backoffice.googleauth.ResendOtpGoogleTest","Surefire test","testcases.backoffice.googleauth.ResendOtpGoogleTest","resendOtpGoogleWithCSAdminLogin"
"Get List Favorite Account Dengan page Negatif","1800","getListFavoriteAccountWithNegativePage","Surefire suite","Wed Sep 30 14:52:46 UTC 2026","passed","Wed Sep 30 14:52:48 UTC 2026","testcases.settings.favoriteaccount.GetListFavoriteAccountTest","Surefire test","testcases.settings.favoriteaccount.GetListFavoriteAccountTest","getListFavoriteAccountWithNegativePage"
"Delete Group Backoffice Dengan Format id Tidak Valid (Bukan ObjectId)","1527","deleteGroupWithInvalidIdFormat","Surefire suite","Wed Sep 30 12:20:19 UTC 2026","passed","Wed Sep 30 12:20:21 UTC 2026","testcases.backoffice.group.DeleteGroupTest","Surefire test","testcases.backoffice.group.DeleteGroupTest","deleteGroupWithInvalidIdFormat"
"Resend Google Authenticator Dengan Body JSON Tidak Valid (Malformed)","6213","resendOtpGoogleWithMalformedJson","Surefire suite","Wed Sep 30 13:01:06 UTC 2026","passed","Wed Sep 30 13:01:12 UTC 2026","testcases.backoffice.googleauth.ResendOtpGoogleTest","Surefire test","testcases.backoffice.googleauth.ResendOtpGoogleTest","resendOtpGoogleWithMalformedJson"
"Create Manage Settlement BO Menggunakan Login Supervisor","4694","addManageSettlementWithSupervisorLogin","Surefire suite","Wed Sep 30 12:42:50 UTC 2026","passed","Wed Sep 30 12:42:55 UTC 2026","testcases.backoffice.settlement.AddManageSettlementTest","Surefire test","testcases.backoffice.settlement.AddManageSettlementTest","addManageSettlementWithSupervisorLogin"
"Inquiry Favorite Account Tanpa Login/Header Auth","2176","inquiryFavoriteAccountWithoutAuth","Surefire suite","Wed Sep 30 12:55:04 UTC 2026","passed","Wed Sep 30 12:55:06 UTC 2026","testcases.settings.favoriteaccount.InquiryFavoriteAccountTest","Surefire test","testcases.settings.favoriteaccount.InquiryFavoriteAccountTest","inquiryFavoriteAccountWithoutAuth"
"List Waiting Company Backoffice Dengan Karakter SQL Injection pada Field Param","8093","listWaitingCompanyWithSqlInjectionParam","Surefire suite","Wed Sep 30 13:01:56 UTC 2026","passed","Wed Sep 30 13:02:04 UTC 2026","testcases.backoffice.ListWaitingCompanyTest","Surefire test","testcases.backoffice.ListWaitingCompanyTest","listWaitingCompanyWithSqlInjectionParam"
"Delete Favorite Account Tanpa Field id","46404","deleteFavoriteAccountWithoutIdField","Surefire suite","Wed Sep 30 12:16:23 UTC 2026","failed","Wed Sep 30 12:17:10 UTC 2026","testcases.settings.favoriteaccount.DeleteFavoriteAccountTest","Surefire test","testcases.settings.favoriteaccount.DeleteFavoriteAccountTest","deleteFavoriteAccountWithoutIdField"
"Get List Google Authenticator Menggunakan Login Merchant","7289","listOtpGoogleWithMerchantLogin","Surefire suite","Wed Sep 30 13:09:24 UTC 2026","passed","Wed Sep 30 13:09:31 UTC 2026","testcases.backoffice.googleauth.ListOtpGoogleTest","Surefire test","testcases.backoffice.googleauth.ListOtpGoogleTest","listOtpGoogleWithMerchantLogin"
"Get List Group Company BO Dengan Token Backoffice Valid Tapi Tanpa Header pbyv","5456","getListGroupCompanyWithoutPbyvHeader","Surefire suite","Wed Sep 30 12:38:34 UTC 2026","passed","Wed Sep 30 12:38:39 UTC 2026","testcases.backoffice.settlement.GetListGroupCompanyTest","Surefire test","testcases.backoffice.settlement.GetListGroupCompanyTest","getListGroupCompanyWithoutPbyvHeader"
"Get List Group Backoffice Dengan Header Authorization Tanpa Skema Bearer","1426","getListGroupWithMalformedAuthorizationHeader","Surefire suite","Wed Sep 30 12:16:23 UTC 2026","passed","Wed Sep 30 12:16:24 UTC 2026","testcases.backoffice.group.GetListGroupTest","Surefire test","testcases.backoffice.group.GetListGroupTest","getListGroupWithMalformedAuthorizationHeader"
"List Waiting Company Backoffice Menggunakan Login CS Admin","8634","listWaitingCompanyWithCSAdminLogin","Surefire suite","Wed Sep 30 12:59:51 UTC 2026","passed","Wed Sep 30 13:00:00 UTC 2026","testcases.backoffice.ListWaitingCompanyTest","Surefire test","testcases.backoffice.ListWaitingCompanyTest","listWaitingCompanyWithCSAdminLogin"
"Delete Google Authenticator","5052","deleteOtpGoogleBO","Surefire suite","Wed Sep 30 12:25:17 UTC 2026","passed","Wed Sep 30 12:25:22 UTC 2026","testcases.backoffice.googleauth.DeleteOtpGoogleTest","Surefire test","testcases.backoffice.googleauth.DeleteOtpGoogleTest","deleteOtpGoogleBO"
"Delete Group Backoffice Dengan Header Authorization Tanpa Skema Bearer","1757","deleteGroupWithMalformedAuthorizationHeader","Surefire suite","Wed Sep 30 12:20:29 UTC 2026","passed","Wed Sep 30 12:20:30 UTC 2026","testcases.backoffice.group.DeleteGroupTest","Surefire test","testcases.backoffice.group.DeleteGroupTest","deleteGroupWithMalformedAuthorizationHeader"
"List Currency USDT Menggunakan Login Marketing","4963","getCurrencyWithMarketingLogin","Surefire suite","Wed Sep 30 12:33:24 UTC 2026","passed","Wed Sep 30 12:33:29 UTC 2026","testcases.backoffice.currency.GetCurrencyTest","Surefire test","testcases.backoffice.currency.GetCurrencyTest","getCurrencyWithMarketingLogin"
"Inquiry Favorite Account Menggunakan HTTP Method DELETE","3756","inquiryFavoriteAccountWithDeleteMethod","Surefire suite","Wed Sep 30 12:53:26 UTC 2026","passed","Wed Sep 30 12:53:30 UTC 2026","testcases.settings.favoriteaccount.InquiryFavoriteAccountTest","Surefire test","testcases.settings.favoriteaccount.InquiryFavoriteAccountTest","inquiryFavoriteAccountWithDeleteMethod"
"Created Favorite Account Tanpa Field beneficiaryAccountNo","1774","createdFavoriteAccountWithoutBeneficiaryAccountNoField","Surefire suite","Wed Sep 30 12:52:44 UTC 2026","failed","Wed Sep 30 12:52:46 UTC 2026","testcases.settings.favoriteaccount.CreatedFavoriteAccountTest","Surefire test","testcases.settings.favoriteaccount.CreatedFavoriteAccountTest","createdFavoriteAccountWithoutBeneficiaryAccountNoField"
"List Refund Dengan Ukuran Halaman Sangat Besar","5690","listRefundWithHugeSize","Surefire suite","Wed Sep 30 14:04:08 UTC 2026","passed","Wed Sep 30 14:04:14 UTC 2026","testcases.backoffice.ListRefundTest","Surefire test","testcases.backoffice.ListRefundTest","listRefundWithHugeSize"
"Refund Summary Menggunakan Login Customer Service","6383","getRefundWithCSLogin","Surefire suite","Wed Sep 30 12:51:32 UTC 2026","passed","Wed Sep 30 12:51:38 UTC 2026","testcases.backoffice.refund.GetRefundTest","Surefire test","testcases.backoffice.refund.GetRefundTest","getRefundWithCSLogin"
"Inquiry Test Manual Transfer Merchant Supervisor","9170","inquiryManualTransferSupervisor","Surefire suite","Wed Sep 30 12:08:19 UTC 2026","passed","Wed Sep 30 12:08:28 UTC 2026","testcases.transfer.InquiryManualTransferTest","Surefire test","testcases.transfer.InquiryManualTransferTest","inquiryManualTransferSupervisor"
"Get Dashboard Backoffice Menggunakan Login Customer Service","5885","getDashboardWithCSLogin","Surefire suite","Wed Sep 30 12:23:25 UTC 2026","passed","Wed Sep 30 12:23:31 UTC 2026","testcases.backoffice.GetDashboardTest","Surefire test","testcases.backoffice.GetDashboardTest","getDashboardWithCSLogin"
"Mutasi Transfer","9692","mutasiTransfer","Surefire suite","Wed Sep 30 14:41:35 UTC 2026","passed","Wed Sep 30 14:41:45 UTC 2026","testcases.mutasi.MutasiTransferTest","Surefire test","testcases.mutasi.MutasiTransferTest","mutasiTransfer"
"Add Group Backoffice Dengan name String Kosong","1653","addGroupWithEmptyName","Surefire suite","Wed Sep 30 12:12:23 UTC 2026","passed","Wed Sep 30 12:12:25 UTC 2026","testcases.backoffice.group.AddGroupTest","Surefire test","testcases.backoffice.group.AddGroupTest","addGroupWithEmptyName"
"List Refund Dengan Body Kosong ({})","8094","listRefundWithEmptyBody","Surefire suite","Wed Sep 30 14:03:57 UTC 2026","passed","Wed Sep 30 14:04:05 UTC 2026","testcases.backoffice.ListRefundTest","Surefire test","testcases.backoffice.ListRefundTest","listRefundWithEmptyBody"
"Success Login Group","3448","testLoginGroup","Surefire suite","Wed Sep 30 12:09:03 UTC 2026","passed","Wed Sep 30 12:09:07 UTC 2026","testcases.auth.LoginTest","Surefire test","testcases.auth.LoginTest","testLoginGroup"
"Get Detail Waiting Company Backoffice Menggunakan Login Admin Crypto","4777","getDetailWaitingCompanyWithAdminCryptoLogin","Surefire suite","Wed Sep 30 12:28:44 UTC 2026","passed","Wed Sep 30 12:28:48 UTC 2026","testcases.backoffice.GetDetailWaitingCompanyTest","Surefire test","testcases.backoffice.GetDetailWaitingCompanyTest","getDetailWaitingCompanyWithAdminCryptoLogin"
"Get Balance Admin Crypto Transfer","6063","getBalanceAdminCrypto","Surefire suite","Wed Sep 30 12:08:46 UTC 2026","passed","Wed Sep 30 12:08:52 UTC 2026","testcases.balance.GetBalanceTransferTest","Surefire test","testcases.balance.GetBalanceTransferTest","getBalanceAdminCrypto"
"Delete Manage Settlement BO Dengan Format id Tidak Valid (Bukan ObjectId)","4892","deleteManageSettlementWithMalformedId","Surefire suite","Wed Sep 30 12:46:17 UTC 2026","passed","Wed Sep 30 12:46:22 UTC 2026","testcases.backoffice.settlement.DeleteManageSettlementTest","Surefire test","testcases.backoffice.settlement.DeleteManageSettlementTest","deleteManageSettlementWithMalformedId"
"Add Group Backoffice Dengan name null","1586","addGroupWithNullName","Surefire suite","Wed Sep 30 12:13:40 UTC 2026","passed","Wed Sep 30 12:13:42 UTC 2026","testcases.backoffice.group.AddGroupTest","Surefire test","testcases.backoffice.group.AddGroupTest","addGroupWithNullName"
"Get List Group Backoffice Tanpa Field size","1527","getListGroupWithoutSizeField","Surefire suite","Wed Sep 30 12:18:21 UTC 2026","passed","Wed Sep 30 12:18:23 UTC 2026","testcases.backoffice.group.GetListGroupTest","Surefire test","testcases.backoffice.group.GetListGroupTest","getListGroupWithoutSizeField"
"Delete Manage Settlement BO Dengan id Sangat Panjang (10.000 karakter)","5048","deleteManageSettlementWithOverlongId","Surefire suite","Wed Sep 30 12:46:50 UTC 2026","passed","Wed Sep 30 12:46:55 UTC 2026","testcases.backoffice.settlement.DeleteManageSettlementTest","Surefire test","testcases.backoffice.settlement.DeleteManageSettlementTest","deleteManageSettlementWithOverlongId"
"List Currency USDT Dengan Body Berupa Literal null","1497","getCurrencyWithNullLiteralBody","Surefire suite","Wed Sep 30 12:33:46 UTC 2026","passed","Wed Sep 30 12:33:47 UTC 2026","testcases.backoffice.currency.GetCurrencyTest","Surefire test","testcases.backoffice.currency.GetCurrencyTest","getCurrencyWithNullLiteralBody"
"Inquiry Favorite Account Dengan Token Kadaluarsa","3366","inquiryFavoriteAccountWithExpiredToken","Surefire suite","Wed Sep 30 12:53:42 UTC 2026","passed","Wed Sep 30 12:53:46 UTC 2026","testcases.settings.favoriteaccount.InquiryFavoriteAccountTest","Surefire test","testcases.settings.favoriteaccount.InquiryFavoriteAccountTest","inquiryFavoriteAccountWithExpiredToken"
"Get List Group Backoffice Tanpa Field page","1553","getListGroupWithoutPageField","Surefire suite","Wed Sep 30 12:18:12 UTC 2026","passed","Wed Sep 30 12:18:14 UTC 2026","testcases.backoffice.group.GetListGroupTest","Surefire test","testcases.backoffice.group.GetListGroupTest","getListGroupWithoutPageField"
"Delete Manage Settlement BO Menggunakan Login CS Admin","5844","deleteManageSettlementWithCSAdminLogin","Surefire suite","Wed Sep 30 12:45:15 UTC 2026","passed","Wed Sep 30 12:45:20 UTC 2026","testcases.backoffice.settlement.DeleteManageSettlementTest","Surefire test","testcases.backoffice.settlement.DeleteManageSettlementTest","deleteManageSettlementWithCSAdminLogin"
"Get List Group Company BO Menggunakan HTTP Method POST","5673","getListGroupCompanyWithPostMethod","Surefire suite","Wed Sep 30 12:37:11 UTC 2026","passed","Wed Sep 30 12:37:16 UTC 2026","testcases.backoffice.settlement.GetListGroupCompanyTest","Surefire test","testcases.backoffice.settlement.GetListGroupCompanyTest","getListGroupCompanyWithPostMethod"
"Delete Favorite Account Tanpa Field pin","44434","deleteFavoriteAccountWithoutPinField","Surefire suite","Wed Sep 30 12:17:13 UTC 2026","failed","Wed Sep 30 12:17:57 UTC 2026","testcases.settings.favoriteaccount.DeleteFavoriteAccountTest","Surefire test","testcases.settings.favoriteaccount.DeleteFavoriteAccountTest","deleteFavoriteAccountWithoutPinField"
"Delete Favorite Account Dengan Karakter SQL Injection pada id","43508","deleteFavoriteAccountWithSqlInjectionId","Surefire suite","Wed Sep 30 12:10:36 UTC 2026","failed","Wed Sep 30 12:11:20 UTC 2026","testcases.settings.favoriteaccount.DeleteFavoriteAccountTest","Surefire test","testcases.settings.favoriteaccount.DeleteFavoriteAccountTest","deleteFavoriteAccountWithSqlInjectionId"
"Get History Flop Transfer Test Admin","17467","historyFlopTransferTestAdmin","Surefire suite","Wed Sep 30 14:12:01 UTC 2026","passed","Wed Sep 30 14:12:18 UTC 2026","testcases.history.HistoryTransferTest","Surefire test","testcases.history.HistoryTransferTest","historyFlopTransferTestAdmin"
"List Manage Settlement Backoffice Dengan Tipe Data Salah pada Field Limit (String, Bukan Integer)","7250","listManageSettlementWithInvalidFieldType","Surefire suite","Wed Sep 30 13:06:05 UTC 2026","passed","Wed Sep 30 13:06:13 UTC 2026","testcases.backoffice.settlement.ManageSettlementTest","Surefire test","testcases.backoffice.settlement.ManageSettlementTest","listManageSettlementWithInvalidFieldType"
"Get Group Detail Backoffice Menggunakan Login Supervisor","4799","getGroupDetailWithSupervisorLogin","Surefire suite","Wed Sep 30 12:10:37 UTC 2026","passed","Wed Sep 30 12:10:42 UTC 2026","testcases.backoffice.group.GetGroupTest","Surefire test","testcases.backoffice.group.GetGroupTest","getGroupDetailWithSupervisorLogin"
"Delete Google Authenticator Tanpa id (Path Kosong)","4818","deleteOtpGoogleWithEmptyId","Surefire suite","Wed Sep 30 12:26:06 UTC 2026","passed","Wed Sep 30 12:26:11 UTC 2026","testcases.backoffice.googleauth.DeleteOtpGoogleTest","Surefire test","testcases.backoffice.googleauth.DeleteOtpGoogleTest","deleteOtpGoogleWithEmptyId"
"List Manage Settlement Backoffice Dengan Body Berupa Literal null","8443","listManageSettlementWithNullLiteralBody","Surefire suite","Wed Sep 30 13:07:29 UTC 2026","passed","Wed Sep 30 13:07:37 UTC 2026","testcases.backoffice.settlement.ManageSettlementTest","Surefire test","testcases.backoffice.settlement.ManageSettlementTest","listManageSettlementWithNullLiteralBody"
"Create Manage Settlement BO Dengan companyId Duplikat (Sudah Terdaftar)","17038","addManageSettlementWithDuplicateCompanyId","Surefire suite","Wed Sep 30 12:39:48 UTC 2026","passed","Wed Sep 30 12:40:05 UTC 2026","testcases.backoffice.settlement.AddManageSettlementTest","Surefire test","testcases.backoffice.settlement.AddManageSettlementTest","addManageSettlementWithDuplicateCompanyId"
"Add Group Backoffice Dengan Karakter SQL Injection pada name","1615","addGroupWithSqlInjectionName","Surefire suite","Wed Sep 30 12:13:59 UTC 2026","passed","Wed Sep 30 12:14:00 UTC 2026","testcases.backoffice.group.AddGroupTest","Surefire test","testcases.backoffice.group.AddGroupTest","addGroupWithSqlInjectionName"
"Inquiry Favorite Account Tanpa Field beneficiaryBankCode","1904","inquiryFavoriteAccountWithoutBeneficiaryBankCodeField","Surefire suite","Wed Sep 30 12:55:14 UTC 2026","passed","Wed Sep 30 12:55:16 UTC 2026","testcases.settings.favoriteaccount.InquiryFavoriteAccountTest","Surefire test","testcases.settings.favoriteaccount.InquiryFavoriteAccountTest","inquiryFavoriteAccountWithoutBeneficiaryBankCodeField"
"Add Currency CS Admin Path Dengan Header powis Salah","1751","addCurrencyWithWrongPowisHeader","Surefire suite","Wed Sep 30 13:58:37 UTC 2026","passed","Wed Sep 30 13:58:38 UTC 2026","testcases.backoffice.currency.AddCurrencyTest","Surefire test","testcases.backoffice.currency.AddCurrencyTest","addCurrencyWithWrongPowisHeader"
"Transfer Different Partner Reference, Special Transfer to Manual Transfer","62207","trfPartnerRefManualFailed","Surefire suite","Wed Sep 30 12:58:40 UTC 2026","passed","Wed Sep 30 12:59:43 UTC 2026","testcases.transfer.ManualTransferTest","Surefire test","testcases.transfer.ManualTransferTest","trfPartnerRefManualFailed"
"Created Favorite Account Dengan pin Salah","2818","createdFavoriteAccountWithWrongPin","Surefire suite","Wed Sep 30 12:52:33 UTC 2026","failed","Wed Sep 30 12:52:36 UTC 2026","testcases.settings.favoriteaccount.CreatedFavoriteAccountTest","Surefire test","testcases.settings.favoriteaccount.CreatedFavoriteAccountTest","createdFavoriteAccountWithWrongPin"
"Get Detail Waiting Company Backoffice Menggunakan Login CS Admin","4686","getDetailWaitingCompanyWithCSAdminLogin","Surefire suite","Wed Sep 30 12:28:51 UTC 2026","passed","Wed Sep 30 12:28:56 UTC 2026","testcases.backoffice.GetDetailWaitingCompanyTest","Surefire test","testcases.backoffice.GetDetailWaitingCompanyTest","getDetailWaitingCompanyWithCSAdminLogin"
"Delete Group Backoffice Dengan name String Kosong","1604","deleteGroupWithEmptyName","Surefire suite","Wed Sep 30 12:20:01 UTC 2026","passed","Wed Sep 30 12:20:03 UTC 2026","testcases.backoffice.group.DeleteGroupTest","Surefire test","testcases.backoffice.group.DeleteGroupTest","deleteGroupWithEmptyName"
"Create Manage Settlement BO Menggunakan HTTP Method GET","5283","addManageSettlementWithGetMethod","Surefire suite","Wed Sep 30 12:40:41 UTC 2026","passed","Wed Sep 30 12:40:46 UTC 2026","testcases.backoffice.settlement.AddManageSettlementTest","Surefire test","testcases.backoffice.settlement.AddManageSettlementTest","addManageSettlementWithGetMethod"
"Add Currency CS Admin Path Menggunakan Login Merchant","10450","addCurrencyWithMerchantLogin","Surefire suite","Wed Sep 30 13:56:57 UTC 2026","passed","Wed Sep 30 13:57:08 UTC 2026","testcases.backoffice.currency.AddCurrencyTest","Surefire test","testcases.backoffice.currency.AddCurrencyTest","addCurrencyWithMerchantLogin"
"Inquiry Favorite Account Menggunakan HTTP Method PUT","1669","inquiryFavoriteAccountWithPutMethod","Surefire suite","Wed Sep 30 12:54:26 UTC 2026","passed","Wed Sep 30 12:54:27 UTC 2026","testcases.settings.favoriteaccount.InquiryFavoriteAccountTest","Surefire test","testcases.settings.favoriteaccount.InquiryFavoriteAccountTest","inquiryFavoriteAccountWithPutMethod"
"Get List Favorite Account Dengan Token Valid Tapi Tanpa Header credentialId","1928","getListFavoriteAccountWithoutCredentialIdHeader","Surefire suite","Wed Sep 30 14:54:00 UTC 2026","passed","Wed Sep 30 14:54:02 UTC 2026","testcases.settings.favoriteaccount.GetListFavoriteAccountTest","Surefire test","testcases.settings.favoriteaccount.GetListFavoriteAccountTest","getListFavoriteAccountWithoutCredentialIdHeader"
"","7249","listSpecialTransfer","Surefire suite","Wed Sep 30 12:55:12 UTC 2026","passed","Wed Sep 30 12:55:19 UTC 2026","testcases.backoffice.ListTransferTest","Surefire test","testcases.backoffice.ListTransferTest","listSpecialTransfer"
"Get List Group Backoffice Dengan Karakter SQL Injection pada sort","1648","getListGroupWithSqlInjectionSort","Surefire suite","Wed Sep 30 12:17:25 UTC 2026","passed","Wed Sep 30 12:17:27 UTC 2026","testcases.backoffice.group.GetListGroupTest","Surefire test","testcases.backoffice.group.GetListGroupTest","getListGroupWithSqlInjectionSort"
"Generate QR Code Failed Merchant","5657","generateQRCodeFailed","Surefire suite","Wed Sep 30 12:56:33 UTC 2026","passed","Wed Sep 30 12:56:39 UTC 2026","testcases.QR.GenerateQRTest","Surefire test","testcases.QR.GenerateQRTest","generateQRCodeFailed"
"Inquiry Favorite Account Dengan Header credentialId Salah","3661","inquiryFavoriteAccountWithWrongCredentialIdHeader","Surefire suite","Wed Sep 30 12:54:51 UTC 2026","passed","Wed Sep 30 12:54:55 UTC 2026","testcases.settings.favoriteaccount.InquiryFavoriteAccountTest","Surefire test","testcases.settings.favoriteaccount.InquiryFavoriteAccountTest","inquiryFavoriteAccountWithWrongCredentialIdHeader"
"Get Detail Waiting Company Backoffice Dengan Id Milik Entitas Lain (Group Id)","7155","getDetailWaitingCompanyWithForeignEntityId","Surefire suite","Wed Sep 30 12:29:20 UTC 2026","passed","Wed Sep 30 12:29:27 UTC 2026","testcases.backoffice.GetDetailWaitingCompanyTest","Surefire test","testcases.backoffice.GetDetailWaitingCompanyTest","getDetailWaitingCompanyWithForeignEntityId"
"List Refund Tanpa Login/Header Auth","3462","listRefundWithoutAuth","Surefire suite","Wed Sep 30 14:06:03 UTC 2026","passed","Wed Sep 30 14:06:07 UTC 2026","testcases.backoffice.ListRefundTest","Surefire test","testcases.backoffice.ListRefundTest","listRefundWithoutAuth"
"Add Group Backoffice Dengan Body JSON Tidak Valid (Malformed)","1645","addGroupWithMalformedJson","Surefire suite","Wed Sep 30 12:13:06 UTC 2026","passed","Wed Sep 30 12:13:07 UTC 2026","testcases.backoffice.group.AddGroupTest","Surefire test","testcases.backoffice.group.AddGroupTest","addGroupWithMalformedJson"
"Get Dashboard Backoffice Dengan Token Tidak Valid","2478","getDashboardWithInvalidToken","Surefire suite","Wed Sep 30 12:23:34 UTC 2026","passed","Wed Sep 30 12:23:37 UTC 2026","testcases.backoffice.GetDashboardTest","Surefire test","testcases.backoffice.GetDashboardTest","getDashboardWithInvalidToken"
"List Company Backoffice Menggunakan Login CS Admin","5918","listCompanyWithCSAdminLogin","Surefire suite","Wed Sep 30 13:03:30 UTC 2026","passed","Wed Sep 30 13:03:36 UTC 2026","testcases.backoffice.ListCompanyTest","Surefire test","testcases.backoffice.ListCompanyTest","listCompanyWithCSAdminLogin"
"Resend Google Authenticator Menggunakan Login Customer Service","10567","resendOtpGoogleWithCSLogin","Surefire suite","Wed Sep 30 12:59:45 UTC 2026","passed","Wed Sep 30 12:59:55 UTC 2026","testcases.backoffice.googleauth.ResendOtpGoogleTest","Surefire test","testcases.backoffice.googleauth.ResendOtpGoogleTest","resendOtpGoogleWithCSLogin"
"Delete Manage Settlement BO Menggunakan Login Merchant","5154","deleteManageSettlementWithMerchantLogin","Surefire suite","Wed Sep 30 12:46:33 UTC 2026","passed","Wed Sep 30 12:46:38 UTC 2026","testcases.backoffice.settlement.DeleteManageSettlementTest","Surefire test","testcases.backoffice.settlement.DeleteManageSettlementTest","deleteManageSettlementWithMerchantLogin"
"Refund Summary Backoffice","5626","getRefundSummaryBO","Surefire suite","Wed Sep 30 12:50:44 UTC 2026","passed","Wed Sep 30 12:50:50 UTC 2026","testcases.backoffice.refund.GetRefundTest","Surefire test","testcases.backoffice.refund.GetRefundTest","getRefundSummaryBO"
"Create Manage Settlement BO Tanpa Login/Header Auth","1724","addManageSettlementWithoutAuth","Surefire suite","Wed Sep 30 12:43:25 UTC 2026","passed","Wed Sep 30 12:43:27 UTC 2026","testcases.backoffice.settlement.AddManageSettlementTest","Surefire test","testcases.backoffice.settlement.AddManageSettlementTest","addManageSettlementWithoutAuth"
"Resend Google Authenticator Tanpa Login/Header Auth","3306","resendOtpGoogleWithoutAuth","Surefire suite","Wed Sep 30 13:03:50 UTC 2026","passed","Wed Sep 30 13:03:54 UTC 2026","testcases.backoffice.googleauth.ResendOtpGoogleTest","Surefire test","testcases.backoffice.googleauth.ResendOtpGoogleTest","resendOtpGoogleWithoutAuth"
"Transfer Different Partner Reference, Manual Transfer to Transfer","51156","trfPartnerRefManualFailed","Surefire suite","Wed Sep 30 12:19:22 UTC 2026","passed","Wed Sep 30 12:20:13 UTC 2026","testcases.transfer.SpecialTransferTest","Surefire test","testcases.transfer.SpecialTransferTest","trfPartnerRefManualFailed"
"Delete Manage Settlement BO Dengan id Valid Secara Format Tapi Tidak Ada","6205","deleteManageSettlementWithNonExistentId","Surefire suite","Wed Sep 30 12:46:41 UTC 2026","passed","Wed Sep 30 12:46:47 UTC 2026","testcases.backoffice.settlement.DeleteManageSettlementTest","Surefire test","testcases.backoffice.settlement.DeleteManageSettlementTest","deleteManageSettlementWithNonExistentId"
"Create Manage Settlement BO Menggunakan HTTP Method PATCH","4974","addManageSettlementWithPatchMethod","Surefire suite","Wed Sep 30 12:42:22 UTC 2026","passed","Wed Sep 30 12:42:27 UTC 2026","testcases.backoffice.settlement.AddManageSettlementTest","Surefire test","testcases.backoffice.settlement.AddManageSettlementTest","addManageSettlementWithPatchMethod"
"Generate QR Code Closed Merchant","17236","generateQRCodeClosed","Surefire suite","Wed Sep 30 12:56:13 UTC 2026","passed","Wed Sep 30 12:56:30 UTC 2026","testcases.QR.GenerateQRTest","Surefire test","testcases.QR.GenerateQRTest","generateQRCodeClosed"
"List Company Backoffice Menggunakan Login Supervisor","9255","listCompanyWithSupervisorLogin","Surefire suite","Wed Sep 30 13:05:32 UTC 2026","passed","Wed Sep 30 13:05:41 UTC 2026","testcases.backoffice.ListCompanyTest","Surefire test","testcases.backoffice.ListCompanyTest","listCompanyWithSupervisorLogin"
"Add Group Backoffice Tanpa Field feeBankPercent","1459","addGroupWithMissingFeeField","Surefire suite","Wed Sep 30 12:13:27 UTC 2026","passed","Wed Sep 30 12:13:28 UTC 2026","testcases.backoffice.group.AddGroupTest","Surefire test","testcases.backoffice.group.AddGroupTest","addGroupWithMissingFeeField"
"Reset Password Admin Crypto","5205","resetPasswordAdminCrypto","Surefire suite","Wed Sep 30 12:12:15 UTC 2026","passed","Wed Sep 30 12:12:20 UTC 2026","testcases.settings.ResetPasswordTest","Surefire test","testcases.settings.ResetPasswordTest","resetPasswordAdminCrypto"
"Refund Summary Dengan Header pbyv Salah","1711","getRefundWithWrongPbyvHeader","Surefire suite","Wed Sep 30 12:54:21 UTC 2026","passed","Wed Sep 30 12:54:23 UTC 2026","testcases.backoffice.refund.GetRefundTest","Surefire test","testcases.backoffice.refund.GetRefundTest","getRefundWithWrongPbyvHeader"
"Transfer Different Parner Reference Supervisor, USDT Transfer to Transfer","49784","trfPartnerRefUSDTSpvFailed","Surefire suite","Wed Sep 30 12:11:20 UTC 2026","passed","Wed Sep 30 12:12:10 UTC 2026","testcases.transfer.TransferTest","Surefire test","testcases.transfer.TransferTest","trfPartnerRefUSDTSpvFailed"
"Delete Group Backoffice Dengan id Bertipe Angka (Bukan String)","1472","deleteGroupWithIdAsNumber","Surefire suite","Wed Sep 30 12:20:15 UTC 2026","passed","Wed Sep 30 12:20:16 UTC 2026","testcases.backoffice.group.DeleteGroupTest","Surefire test","testcases.backoffice.group.DeleteGroupTest","deleteGroupWithIdAsNumber"
"List Refund Menggunakan Login Supervisor","6317","listRefundWithSupervisorLogin","Surefire suite","Wed Sep 30 14:05:54 UTC 2026","passed","Wed Sep 30 14:06:00 UTC 2026","testcases.backoffice.ListRefundTest","Surefire test","testcases.backoffice.ListRefundTest","listRefundWithSupervisorLogin"
"Refund Summary Menggunakan HTTP Method DELETE","2389","getRefundWithDeleteMethod","Surefire suite","Wed Sep 30 12:51:46 UTC 2026","passed","Wed Sep 30 12:51:48 UTC 2026","testcases.backoffice.refund.GetRefundTest","Surefire test","testcases.backoffice.refund.GetRefundTest","getRefundWithDeleteMethod"
"Delete Manage Settlement BO Dengan id Berisi Payload XSS","6298","deleteManageSettlementWithXssId","Surefire suite","Wed Sep 30 12:48:08 UTC 2026","passed","Wed Sep 30 12:48:14 UTC 2026","testcases.backoffice.settlement.DeleteManageSettlementTest","Surefire test","testcases.backoffice.settlement.DeleteManageSettlementTest","deleteManageSettlementWithXssId"
"Get List Group Company BO Dengan Header groupName Kosong","6493","getListGroupCompanyWithEmptyGroupNameHeader","Surefire suite","Wed Sep 30 12:35:52 UTC 2026","passed","Wed Sep 30 12:35:59 UTC 2026","testcases.backoffice.settlement.GetListGroupCompanyTest","Surefire test","testcases.backoffice.settlement.GetListGroupCompanyTest","getListGroupCompanyWithEmptyGroupNameHeader"
"Get List Group Backoffice Dengan Body Kosong ({})","1800","getListGroupWithEmptyBody","Surefire suite","Wed Sep 30 12:15:55 UTC 2026","passed","Wed Sep 30 12:15:57 UTC 2026","testcases.backoffice.group.GetListGroupTest","Surefire test","testcases.backoffice.group.GetListGroupTest","getListGroupWithEmptyBody"
"Get Detail User Backoffice Tanpa User Id (Path Kosong) - Menemukan Bug Bad Gateway","10418","getUsersWithEmptyId","Surefire suite","Wed Sep 30 12:55:37 UTC 2026","passed","Wed Sep 30 12:55:48 UTC 2026","testcases.backoffice.users.ListUsersTest","Surefire test","testcases.backoffice.users.ListUsersTest","getUsersWithEmptyId"
"Inquiry Favorite Account Ke Path yang Tidak Ada (Typo)","3118","inquiryFavoriteAccountWithWrongPath","Surefire suite","Wed Sep 30 12:54:58 UTC 2026","passed","Wed Sep 30 12:55:01 UTC 2026","testcases.settings.favoriteaccount.InquiryFavoriteAccountTest","Surefire test","testcases.settings.favoriteaccount.InquiryFavoriteAccountTest","inquiryFavoriteAccountWithWrongPath"
"Get User Backoffice Tanpa Login/Header Auth","1516","getUserWithoutAuth","Surefire suite","Wed Sep 30 12:25:12 UTC 2026","passed","Wed Sep 30 12:25:14 UTC 2026","testcases.backoffice.GetDashboardTest","Surefire test","testcases.backoffice.GetDashboardTest","getUserWithoutAuth"
"List Waiting Company Backoffice Dengan Content-Type text/plain","7076","listWaitingCompanyWithWrongContentType","Surefire suite","Wed Sep 30 13:02:17 UTC 2026","passed","Wed Sep 30 13:02:24 UTC 2026","testcases.backoffice.ListWaitingCompanyTest","Surefire test","testcases.backoffice.ListWaitingCompanyTest","listWaitingCompanyWithWrongContentType"
"Reset Pin Marketing","5460","resetPinMarketing","Surefire suite","Wed Sep 30 12:08:20 UTC 2026","passed","Wed Sep 30 12:08:25 UTC 2026","testcases.settings.ResetPinTest","Surefire test","testcases.settings.ResetPinTest","resetPinMarketing"
"Mutasi USDT Transfer CS","15310","mutasiUSDTTransferCS","Surefire suite","Wed Sep 30 14:46:06 UTC 2026","broken","Wed Sep 30 14:46:21 UTC 2026","testcases.mutasi.MutasiTransferTest","Surefire test","testcases.mutasi.MutasiTransferTest","mutasiUSDTTransferCS"
"Reset Pin Group","6976","resetPinGroup","Surefire suite","Wed Sep 30 12:08:10 UTC 2026","passed","Wed Sep 30 12:08:17 UTC 2026","testcases.settings.ResetPinTest","Surefire test","testcases.settings.ResetPinTest","resetPinGroup"
"Get List Group Company BO Dengan groupName Berisi Karakter SQL Injection","6641","getListGroupCompanyWithSqlInjectionGroupName","Surefire suite","Wed Sep 30 12:37:30 UTC 2026","passed","Wed Sep 30 12:37:37 UTC 2026","testcases.backoffice.settlement.GetListGroupCompanyTest","Surefire test","testcases.backoffice.settlement.GetListGroupCompanyTest","getListGroupCompanyWithSqlInjectionGroupName"
"List Refund Dengan Field Range Berisi Nilai Tidak Valid","8056","listRefundWithInvalidRange","Surefire suite","Wed Sep 30 14:04:26 UTC 2026","passed","Wed Sep 30 14:04:34 UTC 2026","testcases.backoffice.ListRefundTest","Surefire test","testcases.backoffice.ListRefundTest","listRefundWithInvalidRange"
"Get Notification Sender Dengan Body Berupa JSON Array ([])","5056","getNotificationSenderWithArrayBody","Surefire suite","Wed Sep 30 12:52:49 UTC 2026","passed","Wed Sep 30 12:52:54 UTC 2026","testcases.backoffice.notifsender.NotificationSenderTest","Surefire test","testcases.backoffice.notifsender.NotificationSenderTest","getNotificationSenderWithArrayBody"
"Reset Pin Admin","7527","resetPinAdmin","Surefire suite","Wed Sep 30 12:08:06 UTC 2026","passed","Wed Sep 30 12:08:13 UTC 2026","testcases.settings.ResetPinTest","Surefire test","testcases.settings.ResetPinTest","resetPinAdmin"
"Test Reject USDT Supervisor","25054","rejectedUSDTSupervisor","Surefire suite","Wed Sep 30 13:48:45 UTC 2026","broken","Wed Sep 30 13:49:10 UTC 2026","testcases.backoffice.ApprovalTransferTest","Surefire test","testcases.backoffice.ApprovalTransferTest","rejectedUSDTSupervisor"
"Get Detail User Backoffice Dengan Token Tidak Valid","2311","getUsersWithInvalidToken","Surefire suite","Wed Sep 30 12:55:51 UTC 2026","passed","Wed Sep 30 12:55:53 UTC 2026","testcases.backoffice.users.ListUsersTest","Surefire test","testcases.backoffice.users.ListUsersTest","getUsersWithInvalidToken"
"Get List Favorite Account Tanpa Field page","1944","getListFavoriteAccountWithoutPageField","Surefire suite","Wed Sep 30 14:54:05 UTC 2026","passed","Wed Sep 30 14:54:07 UTC 2026","testcases.settings.favoriteaccount.GetListFavoriteAccountTest","Surefire test","testcases.settings.favoriteaccount.GetListFavoriteAccountTest","getListFavoriteAccountWithoutPageField"
"Delete session Merchant on CS Admin","7038","deleteSessionCsAdmin","Surefire suite","Wed Sep 30 12:08:53 UTC 2026","broken","Wed Sep 30 12:09:00 UTC 2026","testcases.backoffice.users.EditUserTest","Surefire test","testcases.backoffice.users.EditUserTest","deleteSessionCsAdmin"
"Get Group Detail Backoffice Menggunakan HTTP Method DELETE","4725","getGroupDetailWithDeleteMethod","Surefire suite","Wed Sep 30 12:08:34 UTC 2026","passed","Wed Sep 30 12:08:39 UTC 2026","testcases.backoffice.group.GetGroupTest","Surefire test","testcases.backoffice.group.GetGroupTest","getGroupDetailWithDeleteMethod"
"Mutasi Manual Transfer","47681","mutasiManualTransfer","Surefire suite","Wed Sep 30 14:29:00 UTC 2026","passed","Wed Sep 30 14:29:48 UTC 2026","testcases.mutasi.MutasiTransferTest","Surefire test","testcases.mutasi.MutasiTransferTest","mutasiManualTransfer"
"Get List Group Backoffice Dengan page Negatif","1546","getListGroupWithNegativePage","Surefire suite","Wed Sep 30 12:16:47 UTC 2026","passed","Wed Sep 30 12:16:49 UTC 2026","testcases.backoffice.group.GetListGroupTest","Surefire test","testcases.backoffice.group.GetListGroupTest","getListGroupWithNegativePage"
"Get List Favorite Account Dengan Karakter SQL Injection pada sort","1652","getListFavoriteAccountWithSqlInjectionSort","Surefire suite","Wed Sep 30 14:53:21 UTC 2026","passed","Wed Sep 30 14:53:22 UTC 2026","testcases.settings.favoriteaccount.GetListFavoriteAccountTest","Surefire test","testcases.settings.favoriteaccount.GetListFavoriteAccountTest","getListFavoriteAccountWithSqlInjectionSort"
"Delete Manage Settlement BO Menggunakan Login Admin Crypto","8034","deleteManageSettlementWithAdminCryptoLogin","Surefire suite","Wed Sep 30 12:44:34 UTC 2026","passed","Wed Sep 30 12:44:42 UTC 2026","testcases.backoffice.settlement.DeleteManageSettlementTest","Surefire test","testcases.backoffice.settlement.DeleteManageSettlementTest","deleteManageSettlementWithAdminCryptoLogin"
"List Waiting Company Backoffice Menggunakan Login Merchant","11269","listWaitingCompanyWithMerchantLogin","Surefire suite","Wed Sep 30 13:01:28 UTC 2026","passed","Wed Sep 30 13:01:39 UTC 2026","testcases.backoffice.ListWaitingCompanyTest","Surefire test","testcases.backoffice.ListWaitingCompanyTest","listWaitingCompanyWithMerchantLogin"
"Get List Google Authenticator Dengan Header Authorization Tanpa Skema Bearer","1700","listOtpGoogleWithMalformedAuthorizationHeader","Surefire suite","Wed Sep 30 13:08:40 UTC 2026","passed","Wed Sep 30 13:08:42 UTC 2026","testcases.backoffice.googleauth.ListOtpGoogleTest","Surefire test","testcases.backoffice.googleauth.ListOtpGoogleTest","listOtpGoogleWithMalformedAuthorizationHeader"
"Delete Favorite Account Dengan Format id Tidak Valid (Bukan ObjectId)","2946","deleteFavoriteAccountWithInvalidIdFormat","Surefire suite","Wed Sep 30 12:09:17 UTC 2026","passed","Wed Sep 30 12:09:20 UTC 2026","testcases.settings.favoriteaccount.DeleteFavoriteAccountTest","Surefire test","testcases.settings.favoriteaccount.DeleteFavoriteAccountTest","deleteFavoriteAccountWithInvalidIdFormat"
"Generate Open QR Code Merchant","11691","generateOpenQRCode","Surefire suite","Wed Sep 30 12:55:38 UTC 2026","passed","Wed Sep 30 12:55:50 UTC 2026","testcases.QR.GenerateQRTest","Surefire test","testcases.QR.GenerateQRTest","generateOpenQRCode"
"Success Login Supervisor With Captcha","3423","testLoginSupervisor","Surefire suite","Wed Sep 30 12:13:29 UTC 2026","passed","Wed Sep 30 12:13:32 UTC 2026","testcases.auth.LoginTest","Surefire test","testcases.auth.LoginTest","testLoginSupervisor"
