"DESCRIPTION","DURATION IN MS","NAME","PARENT SUITE","START TIME","STATUS","STOP TIME","SUB SUITE","SUITE","TEST CLASS","TEST METHOD"
"Inquiry Favorite Account Tanpa Field beneficiaryAccountNo","1574","inquiryFavoriteAccountWithoutBeneficiaryAccountNoField","Surefire suite","Sat Oct 03 07:11:23 UTC 2026","passed","Sat Oct 03 07:11:24 UTC 2026","testcases.settings.favoriteaccount.InquiryFavoriteAccountTest","Surefire test","testcases.settings.favoriteaccount.InquiryFavoriteAccountTest","inquiryFavoriteAccountWithoutBeneficiaryAccountNoField"
"Get Balance Marketing","5788","getBalanceMarketing","Surefire suite","Sat Oct 03 06:30:34 UTC 2026","passed","Sat Oct 03 06:30:40 UTC 2026","testcases.balance.GetBalanceQrisTest","Surefire test","testcases.balance.GetBalanceQrisTest","getBalanceMarketing"
"List Company Backoffice Dengan Body Berupa JSON Array ([])","4486","listCompanyWithArrayBody","Surefire suite","Sat Oct 03 07:20:01 UTC 2026","passed","Sat Oct 03 07:20:05 UTC 2026","testcases.backoffice.ListCompanyTest","Surefire test","testcases.backoffice.ListCompanyTest","listCompanyWithArrayBody"
"Reset Password Customer Service","5135","resetPasswordCS","Surefire suite","Sat Oct 03 06:30:33 UTC 2026","passed","Sat Oct 03 06:30:38 UTC 2026","testcases.settings.ResetPasswordTest","Surefire test","testcases.settings.ResetPasswordTest","resetPasswordCS"
"Add Currency CS Admin Path Menggunakan Login Supervisor","4917","addCurrencyWithSupervisorLogin","Surefire suite","Sat Oct 03 08:02:21 UTC 2026","passed","Sat Oct 03 08:02:26 UTC 2026","testcases.backoffice.currency.AddCurrencyTest","Surefire test","testcases.backoffice.currency.AddCurrencyTest","addCurrencyWithSupervisorLogin"
"Get Group Detail Backoffice Dengan Group Id Milik Entitas Lain (User Id)","4383","getGroupDetailWithForeignEntityId","Surefire suite","Sat Oct 03 06:50:34 UTC 2026","passed","Sat Oct 03 06:50:39 UTC 2026","testcases.backoffice.group.GetGroupTest","Surefire test","testcases.backoffice.group.GetGroupTest","getGroupDetailWithForeignEntityId"
"List Company Backoffice Dengan Tipe Data Salah pada Field Limit (String, Bukan Integer)","4454","listCompanyWithInvalidFieldType","Surefire suite","Sat Oct 03 07:20:40 UTC 2026","passed","Sat Oct 03 07:20:44 UTC 2026","testcases.backoffice.ListCompanyTest","Surefire test","testcases.backoffice.ListCompanyTest","listCompanyWithInvalidFieldType"
"Resend Google Authenticator Dengan email Berisi Payload XSS","4428","resendOtpGoogleWithXssEmail","Surefire suite","Sat Oct 03 07:21:10 UTC 2026","passed","Sat Oct 03 07:21:14 UTC 2026","testcases.backoffice.googleauth.ResendOtpGoogleTest","Surefire test","testcases.backoffice.googleauth.ResendOtpGoogleTest","resendOtpGoogleWithXssEmail"
"Create Manage Settlement BO Tanpa Field groupName","4404","addManageSettlementWithoutGroupName","Surefire suite","Sat Oct 03 06:49:38 UTC 2026","passed","Sat Oct 03 06:49:42 UTC 2026","testcases.backoffice.settlement.AddManageSettlementTest","Surefire test","testcases.backoffice.settlement.AddManageSettlementTest","addManageSettlementWithoutGroupName"
"Get List Group Backoffice Menggunakan Login CS Admin","4454","getListGroupWithCSAdminLogin","Surefire suite","Sat Oct 03 06:53:03 UTC 2026","passed","Sat Oct 03 06:53:08 UTC 2026","testcases.backoffice.group.GetListGroupTest","Surefire test","testcases.backoffice.group.GetListGroupTest","getListGroupWithCSAdminLogin"
"Created Favorite Account Ke Path yang Tidak Ada (Typo)","1471","createdFavoriteAccountWithWrongPath","Surefire suite","Sat Oct 03 07:09:05 UTC 2026","failed","Sat Oct 03 07:09:07 UTC 2026","testcases.settings.favoriteaccount.CreatedFavoriteAccountTest","Surefire test","testcases.settings.favoriteaccount.CreatedFavoriteAccountTest","createdFavoriteAccountWithWrongPath"
"Test Approved Special Transfer Supervisor","11317","approvedSpecialTransferSupervisor","Surefire suite","Sat Oct 03 07:48:41 UTC 2026","passed","Sat Oct 03 07:48:52 UTC 2026","testcases.backoffice.ApprovalTransferTest","Surefire test","testcases.backoffice.ApprovalTransferTest","approvedSpecialTransferSupervisor"
"Normal Flop Transfer Balance Admin Crypto Success","11758","flopTransferBalanceAdminCrypto","Surefire suite","Sat Oct 03 06:33:06 UTC 2026","passed","Sat Oct 03 06:33:18 UTC 2026","testcases.transfer.TransferFlopTest","Surefire test","testcases.transfer.TransferFlopTest","flopTransferBalanceAdminCrypto"
"Refund Summary Dengan type Bertipe Angka (Bukan String)","1497","getRefundWithNumericType","Surefire suite","Sat Oct 03 07:13:26 UTC 2026","passed","Sat Oct 03 07:13:28 UTC 2026","testcases.backoffice.refund.GetRefundTest","Surefire test","testcases.backoffice.refund.GetRefundTest","getRefundWithNumericType"
"Create Manage Settlement BO Tanpa Login/Header Auth","1411","addManageSettlementWithoutAuth","Surefire suite","Sat Oct 03 06:49:11 UTC 2026","passed","Sat Oct 03 06:49:13 UTC 2026","testcases.backoffice.settlement.AddManageSettlementTest","Surefire test","testcases.backoffice.settlement.AddManageSettlementTest","addManageSettlementWithoutAuth"
"Get List Favorite Account Dengan page Negatif","1628","getListFavoriteAccountWithNegativePage","Surefire suite","Sat Oct 03 08:44:19 UTC 2026","passed","Sat Oct 03 08:44:21 UTC 2026","testcases.settings.favoriteaccount.GetListFavoriteAccountTest","Surefire test","testcases.settings.favoriteaccount.GetListFavoriteAccountTest","getListFavoriteAccountWithNegativePage"
"Inquiry Favorite Account Tanpa Body Sama Sekali","1450","inquiryFavoriteAccountWithoutBody","Surefire suite","Sat Oct 03 07:11:32 UTC 2026","passed","Sat Oct 03 07:11:33 UTC 2026","testcases.settings.favoriteaccount.InquiryFavoriteAccountTest","Surefire test","testcases.settings.favoriteaccount.InquiryFavoriteAccountTest","inquiryFavoriteAccountWithoutBody"
"Resend Google Authenticator Menggunakan Login Admin Crypto","4532","resendOtpGoogleWithAdminCryptoLogin","Surefire suite","Sat Oct 03 07:17:50 UTC 2026","passed","Sat Oct 03 07:17:54 UTC 2026","testcases.backoffice.googleauth.ResendOtpGoogleTest","Surefire test","testcases.backoffice.googleauth.ResendOtpGoogleTest","resendOtpGoogleWithAdminCryptoLogin"
"Get List Group Backoffice Menggunakan Login Supervisor","4497","getListGroupWithSupervisorLogin","Surefire suite","Sat Oct 03 06:54:53 UTC 2026","passed","Sat Oct 03 06:54:57 UTC 2026","testcases.backoffice.group.GetListGroupTest","Surefire test","testcases.backoffice.group.GetListGroupTest","getListGroupWithSupervisorLogin"
"Get List Group Ke Path yang Tidak Ada (Typo)","1762","getListGroupWithWrongPath","Surefire suite","Sat Oct 03 06:55:09 UTC 2026","passed","Sat Oct 03 06:55:11 UTC 2026","testcases.backoffice.group.GetListGroupTest","Surefire test","testcases.backoffice.group.GetListGroupTest","getListGroupWithWrongPath"
"Reset Pin Merchant","4817","resetPinMerchant","Surefire suite","Sat Oct 03 07:07:34 UTC 2026","passed","Sat Oct 03 07:07:39 UTC 2026","testcases.settings.ResetPinTest","Surefire test","testcases.settings.ResetPinTest","resetPinMerchant"
"Get Notification Sender Menggunakan HTTP Method DELETE","4395","getNotificationSenderWithDeleteMethod","Surefire suite","Sat Oct 03 07:09:54 UTC 2026","passed","Sat Oct 03 07:09:59 UTC 2026","testcases.backoffice.notifsender.NotificationSenderTest","Surefire test","testcases.backoffice.notifsender.NotificationSenderTest","getNotificationSenderWithDeleteMethod"
"Create Manage Settlement BO Dengan Body Berupa JSON Array ([])","4381","addManageSettlementWithArrayBody","Surefire suite","Sat Oct 03 06:45:46 UTC 2026","passed","Sat Oct 03 06:45:50 UTC 2026","testcases.backoffice.settlement.AddManageSettlementTest","Surefire test","testcases.backoffice.settlement.AddManageSettlementTest","addManageSettlementWithArrayBody"
"Get Detail User Backoffice Dengan Token Tidak Valid","1502","getUsersWithInvalidToken","Surefire suite","Sat Oct 03 07:15:01 UTC 2026","passed","Sat Oct 03 07:15:02 UTC 2026","testcases.backoffice.users.ListUsersTest","Surefire test","testcases.backoffice.users.ListUsersTest","getUsersWithInvalidToken"
"Delete Manage Settlement BO Menggunakan Login Marketing","4417","deleteManageSettlementWithMarketingLogin","Surefire suite","Sat Oct 03 06:43:25 UTC 2026","passed","Sat Oct 03 06:43:30 UTC 2026","testcases.backoffice.settlement.DeleteManageSettlementTest","Surefire test","testcases.backoffice.settlement.DeleteManageSettlementTest","deleteManageSettlementWithMarketingLogin"
"Mutasi Special Transfer Supervisor CS","20475","mutasiSpecialTransferSupervisorCS","Surefire suite","Sat Oct 03 08:33:12 UTC 2026","passed","Sat Oct 03 08:33:33 UTC 2026","testcases.mutasi.MutasiTransferTest","Surefire test","testcases.mutasi.MutasiTransferTest","mutasiSpecialTransferSupervisorCS"
"Get Group Backoffice Tanpa Login/Header Auth","1407","getGroupWithoutAuth","Surefire suite","Sat Oct 03 06:37:52 UTC 2026","passed","Sat Oct 03 06:37:54 UTC 2026","testcases.backoffice.GetDashboardTest","Surefire test","testcases.backoffice.GetDashboardTest","getGroupWithoutAuth"
"List Company Backoffice Dengan Karakter SQL Injection pada Field Param - Menemukan Bug Gateway Timeout","4493","listCompanyWithSqlInjectionParam","Surefire suite","Sat Oct 03 07:21:34 UTC 2026","passed","Sat Oct 03 07:21:39 UTC 2026","testcases.backoffice.ListCompanyTest","Surefire test","testcases.backoffice.ListCompanyTest","listCompanyWithSqlInjectionParam"
"Get History Manual Transfer Test","8285","historyManualTransferTest","Surefire suite","Sat Oct 03 08:14:55 UTC 2026","passed","Sat Oct 03 08:15:03 UTC 2026","testcases.history.HistoryTransferTest","Surefire test","testcases.history.HistoryTransferTest","historyManualTransferTest"
"List Waiting Company Backoffice","4502","getListWaitingCompany","Surefire suite","Sat Oct 03 07:17:26 UTC 2026","passed","Sat Oct 03 07:17:30 UTC 2026","testcases.backoffice.ListWaitingCompanyTest","Surefire test","testcases.backoffice.ListWaitingCompanyTest","getListWaitingCompany"
"List Company Backoffice Dengan Field Sort Merujuk ke Kolom yang Tidak Ada","4410","listCompanyWithInvalidSortField","Surefire suite","Sat Oct 03 07:20:47 UTC 2026","passed","Sat Oct 03 07:20:52 UTC 2026","testcases.backoffice.ListCompanyTest","Surefire test","testcases.backoffice.ListCompanyTest","listCompanyWithInvalidSortField"
"Refund Summary Menggunakan HTTP Method GET","1449","getRefundWithGetMethod","Surefire suite","Sat Oct 03 07:12:22 UTC 2026","passed","Sat Oct 03 07:12:24 UTC 2026","testcases.backoffice.refund.GetRefundTest","Surefire test","testcases.backoffice.refund.GetRefundTest","getRefundWithGetMethod"
"List Refund Dengan Field Range Berisi Nilai Tidak Valid","4621","listRefundWithInvalidRange","Surefire suite","Sat Oct 03 08:07:54 UTC 2026","passed","Sat Oct 03 08:07:59 UTC 2026","testcases.backoffice.ListRefundTest","Surefire test","testcases.backoffice.ListRefundTest","listRefundWithInvalidRange"
"Get List Favorite Account Menggunakan HTTP Method GET","1777","getListFavoriteAccountWithGetMethod","Surefire suite","Sat Oct 03 08:44:01 UTC 2026","passed","Sat Oct 03 08:44:03 UTC 2026","testcases.settings.favoriteaccount.GetListFavoriteAccountTest","Surefire test","testcases.settings.favoriteaccount.GetListFavoriteAccountTest","getListFavoriteAccountWithGetMethod"
"List User Backoffice Dengan Body Kosong ({})","4461","listUsersWithEmptyBody","Surefire suite","Sat Oct 03 07:15:54 UTC 2026","passed","Sat Oct 03 07:15:59 UTC 2026","testcases.backoffice.users.ListUsersTest","Surefire test","testcases.backoffice.users.ListUsersTest","listUsersWithEmptyBody"
"List Waiting Company Backoffice Dengan Page/Size Negatif","4394","listWaitingCompanyWithNegativePageSize","Surefire suite","Sat Oct 03 07:19:05 UTC 2026","passed","Sat Oct 03 07:19:09 UTC 2026","testcases.backoffice.ListWaitingCompanyTest","Surefire test","testcases.backoffice.ListWaitingCompanyTest","listWaitingCompanyWithNegativePageSize"
"List Company Backoffice Menggunakan Login Merchant","4431","listCompanyWithMerchantLogin","Surefire suite","Sat Oct 03 07:21:20 UTC 2026","passed","Sat Oct 03 07:21:24 UTC 2026","testcases.backoffice.ListCompanyTest","Surefire test","testcases.backoffice.ListCompanyTest","listCompanyWithMerchantLogin"
"Add Currency CS Admin Path Menggunakan HTTP Method DELETE","1442","addCurrencyWithDeleteMethod","Surefire suite","Sat Oct 03 08:00:40 UTC 2026","passed","Sat Oct 03 08:00:41 UTC 2026","testcases.backoffice.currency.AddCurrencyTest","Surefire test","testcases.backoffice.currency.AddCurrencyTest","addCurrencyWithDeleteMethod"
"Get Notification Sender Dengan Ukuran Halaman Sangat Besar","20873","getNotificationSenderWithHugeSize","Surefire suite","Sat Oct 03 07:10:29 UTC 2026","passed","Sat Oct 03 07:10:50 UTC 2026","testcases.backoffice.notifsender.NotificationSenderTest","Surefire test","testcases.backoffice.notifsender.NotificationSenderTest","getNotificationSenderWithHugeSize"
"List Currency USDT Menggunakan Login Marketing","4610","getCurrencyWithMarketingLogin","Surefire suite","Sat Oct 03 07:05:00 UTC 2026","passed","Sat Oct 03 07:05:05 UTC 2026","testcases.backoffice.currency.GetCurrencyTest","Surefire test","testcases.backoffice.currency.GetCurrencyTest","getCurrencyWithMarketingLogin"
"Get User Marketing Backoffice","4490","getUserSuperBO","Surefire suite","Sat Oct 03 06:37:57 UTC 2026","passed","Sat Oct 03 06:38:01 UTC 2026","testcases.backoffice.GetDashboardTest","Surefire test","testcases.backoffice.GetDashboardTest","getUserSuperBO"
"Approval Refund Special Transfer Merchant","14932","approveRefundManualTransferMerchant","Surefire suite","Sat Oct 03 07:45:04 UTC 2026","passed","Sat Oct 03 07:45:19 UTC 2026","testcases.backoffice.ApprovalRefundTest","Surefire test","testcases.backoffice.ApprovalRefundTest","approveRefundManualTransferMerchant"
"Get List Group Backoffice Dengan enablePage Bertipe String","1426","getListGroupWithEnablePageAsString","Surefire suite","Sat Oct 03 06:53:27 UTC 2026","passed","Sat Oct 03 06:53:28 UTC 2026","testcases.backoffice.group.GetListGroupTest","Surefire test","testcases.backoffice.group.GetListGroupTest","getListGroupWithEnablePageAsString"
"Add Currency CS Admin Path Dengan Body Kosong ({})","1546","addCurrencyWithEmptyBody","Surefire suite","Sat Oct 03 08:00:54 UTC 2026","passed","Sat Oct 03 08:00:55 UTC 2026","testcases.backoffice.currency.AddCurrencyTest","Surefire test","testcases.backoffice.currency.AddCurrencyTest","addCurrencyWithEmptyBody"
"List Manage Settlement Backoffice Dengan Token Kadaluarsa","1432","listManageSettlementWithExpiredToken","Surefire suite","Sat Oct 03 07:14:55 UTC 2026","passed","Sat Oct 03 07:14:57 UTC 2026","testcases.backoffice.settlement.ManageSettlementTest","Surefire test","testcases.backoffice.settlement.ManageSettlementTest","listManageSettlementWithExpiredToken"
"Get History Flop Transfer Test CS","11909","historyFlopTransferTestCS","Surefire suite","Sat Oct 03 08:14:00 UTC 2026","passed","Sat Oct 03 08:14:12 UTC 2026","testcases.history.HistoryTransferTest","Surefire test","testcases.history.HistoryTransferTest","historyFlopTransferTestCS"
"List Manage Settlement Backoffice Dengan Body Berupa JSON Array ([])","4479","listManageSettlementWithArrayBody","Surefire suite","Sat Oct 03 07:14:18 UTC 2026","passed","Sat Oct 03 07:14:22 UTC 2026","testcases.backoffice.settlement.ManageSettlementTest","Surefire test","testcases.backoffice.settlement.ManageSettlementTest","listManageSettlementWithArrayBody"
"Get List Favorite Account Dengan Body JSON Tidak Valid (Malformed)","1451","getListFavoriteAccountWithMalformedJson","Surefire suite","Sat Oct 03 08:44:15 UTC 2026","passed","Sat Oct 03 08:44:16 UTC 2026","testcases.settings.favoriteaccount.GetListFavoriteAccountTest","Surefire test","testcases.settings.favoriteaccount.GetListFavoriteAccountTest","getListFavoriteAccountWithMalformedJson"
"Get List Google Authenticator Dengan Body JSON Tidak Valid (Malformed)","4461","listOtpGoogleWithMalformedJson","Surefire suite","Sat Oct 03 07:09:18 UTC 2026","passed","Sat Oct 03 07:09:22 UTC 2026","testcases.backoffice.googleauth.ListOtpGoogleTest","Surefire test","testcases.backoffice.googleauth.ListOtpGoogleTest","listOtpGoogleWithMalformedJson"
"Mutasi Manual Transfer","27307","mutasiManualTransfer","Surefire suite","Sat Oct 03 08:25:49 UTC 2026","passed","Sat Oct 03 08:26:16 UTC 2026","testcases.mutasi.MutasiTransferTest","Surefire test","testcases.mutasi.MutasiTransferTest","mutasiManualTransfer"
"Inquiry Test Flop Transfer Merchant Supervisor","5287","inquiryFlopTransferSupervisor","Surefire suite","Sat Oct 03 06:35:17 UTC 2026","passed","Sat Oct 03 06:35:22 UTC 2026","testcases.transfer.InquiryFlopTransferTest","Surefire test","testcases.transfer.InquiryFlopTransferTest","inquiryFlopTransferSupervisor"
"Inquiry Favorite Account Dengan Token Kadaluarsa","1464","inquiryFavoriteAccountWithExpiredToken","Surefire suite","Sat Oct 03 07:10:10 UTC 2026","passed","Sat Oct 03 07:10:12 UTC 2026","testcases.settings.favoriteaccount.InquiryFavoriteAccountTest","Surefire test","testcases.settings.favoriteaccount.InquiryFavoriteAccountTest","inquiryFavoriteAccountWithExpiredToken"
"Get History Transfer Supervisor on Login CS Admin","11362","historyTransferSupervisorTestCSAdmin","Surefire suite","Sat Oct 03 08:18:22 UTC 2026","passed","Sat Oct 03 08:18:33 UTC 2026","testcases.history.HistoryTransferTest","Surefire test","testcases.history.HistoryTransferTest","historyTransferSupervisorTestCSAdmin"
"Get Notification Sender Tanpa Login/Header Auth","1414","getNotificationSenderWithoutAuth","Surefire suite","Sat Oct 03 07:13:29 UTC 2026","passed","Sat Oct 03 07:13:30 UTC 2026","testcases.backoffice.notifsender.NotificationSenderTest","Surefire test","testcases.backoffice.notifsender.NotificationSenderTest","getNotificationSenderWithoutAuth"
"Delete Group Backoffice Menggunakan Login Merchant","4431","deleteGroupWithMerchantLogin","Surefire suite","Sat Oct 03 06:57:55 UTC 2026","passed","Sat Oct 03 06:57:59 UTC 2026","testcases.backoffice.group.DeleteGroupTest","Surefire test","testcases.backoffice.group.DeleteGroupTest","deleteGroupWithMerchantLogin"
"Add Group Backoffice Dengan Header Authorization Tanpa Skema Bearer","1419","addGroupWithMalformedAuthorizationHeader","Surefire suite","Sat Oct 03 07:01:27 UTC 2026","passed","Sat Oct 03 07:01:29 UTC 2026","testcases.backoffice.group.AddGroupTest","Surefire test","testcases.backoffice.group.AddGroupTest","addGroupWithMalformedAuthorizationHeader"
"Add Currency CS Admin Path Menggunakan Login Admin","4663","addCurrencyWithAdminLogin","Surefire suite","Sat Oct 03 07:59:56 UTC 2026","passed","Sat Oct 03 08:00:00 UTC 2026","testcases.backoffice.currency.AddCurrencyTest","Surefire test","testcases.backoffice.currency.AddCurrencyTest","addCurrencyWithAdminLogin"
"Get List Group Company BO Menggunakan HTTP Method PUT","4490","getListGroupCompanyWithPutMethod","Surefire suite","Sat Oct 03 06:40:41 UTC 2026","passed","Sat Oct 03 06:40:46 UTC 2026","testcases.backoffice.settlement.GetListGroupCompanyTest","Surefire test","testcases.backoffice.settlement.GetListGroupCompanyTest","getListGroupCompanyWithPutMethod"
"Get History Manual Transfer Test CS","11143","historyManualTransferTestCS","Surefire suite","Sat Oct 03 08:15:32 UTC 2026","passed","Sat Oct 03 08:15:43 UTC 2026","testcases.history.HistoryTransferTest","Surefire test","testcases.history.HistoryTransferTest","historyManualTransferTestCS"
"Delete Manage Settlement BO Dengan id Milik Entitas Lain (Group Id)","4464","deleteManageSettlementWithForeignEntityId","Surefire suite","Sat Oct 03 06:43:02 UTC 2026","passed","Sat Oct 03 06:43:06 UTC 2026","testcases.backoffice.settlement.DeleteManageSettlementTest","Surefire test","testcases.backoffice.settlement.DeleteManageSettlementTest","deleteManageSettlementWithForeignEntityId"
"Add Group Backoffice Dengan Body JSON Tidak Valid (Malformed)","1503","addGroupWithMalformedJson","Surefire suite","Sat Oct 03 07:01:32 UTC 2026","passed","Sat Oct 03 07:01:33 UTC 2026","testcases.backoffice.group.AddGroupTest","Surefire test","testcases.backoffice.group.AddGroupTest","addGroupWithMalformedJson"
"Get Detail Waiting Company Backoffice Menggunakan Login Supervisor","4431","getDetailWaitingCompanyWithSupervisorLogin","Surefire suite","Sat Oct 03 06:32:32 UTC 2026","passed","Sat Oct 03 06:32:36 UTC 2026","testcases.backoffice.GetDetailWaitingCompanyTest","Surefire test","testcases.backoffice.GetDetailWaitingCompanyTest","getDetailWaitingCompanyWithSupervisorLogin"
"Refund Summary Dengan Content-Type text/plain","1476","getRefundWithWrongContentType","Surefire suite","Sat Oct 03 07:14:01 UTC 2026","passed","Sat Oct 03 07:14:02 UTC 2026","testcases.backoffice.refund.GetRefundTest","Surefire test","testcases.backoffice.refund.GetRefundTest","getRefundWithWrongContentType"
"List Currency USDT Dengan Karakter SQL Injection pada Field Param","1512","getCurrencyWithSqlInjectionParam","Surefire suite","Sat Oct 03 07:05:33 UTC 2026","passed","Sat Oct 03 07:05:35 UTC 2026","testcases.backoffice.currency.GetCurrencyTest","Surefire test","testcases.backoffice.currency.GetCurrencyTest","getCurrencyWithSqlInjectionParam"
"Get List Group Company BO Dengan groupName Berisi Karakter SQL Injection","4446","getListGroupCompanyWithSqlInjectionGroupName","Surefire suite","Sat Oct 03 06:40:49 UTC 2026","passed","Sat Oct 03 06:40:53 UTC 2026","testcases.backoffice.settlement.GetListGroupCompanyTest","Surefire test","testcases.backoffice.settlement.GetListGroupCompanyTest","getListGroupCompanyWithSqlInjectionGroupName"
"Delete Google Authenticator Dengan id Sangat Panjang (10.000 karakter)","4486","deleteOtpGoogleWithOverlongId","Surefire suite","Sat Oct 03 06:34:42 UTC 2026","passed","Sat Oct 03 06:34:46 UTC 2026","testcases.backoffice.googleauth.DeleteOtpGoogleTest","Surefire test","testcases.backoffice.googleauth.DeleteOtpGoogleTest","deleteOtpGoogleWithOverlongId"
"List Waiting Company Backoffice Menggunakan Login Admin Crypto","4598","listWaitingCompanyWithAdminCryptoLogin","Surefire suite","Sat Oct 03 07:17:33 UTC 2026","passed","Sat Oct 03 07:17:38 UTC 2026","testcases.backoffice.ListWaitingCompanyTest","Surefire test","testcases.backoffice.ListWaitingCompanyTest","listWaitingCompanyWithAdminCryptoLogin"
"Created Favorite Account Dengan Token Kadaluarsa","1439","createdFavoriteAccountWithExpiredToken","Surefire suite","Sat Oct 03 07:08:11 UTC 2026","passed","Sat Oct 03 07:08:13 UTC 2026","testcases.settings.favoriteaccount.CreatedFavoriteAccountTest","Surefire test","testcases.settings.favoriteaccount.CreatedFavoriteAccountTest","createdFavoriteAccountWithExpiredToken"
"Delete Group Backoffice yang Sama Dipanggil Dua Kali (Sudah Terhapus)","19203","deleteGroupAlreadyDeleted","Surefire suite","Sat Oct 03 06:55:45 UTC 2026","passed","Sat Oct 03 06:56:05 UTC 2026","testcases.backoffice.group.DeleteGroupTest","Surefire test","testcases.backoffice.group.DeleteGroupTest","deleteGroupAlreadyDeleted"
"Add Currency CS Admin Path Dengan rate Sangat Besar (Overflow)","1486","addCurrencyWithHugeRate","Surefire suite","Sat Oct 03 08:01:07 UTC 2026","passed","Sat Oct 03 08:01:09 UTC 2026","testcases.backoffice.currency.AddCurrencyTest","Surefire test","testcases.backoffice.currency.AddCurrencyTest","addCurrencyWithHugeRate"
"List User Backoffice Dengan Page/Size Negatif - Menemukan Bug Gateway Timeout","4434","listUsersWithNegativePageSize","Surefire suite","Sat Oct 03 07:16:52 UTC 2026","passed","Sat Oct 03 07:16:56 UTC 2026","testcases.backoffice.users.ListUsersTest","Surefire test","testcases.backoffice.users.ListUsersTest","listUsersWithNegativePageSize"
"Create Manage Settlement BO Menggunakan Login Admin Crypto","4458","addManageSettlementWithAdminCryptoLogin","Surefire suite","Sat Oct 03 06:45:31 UTC 2026","passed","Sat Oct 03 06:45:36 UTC 2026","testcases.backoffice.settlement.AddManageSettlementTest","Surefire test","testcases.backoffice.settlement.AddManageSettlementTest","addManageSettlementWithAdminCryptoLogin"
"Refund Summary Backoffice","4488","getRefundSummaryBO","Surefire suite","Sat Oct 03 07:11:15 UTC 2026","passed","Sat Oct 03 07:11:20 UTC 2026","testcases.backoffice.refund.GetRefundTest","Surefire test","testcases.backoffice.refund.GetRefundTest","getRefundSummaryBO"
"Add Group Backoffice Tanpa Field name","1458","addGroupWithoutNameField","Surefire suite","Sat Oct 03 07:03:15 UTC 2026","passed","Sat Oct 03 07:03:17 UTC 2026","testcases.backoffice.group.AddGroupTest","Surefire test","testcases.backoffice.group.AddGroupTest","addGroupWithoutNameField"
"Get History QR Open Merchant on login CS Admin","13403","historyQROpenMerchantCSAdmin","Surefire suite","Sat Oct 03 07:24:02 UTC 2026","passed","Sat Oct 03 07:24:16 UTC 2026","testcases.history.HistoryQRTest","Surefire test","testcases.history.HistoryQRTest","historyQROpenMerchantCSAdmin"
"Request Refund Special Transfer Merchant","4677","refundSpecialTransferMerchant","Surefire suite","Sat Oct 03 07:15:48 UTC 2026","passed","Sat Oct 03 07:15:53 UTC 2026","testcases.transfer.RefundTransferTest","Surefire test","testcases.transfer.RefundTransferTest","refundSpecialTransferMerchant"
"Get List Google Authenticator Dengan Token Backoffice Valid Tapi Tanpa Header pbyv","4722","listOtpGoogleWithoutPbyvHeader","Surefire suite","Sat Oct 03 07:11:07 UTC 2026","passed","Sat Oct 03 07:11:12 UTC 2026","testcases.backoffice.googleauth.ListOtpGoogleTest","Surefire test","testcases.backoffice.googleauth.ListOtpGoogleTest","listOtpGoogleWithoutPbyvHeader"
"Resend Google Authenticator Menggunakan Login Marketing","4455","resendOtpGoogleWithMarketingLogin","Surefire suite","Sat Oct 03 07:19:25 UTC 2026","passed","Sat Oct 03 07:19:29 UTC 2026","testcases.backoffice.googleauth.ResendOtpGoogleTest","Surefire test","testcases.backoffice.googleauth.ResendOtpGoogleTest","resendOtpGoogleWithMarketingLogin"
"Get Group Detail Backoffice Menggunakan HTTP Method POST","4427","getGroupDetailWithPostMethod","Surefire suite","Sat Oct 03 06:51:43 UTC 2026","passed","Sat Oct 03 06:51:48 UTC 2026","testcases.backoffice.group.GetGroupTest","Surefire test","testcases.backoffice.group.GetGroupTest","getGroupDetailWithPostMethod"
"Get History Transfer Merchant on Login CS Admin","13682","historyTransferMerchantTestCSAdmin","Surefire suite","Sat Oct 03 08:18:05 UTC 2026","passed","Sat Oct 03 08:18:19 UTC 2026","testcases.history.HistoryTransferTest","Surefire test","testcases.history.HistoryTransferTest","historyTransferMerchantTestCSAdmin"
"Add Group Backoffice Dengan feeBankPercent Negatif","1481","addGroupWithNegativeFee","Surefire suite","Sat Oct 03 07:01:56 UTC 2026","passed","Sat Oct 03 07:01:57 UTC 2026","testcases.backoffice.group.AddGroupTest","Surefire test","testcases.backoffice.group.AddGroupTest","addGroupWithNegativeFee"
"Get List Group Backoffice Dengan page Negatif","1473","getListGroupWithNegativePage","Surefire suite","Sat Oct 03 06:54:13 UTC 2026","passed","Sat Oct 03 06:54:14 UTC 2026","testcases.backoffice.group.GetListGroupTest","Surefire test","testcases.backoffice.group.GetListGroupTest","getListGroupWithNegativePage"
"Delete Group Backoffice Menggunakan Login Supervisor","4518","deleteGroupWithSupervisorLogin","Surefire suite","Sat Oct 03 06:58:43 UTC 2026","passed","Sat Oct 03 06:58:47 UTC 2026","testcases.backoffice.group.DeleteGroupTest","Surefire test","testcases.backoffice.group.DeleteGroupTest","deleteGroupWithSupervisorLogin"
"Add Currency CS Admin Path Dengan Header powis Salah","1428","addCurrencyWithWrongPowisHeader","Surefire suite","Sat Oct 03 08:02:43 UTC 2026","passed","Sat Oct 03 08:02:44 UTC 2026","testcases.backoffice.currency.AddCurrencyTest","Surefire test","testcases.backoffice.currency.AddCurrencyTest","addCurrencyWithWrongPowisHeader"
"Transfer Different Partner Reference, USDT Transfer to Transfer","47211","trfPartnerRefSpecialFailed","Surefire suite","Sat Oct 03 06:42:57 UTC 2026","failed","Sat Oct 03 06:43:44 UTC 2026","testcases.transfer.TransferUSDTTest","Surefire test","testcases.transfer.TransferUSDTTest","trfPartnerRefSpecialFailed"
"Get Group Detail Backoffice Menggunakan HTTP Method PUT","4352","getGroupDetailWithPutMethod","Surefire suite","Sat Oct 03 06:51:51 UTC 2026","passed","Sat Oct 03 06:51:55 UTC 2026","testcases.backoffice.group.GetGroupTest","Surefire test","testcases.backoffice.group.GetGroupTest","getGroupDetailWithPutMethod"
"List Currency USDT Menggunakan HTTP Method PUT","1470","getCurrencyWithPutMethod","Surefire suite","Sat Oct 03 07:05:29 UTC 2026","passed","Sat Oct 03 07:05:30 UTC 2026","testcases.backoffice.currency.GetCurrencyTest","Surefire test","testcases.backoffice.currency.GetCurrencyTest","getCurrencyWithPutMethod"
"Get Notification Sender Tanpa Body Sama Sekali","4422","getNotificationSenderWithoutBody","Surefire suite","Sat Oct 03 07:13:33 UTC 2026","passed","Sat Oct 03 07:13:37 UTC 2026","testcases.backoffice.notifsender.NotificationSenderTest","Surefire test","testcases.backoffice.notifsender.NotificationSenderTest","getNotificationSenderWithoutBody"
"List Company Backoffice Dengan Token Tidak Valid","1452","listCompanyWithInvalidToken","Surefire suite","Sat Oct 03 07:20:55 UTC 2026","passed","Sat Oct 03 07:20:56 UTC 2026","testcases.backoffice.ListCompanyTest","Surefire test","testcases.backoffice.ListCompanyTest","listCompanyWithInvalidToken"
"Delete Favorite Account Dengan id yang Tidak Pernah Ada","1741","deleteFavoriteAccountWithNonExistentId","Surefire suite","Sat Oct 03 06:34:01 UTC 2026","passed","Sat Oct 03 06:34:03 UTC 2026","testcases.settings.favoriteaccount.DeleteFavoriteAccountTest","Surefire test","testcases.settings.favoriteaccount.DeleteFavoriteAccountTest","deleteFavoriteAccountWithNonExistentId"
"Get Notification Sender Menggunakan HTTP Method PUT","4472","getNotificationSenderWithPutMethod","Surefire suite","Sat Oct 03 07:12:27 UTC 2026","passed","Sat Oct 03 07:12:31 UTC 2026","testcases.backoffice.notifsender.NotificationSenderTest","Surefire test","testcases.backoffice.notifsender.NotificationSenderTest","getNotificationSenderWithPutMethod"
"Generate QR Code Closed Merchant","4855","generateQRCodeClosed","Surefire suite","Sat Oct 03 07:18:23 UTC 2026","passed","Sat Oct 03 07:18:28 UTC 2026","testcases.QR.GenerateQRTest","Surefire test","testcases.QR.GenerateQRTest","generateQRCodeClosed"
"Generate QR Success with before and after Balance","11662","generateQRTestPaidBalance","Surefire suite","Sat Oct 03 06:32:14 UTC 2026","passed","Sat Oct 03 06:32:26 UTC 2026","testcases.QR.GenerateQRPaidTest","Surefire test","testcases.QR.GenerateQRPaidTest","generateQRTestPaidBalance"
"Check Status QR Dengan id Milik Entitas Lain (Group Id)","1491","checkStatusQRWithForeignEntityId","Surefire suite","Sat Oct 03 07:16:46 UTC 2026","failed","Sat Oct 03 07:16:48 UTC 2026","testcases.QR.CheckStatusQRTest","Surefire test","testcases.QR.CheckStatusQRTest","checkStatusQRWithForeignEntityId"
"List Currency USDT Dengan Token Tidak Valid","1426","getCurrencyWithInvalidToken","Surefire suite","Sat Oct 03 07:04:42 UTC 2026","passed","Sat Oct 03 07:04:44 UTC 2026","testcases.backoffice.currency.GetCurrencyTest","Surefire test","testcases.backoffice.currency.GetCurrencyTest","getCurrencyWithInvalidToken"
"Mutasi Transfer","8211","mutasiTransfer","Surefire suite","Sat Oct 03 08:33:36 UTC 2026","passed","Sat Oct 03 08:33:44 UTC 2026","testcases.mutasi.MutasiTransferTest","Surefire test","testcases.mutasi.MutasiTransferTest","mutasiTransfer"
"Delete Manage Settlement BO Dengan id Berisi Karakter SQL Injection","4513","deleteManageSettlementWithSqlInjectionId","Surefire suite","Sat Oct 03 06:44:18 UTC 2026","passed","Sat Oct 03 06:44:22 UTC 2026","testcases.backoffice.settlement.DeleteManageSettlementTest","Surefire test","testcases.backoffice.settlement.DeleteManageSettlementTest","deleteManageSettlementWithSqlInjectionId"
"Refund Summary Dengan Body Berupa JSON Array ([])","4386","getRefundWithArrayBody","Surefire suite","Sat Oct 03 07:11:38 UTC 2026","passed","Sat Oct 03 07:11:42 UTC 2026","testcases.backoffice.refund.GetRefundTest","Surefire test","testcases.backoffice.refund.GetRefundTest","getRefundWithArrayBody"
"Inquiry Test Special Transfer Merchant Supervisor","5159","inquirySpecialTransferSupervisor","Surefire suite","Sat Oct 03 06:31:09 UTC 2026","passed","Sat Oct 03 06:31:14 UTC 2026","testcases.transfer.InquirySpecialTransferTest","Surefire test","testcases.transfer.InquirySpecialTransferTest","inquirySpecialTransferSupervisor"
"Transfer Success Admin Crypto with before and after Balanced","9897","transferBalanceAdminCrypto","Surefire suite","Sat Oct 03 06:32:42 UTC 2026","passed","Sat Oct 03 06:32:52 UTC 2026","testcases.transfer.TransferTest","Surefire test","testcases.transfer.TransferTest","transferBalanceAdminCrypto"
"Reset Pin CS Admin","4872","resetPinCSAdmin","Surefire suite","Sat Oct 03 06:30:57 UTC 2026","passed","Sat Oct 03 06:31:02 UTC 2026","testcases.settings.ResetPinTest","Surefire test","testcases.settings.ResetPinTest","resetPinCSAdmin"
"Get List Group Company BO Menggunakan Login Customer Service","4586","getListGroupCompanyWithCSLogin","Surefire suite","Sat Oct 03 06:39:06 UTC 2026","passed","Sat Oct 03 06:39:10 UTC 2026","testcases.backoffice.settlement.GetListGroupCompanyTest","Surefire test","testcases.backoffice.settlement.GetListGroupCompanyTest","getListGroupCompanyWithCSLogin"
"Get Notification Sender Dengan Tipe Data Salah pada Field limit (String, Bukan Integer)","4587","getNotificationSenderWithInvalidFieldType","Surefire suite","Sat Oct 03 07:10:53 UTC 2026","passed","Sat Oct 03 07:10:57 UTC 2026","testcases.backoffice.notifsender.NotificationSenderTest","Surefire test","testcases.backoffice.notifsender.NotificationSenderTest","getNotificationSenderWithInvalidFieldType"
"Get History Flop Transfer Merchant on Login CS Admin","18133","historyFlopTransferMerchantTestCSAdmin","Surefire suite","Sat Oct 03 08:12:46 UTC 2026","passed","Sat Oct 03 08:13:04 UTC 2026","testcases.history.HistoryTransferTest","Surefire test","testcases.history.HistoryTransferTest","historyFlopTransferMerchantTestCSAdmin"
"Get Detail Waiting Company Backoffice Dengan Path Traversal pada Id","4964","getDetailWaitingCompanyWithPathTraversalId","Surefire suite","Sat Oct 03 06:32:01 UTC 2026","passed","Sat Oct 03 06:32:06 UTC 2026","testcases.backoffice.GetDetailWaitingCompanyTest","Surefire test","testcases.backoffice.GetDetailWaitingCompanyTest","getDetailWaitingCompanyWithPathTraversalId"
"Resend Google Authenticator Dengan Format email Tidak Valid","4462","resendOtpGoogleWithMalformedEmail","Surefire suite","Sat Oct 03 07:19:10 UTC 2026","passed","Sat Oct 03 07:19:15 UTC 2026","testcases.backoffice.googleauth.ResendOtpGoogleTest","Surefire test","testcases.backoffice.googleauth.ResendOtpGoogleTest","resendOtpGoogleWithMalformedEmail"
"List Currency USDT Dengan Token Kadaluarsa","1437","getCurrencyWithExpiredToken","Surefire suite","Sat Oct 03 07:04:19 UTC 2026","passed","Sat Oct 03 07:04:21 UTC 2026","testcases.backoffice.currency.GetCurrencyTest","Surefire test","testcases.backoffice.currency.GetCurrencyTest","getCurrencyWithExpiredToken"
"Mutasi Manual Transfer Supervisor","26466","mutasiManualTransferSupervisor","Surefire suite","Sat Oct 03 08:29:08 UTC 2026","passed","Sat Oct 03 08:29:34 UTC 2026","testcases.mutasi.MutasiTransferTest","Surefire test","testcases.mutasi.MutasiTransferTest","mutasiManualTransferSupervisor"
"Get List Group Backoffice Dengan Body Kosong ({})","1483","getListGroupWithEmptyBody","Surefire suite","Sat Oct 03 06:53:23 UTC 2026","passed","Sat Oct 03 06:53:24 UTC 2026","testcases.backoffice.group.GetListGroupTest","Surefire test","testcases.backoffice.group.GetListGroupTest","getListGroupWithEmptyBody"
"Resend Google Authenticator Dengan Token Kadaluarsa","1401","resendOtpGoogleWithExpiredToken","Surefire suite","Sat Oct 03 07:18:49 UTC 2026","passed","Sat Oct 03 07:18:51 UTC 2026","testcases.backoffice.googleauth.ResendOtpGoogleTest","Surefire test","testcases.backoffice.googleauth.ResendOtpGoogleTest","resendOtpGoogleWithExpiredToken"
"Delete Manage Settlement BO Menggunakan Login Admin","4597","deleteManageSettlementWithAdminLogin","Surefire suite","Sat Oct 03 06:42:08 UTC 2026","passed","Sat Oct 03 06:42:13 UTC 2026","testcases.backoffice.settlement.DeleteManageSettlementTest","Surefire test","testcases.backoffice.settlement.DeleteManageSettlementTest","deleteManageSettlementWithAdminLogin"
"List Manage Settlement Backoffice Dengan Field Sort Merujuk ke Kolom yang Tidak Ada","4366","listManageSettlementWithInvalidSortField","Surefire suite","Sat Oct 03 07:15:22 UTC 2026","passed","Sat Oct 03 07:15:27 UTC 2026","testcases.backoffice.settlement.ManageSettlementTest","Surefire test","testcases.backoffice.settlement.ManageSettlementTest","listManageSettlementWithInvalidSortField"
"Inquiry Test USDT Transfer Merchant","4608","inquiryUSDT","Surefire suite","Sat Oct 03 06:40:47 UTC 2026","passed","Sat Oct 03 06:40:51 UTC 2026","testcases.transfer.InquiryUSDTTest","Surefire test","testcases.transfer.InquiryUSDTTest","inquiryUSDT"
"Delete Group Backoffice Dengan Header Authorization Tanpa Skema Bearer","1408","deleteGroupWithMalformedAuthorizationHeader","Surefire suite","Sat Oct 03 06:57:39 UTC 2026","passed","Sat Oct 03 06:57:40 UTC 2026","testcases.backoffice.group.DeleteGroupTest","Surefire test","testcases.backoffice.group.DeleteGroupTest","deleteGroupWithMalformedAuthorizationHeader"
"Add Currency CS Admin Path Dengan Token Kadaluarsa","1454","addCurrencyWithExpiredToken","Surefire suite","Sat Oct 03 08:00:58 UTC 2026","passed","Sat Oct 03 08:01:00 UTC 2026","testcases.backoffice.currency.AddCurrencyTest","Surefire test","testcases.backoffice.currency.AddCurrencyTest","addCurrencyWithExpiredToken"
"List Currency USDT Ke Path yang Tidak Ada (Typo)","1703","getCurrencyWithWrongPath","Surefire suite","Sat Oct 03 07:05:54 UTC 2026","passed","Sat Oct 03 07:05:56 UTC 2026","testcases.backoffice.currency.GetCurrencyTest","Surefire test","testcases.backoffice.currency.GetCurrencyTest","getCurrencyWithWrongPath"
"Get Detail User Backoffice Tanpa Login/Header Auth","1400","getUsersWithoutAuth","Surefire suite","Sat Oct 03 07:15:28 UTC 2026","passed","Sat Oct 03 07:15:29 UTC 2026","testcases.backoffice.users.ListUsersTest","Surefire test","testcases.backoffice.users.ListUsersTest","getUsersWithoutAuth"
"Login Merchant dengan Captcha yang Dipakai Ulang","4212","testLoginReusedCaptcha","Surefire suite","Sat Oct 03 06:30:58 UTC 2026","passed","Sat Oct 03 06:31:02 UTC 2026","testcases.auth.LoginTest","Surefire test","testcases.auth.LoginTest","testLoginReusedCaptcha"
"Check Status QR Dengan Header companyId Salah","1490","checkStatusQRWithWrongCompanyIdHeader","Surefire suite","Sat Oct 03 07:17:40 UTC 2026","failed","Sat Oct 03 07:17:42 UTC 2026","testcases.QR.CheckStatusQRTest","Surefire test","testcases.QR.CheckStatusQRTest","checkStatusQRWithWrongCompanyIdHeader"
"List Manage Settlement Backoffice Menggunakan Login Merchant","4518","listManageSettlementWithMerchantLogin","Surefire suite","Sat Oct 03 07:16:01 UTC 2026","passed","Sat Oct 03 07:16:05 UTC 2026","testcases.backoffice.settlement.ManageSettlementTest","Surefire test","testcases.backoffice.settlement.ManageSettlementTest","listManageSettlementWithMerchantLogin"
"Approval Refund Transfer Merchant","9270","approveRefundTransferMerchant","Surefire suite","Sat Oct 03 07:45:36 UTC 2026","passed","Sat Oct 03 07:45:45 UTC 2026","testcases.backoffice.ApprovalRefundTest","Surefire test","testcases.backoffice.ApprovalRefundTest","approveRefundTransferMerchant"
"Get Balance Admin Crypto Transfer","6121","getBalanceAdminCrypto","Surefire suite","Sat Oct 03 06:30:53 UTC 2026","passed","Sat Oct 03 06:30:59 UTC 2026","testcases.balance.GetBalanceTransferTest","Surefire test","testcases.balance.GetBalanceTransferTest","getBalanceAdminCrypto"
"Success Login Customer Service","3073","testLoginCS","Surefire suite","Sat Oct 03 06:31:54 UTC 2026","passed","Sat Oct 03 06:31:57 UTC 2026","testcases.auth.LoginTest","Surefire test","testcases.auth.LoginTest","testLoginCS"
"Get List Favorite Account Dengan Field Tidak Dikenal pada Body","1525","getListFavoriteAccountWithUnknownField","Surefire suite","Sat Oct 03 08:44:56 UTC 2026","passed","Sat Oct 03 08:44:57 UTC 2026","testcases.settings.favoriteaccount.GetListFavoriteAccountTest","Surefire test","testcases.settings.favoriteaccount.GetListFavoriteAccountTest","getListFavoriteAccountWithUnknownField"
"List Currency USDT Tanpa Body Sama Sekali","1467","getCurrencyWithoutBody","Surefire suite","Sat Oct 03 07:06:12 UTC 2026","passed","Sat Oct 03 07:06:14 UTC 2026","testcases.backoffice.currency.GetCurrencyTest","Surefire test","testcases.backoffice.currency.GetCurrencyTest","getCurrencyWithoutBody"
"Delete Group Backoffice Dengan Body JSON Tidak Valid (Malformed)","1456","deleteGroupWithMalformedJson","Surefire suite","Sat Oct 03 06:57:43 UTC 2026","passed","Sat Oct 03 06:57:44 UTC 2026","testcases.backoffice.group.DeleteGroupTest","Surefire test","testcases.backoffice.group.DeleteGroupTest","deleteGroupWithMalformedJson"
"Resend Google Authenticator Dengan email Berupa null","4497","resendOtpGoogleWithNullEmail","Surefire suite","Sat Oct 03 07:19:47 UTC 2026","passed","Sat Oct 03 07:19:52 UTC 2026","testcases.backoffice.googleauth.ResendOtpGoogleTest","Surefire test","testcases.backoffice.googleauth.ResendOtpGoogleTest","resendOtpGoogleWithNullEmail"
"Create Manage Settlement BO Menggunakan HTTP Method DELETE","4421","addManageSettlementWithDeleteMethod","Surefire suite","Sat Oct 03 06:46:08 UTC 2026","passed","Sat Oct 03 06:46:13 UTC 2026","testcases.backoffice.settlement.AddManageSettlementTest","Surefire test","testcases.backoffice.settlement.AddManageSettlementTest","addManageSettlementWithDeleteMethod"
"Get Group Detail Backoffice Menggunakan HTTP Method DELETE","4423","getGroupDetailWithDeleteMethod","Surefire suite","Sat Oct 03 06:50:15 UTC 2026","passed","Sat Oct 03 06:50:19 UTC 2026","testcases.backoffice.group.GetGroupTest","Surefire test","testcases.backoffice.group.GetGroupTest","getGroupDetailWithDeleteMethod"
"Created Favorite Account Tanpa Field beneficiaryAccountNo","1461","createdFavoriteAccountWithoutBeneficiaryAccountNoField","Surefire suite","Sat Oct 03 07:09:19 UTC 2026","failed","Sat Oct 03 07:09:20 UTC 2026","testcases.settings.favoriteaccount.CreatedFavoriteAccountTest","Surefire test","testcases.settings.favoriteaccount.CreatedFavoriteAccountTest","createdFavoriteAccountWithoutBeneficiaryAccountNoField"
"Delete Google Authenticator Dengan Token Kadaluarsa","1391","deleteOtpGoogleWithExpiredToken","Surefire suite","Sat Oct 03 06:33:51 UTC 2026","passed","Sat Oct 03 06:33:52 UTC 2026","testcases.backoffice.googleauth.DeleteOtpGoogleTest","Surefire test","testcases.backoffice.googleauth.DeleteOtpGoogleTest","deleteOtpGoogleWithExpiredToken"
"List User Backoffice Menggunakan Login Supervisor","4421","listUsersWithSupervisorLogin","Surefire suite","Sat Oct 03 07:17:07 UTC 2026","passed","Sat Oct 03 07:17:11 UTC 2026","testcases.backoffice.users.ListUsersTest","Surefire test","testcases.backoffice.users.ListUsersTest","listUsersWithSupervisorLogin"
"List Currency USDT Backoffice","4540","getCurrencyBO","Surefire suite","Sat Oct 03 07:03:24 UTC 2026","passed","Sat Oct 03 07:03:29 UTC 2026","testcases.backoffice.currency.GetCurrencyTest","Surefire test","testcases.backoffice.currency.GetCurrencyTest","getCurrencyBO"
"Create Manage Settlement BO Dengan groupName Sangat Panjang (10.000 karakter)","4403","addManageSettlementWithOverlongGroupName","Surefire suite","Sat Oct 03 06:48:12 UTC 2026","passed","Sat Oct 03 06:48:16 UTC 2026","testcases.backoffice.settlement.AddManageSettlementTest","Surefire test","testcases.backoffice.settlement.AddManageSettlementTest","addManageSettlementWithOverlongGroupName"
"Delete Favorite Account Dengan Header companyId Salah","41645","deleteFavoriteAccountWithWrongCompanyIdHeader","Surefire suite","Sat Oct 03 06:35:14 UTC 2026","failed","Sat Oct 03 06:35:56 UTC 2026","testcases.settings.favoriteaccount.DeleteFavoriteAccountTest","Surefire test","testcases.settings.favoriteaccount.DeleteFavoriteAccountTest","deleteFavoriteAccountWithWrongCompanyIdHeader"
"List Currency USDT Dengan Body Berupa Literal null","1475","getCurrencyWithNullLiteralBody","Surefire suite","Sat Oct 03 07:05:20 UTC 2026","passed","Sat Oct 03 07:05:21 UTC 2026","testcases.backoffice.currency.GetCurrencyTest","Surefire test","testcases.backoffice.currency.GetCurrencyTest","getCurrencyWithNullLiteralBody"
"Get Dashboard Backoffice Menggunakan Login Admin Crypto","4414","getDashboardWithAdminCryptoLogin","Surefire suite","Sat Oct 03 06:36:24 UTC 2026","passed","Sat Oct 03 06:36:29 UTC 2026","testcases.backoffice.GetDashboardTest","Surefire test","testcases.backoffice.GetDashboardTest","getDashboardWithAdminCryptoLogin"
"List Waiting Company Backoffice Dengan Content-Type text/plain","4304","listWaitingCompanyWithWrongContentType","Surefire suite","Sat Oct 03 07:19:27 UTC 2026","passed","Sat Oct 03 07:19:31 UTC 2026","testcases.backoffice.ListWaitingCompanyTest","Surefire test","testcases.backoffice.ListWaitingCompanyTest","listWaitingCompanyWithWrongContentType"
"List Currency USDT Menggunakan HTTP Method PATCH","1462","getCurrencyWithPatchMethod","Surefire suite","Sat Oct 03 07:05:24 UTC 2026","passed","Sat Oct 03 07:05:26 UTC 2026","testcases.backoffice.currency.GetCurrencyTest","Surefire test","testcases.backoffice.currency.GetCurrencyTest","getCurrencyWithPatchMethod"
"Resend Google Authenticator Menggunakan Login Admin","4432","resendOtpGoogleWithAdminLogin","Surefire suite","Sat Oct 03 07:17:57 UTC 2026","passed","Sat Oct 03 07:18:02 UTC 2026","testcases.backoffice.googleauth.ResendOtpGoogleTest","Surefire test","testcases.backoffice.googleauth.ResendOtpGoogleTest","resendOtpGoogleWithAdminLogin"
"Add Group Ke Path yang Tidak Ada (Typo)","1497","addGroupWithWrongPath","Surefire suite","Sat Oct 03 07:02:53 UTC 2026","passed","Sat Oct 03 07:02:54 UTC 2026","testcases.backoffice.group.AddGroupTest","Surefire test","testcases.backoffice.group.AddGroupTest","addGroupWithWrongPath"
"Get List Group Company BO Menggunakan Login Admin Crypto","4399","getListGroupCompanyWithAdminCryptoLogin","Surefire suite","Sat Oct 03 06:38:44 UTC 2026","passed","Sat Oct 03 06:38:48 UTC 2026","testcases.backoffice.settlement.GetListGroupCompanyTest","Surefire test","testcases.backoffice.settlement.GetListGroupCompanyTest","getListGroupCompanyWithAdminCryptoLogin"
"Add Currency CS Admin Path Tanpa Login/Header Auth","1523","addCurrencyWithoutAuth","Surefire suite","Sat Oct 03 08:02:52 UTC 2026","passed","Sat Oct 03 08:02:53 UTC 2026","testcases.backoffice.currency.AddCurrencyTest","Surefire test","testcases.backoffice.currency.AddCurrencyTest","addCurrencyWithoutAuth"
"Add Group Backoffice Dengan flagLock Bertipe String","1475","addGroupWithFlagLockAsString","Surefire suite","Sat Oct 03 07:01:09 UTC 2026","passed","Sat Oct 03 07:01:11 UTC 2026","testcases.backoffice.group.AddGroupTest","Surefire test","testcases.backoffice.group.AddGroupTest","addGroupWithFlagLockAsString"
"Inquiry Favorite Account Menggunakan HTTP Method GET","1519","inquiryFavoriteAccountWithGetMethod","Surefire suite","Sat Oct 03 07:10:15 UTC 2026","passed","Sat Oct 03 07:10:16 UTC 2026","testcases.settings.favoriteaccount.InquiryFavoriteAccountTest","Surefire test","testcases.settings.favoriteaccount.InquiryFavoriteAccountTest","inquiryFavoriteAccountWithGetMethod"
"Get History Transfer Test CS","11254","historyTransferTestCS","Surefire suite","Sat Oct 03 08:19:13 UTC 2026","passed","Sat Oct 03 08:19:24 UTC 2026","testcases.history.HistoryTransferTest","Surefire test","testcases.history.HistoryTransferTest","historyTransferTestCS"
"Created Favorite Account Dengan Body JSON Tidak Valid (Malformed)","1456","createdFavoriteAccountWithMalformedJson","Surefire suite","Sat Oct 03 07:08:29 UTC 2026","passed","Sat Oct 03 07:08:31 UTC 2026","testcases.settings.favoriteaccount.CreatedFavoriteAccountTest","Surefire test","testcases.settings.favoriteaccount.CreatedFavoriteAccountTest","createdFavoriteAccountWithMalformedJson"
"Delete Group Backoffice Menggunakan HTTP Method DELETE","1485","deleteGroupWithDeleteMethod","Surefire suite","Sat Oct 03 06:56:58 UTC 2026","passed","Sat Oct 03 06:57:00 UTC 2026","testcases.backoffice.group.DeleteGroupTest","Surefire test","testcases.backoffice.group.DeleteGroupTest","deleteGroupWithDeleteMethod"
"Resend Google Authenticator Dengan Field Tidak Dikenal pada Body","4493","resendOtpGoogleWithUnknownField","Surefire suite","Sat Oct 03 07:20:47 UTC 2026","failed","Sat Oct 03 07:20:52 UTC 2026","testcases.backoffice.googleauth.ResendOtpGoogleTest","Surefire test","testcases.backoffice.googleauth.ResendOtpGoogleTest","resendOtpGoogleWithUnknownField"
"Request Refund Transfer CS","7337","refundTransferCS","Surefire suite","Sat Oct 03 06:30:23 UTC 2026","passed","Sat Oct 03 06:30:30 UTC 2026","testcases.transfer.RefundTransferTest","Surefire test","testcases.transfer.RefundTransferTest","refundTransferCS"
"Get List Group Backoffice Menggunakan Login Merchant","4456","getListGroupWithMerchantLogin","Surefire suite","Sat Oct 03 06:54:05 UTC 2026","passed","Sat Oct 03 06:54:10 UTC 2026","testcases.backoffice.group.GetListGroupTest","Surefire test","testcases.backoffice.group.GetListGroupTest","getListGroupWithMerchantLogin"
"Request Refund Transfer Merchant","4657","refundTransferMerchant","Surefire suite","Sat Oct 03 07:15:56 UTC 2026","passed","Sat Oct 03 07:16:00 UTC 2026","testcases.transfer.RefundTransferTest","Surefire test","testcases.transfer.RefundTransferTest","refundTransferMerchant"
"List Currency USDT Dengan Field Sort Merujuk ke Kolom yang Tidak Ada","1559","getCurrencyWithInvalidSortField","Surefire suite","Sat Oct 03 07:04:38 UTC 2026","passed","Sat Oct 03 07:04:39 UTC 2026","testcases.backoffice.currency.GetCurrencyTest","Surefire test","testcases.backoffice.currency.GetCurrencyTest","getCurrencyWithInvalidSortField"
"List Refund Dengan Token Tidak Valid","1453","listRefundWithInvalidToken","Surefire suite","Sat Oct 03 08:08:09 UTC 2026","passed","Sat Oct 03 08:08:11 UTC 2026","testcases.backoffice.ListRefundTest","Surefire test","testcases.backoffice.ListRefundTest","listRefundWithInvalidToken"
"Reset Password Marketing","4809","resetPasswordMarketing","Surefire suite","Sat Oct 03 06:31:15 UTC 2026","passed","Sat Oct 03 06:31:19 UTC 2026","testcases.settings.ResetPasswordTest","Surefire test","testcases.settings.ResetPasswordTest","resetPasswordMarketing"
"Get History Transfer Test Admin Crypto","7997","historyTransferTestAdminCrypto","Surefire suite","Sat Oct 03 08:19:01 UTC 2026","passed","Sat Oct 03 08:19:09 UTC 2026","testcases.history.HistoryTransferTest","Surefire test","testcases.history.HistoryTransferTest","historyTransferTestAdminCrypto"
"Delete Group Backoffice Dengan Token Tidak Valid","1415","deleteGroupWithInvalidToken","Surefire suite","Sat Oct 03 06:57:34 UTC 2026","passed","Sat Oct 03 06:57:36 UTC 2026","testcases.backoffice.group.DeleteGroupTest","Surefire test","testcases.backoffice.group.DeleteGroupTest","deleteGroupWithInvalidToken"
"Add Currency CS Admin Path Dengan rate Berupa String Non-Numerik","1581","addCurrencyWithStringRate","Surefire suite","Sat Oct 03 08:02:16 UTC 2026","passed","Sat Oct 03 08:02:18 UTC 2026","testcases.backoffice.currency.AddCurrencyTest","Surefire test","testcases.backoffice.currency.AddCurrencyTest","addCurrencyWithStringRate"
"Delete Group Backoffice Dengan Field Tidak Dikenal pada Body","1495","deleteGroupWithUnknownField","Surefire suite","Sat Oct 03 06:58:50 UTC 2026","passed","Sat Oct 03 06:58:52 UTC 2026","testcases.backoffice.group.DeleteGroupTest","Surefire test","testcases.backoffice.group.DeleteGroupTest","deleteGroupWithUnknownField"
"Get List Google Authenticator Dengan Body Berupa Literal null","4492","listOtpGoogleWithNullLiteralBody","Surefire suite","Sat Oct 03 07:09:55 UTC 2026","passed","Sat Oct 03 07:10:00 UTC 2026","testcases.backoffice.googleauth.ListOtpGoogleTest","Surefire test","testcases.backoffice.googleauth.ListOtpGoogleTest","listOtpGoogleWithNullLiteralBody"
"Get Detail Waiting Company Backoffice Menggunakan Login Admin Crypto","4560","getDetailWaitingCompanyWithAdminCryptoLogin","Surefire suite","Sat Oct 03 06:30:32 UTC 2026","passed","Sat Oct 03 06:30:37 UTC 2026","testcases.backoffice.GetDetailWaitingCompanyTest","Surefire test","testcases.backoffice.GetDetailWaitingCompanyTest","getDetailWaitingCompanyWithAdminCryptoLogin"
"Delete Group Backoffice Tanpa Field name","1446","deleteGroupWithoutNameField","Surefire suite","Sat Oct 03 06:59:30 UTC 2026","passed","Sat Oct 03 06:59:32 UTC 2026","testcases.backoffice.group.DeleteGroupTest","Surefire test","testcases.backoffice.group.DeleteGroupTest","deleteGroupWithoutNameField"
"Get User Backoffice Tanpa Login/Header Auth","1399","getUserWithoutAuth","Surefire suite","Sat Oct 03 06:38:24 UTC 2026","passed","Sat Oct 03 06:38:25 UTC 2026","testcases.backoffice.GetDashboardTest","Surefire test","testcases.backoffice.GetDashboardTest","getUserWithoutAuth"
"Get List Favorite Account Dengan Header companyId Salah","1440","getListFavoriteAccountWithWrongCompanyIdHeader","Surefire suite","Sat Oct 03 08:45:00 UTC 2026","passed","Sat Oct 03 08:45:02 UTC 2026","testcases.settings.favoriteaccount.GetListFavoriteAccountTest","Surefire test","testcases.settings.favoriteaccount.GetListFavoriteAccountTest","getListFavoriteAccountWithWrongCompanyIdHeader"
"Get List Google Authenticator","4586","getListOtpGoogle","Surefire suite","Sat Oct 03 07:07:33 UTC 2026","passed","Sat Oct 03 07:07:38 UTC 2026","testcases.backoffice.googleauth.ListOtpGoogleTest","Surefire test","testcases.backoffice.googleauth.ListOtpGoogleTest","getListOtpGoogle"
"Inquiry Test Transfer Merchant","13280","inquiryTransfer","Surefire suite","Sat Oct 03 07:11:41 UTC 2026","failed","Sat Oct 03 07:11:54 UTC 2026","testcases.transfer.InquiryTransferTest","Surefire test","testcases.transfer.InquiryTransferTest","inquiryTransfer"
"Get List Group Backoffice Dengan Body Berupa Literal null","1397","getListGroupWithNullLiteralBody","Surefire suite","Sat Oct 03 06:54:22 UTC 2026","passed","Sat Oct 03 06:54:23 UTC 2026","testcases.backoffice.group.GetListGroupTest","Surefire test","testcases.backoffice.group.GetListGroupTest","getListGroupWithNullLiteralBody"
"Create Manage Settlement BO Menggunakan HTTP Method PUT","4515","addManageSettlementWithPutMethod","Surefire suite","Sat Oct 03 06:48:26 UTC 2026","passed","Sat Oct 03 06:48:31 UTC 2026","testcases.backoffice.settlement.AddManageSettlementTest","Surefire test","testcases.backoffice.settlement.AddManageSettlementTest","addManageSettlementWithPutMethod"
"Get History USDT Transfer Test Supervisor","8063","historyUSDTTransferTestSupervisor","Surefire suite","Sat Oct 03 08:21:11 UTC 2026","passed","Sat Oct 03 08:21:19 UTC 2026","testcases.history.HistoryTransferTest","Surefire test","testcases.history.HistoryTransferTest","historyUSDTTransferTestSupervisor"
"Refund Summary Menggunakan Login Supervisor","4393","getRefundWithSupervisorLogin","Surefire suite","Sat Oct 03 07:13:49 UTC 2026","passed","Sat Oct 03 07:13:53 UTC 2026","testcases.backoffice.refund.GetRefundTest","Surefire test","testcases.backoffice.refund.GetRefundTest","getRefundWithSupervisorLogin"
"Create Manage Settlement BO Dengan Content-Type text/plain","4425","addManageSettlementWithWrongContentType","Surefire suite","Sat Oct 03 06:48:49 UTC 2026","passed","Sat Oct 03 06:48:53 UTC 2026","testcases.backoffice.settlement.AddManageSettlementTest","Surefire test","testcases.backoffice.settlement.AddManageSettlementTest","addManageSettlementWithWrongContentType"
"Check Status QR Dengan id yang Tidak Pernah Ada","1445","checkStatusQRWithNonExistentId","Surefire suite","Sat Oct 03 07:17:04 UTC 2026","failed","Sat Oct 03 07:17:05 UTC 2026","testcases.QR.CheckStatusQRTest","Surefire test","testcases.QR.CheckStatusQRTest","checkStatusQRWithNonExistentId"
"List Company Backoffice Menggunakan Login Marketing","5503","listCompanyWithMarketingLogin","Surefire suite","Sat Oct 03 07:21:11 UTC 2026","passed","Sat Oct 03 07:21:17 UTC 2026","testcases.backoffice.ListCompanyTest","Surefire test","testcases.backoffice.ListCompanyTest","listCompanyWithMarketingLogin"
"Get Notification Sender Dengan Body Berupa Literal null","4414","getNotificationSenderWithNullLiteralBody","Surefire suite","Sat Oct 03 07:11:56 UTC 2026","passed","Sat Oct 03 07:12:01 UTC 2026","testcases.backoffice.notifsender.NotificationSenderTest","Surefire test","testcases.backoffice.notifsender.NotificationSenderTest","getNotificationSenderWithNullLiteralBody"
"Login Merchant dengan Username Kosong","2922","testLoginEmptyUsername","Surefire suite","Sat Oct 03 06:30:28 UTC 2026","passed","Sat Oct 03 06:30:31 UTC 2026","testcases.auth.LoginTest","Surefire test","testcases.auth.LoginTest","testLoginEmptyUsername"
"Get Detail Waiting Company Backoffice Menggunakan Login Marketing","4441","getDetailWaitingCompanyWithMarketingLogin","Surefire suite","Sat Oct 03 06:31:31 UTC 2026","passed","Sat Oct 03 06:31:36 UTC 2026","testcases.backoffice.GetDetailWaitingCompanyTest","Surefire test","testcases.backoffice.GetDetailWaitingCompanyTest","getDetailWaitingCompanyWithMarketingLogin"
"Get List Group Backoffice Tanpa Login/Header Auth","1440","getListGroupWithoutAuth","Surefire suite","Sat Oct 03 06:55:23 UTC 2026","passed","Sat Oct 03 06:55:25 UTC 2026","testcases.backoffice.group.GetListGroupTest","Surefire test","testcases.backoffice.group.GetListGroupTest","getListGroupWithoutAuth"
"Refund Summary Dengan Field Tidak Dikenal pada Body","1528","getRefundWithUnknownField","Surefire suite","Sat Oct 03 07:13:56 UTC 2026","passed","Sat Oct 03 07:13:58 UTC 2026","testcases.backoffice.refund.GetRefundTest","Surefire test","testcases.backoffice.refund.GetRefundTest","getRefundWithUnknownField"
"Get List Google Authenticator Dengan Header Authorization Tanpa Skema Bearer","1436","listOtpGoogleWithMalformedAuthorizationHeader","Surefire suite","Sat Oct 03 07:09:13 UTC 2026","passed","Sat Oct 03 07:09:15 UTC 2026","testcases.backoffice.googleauth.ListOtpGoogleTest","Surefire test","testcases.backoffice.googleauth.ListOtpGoogleTest","listOtpGoogleWithMalformedAuthorizationHeader"
"Delete Manage Settlement BO Dengan Header Authorization Tanpa Skema Bearer","1400","deleteManageSettlementWithMalformedAuthorizationHeader","Surefire suite","Sat Oct 03 06:43:14 UTC 2026","passed","Sat Oct 03 06:43:15 UTC 2026","testcases.backoffice.settlement.DeleteManageSettlementTest","Surefire test","testcases.backoffice.settlement.DeleteManageSettlementTest","deleteManageSettlementWithMalformedAuthorizationHeader"
"Get Notification Sender Dengan Body JSON Tidak Valid (Malformed)","6436","getNotificationSenderWithMalformedJson","Surefire suite","Sat Oct 03 07:11:17 UTC 2026","passed","Sat Oct 03 07:11:23 UTC 2026","testcases.backoffice.notifsender.NotificationSenderTest","Surefire test","testcases.backoffice.notifsender.NotificationSenderTest","getNotificationSenderWithMalformedJson"
"Transfer Different Partner Reference, USDT Transfer to Manual Transfer","46966","trfPartnerRefUSDTFailed","Surefire suite","Sat Oct 03 07:14:43 UTC 2026","failed","Sat Oct 03 07:15:30 UTC 2026","testcases.transfer.ManualTransferTest","Surefire test","testcases.transfer.ManualTransferTest","trfPartnerRefUSDTFailed"
"Resend Google Authenticator Menggunakan HTTP Method PATCH","4389","resendOtpGoogleWithPatchMethod","Surefire suite","Sat Oct 03 07:20:17 UTC 2026","passed","Sat Oct 03 07:20:22 UTC 2026","testcases.backoffice.googleauth.ResendOtpGoogleTest","Surefire test","testcases.backoffice.googleauth.ResendOtpGoogleTest","resendOtpGoogleWithPatchMethod"
"Inquiry Favorite Account Ke Path yang Tidak Ada (Typo)","1704","inquiryFavoriteAccountWithWrongPath","Surefire suite","Sat Oct 03 07:11:13 UTC 2026","passed","Sat Oct 03 07:11:15 UTC 2026","testcases.settings.favoriteaccount.InquiryFavoriteAccountTest","Surefire test","testcases.settings.favoriteaccount.InquiryFavoriteAccountTest","inquiryFavoriteAccountWithWrongPath"
"Transfer Different Partner Reference, Manual Transfer to USDT Transfer","47473","trfPartnerRefManualFailed","Surefire suite","Sat Oct 03 06:42:06 UTC 2026","passed","Sat Oct 03 06:42:54 UTC 2026","testcases.transfer.TransferUSDTTest","Surefire test","testcases.transfer.TransferUSDTTest","trfPartnerRefManualFailed"
"Get History Special Transfer Test","7884","historySpecialTransferTest","Surefire suite","Sat Oct 03 08:16:49 UTC 2026","passed","Sat Oct 03 08:16:57 UTC 2026","testcases.history.HistoryTransferTest","Surefire test","testcases.history.HistoryTransferTest","historySpecialTransferTest"
"List Refund Menggunakan Login Merchant","4595","listRefundMarketing","Surefire suite","Sat Oct 03 08:06:53 UTC 2026","passed","Sat Oct 03 08:06:57 UTC 2026","testcases.backoffice.ListRefundTest","Surefire test","testcases.backoffice.ListRefundTest","listRefundMarketing"
"Mutasi Company Admin","7923","mutasiCompanyAdmin","Surefire suite","Sat Oct 03 08:25:38 UTC 2026","passed","Sat Oct 03 08:25:46 UTC 2026","testcases.mutasi.MutasiTransferTest","Surefire test","testcases.mutasi.MutasiTransferTest","mutasiCompanyAdmin"
"Normal Balance Special Transfer Success","9785","specialTransferBalanceAdminCrypto","Surefire suite","Sat Oct 03 06:33:52 UTC 2026","passed","Sat Oct 03 06:34:02 UTC 2026","testcases.transfer.SpecialTransferTest","Surefire test","testcases.transfer.SpecialTransferTest","specialTransferBalanceAdminCrypto"
"Delete Google Authenticator","4490","deleteOtpGoogleBO","Surefire suite","Sat Oct 03 06:32:59 UTC 2026","passed","Sat Oct 03 06:33:03 UTC 2026","testcases.backoffice.googleauth.DeleteOtpGoogleTest","Surefire test","testcases.backoffice.googleauth.DeleteOtpGoogleTest","deleteOtpGoogleBO"
"Normal Special Transfer Success","9717","transfer","Surefire suite","Sat Oct 03 06:48:48 UTC 2026","passed","Sat Oct 03 06:48:58 UTC 2026","testcases.transfer.SpecialTransferTest","Surefire test","testcases.transfer.SpecialTransferTest","transfer"
"Create Manage Settlement BO Dengan companyId Valid Secara Format Tapi Tidak Ada","4445","addManageSettlementWithNonExistentCompanyId","Surefire suite","Sat Oct 03 06:47:49 UTC 2026","passed","Sat Oct 03 06:47:54 UTC 2026","testcases.backoffice.settlement.AddManageSettlementTest","Surefire test","testcases.backoffice.settlement.AddManageSettlementTest","addManageSettlementWithNonExistentCompanyId"
"Login Merchant dengan Password Kosong","5445","testLoginEmptyPassword","Surefire suite","Sat Oct 03 06:30:19 UTC 2026","passed","Sat Oct 03 06:30:25 UTC 2026","testcases.auth.LoginTest","Surefire test","testcases.auth.LoginTest","testLoginEmptyPassword"
"List Refund Menggunakan Login Backoffice","4529","listRefundWithBackofficeLogin","Surefire suite","Sat Oct 03 08:07:08 UTC 2026","passed","Sat Oct 03 08:07:13 UTC 2026","testcases.backoffice.ListRefundTest","Surefire test","testcases.backoffice.ListRefundTest","listRefundWithBackofficeLogin"
"List Manage Settlement Backoffice Dengan Sort Tanpa Operator '=='","4362","listManageSettlementWithMalformedSortOperator","Surefire suite","Sat Oct 03 07:15:46 UTC 2026","passed","Sat Oct 03 07:15:50 UTC 2026","testcases.backoffice.settlement.ManageSettlementTest","Surefire test","testcases.backoffice.settlement.ManageSettlementTest","listManageSettlementWithMalformedSortOperator"
"Delete Group Backoffice","13344","deleteGroupBO","Surefire suite","Sat Oct 03 06:56:08 UTC 2026","passed","Sat Oct 03 06:56:21 UTC 2026","testcases.backoffice.group.DeleteGroupTest","Surefire test","testcases.backoffice.group.DeleteGroupTest","deleteGroupBO"
"Get List Group Backoffice Dengan size Negatif","1478","getListGroupWithNegativeSize","Surefire suite","Sat Oct 03 06:54:17 UTC 2026","passed","Sat Oct 03 06:54:19 UTC 2026","testcases.backoffice.group.GetListGroupTest","Surefire test","testcases.backoffice.group.GetListGroupTest","getListGroupWithNegativeSize"
"Get History USDT Transfer Test Admin Crypto","7988","historyUSDTTransferTestAdminCrypto","Surefire suite","Sat Oct 03 08:20:32 UTC 2026","passed","Sat Oct 03 08:20:40 UTC 2026","testcases.history.HistoryTransferTest","Surefire test","testcases.history.HistoryTransferTest","historyUSDTTransferTestAdminCrypto"
"Reset Password Group","5235","resetPasswordGroup","Surefire suite","Sat Oct 03 06:31:06 UTC 2026","passed","Sat Oct 03 06:31:12 UTC 2026","testcases.settings.ResetPasswordTest","Surefire test","testcases.settings.ResetPasswordTest","resetPasswordGroup"
"Get History Flop Transfer Test Admin","11807","historyFlopTransferTestAdmin","Surefire suite","Sat Oct 03 08:13:34 UTC 2026","passed","Sat Oct 03 08:13:46 UTC 2026","testcases.history.HistoryTransferTest","Surefire test","testcases.history.HistoryTransferTest","historyFlopTransferTestAdmin"
"Delete Google Authenticator Dengan id Berisi Karakter SQL Injection","4432","deleteOtpGoogleWithSqlInjectionId","Surefire suite","Sat Oct 03 06:35:12 UTC 2026","passed","Sat Oct 03 06:35:16 UTC 2026","testcases.backoffice.googleauth.DeleteOtpGoogleTest","Surefire test","testcases.backoffice.googleauth.DeleteOtpGoogleTest","deleteOtpGoogleWithSqlInjectionId"
"List Currency USDT Dengan Body Kosong ({})","1526","getCurrencyWithEmptyBody","Surefire suite","Sat Oct 03 07:04:15 UTC 2026","passed","Sat Oct 03 07:04:16 UTC 2026","testcases.backoffice.currency.GetCurrencyTest","Surefire test","testcases.backoffice.currency.GetCurrencyTest","getCurrencyWithEmptyBody"
"Get Detail Waiting Company Backoffice Dengan Format Id Tidak Valid (Bukan ObjectId)","4659","getDetailWaitingCompanyWithMalformedId","Surefire suite","Sat Oct 03 06:31:24 UTC 2026","passed","Sat Oct 03 06:31:28 UTC 2026","testcases.backoffice.GetDetailWaitingCompanyTest","Surefire test","testcases.backoffice.GetDetailWaitingCompanyTest","getDetailWaitingCompanyWithMalformedId"
"Refund Summary Dengan Token Tidak Valid","1416","getRefundWithInvalidToken","Surefire suite","Sat Oct 03 07:12:40 UTC 2026","passed","Sat Oct 03 07:12:42 UTC 2026","testcases.backoffice.refund.GetRefundTest","Surefire test","testcases.backoffice.refund.GetRefundTest","getRefundWithInvalidToken"
"Normal Transfer USDT Balance Success","9632","usdtTransferBalanceAdminCrypto","Surefire suite","Sat Oct 03 06:33:30 UTC 2026","passed","Sat Oct 03 06:33:40 UTC 2026","testcases.transfer.TransferUSDTTest","Surefire test","testcases.transfer.TransferUSDTTest","usdtTransferBalanceAdminCrypto"
"Delete Manage Settlement BO Dengan Header id Kosong","4389","deleteManageSettlementWithEmptyIdHeader","Surefire suite","Sat Oct 03 06:42:50 UTC 2026","passed","Sat Oct 03 06:42:54 UTC 2026","testcases.backoffice.settlement.DeleteManageSettlementTest","Surefire test","testcases.backoffice.settlement.DeleteManageSettlementTest","deleteManageSettlementWithEmptyIdHeader"
"Create Manage Settlement BO Tanpa Body Sama Sekali","4320","addManageSettlementWithoutBody","Surefire suite","Sat Oct 03 06:49:16 UTC 2026","passed","Sat Oct 03 06:49:20 UTC 2026","testcases.backoffice.settlement.AddManageSettlementTest","Surefire test","testcases.backoffice.settlement.AddManageSettlementTest","addManageSettlementWithoutBody"
"Resend Google Authenticator Dengan Body Berupa JSON Array ([])","4343","resendOtpGoogleWithArrayBody","Surefire suite","Sat Oct 03 07:18:05 UTC 2026","passed","Sat Oct 03 07:18:09 UTC 2026","testcases.backoffice.googleauth.ResendOtpGoogleTest","Surefire test","testcases.backoffice.googleauth.ResendOtpGoogleTest","resendOtpGoogleWithArrayBody"
"Add Currency CS Admin Path Dengan Field Tidak Dikenal pada Body","1819","addCurrencyWithUnknownField","Surefire suite","Sat Oct 03 08:02:29 UTC 2026","passed","Sat Oct 03 08:02:30 UTC 2026","testcases.backoffice.currency.AddCurrencyTest","Surefire test","testcases.backoffice.currency.AddCurrencyTest","addCurrencyWithUnknownField"
"List Waiting Company Backoffice Dengan Tipe Data Salah pada Field Limit (String, Bukan Integer)","4357","listWaitingCompanyWithInvalidFieldType","Surefire suite","Sat Oct 03 07:18:19 UTC 2026","passed","Sat Oct 03 07:18:23 UTC 2026","testcases.backoffice.ListWaitingCompanyTest","Surefire test","testcases.backoffice.ListWaitingCompanyTest","listWaitingCompanyWithInvalidFieldType"
"Get Group Detail Backoffice Dengan Token Tidak Valid","1434","getGroupDetailWithInvalidToken","Surefire suite","Sat Oct 03 06:50:49 UTC 2026","passed","Sat Oct 03 06:50:50 UTC 2026","testcases.backoffice.group.GetGroupTest","Surefire test","testcases.backoffice.group.GetGroupTest","getGroupDetailWithInvalidToken"
"Delete Google Authenticator Dengan Token Tidak Valid","1444","deleteOtpGoogleWithInvalidToken","Surefire suite","Sat Oct 03 06:34:03 UTC 2026","passed","Sat Oct 03 06:34:04 UTC 2026","testcases.backoffice.googleauth.DeleteOtpGoogleTest","Surefire test","testcases.backoffice.googleauth.DeleteOtpGoogleTest","deleteOtpGoogleWithInvalidToken"
"Delete Google Authenticator Menggunakan HTTP Method PATCH","4367","deleteOtpGoogleWithPatchMethod","Surefire suite","Sat Oct 03 06:34:49 UTC 2026","passed","Sat Oct 03 06:34:53 UTC 2026","testcases.backoffice.googleauth.DeleteOtpGoogleTest","Surefire test","testcases.backoffice.googleauth.DeleteOtpGoogleTest","deleteOtpGoogleWithPatchMethod"
"Get Group Backoffice Dengan Token Tidak Valid","1524","getGroupWithInvalidToken","Surefire suite","Sat Oct 03 06:37:40 UTC 2026","passed","Sat Oct 03 06:37:42 UTC 2026","testcases.backoffice.GetDashboardTest","Surefire test","testcases.backoffice.GetDashboardTest","getGroupWithInvalidToken"
"Mutasi USDT Transfer Supervisor","26419","mutasiUSDTTransferSupervisor","Surefire suite","Sat Oct 03 08:38:18 UTC 2026","passed","Sat Oct 03 08:38:44 UTC 2026","testcases.mutasi.MutasiTransferTest","Surefire test","testcases.mutasi.MutasiTransferTest","mutasiUSDTTransferSupervisor"
"Create Manage Settlement BO Ke Path yang Tidak Ada (Typo)","4745","addManageSettlementWithWrongPath","Surefire suite","Sat Oct 03 06:48:56 UTC 2026","passed","Sat Oct 03 06:49:01 UTC 2026","testcases.backoffice.settlement.AddManageSettlementTest","Surefire test","testcases.backoffice.settlement.AddManageSettlementTest","addManageSettlementWithWrongPath"
"Reset Pin Backoffice","4633","resetPinBackoffice","Surefire suite","Sat Oct 03 07:07:23 UTC 2026","passed","Sat Oct 03 07:07:27 UTC 2026","testcases.settings.ResetPinTest","Surefire test","testcases.settings.ResetPinTest","resetPinBackoffice"
"Transfer Different Parner Reference Supervisor, USDT Transfer to Transfer","47606","trfPartnerRefUSDTSpvFailed","Surefire suite","Sat Oct 03 06:33:09 UTC 2026","passed","Sat Oct 03 06:33:57 UTC 2026","testcases.transfer.TransferTest","Surefire test","testcases.transfer.TransferTest","trfPartnerRefUSDTSpvFailed"
"Get List Favorite Account Menggunakan HTTP Method DELETE","1466","getListFavoriteAccountWithDeleteMethod","Surefire suite","Sat Oct 03 08:43:48 UTC 2026","passed","Sat Oct 03 08:43:49 UTC 2026","testcases.settings.favoriteaccount.GetListFavoriteAccountTest","Surefire test","testcases.settings.favoriteaccount.GetListFavoriteAccountTest","getListFavoriteAccountWithDeleteMethod"
"Normal Flop Supervisor Transfer Success","7148","flopTransferSupervisor","Surefire suite","Sat Oct 03 06:34:32 UTC 2026","passed","Sat Oct 03 06:34:40 UTC 2026","testcases.transfer.TransferFlopTest","Surefire test","testcases.transfer.TransferFlopTest","flopTransferSupervisor"
"Get Detail Waiting Company Backoffice Dengan Id Berisi Karakter SQL Injection","4426","getDetailWaitingCompanyWithSqlInjectionId","Surefire suite","Sat Oct 03 06:32:24 UTC 2026","passed","Sat Oct 03 06:32:29 UTC 2026","testcases.backoffice.GetDetailWaitingCompanyTest","Surefire test","testcases.backoffice.GetDetailWaitingCompanyTest","getDetailWaitingCompanyWithSqlInjectionId"
"Login Merchant dengan Username Mengandung SQL Injection","2929","testLoginSqlInjectionUsername","Surefire suite","Sat Oct 03 06:31:05 UTC 2026","passed","Sat Oct 03 06:31:08 UTC 2026","testcases.auth.LoginTest","Surefire test","testcases.auth.LoginTest","testLoginSqlInjectionUsername"
"Normal Transfer Success","6868","transfer","Surefire suite","Sat Oct 03 06:44:38 UTC 2026","passed","Sat Oct 03 06:44:45 UTC 2026","testcases.transfer.TransferTest","Surefire test","testcases.transfer.TransferTest","transfer"
"Get Notification Sender Menggunakan Login Merchant","4359","getNotificationSenderWithMerchantLogin","Surefire suite","Sat Oct 03 07:11:41 UTC 2026","passed","Sat Oct 03 07:11:46 UTC 2026","testcases.backoffice.notifsender.NotificationSenderTest","Surefire test","testcases.backoffice.notifsender.NotificationSenderTest","getNotificationSenderWithMerchantLogin"
"Delete Manage Settlement BO Menggunakan Login CS Admin","4410","deleteManageSettlementWithCSAdminLogin","Surefire suite","Sat Oct 03 06:42:28 UTC 2026","passed","Sat Oct 03 06:42:32 UTC 2026","testcases.backoffice.settlement.DeleteManageSettlementTest","Surefire test","testcases.backoffice.settlement.DeleteManageSettlementTest","deleteManageSettlementWithCSAdminLogin"
"Check Status QR Menggunakan HTTP Method PUT","1462","checkStatusQRWithPutMethod","Surefire suite","Sat Oct 03 07:17:27 UTC 2026","failed","Sat Oct 03 07:17:28 UTC 2026","testcases.QR.CheckStatusQRTest","Surefire test","testcases.QR.CheckStatusQRTest","checkStatusQRWithPutMethod"
"Created Favorite Account Dengan Field Tidak Dikenal pada Body","1668","createdFavoriteAccountWithUnknownField","Surefire suite","Sat Oct 03 07:08:47 UTC 2026","passed","Sat Oct 03 07:08:49 UTC 2026","testcases.settings.favoriteaccount.CreatedFavoriteAccountTest","Surefire test","testcases.settings.favoriteaccount.CreatedFavoriteAccountTest","createdFavoriteAccountWithUnknownField"
"Created Favorite Account Dengan Header Authorization Tanpa Skema Bearer","1566","createdFavoriteAccountWithMalformedAuthorizationHeader","Surefire suite","Sat Oct 03 07:08:25 UTC 2026","passed","Sat Oct 03 07:08:26 UTC 2026","testcases.settings.favoriteaccount.CreatedFavoriteAccountTest","Surefire test","testcases.settings.favoriteaccount.CreatedFavoriteAccountTest","createdFavoriteAccountWithMalformedAuthorizationHeader"
"Delete Google Authenticator Dengan id Milik Entitas Lain (Group Id)","4440","deleteOtpGoogleWithForeignEntityId","Surefire suite","Sat Oct 03 06:33:55 UTC 2026","passed","Sat Oct 03 06:34:00 UTC 2026","testcases.backoffice.googleauth.DeleteOtpGoogleTest","Surefire test","testcases.backoffice.googleauth.DeleteOtpGoogleTest","deleteOtpGoogleWithForeignEntityId"
"List Waiting Company Backoffice Menggunakan HTTP Method GET","4487","listWaitingCompanyWithGetMethod","Surefire suite","Sat Oct 03 07:18:03 UTC 2026","passed","Sat Oct 03 07:18:08 UTC 2026","testcases.backoffice.ListWaitingCompanyTest","Surefire test","testcases.backoffice.ListWaitingCompanyTest","listWaitingCompanyWithGetMethod"
"List Refund Dengan Body JSON Tidak Valid (Malformed)","4344","listRefundWithMalformedJson","Surefire suite","Sat Oct 03 08:08:14 UTC 2026","passed","Sat Oct 03 08:08:18 UTC 2026","testcases.backoffice.ListRefundTest","Surefire test","testcases.backoffice.ListRefundTest","listRefundWithMalformedJson"
"List Refund Dengan Page/Size Negatif - Menemukan Bug Internal Server Error","4567","listRefundWithNegativePageSize","Surefire suite","Sat Oct 03 08:08:36 UTC 2026","passed","Sat Oct 03 08:08:41 UTC 2026","testcases.backoffice.ListRefundTest","Surefire test","testcases.backoffice.ListRefundTest","listRefundWithNegativePageSize"
"Get List Group Backoffice Dengan page Bertipe String","1431","getListGroupWithPageAsString","Surefire suite","Sat Oct 03 06:54:26 UTC 2026","passed","Sat Oct 03 06:54:28 UTC 2026","testcases.backoffice.group.GetListGroupTest","Surefire test","testcases.backoffice.group.GetListGroupTest","getListGroupWithPageAsString"
"Add Group Backoffice Dengan Content-Type text/plain","1453","addGroupWithWrongContentType","Surefire suite","Sat Oct 03 07:02:48 UTC 2026","passed","Sat Oct 03 07:02:50 UTC 2026","testcases.backoffice.group.AddGroupTest","Surefire test","testcases.backoffice.group.AddGroupTest","addGroupWithWrongContentType"
"Delete session Merchant on CS Admin","5189","deleteSessionCsAdmin","Surefire suite","Sat Oct 03 06:31:21 UTC 2026","broken","Sat Oct 03 06:31:27 UTC 2026","testcases.backoffice.users.EditUserTest","Surefire test","testcases.backoffice.users.EditUserTest","deleteSessionCsAdmin"
"Get Dashboard Backoffice Menggunakan Login Merchant","4405","getDashboardWithMerchantLogin","Surefire suite","Sat Oct 03 06:37:06 UTC 2026","passed","Sat Oct 03 06:37:10 UTC 2026","testcases.backoffice.GetDashboardTest","Surefire test","testcases.backoffice.GetDashboardTest","getDashboardWithMerchantLogin"
"Test Get Report Transfer Merchant","4554","getReportBatchAdmin","Surefire suite","Sat Oct 03 06:31:18 UTC 2026","passed","Sat Oct 03 06:31:23 UTC 2026","testcases.report.ReportTransactionTest","Surefire test","testcases.report.ReportTransactionTest","getReportBatchAdmin"
"Delete Group Backoffice Menggunakan Login Customer Service","4492","deleteGroupWithCSLogin","Surefire suite","Sat Oct 03 06:56:51 UTC 2026","passed","Sat Oct 03 06:56:55 UTC 2026","testcases.backoffice.group.DeleteGroupTest","Surefire test","testcases.backoffice.group.DeleteGroupTest","deleteGroupWithCSLogin"
"Inquiry Test Transfer Merchant Supervisor","4870","inquiryTransferSupervisor","Surefire suite","Sat Oct 03 06:34:43 UTC 2026","passed","Sat Oct 03 06:34:48 UTC 2026","testcases.transfer.InquiryTransferTest","Surefire test","testcases.transfer.InquiryTransferTest","inquiryTransferSupervisor"
"Get List Group Company BO Dengan Header groupName Kosong","4531","getListGroupCompanyWithEmptyGroupNameHeader","Surefire suite","Sat Oct 03 06:39:28 UTC 2026","passed","Sat Oct 03 06:39:33 UTC 2026","testcases.backoffice.settlement.GetListGroupCompanyTest","Surefire test","testcases.backoffice.settlement.GetListGroupCompanyTest","getListGroupCompanyWithEmptyGroupNameHeader"
"Refund Summary Menggunakan Login Marketing","4421","getRefundWithMarketingLogin","Surefire suite","Sat Oct 03 07:12:58 UTC 2026","passed","Sat Oct 03 07:13:02 UTC 2026","testcases.backoffice.refund.GetRefundTest","Surefire test","testcases.backoffice.refund.GetRefundTest","getRefundWithMarketingLogin"
"Get History Special Transfer Test CS","11209","historySpecialTransferTestCS","Surefire suite","Sat Oct 03 08:17:25 UTC 2026","passed","Sat Oct 03 08:17:36 UTC 2026","testcases.history.HistoryTransferTest","Surefire test","testcases.history.HistoryTransferTest","historySpecialTransferTestCS"
"Created Favorite Account Dengan pin Salah","1458","createdFavoriteAccountWithWrongPin","Surefire suite","Sat Oct 03 07:09:10 UTC 2026","failed","Sat Oct 03 07:09:11 UTC 2026","testcases.settings.favoriteaccount.CreatedFavoriteAccountTest","Surefire test","testcases.settings.favoriteaccount.CreatedFavoriteAccountTest","createdFavoriteAccountWithWrongPin"
"List Manage Settlement Backoffice Menggunakan Login CS Admin","4452","listManageSettlementWithCSAdminLogin","Surefire suite","Sat Oct 03 07:14:25 UTC 2026","passed","Sat Oct 03 07:14:30 UTC 2026","testcases.backoffice.settlement.ManageSettlementTest","Surefire test","testcases.backoffice.settlement.ManageSettlementTest","listManageSettlementWithCSAdminLogin"
"Refund Summary Dengan type null","1484","getRefundWithNullType","Surefire suite","Sat Oct 03 07:13:22 UTC 2026","passed","Sat Oct 03 07:13:23 UTC 2026","testcases.backoffice.refund.GetRefundTest","Surefire test","testcases.backoffice.refund.GetRefundTest","getRefundWithNullType"
"Inquiry Test Special Transfer Merchant","4756","inquirySpecialTransfer","Surefire suite","Sat Oct 03 06:52:25 UTC 2026","passed","Sat Oct 03 06:52:30 UTC 2026","testcases.transfer.InquirySpecialTransferTest","Surefire test","testcases.transfer.InquirySpecialTransferTest","inquirySpecialTransfer"
"Wrong Password Login Merchant","2920","testLoginWrongPassword","Surefire suite","Sat Oct 03 06:31:29 UTC 2026","passed","Sat Oct 03 06:31:31 UTC 2026","testcases.auth.LoginTest","Surefire test","testcases.auth.LoginTest","testLoginWrongPassword"
"Get Notification Sender Menggunakan Login Customer Service","4447","getNotificationSenderWithCSLogin","Surefire suite","Sat Oct 03 07:09:47 UTC 2026","passed","Sat Oct 03 07:09:51 UTC 2026","testcases.backoffice.notifsender.NotificationSenderTest","Surefire test","testcases.backoffice.notifsender.NotificationSenderTest","getNotificationSenderWithCSLogin"
"Resend Google Authenticator Menggunakan Login Customer Service","4513","resendOtpGoogleWithCSLogin","Surefire suite","Sat Oct 03 07:18:20 UTC 2026","passed","Sat Oct 03 07:18:24 UTC 2026","testcases.backoffice.googleauth.ResendOtpGoogleTest","Surefire test","testcases.backoffice.googleauth.ResendOtpGoogleTest","resendOtpGoogleWithCSLogin"
"Create Manage Settlement BO Menggunakan HTTP Method PATCH","4400","addManageSettlementWithPatchMethod","Surefire suite","Sat Oct 03 06:48:19 UTC 2026","passed","Sat Oct 03 06:48:23 UTC 2026","testcases.backoffice.settlement.AddManageSettlementTest","Surefire test","testcases.backoffice.settlement.AddManageSettlementTest","addManageSettlementWithPatchMethod"
"Mutasi Special Transfer Supervisor","20390","mutasiSpecialTransferSupervisor","Surefire suite","Sat Oct 03 08:32:49 UTC 2026","passed","Sat Oct 03 08:33:09 UTC 2026","testcases.mutasi.MutasiTransferTest","Surefire test","testcases.mutasi.MutasiTransferTest","mutasiSpecialTransferSupervisor"
"Get History QR","6289","historyQRTest","Surefire suite","Sat Oct 03 07:18:39 UTC 2026","passed","Sat Oct 03 07:18:45 UTC 2026","testcases.history.HistoryQRTest","Surefire test","testcases.history.HistoryQRTest","historyQRTest"
"Generate QR Code Merchant","4841","generateQRCode","Surefire suite","Sat Oct 03 07:18:15 UTC 2026","passed","Sat Oct 03 07:18:20 UTC 2026","testcases.QR.GenerateQRTest","Surefire test","testcases.QR.GenerateQRTest","generateQRCode"
"Reset Password Admin Crypto","5034","resetPasswordAdminCrypto","Surefire suite","Sat Oct 03 06:34:13 UTC 2026","passed","Sat Oct 03 06:34:18 UTC 2026","testcases.settings.ResetPasswordTest","Surefire test","testcases.settings.ResetPasswordTest","resetPasswordAdminCrypto"
"Add Currency CS Admin Path Menggunakan Login Marketing","4435","addCurrencyWithMarketingLogin","Surefire suite","Sat Oct 03 08:01:25 UTC 2026","passed","Sat Oct 03 08:01:29 UTC 2026","testcases.backoffice.currency.AddCurrencyTest","Surefire test","testcases.backoffice.currency.AddCurrencyTest","addCurrencyWithMarketingLogin"
"Get List Group Company BO Dengan Token Tidak Valid","1444","getListGroupCompanyWithInvalidToken","Surefire suite","Sat Oct 03 06:39:40 UTC 2026","passed","Sat Oct 03 06:39:42 UTC 2026","testcases.backoffice.settlement.GetListGroupCompanyTest","Surefire test","testcases.backoffice.settlement.GetListGroupCompanyTest","getListGroupCompanyWithInvalidToken"
"Normal Flop Transfer Success Admin Crypto","7498","flopTransferAdminCrypto","Surefire suite","Sat Oct 03 06:32:55 UTC 2026","passed","Sat Oct 03 06:33:03 UTC 2026","testcases.transfer.TransferFlopTest","Surefire test","testcases.transfer.TransferFlopTest","flopTransferAdminCrypto"
"Refund Summary Menggunakan Login Admin Crypto","4417","getRefundWithAdminCryptoLogin","Surefire suite","Sat Oct 03 07:11:23 UTC 2026","passed","Sat Oct 03 07:11:27 UTC 2026","testcases.backoffice.refund.GetRefundTest","Surefire test","testcases.backoffice.refund.GetRefundTest","getRefundWithAdminCryptoLogin"
"Get Balance Merchant Transfer","4672","getBalanceMerchant","Surefire suite","Sat Oct 03 07:16:11 UTC 2026","passed","Sat Oct 03 07:16:16 UTC 2026","testcases.balance.GetBalanceTransferTest","Surefire test","testcases.balance.GetBalanceTransferTest","getBalanceMerchant"
"Get Detail Waiting Company Backoffice Dengan Id Sangat Panjang (10.000 karakter)","4435","getDetailWaitingCompanyWithOverlongId","Surefire suite","Sat Oct 03 06:31:54 UTC 2026","passed","Sat Oct 03 06:31:58 UTC 2026","testcases.backoffice.GetDetailWaitingCompanyTest","Surefire test","testcases.backoffice.GetDetailWaitingCompanyTest","getDetailWaitingCompanyWithOverlongId"
"Refund Summary Dengan startDate Setelah endDate (Rentang Terbalik)","1458","getRefundWithReversedRange","Surefire suite","Sat Oct 03 07:13:40 UTC 2026","passed","Sat Oct 03 07:13:41 UTC 2026","testcases.backoffice.refund.GetRefundTest","Surefire test","testcases.backoffice.refund.GetRefundTest","getRefundWithReversedRange"
"Delete Group Backoffice Tanpa Body Sama Sekali","1422","deleteGroupWithoutBody","Surefire suite","Sat Oct 03 06:59:22 UTC 2026","passed","Sat Oct 03 06:59:23 UTC 2026","testcases.backoffice.group.DeleteGroupTest","Surefire test","testcases.backoffice.group.DeleteGroupTest","deleteGroupWithoutBody"
"List Currency USDT Dengan Header Authorization Tanpa Skema Bearer","1537","getCurrencyWithMalformedAuthorizationHeader","Surefire suite","Sat Oct 03 07:04:47 UTC 2026","passed","Sat Oct 03 07:04:48 UTC 2026","testcases.backoffice.currency.GetCurrencyTest","Surefire test","testcases.backoffice.currency.GetCurrencyTest","getCurrencyWithMalformedAuthorizationHeader"
"Test Get Bank Statement","4810","getReportBankStatementAdmin","Surefire suite","Sat Oct 03 06:31:11 UTC 2026","passed","Sat Oct 03 06:31:15 UTC 2026","testcases.report.ReportTransactionTest","Surefire test","testcases.report.ReportTransactionTest","getReportBankStatementAdmin"
"Create Manage Settlement BO Dengan Header Authorization Tanpa Skema Bearer","1434","addManageSettlementWithMalformedAuthorizationHeader","Surefire suite","Sat Oct 03 06:47:15 UTC 2026","passed","Sat Oct 03 06:47:17 UTC 2026","testcases.backoffice.settlement.AddManageSettlementTest","Surefire test","testcases.backoffice.settlement.AddManageSettlementTest","addManageSettlementWithMalformedAuthorizationHeader"
"Get List Group Company BO Dengan Header Authorization Tanpa Skema Bearer","1406","getListGroupCompanyWithMalformedAuthorizationHeader","Surefire suite","Sat Oct 03 06:39:45 UTC 2026","passed","Sat Oct 03 06:39:46 UTC 2026","testcases.backoffice.settlement.GetListGroupCompanyTest","Surefire test","testcases.backoffice.settlement.GetListGroupCompanyTest","getListGroupCompanyWithMalformedAuthorizationHeader"
"Add Currency CS Admin Path Menggunakan Login Merchant","4449","addCurrencyWithMerchantLogin","Surefire suite","Sat Oct 03 08:01:33 UTC 2026","passed","Sat Oct 03 08:01:37 UTC 2026","testcases.backoffice.currency.AddCurrencyTest","Surefire test","testcases.backoffice.currency.AddCurrencyTest","addCurrencyWithMerchantLogin"
"Check Status QR Menggunakan HTTP Method DELETE","3117","checkStatusQRWithDeleteMethod","Surefire suite","Sat Oct 03 07:16:29 UTC 2026","passed","Sat Oct 03 07:16:32 UTC 2026","testcases.QR.CheckStatusQRTest","Surefire test","testcases.QR.CheckStatusQRTest","checkStatusQRWithDeleteMethod"
"Transfer with Wrong Pin","49560","transferWrongPin","Surefire suite","Sat Oct 03 07:12:11 UTC 2026","passed","Sat Oct 03 07:13:00 UTC 2026","testcases.transfer.ManualTransferTest","Surefire test","testcases.transfer.ManualTransferTest","transferWrongPin"
"Inquiry Favorite Account Dengan Header credentialId Salah","1438","inquiryFavoriteAccountWithWrongCredentialIdHeader","Surefire suite","Sat Oct 03 07:11:09 UTC 2026","passed","Sat Oct 03 07:11:10 UTC 2026","testcases.settings.favoriteaccount.InquiryFavoriteAccountTest","Surefire test","testcases.settings.favoriteaccount.InquiryFavoriteAccountTest","inquiryFavoriteAccountWithWrongCredentialIdHeader"
"Get List Group Backoffice Tanpa Body Sama Sekali","1436","getListGroupWithoutBody","Surefire suite","Sat Oct 03 06:55:28 UTC 2026","passed","Sat Oct 03 06:55:29 UTC 2026","testcases.backoffice.group.GetListGroupTest","Surefire test","testcases.backoffice.group.GetListGroupTest","getListGroupWithoutBody"
"List Manage Settlement Backoffice Menggunakan HTTP Method PUT","4495","listManageSettlementWithPutMethod","Surefire suite","Sat Oct 03 07:16:30 UTC 2026","passed","Sat Oct 03 07:16:35 UTC 2026","testcases.backoffice.settlement.ManageSettlementTest","Surefire test","testcases.backoffice.settlement.ManageSettlementTest","listManageSettlementWithPutMethod"
"Get Detail User Backoffice Menggunakan Login Merchant","4467","getUsersWithMerchantLogin","Surefire suite","Sat Oct 03 07:15:13 UTC 2026","passed","Sat Oct 03 07:15:17 UTC 2026","testcases.backoffice.users.ListUsersTest","Surefire test","testcases.backoffice.users.ListUsersTest","getUsersWithMerchantLogin"
"Delete Favorite Account Dengan Field Tidak Dikenal pada Body","3261","deleteFavoriteAccountWithUnknownField","Surefire suite","Sat Oct 03 06:34:24 UTC 2026","passed","Sat Oct 03 06:34:27 UTC 2026","testcases.settings.favoriteaccount.DeleteFavoriteAccountTest","Surefire test","testcases.settings.favoriteaccount.DeleteFavoriteAccountTest","deleteFavoriteAccountWithUnknownField"
"Mutasi Transfer CS","11225","mutasiTransferCS","Surefire suite","Sat Oct 03 08:34:27 UTC 2026","passed","Sat Oct 03 08:34:38 UTC 2026","testcases.mutasi.MutasiTransferTest","Surefire test","testcases.mutasi.MutasiTransferTest","mutasiTransferCS"
"List Manage Settlement Backoffice Menggunakan Login Admin","4440","listManageSettlementWithAdminLogin","Surefire suite","Sat Oct 03 07:14:10 UTC 2026","passed","Sat Oct 03 07:14:15 UTC 2026","testcases.backoffice.settlement.ManageSettlementTest","Surefire test","testcases.backoffice.settlement.ManageSettlementTest","listManageSettlementWithAdminLogin"
"Get List Group Company BO Menggunakan HTTP Method DELETE","4372","getListGroupCompanyWithDeleteMethod","Surefire suite","Sat Oct 03 06:39:13 UTC 2026","passed","Sat Oct 03 06:39:18 UTC 2026","testcases.backoffice.settlement.GetListGroupCompanyTest","Surefire test","testcases.backoffice.settlement.GetListGroupCompanyTest","getListGroupCompanyWithDeleteMethod"
"Resend Google Authenticator Dengan Token Tidak Valid","1439","resendOtpGoogleWithInvalidToken","Surefire suite","Sat Oct 03 07:19:01 UTC 2026","passed","Sat Oct 03 07:19:03 UTC 2026","testcases.backoffice.googleauth.ResendOtpGoogleTest","Surefire test","testcases.backoffice.googleauth.ResendOtpGoogleTest","resendOtpGoogleWithInvalidToken"
"Resend Google Authenticator Ke Path yang Tidak Ada (Typo)","4733","resendOtpGoogleWithWrongPath","Surefire suite","Sat Oct 03 07:21:02 UTC 2026","passed","Sat Oct 03 07:21:07 UTC 2026","testcases.backoffice.googleauth.ResendOtpGoogleTest","Surefire test","testcases.backoffice.googleauth.ResendOtpGoogleTest","resendOtpGoogleWithWrongPath"
"Inquiry Test Manual Transfer Merchant Supervisor","4729","inquiryManualTransferSupervisor","Surefire suite","Sat Oct 03 06:34:17 UTC 2026","passed","Sat Oct 03 06:34:22 UTC 2026","testcases.transfer.InquiryManualTransferTest","Surefire test","testcases.transfer.InquiryManualTransferTest","inquiryManualTransferSupervisor"
"Add Currency CS Admin Path Dengan Content-Type text/plain","1496","addCurrencyWithWrongContentType","Surefire suite","Sat Oct 03 08:02:33 UTC 2026","passed","Sat Oct 03 08:02:35 UTC 2026","testcases.backoffice.currency.AddCurrencyTest","Surefire test","testcases.backoffice.currency.AddCurrencyTest","addCurrencyWithWrongContentType"
"Test Rejected Special Transfer Supervisor","11050","rejectedSpecialTransferSupervisor","Surefire suite","Sat Oct 03 07:53:21 UTC 2026","passed","Sat Oct 03 07:53:32 UTC 2026","testcases.backoffice.ApprovalTransferTest","Surefire test","testcases.backoffice.ApprovalTransferTest","rejectedSpecialTransferSupervisor"
"Get History Transfer Test Supervisor","8223","historyTransferTestSupervisor","Surefire suite","Sat Oct 03 08:19:27 UTC 2026","passed","Sat Oct 03 08:19:35 UTC 2026","testcases.history.HistoryTransferTest","Surefire test","testcases.history.HistoryTransferTest","historyTransferTestSupervisor"
"Created Favorite Account Tanpa Field pin","1468","createdFavoriteAccountWithoutPinField","Surefire suite","Sat Oct 03 07:09:37 UTC 2026","failed","Sat Oct 03 07:09:38 UTC 2026","testcases.settings.favoriteaccount.CreatedFavoriteAccountTest","Surefire test","testcases.settings.favoriteaccount.CreatedFavoriteAccountTest","createdFavoriteAccountWithoutPinField"
"Check Status QR Ke Path yang Tidak Ada (Typo)","1448","checkStatusQRWithWrongPath","Surefire suite","Sat Oct 03 07:17:49 UTC 2026","failed","Sat Oct 03 07:17:51 UTC 2026","testcases.QR.CheckStatusQRTest","Surefire test","testcases.QR.CheckStatusQRTest","checkStatusQRWithWrongPath"
"Add Currency CS Admin Path Menggunakan Login Customer Service","4714","addCurrencyWithCSLogin","Surefire suite","Sat Oct 03 08:00:28 UTC 2026","passed","Sat Oct 03 08:00:32 UTC 2026","testcases.backoffice.currency.AddCurrencyTest","Surefire test","testcases.backoffice.currency.AddCurrencyTest","addCurrencyWithCSLogin"
"Get Notification Sender Dengan Page/Size Negatif","4646","getNotificationSenderWithNegativePageSize","Surefire suite","Sat Oct 03 07:11:49 UTC 2026","passed","Sat Oct 03 07:11:53 UTC 2026","testcases.backoffice.notifsender.NotificationSenderTest","Surefire test","testcases.backoffice.notifsender.NotificationSenderTest","getNotificationSenderWithNegativePageSize"
"Mutasi Transfer Balance","10020","mutasiTransferBalance","Surefire suite","Sat Oct 03 08:33:58 UTC 2026","passed","Sat Oct 03 08:34:08 UTC 2026","testcases.mutasi.MutasiTransferTest","Surefire test","testcases.mutasi.MutasiTransferTest","mutasiTransferBalance"
"Inquiry Favorite Account Dengan Body Berupa JSON Array ([])","4543","inquiryFavoriteAccountWithArrayBody","Surefire suite","Sat Oct 03 07:09:49 UTC 2026","passed","Sat Oct 03 07:09:53 UTC 2026","testcases.settings.favoriteaccount.InquiryFavoriteAccountTest","Surefire test","testcases.settings.favoriteaccount.InquiryFavoriteAccountTest","inquiryFavoriteAccountWithArrayBody"
"Delete Manage Settlement BO Dengan id Sangat Panjang (10.000 karakter)","4507","deleteManageSettlementWithOverlongId","Surefire suite","Sat Oct 03 06:43:48 UTC 2026","passed","Sat Oct 03 06:43:52 UTC 2026","testcases.backoffice.settlement.DeleteManageSettlementTest","Surefire test","testcases.backoffice.settlement.DeleteManageSettlementTest","deleteManageSettlementWithOverlongId"
"Delete Favorite Account Dengan Content-Type text/plain","1425","deleteFavoriteAccountWithWrongContentType","Surefire suite","Sat Oct 03 06:35:59 UTC 2026","passed","Sat Oct 03 06:36:00 UTC 2026","testcases.settings.favoriteaccount.DeleteFavoriteAccountTest","Surefire test","testcases.settings.favoriteaccount.DeleteFavoriteAccountTest","deleteFavoriteAccountWithWrongContentType"
"Get History Special Transfer Test Admin Crypto","7973","historySpecialTransferTestAdminCrypto","Surefire suite","Sat Oct 03 08:17:14 UTC 2026","passed","Sat Oct 03 08:17:22 UTC 2026","testcases.history.HistoryTransferTest","Surefire test","testcases.history.HistoryTransferTest","historySpecialTransferTestAdminCrypto"
"Refund Summary Dengan Body Kosong ({})","1512","getRefundWithEmptyBody","Surefire suite","Sat Oct 03 07:12:09 UTC 2026","passed","Sat Oct 03 07:12:10 UTC 2026","testcases.backoffice.refund.GetRefundTest","Surefire test","testcases.backoffice.refund.GetRefundTest","getRefundWithEmptyBody"
"Add Currency Ke Path yang Tidak Ada (Typo)","1785","addCurrencyWithWrongPath","Surefire suite","Sat Oct 03 08:02:38 UTC 2026","passed","Sat Oct 03 08:02:40 UTC 2026","testcases.backoffice.currency.AddCurrencyTest","Surefire test","testcases.backoffice.currency.AddCurrencyTest","addCurrencyWithWrongPath"
"Created Favorite Account Tanpa Field beneficiaryBankCode","1456","createdFavoriteAccountWithoutBeneficiaryBankCodeField","Surefire suite","Sat Oct 03 07:09:23 UTC 2026","failed","Sat Oct 03 07:09:25 UTC 2026","testcases.settings.favoriteaccount.CreatedFavoriteAccountTest","Surefire test","testcases.settings.favoriteaccount.CreatedFavoriteAccountTest","createdFavoriteAccountWithoutBeneficiaryBankCodeField"
"Get Notification Sender Dengan Content-Type text/plain","4346","getNotificationSenderWithWrongContentType","Surefire suite","Sat Oct 03 07:13:06 UTC 2026","passed","Sat Oct 03 07:13:11 UTC 2026","testcases.backoffice.notifsender.NotificationSenderTest","Surefire test","testcases.backoffice.notifsender.NotificationSenderTest","getNotificationSenderWithWrongContentType"
"Refund Summary Menggunakan Login CS Admin","4439","getRefundWithCSAdminLogin","Surefire suite","Sat Oct 03 07:11:45 UTC 2026","passed","Sat Oct 03 07:11:49 UTC 2026","testcases.backoffice.refund.GetRefundTest","Surefire test","testcases.backoffice.refund.GetRefundTest","getRefundWithCSAdminLogin"
"Inquiry Favorite Account Dengan beneficiaryAccountNo String Kosong","1901","inquiryFavoriteAccountWithEmptyBeneficiaryAccountNo","Surefire suite","Sat Oct 03 07:10:01 UTC 2026","passed","Sat Oct 03 07:10:03 UTC 2026","testcases.settings.favoriteaccount.InquiryFavoriteAccountTest","Surefire test","testcases.settings.favoriteaccount.InquiryFavoriteAccountTest","inquiryFavoriteAccountWithEmptyBeneficiaryAccountNo"
"Reset Pin Supervisor","5058","resetPinSupervisor","Surefire suite","Sat Oct 03 06:30:47 UTC 2026","passed","Sat Oct 03 06:30:52 UTC 2026","testcases.settings.ResetPinTest","Surefire test","testcases.settings.ResetPinTest","resetPinSupervisor"
"List User Backoffice Tanpa Body Sama Sekali","4391","listUsersWithoutBody","Surefire suite","Sat Oct 03 07:17:19 UTC 2026","passed","Sat Oct 03 07:17:23 UTC 2026","testcases.backoffice.users.ListUsersTest","Surefire test","testcases.backoffice.users.ListUsersTest","listUsersWithoutBody"
"Delete Group Backoffice Dengan Token Backoffice Valid Tapi Tanpa Header pbyv","1433","deleteGroupWithoutPbyvHeader","Surefire suite","Sat Oct 03 06:59:35 UTC 2026","passed","Sat Oct 03 06:59:36 UTC 2026","testcases.backoffice.group.DeleteGroupTest","Surefire test","testcases.backoffice.group.DeleteGroupTest","deleteGroupWithoutPbyvHeader"
"Resend Google Authenticator Menggunakan Login CS Admin","4537","resendOtpGoogleWithCSAdminLogin","Surefire suite","Sat Oct 03 07:18:12 UTC 2026","passed","Sat Oct 03 07:18:17 UTC 2026","testcases.backoffice.googleauth.ResendOtpGoogleTest","Surefire test","testcases.backoffice.googleauth.ResendOtpGoogleTest","resendOtpGoogleWithCSAdminLogin"
"Create Manage Settlement BO Menggunakan HTTP Method GET","4435","addManageSettlementWithGetMethod","Surefire suite","Sat Oct 03 06:46:56 UTC 2026","passed","Sat Oct 03 06:47:00 UTC 2026","testcases.backoffice.settlement.AddManageSettlementTest","Surefire test","testcases.backoffice.settlement.AddManageSettlementTest","addManageSettlementWithGetMethod"
"Test Get Report RRN Dispute","4533","getReportRRNAdmin","Surefire suite","Sat Oct 03 06:31:42 UTC 2026","passed","Sat Oct 03 06:31:46 UTC 2026","testcases.report.ReportTransactionTest","Surefire test","testcases.report.ReportTransactionTest","getReportRRNAdmin"
"Get List Group Company BO Menggunakan HTTP Method PATCH","4357","getListGroupCompanyWithPatchMethod","Surefire suite","Sat Oct 03 06:40:26 UTC 2026","passed","Sat Oct 03 06:40:31 UTC 2026","testcases.backoffice.settlement.GetListGroupCompanyTest","Surefire test","testcases.backoffice.settlement.GetListGroupCompanyTest","getListGroupCompanyWithPatchMethod"
"Add Currency CS Admin Path Dengan Body Berupa Literal null","1429","addCurrencyWithNullLiteralBody","Surefire suite","Sat Oct 03 08:01:49 UTC 2026","passed","Sat Oct 03 08:01:51 UTC 2026","testcases.backoffice.currency.AddCurrencyTest","Surefire test","testcases.backoffice.currency.AddCurrencyTest","addCurrencyWithNullLiteralBody"
"Resend Google Authenticator Dengan Body Kosong ({}) - Tanpa email","4449","resendOtpGoogleWithEmptyBody","Surefire suite","Sat Oct 03 07:18:34 UTC 2026","passed","Sat Oct 03 07:18:39 UTC 2026","testcases.backoffice.googleauth.ResendOtpGoogleTest","Surefire test","testcases.backoffice.googleauth.ResendOtpGoogleTest","resendOtpGoogleWithEmptyBody"
"Add Currency CS Admin Path Dengan Body JSON Tidak Valid (Malformed)","1430","addCurrencyWithMalformedJson","Surefire suite","Sat Oct 03 08:01:21 UTC 2026","passed","Sat Oct 03 08:01:22 UTC 2026","testcases.backoffice.currency.AddCurrencyTest","Surefire test","testcases.backoffice.currency.AddCurrencyTest","addCurrencyWithMalformedJson"
"Get History Transfer Test","8320","historyTransferTest","Surefire suite","Sat Oct 03 08:18:36 UTC 2026","passed","Sat Oct 03 08:18:44 UTC 2026","testcases.history.HistoryTransferTest","Surefire test","testcases.history.HistoryTransferTest","historyTransferTest"
"Normal Transfer USDT Success Admin Crypto","6534","usdtTransferAdminCrypto","Surefire suite","Sat Oct 03 06:33:21 UTC 2026","passed","Sat Oct 03 06:33:27 UTC 2026","testcases.transfer.TransferUSDTTest","Surefire test","testcases.transfer.TransferUSDTTest","usdtTransferAdminCrypto"
"Get History Special Transfer Merchant on Login CS Admin","11623","historySpecialTransferMerchantTestCSAdmin","Surefire suite","Sat Oct 03 08:16:20 UTC 2026","passed","Sat Oct 03 08:16:32 UTC 2026","testcases.history.HistoryTransferTest","Surefire test","testcases.history.HistoryTransferTest","historySpecialTransferMerchantTestCSAdmin"
"Get Detail User Backoffice Tanpa User Id (Path Kosong) - Menemukan Bug Bad Gateway","4678","getUsersWithEmptyId","Surefire suite","Sat Oct 03 07:14:53 UTC 2026","passed","Sat Oct 03 07:14:58 UTC 2026","testcases.backoffice.users.ListUsersTest","Surefire test","testcases.backoffice.users.ListUsersTest","getUsersWithEmptyId"
"List Refund Dengan Ukuran Halaman Sangat Besar","4866","listRefundWithHugeSize","Surefire suite","Sat Oct 03 08:07:39 UTC 2026","passed","Sat Oct 03 08:07:44 UTC 2026","testcases.backoffice.ListRefundTest","Surefire test","testcases.backoffice.ListRefundTest","listRefundWithHugeSize"
"Refund Summary Dengan Header pbyv Salah","1450","getRefundWithWrongPbyvHeader","Surefire suite","Sat Oct 03 07:14:10 UTC 2026","passed","Sat Oct 03 07:14:11 UTC 2026","testcases.backoffice.refund.GetRefundTest","Surefire test","testcases.backoffice.refund.GetRefundTest","getRefundWithWrongPbyvHeader"
"Get List Google Authenticator Dengan Token Kadaluarsa","1416","listOtpGoogleWithExpiredToken","Surefire suite","Sat Oct 03 07:08:34 UTC 2026","passed","Sat Oct 03 07:08:36 UTC 2026","testcases.backoffice.googleauth.ListOtpGoogleTest","Surefire test","testcases.backoffice.googleauth.ListOtpGoogleTest","listOtpGoogleWithExpiredToken"
"Mutasi Manual Transfer Balance","31169","mutasiManualTransferBalanceSupervisor","Surefire suite","Sat Oct 03 08:27:29 UTC 2026","passed","Sat Oct 03 08:28:00 UTC 2026","testcases.mutasi.MutasiTransferTest","Surefire test","testcases.mutasi.MutasiTransferTest","mutasiManualTransferBalanceSupervisor"
"Get Detail Waiting Company Backoffice Dengan Token Kadaluarsa","1458","getDetailWaitingCompanyWithExpiredToken","Surefire suite","Sat Oct 03 06:31:03 UTC 2026","passed","Sat Oct 03 06:31:04 UTC 2026","testcases.backoffice.GetDetailWaitingCompanyTest","Surefire test","testcases.backoffice.GetDetailWaitingCompanyTest","getDetailWaitingCompanyWithExpiredToken"
"Get Notification Sender Dengan Field Sort Merujuk ke Kolom yang Tidak Ada","4492","getNotificationSenderWithInvalidSortField","Surefire suite","Sat Oct 03 07:11:00 UTC 2026","failed","Sat Oct 03 07:11:05 UTC 2026","testcases.backoffice.notifsender.NotificationSenderTest","Surefire test","testcases.backoffice.notifsender.NotificationSenderTest","getNotificationSenderWithInvalidSortField"
"Refund Summary Dengan type Tidak Dikenal","1505","getRefundWithInvalidType","Surefire suite","Sat Oct 03 07:12:45 UTC 2026","passed","Sat Oct 03 07:12:46 UTC 2026","testcases.backoffice.refund.GetRefundTest","Surefire test","testcases.backoffice.refund.GetRefundTest","getRefundWithInvalidType"
"Get History QR Supervisor Success Paid","10665","historyQRTestPaidSupervisor","Surefire suite","Sat Oct 03 07:25:26 UTC 2026","passed","Sat Oct 03 07:25:37 UTC 2026","testcases.history.HistoryQRTest","Surefire test","testcases.history.HistoryQRTest","historyQRTestPaidSupervisor"
"Delete Manage Settlement BO Dengan id yang Sama Dua Kali (Sudah Terhapus)","8914","deleteManageSettlementWithAlreadyDeletedId","Surefire suite","Sat Oct 03 06:42:16 UTC 2026","passed","Sat Oct 03 06:42:25 UTC 2026","testcases.backoffice.settlement.DeleteManageSettlementTest","Surefire test","testcases.backoffice.settlement.DeleteManageSettlementTest","deleteManageSettlementWithAlreadyDeletedId"
"Create Manage Settlement BO Dengan Token Backoffice Valid Tapi Tanpa Header pbyv","4335","addManageSettlementWithoutPbyvHeader","Surefire suite","Sat Oct 03 06:49:45 UTC 2026","passed","Sat Oct 03 06:49:50 UTC 2026","testcases.backoffice.settlement.AddManageSettlementTest","Surefire test","testcases.backoffice.settlement.AddManageSettlementTest","addManageSettlementWithoutPbyvHeader"
"Get Detail Waiting Company Backoffice Menggunakan Login CS Admin","4480","getDetailWaitingCompanyWithCSAdminLogin","Surefire suite","Sat Oct 03 06:30:40 UTC 2026","passed","Sat Oct 03 06:30:44 UTC 2026","testcases.backoffice.GetDetailWaitingCompanyTest","Surefire test","testcases.backoffice.GetDetailWaitingCompanyTest","getDetailWaitingCompanyWithCSAdminLogin"
"Reset Pin Marketing","4985","resetPinMarketing","Surefire suite","Sat Oct 03 06:30:58 UTC 2026","passed","Sat Oct 03 06:31:03 UTC 2026","testcases.settings.ResetPinTest","Surefire test","testcases.settings.ResetPinTest","resetPinMarketing"
"Get Group Backoffice Menggunakan Login Admin Crypto","4378","getGroupWithAdminCryptoLogin","Surefire suite","Sat Oct 03 06:37:33 UTC 2026","passed","Sat Oct 03 06:37:37 UTC 2026","testcases.backoffice.GetDashboardTest","Surefire test","testcases.backoffice.GetDashboardTest","getGroupWithAdminCryptoLogin"
"Get Detail Waiting Company Backoffice Dengan Id Berisi Payload XSS","4625","getDetailWaitingCompanyWithXssId","Surefire suite","Sat Oct 03 06:32:47 UTC 2026","passed","Sat Oct 03 06:32:51 UTC 2026","testcases.backoffice.GetDetailWaitingCompanyTest","Surefire test","testcases.backoffice.GetDetailWaitingCompanyTest","getDetailWaitingCompanyWithXssId"
"Reset Pin Admin","4862","resetPinAdmin","Surefire suite","Sat Oct 03 06:31:03 UTC 2026","passed","Sat Oct 03 06:31:07 UTC 2026","testcases.settings.ResetPinTest","Surefire test","testcases.settings.ResetPinTest","resetPinAdmin"
"Inquiry Favorite Account Dengan Token Tidak Valid","1466","inquiryFavoriteAccountWithInvalidToken","Surefire suite","Sat Oct 03 07:10:19 UTC 2026","passed","Sat Oct 03 07:10:21 UTC 2026","testcases.settings.favoriteaccount.InquiryFavoriteAccountTest","Surefire test","testcases.settings.favoriteaccount.InquiryFavoriteAccountTest","inquiryFavoriteAccountWithInvalidToken"
"Delete Manage Settlement BO Menggunakan HTTP Method PATCH","4425","deleteManageSettlementWithPatchMethod","Surefire suite","Sat Oct 03 06:43:55 UTC 2026","passed","Sat Oct 03 06:44:00 UTC 2026","testcases.backoffice.settlement.DeleteManageSettlementTest","Surefire test","testcases.backoffice.settlement.DeleteManageSettlementTest","deleteManageSettlementWithPatchMethod"
"List User Backoffice Dengan Token Tidak Valid","1423","listUsersWithInvalidToken","Surefire suite","Sat Oct 03 07:16:25 UTC 2026","passed","Sat Oct 03 07:16:26 UTC 2026","testcases.backoffice.users.ListUsersTest","Surefire test","testcases.backoffice.users.ListUsersTest","listUsersWithInvalidToken"
"Special Transfer Success with before and after Balance","9966","specialTransferSupervisor","Surefire suite","Sat Oct 03 06:34:51 UTC 2026","passed","Sat Oct 03 06:35:01 UTC 2026","testcases.transfer.SpecialTransferTest","Surefire test","testcases.transfer.SpecialTransferTest","specialTransferSupervisor"
"List User Backoffice Tanpa Login/Header Auth","1403","listUsersWithoutAuth","Surefire suite","Sat Oct 03 07:17:14 UTC 2026","passed","Sat Oct 03 07:17:16 UTC 2026","testcases.backoffice.users.ListUsersTest","Surefire test","testcases.backoffice.users.ListUsersTest","listUsersWithoutAuth"
"List Refund Tanpa Login/Header Auth","1442","listRefundWithoutAuth","Surefire suite","Sat Oct 03 08:08:59 UTC 2026","passed","Sat Oct 03 08:09:01 UTC 2026","testcases.backoffice.ListRefundTest","Surefire test","testcases.backoffice.ListRefundTest","listRefundWithoutAuth"
"Get List Group","4607","getListGroup","Surefire suite","Sat Oct 03 06:52:33 UTC 2026","passed","Sat Oct 03 06:52:38 UTC 2026","testcases.backoffice.group.GetListGroupTest","Surefire test","testcases.backoffice.group.GetListGroupTest","getListGroup"
"Create Manage Settlement BO Dengan groupName Kosong","4410","addManageSettlementWithEmptyGroupName","Surefire suite","Sat Oct 03 06:46:44 UTC 2026","passed","Sat Oct 03 06:46:48 UTC 2026","testcases.backoffice.settlement.AddManageSettlementTest","Surefire test","testcases.backoffice.settlement.AddManageSettlementTest","addManageSettlementWithEmptyGroupName"
"Delete Google Authenticator Dengan id Berisi Spasi","4722","deleteOtpGoogleWithWhitespaceId","Surefire suite","Sat Oct 03 06:35:27 UTC 2026","passed","Sat Oct 03 06:35:31 UTC 2026","testcases.backoffice.googleauth.DeleteOtpGoogleTest","Surefire test","testcases.backoffice.googleauth.DeleteOtpGoogleTest","deleteOtpGoogleWithWhitespaceId"
"Inquiry Favorite Account Dengan Body Berupa Literal null","1461","inquiryFavoriteAccountWithNullLiteralBody","Surefire suite","Sat Oct 03 07:10:37 UTC 2026","passed","Sat Oct 03 07:10:39 UTC 2026","testcases.settings.favoriteaccount.InquiryFavoriteAccountTest","Surefire test","testcases.settings.favoriteaccount.InquiryFavoriteAccountTest","inquiryFavoriteAccountWithNullLiteralBody"
"Delete Google Authenticator Menggunakan Login CS Admin","4489","deleteOtpGoogleWithCSAdminLogin","Surefire suite","Sat Oct 03 06:33:21 UTC 2026","passed","Sat Oct 03 06:33:26 UTC 2026","testcases.backoffice.googleauth.DeleteOtpGoogleTest","Surefire test","testcases.backoffice.googleauth.DeleteOtpGoogleTest","deleteOtpGoogleWithCSAdminLogin"
"Generate QR Success with Fee Admin","4519","generateQRBalanceFeeAdmin","Surefire suite","Sat Oct 03 06:31:34 UTC 2026","broken","Sat Oct 03 06:31:39 UTC 2026","testcases.QR.GenerateQRPaidTest","Surefire test","testcases.QR.GenerateQRPaidTest","generateQRBalanceFeeAdmin"
"Refund Summary Dengan Token Kadaluarsa","1461","getRefundWithExpiredToken","Surefire suite","Sat Oct 03 07:12:18 UTC 2026","passed","Sat Oct 03 07:12:19 UTC 2026","testcases.backoffice.refund.GetRefundTest","Surefire test","testcases.backoffice.refund.GetRefundTest","getRefundWithExpiredToken"
"Mutasi Manual Transfer Balance CS","31456","mutasiManualTransferBalanceSupervisorCS","Surefire suite","Sat Oct 03 08:28:03 UTC 2026","passed","Sat Oct 03 08:28:35 UTC 2026","testcases.mutasi.MutasiTransferTest","Surefire test","testcases.mutasi.MutasiTransferTest","mutasiManualTransferBalanceSupervisorCS"
"Refund Summary Menggunakan Login Admin","4487","getRefundWithAdminLogin","Surefire suite","Sat Oct 03 07:11:30 UTC 2026","passed","Sat Oct 03 07:11:35 UTC 2026","testcases.backoffice.refund.GetRefundTest","Surefire test","testcases.backoffice.refund.GetRefundTest","getRefundWithAdminLogin"
"Add Currency CS Admin Path Dengan rate Nol","1449","addCurrencyWithZeroRate","Surefire suite","Sat Oct 03 08:02:47 UTC 2026","passed","Sat Oct 03 08:02:49 UTC 2026","testcases.backoffice.currency.AddCurrencyTest","Surefire test","testcases.backoffice.currency.AddCurrencyTest","addCurrencyWithZeroRate"
"Inquiry Favorite Account Dengan beneficiaryAccountNo Tidak Pernah Ada","1595","inquiryFavoriteAccountWithNonExistentBeneficiaryAccountNo","Surefire suite","Sat Oct 03 07:10:33 UTC 2026","passed","Sat Oct 03 07:10:34 UTC 2026","testcases.settings.favoriteaccount.InquiryFavoriteAccountTest","Surefire test","testcases.settings.favoriteaccount.InquiryFavoriteAccountTest","inquiryFavoriteAccountWithNonExistentBeneficiaryAccountNo"
"Delete Favorite Account Dengan Header credentialId Salah","41366","deleteFavoriteAccountWithWrongCredentialIdHeader","Surefire suite","Sat Oct 03 06:36:03 UTC 2026","failed","Sat Oct 03 06:36:45 UTC 2026","testcases.settings.favoriteaccount.DeleteFavoriteAccountTest","Surefire test","testcases.settings.favoriteaccount.DeleteFavoriteAccountTest","deleteFavoriteAccountWithWrongCredentialIdHeader"
"Transfer Success with before and after Balanced","9954","transferBalance","Surefire suite","Sat Oct 03 06:44:48 UTC 2026","passed","Sat Oct 03 06:44:58 UTC 2026","testcases.transfer.TransferTest","Surefire test","testcases.transfer.TransferTest","transferBalance"
"","7008","listSettlement","Surefire suite","Sat Oct 03 07:07:14 UTC 2026","passed","Sat Oct 03 07:07:21 UTC 2026","testcases.backoffice.ListTransferTest","Surefire test","testcases.backoffice.ListTransferTest","listSettlement"
"Add Group Backoffice Dengan Body Kosong ({})","1470","addGroupWithEmptyBody","Surefire suite","Sat Oct 03 07:00:47 UTC 2026","passed","Sat Oct 03 07:00:49 UTC 2026","testcases.backoffice.group.AddGroupTest","Surefire test","testcases.backoffice.group.AddGroupTest","addGroupWithEmptyBody"
"Add Group Backoffice Dengan name Sangat Panjang","1453","addGroupWithVeryLongName","Surefire suite","Sat Oct 03 07:02:39 UTC 2026","passed","Sat Oct 03 07:02:41 UTC 2026","testcases.backoffice.group.AddGroupTest","Surefire test","testcases.backoffice.group.AddGroupTest","addGroupWithVeryLongName"
"Get Dashboard Backoffice Menggunakan Login Marketing","4532","getDashboardWithMarketingLogin","Surefire suite","Sat Oct 03 06:36:59 UTC 2026","passed","Sat Oct 03 06:37:03 UTC 2026","testcases.backoffice.GetDashboardTest","Surefire test","testcases.backoffice.GetDashboardTest","getDashboardWithMarketingLogin"
"Get Detail Waiting Company Backoffice Dengan Id yang Tidak Ada","4480","getDetailWaitingCompanyWithNonExistentId","Surefire suite","Sat Oct 03 06:31:46 UTC 2026","passed","Sat Oct 03 06:31:51 UTC 2026","testcases.backoffice.GetDetailWaitingCompanyTest","Surefire test","testcases.backoffice.GetDetailWaitingCompanyTest","getDetailWaitingCompanyWithNonExistentId"
"Add Group Backoffice Dengan Nama yang Sudah Ada Sejak Test Lama (""testzulma1"")","1462","addGroupWithLegacyDuplicateName","Surefire suite","Sat Oct 03 07:01:23 UTC 2026","passed","Sat Oct 03 07:01:24 UTC 2026","testcases.backoffice.group.AddGroupTest","Surefire test","testcases.backoffice.group.AddGroupTest","addGroupWithLegacyDuplicateName"
"Reset Pin Admin Crypto","4803","resetPinAdminCrypto","Surefire suite","Sat Oct 03 06:34:21 UTC 2026","passed","Sat Oct 03 06:34:26 UTC 2026","testcases.settings.ResetPinTest","Surefire test","testcases.settings.ResetPinTest","resetPinAdminCrypto"
"Create Manage Settlement BO Dengan Token Kadaluarsa","1453","addManageSettlementWithExpiredToken","Surefire suite","Sat Oct 03 06:46:51 UTC 2026","passed","Sat Oct 03 06:46:53 UTC 2026","testcases.backoffice.settlement.AddManageSettlementTest","Surefire test","testcases.backoffice.settlement.AddManageSettlementTest","addManageSettlementWithExpiredToken"
"Get List Favorite Account Ke Path yang Tidak Ada (Typo)","1879","getListFavoriteAccountWithWrongPath","Surefire suite","Sat Oct 03 08:45:10 UTC 2026","passed","Sat Oct 03 08:45:11 UTC 2026","testcases.settings.favoriteaccount.GetListFavoriteAccountTest","Surefire test","testcases.settings.favoriteaccount.GetListFavoriteAccountTest","getListFavoriteAccountWithWrongPath"
"Normal Manual Transfer Balance Success","9916","manualTransferBalanceAdminCrypto","Surefire suite","Sat Oct 03 06:32:20 UTC 2026","passed","Sat Oct 03 06:32:29 UTC 2026","testcases.transfer.ManualTransferTest","Surefire test","testcases.transfer.ManualTransferTest","manualTransferBalanceAdminCrypto"
"Get Dashboard Backoffice Dengan Token Tidak Valid","1399","getDashboardWithInvalidToken","Surefire suite","Sat Oct 03 06:36:54 UTC 2026","passed","Sat Oct 03 06:36:56 UTC 2026","testcases.backoffice.GetDashboardTest","Surefire test","testcases.backoffice.GetDashboardTest","getDashboardWithInvalidToken"
"Get Dashboard Backoffice Menggunakan Login CS Admin","4446","getDashboardWithCSAdminLogin","Surefire suite","Sat Oct 03 06:36:39 UTC 2026","passed","Sat Oct 03 06:36:44 UTC 2026","testcases.backoffice.GetDashboardTest","Surefire test","testcases.backoffice.GetDashboardTest","getDashboardWithCSAdminLogin"
"Delete Google Authenticator Menggunakan Login Marketing","4529","deleteOtpGoogleWithMarketingLogin","Surefire suite","Sat Oct 03 06:34:19 UTC 2026","passed","Sat Oct 03 06:34:24 UTC 2026","testcases.backoffice.googleauth.DeleteOtpGoogleTest","Surefire test","testcases.backoffice.googleauth.DeleteOtpGoogleTest","deleteOtpGoogleWithMarketingLogin"
"Delete Google Authenticator Menggunakan Login Merchant","4470","deleteOtpGoogleWithMerchantLogin","Surefire suite","Sat Oct 03 06:34:27 UTC 2026","passed","Sat Oct 03 06:34:31 UTC 2026","testcases.backoffice.googleauth.DeleteOtpGoogleTest","Surefire test","testcases.backoffice.googleauth.DeleteOtpGoogleTest","deleteOtpGoogleWithMerchantLogin"
"Delete Favorite Account Dengan Body Kosong ({})","1510","deleteFavoriteAccountWithEmptyBody","Surefire suite","Sat Oct 03 06:33:15 UTC 2026","passed","Sat Oct 03 06:33:17 UTC 2026","testcases.settings.favoriteaccount.DeleteFavoriteAccountTest","Surefire test","testcases.settings.favoriteaccount.DeleteFavoriteAccountTest","deleteFavoriteAccountWithEmptyBody"
"Delete Group Ke Path yang Tidak Ada (Typo)","1486","deleteGroupWithWrongPath","Surefire suite","Sat Oct 03 06:59:04 UTC 2026","passed","Sat Oct 03 06:59:05 UTC 2026","testcases.backoffice.group.DeleteGroupTest","Surefire test","testcases.backoffice.group.DeleteGroupTest","deleteGroupWithWrongPath"
"Inquiry Test Flop Transfer Admin Crypto","5659","inquiryFlopTransferAdminCrypto","Surefire suite","Sat Oct 03 06:31:53 UTC 2026","passed","Sat Oct 03 06:31:59 UTC 2026","testcases.transfer.InquiryFlopTransferTest","Surefire test","testcases.transfer.InquiryFlopTransferTest","inquiryFlopTransferAdminCrypto"
"List Refund Menggunakan Login Admin Biasa","8115","listRefundAdmin","Surefire suite","Sat Oct 03 08:06:34 UTC 2026","passed","Sat Oct 03 08:06:42 UTC 2026","testcases.backoffice.ListRefundTest","Surefire test","testcases.backoffice.ListRefundTest","listRefundAdmin"
"Delete Google Authenticator Tanpa Login/Header Auth","1432","deleteOtpGoogleWithoutAuth","Surefire suite","Sat Oct 03 06:35:50 UTC 2026","passed","Sat Oct 03 06:35:51 UTC 2026","testcases.backoffice.googleauth.DeleteOtpGoogleTest","Surefire test","testcases.backoffice.googleauth.DeleteOtpGoogleTest","deleteOtpGoogleWithoutAuth"
"Success Login CS Admin","3314","testLoginCSAdmin","Surefire suite","Sat Oct 03 06:32:00 UTC 2026","passed","Sat Oct 03 06:32:03 UTC 2026","testcases.auth.LoginTest","Surefire test","testcases.auth.LoginTest","testLoginCSAdmin"
"Normal Transfer USDT Balance Success","9808","transferBalance","Surefire suite","Sat Oct 03 06:41:04 UTC 2026","passed","Sat Oct 03 06:41:14 UTC 2026","testcases.transfer.TransferUSDTTest","Surefire test","testcases.transfer.TransferUSDTTest","transferBalance"
"List Manage Settlement Backoffice Dengan Token Backoffice Valid Tapi Tanpa Header pbyv","4339","listManageSettlementWithoutPbyvHeader","Surefire suite","Sat Oct 03 07:17:35 UTC 2026","passed","Sat Oct 03 07:17:39 UTC 2026","testcases.backoffice.settlement.ManageSettlementTest","Surefire test","testcases.backoffice.settlement.ManageSettlementTest","listManageSettlementWithoutPbyvHeader"
"List Refund Menggunakan Login Customer Service","4600","listRefundWithCSLogin","Surefire suite","Sat Oct 03 08:07:23 UTC 2026","passed","Sat Oct 03 08:07:28 UTC 2026","testcases.backoffice.ListRefundTest","Surefire test","testcases.backoffice.ListRefundTest","listRefundWithCSLogin"
"Delete Group Backoffice Dengan name String Kosong","1454","deleteGroupWithEmptyName","Surefire suite","Sat Oct 03 06:57:12 UTC 2026","passed","Sat Oct 03 06:57:13 UTC 2026","testcases.backoffice.group.DeleteGroupTest","Surefire test","testcases.backoffice.group.DeleteGroupTest","deleteGroupWithEmptyName"
"Get History USDT Transfer Supervisor on Login CS Admin","11077","historyUSDTTransferSupervisorTestCSAdmin","Surefire suite","Sat Oct 03 08:19:52 UTC 2026","passed","Sat Oct 03 08:20:03 UTC 2026","testcases.history.HistoryTransferTest","Surefire test","testcases.history.HistoryTransferTest","historyUSDTTransferSupervisorTestCSAdmin"
"Get List Google Authenticator Tanpa Login/Header Auth","1409","listOtpGoogleWithoutAuth","Surefire suite","Sat Oct 03 07:10:56 UTC 2026","passed","Sat Oct 03 07:10:57 UTC 2026","testcases.backoffice.googleauth.ListOtpGoogleTest","Surefire test","testcases.backoffice.googleauth.ListOtpGoogleTest","listOtpGoogleWithoutAuth"
"Delete session Merchant on Backoffice","4436","deleteSessionBackoffice","Surefire suite","Sat Oct 03 06:36:02 UTC 2026","passed","Sat Oct 03 06:36:06 UTC 2026","testcases.backoffice.users.EditUserTest","Surefire test","testcases.backoffice.users.EditUserTest","deleteSessionBackoffice"
"Success Login Supervisor With Captcha","3270","testLoginSupervisor","Surefire suite","Sat Oct 03 06:30:55 UTC 2026","passed","Sat Oct 03 06:30:58 UTC 2026","testcases.auth.LoginTest","Surefire test","testcases.auth.LoginTest","testLoginSupervisor"
"Get Detail Waiting Company Backoffice Menggunakan HTTP Method DELETE","4457","getDetailWaitingCompanyWithDeleteMethod","Surefire suite","Sat Oct 03 06:30:47 UTC 2026","passed","Sat Oct 03 06:30:52 UTC 2026","testcases.backoffice.GetDetailWaitingCompanyTest","Surefire test","testcases.backoffice.GetDetailWaitingCompanyTest","getDetailWaitingCompanyWithDeleteMethod"
"Delete Favorite Account Tanpa Login/Header Auth","1412","deleteFavoriteAccountWithoutAuth","Surefire suite","Sat Oct 03 06:38:17 UTC 2026","passed","Sat Oct 03 06:38:18 UTC 2026","testcases.settings.favoriteaccount.DeleteFavoriteAccountTest","Surefire test","testcases.settings.favoriteaccount.DeleteFavoriteAccountTest","deleteFavoriteAccountWithoutAuth"
"Delete Manage Settlement BO Dengan Token Kadaluarsa","1438","deleteManageSettlementWithExpiredToken","Surefire suite","Sat Oct 03 06:42:57 UTC 2026","passed","Sat Oct 03 06:42:59 UTC 2026","testcases.backoffice.settlement.DeleteManageSettlementTest","Surefire test","testcases.backoffice.settlement.DeleteManageSettlementTest","deleteManageSettlementWithExpiredToken"
"Delete Group Backoffice Dengan Format id Tidak Valid (Bukan ObjectId)","1490","deleteGroupWithInvalidIdFormat","Surefire suite","Sat Oct 03 06:57:30 UTC 2026","passed","Sat Oct 03 06:57:31 UTC 2026","testcases.backoffice.group.DeleteGroupTest","Surefire test","testcases.backoffice.group.DeleteGroupTest","deleteGroupWithInvalidIdFormat"
"List Refund Menggunakan Login Admin Crypto","4748","listRefundAdminCrypto","Surefire suite","Sat Oct 03 08:06:45 UTC 2026","passed","Sat Oct 03 08:06:50 UTC 2026","testcases.backoffice.ListRefundTest","Surefire test","testcases.backoffice.ListRefundTest","listRefundAdminCrypto"
"Get Notification Sender Dengan Body Berupa JSON Array ([])","4489","getNotificationSenderWithArrayBody","Surefire suite","Sat Oct 03 07:09:32 UTC 2026","passed","Sat Oct 03 07:09:36 UTC 2026","testcases.backoffice.notifsender.NotificationSenderTest","Surefire test","testcases.backoffice.notifsender.NotificationSenderTest","getNotificationSenderWithArrayBody"
"Get List Favorite Account Tanpa Login/Header Auth","1437","getListFavoriteAccountWithoutAuth","Surefire suite","Sat Oct 03 08:45:19 UTC 2026","passed","Sat Oct 03 08:45:20 UTC 2026","testcases.settings.favoriteaccount.GetListFavoriteAccountTest","Surefire test","testcases.settings.favoriteaccount.GetListFavoriteAccountTest","getListFavoriteAccountWithoutAuth"
"Check Status QR Menggunakan HTTP Method PATCH","1502","checkStatusQRWithPatchMethod","Surefire suite","Sat Oct 03 07:17:13 UTC 2026","failed","Sat Oct 03 07:17:14 UTC 2026","testcases.QR.CheckStatusQRTest","Surefire test","testcases.QR.CheckStatusQRTest","checkStatusQRWithPatchMethod"
"Get History Manual Transfer Test Admin","11343","historyManualTransferTestAdmin","Surefire suite","Sat Oct 03 08:15:06 UTC 2026","passed","Sat Oct 03 08:15:18 UTC 2026","testcases.history.HistoryTransferTest","Surefire test","testcases.history.HistoryTransferTest","historyManualTransferTestAdmin"
"Get History Special Transfer Supervisor on Login CS Admin","11163","historySpecialTransferSupervisorTestCSAdmin","Surefire suite","Sat Oct 03 08:16:35 UTC 2026","passed","Sat Oct 03 08:16:46 UTC 2026","testcases.history.HistoryTransferTest","Surefire test","testcases.history.HistoryTransferTest","historySpecialTransferSupervisorTestCSAdmin"
"Normal Flop Transfer Balance Success","11092","flopTransferBalance","Surefire suite","Sat Oct 03 06:48:24 UTC 2026","passed","Sat Oct 03 06:48:35 UTC 2026","testcases.transfer.TransferFlopTest","Surefire test","testcases.transfer.TransferFlopTest","flopTransferBalance"
"Get List Google Authenticator Dengan Page/Size Negatif","4559","listOtpGoogleWithNegativePageSize","Surefire suite","Sat Oct 03 07:09:48 UTC 2026","passed","Sat Oct 03 07:09:52 UTC 2026","testcases.backoffice.googleauth.ListOtpGoogleTest","Surefire test","testcases.backoffice.googleauth.ListOtpGoogleTest","listOtpGoogleWithNegativePageSize"
"Delete Group Backoffice Menggunakan Login Marketing","4510","deleteGroupWithMarketingLogin","Surefire suite","Sat Oct 03 06:57:47 UTC 2026","passed","Sat Oct 03 06:57:52 UTC 2026","testcases.backoffice.group.DeleteGroupTest","Surefire test","testcases.backoffice.group.DeleteGroupTest","deleteGroupWithMarketingLogin"
"Created Favorite Account Dengan Body Kosong ({})","1537","createdFavoriteAccountWithEmptyBody","Surefire suite","Sat Oct 03 07:08:02 UTC 2026","passed","Sat Oct 03 07:08:03 UTC 2026","testcases.settings.favoriteaccount.CreatedFavoriteAccountTest","Surefire test","testcases.settings.favoriteaccount.CreatedFavoriteAccountTest","createdFavoriteAccountWithEmptyBody"
"Generate QR Code Failed Merchant","4611","generateQRCodeFailed","Surefire suite","Sat Oct 03 07:18:31 UTC 2026","passed","Sat Oct 03 07:18:36 UTC 2026","testcases.QR.GenerateQRTest","Surefire test","testcases.QR.GenerateQRTest","generateQRCodeFailed"
"List Currency USDT Menggunakan Login CS Admin","4538","getCurrencyWithCSAdminLogin","Surefire suite","Sat Oct 03 07:03:54 UTC 2026","passed","Sat Oct 03 07:03:59 UTC 2026","testcases.backoffice.currency.GetCurrencyTest","Surefire test","testcases.backoffice.currency.GetCurrencyTest","getCurrencyWithCSAdminLogin"
"Request Refund Manual Transfer Merchant","4619","refundManualTransferMerchant","Surefire suite","Sat Oct 03 07:15:40 UTC 2026","passed","Sat Oct 03 07:15:45 UTC 2026","testcases.transfer.RefundTransferTest","Surefire test","testcases.transfer.RefundTransferTest","refundManualTransferMerchant"
"Add Group Backoffice Dengan Token Kadaluarsa","1413","addGroupWithExpiredToken","Surefire suite","Sat Oct 03 07:00:56 UTC 2026","passed","Sat Oct 03 07:00:57 UTC 2026","testcases.backoffice.group.AddGroupTest","Surefire test","testcases.backoffice.group.AddGroupTest","addGroupWithExpiredToken"
"List Currency USDT Menggunakan HTTP Method GET","1461","getCurrencyWithGetMethod","Surefire suite","Sat Oct 03 07:04:24 UTC 2026","passed","Sat Oct 03 07:04:25 UTC 2026","testcases.backoffice.currency.GetCurrencyTest","Surefire test","testcases.backoffice.currency.GetCurrencyTest","getCurrencyWithGetMethod"
"Login Merchant dengan Captcha Salah","2849","testLoginWrongCaptcha","Surefire suite","Sat Oct 03 06:31:23 UTC 2026","passed","Sat Oct 03 06:31:26 UTC 2026","testcases.auth.LoginTest","Surefire test","testcases.auth.LoginTest","testLoginWrongCaptcha"
"Delete Favorite Account Tanpa Field pin","41312","deleteFavoriteAccountWithoutPinField","Surefire suite","Sat Oct 03 06:39:54 UTC 2026","failed","Sat Oct 03 06:40:35 UTC 2026","testcases.settings.favoriteaccount.DeleteFavoriteAccountTest","Surefire test","testcases.settings.favoriteaccount.DeleteFavoriteAccountTest","deleteFavoriteAccountWithoutPinField"
"Normal Manual Transfer Success","10672","transfer","Surefire suite","Sat Oct 03 07:11:57 UTC 2026","passed","Sat Oct 03 07:12:08 UTC 2026","testcases.transfer.ManualTransferTest","Surefire test","testcases.transfer.ManualTransferTest","transfer"
"Get Notification Sender Menggunakan Login Marketing","4445","getNotificationSenderWithMarketingLogin","Surefire suite","Sat Oct 03 07:11:34 UTC 2026","passed","Sat Oct 03 07:11:38 UTC 2026","testcases.backoffice.notifsender.NotificationSenderTest","Surefire test","testcases.backoffice.notifsender.NotificationSenderTest","getNotificationSenderWithMarketingLogin"
"Test Approved USDT Supervisor Tanpa URL","58751","approvedUSDTSupervisorWithoutURL","Surefire suite","Sat Oct 03 07:50:23 UTC 2026","passed","Sat Oct 03 07:51:22 UTC 2026","testcases.backoffice.ApprovalTransferTest","Surefire test","testcases.backoffice.ApprovalTransferTest","approvedUSDTSupervisorWithoutURL"
"Delete Favorite Account Dengan Token Valid Tapi Tanpa Header credentialId","41430","deleteFavoriteAccountWithoutCredentialIdHeader","Surefire suite","Sat Oct 03 06:38:25 UTC 2026","failed","Sat Oct 03 06:39:07 UTC 2026","testcases.settings.favoriteaccount.DeleteFavoriteAccountTest","Surefire test","testcases.settings.favoriteaccount.DeleteFavoriteAccountTest","deleteFavoriteAccountWithoutCredentialIdHeader"
"Login Merchant tanpa Parameter Password","2952","testLoginMissingPasswordParam","Surefire suite","Sat Oct 03 06:30:40 UTC 2026","passed","Sat Oct 03 06:30:43 UTC 2026","testcases.auth.LoginTest","Surefire test","testcases.auth.LoginTest","testLoginMissingPasswordParam"
"Get Balance Merchant with Login Admin","4603","getFailedBalanceMerchantLoginAdmin","Surefire suite","Sat Oct 03 06:30:47 UTC 2026","passed","Sat Oct 03 06:30:52 UTC 2026","testcases.balance.GetBalanceQrisTest","Surefire test","testcases.balance.GetBalanceQrisTest","getFailedBalanceMerchantLoginAdmin"
"List Manage Settlement Backoffice Dengan Karakter SQL Injection pada Field Param","4386","listManageSettlementWithSqlInjectionParam","Surefire suite","Sat Oct 03 07:16:38 UTC 2026","passed","Sat Oct 03 07:16:42 UTC 2026","testcases.backoffice.settlement.ManageSettlementTest","Surefire test","testcases.backoffice.settlement.ManageSettlementTest","listManageSettlementWithSqlInjectionParam"
"Mutasi USDT Transfer Balance","31075","mutasiUSDTTransferBalance","Surefire suite","Sat Oct 03 08:36:06 UTC 2026","passed","Sat Oct 03 08:36:37 UTC 2026","testcases.mutasi.MutasiTransferTest","Surefire test","testcases.mutasi.MutasiTransferTest","mutasiUSDTTransferBalance"
"Get List Favorite Account Merchant","8142","getListFavoriteAccount","Surefire suite","Sat Oct 03 08:43:13 UTC 2026","passed","Sat Oct 03 08:43:22 UTC 2026","testcases.settings.favoriteaccount.GetListFavoriteAccountTest","Surefire test","testcases.settings.favoriteaccount.GetListFavoriteAccountTest","getListFavoriteAccount"
"Get Group Detail Backoffice","4451","getGroupDetail","Surefire suite","Sat Oct 03 06:49:53 UTC 2026","passed","Sat Oct 03 06:49:57 UTC 2026","testcases.backoffice.group.GetGroupTest","Surefire test","testcases.backoffice.group.GetGroupTest","getGroupDetail"
"List Company Backoffice Menggunakan HTTP Method GET","4463","listCompanyWithGetMethod","Surefire suite","Sat Oct 03 07:20:24 UTC 2026","passed","Sat Oct 03 07:20:28 UTC 2026","testcases.backoffice.ListCompanyTest","Surefire test","testcases.backoffice.ListCompanyTest","listCompanyWithGetMethod"
"Get Detail Waiting Company Backoffice Menggunakan HTTP Method POST","4491","getDetailWaitingCompanyWithPostMethod","Surefire suite","Sat Oct 03 06:32:09 UTC 2026","passed","Sat Oct 03 06:32:14 UTC 2026","testcases.backoffice.GetDetailWaitingCompanyTest","Surefire test","testcases.backoffice.GetDetailWaitingCompanyTest","getDetailWaitingCompanyWithPostMethod"
"Get Group Detail Backoffice Menggunakan Login Admin Crypto","4521","getGroupDetailWithAdminCryptoLogin","Surefire suite","Sat Oct 03 06:50:00 UTC 2026","passed","Sat Oct 03 06:50:05 UTC 2026","testcases.backoffice.group.GetGroupTest","Surefire test","testcases.backoffice.group.GetGroupTest","getGroupDetailWithAdminCryptoLogin"
"Delete Google Authenticator Menggunakan Login Admin","4475","deleteOtpGoogleWithAdminLogin","Surefire suite","Sat Oct 03 06:33:14 UTC 2026","passed","Sat Oct 03 06:33:18 UTC 2026","testcases.backoffice.googleauth.DeleteOtpGoogleTest","Surefire test","testcases.backoffice.googleauth.DeleteOtpGoogleTest","deleteOtpGoogleWithAdminLogin"
"Get History QR Admin","9453","historyQRTestAdmin","Surefire suite","Sat Oct 03 07:24:33 UTC 2026","passed","Sat Oct 03 07:24:43 UTC 2026","testcases.history.HistoryQRTest","Surefire test","testcases.history.HistoryQRTest","historyQRTestAdmin"
"Resend Google Authenticator Menggunakan Login Merchant","4435","resendOtpGoogleWithMerchantLogin","Surefire suite","Sat Oct 03 07:19:32 UTC 2026","passed","Sat Oct 03 07:19:37 UTC 2026","testcases.backoffice.googleauth.ResendOtpGoogleTest","Surefire test","testcases.backoffice.googleauth.ResendOtpGoogleTest","resendOtpGoogleWithMerchantLogin"
"Mutasi Transfer Supervisor Balance CS","12714","mutasiTransferSupervisorBalanceCS","Surefire suite","Sat Oct 03 08:35:06 UTC 2026","passed","Sat Oct 03 08:35:19 UTC 2026","testcases.mutasi.MutasiTransferTest","Surefire test","testcases.mutasi.MutasiTransferTest","mutasiTransferSupervisorBalanceCS"
"List Company Backoffice Tanpa Login/Header Auth","1409","listCompanyWithoutAuth","Surefire suite","Sat Oct 03 07:21:57 UTC 2026","passed","Sat Oct 03 07:21:58 UTC 2026","testcases.backoffice.ListCompanyTest","Surefire test","testcases.backoffice.ListCompanyTest","listCompanyWithoutAuth"
"Get List Group Backoffice Menggunakan HTTP Method PATCH","1414","getListGroupWithPatchMethod","Surefire suite","Sat Oct 03 06:54:35 UTC 2026","passed","Sat Oct 03 06:54:37 UTC 2026","testcases.backoffice.group.GetListGroupTest","Surefire test","testcases.backoffice.group.GetListGroupTest","getListGroupWithPatchMethod"
"Created Favorite Account Dengan pin String Kosong","1687","createdFavoriteAccountWithEmptyPin","Surefire suite","Sat Oct 03 07:08:06 UTC 2026","passed","Sat Oct 03 07:08:08 UTC 2026","testcases.settings.favoriteaccount.CreatedFavoriteAccountTest","Surefire test","testcases.settings.favoriteaccount.CreatedFavoriteAccountTest","createdFavoriteAccountWithEmptyPin"
"Create Manage Settlement BO Dengan companyList Kosong ([])","4511","addManageSettlementWithEmptyCompanyList","Surefire suite","Sat Oct 03 06:46:36 UTC 2026","passed","Sat Oct 03 06:46:41 UTC 2026","testcases.backoffice.settlement.AddManageSettlementTest","Surefire test","testcases.backoffice.settlement.AddManageSettlementTest","addManageSettlementWithEmptyCompanyList"
"Inquiry Favorite Account Tanpa Login/Header Auth","1482","inquiryFavoriteAccountWithoutAuth","Surefire suite","Sat Oct 03 07:11:18 UTC 2026","passed","Sat Oct 03 07:11:20 UTC 2026","testcases.settings.favoriteaccount.InquiryFavoriteAccountTest","Surefire test","testcases.settings.favoriteaccount.InquiryFavoriteAccountTest","inquiryFavoriteAccountWithoutAuth"
"List Manage Settlement Backoffice Menggunakan HTTP Method PATCH","4345","listManageSettlementWithPatchMethod","Surefire suite","Sat Oct 03 07:16:23 UTC 2026","passed","Sat Oct 03 07:16:27 UTC 2026","testcases.backoffice.settlement.ManageSettlementTest","Surefire test","testcases.backoffice.settlement.ManageSettlementTest","listManageSettlementWithPatchMethod"
"Resend Google Authenticator Dengan Header Authorization Tanpa Skema Bearer","1464","resendOtpGoogleWithMalformedAuthorizationHeader","Surefire suite","Sat Oct 03 07:19:06 UTC 2026","passed","Sat Oct 03 07:19:07 UTC 2026","testcases.backoffice.googleauth.ResendOtpGoogleTest","Surefire test","testcases.backoffice.googleauth.ResendOtpGoogleTest","resendOtpGoogleWithMalformedAuthorizationHeader"
"Get History Manual Transfer Supervisor on Login CS Admin","11207","historyManualTransferSupervisorTestCSAdmin","Surefire suite","Sat Oct 03 08:14:41 UTC 2026","passed","Sat Oct 03 08:14:52 UTC 2026","testcases.history.HistoryTransferTest","Surefire test","testcases.history.HistoryTransferTest","historyManualTransferSupervisorTestCSAdmin"
"Get List Group Company BO Dengan groupName Berbeda Kapitalisasi","4372","getListGroupCompanyWithDifferentCaseGroupName","Surefire suite","Sat Oct 03 06:39:21 UTC 2026","passed","Sat Oct 03 06:39:25 UTC 2026","testcases.backoffice.settlement.GetListGroupCompanyTest","Surefire test","testcases.backoffice.settlement.GetListGroupCompanyTest","getListGroupCompanyWithDifferentCaseGroupName"
"Get Balance Merchant with Login Supervisor","7971","getBalanceMerchantLoginSupervisor","Surefire suite","Sat Oct 03 06:30:28 UTC 2026","passed","Sat Oct 03 06:30:36 UTC 2026","testcases.balance.GetBalanceQrisTest","Surefire test","testcases.balance.GetBalanceQrisTest","getBalanceMerchantLoginSupervisor"
"Delete Favorite Account Menggunakan HTTP Method DELETE","1467","deleteFavoriteAccountWithDeleteMethod","Surefire suite","Sat Oct 03 06:33:11 UTC 2026","passed","Sat Oct 03 06:33:12 UTC 2026","testcases.settings.favoriteaccount.DeleteFavoriteAccountTest","Surefire test","testcases.settings.favoriteaccount.DeleteFavoriteAccountTest","deleteFavoriteAccountWithDeleteMethod"
"Add Currency CS Admin Path Dengan rate Berupa JSON Array","1597","addCurrencyWithArrayRate","Surefire suite","Sat Oct 03 08:00:11 UTC 2026","passed","Sat Oct 03 08:00:13 UTC 2026","testcases.backoffice.currency.AddCurrencyTest","Surefire test","testcases.backoffice.currency.AddCurrencyTest","addCurrencyWithArrayRate"
"Test Get Report Transaction Group","4511","getReportTransactionAdmin","Surefire suite","Sat Oct 03 06:31:49 UTC 2026","passed","Sat Oct 03 06:31:54 UTC 2026","testcases.report.ReportTransactionTest","Surefire test","testcases.report.ReportTransactionTest","getReportTransactionAdmin"
"Inquiry Favorite Account Dengan Header companyId Salah","1428","inquiryFavoriteAccountWithWrongCompanyIdHeader","Surefire suite","Sat Oct 03 07:11:00 UTC 2026","passed","Sat Oct 03 07:11:01 UTC 2026","testcases.settings.favoriteaccount.InquiryFavoriteAccountTest","Surefire test","testcases.settings.favoriteaccount.InquiryFavoriteAccountTest","inquiryFavoriteAccountWithWrongCompanyIdHeader"
"Get Detail User Backoffice Dengan Format User Id Tidak Valid (Bukan ObjectId)","4457","getUsersWithMalformedId","Surefire suite","Sat Oct 03 07:15:05 UTC 2026","passed","Sat Oct 03 07:15:10 UTC 2026","testcases.backoffice.users.ListUsersTest","Surefire test","testcases.backoffice.users.ListUsersTest","getUsersWithMalformedId"
"Get Detail Waiting Company Backoffice Menggunakan HTTP Method PUT","4508","getDetailWaitingCompanyWithPutMethod","Surefire suite","Sat Oct 03 06:32:17 UTC 2026","passed","Sat Oct 03 06:32:21 UTC 2026","testcases.backoffice.GetDetailWaitingCompanyTest","Surefire test","testcases.backoffice.GetDetailWaitingCompanyTest","getDetailWaitingCompanyWithPutMethod"
"List Company Backoffice","4472","getListCompany","Surefire suite","Sat Oct 03 07:19:46 UTC 2026","passed","Sat Oct 03 07:19:51 UTC 2026","testcases.backoffice.ListCompanyTest","Surefire test","testcases.backoffice.ListCompanyTest","getListCompany"
"Normal Special Transfer Success Admin Crypto","6717","specialTransferAdminCrypto","Surefire suite","Sat Oct 03 06:33:43 UTC 2026","passed","Sat Oct 03 06:33:49 UTC 2026","testcases.transfer.SpecialTransferTest","Surefire test","testcases.transfer.SpecialTransferTest","specialTransferAdminCrypto"
"List Manage Settlement Backoffice Menggunakan Login Marketing","4438","listManageSettlementWithMarketingLogin","Surefire suite","Sat Oct 03 07:15:53 UTC 2026","passed","Sat Oct 03 07:15:58 UTC 2026","testcases.backoffice.settlement.ManageSettlementTest","Surefire test","testcases.backoffice.settlement.ManageSettlementTest","listManageSettlementWithMarketingLogin"
"Delete Favorite Account Supervisor","6242","deleteFavoriteAccountSupervisor","Surefire suite","Sat Oct 03 07:41:47 UTC 2026","passed","Sat Oct 03 07:41:53 UTC 2026","testcases.settings.favoriteaccount.DeleteFavoriteAccountTest","Surefire test","testcases.settings.favoriteaccount.DeleteFavoriteAccountTest","deleteFavoriteAccountSupervisor"
"List Manage Settlement Backoffice Menggunakan Login Customer Service","4463","listManageSettlementWithCSLogin","Surefire suite","Sat Oct 03 07:14:33 UTC 2026","passed","Sat Oct 03 07:14:37 UTC 2026","testcases.backoffice.settlement.ManageSettlementTest","Surefire test","testcases.backoffice.settlement.ManageSettlementTest","listManageSettlementWithCSLogin"
"Normal Transfer USDT Success","6550","transfer","Surefire suite","Sat Oct 03 06:40:54 UTC 2026","passed","Sat Oct 03 06:41:01 UTC 2026","testcases.transfer.TransferUSDTTest","Surefire test","testcases.transfer.TransferUSDTTest","transfer"
"Get List Group Backoffice Menggunakan Login Admin","4417","getListGroupWithAdminLogin","Surefire suite","Sat Oct 03 06:52:48 UTC 2026","passed","Sat Oct 03 06:52:53 UTC 2026","testcases.backoffice.group.GetListGroupTest","Surefire test","testcases.backoffice.group.GetListGroupTest","getListGroupWithAdminLogin"
"Get List Google Authenticator Dengan Tipe Data Salah pada Field limit (String, Bukan Integer)","4411","listOtpGoogleWithInvalidFieldType","Surefire suite","Sat Oct 03 07:08:54 UTC 2026","passed","Sat Oct 03 07:08:58 UTC 2026","testcases.backoffice.googleauth.ListOtpGoogleTest","Surefire test","testcases.backoffice.googleauth.ListOtpGoogleTest","listOtpGoogleWithInvalidFieldType"
"Delete Group Backoffice Dengan id Valid Tapi name Tidak Cocok","15069","deleteGroupWithMismatchedName","Surefire suite","Sat Oct 03 06:58:02 UTC 2026","passed","Sat Oct 03 06:58:18 UTC 2026","testcases.backoffice.group.DeleteGroupTest","Surefire test","testcases.backoffice.group.DeleteGroupTest","deleteGroupWithMismatchedName"
"Inquiry Test Flop Transfer Merchant","5259","inquiryTransfer","Surefire suite","Sat Oct 03 06:52:33 UTC 2026","passed","Sat Oct 03 06:52:38 UTC 2026","testcases.transfer.InquiryFlopTransferTest","Surefire test","testcases.transfer.InquiryFlopTransferTest","inquiryTransfer"
"Reset Password CS Admin","4775","resetPasswordCSAdmin","Surefire suite","Sat Oct 03 06:30:41 UTC 2026","passed","Sat Oct 03 06:30:46 UTC 2026","testcases.settings.ResetPasswordTest","Surefire test","testcases.settings.ResetPasswordTest","resetPasswordCSAdmin"
"List Currency USDT Dengan Ukuran Halaman Sangat Besar","1956","getCurrencyWithHugeSize","Surefire suite","Sat Oct 03 07:04:28 UTC 2026","passed","Sat Oct 03 07:04:30 UTC 2026","testcases.backoffice.currency.GetCurrencyTest","Surefire test","testcases.backoffice.currency.GetCurrencyTest","getCurrencyWithHugeSize"
"Normal Transfer USDT Supervisor Success","6635","usdtTransferSupervisor","Surefire suite","Sat Oct 03 06:34:00 UTC 2026","passed","Sat Oct 03 06:34:06 UTC 2026","testcases.transfer.TransferUSDTTest","Surefire test","testcases.transfer.TransferUSDTTest","usdtTransferSupervisor"
"Get List Group Backoffice Dengan Header Authorization Tanpa Skema Bearer","1429","getListGroupWithMalformedAuthorizationHeader","Surefire suite","Sat Oct 03 06:53:49 UTC 2026","passed","Sat Oct 03 06:53:51 UTC 2026","testcases.backoffice.group.GetListGroupTest","Surefire test","testcases.backoffice.group.GetListGroupTest","getListGroupWithMalformedAuthorizationHeader"
"List Waiting Company Backoffice Dengan Token Tidak Valid","1444","listWaitingCompanyWithInvalidToken","Surefire suite","Sat Oct 03 07:18:33 UTC 2026","passed","Sat Oct 03 07:18:35 UTC 2026","testcases.backoffice.ListWaitingCompanyTest","Surefire test","testcases.backoffice.ListWaitingCompanyTest","listWaitingCompanyWithInvalidToken"
"List Waiting Company Backoffice Tanpa Body Sama Sekali","4485","listWaitingCompanyWithoutBody","Surefire suite","Sat Oct 03 07:19:39 UTC 2026","passed","Sat Oct 03 07:19:43 UTC 2026","testcases.backoffice.ListWaitingCompanyTest","Surefire test","testcases.backoffice.ListWaitingCompanyTest","listWaitingCompanyWithoutBody"
"Success Login Group","5819","testLoginGroup","Surefire suite","Sat Oct 03 06:30:19 UTC 2026","passed","Sat Oct 03 06:30:25 UTC 2026","testcases.auth.LoginTest","Surefire test","testcases.auth.LoginTest","testLoginGroup"
"Get List Group Backoffice Dengan size 0","1493","getListGroupWithZeroSize","Surefire suite","Sat Oct 03 06:55:19 UTC 2026","passed","Sat Oct 03 06:55:20 UTC 2026","testcases.backoffice.group.GetListGroupTest","Surefire test","testcases.backoffice.group.GetListGroupTest","getListGroupWithZeroSize"
"Get List Favorite Account Dengan Token Kadaluarsa","1444","getListFavoriteAccountWithExpiredToken","Surefire suite","Sat Oct 03 08:43:57 UTC 2026","passed","Sat Oct 03 08:43:58 UTC 2026","testcases.settings.favoriteaccount.GetListFavoriteAccountTest","Surefire test","testcases.settings.favoriteaccount.GetListFavoriteAccountTest","getListFavoriteAccountWithExpiredToken"
"Delete Google Authenticator Dengan Header Authorization Tanpa Skema Bearer","1418","deleteOtpGoogleWithMalformedAuthorizationHeader","Surefire suite","Sat Oct 03 06:34:07 UTC 2026","passed","Sat Oct 03 06:34:09 UTC 2026","testcases.backoffice.googleauth.DeleteOtpGoogleTest","Surefire test","testcases.backoffice.googleauth.DeleteOtpGoogleTest","deleteOtpGoogleWithMalformedAuthorizationHeader"
"Delete Group Backoffice Menggunakan HTTP Method PATCH","1447","deleteGroupWithPatchMethod","Surefire suite","Sat Oct 03 06:58:29 UTC 2026","passed","Sat Oct 03 06:58:31 UTC 2026","testcases.backoffice.group.DeleteGroupTest","Surefire test","testcases.backoffice.group.DeleteGroupTest","deleteGroupWithPatchMethod"
"Get List Group Backoffice Dengan Content-Type text/plain","1448","getListGroupWithWrongContentType","Surefire suite","Sat Oct 03 06:55:05 UTC 2026","passed","Sat Oct 03 06:55:06 UTC 2026","testcases.backoffice.group.GetListGroupTest","Surefire test","testcases.backoffice.group.GetListGroupTest","getListGroupWithWrongContentType"
"Test Rejected Special Transfer","11116","rejectedSpecialTransfer","Surefire suite","Sat Oct 03 07:53:07 UTC 2026","passed","Sat Oct 03 07:53:18 UTC 2026","testcases.backoffice.ApprovalTransferTest","Surefire test","testcases.backoffice.ApprovalTransferTest","rejectedSpecialTransfer"
"List Manage Settlement Backoffice Tanpa Login/Header Auth","1459","listManageSettlementWithoutAuth","Surefire suite","Sat Oct 03 07:17:23 UTC 2026","passed","Sat Oct 03 07:17:24 UTC 2026","testcases.backoffice.settlement.ManageSettlementTest","Surefire test","testcases.backoffice.settlement.ManageSettlementTest","listManageSettlementWithoutAuth"
"Delete Favorite Account Dengan Format id Tidak Valid (Bukan ObjectId)","1632","deleteFavoriteAccountWithInvalidIdFormat","Surefire suite","Sat Oct 03 06:33:43 UTC 2026","passed","Sat Oct 03 06:33:44 UTC 2026","testcases.settings.favoriteaccount.DeleteFavoriteAccountTest","Surefire test","testcases.settings.favoriteaccount.DeleteFavoriteAccountTest","deleteFavoriteAccountWithInvalidIdFormat"
"Get List Group Company BO Dengan groupName Sangat Panjang (10.000 karakter)","4450","getListGroupCompanyWithOverlongGroupName","Surefire suite","Sat Oct 03 06:40:19 UTC 2026","passed","Sat Oct 03 06:40:23 UTC 2026","testcases.backoffice.settlement.GetListGroupCompanyTest","Surefire test","testcases.backoffice.settlement.GetListGroupCompanyTest","getListGroupCompanyWithOverlongGroupName"
"Get List Group Backoffice Dengan Field sort Tidak Valid","1462","getListGroupWithInvalidSortField","Surefire suite","Sat Oct 03 06:53:40 UTC 2026","passed","Sat Oct 03 06:53:42 UTC 2026","testcases.backoffice.group.GetListGroupTest","Surefire test","testcases.backoffice.group.GetListGroupTest","getListGroupWithInvalidSortField"
"Mutasi Manual Transfer Supervisor CS","26735","mutasiManualTransferSupervisorCS","Surefire suite","Sat Oct 03 08:29:37 UTC 2026","passed","Sat Oct 03 08:30:04 UTC 2026","testcases.mutasi.MutasiTransferTest","Surefire test","testcases.mutasi.MutasiTransferTest","mutasiManualTransferSupervisorCS"
"Get List Group Backoffice Tanpa Field page","1487","getListGroupWithoutPageField","Surefire suite","Sat Oct 03 06:55:32 UTC 2026","passed","Sat Oct 03 06:55:34 UTC 2026","testcases.backoffice.group.GetListGroupTest","Surefire test","testcases.backoffice.group.GetListGroupTest","getListGroupWithoutPageField"
"Mutasi USDT Transfer Balance","30999","mutasiUSDTTransferBalanceSupervisor","Surefire suite","Sat Oct 03 08:37:14 UTC 2026","passed","Sat Oct 03 08:37:45 UTC 2026","testcases.mutasi.MutasiTransferTest","Surefire test","testcases.mutasi.MutasiTransferTest","mutasiUSDTTransferBalanceSupervisor"
"Refund Summary Dengan startDate Hanya Tanggal (Tanpa Waktu/Zona)","1496","getRefundWithDateOnlyFormat","Surefire suite","Sat Oct 03 07:12:00 UTC 2026","passed","Sat Oct 03 07:12:01 UTC 2026","testcases.backoffice.refund.GetRefundTest","Surefire test","testcases.backoffice.refund.GetRefundTest","getRefundWithDateOnlyFormat"
"Get Group Detail Backoffice Dengan Group Id Berisi Karakter SQL Injection","4594","getGroupDetailWithSqlInjectionId","Surefire suite","Sat Oct 03 06:51:58 UTC 2026","passed","Sat Oct 03 06:52:03 UTC 2026","testcases.backoffice.group.GetGroupTest","Surefire test","testcases.backoffice.group.GetGroupTest","getGroupDetailWithSqlInjectionId"
"Get Group Detail Backoffice Menggunakan Login Marketing","4537","getGroupDetailWithMarketingLogin","Surefire suite","Sat Oct 03 06:51:06 UTC 2026","passed","Sat Oct 03 06:51:11 UTC 2026","testcases.backoffice.group.GetGroupTest","Surefire test","testcases.backoffice.group.GetGroupTest","getGroupDetailWithMarketingLogin"
"List Refund Dengan Body Kosong ({})","4707","listRefundWithEmptyBody","Surefire suite","Sat Oct 03 08:07:31 UTC 2026","passed","Sat Oct 03 08:07:36 UTC 2026","testcases.backoffice.ListRefundTest","Surefire test","testcases.backoffice.ListRefundTest","listRefundWithEmptyBody"
"List User Backoffice Menggunakan Login Merchant","4632","listUsersWithMerchantLogin","Surefire suite","Sat Oct 03 07:16:44 UTC 2026","passed","Sat Oct 03 07:16:49 UTC 2026","testcases.backoffice.users.ListUsersTest","Surefire test","testcases.backoffice.users.ListUsersTest","listUsersWithMerchantLogin"
"Test Reject USDT Supervisor","17783","rejectedUSDTSupervisor","Surefire suite","Sat Oct 03 07:53:55 UTC 2026","passed","Sat Oct 03 07:54:13 UTC 2026","testcases.backoffice.ApprovalTransferTest","Surefire test","testcases.backoffice.ApprovalTransferTest","rejectedUSDTSupervisor"
"Add Group Backoffice Dengan Payload Persis Sama (Dikirim Dua Kali)","3094","addGroupWithDuplicatePayload","Surefire suite","Sat Oct 03 07:00:41 UTC 2026","passed","Sat Oct 03 07:00:44 UTC 2026","testcases.backoffice.group.AddGroupTest","Surefire test","testcases.backoffice.group.AddGroupTest","addGroupWithDuplicatePayload"
"Create Manage Settlement BO Dengan Payload XSS pada companyName","4377","addManageSettlementWithXssCompanyName","Surefire suite","Sat Oct 03 06:49:04 UTC 2026","passed","Sat Oct 03 06:49:08 UTC 2026","testcases.backoffice.settlement.AddManageSettlementTest","Surefire test","testcases.backoffice.settlement.AddManageSettlementTest","addManageSettlementWithXssCompanyName"
"Request Refund Transfer Supervisor","4641","refundTransferSupervisor","Surefire suite","Sat Oct 03 06:34:25 UTC 2026","passed","Sat Oct 03 06:34:29 UTC 2026","testcases.transfer.RefundTransferTest","Surefire test","testcases.transfer.RefundTransferTest","refundTransferSupervisor"
"Get History Flop Transfer Test Supervisor","8672","historyFlopTransferTestSupervisor","Surefire suite","Sat Oct 03 08:14:15 UTC 2026","passed","Sat Oct 03 08:14:24 UTC 2026","testcases.history.HistoryTransferTest","Surefire test","testcases.history.HistoryTransferTest","historyFlopTransferTestSupervisor"
"Get List Favorite Account Menggunakan HTTP Method PUT","1594","getListFavoriteAccountWithPutMethod","Surefire suite","Sat Oct 03 08:44:42 UTC 2026","passed","Sat Oct 03 08:44:44 UTC 2026","testcases.settings.favoriteaccount.GetListFavoriteAccountTest","Surefire test","testcases.settings.favoriteaccount.GetListFavoriteAccountTest","getListFavoriteAccountWithPutMethod"
"Resend Google Authenticator Dengan email Berupa Angka (Bukan String)","4602","resendOtpGoogleWithNumericEmail","Surefire suite","Sat Oct 03 07:20:02 UTC 2026","passed","Sat Oct 03 07:20:07 UTC 2026","testcases.backoffice.googleauth.ResendOtpGoogleTest","Surefire test","testcases.backoffice.googleauth.ResendOtpGoogleTest","resendOtpGoogleWithNumericEmail"
"Add Group Backoffice Dengan Nama Sama Namun Beda Kapitalisasi","2941","addGroupWithDuplicateNameDifferentCase","Surefire suite","Sat Oct 03 07:00:29 UTC 2026","passed","Sat Oct 03 07:00:32 UTC 2026","testcases.backoffice.group.AddGroupTest","Surefire test","testcases.backoffice.group.AddGroupTest","addGroupWithDuplicateNameDifferentCase"
"Check Status QR Merchant","7557","checkStatusQRMerchant","Surefire suite","Sat Oct 03 07:16:19 UTC 2026","passed","Sat Oct 03 07:16:26 UTC 2026","testcases.QR.CheckStatusQRTest","Surefire test","testcases.QR.CheckStatusQRTest","checkStatusQRMerchant"
"Success Assignment USDT Supervisor","12575","assignUSDTSupervisorTest","Surefire suite","Sat Oct 03 07:08:37 UTC 2026","passed","Sat Oct 03 07:08:49 UTC 2026","testcases.backoffice.TransferAssignmentTest","Surefire test","testcases.backoffice.TransferAssignmentTest","assignUSDTSupervisorTest"
"Delete Manage Settlement BO Menggunakan HTTP Method DELETE","4381","deleteManageSettlementWithDeleteMethod","Surefire suite","Sat Oct 03 06:42:42 UTC 2026","passed","Sat Oct 03 06:42:47 UTC 2026","testcases.backoffice.settlement.DeleteManageSettlementTest","Surefire test","testcases.backoffice.settlement.DeleteManageSettlementTest","deleteManageSettlementWithDeleteMethod"
"Delete Favorite Account Dengan Body Berupa JSON Array ([])","1470","deleteFavoriteAccountWithArrayBody","Surefire suite","Sat Oct 03 06:33:06 UTC 2026","passed","Sat Oct 03 06:33:08 UTC 2026","testcases.settings.favoriteaccount.DeleteFavoriteAccountTest","Surefire test","testcases.settings.favoriteaccount.DeleteFavoriteAccountTest","deleteFavoriteAccountWithArrayBody"
"Delete Group Backoffice Dengan id String Kosong","1467","deleteGroupWithEmptyId","Surefire suite","Sat Oct 03 06:57:07 UTC 2026","passed","Sat Oct 03 06:57:09 UTC 2026","testcases.backoffice.group.DeleteGroupTest","Surefire test","testcases.backoffice.group.DeleteGroupTest","deleteGroupWithEmptyId"
"Add Currency CS Admin Path Dengan Body Berupa JSON Array ([])","4567","addCurrencyWithArrayBody","Surefire suite","Sat Oct 03 08:00:03 UTC 2026","passed","Sat Oct 03 08:00:08 UTC 2026","testcases.backoffice.currency.AddCurrencyTest","Surefire test","testcases.backoffice.currency.AddCurrencyTest","addCurrencyWithArrayBody"
"Request Refund Transfer Waiting Merchant","4674","refundTransferWaitingMerchant","Surefire suite","Sat Oct 03 07:16:03 UTC 2026","passed","Sat Oct 03 07:16:08 UTC 2026","testcases.transfer.RefundTransferTest","Surefire test","testcases.transfer.RefundTransferTest","refundTransferWaitingMerchant"
"Add Group Backoffice Menggunakan HTTP Method DELETE","1461","addGroupWithDeleteMethod","Surefire suite","Sat Oct 03 07:00:25 UTC 2026","passed","Sat Oct 03 07:00:26 UTC 2026","testcases.backoffice.group.AddGroupTest","Surefire test","testcases.backoffice.group.AddGroupTest","addGroupWithDeleteMethod"
"List Waiting Company Backoffice Menggunakan Login Merchant","4481","listWaitingCompanyWithMerchantLogin","Surefire suite","Sat Oct 03 07:18:57 UTC 2026","passed","Sat Oct 03 07:19:02 UTC 2026","testcases.backoffice.ListWaitingCompanyTest","Surefire test","testcases.backoffice.ListWaitingCompanyTest","listWaitingCompanyWithMerchantLogin"
"List Currency USDT Dengan Page/Size Negatif","1490","getCurrencyWithNegativePageSize","Surefire suite","Sat Oct 03 07:05:15 UTC 2026","passed","Sat Oct 03 07:05:17 UTC 2026","testcases.backoffice.currency.GetCurrencyTest","Surefire test","testcases.backoffice.currency.GetCurrencyTest","getCurrencyWithNegativePageSize"
"Transfer with Wrong Pin","49933","transferWrongPin","Surefire suite","Sat Oct 03 06:49:01 UTC 2026","passed","Sat Oct 03 06:49:51 UTC 2026","testcases.transfer.SpecialTransferTest","Surefire test","testcases.transfer.SpecialTransferTest","transferWrongPin"
"Delete Manage Settlement BO Dengan Format id Tidak Valid (Bukan ObjectId)","4391","deleteManageSettlementWithMalformedId","Surefire suite","Sat Oct 03 06:43:18 UTC 2026","passed","Sat Oct 03 06:43:22 UTC 2026","testcases.backoffice.settlement.DeleteManageSettlementTest","Surefire test","testcases.backoffice.settlement.DeleteManageSettlementTest","deleteManageSettlementWithMalformedId"
"Get List Group Backoffice Dengan Body JSON Tidak Valid (Malformed)","1402","getListGroupWithMalformedJson","Surefire suite","Sat Oct 03 06:53:54 UTC 2026","passed","Sat Oct 03 06:53:55 UTC 2026","testcases.backoffice.group.GetListGroupTest","Surefire test","testcases.backoffice.group.GetListGroupTest","getListGroupWithMalformedJson"
"Test Approved USDT Supervisor","17224","approvedUSDTSupervisor","Surefire suite","Sat Oct 03 07:50:03 UTC 2026","passed","Sat Oct 03 07:50:20 UTC 2026","testcases.backoffice.ApprovalTransferTest","Surefire test","testcases.backoffice.ApprovalTransferTest","approvedUSDTSupervisor"
"Resend Google Authenticator Dengan email Berisi Karakter SQL Injection","4415","resendOtpGoogleWithSqlInjectionEmail","Surefire suite","Sat Oct 03 07:20:32 UTC 2026","passed","Sat Oct 03 07:20:37 UTC 2026","testcases.backoffice.googleauth.ResendOtpGoogleTest","Surefire test","testcases.backoffice.googleauth.ResendOtpGoogleTest","resendOtpGoogleWithSqlInjectionEmail"
"Get History USDT Transfer Merchant on Login CS Admin","11034","historyUSDTTransferMerchantTestCSAdmin","Surefire suite","Sat Oct 03 08:19:38 UTC 2026","passed","Sat Oct 03 08:19:49 UTC 2026","testcases.history.HistoryTransferTest","Surefire test","testcases.history.HistoryTransferTest","historyUSDTTransferMerchantTestCSAdmin"
"Transfer Different Partner Reference, USDT Transfer to Transfer","47393","trfPartnerRefUSDTFailed","Surefire suite","Sat Oct 03 06:51:34 UTC 2026","passed","Sat Oct 03 06:52:22 UTC 2026","testcases.transfer.SpecialTransferTest","Surefire test","testcases.transfer.SpecialTransferTest","trfPartnerRefUSDTFailed"
"Test Approved USDT","16956","approvedUSDTAdminCrypto","Surefire suite","Sat Oct 03 07:49:43 UTC 2026","passed","Sat Oct 03 07:50:00 UTC 2026","testcases.backoffice.ApprovalTransferTest","Surefire test","testcases.backoffice.ApprovalTransferTest","approvedUSDTAdminCrypto"
"Add Currency CS Admin Path Tanpa Body Sama Sekali","1429","addCurrencyWithoutBody","Surefire suite","Sat Oct 03 08:02:56 UTC 2026","passed","Sat Oct 03 08:02:58 UTC 2026","testcases.backoffice.currency.AddCurrencyTest","Surefire test","testcases.backoffice.currency.AddCurrencyTest","addCurrencyWithoutBody"
"Get List Group Backoffice Dengan size Bertipe String","1461","getListGroupWithSizeAsString","Surefire suite","Sat Oct 03 06:54:44 UTC 2026","passed","Sat Oct 03 06:54:45 UTC 2026","testcases.backoffice.group.GetListGroupTest","Surefire test","testcases.backoffice.group.GetListGroupTest","getListGroupWithSizeAsString"
"Get List Group Company BO Menggunakan Login CS Admin","4491","getListGroupCompanyWithCSAdminLogin","Surefire suite","Sat Oct 03 06:38:58 UTC 2026","passed","Sat Oct 03 06:39:03 UTC 2026","testcases.backoffice.settlement.GetListGroupCompanyTest","Surefire test","testcases.backoffice.settlement.GetListGroupCompanyTest","getListGroupCompanyWithCSAdminLogin"
"Refund Summary Dengan Karakter SQL Injection pada Field type","1456","getRefundWithSqlInjectionType","Surefire suite","Sat Oct 03 07:13:44 UTC 2026","passed","Sat Oct 03 07:13:46 UTC 2026","testcases.backoffice.refund.GetRefundTest","Surefire test","testcases.backoffice.refund.GetRefundTest","getRefundWithSqlInjectionType"
"Test Reject USDT","17138","rejectedUSDT","Surefire suite","Sat Oct 03 07:53:35 UTC 2026","passed","Sat Oct 03 07:53:52 UTC 2026","testcases.backoffice.ApprovalTransferTest","Surefire test","testcases.backoffice.ApprovalTransferTest","rejectedUSDT"
"Get Notification Sender Dengan Karakter SQL Injection pada Field param","4544","getNotificationSenderWithSqlInjectionParam","Surefire suite","Sat Oct 03 07:12:34 UTC 2026","passed","Sat Oct 03 07:12:39 UTC 2026","testcases.backoffice.notifsender.NotificationSenderTest","Surefire test","testcases.backoffice.notifsender.NotificationSenderTest","getNotificationSenderWithSqlInjectionParam"
"","10795","getCompanyDetail","Surefire suite","Sat Oct 03 07:32:22 UTC 2026","passed","Sat Oct 03 07:32:32 UTC 2026","testcases.backoffice.CheckCompanyDetailTest","Surefire test","testcases.backoffice.CheckCompanyDetailTest","getCompanyDetail"
"Get List Group Company BO Menggunakan Login Marketing","4583","getListGroupCompanyWithMarketingLogin","Surefire suite","Sat Oct 03 06:39:49 UTC 2026","passed","Sat Oct 03 06:39:54 UTC 2026","testcases.backoffice.settlement.GetListGroupCompanyTest","Surefire test","testcases.backoffice.settlement.GetListGroupCompanyTest","getListGroupCompanyWithMarketingLogin"
"Refund Summary Dengan Rentang Tanggal Sangat Lebar","1610","getRefundWithHugeRange","Surefire suite","Sat Oct 03 07:12:27 UTC 2026","passed","Sat Oct 03 07:12:28 UTC 2026","testcases.backoffice.refund.GetRefundTest","Surefire test","testcases.backoffice.refund.GetRefundTest","getRefundWithHugeRange"
"Delete Manage Settlement BO Menggunakan Login Customer Service","4464","deleteManageSettlementWithCSLogin","Surefire suite","Sat Oct 03 06:42:35 UTC 2026","passed","Sat Oct 03 06:42:39 UTC 2026","testcases.backoffice.settlement.DeleteManageSettlementTest","Surefire test","testcases.backoffice.settlement.DeleteManageSettlementTest","deleteManageSettlementWithCSLogin"
"Get List Google Authenticator Ke Path yang Tidak Ada (Typo)","4672","listOtpGoogleWithWrongPath","Surefire suite","Sat Oct 03 07:10:48 UTC 2026","passed","Sat Oct 03 07:10:53 UTC 2026","testcases.backoffice.googleauth.ListOtpGoogleTest","Surefire test","testcases.backoffice.googleauth.ListOtpGoogleTest","listOtpGoogleWithWrongPath"
"Test Approve Manual Transfer dengan check Fee di Admin Crypto dan Admin Fee","41394","approvedCashDepositBalance","Surefire suite","Sat Oct 03 07:46:10 UTC 2026","passed","Sat Oct 03 07:46:51 UTC 2026","testcases.backoffice.ApprovalTransferTest","Surefire test","testcases.backoffice.ApprovalTransferTest","approvedCashDepositBalance"
"Get Balance Merchant with Login CS","5411","getBalanceMerchantLoginCS","Surefire suite","Sat Oct 03 06:31:05 UTC 2026","passed","Sat Oct 03 06:31:10 UTC 2026","testcases.balance.GetBalanceQrisTest","Surefire test","testcases.balance.GetBalanceQrisTest","getBalanceMerchantLoginCS"
"Add Group Backoffice Menggunakan HTTP Method PATCH","1412","addGroupWithPatchMethod","Surefire suite","Sat Oct 03 07:02:14 UTC 2026","passed","Sat Oct 03 07:02:15 UTC 2026","testcases.backoffice.group.AddGroupTest","Surefire test","testcases.backoffice.group.AddGroupTest","addGroupWithPatchMethod"
"Generate QR Success with before and after Balance","29082","generateQRBalanceFeeMarketing","Surefire suite","Sat Oct 03 06:31:42 UTC 2026","passed","Sat Oct 03 06:32:11 UTC 2026","testcases.QR.GenerateQRPaidTest","Surefire test","testcases.QR.GenerateQRPaidTest","generateQRBalanceFeeMarketing"
"Refund Summary Dengan type String Kosong","1510","getRefundWithEmptyType","Surefire suite","Sat Oct 03 07:12:13 UTC 2026","passed","Sat Oct 03 07:12:15 UTC 2026","testcases.backoffice.refund.GetRefundTest","Surefire test","testcases.backoffice.refund.GetRefundTest","getRefundWithEmptyType"
"List Waiting Company Backoffice Menggunakan Login CS Admin","4499","listWaitingCompanyWithCSAdminLogin","Surefire suite","Sat Oct 03 07:17:49 UTC 2026","passed","Sat Oct 03 07:17:53 UTC 2026","testcases.backoffice.ListWaitingCompanyTest","Surefire test","testcases.backoffice.ListWaitingCompanyTest","listWaitingCompanyWithCSAdminLogin"
"Resend Google Authenticator Dengan email Sangat Panjang (10.000 karakter)","4515","resendOtpGoogleWithOverlongEmail","Surefire suite","Sat Oct 03 07:20:10 UTC 2026","passed","Sat Oct 03 07:20:14 UTC 2026","testcases.backoffice.googleauth.ResendOtpGoogleTest","Surefire test","testcases.backoffice.googleauth.ResendOtpGoogleTest","resendOtpGoogleWithOverlongEmail"
"Generate Open QR Code Merchant","5139","generateOpenQRCode","Surefire suite","Sat Oct 03 07:18:07 UTC 2026","passed","Sat Oct 03 07:18:12 UTC 2026","testcases.QR.GenerateQRTest","Surefire test","testcases.QR.GenerateQRTest","generateOpenQRCode"
"Delete Favorite Account Dengan Body JSON Tidak Valid (Malformed)","1448","deleteFavoriteAccountWithMalformedJson","Surefire suite","Sat Oct 03 06:33:56 UTC 2026","passed","Sat Oct 03 06:33:58 UTC 2026","testcases.settings.favoriteaccount.DeleteFavoriteAccountTest","Surefire test","testcases.settings.favoriteaccount.DeleteFavoriteAccountTest","deleteFavoriteAccountWithMalformedJson"
"Delete Google Authenticator Dengan Token Backoffice Valid Tapi Tanpa Header pbyv","5014","deleteOtpGoogleWithoutPbyvHeader","Surefire suite","Sat Oct 03 06:35:54 UTC 2026","passed","Sat Oct 03 06:35:59 UTC 2026","testcases.backoffice.googleauth.DeleteOtpGoogleTest","Surefire test","testcases.backoffice.googleauth.DeleteOtpGoogleTest","deleteOtpGoogleWithoutPbyvHeader"
"Resend Google Authenticator Dengan email Tidak Terdaftar","4422","resendOtpGoogleWithNonExistentEmail","Surefire suite","Sat Oct 03 07:19:40 UTC 2026","passed","Sat Oct 03 07:19:44 UTC 2026","testcases.backoffice.googleauth.ResendOtpGoogleTest","Surefire test","testcases.backoffice.googleauth.ResendOtpGoogleTest","resendOtpGoogleWithNonExistentEmail"
"Delete Favorite Account Dengan id Bertipe Angka (Bukan String)","1658","deleteFavoriteAccountWithIdAsNumber","Surefire suite","Sat Oct 03 06:33:38 UTC 2026","passed","Sat Oct 03 06:33:40 UTC 2026","testcases.settings.favoriteaccount.DeleteFavoriteAccountTest","Surefire test","testcases.settings.favoriteaccount.DeleteFavoriteAccountTest","deleteFavoriteAccountWithIdAsNumber"
"List Manage Settlement Backoffice Dengan Payload XSS pada Field Param","4395","listManageSettlementWithXssParam","Surefire suite","Sat Oct 03 07:17:15 UTC 2026","passed","Sat Oct 03 07:17:20 UTC 2026","testcases.backoffice.settlement.ManageSettlementTest","Surefire test","testcases.backoffice.settlement.ManageSettlementTest","listManageSettlementWithXssParam"
"Get List Group Company BO Dengan Token Kadaluarsa","1413","getListGroupCompanyWithExpiredToken","Surefire suite","Sat Oct 03 06:39:36 UTC 2026","passed","Sat Oct 03 06:39:37 UTC 2026","testcases.backoffice.settlement.GetListGroupCompanyTest","Surefire test","testcases.backoffice.settlement.GetListGroupCompanyTest","getListGroupCompanyWithExpiredToken"
"Get History Special Transfer Test Fee Admin","11140","historySpecialTransferTestFeeAdmin","Surefire suite","Sat Oct 03 08:17:39 UTC 2026","passed","Sat Oct 03 08:17:50 UTC 2026","testcases.history.HistoryTransferTest","Surefire test","testcases.history.HistoryTransferTest","historySpecialTransferTestFeeAdmin"
"List Company Backoffice Menggunakan Login Admin Crypto","4385","listCompanyWithAdminCryptoLogin","Surefire suite","Sat Oct 03 07:19:54 UTC 2026","passed","Sat Oct 03 07:19:58 UTC 2026","testcases.backoffice.ListCompanyTest","Surefire test","testcases.backoffice.ListCompanyTest","listCompanyWithAdminCryptoLogin"
"Created Favorite Account Dengan Body Berupa Literal null","1459","createdFavoriteAccountWithNullLiteralBody","Surefire suite","Sat Oct 03 07:08:34 UTC 2026","passed","Sat Oct 03 07:08:35 UTC 2026","testcases.settings.favoriteaccount.CreatedFavoriteAccountTest","Surefire test","testcases.settings.favoriteaccount.CreatedFavoriteAccountTest","createdFavoriteAccountWithNullLiteralBody"
"Get Group Detail Backoffice Menggunakan Login Group","4434","getGroupDetailWithGroupLogin","Surefire suite","Sat Oct 03 06:50:42 UTC 2026","passed","Sat Oct 03 06:50:46 UTC 2026","testcases.backoffice.group.GetGroupTest","Surefire test","testcases.backoffice.group.GetGroupTest","getGroupDetailWithGroupLogin"
"Resend Google Authenticator Dengan Token Backoffice Valid Tapi Tanpa Header pbyv","4378","resendOtpGoogleWithoutPbyvHeader","Surefire suite","Sat Oct 03 07:21:29 UTC 2026","passed","Sat Oct 03 07:21:34 UTC 2026","testcases.backoffice.googleauth.ResendOtpGoogleTest","Surefire test","testcases.backoffice.googleauth.ResendOtpGoogleTest","resendOtpGoogleWithoutPbyvHeader"
"Reset Password Admin","4756","resetPasswordAdmin","Surefire suite","Sat Oct 03 06:30:55 UTC 2026","passed","Sat Oct 03 06:31:00 UTC 2026","testcases.settings.ResetPasswordTest","Surefire test","testcases.settings.ResetPasswordTest","resetPasswordAdmin"
"Resend Google Authenticator Menggunakan Login Supervisor","4743","resendOtpGoogleWithSupervisorLogin","Surefire suite","Sat Oct 03 07:20:40 UTC 2026","passed","Sat Oct 03 07:20:44 UTC 2026","testcases.backoffice.googleauth.ResendOtpGoogleTest","Surefire test","testcases.backoffice.googleauth.ResendOtpGoogleTest","resendOtpGoogleWithSupervisorLogin"
"Delete Google Authenticator Dengan Format id Tidak Valid (Bukan ObjectId)","4401","deleteOtpGoogleWithMalformedId","Surefire suite","Sat Oct 03 06:34:12 UTC 2026","passed","Sat Oct 03 06:34:16 UTC 2026","testcases.backoffice.googleauth.DeleteOtpGoogleTest","Surefire test","testcases.backoffice.googleauth.DeleteOtpGoogleTest","deleteOtpGoogleWithMalformedId"
"Delete Favorite Account Dengan id Sangat Panjang","41497","deleteFavoriteAccountWithVeryLongId","Surefire suite","Sat Oct 03 06:34:30 UTC 2026","failed","Sat Oct 03 06:35:11 UTC 2026","testcases.settings.favoriteaccount.DeleteFavoriteAccountTest","Surefire test","testcases.settings.favoriteaccount.DeleteFavoriteAccountTest","deleteFavoriteAccountWithVeryLongId"
"Get List Group Backoffice Dengan Header pbyv Salah","1456","getListGroupWithWrongPbyvHeader","Surefire suite","Sat Oct 03 06:55:14 UTC 2026","passed","Sat Oct 03 06:55:16 UTC 2026","testcases.backoffice.group.GetListGroupTest","Surefire test","testcases.backoffice.group.GetListGroupTest","getListGroupWithWrongPbyvHeader"
"Get List Group Backoffice Dengan Body Berupa JSON Array ([])","4337","getListGroupWithArrayBody","Surefire suite","Sat Oct 03 06:52:56 UTC 2026","passed","Sat Oct 03 06:53:00 UTC 2026","testcases.backoffice.group.GetListGroupTest","Surefire test","testcases.backoffice.group.GetListGroupTest","getListGroupWithArrayBody"
"Get List Google Authenticator Menggunakan Login Merchant","4495","listOtpGoogleWithMerchantLogin","Surefire suite","Sat Oct 03 07:09:40 UTC 2026","passed","Sat Oct 03 07:09:45 UTC 2026","testcases.backoffice.googleauth.ListOtpGoogleTest","Surefire test","testcases.backoffice.googleauth.ListOtpGoogleTest","listOtpGoogleWithMerchantLogin"
"Add Group Backoffice Dengan Body Berupa JSON Array ([])","4656","addGroupWithArrayBody","Surefire suite","Sat Oct 03 07:00:02 UTC 2026","passed","Sat Oct 03 07:00:06 UTC 2026","testcases.backoffice.group.AddGroupTest","Surefire test","testcases.backoffice.group.AddGroupTest","addGroupWithArrayBody"
"Delete Favorite Account Dengan Token Tidak Valid","1517","deleteFavoriteAccountWithInvalidToken","Surefire suite","Sat Oct 03 06:33:47 UTC 2026","passed","Sat Oct 03 06:33:49 UTC 2026","testcases.settings.favoriteaccount.DeleteFavoriteAccountTest","Surefire test","testcases.settings.favoriteaccount.DeleteFavoriteAccountTest","deleteFavoriteAccountWithInvalidToken"
"Check Status QR Dengan Token Tidak Valid","1430","checkStatusQRWithInvalidToken","Surefire suite","Sat Oct 03 07:16:51 UTC 2026","failed","Sat Oct 03 07:16:52 UTC 2026","testcases.QR.CheckStatusQRTest","Surefire test","testcases.QR.CheckStatusQRTest","checkStatusQRWithInvalidToken"
"Create Manage Settlement BO Dengan companyId Duplikat (Sudah Terdaftar)","10272","addManageSettlementWithDuplicateCompanyId","Surefire suite","Sat Oct 03 06:46:16 UTC 2026","passed","Sat Oct 03 06:46:26 UTC 2026","testcases.backoffice.settlement.AddManageSettlementTest","Surefire test","testcases.backoffice.settlement.AddManageSettlementTest","addManageSettlementWithDuplicateCompanyId"
"Delete Manage Settlement BO Dengan id Valid Secara Format Tapi Tidak Ada","4402","deleteManageSettlementWithNonExistentId","Surefire suite","Sat Oct 03 06:43:40 UTC 2026","passed","Sat Oct 03 06:43:45 UTC 2026","testcases.backoffice.settlement.DeleteManageSettlementTest","Surefire test","testcases.backoffice.settlement.DeleteManageSettlementTest","deleteManageSettlementWithNonExistentId"
"List Company Backoffice Dengan Body JSON Tidak Valid (Malformed)","4516","listCompanyWithMalformedJson","Surefire suite","Sat Oct 03 07:21:03 UTC 2026","passed","Sat Oct 03 07:21:08 UTC 2026","testcases.backoffice.ListCompanyTest","Surefire test","testcases.backoffice.ListCompanyTest","listCompanyWithMalformedJson"
"List Refund Menggunakan Login Merchant","4559","listRefundWithMerchantLogin","Surefire suite","Sat Oct 03 08:08:29 UTC 2026","passed","Sat Oct 03 08:08:33 UTC 2026","testcases.backoffice.ListRefundTest","Surefire test","testcases.backoffice.ListRefundTest","listRefundWithMerchantLogin"
"Get List Group Company BO Dengan Multiple Header groupName","4529","getListGroupCompanyWithMultipleGroupNameHeaders","Surefire suite","Sat Oct 03 06:40:04 UTC 2026","passed","Sat Oct 03 06:40:09 UTC 2026","testcases.backoffice.settlement.GetListGroupCompanyTest","Surefire test","testcases.backoffice.settlement.GetListGroupCompanyTest","getListGroupCompanyWithMultipleGroupNameHeaders"
"Get Group Detail Backoffice Dengan Format Group Id Tidak Valid (Bukan ObjectId)","4452","getGroupDetailWithMalformedId","Surefire suite","Sat Oct 03 06:50:59 UTC 2026","passed","Sat Oct 03 06:51:03 UTC 2026","testcases.backoffice.group.GetGroupTest","Surefire test","testcases.backoffice.group.GetGroupTest","getGroupDetailWithMalformedId"
"Test Get Report Transfer Merchant","11150","getReportTransferAdmin","Surefire suite","Sat Oct 03 06:31:57 UTC 2026","passed","Sat Oct 03 06:32:08 UTC 2026","testcases.report.ReportTransactionTest","Surefire test","testcases.report.ReportTransactionTest","getReportTransferAdmin"
"Delete Google Authenticator Menggunakan HTTP Method DELETE","4310","deleteOtpGoogleWithDeleteMethod","Surefire suite","Sat Oct 03 06:33:36 UTC 2026","passed","Sat Oct 03 06:33:40 UTC 2026","testcases.backoffice.googleauth.DeleteOtpGoogleTest","Surefire test","testcases.backoffice.googleauth.DeleteOtpGoogleTest","deleteOtpGoogleWithDeleteMethod"
"Get Notification Sender Menggunakan HTTP Method PATCH","4463","getNotificationSenderWithPatchMethod","Surefire suite","Sat Oct 03 07:12:19 UTC 2026","passed","Sat Oct 03 07:12:24 UTC 2026","testcases.backoffice.notifsender.NotificationSenderTest","Surefire test","testcases.backoffice.notifsender.NotificationSenderTest","getNotificationSenderWithPatchMethod"
"Delete Manage Settlement BO Menggunakan Login Admin Crypto","4535","deleteManageSettlementWithAdminCryptoLogin","Surefire suite","Sat Oct 03 06:42:01 UTC 2026","passed","Sat Oct 03 06:42:05 UTC 2026","testcases.backoffice.settlement.DeleteManageSettlementTest","Surefire test","testcases.backoffice.settlement.DeleteManageSettlementTest","deleteManageSettlementWithAdminCryptoLogin"
"Get List Google Authenticator Menggunakan Login Admin","4677","listOtpGoogleWithAdminLogin","Surefire suite","Sat Oct 03 07:07:49 UTC 2026","passed","Sat Oct 03 07:07:54 UTC 2026","testcases.backoffice.googleauth.ListOtpGoogleTest","Surefire test","testcases.backoffice.googleauth.ListOtpGoogleTest","listOtpGoogleWithAdminLogin"
"Create Manage Settlement BO Menggunakan Login Marketing","4403","addManageSettlementWithMarketingLogin","Surefire suite","Sat Oct 03 06:47:35 UTC 2026","passed","Sat Oct 03 06:47:39 UTC 2026","testcases.backoffice.settlement.AddManageSettlementTest","Surefire test","testcases.backoffice.settlement.AddManageSettlementTest","addManageSettlementWithMarketingLogin"
"Delete Favorite Account Dengan pin Salah","41397","deleteFavoriteAccountWithWrongPin","Surefire suite","Sat Oct 03 06:37:32 UTC 2026","failed","Sat Oct 03 06:38:14 UTC 2026","testcases.settings.favoriteaccount.DeleteFavoriteAccountTest","Surefire test","testcases.settings.favoriteaccount.DeleteFavoriteAccountTest","deleteFavoriteAccountWithWrongPin"
"List Manage Settlement Backoffice Dengan Field Tidak Dikenal pada Body","4445","listManageSettlementWithUnknownField","Surefire suite","Sat Oct 03 07:16:53 UTC 2026","passed","Sat Oct 03 07:16:57 UTC 2026","testcases.backoffice.settlement.ManageSettlementTest","Surefire test","testcases.backoffice.settlement.ManageSettlementTest","listManageSettlementWithUnknownField"
"Get Detail User Backoffice Dengan User Id yang Tidak Ada","4514","getUsersWithNonExistentId","Surefire suite","Sat Oct 03 07:15:20 UTC 2026","passed","Sat Oct 03 07:15:25 UTC 2026","testcases.backoffice.users.ListUsersTest","Surefire test","testcases.backoffice.users.ListUsersTest","getUsersWithNonExistentId"
"List User Backoffice Menggunakan Login Admin Crypto","4407","listUsersWithAdminCryptoLogin","Surefire suite","Sat Oct 03 07:15:40 UTC 2026","passed","Sat Oct 03 07:15:44 UTC 2026","testcases.backoffice.users.ListUsersTest","Surefire test","testcases.backoffice.users.ListUsersTest","listUsersWithAdminCryptoLogin"
"Test Approved Manual Transfer","17341","rejectedCashDeposit","Surefire suite","Sat Oct 03 07:52:26 UTC 2026","passed","Sat Oct 03 07:52:43 UTC 2026","testcases.backoffice.ApprovalTransferTest","Surefire test","testcases.backoffice.ApprovalTransferTest","rejectedCashDeposit"
"Add Currency CS Admin Path Menggunakan HTTP Method PUT","1464","addCurrencyWithPutMethod","Surefire suite","Sat Oct 03 08:02:07 UTC 2026","passed","Sat Oct 03 08:02:09 UTC 2026","testcases.backoffice.currency.AddCurrencyTest","Surefire test","testcases.backoffice.currency.AddCurrencyTest","addCurrencyWithPutMethod"
"Get Dashboard Backoffice Menggunakan Login Supervisor","4522","getDashboardWithSupervisorLogin","Surefire suite","Sat Oct 03 06:37:13 UTC 2026","passed","Sat Oct 03 06:37:18 UTC 2026","testcases.backoffice.GetDashboardTest","Surefire test","testcases.backoffice.GetDashboardTest","getDashboardWithSupervisorLogin"
"Get Notification Sender Menggunakan Login CS Admin","4566","getNotificationSenderWithCSAdminLogin","Surefire suite","Sat Oct 03 07:09:39 UTC 2026","passed","Sat Oct 03 07:09:44 UTC 2026","testcases.backoffice.notifsender.NotificationSenderTest","Surefire test","testcases.backoffice.notifsender.NotificationSenderTest","getNotificationSenderWithCSAdminLogin"
"Check Status QR Dengan Header credentialId Salah","1514","checkStatusQRWithWrongCredentialIdHeader","Surefire suite","Sat Oct 03 07:17:45 UTC 2026","failed","Sat Oct 03 07:17:46 UTC 2026","testcases.QR.CheckStatusQRTest","Surefire test","testcases.QR.CheckStatusQRTest","checkStatusQRWithWrongCredentialIdHeader"
"Get List Group Company BO Tanpa Header groupName","8655","getListGroupCompanyWithoutGroupNameHeader","Surefire suite","Sat Oct 03 06:41:31 UTC 2026","passed","Sat Oct 03 06:41:40 UTC 2026","testcases.backoffice.settlement.GetListGroupCompanyTest","Surefire test","testcases.backoffice.settlement.GetListGroupCompanyTest","getListGroupCompanyWithoutGroupNameHeader"
"Refund Summary Dengan Body Berupa Literal null","1417","getRefundWithNullLiteralBody","Surefire suite","Sat Oct 03 07:13:13 UTC 2026","passed","Sat Oct 03 07:13:14 UTC 2026","testcases.backoffice.refund.GetRefundTest","Surefire test","testcases.backoffice.refund.GetRefundTest","getRefundWithNullLiteralBody"
"List User Backoffice Dengan Karakter SQL Injection pada Field Param - Menemukan Bug Gateway Timeout","4439","listUsersWithSqlInjectionParam","Surefire suite","Sat Oct 03 07:16:59 UTC 2026","passed","Sat Oct 03 07:17:04 UTC 2026","testcases.backoffice.users.ListUsersTest","Surefire test","testcases.backoffice.users.ListUsersTest","listUsersWithSqlInjectionParam"
"Add Currency CS Admin Path Menggunakan HTTP Method GET","1650","addCurrencyWithGetMethod","Surefire suite","Sat Oct 03 08:01:03 UTC 2026","passed","Sat Oct 03 08:01:04 UTC 2026","testcases.backoffice.currency.AddCurrencyTest","Surefire test","testcases.backoffice.currency.AddCurrencyTest","addCurrencyWithGetMethod"
"Add Currency CS Admin Path Tanpa Field rate (Field Lain Saja)","1544","addCurrencyWithMissingRateField","Surefire suite","Sat Oct 03 08:01:40 UTC 2026","passed","Sat Oct 03 08:01:42 UTC 2026","testcases.backoffice.currency.AddCurrencyTest","Surefire test","testcases.backoffice.currency.AddCurrencyTest","addCurrencyWithMissingRateField"
"Get List Group Backoffice Menggunakan Login Admin Crypto","4376","getListGroupWithAdminCryptoLogin","Surefire suite","Sat Oct 03 06:52:41 UTC 2026","passed","Sat Oct 03 06:52:45 UTC 2026","testcases.backoffice.group.GetListGroupTest","Surefire test","testcases.backoffice.group.GetListGroupTest","getListGroupWithAdminCryptoLogin"
"List Manage Settlement Backoffice Ke Path yang Tidak Ada (Typo)","4642","listManageSettlementWithWrongPath","Surefire suite","Sat Oct 03 07:17:08 UTC 2026","passed","Sat Oct 03 07:17:12 UTC 2026","testcases.backoffice.settlement.ManageSettlementTest","Surefire test","testcases.backoffice.settlement.ManageSettlementTest","listManageSettlementWithWrongPath"
"","6153","listSpecialTransfer","Surefire suite","Sat Oct 03 07:07:24 UTC 2026","passed","Sat Oct 03 07:07:30 UTC 2026","testcases.backoffice.ListTransferTest","Surefire test","testcases.backoffice.ListTransferTest","listSpecialTransfer"
"Inquiry Favorite Account CS","10936","inquiryFavoriteAccountCS","Surefire suite","Sat Oct 03 07:37:58 UTC 2026","passed","Sat Oct 03 07:38:09 UTC 2026","testcases.settings.favoriteaccount.InquiryFavoriteAccountTest","Surefire test","testcases.settings.favoriteaccount.InquiryFavoriteAccountTest","inquiryFavoriteAccountCS"
"Test Get Report Transaction Merchant","8095","getReportTransactionMerchant","Surefire suite","Sat Oct 03 07:07:23 UTC 2026","passed","Sat Oct 03 07:07:31 UTC 2026","testcases.report.ReportTransactionTest","Surefire test","testcases.report.ReportTransactionTest","getReportTransactionMerchant"
"List Manage Settlement Backoffice Dengan Page/Size Negatif","4430","listManageSettlementWithNegativePageSize","Surefire suite","Sat Oct 03 07:16:08 UTC 2026","passed","Sat Oct 03 07:16:13 UTC 2026","testcases.backoffice.settlement.ManageSettlementTest","Surefire test","testcases.backoffice.settlement.ManageSettlementTest","listManageSettlementWithNegativePageSize"
"Get List Group Backoffice Menggunakan Login Marketing","4492","getListGroupWithMarketingLogin","Surefire suite","Sat Oct 03 06:53:58 UTC 2026","passed","Sat Oct 03 06:54:02 UTC 2026","testcases.backoffice.group.GetListGroupTest","Surefire test","testcases.backoffice.group.GetListGroupTest","getListGroupWithMarketingLogin"
"Get List Google Authenticator Dengan Body Berupa JSON Array ([])","4586","listOtpGoogleWithArrayBody","Surefire suite","Sat Oct 03 07:07:57 UTC 2026","passed","Sat Oct 03 07:08:01 UTC 2026","testcases.backoffice.googleauth.ListOtpGoogleTest","Surefire test","testcases.backoffice.googleauth.ListOtpGoogleTest","listOtpGoogleWithArrayBody"
"Refund Summary Tanpa Field startDate","1521","getRefundWithoutStartDate","Surefire suite","Sat Oct 03 07:14:36 UTC 2026","passed","Sat Oct 03 07:14:38 UTC 2026","testcases.backoffice.refund.GetRefundTest","Surefire test","testcases.backoffice.refund.GetRefundTest","getRefundWithoutStartDate"
"Get Notification Sender Dengan pinValidasi Berupa null","4444","getNotificationSenderWithNullPinValidasi","Surefire suite","Sat Oct 03 07:12:04 UTC 2026","passed","Sat Oct 03 07:12:08 UTC 2026","testcases.backoffice.notifsender.NotificationSenderTest","Surefire test","testcases.backoffice.notifsender.NotificationSenderTest","getNotificationSenderWithNullPinValidasi"
"Test Get Report Transaction Supervisor","4899","getReportTransactionSupervisor","Surefire suite","Sat Oct 03 06:31:01 UTC 2026","passed","Sat Oct 03 06:31:06 UTC 2026","testcases.report.ReportTransactionTest","Surefire test","testcases.report.ReportTransactionTest","getReportTransactionSupervisor"
"Add Group Backoffice Dengan Header pbyv Salah","1478","addGroupWithWrongPbyvHeader","Surefire suite","Sat Oct 03 07:02:57 UTC 2026","passed","Sat Oct 03 07:02:59 UTC 2026","testcases.backoffice.group.AddGroupTest","Surefire test","testcases.backoffice.group.AddGroupTest","addGroupWithWrongPbyvHeader"
"Get List Favorite Account Tanpa Field page","1644","getListFavoriteAccountWithoutPageField","Surefire suite","Sat Oct 03 08:45:32 UTC 2026","passed","Sat Oct 03 08:45:34 UTC 2026","testcases.settings.favoriteaccount.GetListFavoriteAccountTest","Surefire test","testcases.settings.favoriteaccount.GetListFavoriteAccountTest","getListFavoriteAccountWithoutPageField"
"Get Notification Sender Tanpa Field pinValidasi","4474","getNotificationSenderWithoutPinValidasi","Surefire suite","Sat Oct 03 07:13:48 UTC 2026","passed","Sat Oct 03 07:13:52 UTC 2026","testcases.backoffice.notifsender.NotificationSenderTest","Surefire test","testcases.backoffice.notifsender.NotificationSenderTest","getNotificationSenderWithoutPinValidasi"
"Delete Google Authenticator Dengan id Berisi Payload XSS","4619","deleteOtpGoogleWithXssId","Surefire suite","Sat Oct 03 06:35:42 UTC 2026","passed","Sat Oct 03 06:35:47 UTC 2026","testcases.backoffice.googleauth.DeleteOtpGoogleTest","Surefire test","testcases.backoffice.googleauth.DeleteOtpGoogleTest","deleteOtpGoogleWithXssId"
"Get History Transfer Test Admin","11182","historyTransferTestAdmin","Surefire suite","Sat Oct 03 08:18:47 UTC 2026","passed","Sat Oct 03 08:18:58 UTC 2026","testcases.history.HistoryTransferTest","Surefire test","testcases.history.HistoryTransferTest","historyTransferTestAdmin"
"Get User Backoffice Dengan Token Tidak Valid","1426","getUserWithInvalidToken","Surefire suite","Sat Oct 03 06:38:12 UTC 2026","passed","Sat Oct 03 06:38:13 UTC 2026","testcases.backoffice.GetDashboardTest","Surefire test","testcases.backoffice.GetDashboardTest","getUserWithInvalidToken"
"Get List Favorite Account Dengan Karakter SQL Injection pada sort","1542","getListFavoriteAccountWithSqlInjectionSort","Surefire suite","Sat Oct 03 08:44:51 UTC 2026","passed","Sat Oct 03 08:44:53 UTC 2026","testcases.settings.favoriteaccount.GetListFavoriteAccountTest","Surefire test","testcases.settings.favoriteaccount.GetListFavoriteAccountTest","getListFavoriteAccountWithSqlInjectionSort"
"Create Manage Settlement BO Tanpa Field companyList","4383","addManageSettlementWithoutCompanyList","Surefire suite","Sat Oct 03 06:49:30 UTC 2026","passed","Sat Oct 03 06:49:35 UTC 2026","testcases.backoffice.settlement.AddManageSettlementTest","Surefire test","testcases.backoffice.settlement.AddManageSettlementTest","addManageSettlementWithoutCompanyList"
"Get List Google Authenticator Menggunakan HTTP Method PUT","4433","listOtpGoogleWithPutMethod","Surefire suite","Sat Oct 03 07:10:10 UTC 2026","passed","Sat Oct 03 07:10:15 UTC 2026","testcases.backoffice.googleauth.ListOtpGoogleTest","Surefire test","testcases.backoffice.googleauth.ListOtpGoogleTest","listOtpGoogleWithPutMethod"
"Normal Transfer with Account Supervisor","7620","transferSupervisor","Surefire suite","Sat Oct 03 06:31:17 UTC 2026","passed","Sat Oct 03 06:31:25 UTC 2026","testcases.transfer.TransferTest","Surefire test","testcases.transfer.TransferTest","transferSupervisor"
"Reset Password Merchant","5147","resetPasswordMerchant","Surefire suite","Sat Oct 03 06:40:38 UTC 2026","passed","Sat Oct 03 06:40:44 UTC 2026","testcases.settings.ResetPasswordTest","Surefire test","testcases.settings.ResetPasswordTest","resetPasswordMerchant"
"Inquiry Favorite Account Dengan Body Kosong ({})","1652","inquiryFavoriteAccountWithEmptyBody","Surefire suite","Sat Oct 03 07:10:06 UTC 2026","passed","Sat Oct 03 07:10:07 UTC 2026","testcases.settings.favoriteaccount.InquiryFavoriteAccountTest","Surefire test","testcases.settings.favoriteaccount.InquiryFavoriteAccountTest","inquiryFavoriteAccountWithEmptyBody"
"Get List Group Backoffice Dengan Token Tidak Valid","1389","getListGroupWithInvalidToken","Surefire suite","Sat Oct 03 06:53:45 UTC 2026","passed","Sat Oct 03 06:53:46 UTC 2026","testcases.backoffice.group.GetListGroupTest","Surefire test","testcases.backoffice.group.GetListGroupTest","getListGroupWithInvalidToken"
"Test Settlement USDT CS Admin dengan check Fee di Admin Crypto dan Admin Fee","44348","settlementUSDTCSAdmin","Surefire suite","Sat Oct 03 07:55:03 UTC 2026","passed","Sat Oct 03 07:55:48 UTC 2026","testcases.backoffice.ApprovalTransferTest","Surefire test","testcases.backoffice.ApprovalTransferTest","settlementUSDTCSAdmin"
"Created Favorite Account Supervisor","4613","createdFavoriteAccountSupervisor","Surefire suite","Sat Oct 03 07:35:07 UTC 2026","passed","Sat Oct 03 07:35:12 UTC 2026","testcases.settings.favoriteaccount.CreatedFavoriteAccountTest","Surefire test","testcases.settings.favoriteaccount.CreatedFavoriteAccountTest","createdFavoriteAccountSupervisor"
"List User Backoffice Dengan Tipe Data Salah pada Field Limit (String, Bukan Integer)","4439","listUsersWithInvalidFieldType","Surefire suite","Sat Oct 03 07:16:10 UTC 2026","passed","Sat Oct 03 07:16:14 UTC 2026","testcases.backoffice.users.ListUsersTest","Surefire test","testcases.backoffice.users.ListUsersTest","listUsersWithInvalidFieldType"
"Refund Summary Tanpa Body Sama Sekali","1406","getRefundWithoutBody","Surefire suite","Sat Oct 03 07:14:23 UTC 2026","passed","Sat Oct 03 07:14:25 UTC 2026","testcases.backoffice.refund.GetRefundTest","Surefire test","testcases.backoffice.refund.GetRefundTest","getRefundWithoutBody"
"Delete Manage Settlement BO Dengan id Berisi Payload XSS","4435","deleteManageSettlementWithXssId","Surefire suite","Sat Oct 03 06:44:48 UTC 2026","passed","Sat Oct 03 06:44:52 UTC 2026","testcases.backoffice.settlement.DeleteManageSettlementTest","Surefire test","testcases.backoffice.settlement.DeleteManageSettlementTest","deleteManageSettlementWithXssId"
"Get Group Detail Backoffice Dengan Path Traversal pada Group Id","4436","getGroupDetailWithPathTraversalId","Surefire suite","Sat Oct 03 06:51:36 UTC 2026","passed","Sat Oct 03 06:51:40 UTC 2026","testcases.backoffice.group.GetGroupTest","Surefire test","testcases.backoffice.group.GetGroupTest","getGroupDetailWithPathTraversalId"
"","4919","listCashDeposit","Surefire suite","Sat Oct 03 06:31:02 UTC 2026","passed","Sat Oct 03 06:31:07 UTC 2026","testcases.backoffice.ListTransferTest","Surefire test","testcases.backoffice.ListTransferTest","listCashDeposit"
"List Waiting Company Backoffice Dengan Body JSON Tidak Valid (Malformed)","4381","listWaitingCompanyWithMalformedJson","Surefire suite","Sat Oct 03 07:18:42 UTC 2026","passed","Sat Oct 03 07:18:47 UTC 2026","testcases.backoffice.ListWaitingCompanyTest","Surefire test","testcases.backoffice.ListWaitingCompanyTest","listWaitingCompanyWithMalformedJson"
"Delete Group Backoffice Dengan Payload XSS pada name","1448","deleteGroupWithXssName","Surefire suite","Sat Oct 03 06:59:13 UTC 2026","passed","Sat Oct 03 06:59:14 UTC 2026","testcases.backoffice.group.DeleteGroupTest","Surefire test","testcases.backoffice.group.DeleteGroupTest","deleteGroupWithXssName"
"Refund Summary Menggunakan Login Customer Service","4420","getRefundWithCSLogin","Surefire suite","Sat Oct 03 07:11:52 UTC 2026","passed","Sat Oct 03 07:11:57 UTC 2026","testcases.backoffice.refund.GetRefundTest","Surefire test","testcases.backoffice.refund.GetRefundTest","getRefundWithCSLogin"
"Success Assignment Cash Deposit","46563","assignCashDepositTest","Surefire suite","Sat Oct 03 07:07:47 UTC 2026","failed","Sat Oct 03 07:08:34 UTC 2026","testcases.backoffice.TransferAssignmentTest","Surefire test","testcases.backoffice.TransferAssignmentTest","assignCashDepositTest"
"Get List Favorite Account Dengan size Negatif","1629","getListFavoriteAccountWithNegativeSize","Surefire suite","Sat Oct 03 08:44:24 UTC 2026","passed","Sat Oct 03 08:44:26 UTC 2026","testcases.settings.favoriteaccount.GetListFavoriteAccountTest","Surefire test","testcases.settings.favoriteaccount.GetListFavoriteAccountTest","getListFavoriteAccountWithNegativeSize"
"Get List Favorite Account Supervisor","4633","getListFavoriteAccountSupervisor","Surefire suite","Sat Oct 03 08:43:32 UTC 2026","passed","Sat Oct 03 08:43:37 UTC 2026","testcases.settings.favoriteaccount.GetListFavoriteAccountTest","Surefire test","testcases.settings.favoriteaccount.GetListFavoriteAccountTest","getListFavoriteAccountSupervisor"
"Add Group Backoffice Menggunakan Login Admin Crypto","4431","addGroupWithAdminCryptoLogin","Surefire suite","Sat Oct 03 06:59:47 UTC 2026","passed","Sat Oct 03 06:59:51 UTC 2026","testcases.backoffice.group.AddGroupTest","Surefire test","testcases.backoffice.group.AddGroupTest","addGroupWithAdminCryptoLogin"
"List Manage Settlement Backoffice Dengan Body Kosong ({})","4444","listManageSettlementWithEmptyBody","Surefire suite","Sat Oct 03 07:14:48 UTC 2026","passed","Sat Oct 03 07:14:52 UTC 2026","testcases.backoffice.settlement.ManageSettlementTest","Surefire test","testcases.backoffice.settlement.ManageSettlementTest","listManageSettlementWithEmptyBody"
"Get History Manual Transfer Test Admin Crypto","7983","historyManualTransferTestAdminCrypto","Surefire suite","Sat Oct 03 08:15:21 UTC 2026","passed","Sat Oct 03 08:15:29 UTC 2026","testcases.history.HistoryTransferTest","Surefire test","testcases.history.HistoryTransferTest","historyManualTransferTestAdminCrypto"
"List Waiting Company Backoffice Dengan Body Kosong ({})","4449","listWaitingCompanyWithEmptyBody","Surefire suite","Sat Oct 03 07:17:56 UTC 2026","passed","Sat Oct 03 07:18:00 UTC 2026","testcases.backoffice.ListWaitingCompanyTest","Surefire test","testcases.backoffice.ListWaitingCompanyTest","listWaitingCompanyWithEmptyBody"
"Created Favorite Account Menggunakan HTTP Method PUT","1523","createdFavoriteAccountWithPutMethod","Surefire suite","Sat Oct 03 07:08:43 UTC 2026","passed","Sat Oct 03 07:08:44 UTC 2026","testcases.settings.favoriteaccount.CreatedFavoriteAccountTest","Surefire test","testcases.settings.favoriteaccount.CreatedFavoriteAccountTest","createdFavoriteAccountWithPutMethod"
"Delete Manage Settlement BO Ke Path yang Tidak Ada (Typo)","4678","deleteManageSettlementWithWrongPath","Surefire suite","Sat Oct 03 06:44:40 UTC 2026","passed","Sat Oct 03 06:44:45 UTC 2026","testcases.backoffice.settlement.DeleteManageSettlementTest","Surefire test","testcases.backoffice.settlement.DeleteManageSettlementTest","deleteManageSettlementWithWrongPath"
"Create Manage Settlement BO Dengan Item companyList Tanpa companyId","4338","addManageSettlementWithoutCompanyId","Surefire suite","Sat Oct 03 06:49:23 UTC 2026","passed","Sat Oct 03 06:49:27 UTC 2026","testcases.backoffice.settlement.AddManageSettlementTest","Surefire test","testcases.backoffice.settlement.AddManageSettlementTest","addManageSettlementWithoutCompanyId"
"Mutasi Transfer Supervisor CS","11739","mutasiTransferSupervisorCS","Surefire suite","Sat Oct 03 08:35:22 UTC 2026","passed","Sat Oct 03 08:35:34 UTC 2026","testcases.mutasi.MutasiTransferTest","Surefire test","testcases.mutasi.MutasiTransferTest","mutasiTransferSupervisorCS"
"Get List Google Authenticator Menggunakan HTTP Method PATCH","4434","listOtpGoogleWithPatchMethod","Surefire suite","Sat Oct 03 07:10:03 UTC 2026","passed","Sat Oct 03 07:10:07 UTC 2026","testcases.backoffice.googleauth.ListOtpGoogleTest","Surefire test","testcases.backoffice.googleauth.ListOtpGoogleTest","listOtpGoogleWithPatchMethod"
"Login Backoffice dengan Username Tidak Terdaftar","3044","testLoginBackofficeNonExistentUsername","Surefire suite","Sat Oct 03 07:22:15 UTC 2026","passed","Sat Oct 03 07:22:18 UTC 2026","testcases.auth.LoginTest","Surefire test","testcases.auth.LoginTest","testLoginBackofficeNonExistentUsername"
"Refund Summary Menggunakan HTTP Method DELETE","1425","getRefundWithDeleteMethod","Surefire suite","Sat Oct 03 07:12:04 UTC 2026","passed","Sat Oct 03 07:12:06 UTC 2026","testcases.backoffice.refund.GetRefundTest","Surefire test","testcases.backoffice.refund.GetRefundTest","getRefundWithDeleteMethod"
"Delete Group Backoffice Dengan Body Berupa JSON Array ([])","1420","deleteGroupWithArrayBody","Surefire suite","Sat Oct 03 06:56:39 UTC 2026","passed","Sat Oct 03 06:56:41 UTC 2026","testcases.backoffice.group.DeleteGroupTest","Surefire test","testcases.backoffice.group.DeleteGroupTest","deleteGroupWithArrayBody"
"List Company Backoffice Tanpa Body Sama Sekali","4529","listCompanyWithoutBody","Surefire suite","Sat Oct 03 07:22:01 UTC 2026","passed","Sat Oct 03 07:22:06 UTC 2026","testcases.backoffice.ListCompanyTest","Surefire test","testcases.backoffice.ListCompanyTest","listCompanyWithoutBody"
"Delete Group Backoffice Dengan Header pbyv Salah","1532","deleteGroupWithWrongPbyvHeader","Surefire suite","Sat Oct 03 06:59:08 UTC 2026","passed","Sat Oct 03 06:59:10 UTC 2026","testcases.backoffice.group.DeleteGroupTest","Surefire test","testcases.backoffice.group.DeleteGroupTest","deleteGroupWithWrongPbyvHeader"
"Add Currency CS Admin Path Dengan Bearer Token Kosong","1549","addCurrencyWithEmptyBearerToken","Surefire suite","Sat Oct 03 08:00:49 UTC 2026","passed","Sat Oct 03 08:00:51 UTC 2026","testcases.backoffice.currency.AddCurrencyTest","Surefire test","testcases.backoffice.currency.AddCurrencyTest","addCurrencyWithEmptyBearerToken"
"Resend Google Authenticator","4688","resendOtpGoogleBO","Surefire suite","Sat Oct 03 07:17:42 UTC 2026","passed","Sat Oct 03 07:17:47 UTC 2026","testcases.backoffice.googleauth.ResendOtpGoogleTest","Surefire test","testcases.backoffice.googleauth.ResendOtpGoogleTest","resendOtpGoogleBO"
"Mutasi Special Transfer Balance CS","25887","mutasiSpecialTransferBalanceCS","Surefire suite","Sat Oct 03 08:31:00 UTC 2026","passed","Sat Oct 03 08:31:25 UTC 2026","testcases.mutasi.MutasiTransferTest","Surefire test","testcases.mutasi.MutasiTransferTest","mutasiSpecialTransferBalanceCS"
"Delete Manage Settlement BO Menggunakan Login Merchant","4501","deleteManageSettlementWithMerchantLogin","Surefire suite","Sat Oct 03 06:43:33 UTC 2026","passed","Sat Oct 03 06:43:37 UTC 2026","testcases.backoffice.settlement.DeleteManageSettlementTest","Surefire test","testcases.backoffice.settlement.DeleteManageSettlementTest","deleteManageSettlementWithMerchantLogin"
"Test Approve Special Transfer Supervisor dengan check Fee di Admin Fee","24886","approvedSpecialTransferSupervisorBalance","Surefire suite","Sat Oct 03 07:48:55 UTC 2026","passed","Sat Oct 03 07:49:20 UTC 2026","testcases.backoffice.ApprovalTransferTest","Surefire test","testcases.backoffice.ApprovalTransferTest","approvedSpecialTransferSupervisorBalance"
"Add Currency CS Admin Path Dengan Karakter SQL Injection pada rate","1522","addCurrencyWithSqlInjectionRate","Surefire suite","Sat Oct 03 08:02:12 UTC 2026","passed","Sat Oct 03 08:02:13 UTC 2026","testcases.backoffice.currency.AddCurrencyTest","Surefire test","testcases.backoffice.currency.AddCurrencyTest","addCurrencyWithSqlInjectionRate"
"Delete Manage Settlement BO Tanpa Login/Header Auth","1399","deleteManageSettlementWithoutAuth","Surefire suite","Sat Oct 03 06:44:55 UTC 2026","passed","Sat Oct 03 06:44:57 UTC 2026","testcases.backoffice.settlement.DeleteManageSettlementTest","Surefire test","testcases.backoffice.settlement.DeleteManageSettlementTest","deleteManageSettlementWithoutAuth"
"Inquiry Favorite Account Dengan Body JSON Tidak Valid (Malformed)","1471","inquiryFavoriteAccountWithMalformedJson","Surefire suite","Sat Oct 03 07:10:28 UTC 2026","passed","Sat Oct 03 07:10:30 UTC 2026","testcases.settings.favoriteaccount.InquiryFavoriteAccountTest","Surefire test","testcases.settings.favoriteaccount.InquiryFavoriteAccountTest","inquiryFavoriteAccountWithMalformedJson"
"Success Login Marketing","3183","testLoginMarketing","Surefire suite","Sat Oct 03 06:30:28 UTC 2026","passed","Sat Oct 03 06:30:31 UTC 2026","testcases.auth.LoginTest","Surefire test","testcases.auth.LoginTest","testLoginMarketing"
"Get History Manual Transfer Test Admin","11117","historyManualTransferTestFeeAdmin","Surefire suite","Sat Oct 03 08:15:46 UTC 2026","passed","Sat Oct 03 08:15:57 UTC 2026","testcases.history.HistoryTransferTest","Surefire test","testcases.history.HistoryTransferTest","historyManualTransferTestFeeAdmin"
"Get Detail Waiting Company Backoffice Menggunakan Login Merchant","4546","getDetailWaitingCompanyWithMerchantLogin","Surefire suite","Sat Oct 03 06:31:39 UTC 2026","passed","Sat Oct 03 06:31:43 UTC 2026","testcases.backoffice.GetDetailWaitingCompanyTest","Surefire test","testcases.backoffice.GetDetailWaitingCompanyTest","getDetailWaitingCompanyWithMerchantLogin"
"Add Group Backoffice Dengan Token Tidak Valid","1467","addGroupWithInvalidToken","Surefire suite","Sat Oct 03 07:01:18 UTC 2026","passed","Sat Oct 03 07:01:20 UTC 2026","testcases.backoffice.group.AddGroupTest","Surefire test","testcases.backoffice.group.AddGroupTest","addGroupWithInvalidToken"
"Delete Google Authenticator Tanpa id (Path Kosong)","4593","deleteOtpGoogleWithEmptyId","Surefire suite","Sat Oct 03 06:33:43 UTC 2026","passed","Sat Oct 03 06:33:48 UTC 2026","testcases.backoffice.googleauth.DeleteOtpGoogleTest","Surefire test","testcases.backoffice.googleauth.DeleteOtpGoogleTest","deleteOtpGoogleWithEmptyId"
"Add Currency CS Admin Path Dengan rate Berupa Boolean","1540","addCurrencyWithBooleanRate","Surefire suite","Sat Oct 03 08:00:23 UTC 2026","passed","Sat Oct 03 08:00:25 UTC 2026","testcases.backoffice.currency.AddCurrencyTest","Surefire test","testcases.backoffice.currency.AddCurrencyTest","addCurrencyWithBooleanRate"
"Get Detail Waiting Company Backoffice Dengan Token Tidak Valid","1414","getDetailWaitingCompanyWithInvalidToken","Surefire suite","Sat Oct 03 06:31:15 UTC 2026","passed","Sat Oct 03 06:31:16 UTC 2026","testcases.backoffice.GetDetailWaitingCompanyTest","Surefire test","testcases.backoffice.GetDetailWaitingCompanyTest","getDetailWaitingCompanyWithInvalidToken"
"Get Notification Sender Menggunakan Login Admin","4485","getNotificationSenderWithAdminLogin","Surefire suite","Sat Oct 03 07:09:24 UTC 2026","passed","Sat Oct 03 07:09:29 UTC 2026","testcases.backoffice.notifsender.NotificationSenderTest","Surefire test","testcases.backoffice.notifsender.NotificationSenderTest","getNotificationSenderWithAdminLogin"
"List Refund Dengan Tipe Data Salah pada Field Limit (String, Bukan Integer)","4569","listRefundWithInvalidFieldType","Surefire suite","Sat Oct 03 08:07:47 UTC 2026","passed","Sat Oct 03 08:07:51 UTC 2026","testcases.backoffice.ListRefundTest","Surefire test","testcases.backoffice.ListRefundTest","listRefundWithInvalidFieldType"
"Generate QR Success paid","6146","paidQR","Surefire suite","Sat Oct 03 06:32:29 UTC 2026","passed","Sat Oct 03 06:32:35 UTC 2026","testcases.QR.GenerateQRPaidTest","Surefire test","testcases.QR.GenerateQRPaidTest","paidQR"
"List Company Backoffice Dengan Ukuran Halaman Sangat Besar","5243","listCompanyWithHugeSize","Surefire suite","Sat Oct 03 07:20:31 UTC 2026","passed","Sat Oct 03 07:20:37 UTC 2026","testcases.backoffice.ListCompanyTest","Surefire test","testcases.backoffice.ListCompanyTest","listCompanyWithHugeSize"
"Delete Group Backoffice Dengan Token Kadaluarsa","1432","deleteGroupWithExpiredToken","Surefire suite","Sat Oct 03 06:57:16 UTC 2026","passed","Sat Oct 03 06:57:18 UTC 2026","testcases.backoffice.group.DeleteGroupTest","Surefire test","testcases.backoffice.group.DeleteGroupTest","deleteGroupWithExpiredToken"
"Created Favorite Account Dengan Token Tidak Valid","1483","createdFavoriteAccountWithInvalidToken","Surefire suite","Sat Oct 03 07:08:20 UTC 2026","passed","Sat Oct 03 07:08:22 UTC 2026","testcases.settings.favoriteaccount.CreatedFavoriteAccountTest","Surefire test","testcases.settings.favoriteaccount.CreatedFavoriteAccountTest","createdFavoriteAccountWithInvalidToken"
"Add Group Backoffice Dengan name Bertipe Angka (Bukan String)","1493","addGroupWithNumericName","Surefire suite","Sat Oct 03 07:02:09 UTC 2026","passed","Sat Oct 03 07:02:11 UTC 2026","testcases.backoffice.group.AddGroupTest","Surefire test","testcases.backoffice.group.AddGroupTest","addGroupWithNumericName"
"Create Manage Settlement BO Menggunakan Login Supervisor","4364","addManageSettlementWithSupervisorLogin","Surefire suite","Sat Oct 03 06:48:41 UTC 2026","passed","Sat Oct 03 06:48:46 UTC 2026","testcases.backoffice.settlement.AddManageSettlementTest","Surefire test","testcases.backoffice.settlement.AddManageSettlementTest","addManageSettlementWithSupervisorLogin"
"Inquiry Test Special Transfer Admin Crypto","4965","inquirySpecialTransferAdminCrypto","Surefire suite","Sat Oct 03 06:31:29 UTC 2026","passed","Sat Oct 03 06:31:34 UTC 2026","testcases.transfer.InquirySpecialTransferTest","Surefire test","testcases.transfer.InquirySpecialTransferTest","inquirySpecialTransferAdminCrypto"
"Delete Google Authenticator Menggunakan Login Supervisor","4542","deleteOtpGoogleWithSupervisorLogin","Surefire suite","Sat Oct 03 06:35:19 UTC 2026","passed","Sat Oct 03 06:35:24 UTC 2026","testcases.backoffice.googleauth.DeleteOtpGoogleTest","Surefire test","testcases.backoffice.googleauth.DeleteOtpGoogleTest","deleteOtpGoogleWithSupervisorLogin"
"Delete Group Backoffice Dengan id Sangat Panjang","1449","deleteGroupWithVeryLongId","Surefire suite","Sat Oct 03 06:58:55 UTC 2026","passed","Sat Oct 03 06:58:56 UTC 2026","testcases.backoffice.group.DeleteGroupTest","Surefire test","testcases.backoffice.group.DeleteGroupTest","deleteGroupWithVeryLongId"
"Mutasi Transfer Supervisor","8517","mutasiTransferSupervisor","Surefire suite","Sat Oct 03 08:34:41 UTC 2026","passed","Sat Oct 03 08:34:50 UTC 2026","testcases.mutasi.MutasiTransferTest","Surefire test","testcases.mutasi.MutasiTransferTest","mutasiTransferSupervisor"
"Edit User Backoffice","4522","editUserBackoffice","Surefire suite","Sat Oct 03 06:36:09 UTC 2026","passed","Sat Oct 03 06:36:14 UTC 2026","testcases.backoffice.users.EditUserTest","Surefire test","testcases.backoffice.users.EditUserTest","editUserBackoffice"
"Get Group Detail Backoffice Dengan Group Id Berisi Spasi","4471","getGroupDetailWithWhitespaceId","Surefire suite","Sat Oct 03 06:52:13 UTC 2026","passed","Sat Oct 03 06:52:18 UTC 2026","testcases.backoffice.group.GetGroupTest","Surefire test","testcases.backoffice.group.GetGroupTest","getGroupDetailWithWhitespaceId"
"Add Group Backoffice Dengan feePlatformPercent Bertipe String","1471","addGroupWithFeeAsString","Surefire suite","Sat Oct 03 07:01:00 UTC 2026","passed","Sat Oct 03 07:01:02 UTC 2026","testcases.backoffice.group.AddGroupTest","Surefire test","testcases.backoffice.group.AddGroupTest","addGroupWithFeeAsString"
"List User Backoffice Dengan Ukuran Halaman Sangat Besar","5154","listUsersWithHugeSize","Surefire suite","Sat Oct 03 07:16:02 UTC 2026","passed","Sat Oct 03 07:16:07 UTC 2026","testcases.backoffice.users.ListUsersTest","Surefire test","testcases.backoffice.users.ListUsersTest","listUsersWithHugeSize"
"Create Manage Settlement BO Dengan Body Kosong ({})","4449","addManageSettlementWithEmptyBody","Surefire suite","Sat Oct 03 06:46:29 UTC 2026","passed","Sat Oct 03 06:46:33 UTC 2026","testcases.backoffice.settlement.AddManageSettlementTest","Surefire test","testcases.backoffice.settlement.AddManageSettlementTest","addManageSettlementWithEmptyBody"
"Delete Favorite Account Tanpa Field id","41239","deleteFavoriteAccountWithoutIdField","Surefire suite","Sat Oct 03 06:39:10 UTC 2026","failed","Sat Oct 03 06:39:51 UTC 2026","testcases.settings.favoriteaccount.DeleteFavoriteAccountTest","Surefire test","testcases.settings.favoriteaccount.DeleteFavoriteAccountTest","deleteFavoriteAccountWithoutIdField"
"Get Dashboard Backoffice Menggunakan Login Customer Service","4382","getDashboardWithCSLogin","Surefire suite","Sat Oct 03 06:36:47 UTC 2026","passed","Sat Oct 03 06:36:51 UTC 2026","testcases.backoffice.GetDashboardTest","Surefire test","testcases.backoffice.GetDashboardTest","getDashboardWithCSLogin"
"Add Group Backoffice Tanpa Field feeBankPercent","1481","addGroupWithMissingFeeField","Surefire suite","Sat Oct 03 07:01:51 UTC 2026","passed","Sat Oct 03 07:01:53 UTC 2026","testcases.backoffice.group.AddGroupTest","Surefire test","testcases.backoffice.group.AddGroupTest","addGroupWithMissingFeeField"
"Get List Google Authenticator Dengan Token Tidak Valid","1448","listOtpGoogleWithInvalidToken","Surefire suite","Sat Oct 03 07:09:09 UTC 2026","passed","Sat Oct 03 07:09:10 UTC 2026","testcases.backoffice.googleauth.ListOtpGoogleTest","Surefire test","testcases.backoffice.googleauth.ListOtpGoogleTest","listOtpGoogleWithInvalidToken"
"Test Approve Special Transfer dengan check Fee di Admin Fee","24784","approvedSpecialTransferBalance","Surefire suite","Sat Oct 03 07:48:13 UTC 2026","passed","Sat Oct 03 07:48:38 UTC 2026","testcases.backoffice.ApprovalTransferTest","Surefire test","testcases.backoffice.ApprovalTransferTest","approvedSpecialTransferBalance"
"List Manage Settlement Backoffice Dengan Body Berupa Literal null","4374","listManageSettlementWithNullLiteralBody","Surefire suite","Sat Oct 03 07:16:16 UTC 2026","passed","Sat Oct 03 07:16:20 UTC 2026","testcases.backoffice.settlement.ManageSettlementTest","Surefire test","testcases.backoffice.settlement.ManageSettlementTest","listManageSettlementWithNullLiteralBody"
"Inquiry Favorite Account Dengan Header Authorization Tanpa Skema Bearer","1614","inquiryFavoriteAccountWithMalformedAuthorizationHeader","Surefire suite","Sat Oct 03 07:10:24 UTC 2026","passed","Sat Oct 03 07:10:25 UTC 2026","testcases.settings.favoriteaccount.InquiryFavoriteAccountTest","Surefire test","testcases.settings.favoriteaccount.InquiryFavoriteAccountTest","inquiryFavoriteAccountWithMalformedAuthorizationHeader"
"Delete Group Backoffice Menggunakan Login CS Admin","4395","deleteGroupWithCSAdminLogin","Surefire suite","Sat Oct 03 06:56:44 UTC 2026","passed","Sat Oct 03 06:56:48 UTC 2026","testcases.backoffice.group.DeleteGroupTest","Surefire test","testcases.backoffice.group.DeleteGroupTest","deleteGroupWithCSAdminLogin"
"Mutasi Special Transfer","21508","mutasiSpecialTransfer","Surefire suite","Sat Oct 03 08:30:07 UTC 2026","passed","Sat Oct 03 08:30:28 UTC 2026","testcases.mutasi.MutasiTransferTest","Surefire test","testcases.mutasi.MutasiTransferTest","mutasiSpecialTransfer"
"Test Rejected Manual Transfer Supervisor","17221","rejectedCashDepositSupervisor","Surefire suite","Sat Oct 03 07:52:46 UTC 2026","passed","Sat Oct 03 07:53:04 UTC 2026","testcases.backoffice.ApprovalTransferTest","Surefire test","testcases.backoffice.ApprovalTransferTest","rejectedCashDepositSupervisor"
"Get Notification Sender Dengan pinValidasi Salah","4477","getNotificationSenderWithWrongPinValidasi","Surefire suite","Sat Oct 03 07:13:21 UTC 2026","passed","Sat Oct 03 07:13:26 UTC 2026","testcases.backoffice.notifsender.NotificationSenderTest","Surefire test","testcases.backoffice.notifsender.NotificationSenderTest","getNotificationSenderWithWrongPinValidasi"
"Add Currency CS Admin Path Menggunakan Login Backoffice","4581","addCurrencyWithBackofficeLogin","Surefire suite","Sat Oct 03 08:00:16 UTC 2026","passed","Sat Oct 03 08:00:20 UTC 2026","testcases.backoffice.currency.AddCurrencyTest","Surefire test","testcases.backoffice.currency.AddCurrencyTest","addCurrencyWithBackofficeLogin"
"Get Notification Sender","6099","getNotificationSender","Surefire suite","Sat Oct 03 07:09:08 UTC 2026","passed","Sat Oct 03 07:09:14 UTC 2026","testcases.backoffice.notifsender.NotificationSenderTest","Surefire test","testcases.backoffice.notifsender.NotificationSenderTest","getNotificationSender"
"Get List Favorite Account Dengan Body Kosong ({})","1748","getListFavoriteAccountWithEmptyBody","Surefire suite","Sat Oct 03 08:43:52 UTC 2026","passed","Sat Oct 03 08:43:54 UTC 2026","testcases.settings.favoriteaccount.GetListFavoriteAccountTest","Surefire test","testcases.settings.favoriteaccount.GetListFavoriteAccountTest","getListFavoriteAccountWithEmptyBody"
"Request Refund Transfer Admin Crypto","4936","refundTransferAdminCrypto","Surefire suite","Sat Oct 03 06:31:45 UTC 2026","passed","Sat Oct 03 06:31:50 UTC 2026","testcases.transfer.RefundTransferTest","Surefire test","testcases.transfer.RefundTransferTest","refundTransferAdminCrypto"
"Get Dashboard Backoffice Menggunakan Login Admin","4486","getDashboardWithAdminLogin","Surefire suite","Sat Oct 03 06:36:32 UTC 2026","passed","Sat Oct 03 06:36:36 UTC 2026","testcases.backoffice.GetDashboardTest","Surefire test","testcases.backoffice.GetDashboardTest","getDashboardWithAdminLogin"
"List Waiting Company Backoffice Dengan Ukuran Halaman Sangat Besar","4584","listWaitingCompanyWithHugeSize","Surefire suite","Sat Oct 03 07:18:11 UTC 2026","passed","Sat Oct 03 07:18:16 UTC 2026","testcases.backoffice.ListWaitingCompanyTest","Surefire test","testcases.backoffice.ListWaitingCompanyTest","listWaitingCompanyWithHugeSize"
"List Waiting Company Backoffice Menggunakan Login Marketing","4417","listWaitingCompanyWithMarketingLogin","Surefire suite","Sat Oct 03 07:18:50 UTC 2026","passed","Sat Oct 03 07:18:54 UTC 2026","testcases.backoffice.ListWaitingCompanyTest","Surefire test","testcases.backoffice.ListWaitingCompanyTest","listWaitingCompanyWithMarketingLogin"
"Delete Group Backoffice Dengan Body Kosong ({})","1553","deleteGroupWithEmptyBody","Surefire suite","Sat Oct 03 06:57:03 UTC 2026","passed","Sat Oct 03 06:57:04 UTC 2026","testcases.backoffice.group.DeleteGroupTest","Surefire test","testcases.backoffice.group.DeleteGroupTest","deleteGroupWithEmptyBody"
"Delete Group Backoffice Dengan Karakter SQL Injection pada id","1469","deleteGroupWithSqlInjectionId","Surefire suite","Sat Oct 03 06:58:38 UTC 2026","passed","Sat Oct 03 06:58:40 UTC 2026","testcases.backoffice.group.DeleteGroupTest","Surefire test","testcases.backoffice.group.DeleteGroupTest","deleteGroupWithSqlInjectionId"
"Mutasi Transfer Supervisor Balance","10292","mutasiTransferSupervisorBalance","Surefire suite","Sat Oct 03 08:34:53 UTC 2026","passed","Sat Oct 03 08:35:03 UTC 2026","testcases.mutasi.MutasiTransferTest","Surefire test","testcases.mutasi.MutasiTransferTest","mutasiTransferSupervisorBalance"
"Delete Google Authenticator Dengan id Valid Secara Format Tapi Tidak Ada","4446","deleteOtpGoogleWithNonExistentId","Surefire suite","Sat Oct 03 06:34:34 UTC 2026","passed","Sat Oct 03 06:34:39 UTC 2026","testcases.backoffice.googleauth.DeleteOtpGoogleTest","Surefire test","testcases.backoffice.googleauth.DeleteOtpGoogleTest","deleteOtpGoogleWithNonExistentId"
"Delete Group Backoffice Dengan id yang Tidak Pernah Ada","1470","deleteGroupWithNonExistentId","Surefire suite","Sat Oct 03 06:58:21 UTC 2026","passed","Sat Oct 03 06:58:22 UTC 2026","testcases.backoffice.group.DeleteGroupTest","Surefire test","testcases.backoffice.group.DeleteGroupTest","deleteGroupWithNonExistentId"
"List Manage Settlement Backoffice","4640","listManageSettlementTest","Surefire suite","Sat Oct 03 07:13:55 UTC 2026","passed","Sat Oct 03 07:14:00 UTC 2026","testcases.backoffice.settlement.ManageSettlementTest","Surefire test","testcases.backoffice.settlement.ManageSettlementTest","listManageSettlementTest"
"Refund Summary Tanpa Field endDate","1461","getRefundWithoutEndDate","Surefire suite","Sat Oct 03 07:14:28 UTC 2026","passed","Sat Oct 03 07:14:29 UTC 2026","testcases.backoffice.refund.GetRefundTest","Surefire test","testcases.backoffice.refund.GetRefundTest","getRefundWithoutEndDate"
"Get Group Detail Backoffice Tanpa Login/Header Auth","2233","getGroupDetailWithoutAuth","Surefire suite","Sat Oct 03 06:52:28 UTC 2026","passed","Sat Oct 03 06:52:30 UTC 2026","testcases.backoffice.group.GetGroupTest","Surefire test","testcases.backoffice.group.GetGroupTest","getGroupDetailWithoutAuth"
"Get List Google Authenticator Dengan Sort Tanpa Operator '=='","4462","listOtpGoogleWithMalformedSortOperator","Surefire suite","Sat Oct 03 07:09:25 UTC 2026","passed","Sat Oct 03 07:09:30 UTC 2026","testcases.backoffice.googleauth.ListOtpGoogleTest","Surefire test","testcases.backoffice.googleauth.ListOtpGoogleTest","listOtpGoogleWithMalformedSortOperator"
"Get List Favorite Account Dengan page Melebihi Total Halaman","1616","getListFavoriteAccountWithPageBeyondTotalPages","Surefire suite","Sat Oct 03 08:44:33 UTC 2026","passed","Sat Oct 03 08:44:35 UTC 2026","testcases.settings.favoriteaccount.GetListFavoriteAccountTest","Surefire test","testcases.settings.favoriteaccount.GetListFavoriteAccountTest","getListFavoriteAccountWithPageBeyondTotalPages"
"List Currency USDT Menggunakan Login Merchant","4480","getCurrencyWithMerchantLogin","Surefire suite","Sat Oct 03 07:05:08 UTC 2026","passed","Sat Oct 03 07:05:12 UTC 2026","testcases.backoffice.currency.GetCurrencyTest","Surefire test","testcases.backoffice.currency.GetCurrencyTest","getCurrencyWithMerchantLogin"
"Create Manage Settlement BO Menggunakan Login Admin","4463","addManageSettlementWithAdminLogin","Surefire suite","Sat Oct 03 06:45:39 UTC 2026","passed","Sat Oct 03 06:45:43 UTC 2026","testcases.backoffice.settlement.AddManageSettlementTest","Surefire test","testcases.backoffice.settlement.AddManageSettlementTest","addManageSettlementWithAdminLogin"
"Get List Google Authenticator Dengan Field Tidak Dikenal pada Body","4542","listOtpGoogleWithUnknownField","Surefire suite","Sat Oct 03 07:10:33 UTC 2026","passed","Sat Oct 03 07:10:38 UTC 2026","testcases.backoffice.googleauth.ListOtpGoogleTest","Surefire test","testcases.backoffice.googleauth.ListOtpGoogleTest","listOtpGoogleWithUnknownField"
"Refund Summary Dengan endDate Bukan Format Tanggal","1435","getRefundWithInvalidEndDate","Surefire suite","Sat Oct 03 07:12:31 UTC 2026","passed","Sat Oct 03 07:12:33 UTC 2026","testcases.backoffice.refund.GetRefundTest","Surefire test","testcases.backoffice.refund.GetRefundTest","getRefundWithInvalidEndDate"
"List Waiting Company Backoffice Menggunakan Login Supervisor","4470","listWaitingCompanyWithSupervisorLogin","Surefire suite","Sat Oct 03 07:19:19 UTC 2026","passed","Sat Oct 03 07:19:24 UTC 2026","testcases.backoffice.ListWaitingCompanyTest","Surefire test","testcases.backoffice.ListWaitingCompanyTest","listWaitingCompanyWithSupervisorLogin"
"Normal Flop Transfer Success","7025","transfer","Surefire suite","Sat Oct 03 06:48:38 UTC 2026","passed","Sat Oct 03 06:48:45 UTC 2026","testcases.transfer.TransferFlopTest","Surefire test","testcases.transfer.TransferFlopTest","transfer"
"Inquiry Favorite Account Menggunakan HTTP Method PATCH","1441","inquiryFavoriteAccountWithPatchMethod","Surefire suite","Sat Oct 03 07:10:42 UTC 2026","passed","Sat Oct 03 07:10:43 UTC 2026","testcases.settings.favoriteaccount.InquiryFavoriteAccountTest","Surefire test","testcases.settings.favoriteaccount.InquiryFavoriteAccountTest","inquiryFavoriteAccountWithPatchMethod"
"Get List Group Company BO Dengan Token Backoffice Valid Tapi Tanpa Header pbyv","4418","getListGroupCompanyWithoutPbyvHeader","Surefire suite","Sat Oct 03 06:41:43 UTC 2026","passed","Sat Oct 03 06:41:47 UTC 2026","testcases.backoffice.settlement.GetListGroupCompanyTest","Surefire test","testcases.backoffice.settlement.GetListGroupCompanyTest","getListGroupCompanyWithoutPbyvHeader"
"Test Approved USDT","16965","approvedUSDT","Surefire suite","Sat Oct 03 07:49:23 UTC 2026","passed","Sat Oct 03 07:49:40 UTC 2026","testcases.backoffice.ApprovalTransferTest","Surefire test","testcases.backoffice.ApprovalTransferTest","approvedUSDT"
"Get Balance Admin Transfer","8551","getBalanceAdmin","Surefire suite","Sat Oct 03 06:30:20 UTC 2026","passed","Sat Oct 03 06:30:29 UTC 2026","testcases.balance.GetBalanceTransferTest","Surefire test","testcases.balance.GetBalanceTransferTest","getBalanceAdmin"
"List Waiting Company Backoffice Dengan Header Authorization Tanpa Skema Bearer","1413","listWaitingCompanyWithMalformedAuthorizationHeader","Surefire suite","Sat Oct 03 07:18:38 UTC 2026","passed","Sat Oct 03 07:18:39 UTC 2026","testcases.backoffice.ListWaitingCompanyTest","Surefire test","testcases.backoffice.ListWaitingCompanyTest","listWaitingCompanyWithMalformedAuthorizationHeader"
"Mutasi Transfer","8382","mutasiTransferAdminCrypto","Surefire suite","Sat Oct 03 08:33:47 UTC 2026","passed","Sat Oct 03 08:33:55 UTC 2026","testcases.mutasi.MutasiTransferTest","Surefire test","testcases.mutasi.MutasiTransferTest","mutasiTransferAdminCrypto"
"List Refund Menggunakan Login Merchant","4769","listRefundMerchant","Surefire suite","Sat Oct 03 08:07:01 UTC 2026","passed","Sat Oct 03 08:07:05 UTC 2026","testcases.backoffice.ListRefundTest","Surefire test","testcases.backoffice.ListRefundTest","listRefundMerchant"
"Mutasi USDT Transfer CS","26794","mutasiUSDTTransferCS","Surefire suite","Sat Oct 03 08:37:48 UTC 2026","passed","Sat Oct 03 08:38:15 UTC 2026","testcases.mutasi.MutasiTransferTest","Surefire test","testcases.mutasi.MutasiTransferTest","mutasiUSDTTransferCS"
"Transfer Different Partner Reference, Transfer to Manual Transfer","47339","trfPartnerRefTransferFailed","Surefire suite","Sat Oct 03 07:13:52 UTC 2026","passed","Sat Oct 03 07:14:40 UTC 2026","testcases.transfer.ManualTransferTest","Surefire test","testcases.transfer.ManualTransferTest","trfPartnerRefTransferFailed"
"Delete Favorite Account CS","12543","deleteFavoriteAccountCS","Surefire suite","Sat Oct 03 07:41:31 UTC 2026","passed","Sat Oct 03 07:41:44 UTC 2026","testcases.settings.favoriteaccount.DeleteFavoriteAccountTest","Surefire test","testcases.settings.favoriteaccount.DeleteFavoriteAccountTest","deleteFavoriteAccountCS"
"Add Merchant From Backoffice","5222","addCompanyBackoffice","Surefire suite","Sat Oct 03 06:38:28 UTC 2026","passed","Sat Oct 03 06:38:33 UTC 2026","testcases.backoffice.AddCompanyTest","Surefire test","testcases.backoffice.AddCompanyTest","addCompanyBackoffice"
"List Currency USDT Menggunakan Login Supervisor","4517","getCurrencyWithSupervisorLogin","Surefire suite","Sat Oct 03 07:05:38 UTC 2026","passed","Sat Oct 03 07:05:42 UTC 2026","testcases.backoffice.currency.GetCurrencyTest","Surefire test","testcases.backoffice.currency.GetCurrencyTest","getCurrencyWithSupervisorLogin"
"Get List Favorite Account Dengan Header Authorization Tanpa Skema Bearer","1465","getListFavoriteAccountWithMalformedAuthorizationHeader","Surefire suite","Sat Oct 03 08:44:10 UTC 2026","passed","Sat Oct 03 08:44:12 UTC 2026","testcases.settings.favoriteaccount.GetListFavoriteAccountTest","Surefire test","testcases.settings.favoriteaccount.GetListFavoriteAccountTest","getListFavoriteAccountWithMalformedAuthorizationHeader"
"Check Status QR Dengan id Sangat Panjang","1447","checkStatusQRWithOverlongId","Surefire suite","Sat Oct 03 07:17:08 UTC 2026","passed","Sat Oct 03 07:17:10 UTC 2026","testcases.QR.CheckStatusQRTest","Surefire test","testcases.QR.CheckStatusQRTest","checkStatusQRWithOverlongId"
"Reset Password Backoffice","7940","resetPasswordBackoffice","Surefire suite","Sat Oct 03 07:07:11 UTC 2026","passed","Sat Oct 03 07:07:19 UTC 2026","testcases.settings.ResetPasswordTest","Surefire test","testcases.settings.ResetPasswordTest","resetPasswordBackoffice"
"Create Manage Settlement BO Dengan groupName Berupa null","4483","addManageSettlementWithNullGroupName","Surefire suite","Sat Oct 03 06:47:57 UTC 2026","passed","Sat Oct 03 06:48:01 UTC 2026","testcases.backoffice.settlement.AddManageSettlementTest","Surefire test","testcases.backoffice.settlement.AddManageSettlementTest","addManageSettlementWithNullGroupName"
"List Refund Menggunakan Login CS Admin","4506","listRefundWithCSAdminLogin","Surefire suite","Sat Oct 03 08:07:16 UTC 2026","passed","Sat Oct 03 08:07:20 UTC 2026","testcases.backoffice.ListRefundTest","Surefire test","testcases.backoffice.ListRefundTest","listRefundWithCSAdminLogin"
"Inquiry Test Manual Transfer Merchant","4693","inquiryManualTransfer","Surefire suite","Sat Oct 03 07:15:33 UTC 2026","passed","Sat Oct 03 07:15:37 UTC 2026","testcases.transfer.InquiryManualTransferTest","Surefire test","testcases.transfer.InquiryManualTransferTest","inquiryManualTransfer"
"Mutasi Special Transfer CS","20389","mutasiSpecialTransferCS","Surefire suite","Sat Oct 03 08:32:26 UTC 2026","passed","Sat Oct 03 08:32:46 UTC 2026","testcases.mutasi.MutasiTransferTest","Surefire test","testcases.mutasi.MutasiTransferTest","mutasiSpecialTransferCS"
"Delete Manage Settlement BO Menggunakan HTTP Method PUT","4441","deleteManageSettlementWithPutMethod","Surefire suite","Sat Oct 03 06:44:10 UTC 2026","passed","Sat Oct 03 06:44:15 UTC 2026","testcases.backoffice.settlement.DeleteManageSettlementTest","Surefire test","testcases.backoffice.settlement.DeleteManageSettlementTest","deleteManageSettlementWithPutMethod"
"List Waiting Company Backoffice Dengan Karakter SQL Injection pada Field Param","4433","listWaitingCompanyWithSqlInjectionParam","Surefire suite","Sat Oct 03 07:19:12 UTC 2026","passed","Sat Oct 03 07:19:16 UTC 2026","testcases.backoffice.ListWaitingCompanyTest","Surefire test","testcases.backoffice.ListWaitingCompanyTest","listWaitingCompanyWithSqlInjectionParam"
"Get List Favorite Account Dengan size Bertipe String","1591","getListFavoriteAccountWithSizeAsString","Surefire suite","Sat Oct 03 08:44:47 UTC 2026","passed","Sat Oct 03 08:44:48 UTC 2026","testcases.settings.favoriteaccount.GetListFavoriteAccountTest","Surefire test","testcases.settings.favoriteaccount.GetListFavoriteAccountTest","getListFavoriteAccountWithSizeAsString"
"Create Manage Settlement BO Dengan Body Berupa Literal null","4381","addManageSettlementWithNullLiteralBody","Surefire suite","Sat Oct 03 06:48:04 UTC 2026","passed","Sat Oct 03 06:48:09 UTC 2026","testcases.backoffice.settlement.AddManageSettlementTest","Surefire test","testcases.backoffice.settlement.AddManageSettlementTest","addManageSettlementWithNullLiteralBody"
"Get Dashboard Backoffice Tanpa Login/Header Auth","1446","getDashboardWithoutAuth","Surefire suite","Sat Oct 03 06:37:21 UTC 2026","passed","Sat Oct 03 06:37:22 UTC 2026","testcases.backoffice.GetDashboardTest","Surefire test","testcases.backoffice.GetDashboardTest","getDashboardWithoutAuth"
"Created Favorite Account Dengan Header credentialId Salah","1531","createdFavoriteAccountWithWrongCredentialIdHeader","Surefire suite","Sat Oct 03 07:09:01 UTC 2026","failed","Sat Oct 03 07:09:02 UTC 2026","testcases.settings.favoriteaccount.CreatedFavoriteAccountTest","Surefire test","testcases.settings.favoriteaccount.CreatedFavoriteAccountTest","createdFavoriteAccountWithWrongCredentialIdHeader"
"List Currency USDT Menggunakan HTTP Method DELETE","2619","getCurrencyWithDeleteMethod","Surefire suite","Sat Oct 03 07:04:09 UTC 2026","passed","Sat Oct 03 07:04:12 UTC 2026","testcases.backoffice.currency.GetCurrencyTest","Surefire test","testcases.backoffice.currency.GetCurrencyTest","getCurrencyWithDeleteMethod"
"Success Assignment USDT","12682","assignUSDTTest","Surefire suite","Sat Oct 03 07:08:52 UTC 2026","passed","Sat Oct 03 07:09:05 UTC 2026","testcases.backoffice.TransferAssignmentTest","Surefire test","testcases.backoffice.TransferAssignmentTest","assignUSDTTest"
"List Waiting Company Backoffice Dengan Field Sort Merujuk ke Kolom yang Tidak Ada","4526","listWaitingCompanyWithInvalidSortField","Surefire suite","Sat Oct 03 07:18:26 UTC 2026","passed","Sat Oct 03 07:18:30 UTC 2026","testcases.backoffice.ListWaitingCompanyTest","Surefire test","testcases.backoffice.ListWaitingCompanyTest","listWaitingCompanyWithInvalidSortField"
"Delete Google Authenticator Ke Path yang Tidak Ada (Typo)","4597","deleteOtpGoogleWithWrongPath","Surefire suite","Sat Oct 03 06:35:34 UTC 2026","passed","Sat Oct 03 06:35:39 UTC 2026","testcases.backoffice.googleauth.DeleteOtpGoogleTest","Surefire test","testcases.backoffice.googleauth.DeleteOtpGoogleTest","deleteOtpGoogleWithWrongPath"
"Get List Group Backoffice Dengan Field Tidak Dikenal pada Body","1533","getListGroupWithUnknownField","Surefire suite","Sat Oct 03 06:55:00 UTC 2026","passed","Sat Oct 03 06:55:02 UTC 2026","testcases.backoffice.group.GetListGroupTest","Surefire test","testcases.backoffice.group.GetListGroupTest","getListGroupWithUnknownField"
"Delete Favorite Account Dengan Body Berupa Literal null","1452","deleteFavoriteAccountWithNullLiteralBody","Surefire suite","Sat Oct 03 06:34:06 UTC 2026","passed","Sat Oct 03 06:34:07 UTC 2026","testcases.settings.favoriteaccount.DeleteFavoriteAccountTest","Surefire test","testcases.settings.favoriteaccount.DeleteFavoriteAccountTest","deleteFavoriteAccountWithNullLiteralBody"
"Delete Manage Settlement BO Menggunakan Login Supervisor","4497","deleteManageSettlementWithSupervisorLogin","Surefire suite","Sat Oct 03 06:44:25 UTC 2026","passed","Sat Oct 03 06:44:30 UTC 2026","testcases.backoffice.settlement.DeleteManageSettlementTest","Surefire test","testcases.backoffice.settlement.DeleteManageSettlementTest","deleteManageSettlementWithSupervisorLogin"
"List Refund Tanpa Body Sama Sekali","4501","listRefundWithoutBody","Surefire suite","Sat Oct 03 08:09:04 UTC 2026","passed","Sat Oct 03 08:09:08 UTC 2026","testcases.backoffice.ListRefundTest","Surefire test","testcases.backoffice.ListRefundTest","listRefundWithoutBody"
"Normal Manual Transfer Success Admin Crypto","6970","manualTransferAdminCrypto","Surefire suite","Sat Oct 03 06:32:10 UTC 2026","passed","Sat Oct 03 06:32:17 UTC 2026","testcases.transfer.ManualTransferTest","Surefire test","testcases.transfer.ManualTransferTest","manualTransferAdminCrypto"
"Get Detail User Backoffice","4376","getUsersBO","Surefire suite","Sat Oct 03 07:14:46 UTC 2026","passed","Sat Oct 03 07:14:50 UTC 2026","testcases.backoffice.users.ListUsersTest","Surefire test","testcases.backoffice.users.ListUsersTest","getUsersBO"
"Refund Summary Dengan Body JSON Tidak Valid (Malformed)","1402","getRefundWithMalformedJson","Surefire suite","Sat Oct 03 07:12:54 UTC 2026","passed","Sat Oct 03 07:12:55 UTC 2026","testcases.backoffice.refund.GetRefundTest","Surefire test","testcases.backoffice.refund.GetRefundTest","getRefundWithMalformedJson"
"Delete Favorite Account Dengan Karakter SQL Injection pada id","1592","deleteFavoriteAccountWithSqlInjectionId","Surefire suite","Sat Oct 03 06:34:19 UTC 2026","passed","Sat Oct 03 06:34:21 UTC 2026","testcases.settings.favoriteaccount.DeleteFavoriteAccountTest","Surefire test","testcases.settings.favoriteaccount.DeleteFavoriteAccountTest","deleteFavoriteAccountWithSqlInjectionId"
"Get List Favorite Account Dengan Body Berupa Literal null","1427","getListFavoriteAccountWithNullLiteralBody","Surefire suite","Sat Oct 03 08:44:29 UTC 2026","passed","Sat Oct 03 08:44:30 UTC 2026","testcases.settings.favoriteaccount.GetListFavoriteAccountTest","Surefire test","testcases.settings.favoriteaccount.GetListFavoriteAccountTest","getListFavoriteAccountWithNullLiteralBody"
"Get List Group Backoffice Menggunakan HTTP Method DELETE","1403","getListGroupWithDeleteMethod","Surefire suite","Sat Oct 03 06:53:18 UTC 2026","passed","Sat Oct 03 06:53:20 UTC 2026","testcases.backoffice.group.GetListGroupTest","Surefire test","testcases.backoffice.group.GetListGroupTest","getListGroupWithDeleteMethod"
"Get List Group Company BO Tanpa Login/Header Auth","1490","getListGroupCompanyWithoutAuth","Surefire suite","Sat Oct 03 06:41:27 UTC 2026","passed","Sat Oct 03 06:41:28 UTC 2026","testcases.backoffice.settlement.GetListGroupCompanyTest","Surefire test","testcases.backoffice.settlement.GetListGroupCompanyTest","getListGroupCompanyWithoutAuth"
"Refund Summary Dengan Token Backoffice Valid Tapi Tanpa Header pbyv","1430","getRefundWithoutPbyvHeader","Surefire suite","Sat Oct 03 07:14:32 UTC 2026","passed","Sat Oct 03 07:14:33 UTC 2026","testcases.backoffice.refund.GetRefundTest","Surefire test","testcases.backoffice.refund.GetRefundTest","getRefundWithoutPbyvHeader"
"Login Backoffice dengan Captcha Salah","2937","testLoginBackofficeWrongCaptcha","Surefire suite","Sat Oct 03 07:22:21 UTC 2026","passed","Sat Oct 03 07:22:24 UTC 2026","testcases.auth.LoginTest","Surefire test","testcases.auth.LoginTest","testLoginBackofficeWrongCaptcha"
"Delete Group Backoffice Menggunakan Login Admin","4417","deleteGroupWithAdminLogin","Surefire suite","Sat Oct 03 06:56:32 UTC 2026","passed","Sat Oct 03 06:56:36 UTC 2026","testcases.backoffice.group.DeleteGroupTest","Surefire test","testcases.backoffice.group.DeleteGroupTest","deleteGroupWithAdminLogin"
"Get List Favorite Account Tanpa Field size","1571","getListFavoriteAccountWithoutSizeField","Surefire suite","Sat Oct 03 08:45:37 UTC 2026","passed","Sat Oct 03 08:45:39 UTC 2026","testcases.settings.favoriteaccount.GetListFavoriteAccountTest","Surefire test","testcases.settings.favoriteaccount.GetListFavoriteAccountTest","getListFavoriteAccountWithoutSizeField"
"Add Group Backoffice Dengan Token Backoffice Valid Tapi Tanpa Header pbyv","1438","addGroupWithoutPbyvHeader","Surefire suite","Sat Oct 03 07:03:20 UTC 2026","passed","Sat Oct 03 07:03:21 UTC 2026","testcases.backoffice.group.AddGroupTest","Surefire test","testcases.backoffice.group.AddGroupTest","addGroupWithoutPbyvHeader"
"Mutasi Transaction Admin","8059","mutasiAdmin","Surefire suite","Sat Oct 03 08:25:27 UTC 2026","passed","Sat Oct 03 08:25:35 UTC 2026","testcases.mutasi.MutasiTransferTest","Surefire test","testcases.mutasi.MutasiTransferTest","mutasiAdmin"
"Get Notification Sender Menggunakan Login Supervisor","5772","getNotificationSenderWithSupervisorLogin","Surefire suite","Sat Oct 03 07:12:49 UTC 2026","passed","Sat Oct 03 07:12:55 UTC 2026","testcases.backoffice.notifsender.NotificationSenderTest","Surefire test","testcases.backoffice.notifsender.NotificationSenderTest","getNotificationSenderWithSupervisorLogin"
"Delete Manage Settlement BO Dengan id Berisi Spasi","4430","deleteManageSettlementWithWhitespaceId","Surefire suite","Sat Oct 03 06:44:33 UTC 2026","passed","Sat Oct 03 06:44:37 UTC 2026","testcases.backoffice.settlement.DeleteManageSettlementTest","Surefire test","testcases.backoffice.settlement.DeleteManageSettlementTest","deleteManageSettlementWithWhitespaceId"
"Get Detail Waiting Company Backoffice Dengan Header Authorization Tanpa Skema Bearer","1430","getDetailWaitingCompanyWithMalformedAuthorizationHeader","Surefire suite","Sat Oct 03 06:31:19 UTC 2026","passed","Sat Oct 03 06:31:21 UTC 2026","testcases.backoffice.GetDetailWaitingCompanyTest","Surefire test","testcases.backoffice.GetDetailWaitingCompanyTest","getDetailWaitingCompanyWithMalformedAuthorizationHeader"
"List Currency USDT Dengan Body JSON Tidak Valid (Malformed)","1429","getCurrencyWithMalformedJson","Surefire suite","Sat Oct 03 07:04:51 UTC 2026","passed","Sat Oct 03 07:04:52 UTC 2026","testcases.backoffice.currency.GetCurrencyTest","Surefire test","testcases.backoffice.currency.GetCurrencyTest","getCurrencyWithMalformedJson"
"Success Login Admin","3021","testLoginAdmin","Surefire suite","Sat Oct 03 06:32:11 UTC 2026","passed","Sat Oct 03 06:32:14 UTC 2026","testcases.auth.LoginTest","Surefire test","testcases.auth.LoginTest","testLoginAdmin"
"List User Backoffice Menggunakan Login Marketing","4569","listUsersWithMarketingLogin","Surefire suite","Sat Oct 03 07:16:37 UTC 2026","passed","Sat Oct 03 07:16:41 UTC 2026","testcases.backoffice.users.ListUsersTest","Surefire test","testcases.backoffice.users.ListUsersTest","listUsersWithMarketingLogin"
"Check Status QR Dengan id Berisi Spasi","1510","checkStatusQRWithWhitespaceId","Surefire suite","Sat Oct 03 07:17:36 UTC 2026","failed","Sat Oct 03 07:17:37 UTC 2026","testcases.QR.CheckStatusQRTest","Surefire test","testcases.QR.CheckStatusQRTest","checkStatusQRWithWhitespaceId"
"Add Group Backoffice Menggunakan Login Merchant","4559","addGroupWithMerchantLogin","Surefire suite","Sat Oct 03 07:01:44 UTC 2026","passed","Sat Oct 03 07:01:48 UTC 2026","testcases.backoffice.group.AddGroupTest","Surefire test","testcases.backoffice.group.AddGroupTest","addGroupWithMerchantLogin"
"Get History USDT Transfer Test CS","11176","historyUSDTTransferTestCS","Surefire suite","Sat Oct 03 08:20:43 UTC 2026","passed","Sat Oct 03 08:20:54 UTC 2026","testcases.history.HistoryTransferTest","Surefire test","testcases.history.HistoryTransferTest","historyUSDTTransferTestCS"
"Add Group Backoffice Tanpa Body Sama Sekali","1419","addGroupWithoutBody","Surefire suite","Sat Oct 03 07:03:11 UTC 2026","passed","Sat Oct 03 07:03:12 UTC 2026","testcases.backoffice.group.AddGroupTest","Surefire test","testcases.backoffice.group.AddGroupTest","addGroupWithoutBody"
"Success Assignment Cash Deposit Supervisor","13827","assignCashDepositSupervisorTest","Surefire suite","Sat Oct 03 07:07:30 UTC 2026","passed","Sat Oct 03 07:07:44 UTC 2026","testcases.backoffice.TransferAssignmentTest","Surefire test","testcases.backoffice.TransferAssignmentTest","assignCashDepositSupervisorTest"
"Check Status QR Dengan Format id Tidak Valid (Bukan ObjectId)","1444","checkStatusQRWithMalformedId","Surefire suite","Sat Oct 03 07:17:00 UTC 2026","failed","Sat Oct 03 07:17:01 UTC 2026","testcases.QR.CheckStatusQRTest","Surefire test","testcases.QR.CheckStatusQRTest","checkStatusQRWithMalformedId"
"Get Group Detail Backoffice Menggunakan Login Merchant","4424","getGroupDetailWithMerchantLogin","Surefire suite","Sat Oct 03 06:51:14 UTC 2026","passed","Sat Oct 03 06:51:18 UTC 2026","testcases.backoffice.group.GetGroupTest","Surefire test","testcases.backoffice.group.GetGroupTest","getGroupDetailWithMerchantLogin"
"Get History Manual Transfer Test Supervisor","8259","historyManualTransferTestSupervisor","Surefire suite","Sat Oct 03 08:16:00 UTC 2026","passed","Sat Oct 03 08:16:08 UTC 2026","testcases.history.HistoryTransferTest","Surefire test","testcases.history.HistoryTransferTest","historyManualTransferTestSupervisor"
"Inquiry Favorite Account Supervisor","7793","inquiryFavoriteAccountSupervisor","Surefire suite","Sat Oct 03 07:38:12 UTC 2026","passed","Sat Oct 03 07:38:20 UTC 2026","testcases.settings.favoriteaccount.InquiryFavoriteAccountTest","Surefire test","testcases.settings.favoriteaccount.InquiryFavoriteAccountTest","inquiryFavoriteAccountSupervisor"
"Get Notification Sender Dengan pinValidasi Berupa Angka (Bukan String)","5152","getNotificationSenderWithNumericPinValidasi","Surefire suite","Sat Oct 03 07:12:11 UTC 2026","passed","Sat Oct 03 07:12:16 UTC 2026","testcases.backoffice.notifsender.NotificationSenderTest","Surefire test","testcases.backoffice.notifsender.NotificationSenderTest","getNotificationSenderWithNumericPinValidasi"
"List Currency USDT Dengan Tipe Data Salah pada Field limit (String, Bukan Integer)","1420","getCurrencyWithInvalidFieldType","Surefire suite","Sat Oct 03 07:04:33 UTC 2026","passed","Sat Oct 03 07:04:35 UTC 2026","testcases.backoffice.currency.GetCurrencyTest","Surefire test","testcases.backoffice.currency.GetCurrencyTest","getCurrencyWithInvalidFieldType"
"Get List Group Company BO Menggunakan Login Merchant","4381","getListGroupCompanyWithMerchantLogin","Surefire suite","Sat Oct 03 06:39:57 UTC 2026","passed","Sat Oct 03 06:40:01 UTC 2026","testcases.backoffice.settlement.GetListGroupCompanyTest","Surefire test","testcases.backoffice.settlement.GetListGroupCompanyTest","getListGroupCompanyWithMerchantLogin"
"Delete Google Authenticator Menggunakan Login Customer Service","4436","deleteOtpGoogleWithCSLogin","Surefire suite","Sat Oct 03 06:33:29 UTC 2026","passed","Sat Oct 03 06:33:33 UTC 2026","testcases.backoffice.googleauth.DeleteOtpGoogleTest","Surefire test","testcases.backoffice.googleauth.DeleteOtpGoogleTest","deleteOtpGoogleWithCSLogin"
"Get List Group Company BO Dengan groupName Berisi Payload XSS","4540","getListGroupCompanyWithXssGroupName","Surefire suite","Sat Oct 03 06:41:19 UTC 2026","passed","Sat Oct 03 06:41:24 UTC 2026","testcases.backoffice.settlement.GetListGroupCompanyTest","Surefire test","testcases.backoffice.settlement.GetListGroupCompanyTest","getListGroupCompanyWithXssGroupName"
"Get List Google Authenticator Dengan Content-Type text/plain","4403","listOtpGoogleWithWrongContentType","Surefire suite","Sat Oct 03 07:10:41 UTC 2026","passed","Sat Oct 03 07:10:45 UTC 2026","testcases.backoffice.googleauth.ListOtpGoogleTest","Surefire test","testcases.backoffice.googleauth.ListOtpGoogleTest","listOtpGoogleWithWrongContentType"
"List User Backoffice","4542","listUsersBO","Surefire suite","Sat Oct 03 07:15:32 UTC 2026","passed","Sat Oct 03 07:15:37 UTC 2026","testcases.backoffice.users.ListUsersTest","Surefire test","testcases.backoffice.users.ListUsersTest","listUsersBO"
"List Currency USDT Dengan Field Tidak Dikenal pada Body","1440","getCurrencyWithUnknownField","Surefire suite","Sat Oct 03 07:05:45 UTC 2026","passed","Sat Oct 03 07:05:47 UTC 2026","testcases.backoffice.currency.GetCurrencyTest","Surefire test","testcases.backoffice.currency.GetCurrencyTest","getCurrencyWithUnknownField"
"Get List Google Authenticator Dengan Body Kosong ({})","4424","listOtpGoogleWithEmptyBody","Surefire suite","Sat Oct 03 07:08:27 UTC 2026","passed","Sat Oct 03 07:08:31 UTC 2026","testcases.backoffice.googleauth.ListOtpGoogleTest","Surefire test","testcases.backoffice.googleauth.ListOtpGoogleTest","listOtpGoogleWithEmptyBody"
"Login Backoffice dengan Password Salah","4420","testLoginBackofficeWrongPassword","Surefire suite","Sat Oct 03 07:22:27 UTC 2026","passed","Sat Oct 03 07:22:31 UTC 2026","testcases.auth.LoginTest","Surefire test","testcases.auth.LoginTest","testLoginBackofficeWrongPassword"
"Success Login Merchant","3048","testLoginWithCaptcha","Surefire suite","Sat Oct 03 06:31:17 UTC 2026","passed","Sat Oct 03 06:31:20 UTC 2026","testcases.auth.LoginTest","Surefire test","testcases.auth.LoginTest","testLoginWithCaptcha"
"Created Favorite Account Dengan Token Valid Tapi Tanpa Header credentialId","1452","createdFavoriteAccountWithoutCredentialIdHeader","Surefire suite","Sat Oct 03 07:09:32 UTC 2026","failed","Sat Oct 03 07:09:34 UTC 2026","testcases.settings.favoriteaccount.CreatedFavoriteAccountTest","Surefire test","testcases.settings.favoriteaccount.CreatedFavoriteAccountTest","createdFavoriteAccountWithoutCredentialIdHeader"
"Get History USDT Transfer Test Admin","11241","historyUSDTTransferTestFeeAdmin","Surefire suite","Sat Oct 03 08:20:57 UTC 2026","passed","Sat Oct 03 08:21:08 UTC 2026","testcases.history.HistoryTransferTest","Surefire test","testcases.history.HistoryTransferTest","historyUSDTTransferTestFeeAdmin"
"Delete Manage Settlement BO","7407","deleteManageSettlementBO","Surefire suite","Sat Oct 03 06:41:50 UTC 2026","passed","Sat Oct 03 06:41:58 UTC 2026","testcases.backoffice.settlement.DeleteManageSettlementTest","Surefire test","testcases.backoffice.settlement.DeleteManageSettlementTest","deleteManageSettlementBO"
"Check Status QR Supervisor","6322","checkStatusQRSupervisor","Surefire suite","Sat Oct 03 07:27:41 UTC 2026","passed","Sat Oct 03 07:27:48 UTC 2026","testcases.QR.CheckStatusQRTest","Surefire test","testcases.QR.CheckStatusQRTest","checkStatusQRSupervisor"
"List Manage Settlement Backoffice Menggunakan HTTP Method DELETE","4447","listManageSettlementWithDeleteMethod","Surefire suite","Sat Oct 03 07:14:40 UTC 2026","passed","Sat Oct 03 07:14:45 UTC 2026","testcases.backoffice.settlement.ManageSettlementTest","Surefire test","testcases.backoffice.settlement.ManageSettlementTest","listManageSettlementWithDeleteMethod"
"Get Group Detail Backoffice Tanpa Group Id (Path Kosong)","4363","getGroupDetailWithEmptyId","Surefire suite","Sat Oct 03 06:50:22 UTC 2026","passed","Sat Oct 03 06:50:27 UTC 2026","testcases.backoffice.group.GetGroupTest","Surefire test","testcases.backoffice.group.GetGroupTest","getGroupDetailWithEmptyId"
"Get History Refund Test Admin Crypto","6139","historyRefundTestAdminCrypto","Surefire suite","Sat Oct 03 08:16:11 UTC 2026","passed","Sat Oct 03 08:16:17 UTC 2026","testcases.history.HistoryTransferTest","Surefire test","testcases.history.HistoryTransferTest","historyRefundTestAdminCrypto"
"Add Group Backoffice Dengan name null","1520","addGroupWithNullName","Surefire suite","Sat Oct 03 07:02:05 UTC 2026","passed","Sat Oct 03 07:02:06 UTC 2026","testcases.backoffice.group.AddGroupTest","Surefire test","testcases.backoffice.group.AddGroupTest","addGroupWithNullName"
"Created Favorite Account Dengan Content-Type text/plain","1447","createdFavoriteAccountWithWrongContentType","Surefire suite","Sat Oct 03 07:08:56 UTC 2026","passed","Sat Oct 03 07:08:58 UTC 2026","testcases.settings.favoriteaccount.CreatedFavoriteAccountTest","Surefire test","testcases.settings.favoriteaccount.CreatedFavoriteAccountTest","createdFavoriteAccountWithWrongContentType"
"Resend Google Authenticator Menggunakan HTTP Method DELETE","4434","resendOtpGoogleWithDeleteMethod","Surefire suite","Sat Oct 03 07:18:27 UTC 2026","passed","Sat Oct 03 07:18:31 UTC 2026","testcases.backoffice.googleauth.ResendOtpGoogleTest","Surefire test","testcases.backoffice.googleauth.ResendOtpGoogleTest","resendOtpGoogleWithDeleteMethod"
"Check Status QR Dengan Karakter SQL Injection pada id","1450","checkStatusQRWithSqlInjectionId","Surefire suite","Sat Oct 03 07:17:31 UTC 2026","failed","Sat Oct 03 07:17:33 UTC 2026","testcases.QR.CheckStatusQRTest","Surefire test","testcases.QR.CheckStatusQRTest","checkStatusQRWithSqlInjectionId"
"Delete Group Backoffice Dengan Body Berupa Literal null","1412","deleteGroupWithNullLiteralBody","Surefire suite","Sat Oct 03 06:58:25 UTC 2026","passed","Sat Oct 03 06:58:26 UTC 2026","testcases.backoffice.group.DeleteGroupTest","Surefire test","testcases.backoffice.group.DeleteGroupTest","deleteGroupWithNullLiteralBody"
"Mutasi USDT Transfer","26487","mutasiUSDTTransfer","Surefire suite","Sat Oct 03 08:35:37 UTC 2026","passed","Sat Oct 03 08:36:03 UTC 2026","testcases.mutasi.MutasiTransferTest","Surefire test","testcases.mutasi.MutasiTransferTest","mutasiUSDTTransfer"
"List Company Backoffice Menggunakan Login CS Admin","4532","listCompanyWithCSAdminLogin","Surefire suite","Sat Oct 03 07:20:08 UTC 2026","passed","Sat Oct 03 07:20:13 UTC 2026","testcases.backoffice.ListCompanyTest","Surefire test","testcases.backoffice.ListCompanyTest","listCompanyWithCSAdminLogin"
"Add Currency CS Admin Path Dengan Token Tidak Valid","1446","addCurrencyWithInvalidToken","Surefire suite","Sat Oct 03 08:01:12 UTC 2026","passed","Sat Oct 03 08:01:13 UTC 2026","testcases.backoffice.currency.AddCurrencyTest","Surefire test","testcases.backoffice.currency.AddCurrencyTest","addCurrencyWithInvalidToken"
"Created Favorite Account Tanpa Login/Header Auth","1433","createdFavoriteAccountWithoutAuth","Surefire suite","Sat Oct 03 07:09:14 UTC 2026","passed","Sat Oct 03 07:09:16 UTC 2026","testcases.settings.favoriteaccount.CreatedFavoriteAccountTest","Surefire test","testcases.settings.favoriteaccount.CreatedFavoriteAccountTest","createdFavoriteAccountWithoutAuth"
"Add Group Backoffice Tanpa Login/Header Auth","1452","addGroupWithoutAuth","Surefire suite","Sat Oct 03 07:03:06 UTC 2026","passed","Sat Oct 03 07:03:08 UTC 2026","testcases.backoffice.group.AddGroupTest","Surefire test","testcases.backoffice.group.AddGroupTest","addGroupWithoutAuth"
"Get Group Detail Backoffice Menggunakan Login CS Admin","4435","getGroupDetailWithCSAdminLogin","Surefire suite","Sat Oct 03 06:50:08 UTC 2026","passed","Sat Oct 03 06:50:12 UTC 2026","testcases.backoffice.group.GetGroupTest","Surefire test","testcases.backoffice.group.GetGroupTest","getGroupDetailWithCSAdminLogin"
"List Manage Settlement Backoffice Dengan Header Authorization Tanpa Skema Bearer","1419","listManageSettlementWithMalformedAuthorizationHeader","Surefire suite","Sat Oct 03 07:15:34 UTC 2026","passed","Sat Oct 03 07:15:35 UTC 2026","testcases.backoffice.settlement.ManageSettlementTest","Surefire test","testcases.backoffice.settlement.ManageSettlementTest","listManageSettlementWithMalformedAuthorizationHeader"
"Get List Group Backoffice Menggunakan HTTP Method GET","1445","getListGroupWithGetMethod","Surefire suite","Sat Oct 03 06:53:36 UTC 2026","passed","Sat Oct 03 06:53:37 UTC 2026","testcases.backoffice.group.GetListGroupTest","Surefire test","testcases.backoffice.group.GetListGroupTest","getListGroupWithGetMethod"
"Get Group Detail Backoffice Dengan Group Id Sangat Panjang (10.000 karakter)","4447","getGroupDetailWithOverlongId","Surefire suite","Sat Oct 03 06:51:28 UTC 2026","passed","Sat Oct 03 06:51:33 UTC 2026","testcases.backoffice.group.GetGroupTest","Surefire test","testcases.backoffice.group.GetGroupTest","getGroupDetailWithOverlongId"
"Get History Flop Transfer Supervisor on Login CS Admin","11814","historyFlopTransferSupervisorTestCSAdmin","Surefire suite","Sat Oct 03 08:13:07 UTC 2026","passed","Sat Oct 03 08:13:19 UTC 2026","testcases.history.HistoryTransferTest","Surefire test","testcases.history.HistoryTransferTest","historyFlopTransferSupervisorTestCSAdmin"
"Transfer with Wrong Pin","46892","transferWrongPin","Surefire suite","Sat Oct 03 06:41:17 UTC 2026","passed","Sat Oct 03 06:42:03 UTC 2026","testcases.transfer.TransferUSDTTest","Surefire test","testcases.transfer.TransferUSDTTest","transferWrongPin"
"Created Favorite Account Menggunakan HTTP Method DELETE","1478","createdFavoriteAccountWithDeleteMethod","Surefire suite","Sat Oct 03 07:07:57 UTC 2026","passed","Sat Oct 03 07:07:59 UTC 2026","testcases.settings.favoriteaccount.CreatedFavoriteAccountTest","Surefire test","testcases.settings.favoriteaccount.CreatedFavoriteAccountTest","createdFavoriteAccountWithDeleteMethod"
"Resend Google Authenticator Menggunakan HTTP Method GET","4388","resendOtpGoogleWithGetMethod","Surefire suite","Sat Oct 03 07:18:54 UTC 2026","passed","Sat Oct 03 07:18:58 UTC 2026","testcases.backoffice.googleauth.ResendOtpGoogleTest","Surefire test","testcases.backoffice.googleauth.ResendOtpGoogleTest","resendOtpGoogleWithGetMethod"
"Edit Company Cs Admin","4838","editCompanyCsAdmin","Surefire suite","Sat Oct 03 06:31:30 UTC 2026","passed","Sat Oct 03 06:31:34 UTC 2026","testcases.backoffice.users.EditUserTest","Surefire test","testcases.backoffice.users.EditUserTest","editCompanyCsAdmin"
"Mutasi Manual Transfer CS","26730","mutasiManualTransferCS","Surefire suite","Sat Oct 03 08:28:38 UTC 2026","passed","Sat Oct 03 08:29:05 UTC 2026","testcases.mutasi.MutasiTransferTest","Surefire test","testcases.mutasi.MutasiTransferTest","mutasiManualTransferCS"
"Resend Google Authenticator Tanpa Login/Header Auth","1424","resendOtpGoogleWithoutAuth","Surefire suite","Sat Oct 03 07:21:17 UTC 2026","passed","Sat Oct 03 07:21:19 UTC 2026","testcases.backoffice.googleauth.ResendOtpGoogleTest","Surefire test","testcases.backoffice.googleauth.ResendOtpGoogleTest","resendOtpGoogleWithoutAuth"
"Get Notification Sender Menggunakan HTTP Method GET","4652","getNotificationSenderWithGetMethod","Surefire suite","Sat Oct 03 07:10:21 UTC 2026","passed","Sat Oct 03 07:10:26 UTC 2026","testcases.backoffice.notifsender.NotificationSenderTest","Surefire test","testcases.backoffice.notifsender.NotificationSenderTest","getNotificationSenderWithGetMethod"
"Check Status QR Dengan Token Valid Tapi Tanpa Header credentialId","1521","checkStatusQRWithoutCredentialIdHeader","Surefire suite","Sat Oct 03 07:18:03 UTC 2026","failed","Sat Oct 03 07:18:04 UTC 2026","testcases.QR.CheckStatusQRTest","Surefire test","testcases.QR.CheckStatusQRTest","checkStatusQRWithoutCredentialIdHeader"
"Get Notification Sender Dengan Header Authorization Tanpa Skema Bearer","1413","getNotificationSenderWithMalformedAuthorizationHeader","Surefire suite","Sat Oct 03 07:11:12 UTC 2026","passed","Sat Oct 03 07:11:14 UTC 2026","testcases.backoffice.notifsender.NotificationSenderTest","Surefire test","testcases.backoffice.notifsender.NotificationSenderTest","getNotificationSenderWithMalformedAuthorizationHeader"
"Created Favorite Account Menggunakan HTTP Method GET","1619","createdFavoriteAccountWithGetMethod","Surefire suite","Sat Oct 03 07:08:16 UTC 2026","passed","Sat Oct 03 07:08:17 UTC 2026","testcases.settings.favoriteaccount.CreatedFavoriteAccountTest","Surefire test","testcases.settings.favoriteaccount.CreatedFavoriteAccountTest","createdFavoriteAccountWithGetMethod"
"Get List Google Authenticator Menggunakan Login CS Admin","4560","listOtpGoogleWithCSAdminLogin","Surefire suite","Sat Oct 03 07:08:04 UTC 2026","passed","Sat Oct 03 07:08:09 UTC 2026","testcases.backoffice.googleauth.ListOtpGoogleTest","Surefire test","testcases.backoffice.googleauth.ListOtpGoogleTest","listOtpGoogleWithCSAdminLogin"
"Check Status QR Tanpa id (Path Kosong)","1715","checkStatusQRWithEmptyId","Surefire suite","Sat Oct 03 07:16:35 UTC 2026","passed","Sat Oct 03 07:16:37 UTC 2026","testcases.QR.CheckStatusQRTest","Surefire test","testcases.QR.CheckStatusQRTest","checkStatusQRWithEmptyId"
"Approval Refund Special Transfer Merchant","10188","approveRefundSpecialTransferMerchant","Surefire suite","Sat Oct 03 07:45:22 UTC 2026","passed","Sat Oct 03 07:45:33 UTC 2026","testcases.backoffice.ApprovalRefundTest","Surefire test","testcases.backoffice.ApprovalRefundTest","approveRefundSpecialTransferMerchant"
"Get List Google Authenticator Menggunakan HTTP Method DELETE","4388","listOtpGoogleWithDeleteMethod","Surefire suite","Sat Oct 03 07:08:19 UTC 2026","passed","Sat Oct 03 07:08:24 UTC 2026","testcases.backoffice.googleauth.ListOtpGoogleTest","Surefire test","testcases.backoffice.googleauth.ListOtpGoogleTest","listOtpGoogleWithDeleteMethod"
"Delete Favorite Account Menggunakan HTTP Method PATCH","1437","deleteFavoriteAccountWithPatchMethod","Surefire suite","Sat Oct 03 06:34:10 UTC 2026","passed","Sat Oct 03 06:34:12 UTC 2026","testcases.settings.favoriteaccount.DeleteFavoriteAccountTest","Surefire test","testcases.settings.favoriteaccount.DeleteFavoriteAccountTest","deleteFavoriteAccountWithPatchMethod"
"List Manage Settlement Backoffice Menggunakan HTTP Method GET","4640","listManageSettlementWithGetMethod","Surefire suite","Sat Oct 03 07:15:00 UTC 2026","passed","Sat Oct 03 07:15:04 UTC 2026","testcases.backoffice.settlement.ManageSettlementTest","Surefire test","testcases.backoffice.settlement.ManageSettlementTest","listManageSettlementWithGetMethod"
"Created Favorite Account Menggunakan HTTP Method PATCH","1429","createdFavoriteAccountWithPatchMethod","Surefire suite","Sat Oct 03 07:08:38 UTC 2026","passed","Sat Oct 03 07:08:40 UTC 2026","testcases.settings.favoriteaccount.CreatedFavoriteAccountTest","Surefire test","testcases.settings.favoriteaccount.CreatedFavoriteAccountTest","createdFavoriteAccountWithPatchMethod"
"List User Backoffice Menggunakan Login CS Admin","4416","listUsersWithCSAdminLogin","Surefire suite","Sat Oct 03 07:15:47 UTC 2026","passed","Sat Oct 03 07:15:51 UTC 2026","testcases.backoffice.users.ListUsersTest","Surefire test","testcases.backoffice.users.ListUsersTest","listUsersWithCSAdminLogin"
"Get History QR CS Success Paid","10840","historyQRTestPaidCS","Surefire suite","Sat Oct 03 07:25:12 UTC 2026","passed","Sat Oct 03 07:25:23 UTC 2026","testcases.history.HistoryQRTest","Surefire test","testcases.history.HistoryQRTest","historyQRTestPaidCS"
"Add Group Backoffice","4482","addGroupBO","Surefire suite","Sat Oct 03 06:59:39 UTC 2026","passed","Sat Oct 03 06:59:44 UTC 2026","testcases.backoffice.group.AddGroupTest","Surefire test","testcases.backoffice.group.AddGroupTest","addGroupBO"
"Refund Summary Menggunakan Login Merchant","4429","getRefundWithMerchantLogin","Surefire suite","Sat Oct 03 07:13:05 UTC 2026","passed","Sat Oct 03 07:13:10 UTC 2026","testcases.backoffice.refund.GetRefundTest","Surefire test","testcases.backoffice.refund.GetRefundTest","getRefundWithMerchantLogin"
"Get List Google Authenticator Menggunakan HTTP Method GET","4699","listOtpGoogleWithGetMethod","Surefire suite","Sat Oct 03 07:08:39 UTC 2026","passed","Sat Oct 03 07:08:43 UTC 2026","testcases.backoffice.googleauth.ListOtpGoogleTest","Surefire test","testcases.backoffice.googleauth.ListOtpGoogleTest","listOtpGoogleWithGetMethod"
"Add Group Backoffice Dengan name Hanya Spasi","1455","addGroupWithWhitespaceName","Surefire suite","Sat Oct 03 07:02:44 UTC 2026","passed","Sat Oct 03 07:02:45 UTC 2026","testcases.backoffice.group.AddGroupTest","Surefire test","testcases.backoffice.group.AddGroupTest","addGroupWithWhitespaceName"
"List User Backoffice Dengan Field Sort Merujuk ke Kolom yang Tidak Ada","4428","listUsersWithInvalidSortField","Surefire suite","Sat Oct 03 07:16:17 UTC 2026","passed","Sat Oct 03 07:16:22 UTC 2026","testcases.backoffice.users.ListUsersTest","Surefire test","testcases.backoffice.users.ListUsersTest","listUsersWithInvalidSortField"
"Transfer with Wrong Pin","50562","transferWrongPin","Surefire suite","Sat Oct 03 06:45:01 UTC 2026","passed","Sat Oct 03 06:45:51 UTC 2026","testcases.transfer.TransferTest","Surefire test","testcases.transfer.TransferTest","transferWrongPin"
"Get Notification Sender Dengan Token Backoffice Valid Tapi Tanpa Header pbyv","4393","getNotificationSenderWithoutPbyvHeader","Surefire suite","Sat Oct 03 07:13:40 UTC 2026","passed","Sat Oct 03 07:13:45 UTC 2026","testcases.backoffice.notifsender.NotificationSenderTest","Surefire test","testcases.backoffice.notifsender.NotificationSenderTest","getNotificationSenderWithoutPbyvHeader"
"List Company Backoffice Dengan Body Kosong ({})","4882","listCompanyWithEmptyBody","Surefire suite","Sat Oct 03 07:20:16 UTC 2026","passed","Sat Oct 03 07:20:21 UTC 2026","testcases.backoffice.ListCompanyTest","Surefire test","testcases.backoffice.ListCompanyTest","listCompanyWithEmptyBody"
"Get List Google Authenticator Menggunakan Login Supervisor","4407","listOtpGoogleWithSupervisorLogin","Surefire suite","Sat Oct 03 07:10:26 UTC 2026","passed","Sat Oct 03 07:10:30 UTC 2026","testcases.backoffice.googleauth.ListOtpGoogleTest","Surefire test","testcases.backoffice.googleauth.ListOtpGoogleTest","listOtpGoogleWithSupervisorLogin"
"Reset Pin Group","4756","resetPinGroup","Surefire suite","Sat Oct 03 06:30:51 UTC 2026","passed","Sat Oct 03 06:30:55 UTC 2026","testcases.settings.ResetPinTest","Surefire test","testcases.settings.ResetPinTest","resetPinGroup"
"Mutasi USDT Transfer Balance CS","30616","mutasiUSDTTransferBalanceCS","Surefire suite","Sat Oct 03 08:36:40 UTC 2026","passed","Sat Oct 03 08:37:11 UTC 2026","testcases.mutasi.MutasiTransferTest","Surefire test","testcases.mutasi.MutasiTransferTest","mutasiUSDTTransferBalanceCS"
"List Manage Settlement Backoffice Dengan Tipe Data Salah pada Field Limit (String, Bukan Integer)","4429","listManageSettlementWithInvalidFieldType","Surefire suite","Sat Oct 03 07:15:15 UTC 2026","passed","Sat Oct 03 07:15:19 UTC 2026","testcases.backoffice.settlement.ManageSettlementTest","Surefire test","testcases.backoffice.settlement.ManageSettlementTest","listManageSettlementWithInvalidFieldType"
"Mutasi Special Transfer Balance Supervisor CS","25605","mutasiSpecialTransferBalanceSupervisorCS","Surefire suite","Sat Oct 03 08:31:57 UTC 2026","passed","Sat Oct 03 08:32:23 UTC 2026","testcases.mutasi.MutasiTransferTest","Surefire test","testcases.mutasi.MutasiTransferTest","mutasiSpecialTransferBalanceSupervisorCS"
"Get Group Backoffice Menggunakan Login Merchant","4398","getGroupWithMerchantLogin","Surefire suite","Sat Oct 03 06:37:45 UTC 2026","passed","Sat Oct 03 06:37:49 UTC 2026","testcases.backoffice.GetDashboardTest","Surefire test","testcases.backoffice.GetDashboardTest","getGroupWithMerchantLogin"
"Get List Google Authenticator Tanpa Body Sama Sekali","4366","listOtpGoogleWithoutBody","Surefire suite","Sat Oct 03 07:11:00 UTC 2026","passed","Sat Oct 03 07:11:04 UTC 2026","testcases.backoffice.googleauth.ListOtpGoogleTest","Surefire test","testcases.backoffice.googleauth.ListOtpGoogleTest","listOtpGoogleWithoutBody"
"Check Status QR Dengan Payload XSS pada id","1443","checkStatusQRWithXssId","Surefire suite","Sat Oct 03 07:17:54 UTC 2026","failed","Sat Oct 03 07:17:55 UTC 2026","testcases.QR.CheckStatusQRTest","Surefire test","testcases.QR.CheckStatusQRTest","checkStatusQRWithXssId"
"Transfer Different Parner Reference Supervisor, Special Transfer to Transfer","47059","trfPartnerRefSpecialSpvFailed","Surefire suite","Sat Oct 03 06:32:19 UTC 2026","failed","Sat Oct 03 06:33:06 UTC 2026","testcases.transfer.TransferTest","Surefire test","testcases.transfer.TransferTest","trfPartnerRefSpecialSpvFailed"
"Delete Favorite Account Menggunakan HTTP Method PUT","1461","deleteFavoriteAccountWithPutMethod","Surefire suite","Sat Oct 03 06:34:15 UTC 2026","passed","Sat Oct 03 06:34:16 UTC 2026","testcases.settings.favoriteaccount.DeleteFavoriteAccountTest","Surefire test","testcases.settings.favoriteaccount.DeleteFavoriteAccountTest","deleteFavoriteAccountWithPutMethod"
"Delete Google Authenticator Menggunakan Login Admin Crypto","4406","deleteOtpGoogleWithAdminCryptoLogin","Surefire suite","Sat Oct 03 06:33:06 UTC 2026","passed","Sat Oct 03 06:33:11 UTC 2026","testcases.backoffice.googleauth.DeleteOtpGoogleTest","Surefire test","testcases.backoffice.googleauth.DeleteOtpGoogleTest","deleteOtpGoogleWithAdminCryptoLogin"
"Get List Google Authenticator Dengan Field Sort Merujuk ke Kolom yang Tidak Ada","4588","listOtpGoogleWithInvalidSortField","Surefire suite","Sat Oct 03 07:09:01 UTC 2026","passed","Sat Oct 03 07:09:06 UTC 2026","testcases.backoffice.googleauth.ListOtpGoogleTest","Surefire test","testcases.backoffice.googleauth.ListOtpGoogleTest","listOtpGoogleWithInvalidSortField"
"Created Favorite Account Dengan Body Berupa JSON Array ([])","4594","createdFavoriteAccountWithArrayBody","Surefire suite","Sat Oct 03 07:07:50 UTC 2026","passed","Sat Oct 03 07:07:54 UTC 2026","testcases.settings.favoriteaccount.CreatedFavoriteAccountTest","Surefire test","testcases.settings.favoriteaccount.CreatedFavoriteAccountTest","createdFavoriteAccountWithArrayBody"
"Get History QR CS","9373","historyQRTestCS","Surefire suite","Sat Oct 03 07:24:46 UTC 2026","passed","Sat Oct 03 07:24:55 UTC 2026","testcases.history.HistoryQRTest","Surefire test","testcases.history.HistoryQRTest","historyQRTestCS"
"Get Balance Merchant with Login Marketing","4505","getFailedBalanceMerchantLoginMarketing","Surefire suite","Sat Oct 03 06:30:43 UTC 2026","passed","Sat Oct 03 06:30:48 UTC 2026","testcases.balance.GetBalanceQrisTest","Surefire test","testcases.balance.GetBalanceQrisTest","getFailedBalanceMerchantLoginMarketing"
"Resend Google Authenticator Tanpa Body Sama Sekali","4609","resendOtpGoogleWithoutBody","Surefire suite","Sat Oct 03 07:21:22 UTC 2026","passed","Sat Oct 03 07:21:26 UTC 2026","testcases.backoffice.googleauth.ResendOtpGoogleTest","Surefire test","testcases.backoffice.googleauth.ResendOtpGoogleTest","resendOtpGoogleWithoutBody"
"Transfer Different Partner Reference, USDT Transfer to Transfer","46128","trfPartnerRefUSDTFailed","Surefire suite","Sat Oct 03 06:47:35 UTC 2026","failed","Sat Oct 03 06:48:21 UTC 2026","testcases.transfer.TransferTest","Surefire test","testcases.transfer.TransferTest","trfPartnerRefUSDTFailed"
"Get List Google Authenticator Dengan Ukuran Halaman Sangat Besar","4566","listOtpGoogleWithHugeSize","Surefire suite","Sat Oct 03 07:08:46 UTC 2026","passed","Sat Oct 03 07:08:51 UTC 2026","testcases.backoffice.googleauth.ListOtpGoogleTest","Surefire test","testcases.backoffice.googleauth.ListOtpGoogleTest","listOtpGoogleWithHugeSize"
"Test Get Report Company Merchant","4992","getReportCompanyAdmin","Surefire suite","Sat Oct 03 06:31:26 UTC 2026","passed","Sat Oct 03 06:31:31 UTC 2026","testcases.report.ReportTransactionTest","Surefire test","testcases.report.ReportTransactionTest","getReportCompanyAdmin"
"Get Notification Sender Menggunakan Login Admin Crypto","4427","getNotificationSenderWithAdminCryptoLogin","Surefire suite","Sat Oct 03 07:09:17 UTC 2026","passed","Sat Oct 03 07:09:21 UTC 2026","testcases.backoffice.notifsender.NotificationSenderTest","Surefire test","testcases.backoffice.notifsender.NotificationSenderTest","getNotificationSenderWithAdminCryptoLogin"
"Refund Summary Tanpa Login/Header Auth","1413","getRefundWithoutAuth","Surefire suite","Sat Oct 03 07:14:19 UTC 2026","passed","Sat Oct 03 07:14:20 UTC 2026","testcases.backoffice.refund.GetRefundTest","Surefire test","testcases.backoffice.refund.GetRefundTest","getRefundWithoutAuth"
"Inquiry Favorite Account Merchant","4609","inquiryFavoriteAccountMerchant","Surefire suite","Sat Oct 03 07:09:41 UTC 2026","passed","Sat Oct 03 07:09:46 UTC 2026","testcases.settings.favoriteaccount.InquiryFavoriteAccountTest","Surefire test","testcases.settings.favoriteaccount.InquiryFavoriteAccountTest","inquiryFavoriteAccountMerchant"
"Get Detail Waiting Company Backoffice Tanpa Id (Path Kosong)","4779","getDetailWaitingCompanyWithEmptyId","Surefire suite","Sat Oct 03 06:30:55 UTC 2026","passed","Sat Oct 03 06:31:00 UTC 2026","testcases.backoffice.GetDetailWaitingCompanyTest","Surefire test","testcases.backoffice.GetDetailWaitingCompanyTest","getDetailWaitingCompanyWithEmptyId"
"Get History USDT Transfer Test","8328","historyUSDTTransferTest","Surefire suite","Sat Oct 03 08:20:06 UTC 2026","passed","Sat Oct 03 08:20:14 UTC 2026","testcases.history.HistoryTransferTest","Surefire test","testcases.history.HistoryTransferTest","historyUSDTTransferTest"
"Delete Favorite Account Dengan Token Kadaluarsa","1586","deleteFavoriteAccountWithExpiredToken","Surefire suite","Sat Oct 03 06:33:29 UTC 2026","passed","Sat Oct 03 06:33:30 UTC 2026","testcases.settings.favoriteaccount.DeleteFavoriteAccountTest","Surefire test","testcases.settings.favoriteaccount.DeleteFavoriteAccountTest","deleteFavoriteAccountWithExpiredToken"
"Add Group Backoffice Dengan Nama Sama Namun Field Fee Berbeda","2948","addGroupWithDuplicateNameDifferentFees","Surefire suite","Sat Oct 03 07:00:35 UTC 2026","passed","Sat Oct 03 07:00:38 UTC 2026","testcases.backoffice.group.AddGroupTest","Surefire test","testcases.backoffice.group.AddGroupTest","addGroupWithDuplicateNameDifferentFees"
"Delete Manage Settlement BO Dengan Token Tidak Valid","1418","deleteManageSettlementWithInvalidToken","Surefire suite","Sat Oct 03 06:43:09 UTC 2026","passed","Sat Oct 03 06:43:11 UTC 2026","testcases.backoffice.settlement.DeleteManageSettlementTest","Surefire test","testcases.backoffice.settlement.DeleteManageSettlementTest","deleteManageSettlementWithInvalidToken"
"List Currency USDT Menggunakan Login Admin","4483","getCurrencyWithAdminLogin","Surefire suite","Sat Oct 03 07:03:39 UTC 2026","passed","Sat Oct 03 07:03:44 UTC 2026","testcases.backoffice.currency.GetCurrencyTest","Surefire test","testcases.backoffice.currency.GetCurrencyTest","getCurrencyWithAdminLogin"
"Transfer Different Partner Reference, Special Transfer to Transfer","47248","trfPartnerRefSpecialFailed","Surefire suite","Sat Oct 03 06:46:45 UTC 2026","passed","Sat Oct 03 06:47:32 UTC 2026","testcases.transfer.TransferTest","Surefire test","testcases.transfer.TransferTest","trfPartnerRefSpecialFailed"
"List Company Backoffice Dengan Header Authorization Tanpa Skema Bearer","1501","listCompanyWithMalformedAuthorizationHeader","Surefire suite","Sat Oct 03 07:20:59 UTC 2026","passed","Sat Oct 03 07:21:00 UTC 2026","testcases.backoffice.ListCompanyTest","Surefire test","testcases.backoffice.ListCompanyTest","listCompanyWithMalformedAuthorizationHeader"
"Test Get Report Transfer Company","8339","getReportTransferAdminCrypto","Surefire suite","Sat Oct 03 06:31:18 UTC 2026","passed","Sat Oct 03 06:31:26 UTC 2026","testcases.report.ReportTransferTest","Surefire test","testcases.report.ReportTransferTest","getReportTransferAdminCrypto"
"Check Status QR Menggunakan HTTP Method POST","1448","checkStatusQRWithPostMethod","Surefire suite","Sat Oct 03 07:17:22 UTC 2026","failed","Sat Oct 03 07:17:24 UTC 2026","testcases.QR.CheckStatusQRTest","Surefire test","testcases.QR.CheckStatusQRTest","checkStatusQRWithPostMethod"
"Success Login Backoffice","2999","testLoginBackoffice","Surefire suite","Sat Oct 03 07:22:09 UTC 2026","passed","Sat Oct 03 07:22:12 UTC 2026","testcases.auth.LoginTest","Surefire test","testcases.auth.LoginTest","testLoginBackoffice"
"Add Currency CS Admin Path Dengan Token CS Admin Valid Tapi Tanpa Header powis","1522","addCurrencyWithoutPowisHeader","Surefire suite","Sat Oct 03 08:03:01 UTC 2026","passed","Sat Oct 03 08:03:02 UTC 2026","testcases.backoffice.currency.AddCurrencyTest","Surefire test","testcases.backoffice.currency.AddCurrencyTest","addCurrencyWithoutPowisHeader"
"Transfer Different Partner Reference, Transfer to Special Transfer","47026","trfPartnerRefTransferFailed","Surefire suite","Sat Oct 03 06:50:44 UTC 2026","failed","Sat Oct 03 06:51:31 UTC 2026","testcases.transfer.SpecialTransferTest","Surefire test","testcases.transfer.SpecialTransferTest","trfPartnerRefTransferFailed"
"Get List Favorite Account Dengan Content-Type text/plain","1561","getListFavoriteAccountWithWrongContentType","Surefire suite","Sat Oct 03 08:45:05 UTC 2026","passed","Sat Oct 03 08:45:07 UTC 2026","testcases.settings.favoriteaccount.GetListFavoriteAccountTest","Surefire test","testcases.settings.favoriteaccount.GetListFavoriteAccountTest","getListFavoriteAccountWithWrongContentType"
"Resend Google Authenticator Dengan Body JSON Tidak Valid (Malformed)","4447","resendOtpGoogleWithMalformedJson","Surefire suite","Sat Oct 03 07:19:18 UTC 2026","passed","Sat Oct 03 07:19:22 UTC 2026","testcases.backoffice.googleauth.ResendOtpGoogleTest","Surefire test","testcases.backoffice.googleauth.ResendOtpGoogleTest","resendOtpGoogleWithMalformedJson"
"Add Group Backoffice Dengan name String Kosong","1485","addGroupWithEmptyName","Surefire suite","Sat Oct 03 07:00:52 UTC 2026","passed","Sat Oct 03 07:00:53 UTC 2026","testcases.backoffice.group.AddGroupTest","Surefire test","testcases.backoffice.group.AddGroupTest","addGroupWithEmptyName"
"Add Currency USDT Backoffice","7672","addCurrencyBO","Surefire suite","Sat Oct 03 07:59:29 UTC 2026","passed","Sat Oct 03 07:59:37 UTC 2026","testcases.backoffice.currency.AddCurrencyTest","Surefire test","testcases.backoffice.currency.AddCurrencyTest","addCurrencyBO"
"Normal Transfer Success","6842","transferAdminCrypto","Surefire suite","Sat Oct 03 06:32:33 UTC 2026","passed","Sat Oct 03 06:32:39 UTC 2026","testcases.transfer.TransferTest","Surefire test","testcases.transfer.TransferTest","transferAdminCrypto"
"Get List Group Company BO Dengan groupName Tidak Terdaftar","4420","getListGroupCompanyWithNonExistentGroupName","Surefire suite","Sat Oct 03 06:40:12 UTC 2026","passed","Sat Oct 03 06:40:16 UTC 2026","testcases.backoffice.settlement.GetListGroupCompanyTest","Surefire test","testcases.backoffice.settlement.GetListGroupCompanyTest","getListGroupCompanyWithNonExistentGroupName"
"Delete Google Authenticator Menggunakan HTTP Method POST","4493","deleteOtpGoogleWithPostMethod","Surefire suite","Sat Oct 03 06:34:56 UTC 2026","passed","Sat Oct 03 06:35:01 UTC 2026","testcases.backoffice.googleauth.DeleteOtpGoogleTest","Surefire test","testcases.backoffice.googleauth.DeleteOtpGoogleTest","deleteOtpGoogleWithPostMethod"
"Get Group Detail Backoffice Dengan Group Id yang Tidak Ada","4381","getGroupDetailWithNonExistentId","Surefire suite","Sat Oct 03 06:51:21 UTC 2026","passed","Sat Oct 03 06:51:25 UTC 2026","testcases.backoffice.group.GetGroupTest","Surefire test","testcases.backoffice.group.GetGroupTest","getGroupDetailWithNonExistentId"
"Delete Favorite Account Tanpa Body Sama Sekali","1447","deleteFavoriteAccountWithoutBody","Surefire suite","Sat Oct 03 06:38:21 UTC 2026","passed","Sat Oct 03 06:38:22 UTC 2026","testcases.settings.favoriteaccount.DeleteFavoriteAccountTest","Surefire test","testcases.settings.favoriteaccount.DeleteFavoriteAccountTest","deleteFavoriteAccountWithoutBody"
"Resend Google Authenticator Dengan Content-Type text/plain","4383","resendOtpGoogleWithWrongContentType","Surefire suite","Sat Oct 03 07:20:55 UTC 2026","passed","Sat Oct 03 07:20:59 UTC 2026","testcases.backoffice.googleauth.ResendOtpGoogleTest","Surefire test","testcases.backoffice.googleauth.ResendOtpGoogleTest","resendOtpGoogleWithWrongContentType"
"List Refund Menggunakan Login Supervisor","4609","listRefundWithSupervisorLogin","Surefire suite","Sat Oct 03 08:08:52 UTC 2026","passed","Sat Oct 03 08:08:56 UTC 2026","testcases.backoffice.ListRefundTest","Surefire test","testcases.backoffice.ListRefundTest","listRefundWithSupervisorLogin"
"Create Manage Settlement BO Dengan Karakter SQL Injection pada groupName","4400","addManageSettlementWithSqlInjectionGroupName","Surefire suite","Sat Oct 03 06:48:34 UTC 2026","passed","Sat Oct 03 06:48:38 UTC 2026","testcases.backoffice.settlement.AddManageSettlementTest","Surefire test","testcases.backoffice.settlement.AddManageSettlementTest","addManageSettlementWithSqlInjectionGroupName"
"Get Group Detail Backoffice Dengan Header Authorization Tanpa Skema Bearer","2130","getGroupDetailWithMalformedAuthorizationHeader","Surefire suite","Sat Oct 03 06:50:53 UTC 2026","passed","Sat Oct 03 06:50:56 UTC 2026","testcases.backoffice.group.GetGroupTest","Surefire test","testcases.backoffice.group.GetGroupTest","getGroupDetailWithMalformedAuthorizationHeader"
"Created Favorite Account Customer Service","11188","createdFavoriteAccountCS","Surefire suite","Sat Oct 03 07:34:53 UTC 2026","passed","Sat Oct 03 07:35:04 UTC 2026","testcases.settings.favoriteaccount.CreatedFavoriteAccountTest","Surefire test","testcases.settings.favoriteaccount.CreatedFavoriteAccountTest","createdFavoriteAccountCS"
"Test Settlement USDT dengan check Fee di Admin Crypto dan Admin Fee","44729","settlementUSDT","Surefire suite","Sat Oct 03 07:54:16 UTC 2026","passed","Sat Oct 03 07:55:00 UTC 2026","testcases.backoffice.ApprovalTransferTest","Surefire test","testcases.backoffice.ApprovalTransferTest","settlementUSDT"
"Add Currency CS Admin Path Dengan rate Desimal","1514","addCurrencyWithDecimalRate","Surefire suite","Sat Oct 03 08:00:35 UTC 2026","passed","Sat Oct 03 08:00:37 UTC 2026","testcases.backoffice.currency.AddCurrencyTest","Surefire test","testcases.backoffice.currency.AddCurrencyTest","addCurrencyWithDecimalRate"
"Login Merchant dengan Username Berisi Spasi Saja","2918","testLoginWhitespaceUsername","Surefire suite","Sat Oct 03 06:31:11 UTC 2026","passed","Sat Oct 03 06:31:14 UTC 2026","testcases.auth.LoginTest","Surefire test","testcases.auth.LoginTest","testLoginWhitespaceUsername"
"Get Balance Company on Login Admin","4790","getBalanceCompanyAdmin","Surefire suite","Sat Oct 03 06:30:39 UTC 2026","passed","Sat Oct 03 06:30:44 UTC 2026","testcases.balance.GetBalanceQrisTest","Surefire test","testcases.balance.GetBalanceQrisTest","getBalanceCompanyAdmin"
"List Manage Settlement Backoffice Menggunakan Login Supervisor","4443","listManageSettlementWithSupervisorLogin","Surefire suite","Sat Oct 03 07:16:45 UTC 2026","passed","Sat Oct 03 07:16:50 UTC 2026","testcases.backoffice.settlement.ManageSettlementTest","Surefire test","testcases.backoffice.settlement.ManageSettlementTest","listManageSettlementWithSupervisorLogin"
"Refund Summary Dengan Payload XSS pada Field type","1510","getRefundWithXssType","Surefire suite","Sat Oct 03 07:14:14 UTC 2026","passed","Sat Oct 03 07:14:16 UTC 2026","testcases.backoffice.refund.GetRefundTest","Surefire test","testcases.backoffice.refund.GetRefundTest","getRefundWithXssType"
"Delete Favorite Account yang Sama Dipanggil Dua Kali (Sudah Terhapus)","8173","deleteFavoriteAccountAlreadyDeleted","Surefire suite","Sat Oct 03 06:32:55 UTC 2026","passed","Sat Oct 03 06:33:03 UTC 2026","testcases.settings.favoriteaccount.DeleteFavoriteAccountTest","Surefire test","testcases.settings.favoriteaccount.DeleteFavoriteAccountTest","deleteFavoriteAccountAlreadyDeleted"
"Get Dashboard User Backoffice","4417","getDashboardSuperBO","Surefire suite","Sat Oct 03 06:36:17 UTC 2026","passed","Sat Oct 03 06:36:21 UTC 2026","testcases.backoffice.GetDashboardTest","Surefire test","testcases.backoffice.GetDashboardTest","getDashboardSuperBO"
"Inquiry Favorite Account Tanpa Field beneficiaryBankCode","1484","inquiryFavoriteAccountWithoutBeneficiaryBankCodeField","Surefire suite","Sat Oct 03 07:11:27 UTC 2026","passed","Sat Oct 03 07:11:29 UTC 2026","testcases.settings.favoriteaccount.InquiryFavoriteAccountTest","Surefire test","testcases.settings.favoriteaccount.InquiryFavoriteAccountTest","inquiryFavoriteAccountWithoutBeneficiaryBankCodeField"
"Inquiry Test USDT Transfer Admin Crypto","4981","inquiryUSDTAdminCrypto","Surefire suite","Sat Oct 03 06:32:02 UTC 2026","passed","Sat Oct 03 06:32:07 UTC 2026","testcases.transfer.InquiryUSDTTest","Surefire test","testcases.transfer.InquiryUSDTTest","inquiryUSDTAdminCrypto"
"Mutasi Special Transfer Balance Supervisor","25405","mutasiSpecialTransferBalanceSupervisor","Surefire suite","Sat Oct 03 08:31:28 UTC 2026","passed","Sat Oct 03 08:31:54 UTC 2026","testcases.mutasi.MutasiTransferTest","Surefire test","testcases.mutasi.MutasiTransferTest","mutasiSpecialTransferBalanceSupervisor"
"Delete Favorite Account Dengan Header Authorization Tanpa Skema Bearer","1455","deleteFavoriteAccountWithMalformedAuthorizationHeader","Surefire suite","Sat Oct 03 06:33:52 UTC 2026","passed","Sat Oct 03 06:33:53 UTC 2026","testcases.settings.favoriteaccount.DeleteFavoriteAccountTest","Surefire test","testcases.settings.favoriteaccount.DeleteFavoriteAccountTest","deleteFavoriteAccountWithMalformedAuthorizationHeader"
"Get Detail Waiting Company Backoffice Dengan Id Milik Entitas Lain (Group Id)","4546","getDetailWaitingCompanyWithForeignEntityId","Surefire suite","Sat Oct 03 06:31:07 UTC 2026","passed","Sat Oct 03 06:31:12 UTC 2026","testcases.backoffice.GetDetailWaitingCompanyTest","Surefire test","testcases.backoffice.GetDetailWaitingCompanyTest","getDetailWaitingCompanyWithForeignEntityId"
"Refund Summary Ke Path yang Tidak Ada (Typo)","1719","getRefundWithWrongPath","Surefire suite","Sat Oct 03 07:14:05 UTC 2026","passed","Sat Oct 03 07:14:07 UTC 2026","testcases.backoffice.refund.GetRefundTest","Surefire test","testcases.backoffice.refund.GetRefundTest","getRefundWithWrongPath"
"List Waiting Company Backoffice Tanpa Login/Header Auth","1424","listWaitingCompanyWithoutAuth","Surefire suite","Sat Oct 03 07:19:34 UTC 2026","passed","Sat Oct 03 07:19:36 UTC 2026","testcases.backoffice.ListWaitingCompanyTest","Surefire test","testcases.backoffice.ListWaitingCompanyTest","listWaitingCompanyWithoutAuth"
"Refund Summary Dengan Header Authorization Tanpa Skema Bearer","1407","getRefundWithMalformedAuthorizationHeader","Surefire suite","Sat Oct 03 07:12:49 UTC 2026","passed","Sat Oct 03 07:12:51 UTC 2026","testcases.backoffice.refund.GetRefundTest","Surefire test","testcases.backoffice.refund.GetRefundTest","getRefundWithMalformedAuthorizationHeader"
"Get Notification Sender Dengan Field Tidak Dikenal pada Body","5191","getNotificationSenderWithUnknownField","Surefire suite","Sat Oct 03 07:12:58 UTC 2026","passed","Sat Oct 03 07:13:03 UTC 2026","testcases.backoffice.notifsender.NotificationSenderTest","Surefire test","testcases.backoffice.notifsender.NotificationSenderTest","getNotificationSenderWithUnknownField"
"Get History USDT Transfer Test CS","11250","historyUSDTTransferTestAdmin","Surefire suite","Sat Oct 03 08:20:17 UTC 2026","passed","Sat Oct 03 08:20:29 UTC 2026","testcases.history.HistoryTransferTest","Surefire test","testcases.history.HistoryTransferTest","historyUSDTTransferTestAdmin"
"Add Group Backoffice Menggunakan HTTP Method PUT","1519","addGroupWithPutMethod","Surefire suite","Sat Oct 03 07:02:18 UTC 2026","passed","Sat Oct 03 07:02:20 UTC 2026","testcases.backoffice.group.AddGroupTest","Surefire test","testcases.backoffice.group.AddGroupTest","addGroupWithPutMethod"
"Created Favorite Account Merchant","4825","createdFavoriteAccount","Surefire suite","Sat Oct 03 07:07:42 UTC 2026","passed","Sat Oct 03 07:07:47 UTC 2026","testcases.settings.favoriteaccount.CreatedFavoriteAccountTest","Surefire test","testcases.settings.favoriteaccount.CreatedFavoriteAccountTest","createdFavoriteAccount"
"Get List Favorite Account CS","4730","getListFavoriteAccountCS","Surefire suite","Sat Oct 03 08:43:25 UTC 2026","passed","Sat Oct 03 08:43:29 UTC 2026","testcases.settings.favoriteaccount.GetListFavoriteAccountTest","Surefire test","testcases.settings.favoriteaccount.GetListFavoriteAccountTest","getListFavoriteAccountCS"
"Add Group Backoffice Dengan Payload XSS pada name","1588","addGroupWithXssName","Surefire suite","Sat Oct 03 07:03:02 UTC 2026","passed","Sat Oct 03 07:03:03 UTC 2026","testcases.backoffice.group.AddGroupTest","Surefire test","testcases.backoffice.group.AddGroupTest","addGroupWithXssName"
"Get List Group Backoffice Menggunakan HTTP Method PUT","1438","getListGroupWithPutMethod","Surefire suite","Sat Oct 03 06:54:40 UTC 2026","passed","Sat Oct 03 06:54:41 UTC 2026","testcases.backoffice.group.GetListGroupTest","Surefire test","testcases.backoffice.group.GetListGroupTest","getListGroupWithPutMethod"
"Delete Favorite Account Ke Path yang Tidak Ada (Typo)","41282","deleteFavoriteAccountWithWrongPath","Surefire suite","Sat Oct 03 06:36:48 UTC 2026","failed","Sat Oct 03 06:37:29 UTC 2026","testcases.settings.favoriteaccount.DeleteFavoriteAccountTest","Surefire test","testcases.settings.favoriteaccount.DeleteFavoriteAccountTest","deleteFavoriteAccountWithWrongPath"
"List Currency USDT Dengan Token Backoffice Valid Tapi Tanpa Header pbyv","1550","getCurrencyWithoutPbyvHeader","Surefire suite","Sat Oct 03 07:06:17 UTC 2026","passed","Sat Oct 03 07:06:18 UTC 2026","testcases.backoffice.currency.GetCurrencyTest","Surefire test","testcases.backoffice.currency.GetCurrencyTest","getCurrencyWithoutPbyvHeader"
"List Currency USDT Dengan Sort Tanpa Operator '=='","1585","getCurrencyWithMalformedSortOperator","Surefire suite","Sat Oct 03 07:04:56 UTC 2026","passed","Sat Oct 03 07:04:57 UTC 2026","testcases.backoffice.currency.GetCurrencyTest","Surefire test","testcases.backoffice.currency.GetCurrencyTest","getCurrencyWithMalformedSortOperator"
"Get List Favorite Account Menggunakan HTTP Method PATCH","1432","getListFavoriteAccountWithPatchMethod","Surefire suite","Sat Oct 03 08:44:38 UTC 2026","passed","Sat Oct 03 08:44:39 UTC 2026","testcases.settings.favoriteaccount.GetListFavoriteAccountTest","Surefire test","testcases.settings.favoriteaccount.GetListFavoriteAccountTest","getListFavoriteAccountWithPatchMethod"
"Transfer Different Parner Reference Supervisor, Manual Transfer to Transfer","48087","trfPartnerRefManualSpvFailed","Surefire suite","Sat Oct 03 06:31:28 UTC 2026","passed","Sat Oct 03 06:32:16 UTC 2026","testcases.transfer.TransferTest","Surefire test","testcases.transfer.TransferTest","trfPartnerRefManualSpvFailed"
"Transfer Different Partner Reference, Transfer to USDT Transfer","47549","trfPartnerRefTransferFailed","Surefire suite","Sat Oct 03 06:43:47 UTC 2026","passed","Sat Oct 03 06:44:35 UTC 2026","testcases.transfer.TransferUSDTTest","Surefire test","testcases.transfer.TransferUSDTTest","trfPartnerRefTransferFailed"
"Mutasi Manual Transfer Balance CS","31324","mutasiManualTransferBalanceCS","Surefire suite","Sat Oct 03 08:26:55 UTC 2026","passed","Sat Oct 03 08:27:26 UTC 2026","testcases.mutasi.MutasiTransferTest","Surefire test","testcases.mutasi.MutasiTransferTest","mutasiManualTransferBalanceCS"
"Add Group Backoffice Menggunakan Login CS Admin","4658","addGroupWithCSAdminLogin","Surefire suite","Sat Oct 03 07:00:09 UTC 2026","passed","Sat Oct 03 07:00:14 UTC 2026","testcases.backoffice.group.AddGroupTest","Surefire test","testcases.backoffice.group.AddGroupTest","addGroupWithCSAdminLogin"
"Add Currency CS Admin Path Menggunakan HTTP Method PATCH","1459","addCurrencyWithPatchMethod","Surefire suite","Sat Oct 03 08:02:03 UTC 2026","passed","Sat Oct 03 08:02:04 UTC 2026","testcases.backoffice.currency.AddCurrencyTest","Surefire test","testcases.backoffice.currency.AddCurrencyTest","addCurrencyWithPatchMethod"
"Test Get Report Transaction CS","4792","getReportTransactionCS","Surefire suite","Sat Oct 03 06:31:46 UTC 2026","passed","Sat Oct 03 06:31:51 UTC 2026","testcases.report.ReportTransactionTest","Surefire test","testcases.report.ReportTransactionTest","getReportTransactionCS"
"Inquiry Favorite Account Dengan Token Valid Tapi Tanpa Header credentialId","1563","inquiryFavoriteAccountWithoutCredentialIdHeader","Surefire suite","Sat Oct 03 07:11:36 UTC 2026","passed","Sat Oct 03 07:11:38 UTC 2026","testcases.settings.favoriteaccount.InquiryFavoriteAccountTest","Surefire test","testcases.settings.favoriteaccount.InquiryFavoriteAccountTest","inquiryFavoriteAccountWithoutCredentialIdHeader"
"Get List Favorite Account Dengan Token Tidak Valid","1468","getListFavoriteAccountWithInvalidToken","Surefire suite","Sat Oct 03 08:44:06 UTC 2026","passed","Sat Oct 03 08:44:07 UTC 2026","testcases.settings.favoriteaccount.GetListFavoriteAccountTest","Surefire test","testcases.settings.favoriteaccount.GetListFavoriteAccountTest","getListFavoriteAccountWithInvalidToken"
"Get Balance Merchant with Login Admin","4644","getBalanceAdmin","Surefire suite","Sat Oct 03 06:30:32 UTC 2026","passed","Sat Oct 03 06:30:36 UTC 2026","testcases.balance.GetBalanceQrisTest","Surefire test","testcases.balance.GetBalanceQrisTest","getBalanceAdmin"
"Resend Google Authenticator Dengan email Kosong","4415","resendOtpGoogleWithEmptyEmail","Surefire suite","Sat Oct 03 07:18:42 UTC 2026","passed","Sat Oct 03 07:18:46 UTC 2026","testcases.backoffice.googleauth.ResendOtpGoogleTest","Surefire test","testcases.backoffice.googleauth.ResendOtpGoogleTest","resendOtpGoogleWithEmptyEmail"
"Get History Manual Transfer Merchant on Login CS Admin","10948","historyManualTransferMerchantTestCSAdmin","Surefire suite","Sat Oct 03 08:14:27 UTC 2026","passed","Sat Oct 03 08:14:38 UTC 2026","testcases.history.HistoryTransferTest","Surefire test","testcases.history.HistoryTransferTest","historyManualTransferMerchantTestCSAdmin"
"Login Merchant dengan Username Tidak Terdaftar","2951","testLoginNonExistentUsername","Surefire suite","Sat Oct 03 06:30:52 UTC 2026","passed","Sat Oct 03 06:30:55 UTC 2026","testcases.auth.LoginTest","Surefire test","testcases.auth.LoginTest","testLoginNonExistentUsername"
"Resend Google Authenticator Menggunakan HTTP Method PUT","4414","resendOtpGoogleWithPutMethod","Surefire suite","Sat Oct 03 07:20:25 UTC 2026","passed","Sat Oct 03 07:20:29 UTC 2026","testcases.backoffice.googleauth.ResendOtpGoogleTest","Surefire test","testcases.backoffice.googleauth.ResendOtpGoogleTest","resendOtpGoogleWithPutMethod"
"Test Approved USDT Tanpa URL","58170","approvedUSDTwithoutURL","Surefire suite","Sat Oct 03 07:51:25 UTC 2026","passed","Sat Oct 03 07:52:23 UTC 2026","testcases.backoffice.ApprovalTransferTest","Surefire test","testcases.backoffice.ApprovalTransferTest","approvedUSDTwithoutURL"
"Inquiry Test Manual Transfer Admin Crypto","4689","inquiryManualTransferAdminCrypto","Surefire suite","Sat Oct 03 06:34:05 UTC 2026","passed","Sat Oct 03 06:34:10 UTC 2026","testcases.transfer.InquiryManualTransferTest","Surefire test","testcases.transfer.InquiryManualTransferTest","inquiryManualTransferAdminCrypto"
"Refund Summary Dengan startDate Bukan Format Tanggal","1458","getRefundWithInvalidStartDate","Surefire suite","Sat Oct 03 07:12:36 UTC 2026","passed","Sat Oct 03 07:12:37 UTC 2026","testcases.backoffice.refund.GetRefundTest","Surefire test","testcases.backoffice.refund.GetRefundTest","getRefundWithInvalidStartDate"
"Get History QR Success Paid","8018","historyQRTestPaid","Surefire suite","Sat Oct 03 07:18:48 UTC 2026","passed","Sat Oct 03 07:18:56 UTC 2026","testcases.history.HistoryQRTest","Surefire test","testcases.history.HistoryQRTest","historyQRTestPaid"
"Delete Group Backoffice Dengan id Bertipe Angka (Bukan String)","1454","deleteGroupWithIdAsNumber","Surefire suite","Sat Oct 03 06:57:25 UTC 2026","passed","Sat Oct 03 06:57:27 UTC 2026","testcases.backoffice.group.DeleteGroupTest","Surefire test","testcases.backoffice.group.DeleteGroupTest","deleteGroupWithIdAsNumber"
"Check Status QR CS","12474","checkStatusQRCS","Surefire suite","Sat Oct 03 07:27:26 UTC 2026","passed","Sat Oct 03 07:27:38 UTC 2026","testcases.QR.CheckStatusQRTest","Surefire test","testcases.QR.CheckStatusQRTest","checkStatusQRCS"
"List Refund Dengan Field Sort Merujuk ke Kolom yang Tidak Ada","4648","listRefundWithInvalidSortField","Surefire suite","Sat Oct 03 08:08:02 UTC 2026","passed","Sat Oct 03 08:08:06 UTC 2026","testcases.backoffice.ListRefundTest","Surefire test","testcases.backoffice.ListRefundTest","listRefundWithInvalidSortField"
"Test Approved Manual Transfer","18951","approvedCashDeposit","Surefire suite","Sat Oct 03 07:45:48 UTC 2026","passed","Sat Oct 03 07:46:07 UTC 2026","testcases.backoffice.ApprovalTransferTest","Surefire test","testcases.backoffice.ApprovalTransferTest","approvedCashDeposit"
"Get Group Detail Backoffice Menggunakan Login Supervisor","4378","getGroupDetailWithSupervisorLogin","Surefire suite","Sat Oct 03 06:52:06 UTC 2026","passed","Sat Oct 03 06:52:10 UTC 2026","testcases.backoffice.group.GetGroupTest","Surefire test","testcases.backoffice.group.GetGroupTest","getGroupDetailWithSupervisorLogin"
"Delete Group Backoffice Dengan Content-Type text/plain","1422","deleteGroupWithWrongContentType","Surefire suite","Sat Oct 03 06:58:59 UTC 2026","passed","Sat Oct 03 06:59:01 UTC 2026","testcases.backoffice.group.DeleteGroupTest","Surefire test","testcases.backoffice.group.DeleteGroupTest","deleteGroupWithWrongContentType"
"Refund Summary Menggunakan HTTP Method PATCH","1453","getRefundWithPatchMethod","Surefire suite","Sat Oct 03 07:13:31 UTC 2026","passed","Sat Oct 03 07:13:32 UTC 2026","testcases.backoffice.refund.GetRefundTest","Surefire test","testcases.backoffice.refund.GetRefundTest","getRefundWithPatchMethod"
"List Currency USDT Tanpa Login/Header Auth","1468","getCurrencyWithoutAuth","Surefire suite","Sat Oct 03 07:06:08 UTC 2026","passed","Sat Oct 03 07:06:09 UTC 2026","testcases.backoffice.currency.GetCurrencyTest","Surefire test","testcases.backoffice.currency.GetCurrencyTest","getCurrencyWithoutAuth"
"Check Status QR Dengan Header Authorization Tanpa Skema Bearer","1452","checkStatusQRWithMalformedAuthorizationHeader","Surefire suite","Sat Oct 03 07:16:55 UTC 2026","failed","Sat Oct 03 07:16:57 UTC 2026","testcases.QR.CheckStatusQRTest","Surefire test","testcases.QR.CheckStatusQRTest","checkStatusQRWithMalformedAuthorizationHeader"
"Add Currency CS Admin Path Dengan rate Berupa JSON Object","1501","addCurrencyWithObjectRate","Surefire suite","Sat Oct 03 08:01:58 UTC 2026","passed","Sat Oct 03 08:02:00 UTC 2026","testcases.backoffice.currency.AddCurrencyTest","Surefire test","testcases.backoffice.currency.AddCurrencyTest","addCurrencyWithObjectRate"
"Reset Pin Customer Service","4784","resetPinCS","Surefire suite","Sat Oct 03 06:30:49 UTC 2026","passed","Sat Oct 03 06:30:54 UTC 2026","testcases.settings.ResetPinTest","Surefire test","testcases.settings.ResetPinTest","resetPinCS"
"Inquiry Favorite Account Dengan Content-Type text/plain","1406","inquiryFavoriteAccountWithWrongContentType","Surefire suite","Sat Oct 03 07:11:04 UTC 2026","passed","Sat Oct 03 07:11:06 UTC 2026","testcases.settings.favoriteaccount.InquiryFavoriteAccountTest","Surefire test","testcases.settings.favoriteaccount.InquiryFavoriteAccountTest","inquiryFavoriteAccountWithWrongContentType"
"Get List Google Authenticator Menggunakan Login Marketing","4530","listOtpGoogleWithMarketingLogin","Surefire suite","Sat Oct 03 07:09:33 UTC 2026","passed","Sat Oct 03 07:09:37 UTC 2026","testcases.backoffice.googleauth.ListOtpGoogleTest","Surefire test","testcases.backoffice.googleauth.ListOtpGoogleTest","listOtpGoogleWithMarketingLogin"
"Resend Google Authenticator Dengan Body Berupa Literal null","4404","resendOtpGoogleWithNullLiteralBody","Surefire suite","Sat Oct 03 07:19:55 UTC 2026","passed","Sat Oct 03 07:19:59 UTC 2026","testcases.backoffice.googleauth.ResendOtpGoogleTest","Surefire test","testcases.backoffice.googleauth.ResendOtpGoogleTest","resendOtpGoogleWithNullLiteralBody"
"Add Group Backoffice Menggunakan Login Supervisor","4601","addGroupWithSupervisorLogin","Surefire suite","Sat Oct 03 07:02:27 UTC 2026","passed","Sat Oct 03 07:02:32 UTC 2026","testcases.backoffice.group.AddGroupTest","Surefire test","testcases.backoffice.group.AddGroupTest","addGroupWithSupervisorLogin"
"Add Currency USDT Cs Admin","4774","addCurrencyCsAdmin","Surefire suite","Sat Oct 03 07:59:40 UTC 2026","passed","Sat Oct 03 07:59:45 UTC 2026","testcases.backoffice.currency.AddCurrencyTest","Surefire test","testcases.backoffice.currency.AddCurrencyTest","addCurrencyCsAdmin"
"Add Whitelist Ip User CS Admin","5033","addWhitelistIpUserCsAdmin","Surefire suite","Sat Oct 03 06:31:13 UTC 2026","passed","Sat Oct 03 06:31:18 UTC 2026","testcases.backoffice.users.EditUserTest","Surefire test","testcases.backoffice.users.EditUserTest","addWhitelistIpUserCsAdmin"
"Get Group User Backoffice","4549","getGroupSuperBO","Surefire suite","Sat Oct 03 06:37:25 UTC 2026","passed","Sat Oct 03 06:37:30 UTC 2026","testcases.backoffice.GetDashboardTest","Surefire test","testcases.backoffice.GetDashboardTest","getGroupSuperBO"
"List Currency USDT Dengan Header pbyv Salah","1516","getCurrencyWithWrongPbyvHeader","Surefire suite","Sat Oct 03 07:05:59 UTC 2026","passed","Sat Oct 03 07:06:00 UTC 2026","testcases.backoffice.currency.GetCurrencyTest","Surefire test","testcases.backoffice.currency.GetCurrencyTest","getCurrencyWithWrongPbyvHeader"
"List Refund Menggunakan Login Marketing","4610","listRefundWithMarketingLogin","Surefire suite","Sat Oct 03 08:08:21 UTC 2026","passed","Sat Oct 03 08:08:26 UTC 2026","testcases.backoffice.ListRefundTest","Surefire test","testcases.backoffice.ListRefundTest","listRefundWithMarketingLogin"
"Get List Favorite Account Dengan Token Valid Tapi Tanpa Header credentialId","1611","getListFavoriteAccountWithoutCredentialIdHeader","Surefire suite","Sat Oct 03 08:45:28 UTC 2026","passed","Sat Oct 03 08:45:29 UTC 2026","testcases.settings.favoriteaccount.GetListFavoriteAccountTest","Surefire test","testcases.settings.favoriteaccount.GetListFavoriteAccountTest","getListFavoriteAccountWithoutCredentialIdHeader"
"Transfer Different Partner Reference, Manual Transfer to Transfer","47428","trfPartnerRefManualFailed","Surefire suite","Sat Oct 03 06:45:54 UTC 2026","passed","Sat Oct 03 06:46:42 UTC 2026","testcases.transfer.TransferTest","Surefire test","testcases.transfer.TransferTest","trfPartnerRefManualFailed"
"Delete Manage Settlement BO Dengan Token Backoffice Valid Tapi Tanpa Header pbyv","4390","deleteManageSettlementWithoutPbyvHeader","Surefire suite","Sat Oct 03 06:45:12 UTC 2026","passed","Sat Oct 03 06:45:16 UTC 2026","testcases.backoffice.settlement.DeleteManageSettlementTest","Surefire test","testcases.backoffice.settlement.DeleteManageSettlementTest","deleteManageSettlementWithoutPbyvHeader"
"Add Group Backoffice Dengan Body Berupa Literal null","1443","addGroupWithNullLiteralBody","Surefire suite","Sat Oct 03 07:02:00 UTC 2026","passed","Sat Oct 03 07:02:02 UTC 2026","testcases.backoffice.group.AddGroupTest","Surefire test","testcases.backoffice.group.AddGroupTest","addGroupWithNullLiteralBody"
"Get List Group Company BO Menggunakan Login Supervisor","4507","getListGroupCompanyWithSupervisorLogin","Surefire suite","Sat Oct 03 06:40:56 UTC 2026","passed","Sat Oct 03 06:41:01 UTC 2026","testcases.backoffice.settlement.GetListGroupCompanyTest","Surefire test","testcases.backoffice.settlement.GetListGroupCompanyTest","getListGroupCompanyWithSupervisorLogin"
"Get Notification Sender Dengan pinValidasi Berisi Karakter SQL Injection","4470","getNotificationSenderWithSqlInjectionPinValidasi","Surefire suite","Sat Oct 03 07:12:42 UTC 2026","passed","Sat Oct 03 07:12:46 UTC 2026","testcases.backoffice.notifsender.NotificationSenderTest","Surefire test","testcases.backoffice.notifsender.NotificationSenderTest","getNotificationSenderWithSqlInjectionPinValidasi"
"Get Notification Sender Dengan Body Kosong ({})","4511","getNotificationSenderWithEmptyBody","Surefire suite","Sat Oct 03 07:10:02 UTC 2026","passed","Sat Oct 03 07:10:06 UTC 2026","testcases.backoffice.notifsender.NotificationSenderTest","Surefire test","testcases.backoffice.notifsender.NotificationSenderTest","getNotificationSenderWithEmptyBody"
"Refund Summary Menggunakan HTTP Method PUT","1455","getRefundWithPutMethod","Surefire suite","Sat Oct 03 07:13:35 UTC 2026","passed","Sat Oct 03 07:13:37 UTC 2026","testcases.backoffice.refund.GetRefundTest","Surefire test","testcases.backoffice.refund.GetRefundTest","getRefundWithPutMethod"
"Create Manage Settlement BO Dengan Body JSON Tidak Valid (Malformed)","4460","addManageSettlementWithMalformedJson","Surefire suite","Sat Oct 03 06:47:27 UTC 2026","passed","Sat Oct 03 06:47:32 UTC 2026","testcases.backoffice.settlement.AddManageSettlementTest","Surefire test","testcases.backoffice.settlement.AddManageSettlementTest","addManageSettlementWithMalformedJson"
"Test Approve Manual Transfer Supervisor dengan check Fee di Admin Crypto dan Admin Fee","40562","approvedCashDepositBalanceSupervisor","Surefire suite","Sat Oct 03 07:46:54 UTC 2026","passed","Sat Oct 03 07:47:35 UTC 2026","testcases.backoffice.ApprovalTransferTest","Surefire test","testcases.backoffice.ApprovalTransferTest","approvedCashDepositBalanceSupervisor"
"Add Group Backoffice Dengan feeBankPercent Melebihi 100","1516","addGroupWithFeeOver100","Surefire suite","Sat Oct 03 07:01:05 UTC 2026","passed","Sat Oct 03 07:01:06 UTC 2026","testcases.backoffice.group.AddGroupTest","Surefire test","testcases.backoffice.group.AddGroupTest","addGroupWithFeeOver100"
"Refund Summary Dengan startDate null","1479","getRefundWithNullStartDate","Surefire suite","Sat Oct 03 07:13:17 UTC 2026","passed","Sat Oct 03 07:13:19 UTC 2026","testcases.backoffice.refund.GetRefundTest","Surefire test","testcases.backoffice.refund.GetRefundTest","getRefundWithNullStartDate"
"Get Detail Waiting Company Backoffice Tanpa Login/Header Auth","1434","getDetailWaitingCompanyWithoutAuth","Surefire suite","Sat Oct 03 06:32:54 UTC 2026","passed","Sat Oct 03 06:32:56 UTC 2026","testcases.backoffice.GetDetailWaitingCompanyTest","Surefire test","testcases.backoffice.GetDetailWaitingCompanyTest","getDetailWaitingCompanyWithoutAuth"
"Get List Group Company BO","4379","getListGroupCompanyBO","Surefire suite","Sat Oct 03 06:38:36 UTC 2026","passed","Sat Oct 03 06:38:41 UTC 2026","testcases.backoffice.settlement.GetListGroupCompanyTest","Surefire test","testcases.backoffice.settlement.GetListGroupCompanyTest","getListGroupCompanyBO"
"Get History QR Paid Merchant on login CS Admin","11293","historyQRPaidMerchantCSAdmin","Surefire suite","Sat Oct 03 07:24:19 UTC 2026","passed","Sat Oct 03 07:24:30 UTC 2026","testcases.history.HistoryQRTest","Surefire test","testcases.history.HistoryQRTest","historyQRPaidMerchantCSAdmin"
"Get User Backoffice Menggunakan Login Admin Crypto","4513","getUserWithAdminCryptoLogin","Surefire suite","Sat Oct 03 06:38:04 UTC 2026","passed","Sat Oct 03 06:38:09 UTC 2026","testcases.backoffice.GetDashboardTest","Surefire test","testcases.backoffice.GetDashboardTest","getUserWithAdminCryptoLogin"
"Reset Password Supervisor","4898","resetPasswordSupervisor","Surefire suite","Sat Oct 03 06:30:39 UTC 2026","passed","Sat Oct 03 06:30:44 UTC 2026","testcases.settings.ResetPasswordTest","Surefire test","testcases.settings.ResetPasswordTest","resetPasswordSupervisor"
"Get List Group Company BO Ke Path yang Tidak Ada (Typo)","4723","getListGroupCompanyWithWrongPath","Surefire suite","Sat Oct 03 06:41:11 UTC 2026","passed","Sat Oct 03 06:41:16 UTC 2026","testcases.backoffice.settlement.GetListGroupCompanyTest","Surefire test","testcases.backoffice.settlement.GetListGroupCompanyTest","getListGroupCompanyWithWrongPath"
"Check Status QR Dengan Token Kadaluarsa","3145","checkStatusQRWithExpiredToken","Surefire suite","Sat Oct 03 07:16:40 UTC 2026","passed","Sat Oct 03 07:16:43 UTC 2026","testcases.QR.CheckStatusQRTest","Surefire test","testcases.QR.CheckStatusQRTest","checkStatusQRWithExpiredToken"
"Test Approved Special Transfer","11757","approvedSpecialTransfer","Surefire suite","Sat Oct 03 07:47:58 UTC 2026","passed","Sat Oct 03 07:48:10 UTC 2026","testcases.backoffice.ApprovalTransferTest","Surefire test","testcases.backoffice.ApprovalTransferTest","approvedSpecialTransfer"
"Get List Google Authenticator Dengan Karakter SQL Injection pada Field param","4882","listOtpGoogleWithSqlInjectionParam","Surefire suite","Sat Oct 03 07:10:18 UTC 2026","passed","Sat Oct 03 07:10:23 UTC 2026","testcases.backoffice.googleauth.ListOtpGoogleTest","Surefire test","testcases.backoffice.googleauth.ListOtpGoogleTest","listOtpGoogleWithSqlInjectionParam"
"Created Favorite Account Tanpa Body Sama Sekali","1417","createdFavoriteAccountWithoutBody","Surefire suite","Sat Oct 03 07:09:28 UTC 2026","passed","Sat Oct 03 07:09:29 UTC 2026","testcases.settings.favoriteaccount.CreatedFavoriteAccountTest","Surefire test","testcases.settings.favoriteaccount.CreatedFavoriteAccountTest","createdFavoriteAccountWithoutBody"
"Inquiry Test USDT Transfer Merchant Supervisor","4818","inquiryUSDTSupervisor","Surefire suite","Sat Oct 03 06:34:09 UTC 2026","passed","Sat Oct 03 06:34:14 UTC 2026","testcases.transfer.InquiryUSDTTest","Surefire test","testcases.transfer.InquiryUSDTTest","inquiryUSDTSupervisor"
"Delete Group Backoffice Menggunakan HTTP Method GET","1435","deleteGroupWithGetMethod","Surefire suite","Sat Oct 03 06:57:21 UTC 2026","passed","Sat Oct 03 06:57:22 UTC 2026","testcases.backoffice.group.DeleteGroupTest","Surefire test","testcases.backoffice.group.DeleteGroupTest","deleteGroupWithGetMethod"
"Transfer Different Partner Reference, Special Transfer to Manual Transfer","46095","trfPartnerRefManualFailed","Surefire suite","Sat Oct 03 07:13:03 UTC 2026","failed","Sat Oct 03 07:13:49 UTC 2026","testcases.transfer.ManualTransferTest","Surefire test","testcases.transfer.ManualTransferTest","trfPartnerRefManualFailed"
"Mutasi Transfer Balance CS","12793","mutasiTransferBalanceCS","Surefire suite","Sat Oct 03 08:34:11 UTC 2026","passed","Sat Oct 03 08:34:24 UTC 2026","testcases.mutasi.MutasiTransferTest","Surefire test","testcases.mutasi.MutasiTransferTest","mutasiTransferBalanceCS"
"Delete Google Authenticator Menggunakan HTTP Method PUT","4592","deleteOtpGoogleWithPutMethod","Surefire suite","Sat Oct 03 06:35:04 UTC 2026","passed","Sat Oct 03 06:35:09 UTC 2026","testcases.backoffice.googleauth.DeleteOtpGoogleTest","Surefire test","testcases.backoffice.googleauth.DeleteOtpGoogleTest","deleteOtpGoogleWithPutMethod"
"Delete Favorite Account Dengan pin String Kosong","1699","deleteFavoriteAccountWithEmptyPin","Surefire suite","Sat Oct 03 06:33:24 UTC 2026","passed","Sat Oct 03 06:33:26 UTC 2026","testcases.settings.favoriteaccount.DeleteFavoriteAccountTest","Surefire test","testcases.settings.favoriteaccount.DeleteFavoriteAccountTest","deleteFavoriteAccountWithEmptyPin"
"Get History Special Transfer Test Supervisor","8415","historySpecialTransferTestSupervisor","Surefire suite","Sat Oct 03 08:17:53 UTC 2026","passed","Sat Oct 03 08:18:02 UTC 2026","testcases.history.HistoryTransferTest","Surefire test","testcases.history.HistoryTransferTest","historySpecialTransferTestSupervisor"
"Inquiry Favorite Account Dengan Field Tidak Dikenal pada Body","1539","inquiryFavoriteAccountWithUnknownField","Surefire suite","Sat Oct 03 07:10:56 UTC 2026","passed","Sat Oct 03 07:10:57 UTC 2026","testcases.settings.favoriteaccount.InquiryFavoriteAccountTest","Surefire test","testcases.settings.favoriteaccount.InquiryFavoriteAccountTest","inquiryFavoriteAccountWithUnknownField"
"Create Manage Settlement BO","8966","addManageSettlementBO","Surefire suite","Sat Oct 03 06:45:19 UTC 2026","passed","Sat Oct 03 06:45:28 UTC 2026","testcases.backoffice.settlement.AddManageSettlementTest","Surefire test","testcases.backoffice.settlement.AddManageSettlementTest","addManageSettlementBO"
"Create Manage Settlement BO Menggunakan Login CS Admin","4423","addManageSettlementWithCSAdminLogin","Surefire suite","Sat Oct 03 06:45:53 UTC 2026","passed","Sat Oct 03 06:45:58 UTC 2026","testcases.backoffice.settlement.AddManageSettlementTest","Surefire test","testcases.backoffice.settlement.AddManageSettlementTest","addManageSettlementWithCSAdminLogin"
"Login Merchant tanpa Parameter Captcha","2906","testLoginMissingCaptchaParam","Surefire suite","Sat Oct 03 06:30:34 UTC 2026","passed","Sat Oct 03 06:30:37 UTC 2026","testcases.auth.LoginTest","Surefire test","testcases.auth.LoginTest","testLoginMissingCaptchaParam"
"Get List Google Authenticator Menggunakan Login Customer Service","4540","listOtpGoogleWithCSLogin","Surefire suite","Sat Oct 03 07:08:12 UTC 2026","passed","Sat Oct 03 07:08:16 UTC 2026","testcases.backoffice.googleauth.ListOtpGoogleTest","Surefire test","testcases.backoffice.googleauth.ListOtpGoogleTest","listOtpGoogleWithCSLogin"
"List Currency USDT Dengan Content-Type text/plain","1405","getCurrencyWithWrongContentType","Surefire suite","Sat Oct 03 07:05:50 UTC 2026","passed","Sat Oct 03 07:05:51 UTC 2026","testcases.backoffice.currency.GetCurrencyTest","Surefire test","testcases.backoffice.currency.GetCurrencyTest","getCurrencyWithWrongContentType"
"Delete Favorite Account Menggunakan HTTP Method GET","1690","deleteFavoriteAccountWithGetMethod","Surefire suite","Sat Oct 03 06:33:33 UTC 2026","passed","Sat Oct 03 06:33:35 UTC 2026","testcases.settings.favoriteaccount.DeleteFavoriteAccountTest","Surefire test","testcases.settings.favoriteaccount.DeleteFavoriteAccountTest","deleteFavoriteAccountWithGetMethod"
"Normal Manual Transfer Success with Account Supervisor","10034","manualTransferSupervisor","Surefire suite","Sat Oct 03 06:35:04 UTC 2026","passed","Sat Oct 03 06:35:14 UTC 2026","testcases.transfer.ManualTransferTest","Surefire test","testcases.transfer.ManualTransferTest","manualTransferSupervisor"
"Create Manage Settlement BO Dengan companyId Format Tidak Valid (Bukan ObjectId)","4512","addManageSettlementWithMalformedCompanyId","Surefire suite","Sat Oct 03 06:47:20 UTC 2026","passed","Sat Oct 03 06:47:24 UTC 2026","testcases.backoffice.settlement.AddManageSettlementTest","Surefire test","testcases.backoffice.settlement.AddManageSettlementTest","addManageSettlementWithMalformedCompanyId"
"Delete Group Backoffice Tanpa Field id","1452","deleteGroupWithoutIdField","Surefire suite","Sat Oct 03 06:59:26 UTC 2026","passed","Sat Oct 03 06:59:27 UTC 2026","testcases.backoffice.group.DeleteGroupTest","Surefire test","testcases.backoffice.group.DeleteGroupTest","deleteGroupWithoutIdField"
"List Waiting Company Backoffice Dengan Body Berupa JSON Array ([])","4425","listWaitingCompanyWithArrayBody","Surefire suite","Sat Oct 03 07:17:41 UTC 2026","passed","Sat Oct 03 07:17:45 UTC 2026","testcases.backoffice.ListWaitingCompanyTest","Surefire test","testcases.backoffice.ListWaitingCompanyTest","listWaitingCompanyWithArrayBody"
"List Manage Settlement Backoffice Menggunakan Login Admin Crypto","4430","listManageSettlementWithAdminCryptoLogin","Surefire suite","Sat Oct 03 07:14:03 UTC 2026","passed","Sat Oct 03 07:14:07 UTC 2026","testcases.backoffice.settlement.ManageSettlementTest","Surefire test","testcases.backoffice.settlement.ManageSettlementTest","listManageSettlementWithAdminCryptoLogin"
"Mutasi Manual Transfer Balance","32290","mutasiManualTransferBalance","Surefire suite","Sat Oct 03 08:26:20 UTC 2026","passed","Sat Oct 03 08:26:52 UTC 2026","testcases.mutasi.MutasiTransferTest","Surefire test","testcases.mutasi.MutasiTransferTest","mutasiManualTransferBalance"
"Create Manage Settlement BO Menggunakan Login Customer Service","4474","addManageSettlementWithCSLogin","Surefire suite","Sat Oct 03 06:46:01 UTC 2026","passed","Sat Oct 03 06:46:05 UTC 2026","testcases.backoffice.settlement.AddManageSettlementTest","Surefire test","testcases.backoffice.settlement.AddManageSettlementTest","addManageSettlementWithCSLogin"
"Get List Group Backoffice Dengan page Melebihi Total Halaman","1441","getListGroupWithPageBeyondTotalPages","Surefire suite","Sat Oct 03 06:54:31 UTC 2026","passed","Sat Oct 03 06:54:32 UTC 2026","testcases.backoffice.group.GetListGroupTest","Surefire test","testcases.backoffice.group.GetListGroupTest","getListGroupWithPageBeyondTotalPages"
"List Currency USDT Dengan Payload XSS pada Field Param","1490","getCurrencyWithXssParam","Surefire suite","Sat Oct 03 07:06:03 UTC 2026","passed","Sat Oct 03 07:06:05 UTC 2026","testcases.backoffice.currency.GetCurrencyTest","Surefire test","testcases.backoffice.currency.GetCurrencyTest","getCurrencyWithXssParam"
"Add Group Backoffice Menggunakan HTTP Method GET","1481","addGroupWithGetMethod","Surefire suite","Sat Oct 03 07:01:14 UTC 2026","passed","Sat Oct 03 07:01:15 UTC 2026","testcases.backoffice.group.AddGroupTest","Surefire test","testcases.backoffice.group.AddGroupTest","addGroupWithGetMethod"
"Delete Favorite Account Merchant","6282","deleteFavoriteAccount","Surefire suite","Sat Oct 03 06:32:46 UTC 2026","passed","Sat Oct 03 06:32:52 UTC 2026","testcases.settings.favoriteaccount.DeleteFavoriteAccountTest","Surefire test","testcases.settings.favoriteaccount.DeleteFavoriteAccountTest","deleteFavoriteAccount"
"Get Balance Merchant","4660","getBalanceMerchant","Surefire suite","Sat Oct 03 06:32:38 UTC 2026","passed","Sat Oct 03 06:32:43 UTC 2026","testcases.balance.GetBalanceQrisTest","Surefire test","testcases.balance.GetBalanceQrisTest","getBalanceMerchant"
"Inquiry Test Transfer Admin Crypto","4898","inquiryTransferAdminCrypto","Surefire suite","Sat Oct 03 06:31:37 UTC 2026","passed","Sat Oct 03 06:31:42 UTC 2026","testcases.transfer.InquiryTransferTest","Surefire test","testcases.transfer.InquiryTransferTest","inquiryTransferAdminCrypto"
"List Manage Settlement Backoffice Dengan Token Tidak Valid","1451","listManageSettlementWithInvalidToken","Surefire suite","Sat Oct 03 07:15:30 UTC 2026","passed","Sat Oct 03 07:15:31 UTC 2026","testcases.backoffice.settlement.ManageSettlementTest","Surefire test","testcases.backoffice.settlement.ManageSettlementTest","listManageSettlementWithInvalidToken"
"Add Group Backoffice Dengan Karakter SQL Injection pada name","1482","addGroupWithSqlInjectionName","Surefire suite","Sat Oct 03 07:02:23 UTC 2026","passed","Sat Oct 03 07:02:24 UTC 2026","testcases.backoffice.group.AddGroupTest","Surefire test","testcases.backoffice.group.AddGroupTest","addGroupWithSqlInjectionName"
"List Company Backoffice Dengan Page/Size Negatif - Menemukan Bug Gateway Timeout","4375","listCompanyWithNegativePageSize","Surefire suite","Sat Oct 03 07:21:27 UTC 2026","passed","Sat Oct 03 07:21:31 UTC 2026","testcases.backoffice.ListCompanyTest","Surefire test","testcases.backoffice.ListCompanyTest","listCompanyWithNegativePageSize"
"Get History Special Transfer Test Admin","11130","historySpecialTransferTestAdmin","Surefire suite","Sat Oct 03 08:17:00 UTC 2026","passed","Sat Oct 03 08:17:11 UTC 2026","testcases.history.HistoryTransferTest","Surefire test","testcases.history.HistoryTransferTest","historySpecialTransferTestAdmin"
"Get Group Detail Backoffice Dengan Group Id Berisi Payload XSS","4726","getGroupDetailWithXssId","Surefire suite","Sat Oct 03 06:52:21 UTC 2026","passed","Sat Oct 03 06:52:25 UTC 2026","testcases.backoffice.group.GetGroupTest","Surefire test","testcases.backoffice.group.GetGroupTest","getGroupDetailWithXssId"
"Created Favorite Account Dengan Header companyId Salah","1495","createdFavoriteAccountWithWrongCompanyIdHeader","Surefire suite","Sat Oct 03 07:08:52 UTC 2026","passed","Sat Oct 03 07:08:53 UTC 2026","testcases.settings.favoriteaccount.CreatedFavoriteAccountTest","Surefire test","testcases.settings.favoriteaccount.CreatedFavoriteAccountTest","createdFavoriteAccountWithWrongCompanyIdHeader"
"Get List Google Authenticator Menggunakan Login Admin Crypto","4909","listOtpGoogleWithAdminCryptoLogin","Surefire suite","Sat Oct 03 07:07:41 UTC 2026","passed","Sat Oct 03 07:07:46 UTC 2026","testcases.backoffice.googleauth.ListOtpGoogleTest","Surefire test","testcases.backoffice.googleauth.ListOtpGoogleTest","listOtpGoogleWithAdminCryptoLogin"
"Get Group Detail Backoffice Dengan Token Kadaluarsa","1411","getGroupDetailWithExpiredToken","Surefire suite","Sat Oct 03 06:50:30 UTC 2026","passed","Sat Oct 03 06:50:31 UTC 2026","testcases.backoffice.group.GetGroupTest","Surefire test","testcases.backoffice.group.GetGroupTest","getGroupDetailWithExpiredToken"
"Get List Favorite Account Dengan Body Berupa JSON Array ([])","4455","getListFavoriteAccountWithArrayBody","Surefire suite","Sat Oct 03 08:43:40 UTC 2026","passed","Sat Oct 03 08:43:45 UTC 2026","testcases.settings.favoriteaccount.GetListFavoriteAccountTest","Surefire test","testcases.settings.favoriteaccount.GetListFavoriteAccountTest","getListFavoriteAccountWithArrayBody"
"Get Notification Sender Dengan Token Kadaluarsa","1439","getNotificationSenderWithExpiredToken","Surefire suite","Sat Oct 03 07:10:17 UTC 2026","passed","Sat Oct 03 07:10:18 UTC 2026","testcases.backoffice.notifsender.NotificationSenderTest","Surefire test","testcases.backoffice.notifsender.NotificationSenderTest","getNotificationSenderWithExpiredToken"
"List Currency USDT Menggunakan Login Customer Service","4568","getCurrencyWithCSLogin","Surefire suite","Sat Oct 03 07:04:02 UTC 2026","passed","Sat Oct 03 07:04:06 UTC 2026","testcases.backoffice.currency.GetCurrencyTest","Surefire test","testcases.backoffice.currency.GetCurrencyTest","getCurrencyWithCSLogin"
"Delete Manage Settlement BO Menggunakan HTTP Method POST","4572","deleteManageSettlementWithPostMethod","Surefire suite","Sat Oct 03 06:44:03 UTC 2026","passed","Sat Oct 03 06:44:07 UTC 2026","testcases.backoffice.settlement.DeleteManageSettlementTest","Surefire test","testcases.backoffice.settlement.DeleteManageSettlementTest","deleteManageSettlementWithPostMethod"
"Test Get Report Transfer Merchant","4924","getReportMutationAdmin","Surefire suite","Sat Oct 03 06:31:34 UTC 2026","passed","Sat Oct 03 06:31:39 UTC 2026","testcases.report.ReportTransactionTest","Surefire test","testcases.report.ReportTransactionTest","getReportMutationAdmin"
"List User Backoffice Dengan Body JSON Tidak Valid (Malformed)","4333","listUsersWithMalformedJson","Surefire suite","Sat Oct 03 07:16:29 UTC 2026","passed","Sat Oct 03 07:16:34 UTC 2026","testcases.backoffice.users.ListUsersTest","Surefire test","testcases.backoffice.users.ListUsersTest","listUsersWithMalformedJson"
"Add Currency CS Admin Path Menggunakan Login Admin Crypto","4789","addCurrencyWithAdminCryptoLogin","Surefire suite","Sat Oct 03 07:59:48 UTC 2026","passed","Sat Oct 03 07:59:53 UTC 2026","testcases.backoffice.currency.AddCurrencyTest","Surefire test","testcases.backoffice.currency.AddCurrencyTest","addCurrencyWithAdminCryptoLogin"
"Delete Manage Settlement BO Tanpa Header id","8982","deleteManageSettlementWithoutIdHeader","Surefire suite","Sat Oct 03 06:45:00 UTC 2026","passed","Sat Oct 03 06:45:09 UTC 2026","testcases.backoffice.settlement.DeleteManageSettlementTest","Surefire test","testcases.backoffice.settlement.DeleteManageSettlementTest","deleteManageSettlementWithoutIdHeader"
"Get List Group Backoffice Dengan Token Kadaluarsa","1407","getListGroupWithExpiredToken","Surefire suite","Sat Oct 03 06:53:31 UTC 2026","passed","Sat Oct 03 06:53:33 UTC 2026","testcases.backoffice.group.GetListGroupTest","Surefire test","testcases.backoffice.group.GetListGroupTest","getListGroupWithExpiredToken"
"Check Status QR Tanpa Login/Header Auth","1507","checkStatusQRWithoutAuth","Surefire suite","Sat Oct 03 07:17:58 UTC 2026","failed","Sat Oct 03 07:18:00 UTC 2026","testcases.QR.CheckStatusQRTest","Surefire test","testcases.QR.CheckStatusQRTest","checkStatusQRWithoutAuth"
"Add Currency CS Admin Path Dengan Field rate Bernilai null","1537","addCurrencyWithNullRate","Surefire suite","Sat Oct 03 08:01:54 UTC 2026","passed","Sat Oct 03 08:01:55 UTC 2026","testcases.backoffice.currency.AddCurrencyTest","Surefire test","testcases.backoffice.currency.AddCurrencyTest","addCurrencyWithNullRate"
"Get Balance Merchant with Login Admin Crypto","7225","getBalanceAdminLoginAdminCrypto","Surefire suite","Sat Oct 03 07:29:53 UTC 2026","passed","Sat Oct 03 07:30:01 UTC 2026","testcases.balance.GetBalanceQrisTest","Surefire test","testcases.balance.GetBalanceQrisTest","getBalanceAdminLoginAdminCrypto"
"Inquiry Favorite Account Dengan Karakter SQL Injection pada beneficiaryAccountNo","1566","inquiryFavoriteAccountWithSqlInjectionAccountNo","Surefire suite","Sat Oct 03 07:10:51 UTC 2026","passed","Sat Oct 03 07:10:53 UTC 2026","testcases.settings.favoriteaccount.InquiryFavoriteAccountTest","Surefire test","testcases.settings.favoriteaccount.InquiryFavoriteAccountTest","inquiryFavoriteAccountWithSqlInjectionAccountNo"
"Get Notification Sender Dengan Sort Tanpa Operator '=='","4485","getNotificationSenderWithMalformedSortOperator","Surefire suite","Sat Oct 03 07:11:26 UTC 2026","passed","Sat Oct 03 07:11:31 UTC 2026","testcases.backoffice.notifsender.NotificationSenderTest","Surefire test","testcases.backoffice.notifsender.NotificationSenderTest","getNotificationSenderWithMalformedSortOperator"
"Create Manage Settlement BO Menggunakan Login Merchant","4401","addManageSettlementWithMerchantLogin","Surefire suite","Sat Oct 03 06:47:42 UTC 2026","passed","Sat Oct 03 06:47:46 UTC 2026","testcases.backoffice.settlement.AddManageSettlementTest","Surefire test","testcases.backoffice.settlement.AddManageSettlementTest","addManageSettlementWithMerchantLogin"
"Get Detail Waiting Company Backoffice Dengan Id Berisi Spasi","4616","getDetailWaitingCompanyWithWhitespaceId","Surefire suite","Sat Oct 03 06:32:39 UTC 2026","passed","Sat Oct 03 06:32:44 UTC 2026","testcases.backoffice.GetDetailWaitingCompanyTest","Surefire test","testcases.backoffice.GetDetailWaitingCompanyTest","getDetailWaitingCompanyWithWhitespaceId"
"Refund Summary Tanpa Field type","1490","getRefundWithoutType","Surefire suite","Sat Oct 03 07:14:41 UTC 2026","passed","Sat Oct 03 07:14:43 UTC 2026","testcases.backoffice.refund.GetRefundTest","Surefire test","testcases.backoffice.refund.GetRefundTest","getRefundWithoutType"
"Get Notification Sender Dengan pinValidasi Kosong","4520","getNotificationSenderWithEmptyPinValidasi","Surefire suite","Sat Oct 03 07:10:09 UTC 2026","passed","Sat Oct 03 07:10:14 UTC 2026","testcases.backoffice.notifsender.NotificationSenderTest","Surefire test","testcases.backoffice.notifsender.NotificationSenderTest","getNotificationSenderWithEmptyPinValidasi"
"Get History Flop Transfer Test Admin Crypto","8686","historyFlopTransferTestAdminCrypto","Surefire suite","Sat Oct 03 08:13:49 UTC 2026","passed","Sat Oct 03 08:13:57 UTC 2026","testcases.history.HistoryTransferTest","Surefire test","testcases.history.HistoryTransferTest","historyFlopTransferTestAdminCrypto"
"List Manage Settlement Backoffice Dengan Ukuran Halaman Sangat Besar","4510","listManageSettlementWithHugeSize","Surefire suite","Sat Oct 03 07:15:07 UTC 2026","passed","Sat Oct 03 07:15:12 UTC 2026","testcases.backoffice.settlement.ManageSettlementTest","Surefire test","testcases.backoffice.settlement.ManageSettlementTest","listManageSettlementWithHugeSize"
"Delete Group Backoffice Tanpa Login/Header Auth","1411","deleteGroupWithoutAuth","Surefire suite","Sat Oct 03 06:59:17 UTC 2026","passed","Sat Oct 03 06:59:19 UTC 2026","testcases.backoffice.group.DeleteGroupTest","Surefire test","testcases.backoffice.group.DeleteGroupTest","deleteGroupWithoutAuth"
"Add Merchant From CS Admin","5362","addCompanyCsAdmin","Surefire suite","Sat Oct 03 06:31:37 UTC 2026","passed","Sat Oct 03 06:31:43 UTC 2026","testcases.backoffice.AddCompanyTest","Surefire test","testcases.backoffice.AddCompanyTest","addCompanyCsAdmin"
"Get List Group Backoffice Menggunakan Login Customer Service","4417","getListGroupWithCSLogin","Surefire suite","Sat Oct 03 06:53:11 UTC 2026","passed","Sat Oct 03 06:53:15 UTC 2026","testcases.backoffice.group.GetListGroupTest","Surefire test","testcases.backoffice.group.GetListGroupTest","getListGroupWithCSLogin"
"Delete Group Backoffice Menggunakan Login Admin Crypto","4613","deleteGroupWithAdminCryptoLogin","Surefire suite","Sat Oct 03 06:56:24 UTC 2026","passed","Sat Oct 03 06:56:29 UTC 2026","testcases.backoffice.group.DeleteGroupTest","Surefire test","testcases.backoffice.group.DeleteGroupTest","deleteGroupWithAdminCryptoLogin"
"Get History QR Supervisor","9400","historyQRTestSupervisor","Surefire suite","Sat Oct 03 07:25:40 UTC 2026","passed","Sat Oct 03 07:25:49 UTC 2026","testcases.history.HistoryQRTest","Surefire test","testcases.history.HistoryQRTest","historyQRTestSupervisor"
"Get Notification Sender Dengan Token Tidak Valid","1407","getNotificationSenderWithInvalidToken","Surefire suite","Sat Oct 03 07:11:08 UTC 2026","passed","Sat Oct 03 07:11:09 UTC 2026","testcases.backoffice.notifsender.NotificationSenderTest","Surefire test","testcases.backoffice.notifsender.NotificationSenderTest","getNotificationSenderWithInvalidToken"
"Get List Favorite Account Dengan size 0","1507","getListFavoriteAccountWithZeroSize","Surefire suite","Sat Oct 03 08:45:14 UTC 2026","passed","Sat Oct 03 08:45:16 UTC 2026","testcases.settings.favoriteaccount.GetListFavoriteAccountTest","Surefire test","testcases.settings.favoriteaccount.GetListFavoriteAccountTest","getListFavoriteAccountWithZeroSize"
"Get Balance Merchant with Login Admin Crypto","4915","getFailedBalanceMerchantLoginAdminCrypto","Surefire suite","Sat Oct 03 06:30:45 UTC 2026","passed","Sat Oct 03 06:30:50 UTC 2026","testcases.balance.GetBalanceQrisTest","Surefire test","testcases.balance.GetBalanceQrisTest","getFailedBalanceMerchantLoginAdminCrypto"
"Get List Group Backoffice Dengan Token Backoffice Valid Tapi Tanpa Header pbyv","1423","getListGroupWithoutPbyvHeader","Surefire suite","Sat Oct 03 06:55:37 UTC 2026","passed","Sat Oct 03 06:55:38 UTC 2026","testcases.backoffice.group.GetListGroupTest","Surefire test","testcases.backoffice.group.GetListGroupTest","getListGroupWithoutPbyvHeader"
"Delete Group Backoffice Menggunakan HTTP Method PUT","1446","deleteGroupWithPutMethod","Surefire suite","Sat Oct 03 06:58:34 UTC 2026","passed","Sat Oct 03 06:58:35 UTC 2026","testcases.backoffice.group.DeleteGroupTest","Surefire test","testcases.backoffice.group.DeleteGroupTest","deleteGroupWithPutMethod"
"Add Currency CS Admin Path Dengan Key rate Terduplikasi","1509","addCurrencyWithDuplicateRateKeys","Surefire suite","Sat Oct 03 08:00:44 UTC 2026","passed","Sat Oct 03 08:00:46 UTC 2026","testcases.backoffice.currency.AddCurrencyTest","Surefire test","testcases.backoffice.currency.AddCurrencyTest","addCurrencyWithDuplicateRateKeys"
"Get List Favorite Account Tanpa Body Sama Sekali","1442","getListFavoriteAccountWithoutBody","Surefire suite","Sat Oct 03 08:45:23 UTC 2026","passed","Sat Oct 03 08:45:25 UTC 2026","testcases.settings.favoriteaccount.GetListFavoriteAccountTest","Surefire test","testcases.settings.favoriteaccount.GetListFavoriteAccountTest","getListFavoriteAccountWithoutBody"
"Inquiry Favorite Account Menggunakan HTTP Method DELETE","1422","inquiryFavoriteAccountWithDeleteMethod","Surefire suite","Sat Oct 03 07:09:56 UTC 2026","passed","Sat Oct 03 07:09:58 UTC 2026","testcases.settings.favoriteaccount.InquiryFavoriteAccountTest","Surefire test","testcases.settings.favoriteaccount.InquiryFavoriteAccountTest","inquiryFavoriteAccountWithDeleteMethod"
"Get List Group Company BO Dengan groupName Berisi Spasi","4540","getListGroupCompanyWithWhitespaceGroupName","Surefire suite","Sat Oct 03 06:41:04 UTC 2026","passed","Sat Oct 03 06:41:08 UTC 2026","testcases.backoffice.settlement.GetListGroupCompanyTest","Surefire test","testcases.backoffice.settlement.GetListGroupCompanyTest","getListGroupCompanyWithWhitespaceGroupName"
"List Manage Settlement Backoffice Tanpa Body Sama Sekali","4439","listManageSettlementWithoutBody","Surefire suite","Sat Oct 03 07:17:27 UTC 2026","passed","Sat Oct 03 07:17:32 UTC 2026","testcases.backoffice.settlement.ManageSettlementTest","Surefire test","testcases.backoffice.settlement.ManageSettlementTest","listManageSettlementWithoutBody"
"Add Group Backoffice Menggunakan Login Marketing","4519","addGroupWithMarketingLogin","Surefire suite","Sat Oct 03 07:01:36 UTC 2026","passed","Sat Oct 03 07:01:41 UTC 2026","testcases.backoffice.group.AddGroupTest","Surefire test","testcases.backoffice.group.AddGroupTest","addGroupWithMarketingLogin"
"Add Group Backoffice Menggunakan Login Admin","4497","addGroupWithAdminLogin","Surefire suite","Sat Oct 03 06:59:54 UTC 2026","passed","Sat Oct 03 06:59:59 UTC 2026","testcases.backoffice.group.AddGroupTest","Surefire test","testcases.backoffice.group.AddGroupTest","addGroupWithAdminLogin"
"Get Detail Waiting Company Backoffice","5464","getDetailWaitingCompany","Surefire suite","Sat Oct 03 06:30:24 UTC 2026","passed","Sat Oct 03 06:30:29 UTC 2026","testcases.backoffice.GetDetailWaitingCompanyTest","Surefire test","testcases.backoffice.GetDetailWaitingCompanyTest","getDetailWaitingCompany"
"Inquiry Favorite Account Menggunakan HTTP Method PUT","1642","inquiryFavoriteAccountWithPutMethod","Surefire suite","Sat Oct 03 07:10:46 UTC 2026","passed","Sat Oct 03 07:10:48 UTC 2026","testcases.settings.favoriteaccount.InquiryFavoriteAccountTest","Surefire test","testcases.settings.favoriteaccount.InquiryFavoriteAccountTest","inquiryFavoriteAccountWithPutMethod"
"Create Manage Settlement BO Dengan Tipe Data Salah pada companyList (String, Bukan Array)","4428","addManageSettlementWithInvalidFieldType","Surefire suite","Sat Oct 03 06:47:03 UTC 2026","passed","Sat Oct 03 06:47:08 UTC 2026","testcases.backoffice.settlement.AddManageSettlementTest","Surefire test","testcases.backoffice.settlement.AddManageSettlementTest","addManageSettlementWithInvalidFieldType"
"Test Approved Manual Transfer Supervisor","17243","approvedCashDepositSupervisor","Surefire suite","Sat Oct 03 07:47:38 UTC 2026","passed","Sat Oct 03 07:47:55 UTC 2026","testcases.backoffice.ApprovalTransferTest","Surefire test","testcases.backoffice.ApprovalTransferTest","approvedCashDepositSupervisor"
"Get List Group Backoffice Dengan Karakter SQL Injection pada sort","1497","getListGroupWithSqlInjectionSort","Surefire suite","Sat Oct 03 06:54:48 UTC 2026","passed","Sat Oct 03 06:54:50 UTC 2026","testcases.backoffice.group.GetListGroupTest","Surefire test","testcases.backoffice.group.GetListGroupTest","getListGroupWithSqlInjectionSort"
"Login Merchant tanpa Parameter Username","2835","testLoginMissingUsernameParam","Surefire suite","Sat Oct 03 06:30:46 UTC 2026","passed","Sat Oct 03 06:30:49 UTC 2026","testcases.auth.LoginTest","Surefire test","testcases.auth.LoginTest","testLoginMissingUsernameParam"
"List Currency USDT Dengan Body Berupa JSON Array ([])","4367","getCurrencyWithArrayBody","Surefire suite","Sat Oct 03 07:03:47 UTC 2026","passed","Sat Oct 03 07:03:51 UTC 2026","testcases.backoffice.currency.GetCurrencyTest","Surefire test","testcases.backoffice.currency.GetCurrencyTest","getCurrencyWithArrayBody"
"Get User Backoffice Menggunakan Login Merchant","4352","getUserWithMerchantLogin","Surefire suite","Sat Oct 03 06:38:16 UTC 2026","passed","Sat Oct 03 06:38:21 UTC 2026","testcases.backoffice.GetDashboardTest","Surefire test","testcases.backoffice.GetDashboardTest","getUserWithMerchantLogin"
"Get History Flop Transfer Test","8928","historyFlopTransferTest","Surefire suite","Sat Oct 03 08:13:22 UTC 2026","passed","Sat Oct 03 08:13:31 UTC 2026","testcases.history.HistoryTransferTest","Surefire test","testcases.history.HistoryTransferTest","historyFlopTransferTest"
"List Manage Settlement Backoffice Dengan Body JSON Tidak Valid (Malformed)","4428","listManageSettlementWithMalformedJson","Surefire suite","Sat Oct 03 07:15:39 UTC 2026","passed","Sat Oct 03 07:15:43 UTC 2026","testcases.backoffice.settlement.ManageSettlementTest","Surefire test","testcases.backoffice.settlement.ManageSettlementTest","listManageSettlementWithMalformedJson"
"Get History QR Admin Success Paid","11239","historyQRTestPaidAdmin","Surefire suite","Sat Oct 03 07:24:58 UTC 2026","broken","Sat Oct 03 07:25:09 UTC 2026","testcases.history.HistoryQRTest","Surefire test","testcases.history.HistoryQRTest","historyQRTestPaidAdmin"
"Add Currency CS Admin Path Dengan rate Negatif","1619","addCurrencyWithNegativeRate","Surefire suite","Sat Oct 03 08:01:45 UTC 2026","passed","Sat Oct 03 08:01:46 UTC 2026","testcases.backoffice.currency.AddCurrencyTest","Surefire test","testcases.backoffice.currency.AddCurrencyTest","addCurrencyWithNegativeRate"
"Add Group Backoffice Dengan Field Tidak Dikenal pada Body","1516","addGroupWithUnknownField","Surefire suite","Sat Oct 03 07:02:35 UTC 2026","passed","Sat Oct 03 07:02:36 UTC 2026","testcases.backoffice.group.AddGroupTest","Surefire test","testcases.backoffice.group.AddGroupTest","addGroupWithUnknownField"
"Success Login Admin Crypto","6729","testLoginAdminCrypto","Surefire suite","Sat Oct 03 06:30:35 UTC 2026","passed","Sat Oct 03 06:30:42 UTC 2026","testcases.auth.LoginTest","Surefire test","testcases.auth.LoginTest","testLoginAdminCrypto"
"List Company Backoffice Menggunakan Login Supervisor","4408","listCompanyWithSupervisorLogin","Surefire suite","Sat Oct 03 07:21:42 UTC 2026","passed","Sat Oct 03 07:21:46 UTC 2026","testcases.backoffice.ListCompanyTest","Surefire test","testcases.backoffice.ListCompanyTest","listCompanyWithSupervisorLogin"
"Add Group Backoffice Menggunakan Login Customer Service","4489","addGroupWithCSLogin","Surefire suite","Sat Oct 03 07:00:17 UTC 2026","passed","Sat Oct 03 07:00:22 UTC 2026","testcases.backoffice.group.AddGroupTest","Surefire test","testcases.backoffice.group.AddGroupTest","addGroupWithCSLogin"
"Get List Group Company BO Menggunakan HTTP Method POST","4455","getListGroupCompanyWithPostMethod","Surefire suite","Sat Oct 03 06:40:34 UTC 2026","passed","Sat Oct 03 06:40:38 UTC 2026","testcases.backoffice.settlement.GetListGroupCompanyTest","Surefire test","testcases.backoffice.settlement.GetListGroupCompanyTest","getListGroupCompanyWithPostMethod"
"Get Notification Sender Ke Path yang Tidak Ada (Typo)","4631","getNotificationSenderWithWrongPath","Surefire suite","Sat Oct 03 07:13:14 UTC 2026","passed","Sat Oct 03 07:13:18 UTC 2026","testcases.backoffice.notifsender.NotificationSenderTest","Surefire test","testcases.backoffice.notifsender.NotificationSenderTest","getNotificationSenderWithWrongPath"
"","4755","listUSDT","Surefire suite","Sat Oct 03 06:31:10 UTC 2026","passed","Sat Oct 03 06:31:15 UTC 2026","testcases.backoffice.ListTransferTest","Surefire test","testcases.backoffice.ListTransferTest","listUSDT"
"Get List Group Company BO Menggunakan Login Admin","4384","getListGroupCompanyWithAdminLogin","Surefire suite","Sat Oct 03 06:38:51 UTC 2026","passed","Sat Oct 03 06:38:55 UTC 2026","testcases.backoffice.settlement.GetListGroupCompanyTest","Surefire test","testcases.backoffice.settlement.GetListGroupCompanyTest","getListGroupCompanyWithAdminLogin"
"List Currency USDT Menggunakan Login Admin Crypto","4508","getCurrencyWithAdminCryptoLogin","Surefire suite","Sat Oct 03 07:03:32 UTC 2026","passed","Sat Oct 03 07:03:36 UTC 2026","testcases.backoffice.currency.GetCurrencyTest","Surefire test","testcases.backoffice.currency.GetCurrencyTest","getCurrencyWithAdminCryptoLogin"
"Get List Group Backoffice Tanpa Field size","1473","getListGroupWithoutSizeField","Surefire suite","Sat Oct 03 06:55:41 UTC 2026","passed","Sat Oct 03 06:55:42 UTC 2026","testcases.backoffice.group.GetListGroupTest","Surefire test","testcases.backoffice.group.GetListGroupTest","getListGroupWithoutSizeField"
"List Manage Settlement Backoffice Dengan Content-Type text/plain","4408","listManageSettlementWithWrongContentType","Surefire suite","Sat Oct 03 07:17:00 UTC 2026","passed","Sat Oct 03 07:17:05 UTC 2026","testcases.backoffice.settlement.ManageSettlementTest","Surefire test","testcases.backoffice.settlement.ManageSettlementTest","listManageSettlementWithWrongContentType"
"Create Manage Settlement BO Dengan Token Tidak Valid","1410","addManageSettlementWithInvalidToken","Surefire suite","Sat Oct 03 06:47:11 UTC 2026","passed","Sat Oct 03 06:47:12 UTC 2026","testcases.backoffice.settlement.AddManageSettlementTest","Surefire test","testcases.backoffice.settlement.AddManageSettlementTest","addManageSettlementWithInvalidToken"
"Check Status QR Dengan Path Traversal pada id","1946","checkStatusQRWithPathTraversalId","Surefire suite","Sat Oct 03 07:17:17 UTC 2026","passed","Sat Oct 03 07:17:19 UTC 2026","testcases.QR.CheckStatusQRTest","Surefire test","testcases.QR.CheckStatusQRTest","checkStatusQRWithPathTraversalId"
"List Refund Dengan Karakter SQL Injection pada Field Param - Menemukan Bug Internal Server Error","4519","listRefundWithSqlInjectionParam","Surefire suite","Sat Oct 03 08:08:44 UTC 2026","passed","Sat Oct 03 08:08:49 UTC 2026","testcases.backoffice.ListRefundTest","Surefire test","testcases.backoffice.ListRefundTest","listRefundWithSqlInjectionParam"
"Delete Favorite Account Dengan id String Kosong","1636","deleteFavoriteAccountWithEmptyId","Surefire suite","Sat Oct 03 06:33:20 UTC 2026","passed","Sat Oct 03 06:33:21 UTC 2026","testcases.settings.favoriteaccount.DeleteFavoriteAccountTest","Surefire test","testcases.settings.favoriteaccount.DeleteFavoriteAccountTest","deleteFavoriteAccountWithEmptyId"
"Transfer Different Partner Reference, Manual Transfer to Transfer","47643","trfPartnerRefManualFailed","Surefire suite","Sat Oct 03 06:49:54 UTC 2026","passed","Sat Oct 03 06:50:41 UTC 2026","testcases.transfer.SpecialTransferTest","Surefire test","testcases.transfer.SpecialTransferTest","trfPartnerRefManualFailed"
"Mutasi Special Transfer Balance","25295","mutasiSpecialTransferBalance","Surefire suite","Sat Oct 03 08:30:31 UTC 2026","passed","Sat Oct 03 08:30:57 UTC 2026","testcases.mutasi.MutasiTransferTest","Surefire test","testcases.mutasi.MutasiTransferTest","mutasiSpecialTransferBalance"
"List Company Backoffice Dengan Content-Type text/plain","4453","listCompanyWithWrongContentType","Surefire suite","Sat Oct 03 07:21:49 UTC 2026","passed","Sat Oct 03 07:21:54 UTC 2026","testcases.backoffice.ListCompanyTest","Surefire test","testcases.backoffice.ListCompanyTest","listCompanyWithWrongContentType"
"Add Currency CS Admin Path Dengan Header Authorization Tanpa Skema Bearer","1442","addCurrencyWithMalformedAuthorizationHeader","Surefire suite","Sat Oct 03 08:01:16 UTC 2026","passed","Sat Oct 03 08:01:18 UTC 2026","testcases.backoffice.currency.AddCurrencyTest","Surefire test","testcases.backoffice.currency.AddCurrencyTest","addCurrencyWithMalformedAuthorizationHeader"
