"DESCRIPTION","DURATION IN MS","NAME","PARENT SUITE","START TIME","STATUS","STOP TIME","SUB SUITE","SUITE","TEST CLASS","TEST METHOD"
"Get History Special Transfer Test CS","11010","historySpecialTransferTestCS","Surefire suite","Thu Sep 03 10:39:04 UTC 2026","passed","Thu Sep 03 10:39:15 UTC 2026","testcases.history.HistoryTransferTest","Surefire test","testcases.history.HistoryTransferTest","historySpecialTransferTestCS"
"Get Detail User Backoffice Menggunakan Login Merchant","4694","getUsersWithMerchantLogin","Surefire suite","Thu Sep 03 12:04:55 UTC 2026","passed","Thu Sep 03 12:04:59 UTC 2026","testcases.backoffice.ListUsersTest","Surefire test","testcases.backoffice.ListUsersTest","getUsersWithMerchantLogin"
"Get List Google Authenticator Menggunakan Login CS Admin","5946","listOtpGoogleWithCSAdminLogin","Surefire suite","Thu Sep 03 12:53:16 UTC 2026","passed","Thu Sep 03 12:53:22 UTC 2026","testcases.backoffice.googleauth.ListOtpGoogleTest","Surefire test","testcases.backoffice.googleauth.ListOtpGoogleTest","listOtpGoogleWithCSAdminLogin"
"Mutasi Transfer","8151","mutasiTransfer","Surefire suite","Thu Sep 03 11:41:22 UTC 2026","passed","Thu Sep 03 11:41:30 UTC 2026","testcases.mutasi.MutasiTransferTest","Surefire test","testcases.mutasi.MutasiTransferTest","mutasiTransfer"
"Resend Google Authenticator Menggunakan Login Merchant","4678","resendOtpGoogleWithMerchantLogin","Surefire suite","Thu Sep 03 13:00:47 UTC 2026","passed","Thu Sep 03 13:00:51 UTC 2026","testcases.backoffice.googleauth.ResendOtpGoogleTest","Surefire test","testcases.backoffice.googleauth.ResendOtpGoogleTest","resendOtpGoogleWithMerchantLogin"
"Get History Special Transfer Test Fee Admin","11148","historySpecialTransferTestFeeAdmin","Surefire suite","Thu Sep 03 10:39:18 UTC 2026","passed","Thu Sep 03 10:39:29 UTC 2026","testcases.history.HistoryTransferTest","Surefire test","testcases.history.HistoryTransferTest","historySpecialTransferTestFeeAdmin"
"Get List Group Company BO Menggunakan HTTP Method DELETE","4505","getListGroupCompanyWithDeleteMethod","Surefire suite","Thu Sep 03 12:41:46 UTC 2026","failed","Thu Sep 03 12:41:50 UTC 2026","testcases.backoffice.settlement.GetListGroupCompanyTest","Surefire test","testcases.backoffice.settlement.GetListGroupCompanyTest","getListGroupCompanyWithDeleteMethod"
"Get History Flop Transfer Test CS","11624","historyFlopTransferTestCS","Surefire suite","Thu Sep 03 10:35:40 UTC 2026","passed","Thu Sep 03 10:35:52 UTC 2026","testcases.history.HistoryTransferTest","Surefire test","testcases.history.HistoryTransferTest","historyFlopTransferTestCS"
"Get List Google Authenticator Dengan Ukuran Halaman Sangat Besar","4764","listOtpGoogleWithHugeSize","Surefire suite","Thu Sep 03 12:54:03 UTC 2026","passed","Thu Sep 03 12:54:08 UTC 2026","testcases.backoffice.googleauth.ListOtpGoogleTest","Surefire test","testcases.backoffice.googleauth.ListOtpGoogleTest","listOtpGoogleWithHugeSize"
"Test Rejected Special Transfer","14376","rejectedSpecialTransfer","Surefire suite","Thu Sep 03 11:25:59 UTC 2026","passed","Thu Sep 03 11:26:13 UTC 2026","testcases.backoffice.ApprovalTransferTest","Surefire test","testcases.backoffice.ApprovalTransferTest","rejectedSpecialTransfer"
"Get Notification Sender Menggunakan HTTP Method GET","4834","getNotificationSenderWithGetMethod","Surefire suite","Thu Sep 03 12:47:27 UTC 2026","passed","Thu Sep 03 12:47:31 UTC 2026","testcases.backoffice.notifsender.NotificationSenderTest","Surefire test","testcases.backoffice.notifsender.NotificationSenderTest","getNotificationSenderWithGetMethod"
"Get Detail Waiting Company Backoffice Menggunakan Login Supervisor","4409","getDetailWaitingCompanyWithSupervisorLogin","Surefire suite","Thu Sep 03 12:22:22 UTC 2026","passed","Thu Sep 03 12:22:27 UTC 2026","testcases.backoffice.GetDetailWaitingCompanyTest","Surefire test","testcases.backoffice.GetDetailWaitingCompanyTest","getDetailWaitingCompanyWithSupervisorLogin"
"Get List Group Company BO Dengan groupName Sangat Panjang (10.000 karakter)","4420","getListGroupCompanyWithOverlongGroupName","Surefire suite","Thu Sep 03 12:42:52 UTC 2026","passed","Thu Sep 03 12:42:56 UTC 2026","testcases.backoffice.settlement.GetListGroupCompanyTest","Surefire test","testcases.backoffice.settlement.GetListGroupCompanyTest","getListGroupCompanyWithOverlongGroupName"
"List Refund Menggunakan Login CS Admin","4735","listRefundWithCSAdminLogin","Surefire suite","Thu Sep 03 12:01:28 UTC 2026","passed","Thu Sep 03 12:01:33 UTC 2026","testcases.backoffice.ListRefundTest","Surefire test","testcases.backoffice.ListRefundTest","listRefundWithCSAdminLogin"
"List Manage Settlement Backoffice Dengan Payload XSS pada Field Param","4484","listManageSettlementWithXssParam","Surefire suite","Thu Sep 03 12:27:38 UTC 2026","passed","Thu Sep 03 12:27:43 UTC 2026","testcases.backoffice.settlement.ManageSettlementTest","Surefire test","testcases.backoffice.settlement.ManageSettlementTest","listManageSettlementWithXssParam"
"Delete Manage Settlement BO Dengan Token Tidak Valid","1472","deleteManageSettlementWithInvalidToken","Surefire suite","Thu Sep 03 12:37:14 UTC 2026","passed","Thu Sep 03 12:37:15 UTC 2026","testcases.backoffice.settlement.DeleteManageSettlementTest","Surefire test","testcases.backoffice.settlement.DeleteManageSettlementTest","deleteManageSettlementWithInvalidToken"
"Get List Google Authenticator Dengan Content-Type text/plain","4721","listOtpGoogleWithWrongContentType","Surefire suite","Thu Sep 03 12:56:06 UTC 2026","passed","Thu Sep 03 12:56:11 UTC 2026","testcases.backoffice.googleauth.ListOtpGoogleTest","Surefire test","testcases.backoffice.googleauth.ListOtpGoogleTest","listOtpGoogleWithWrongContentType"
"Test Approve Manual Transfer Supervisor dengan check Fee di Admin Crypto dan Admin Fee","40416","approvedCashDepositBalanceSupervisor","Surefire suite","Thu Sep 03 11:20:48 UTC 2026","passed","Thu Sep 03 11:21:29 UTC 2026","testcases.backoffice.ApprovalTransferTest","Surefire test","testcases.backoffice.ApprovalTransferTest","approvedCashDepositBalanceSupervisor"
"List Waiting Company Backoffice Dengan Token Tidak Valid","1448","listWaitingCompanyWithInvalidToken","Surefire suite","Thu Sep 03 12:17:31 UTC 2026","passed","Thu Sep 03 12:17:32 UTC 2026","testcases.backoffice.ListWaitingCompanyTest","Surefire test","testcases.backoffice.ListWaitingCompanyTest","listWaitingCompanyWithInvalidToken"
"Mutasi USDT Transfer CS","20678","mutasiUSDTTransferCS","Surefire suite","Thu Sep 03 11:45:06 UTC 2026","failed","Thu Sep 03 11:45:27 UTC 2026","testcases.mutasi.MutasiTransferTest","Surefire test","testcases.mutasi.MutasiTransferTest","mutasiUSDTTransferCS"
"Delete Manage Settlement BO Menggunakan Login Supervisor","4500","deleteManageSettlementWithSupervisorLogin","Surefire suite","Thu Sep 03 12:38:30 UTC 2026","passed","Thu Sep 03 12:38:35 UTC 2026","testcases.backoffice.settlement.DeleteManageSettlementTest","Surefire test","testcases.backoffice.settlement.DeleteManageSettlementTest","deleteManageSettlementWithSupervisorLogin"
"Mutasi Manual Transfer Balance","31006","mutasiManualTransferBalanceSupervisor","Surefire suite","Thu Sep 03 11:35:19 UTC 2026","passed","Thu Sep 03 11:35:50 UTC 2026","testcases.mutasi.MutasiTransferTest","Surefire test","testcases.mutasi.MutasiTransferTest","mutasiManualTransferBalanceSupervisor"
"Create Manage Settlement BO Tanpa Field companyList","4511","addManageSettlementWithoutCompanyList","Surefire suite","Thu Sep 03 12:33:50 UTC 2026","passed","Thu Sep 03 12:33:55 UTC 2026","testcases.backoffice.settlement.AddManageSettlementTest","Surefire test","testcases.backoffice.settlement.AddManageSettlementTest","addManageSettlementWithoutCompanyList"
"Request Refund Special Transfer Merchant","4778","refundSpecialTransferMerchant","Surefire suite","Thu Sep 03 11:59:03 UTC 2026","passed","Thu Sep 03 11:59:08 UTC 2026","testcases.transfer.RefundTransferTest","Surefire test","testcases.transfer.RefundTransferTest","refundSpecialTransferMerchant"
"List Manage Settlement Backoffice Dengan Body Kosong ({})","4626","listManageSettlementWithEmptyBody","Surefire suite","Thu Sep 03 12:25:09 UTC 2026","passed","Thu Sep 03 12:25:13 UTC 2026","testcases.backoffice.settlement.ManageSettlementTest","Surefire test","testcases.backoffice.settlement.ManageSettlementTest","listManageSettlementWithEmptyBody"
"Resend Google Authenticator","10149","resendOtpGoogleBO","Surefire suite","Thu Sep 03 12:58:34 UTC 2026","passed","Thu Sep 03 12:58:44 UTC 2026","testcases.backoffice.googleauth.ResendOtpGoogleTest","Surefire test","testcases.backoffice.googleauth.ResendOtpGoogleTest","resendOtpGoogleBO"
"Get History USDT Transfer Test Admin","20030","historyUSDTTransferTestFeeAdmin","Surefire suite","Thu Sep 03 10:43:37 UTC 2026","failed","Thu Sep 03 10:43:57 UTC 2026","testcases.history.HistoryTransferTest","Surefire test","testcases.history.HistoryTransferTest","historyUSDTTransferTestFeeAdmin"
"Mutasi Special Transfer Balance","25079","mutasiSpecialTransferBalance","Surefire suite","Thu Sep 03 11:38:19 UTC 2026","passed","Thu Sep 03 11:38:44 UTC 2026","testcases.mutasi.MutasiTransferTest","Surefire test","testcases.mutasi.MutasiTransferTest","mutasiSpecialTransferBalance"
"List User Backoffice","4677","listUsersBO","Surefire suite","Thu Sep 03 12:05:15 UTC 2026","passed","Thu Sep 03 12:05:19 UTC 2026","testcases.backoffice.ListUsersTest","Surefire test","testcases.backoffice.ListUsersTest","listUsersBO"
"List Refund Dengan Page/Size Negatif - Menemukan Bug Internal Server Error","4435","listRefundWithNegativePageSize","Surefire suite","Thu Sep 03 12:02:49 UTC 2026","passed","Thu Sep 03 12:02:53 UTC 2026","testcases.backoffice.ListRefundTest","Surefire test","testcases.backoffice.ListRefundTest","listRefundWithNegativePageSize"
"List Refund Tanpa Body Sama Sekali","4525","listRefundWithoutBody","Surefire suite","Thu Sep 03 12:03:16 UTC 2026","passed","Thu Sep 03 12:03:20 UTC 2026","testcases.backoffice.ListRefundTest","Surefire test","testcases.backoffice.ListRefundTest","listRefundWithoutBody"
"Create Manage Settlement BO Tanpa Field groupName","4601","addManageSettlementWithoutGroupName","Surefire suite","Thu Sep 03 12:33:58 UTC 2026","passed","Thu Sep 03 12:34:02 UTC 2026","testcases.backoffice.settlement.AddManageSettlementTest","Surefire test","testcases.backoffice.settlement.AddManageSettlementTest","addManageSettlementWithoutGroupName"
"List Company Backoffice Dengan Header Authorization Tanpa Skema Bearer","1416","listCompanyWithMalformedAuthorizationHeader","Surefire suite","Thu Sep 03 12:13:46 UTC 2026","passed","Thu Sep 03 12:13:47 UTC 2026","testcases.backoffice.ListCompanyTest","Surefire test","testcases.backoffice.ListCompanyTest","listCompanyWithMalformedAuthorizationHeader"
"Inquiry Test Flop Transfer Merchant","5145","inquiryTransfer","Surefire suite","Thu Sep 03 11:07:41 UTC 2026","passed","Thu Sep 03 11:07:46 UTC 2026","testcases.transfer.InquiryFlopTransferTest","Surefire test","testcases.transfer.InquiryFlopTransferTest","inquiryTransfer"
"Get Group Detail Backoffice Dengan Token Tidak Valid","1445","getGroupDetailWithInvalidToken","Surefire suite","Thu Sep 03 12:09:27 UTC 2026","passed","Thu Sep 03 12:09:29 UTC 2026","testcases.backoffice.GetGroupTest","Surefire test","testcases.backoffice.GetGroupTest","getGroupDetailWithInvalidToken"
"Mutasi USDT Transfer","19879","mutasiUSDTTransfer","Surefire suite","Thu Sep 03 11:43:20 UTC 2026","failed","Thu Sep 03 11:43:40 UTC 2026","testcases.mutasi.MutasiTransferTest","Surefire test","testcases.mutasi.MutasiTransferTest","mutasiUSDTTransfer"
"Resend Google Authenticator Dengan email Berisi Karakter SQL Injection","4818","resendOtpGoogleWithSqlInjectionEmail","Surefire suite","Thu Sep 03 13:01:51 UTC 2026","passed","Thu Sep 03 13:01:56 UTC 2026","testcases.backoffice.googleauth.ResendOtpGoogleTest","Surefire test","testcases.backoffice.googleauth.ResendOtpGoogleTest","resendOtpGoogleWithSqlInjectionEmail"
"Inquiry Test Special Transfer Admin Crypto","4878","inquirySpecialTransferAdminCrypto","Surefire suite","Thu Sep 03 10:52:45 UTC 2026","passed","Thu Sep 03 10:52:50 UTC 2026","testcases.transfer.InquirySpecialTransferTest","Surefire test","testcases.transfer.InquirySpecialTransferTest","inquirySpecialTransferAdminCrypto"
"Delete Google Authenticator Tanpa Login/Header Auth","1779","deleteOtpGoogleWithoutAuth","Surefire suite","Thu Sep 03 13:07:55 UTC 2026","passed","Thu Sep 03 13:07:57 UTC 2026","testcases.backoffice.googleauth.DeleteOtpGoogleTest","Surefire test","testcases.backoffice.googleauth.DeleteOtpGoogleTest","deleteOtpGoogleWithoutAuth"
"Reset Password Backoffice","4852","resetPasswordBackoffice","Surefire suite","Thu Sep 03 13:10:31 UTC 2026","passed","Thu Sep 03 13:10:36 UTC 2026","testcases.settings.ResetPasswordTest","Surefire test","testcases.settings.ResetPasswordTest","resetPasswordBackoffice"
"Get Notification Sender Dengan Field Sort Merujuk ke Kolom yang Tidak Ada","5229","getNotificationSenderWithInvalidSortField","Surefire suite","Thu Sep 03 12:47:59 UTC 2026","passed","Thu Sep 03 12:48:04 UTC 2026","testcases.backoffice.notifsender.NotificationSenderTest","Surefire test","testcases.backoffice.notifsender.NotificationSenderTest","getNotificationSenderWithInvalidSortField"
"Login Merchant dengan Username Berisi Spasi Saja","2858","testLoginWhitespaceUsername","Surefire suite","Thu Sep 03 10:29:52 UTC 2026","passed","Thu Sep 03 10:29:55 UTC 2026","testcases.auth.LoginTest","Surefire test","testcases.auth.LoginTest","testLoginWhitespaceUsername"
"Add Whitelist Ip User CS Admin","7579","addWhitelistIpUserCsAdmin","Surefire suite","Thu Sep 03 11:52:08 UTC 2026","passed","Thu Sep 03 11:52:16 UTC 2026","testcases.backoffice.EditUserTest","Surefire test","testcases.backoffice.EditUserTest","addWhitelistIpUserCsAdmin"
"List Waiting Company Backoffice Menggunakan HTTP Method GET","4872","listWaitingCompanyWithGetMethod","Surefire suite","Thu Sep 03 12:17:00 UTC 2026","passed","Thu Sep 03 12:17:05 UTC 2026","testcases.backoffice.ListWaitingCompanyTest","Surefire test","testcases.backoffice.ListWaitingCompanyTest","listWaitingCompanyWithGetMethod"
"Get Group Detail Backoffice Dengan Header Authorization Tanpa Skema Bearer","1486","getGroupDetailWithMalformedAuthorizationHeader","Surefire suite","Thu Sep 03 12:09:32 UTC 2026","passed","Thu Sep 03 12:09:33 UTC 2026","testcases.backoffice.GetGroupTest","Surefire test","testcases.backoffice.GetGroupTest","getGroupDetailWithMalformedAuthorizationHeader"
"Get History Manual Transfer Test Supervisor","8090","historyManualTransferTestSupervisor","Surefire suite","Thu Sep 03 10:37:39 UTC 2026","passed","Thu Sep 03 10:37:47 UTC 2026","testcases.history.HistoryTransferTest","Surefire test","testcases.history.HistoryTransferTest","historyManualTransferTestSupervisor"
"Transfer Different Partner Reference, USDT Transfer to Transfer","20494","trfPartnerRefUSDTFailed","Surefire suite","Thu Sep 03 10:51:00 UTC 2026","passed","Thu Sep 03 10:51:20 UTC 2026","testcases.transfer.TransferTest","Surefire test","testcases.transfer.TransferTest","trfPartnerRefUSDTFailed"
"List User Backoffice Dengan Body JSON Tidak Valid (Malformed)","4612","listUsersWithMalformedJson","Surefire suite","Thu Sep 03 12:06:13 UTC 2026","passed","Thu Sep 03 12:06:18 UTC 2026","testcases.backoffice.ListUsersTest","Surefire test","testcases.backoffice.ListUsersTest","listUsersWithMalformedJson"
"Get Detail User Backoffice Dengan Token Tidak Valid","1442","getUsersWithInvalidToken","Surefire suite","Thu Sep 03 12:04:43 UTC 2026","passed","Thu Sep 03 12:04:44 UTC 2026","testcases.backoffice.ListUsersTest","Surefire test","testcases.backoffice.ListUsersTest","getUsersWithInvalidToken"
"List Manage Settlement Backoffice Menggunakan HTTP Method DELETE","4704","listManageSettlementWithDeleteMethod","Surefire suite","Thu Sep 03 12:25:01 UTC 2026","passed","Thu Sep 03 12:25:06 UTC 2026","testcases.backoffice.settlement.ManageSettlementTest","Surefire test","testcases.backoffice.settlement.ManageSettlementTest","listManageSettlementWithDeleteMethod"
"Delete Manage Settlement BO Menggunakan HTTP Method POST","4487","deleteManageSettlementWithPostMethod","Surefire suite","Thu Sep 03 12:38:08 UTC 2026","passed","Thu Sep 03 12:38:12 UTC 2026","testcases.backoffice.settlement.DeleteManageSettlementTest","Surefire test","testcases.backoffice.settlement.DeleteManageSettlementTest","deleteManageSettlementWithPostMethod"
"List Waiting Company Backoffice Dengan Body Berupa JSON Array ([])","4480","listWaitingCompanyWithArrayBody","Surefire suite","Thu Sep 03 12:16:37 UTC 2026","passed","Thu Sep 03 12:16:42 UTC 2026","testcases.backoffice.ListWaitingCompanyTest","Surefire test","testcases.backoffice.ListWaitingCompanyTest","listWaitingCompanyWithArrayBody"
"Delete Google Authenticator Dengan id Sangat Panjang (10.000 karakter)","4589","deleteOtpGoogleWithOverlongId","Surefire suite","Thu Sep 03 13:06:45 UTC 2026","passed","Thu Sep 03 13:06:50 UTC 2026","testcases.backoffice.googleauth.DeleteOtpGoogleTest","Surefire test","testcases.backoffice.googleauth.DeleteOtpGoogleTest","deleteOtpGoogleWithOverlongId"
"Normal Transfer USDT Success","24478","transfer","Surefire suite","Thu Sep 03 11:02:41 UTC 2026","failed","Thu Sep 03 11:03:05 UTC 2026","testcases.transfer.TransferUSDTTest","Surefire test","testcases.transfer.TransferUSDTTest","transfer"
"Resend Google Authenticator Dengan email Berupa Angka (Bukan String)","4443","resendOtpGoogleWithNumericEmail","Surefire suite","Thu Sep 03 13:01:19 UTC 2026","passed","Thu Sep 03 13:01:23 UTC 2026","testcases.backoffice.googleauth.ResendOtpGoogleTest","Surefire test","testcases.backoffice.googleauth.ResendOtpGoogleTest","resendOtpGoogleWithNumericEmail"
"Resend Google Authenticator Dengan Format email Tidak Valid","4705","resendOtpGoogleWithMalformedEmail","Surefire suite","Thu Sep 03 13:00:18 UTC 2026","passed","Thu Sep 03 13:00:23 UTC 2026","testcases.backoffice.googleauth.ResendOtpGoogleTest","Surefire test","testcases.backoffice.googleauth.ResendOtpGoogleTest","resendOtpGoogleWithMalformedEmail"
"Get Notification Sender Tanpa Login/Header Auth","1401","getNotificationSenderWithoutAuth","Surefire suite","Thu Sep 03 12:50:26 UTC 2026","passed","Thu Sep 03 12:50:27 UTC 2026","testcases.backoffice.notifsender.NotificationSenderTest","Surefire test","testcases.backoffice.notifsender.NotificationSenderTest","getNotificationSenderWithoutAuth"
"List Manage Settlement Backoffice Menggunakan Login Marketing","4536","listManageSettlementWithMarketingLogin","Surefire suite","Thu Sep 03 12:26:15 UTC 2026","passed","Thu Sep 03 12:26:20 UTC 2026","testcases.backoffice.settlement.ManageSettlementTest","Surefire test","testcases.backoffice.settlement.ManageSettlementTest","listManageSettlementWithMarketingLogin"
"Get List Google Authenticator Dengan Token Tidak Valid","1585","listOtpGoogleWithInvalidToken","Surefire suite","Thu Sep 03 12:54:29 UTC 2026","passed","Thu Sep 03 12:54:31 UTC 2026","testcases.backoffice.googleauth.ListOtpGoogleTest","Surefire test","testcases.backoffice.googleauth.ListOtpGoogleTest","listOtpGoogleWithInvalidToken"
"Get History Flop Transfer Test","9265","historyFlopTransferTest","Surefire suite","Thu Sep 03 10:35:01 UTC 2026","passed","Thu Sep 03 10:35:10 UTC 2026","testcases.history.HistoryTransferTest","Surefire test","testcases.history.HistoryTransferTest","historyFlopTransferTest"
"Get List Google Authenticator Ke Path yang Tidak Ada (Typo)","7049","listOtpGoogleWithWrongPath","Surefire suite","Thu Sep 03 12:56:14 UTC 2026","passed","Thu Sep 03 12:56:21 UTC 2026","testcases.backoffice.googleauth.ListOtpGoogleTest","Surefire test","testcases.backoffice.googleauth.ListOtpGoogleTest","listOtpGoogleWithWrongPath"
"Transfer with Wrong Pin","22877","transferWrongPin","Surefire suite","Thu Sep 03 10:49:00 UTC 2026","passed","Thu Sep 03 10:49:22 UTC 2026","testcases.transfer.TransferTest","Surefire test","testcases.transfer.TransferTest","transferWrongPin"
"List Refund Menggunakan Login Supervisor","4359","listRefundWithSupervisorLogin","Surefire suite","Thu Sep 03 12:03:04 UTC 2026","passed","Thu Sep 03 12:03:08 UTC 2026","testcases.backoffice.ListRefundTest","Surefire test","testcases.backoffice.ListRefundTest","listRefundWithSupervisorLogin"
"Get History Special Transfer Test","8056","historySpecialTransferTest","Surefire suite","Thu Sep 03 10:38:28 UTC 2026","passed","Thu Sep 03 10:38:36 UTC 2026","testcases.history.HistoryTransferTest","Surefire test","testcases.history.HistoryTransferTest","historySpecialTransferTest"
"Delete Manage Settlement BO Dengan id yang Sama Dua Kali (Sudah Terhapus)","8952","deleteManageSettlementWithAlreadyDeletedId","Surefire suite","Thu Sep 03 12:36:20 UTC 2026","passed","Thu Sep 03 12:36:29 UTC 2026","testcases.backoffice.settlement.DeleteManageSettlementTest","Surefire test","testcases.backoffice.settlement.DeleteManageSettlementTest","deleteManageSettlementWithAlreadyDeletedId"
"Get List Google Authenticator Dengan Page/Size Negatif","4582","listOtpGoogleWithNegativePageSize","Surefire suite","Thu Sep 03 12:55:09 UTC 2026","passed","Thu Sep 03 12:55:14 UTC 2026","testcases.backoffice.googleauth.ListOtpGoogleTest","Surefire test","testcases.backoffice.googleauth.ListOtpGoogleTest","listOtpGoogleWithNegativePageSize"
"Mutasi USDT Transfer Balance","24391","mutasiUSDTTransferBalance","Surefire suite","Thu Sep 03 11:43:43 UTC 2026","failed","Thu Sep 03 11:44:08 UTC 2026","testcases.mutasi.MutasiTransferTest","Surefire test","testcases.mutasi.MutasiTransferTest","mutasiUSDTTransferBalance"
"Reset Password CS Admin","5638","resetPasswordCSAdmin","Surefire suite","Thu Sep 03 13:10:47 UTC 2026","passed","Thu Sep 03 13:10:53 UTC 2026","testcases.settings.ResetPasswordTest","Surefire test","testcases.settings.ResetPasswordTest","resetPasswordCSAdmin"
"Get Group Detail Backoffice Dengan Token Kadaluarsa","1490","getGroupDetailWithExpiredToken","Surefire suite","Thu Sep 03 12:09:08 UTC 2026","passed","Thu Sep 03 12:09:09 UTC 2026","testcases.backoffice.GetGroupTest","Surefire test","testcases.backoffice.GetGroupTest","getGroupDetailWithExpiredToken"
"Get List Group Company BO Dengan groupName Berisi Karakter SQL Injection","4377","getListGroupCompanyWithSqlInjectionGroupName","Surefire suite","Thu Sep 03 12:43:22 UTC 2026","passed","Thu Sep 03 12:43:26 UTC 2026","testcases.backoffice.settlement.GetListGroupCompanyTest","Surefire test","testcases.backoffice.settlement.GetListGroupCompanyTest","getListGroupCompanyWithSqlInjectionGroupName"
"Delete Google Authenticator Dengan Token Kadaluarsa","2423","deleteOtpGoogleWithExpiredToken","Surefire suite","Thu Sep 03 13:05:51 UTC 2026","passed","Thu Sep 03 13:05:54 UTC 2026","testcases.backoffice.googleauth.DeleteOtpGoogleTest","Surefire test","testcases.backoffice.googleauth.DeleteOtpGoogleTest","deleteOtpGoogleWithExpiredToken"
"Get Group Detail Backoffice Dengan Format Group Id Tidak Valid (Bukan ObjectId)","4675","getGroupDetailWithMalformedId","Surefire suite","Thu Sep 03 12:09:36 UTC 2026","passed","Thu Sep 03 12:09:41 UTC 2026","testcases.backoffice.GetGroupTest","Surefire test","testcases.backoffice.GetGroupTest","getGroupDetailWithMalformedId"
"Transfer Success Admin Crypto with before and after Balanced","9739","transferBalanceAdminCrypto","Surefire suite","Thu Sep 03 10:48:37 UTC 2026","passed","Thu Sep 03 10:48:47 UTC 2026","testcases.transfer.TransferTest","Surefire test","testcases.transfer.TransferTest","transferBalanceAdminCrypto"
"Mutasi USDT Transfer Balance CS","24433","mutasiUSDTTransferBalanceCS","Surefire suite","Thu Sep 03 11:44:11 UTC 2026","failed","Thu Sep 03 11:44:35 UTC 2026","testcases.mutasi.MutasiTransferTest","Surefire test","testcases.mutasi.MutasiTransferTest","mutasiUSDTTransferBalanceCS"
"Login Merchant dengan Username Mengandung SQL Injection","2857","testLoginSqlInjectionUsername","Surefire suite","Thu Sep 03 10:29:40 UTC 2026","passed","Thu Sep 03 10:29:43 UTC 2026","testcases.auth.LoginTest","Surefire test","testcases.auth.LoginTest","testLoginSqlInjectionUsername"
"Create Manage Settlement BO Menggunakan Login Marketing","4488","addManageSettlementWithMarketingLogin","Surefire suite","Thu Sep 03 12:31:53 UTC 2026","passed","Thu Sep 03 12:31:57 UTC 2026","testcases.backoffice.settlement.AddManageSettlementTest","Surefire test","testcases.backoffice.settlement.AddManageSettlementTest","addManageSettlementWithMarketingLogin"
"Create Manage Settlement BO Dengan Body Kosong ({})","4532","addManageSettlementWithEmptyBody","Surefire suite","Thu Sep 03 12:30:46 UTC 2026","passed","Thu Sep 03 12:30:50 UTC 2026","testcases.backoffice.settlement.AddManageSettlementTest","Surefire test","testcases.backoffice.settlement.AddManageSettlementTest","addManageSettlementWithEmptyBody"
"Get List Group Company BO Menggunakan Login Marketing","4517","getListGroupCompanyWithMarketingLogin","Surefire suite","Thu Sep 03 12:42:22 UTC 2026","broken","Thu Sep 03 12:42:26 UTC 2026","testcases.backoffice.settlement.GetListGroupCompanyTest","Surefire test","testcases.backoffice.settlement.GetListGroupCompanyTest","getListGroupCompanyWithMarketingLogin"
"Get Balance Marketing","4762","getBalanceMarketing","Surefire suite","Thu Sep 03 11:13:25 UTC 2026","passed","Thu Sep 03 11:13:30 UTC 2026","testcases.balance.GetBalanceQrisTest","Surefire test","testcases.balance.GetBalanceQrisTest","getBalanceMarketing"
"Inquiry Test USDT Transfer Merchant Supervisor","4760","inquiryUSDTSupervisor","Surefire suite","Thu Sep 03 11:01:43 UTC 2026","passed","Thu Sep 03 11:01:48 UTC 2026","testcases.transfer.InquiryUSDTTest","Surefire test","testcases.transfer.InquiryUSDTTest","inquiryUSDTSupervisor"
"Resend Google Authenticator Dengan email Kosong","6780","resendOtpGoogleWithEmptyEmail","Surefire suite","Thu Sep 03 12:59:46 UTC 2026","passed","Thu Sep 03 12:59:53 UTC 2026","testcases.backoffice.googleauth.ResendOtpGoogleTest","Surefire test","testcases.backoffice.googleauth.ResendOtpGoogleTest","resendOtpGoogleWithEmptyEmail"
"Create Manage Settlement BO Dengan Karakter SQL Injection pada groupName","4682","addManageSettlementWithSqlInjectionGroupName","Surefire suite","Thu Sep 03 12:32:53 UTC 2026","passed","Thu Sep 03 12:32:58 UTC 2026","testcases.backoffice.settlement.AddManageSettlementTest","Surefire test","testcases.backoffice.settlement.AddManageSettlementTest","addManageSettlementWithSqlInjectionGroupName"
"Get List Google Authenticator Dengan Body Berupa JSON Array ([])","4636","listOtpGoogleWithArrayBody","Surefire suite","Thu Sep 03 12:53:09 UTC 2026","passed","Thu Sep 03 12:53:13 UTC 2026","testcases.backoffice.googleauth.ListOtpGoogleTest","Surefire test","testcases.backoffice.googleauth.ListOtpGoogleTest","listOtpGoogleWithArrayBody"
"Test Approved Manual Transfer","21417","approvedCashDeposit","Surefire suite","Thu Sep 03 11:19:40 UTC 2026","passed","Thu Sep 03 11:20:01 UTC 2026","testcases.backoffice.ApprovalTransferTest","Surefire test","testcases.backoffice.ApprovalTransferTest","approvedCashDeposit"
"List Refund Tanpa Login/Header Auth","1498","listRefundWithoutAuth","Surefire suite","Thu Sep 03 12:03:11 UTC 2026","passed","Thu Sep 03 12:03:13 UTC 2026","testcases.backoffice.ListRefundTest","Surefire test","testcases.backoffice.ListRefundTest","listRefundWithoutAuth"
"List User Backoffice Dengan Token Tidak Valid","1442","listUsersWithInvalidToken","Surefire suite","Thu Sep 03 12:06:09 UTC 2026","passed","Thu Sep 03 12:06:10 UTC 2026","testcases.backoffice.ListUsersTest","Surefire test","testcases.backoffice.ListUsersTest","listUsersWithInvalidToken"
"Create Manage Settlement BO Tanpa Login/Header Auth","1413","addManageSettlementWithoutAuth","Surefire suite","Thu Sep 03 12:33:31 UTC 2026","passed","Thu Sep 03 12:33:32 UTC 2026","testcases.backoffice.settlement.AddManageSettlementTest","Surefire test","testcases.backoffice.settlement.AddManageSettlementTest","addManageSettlementWithoutAuth"
"Get List Group Company BO Menggunakan HTTP Method PATCH","4449","getListGroupCompanyWithPatchMethod","Surefire suite","Thu Sep 03 12:42:59 UTC 2026","failed","Thu Sep 03 12:43:04 UTC 2026","testcases.backoffice.settlement.GetListGroupCompanyTest","Surefire test","testcases.backoffice.settlement.GetListGroupCompanyTest","getListGroupCompanyWithPatchMethod"
"Get Detail User Backoffice Dengan Format User Id Tidak Valid (Bukan ObjectId)","4525","getUsersWithMalformedId","Surefire suite","Thu Sep 03 12:04:47 UTC 2026","passed","Thu Sep 03 12:04:52 UTC 2026","testcases.backoffice.ListUsersTest","Surefire test","testcases.backoffice.ListUsersTest","getUsersWithMalformedId"
"List Waiting Company Backoffice Dengan Karakter SQL Injection pada Field Param","4377","listWaitingCompanyWithSqlInjectionParam","Surefire suite","Thu Sep 03 12:18:10 UTC 2026","passed","Thu Sep 03 12:18:14 UTC 2026","testcases.backoffice.ListWaitingCompanyTest","Surefire test","testcases.backoffice.ListWaitingCompanyTest","listWaitingCompanyWithSqlInjectionParam"
"List Manage Settlement Backoffice Dengan Body Berupa JSON Array ([])","4494","listManageSettlementWithArrayBody","Surefire suite","Thu Sep 03 12:24:39 UTC 2026","passed","Thu Sep 03 12:24:43 UTC 2026","testcases.backoffice.settlement.ManageSettlementTest","Surefire test","testcases.backoffice.settlement.ManageSettlementTest","listManageSettlementWithArrayBody"
"Get List Google Authenticator Menggunakan HTTP Method DELETE","5758","listOtpGoogleWithDeleteMethod","Surefire suite","Thu Sep 03 12:53:33 UTC 2026","passed","Thu Sep 03 12:53:39 UTC 2026","testcases.backoffice.googleauth.ListOtpGoogleTest","Surefire test","testcases.backoffice.googleauth.ListOtpGoogleTest","listOtpGoogleWithDeleteMethod"
"Test Reject USDT Supervisor","19988","rejectedUSDTSupervisor","Surefire suite","Thu Sep 03 11:27:05 UTC 2026","failed","Thu Sep 03 11:27:24 UTC 2026","testcases.backoffice.ApprovalTransferTest","Surefire test","testcases.backoffice.ApprovalTransferTest","rejectedUSDTSupervisor"
"Reset Pin CS Admin","4831","resetPinCSAdmin","Surefire suite","Thu Sep 03 13:14:06 UTC 2026","passed","Thu Sep 03 13:14:11 UTC 2026","testcases.settings.ResetPinTest","Surefire test","testcases.settings.ResetPinTest","resetPinCSAdmin"
"Get History Transfer Merchant on Login CS Admin","11917","historyTransferMerchantTestCSAdmin","Surefire suite","Thu Sep 03 10:39:43 UTC 2026","passed","Thu Sep 03 10:39:55 UTC 2026","testcases.history.HistoryTransferTest","Surefire test","testcases.history.HistoryTransferTest","historyTransferMerchantTestCSAdmin"
"List Waiting Company Backoffice Dengan Header Authorization Tanpa Skema Bearer","1446","listWaitingCompanyWithMalformedAuthorizationHeader","Surefire suite","Thu Sep 03 12:17:35 UTC 2026","passed","Thu Sep 03 12:17:37 UTC 2026","testcases.backoffice.ListWaitingCompanyTest","Surefire test","testcases.backoffice.ListWaitingCompanyTest","listWaitingCompanyWithMalformedAuthorizationHeader"
"Create Manage Settlement BO Tanpa Body Sama Sekali","4509","addManageSettlementWithoutBody","Surefire suite","Thu Sep 03 12:33:35 UTC 2026","passed","Thu Sep 03 12:33:40 UTC 2026","testcases.backoffice.settlement.AddManageSettlementTest","Surefire test","testcases.backoffice.settlement.AddManageSettlementTest","addManageSettlementWithoutBody"
"Delete Manage Settlement BO Menggunakan HTTP Method DELETE","4414","deleteManageSettlementWithDeleteMethod","Surefire suite","Thu Sep 03 12:36:47 UTC 2026","passed","Thu Sep 03 12:36:51 UTC 2026","testcases.backoffice.settlement.DeleteManageSettlementTest","Surefire test","testcases.backoffice.settlement.DeleteManageSettlementTest","deleteManageSettlementWithDeleteMethod"
"Test Approved USDT","20388","approvedUSDT","Surefire suite","Thu Sep 03 11:23:18 UTC 2026","failed","Thu Sep 03 11:23:38 UTC 2026","testcases.backoffice.ApprovalTransferTest","Surefire test","testcases.backoffice.ApprovalTransferTest","approvedUSDT"
"Get History Transfer Test Admin","11531","historyTransferTestAdmin","Surefire suite","Thu Sep 03 10:40:24 UTC 2026","passed","Thu Sep 03 10:40:36 UTC 2026","testcases.history.HistoryTransferTest","Surefire test","testcases.history.HistoryTransferTest","historyTransferTestAdmin"
"List Manage Settlement Backoffice Menggunakan Login Merchant","4580","listManageSettlementWithMerchantLogin","Surefire suite","Thu Sep 03 12:26:23 UTC 2026","passed","Thu Sep 03 12:26:27 UTC 2026","testcases.backoffice.settlement.ManageSettlementTest","Surefire test","testcases.backoffice.settlement.ManageSettlementTest","listManageSettlementWithMerchantLogin"
"Get List Group Company BO Menggunakan Login Admin Crypto","4561","getListGroupCompanyWithAdminCryptoLogin","Surefire suite","Thu Sep 03 12:41:15 UTC 2026","broken","Thu Sep 03 12:41:20 UTC 2026","testcases.backoffice.settlement.GetListGroupCompanyTest","Surefire test","testcases.backoffice.settlement.GetListGroupCompanyTest","getListGroupCompanyWithAdminCryptoLogin"
"Create Manage Settlement BO Menggunakan HTTP Method PUT","4353","addManageSettlementWithPutMethod","Surefire suite","Thu Sep 03 12:32:45 UTC 2026","passed","Thu Sep 03 12:32:50 UTC 2026","testcases.backoffice.settlement.AddManageSettlementTest","Surefire test","testcases.backoffice.settlement.AddManageSettlementTest","addManageSettlementWithPutMethod"
"Get Notification Sender Dengan Token Tidak Valid","1527","getNotificationSenderWithInvalidToken","Surefire suite","Thu Sep 03 12:48:07 UTC 2026","passed","Thu Sep 03 12:48:08 UTC 2026","testcases.backoffice.notifsender.NotificationSenderTest","Surefire test","testcases.backoffice.notifsender.NotificationSenderTest","getNotificationSenderWithInvalidToken"
"Get Notification Sender Dengan pinValidasi Berisi Karakter SQL Injection","4644","getNotificationSenderWithSqlInjectionPinValidasi","Surefire suite","Thu Sep 03 12:49:39 UTC 2026","passed","Thu Sep 03 12:49:44 UTC 2026","testcases.backoffice.notifsender.NotificationSenderTest","Surefire test","testcases.backoffice.notifsender.NotificationSenderTest","getNotificationSenderWithSqlInjectionPinValidasi"
"Normal Flop Transfer Balance Success","11623","flopTransferBalance","Surefire suite","Thu Sep 03 11:08:49 UTC 2026","passed","Thu Sep 03 11:09:00 UTC 2026","testcases.transfer.TransferFlopTest","Surefire test","testcases.transfer.TransferFlopTest","flopTransferBalance"
"Get Balance Merchant","4781","getBalanceMerchant","Surefire suite","Thu Sep 03 11:13:33 UTC 2026","passed","Thu Sep 03 11:13:38 UTC 2026","testcases.balance.GetBalanceQrisTest","Surefire test","testcases.balance.GetBalanceQrisTest","getBalanceMerchant"
"Get Notification Sender Dengan Page/Size Negatif","4685","getNotificationSenderWithNegativePageSize","Surefire suite","Thu Sep 03 12:48:46 UTC 2026","passed","Thu Sep 03 12:48:51 UTC 2026","testcases.backoffice.notifsender.NotificationSenderTest","Surefire test","testcases.backoffice.notifsender.NotificationSenderTest","getNotificationSenderWithNegativePageSize"
"Get Dashboard Backoffice Dengan Token Tidak Valid","1456","getDashboardWithInvalidToken","Surefire suite","Thu Sep 03 11:17:09 UTC 2026","passed","Thu Sep 03 11:17:10 UTC 2026","testcases.backoffice.GetDashboardTest","Surefire test","testcases.backoffice.GetDashboardTest","getDashboardWithInvalidToken"
"Create Manage Settlement BO Menggunakan Login Admin Crypto","4540","addManageSettlementWithAdminCryptoLogin","Surefire suite","Thu Sep 03 12:29:46 UTC 2026","passed","Thu Sep 03 12:29:51 UTC 2026","testcases.backoffice.settlement.AddManageSettlementTest","Surefire test","testcases.backoffice.settlement.AddManageSettlementTest","addManageSettlementWithAdminCryptoLogin"
"Delete Google Authenticator Dengan id Valid Secara Format Tapi Tidak Ada","4665","deleteOtpGoogleWithNonExistentId","Surefire suite","Thu Sep 03 13:06:38 UTC 2026","passed","Thu Sep 03 13:06:42 UTC 2026","testcases.backoffice.googleauth.DeleteOtpGoogleTest","Surefire test","testcases.backoffice.googleauth.DeleteOtpGoogleTest","deleteOtpGoogleWithNonExistentId"
"Get Dashboard Backoffice Menggunakan Login CS Admin","4625","getDashboardWithCSAdminLogin","Surefire suite","Thu Sep 03 11:16:54 UTC 2026","passed","Thu Sep 03 11:16:58 UTC 2026","testcases.backoffice.GetDashboardTest","Surefire test","testcases.backoffice.GetDashboardTest","getDashboardWithCSAdminLogin"
"Approval Refund Transfer Merchant","9517","approveRefundTransferMerchant","Surefire suite","Thu Sep 03 11:57:28 UTC 2026","passed","Thu Sep 03 11:57:38 UTC 2026","testcases.backoffice.ApprovalRefundTest","Surefire test","testcases.backoffice.ApprovalRefundTest","approveRefundTransferMerchant"
"Get Detail Waiting Company Backoffice Menggunakan HTTP Method DELETE","4454","getDetailWaitingCompanyWithDeleteMethod","Surefire suite","Thu Sep 03 12:20:38 UTC 2026","passed","Thu Sep 03 12:20:42 UTC 2026","testcases.backoffice.GetDetailWaitingCompanyTest","Surefire test","testcases.backoffice.GetDetailWaitingCompanyTest","getDetailWaitingCompanyWithDeleteMethod"
"Success Login Supervisor With Captcha","2991","testLoginSupervisor","Surefire suite","Thu Sep 03 10:29:46 UTC 2026","passed","Thu Sep 03 10:29:49 UTC 2026","testcases.auth.LoginTest","Surefire test","testcases.auth.LoginTest","testLoginSupervisor"
"List Company Backoffice Tanpa Login/Header Auth","1417","listCompanyWithoutAuth","Surefire suite","Thu Sep 03 12:14:42 UTC 2026","passed","Thu Sep 03 12:14:44 UTC 2026","testcases.backoffice.ListCompanyTest","Surefire test","testcases.backoffice.ListCompanyTest","listCompanyWithoutAuth"
"Get History QR Open Merchant on login CS Admin","13959","historyQROpenMerchantCSAdmin","Surefire suite","Thu Sep 03 10:31:00 UTC 2026","passed","Thu Sep 03 10:31:14 UTC 2026","testcases.history.HistoryQRTest","Surefire test","testcases.history.HistoryQRTest","historyQROpenMerchantCSAdmin"
"Delete Google Authenticator Tanpa id (Path Kosong)","5405","deleteOtpGoogleWithEmptyId","Surefire suite","Thu Sep 03 13:05:43 UTC 2026","passed","Thu Sep 03 13:05:48 UTC 2026","testcases.backoffice.googleauth.DeleteOtpGoogleTest","Surefire test","testcases.backoffice.googleauth.DeleteOtpGoogleTest","deleteOtpGoogleWithEmptyId"
"Get List Google Authenticator Tanpa Body Sama Sekali","4713","listOtpGoogleWithoutBody","Surefire suite","Thu Sep 03 12:56:28 UTC 2026","passed","Thu Sep 03 12:56:33 UTC 2026","testcases.backoffice.googleauth.ListOtpGoogleTest","Surefire test","testcases.backoffice.googleauth.ListOtpGoogleTest","listOtpGoogleWithoutBody"
"List Waiting Company Backoffice Dengan Body JSON Tidak Valid (Malformed)","4409","listWaitingCompanyWithMalformedJson","Surefire suite","Thu Sep 03 12:17:40 UTC 2026","passed","Thu Sep 03 12:17:44 UTC 2026","testcases.backoffice.ListWaitingCompanyTest","Surefire test","testcases.backoffice.ListWaitingCompanyTest","listWaitingCompanyWithMalformedJson"
"Get Balance Merchant with Login CS","4645","getBalanceMerchantLoginCS","Surefire suite","Thu Sep 03 11:13:41 UTC 2026","passed","Thu Sep 03 11:13:46 UTC 2026","testcases.balance.GetBalanceQrisTest","Surefire test","testcases.balance.GetBalanceQrisTest","getBalanceMerchantLoginCS"
"Get Notification Sender Menggunakan Login Marketing","4622","getNotificationSenderWithMarketingLogin","Surefire suite","Thu Sep 03 12:48:31 UTC 2026","passed","Thu Sep 03 12:48:36 UTC 2026","testcases.backoffice.notifsender.NotificationSenderTest","Surefire test","testcases.backoffice.notifsender.NotificationSenderTest","getNotificationSenderWithMarketingLogin"
"Resend Google Authenticator Menggunakan Login Admin Crypto","6077","resendOtpGoogleWithAdminCryptoLogin","Surefire suite","Thu Sep 03 12:58:47 UTC 2026","passed","Thu Sep 03 12:58:53 UTC 2026","testcases.backoffice.googleauth.ResendOtpGoogleTest","Surefire test","testcases.backoffice.googleauth.ResendOtpGoogleTest","resendOtpGoogleWithAdminCryptoLogin"
"List Company Backoffice Tanpa Body Sama Sekali","4533","listCompanyWithoutBody","Surefire suite","Thu Sep 03 12:14:47 UTC 2026","passed","Thu Sep 03 12:14:51 UTC 2026","testcases.backoffice.ListCompanyTest","Surefire test","testcases.backoffice.ListCompanyTest","listCompanyWithoutBody"
"Get History Transfer Test Supervisor","8276","historyTransferTestSupervisor","Surefire suite","Thu Sep 03 10:41:04 UTC 2026","passed","Thu Sep 03 10:41:12 UTC 2026","testcases.history.HistoryTransferTest","Surefire test","testcases.history.HistoryTransferTest","historyTransferTestSupervisor"
"Delete Manage Settlement BO Menggunakan Login Customer Service","4609","deleteManageSettlementWithCSLogin","Surefire suite","Thu Sep 03 12:36:39 UTC 2026","passed","Thu Sep 03 12:36:44 UTC 2026","testcases.backoffice.settlement.DeleteManageSettlementTest","Surefire test","testcases.backoffice.settlement.DeleteManageSettlementTest","deleteManageSettlementWithCSLogin"
"Request Refund Transfer Merchant","4650","refundTransferMerchant","Surefire suite","Thu Sep 03 11:59:26 UTC 2026","passed","Thu Sep 03 11:59:31 UTC 2026","testcases.transfer.RefundTransferTest","Surefire test","testcases.transfer.RefundTransferTest","refundTransferMerchant"
"Get History QR Supervisor Success Paid","10796","historyQRTestPaidSupervisor","Surefire suite","Thu Sep 03 10:32:45 UTC 2026","passed","Thu Sep 03 10:32:56 UTC 2026","testcases.history.HistoryQRTest","Surefire test","testcases.history.HistoryQRTest","historyQRTestPaidSupervisor"
"List Refund Dengan Body JSON Tidak Valid (Malformed)","4492","listRefundWithMalformedJson","Surefire suite","Thu Sep 03 12:02:26 UTC 2026","passed","Thu Sep 03 12:02:31 UTC 2026","testcases.backoffice.ListRefundTest","Surefire test","testcases.backoffice.ListRefundTest","listRefundWithMalformedJson"
"Test Get Report Transfer Company","9174","getReportTransferAdminCrypto","Surefire suite","Thu Sep 03 11:49:25 UTC 2026","passed","Thu Sep 03 11:49:34 UTC 2026","testcases.report.ReportTransferTest","Surefire test","testcases.report.ReportTransferTest","getReportTransferAdminCrypto"
"Wrong Password Login Merchant","3010","testLoginWrongPassword","Surefire suite","Thu Sep 03 10:30:10 UTC 2026","passed","Thu Sep 03 10:30:13 UTC 2026","testcases.auth.LoginTest","Surefire test","testcases.auth.LoginTest","testLoginWrongPassword"
"List User Backoffice Dengan Ukuran Halaman Sangat Besar","5221","listUsersWithHugeSize","Surefire suite","Thu Sep 03 12:05:45 UTC 2026","passed","Thu Sep 03 12:05:50 UTC 2026","testcases.backoffice.ListUsersTest","Surefire test","testcases.backoffice.ListUsersTest","listUsersWithHugeSize"
"List Manage Settlement Backoffice Ke Path yang Tidak Ada (Typo)","4745","listManageSettlementWithWrongPath","Surefire suite","Thu Sep 03 12:27:30 UTC 2026","passed","Thu Sep 03 12:27:35 UTC 2026","testcases.backoffice.settlement.ManageSettlementTest","Surefire test","testcases.backoffice.settlement.ManageSettlementTest","listManageSettlementWithWrongPath"
"Get History USDT Transfer Test Admin Crypto","21315","historyUSDTTransferTestAdminCrypto","Surefire suite","Thu Sep 03 10:42:49 UTC 2026","failed","Thu Sep 03 10:43:10 UTC 2026","testcases.history.HistoryTransferTest","Surefire test","testcases.history.HistoryTransferTest","historyUSDTTransferTestAdminCrypto"
"Get History QR Supervisor","9580","historyQRTestSupervisor","Surefire suite","Thu Sep 03 10:32:59 UTC 2026","passed","Thu Sep 03 10:33:09 UTC 2026","testcases.history.HistoryQRTest","Surefire test","testcases.history.HistoryQRTest","historyQRTestSupervisor"
"Edit User Backoffice","4627","editUserBackoffice","Surefire suite","Thu Sep 03 11:52:42 UTC 2026","passed","Thu Sep 03 11:52:47 UTC 2026","testcases.backoffice.EditUserTest","Surefire test","testcases.backoffice.EditUserTest","editUserBackoffice"
"Create Manage Settlement BO Dengan groupName Kosong","4474","addManageSettlementWithEmptyGroupName","Surefire suite","Thu Sep 03 12:31:01 UTC 2026","passed","Thu Sep 03 12:31:06 UTC 2026","testcases.backoffice.settlement.AddManageSettlementTest","Surefire test","testcases.backoffice.settlement.AddManageSettlementTest","addManageSettlementWithEmptyGroupName"
"List User Backoffice Dengan Tipe Data Salah pada Field Limit (String, Bukan Integer)","4561","listUsersWithInvalidFieldType","Surefire suite","Thu Sep 03 12:05:54 UTC 2026","passed","Thu Sep 03 12:05:58 UTC 2026","testcases.backoffice.ListUsersTest","Surefire test","testcases.backoffice.ListUsersTest","listUsersWithInvalidFieldType"
"Get Dashboard Backoffice Menggunakan Login Merchant","4687","getDashboardWithMerchantLogin","Surefire suite","Thu Sep 03 11:17:21 UTC 2026","passed","Thu Sep 03 11:17:26 UTC 2026","testcases.backoffice.GetDashboardTest","Surefire test","testcases.backoffice.GetDashboardTest","getDashboardWithMerchantLogin"
"List Company Backoffice Dengan Ukuran Halaman Sangat Besar","5250","listCompanyWithHugeSize","Surefire suite","Thu Sep 03 12:13:18 UTC 2026","passed","Thu Sep 03 12:13:23 UTC 2026","testcases.backoffice.ListCompanyTest","Surefire test","testcases.backoffice.ListCompanyTest","listCompanyWithHugeSize"
"Create Manage Settlement BO Dengan companyId Format Tidak Valid (Bukan ObjectId)","4741","addManageSettlementWithMalformedCompanyId","Surefire suite","Thu Sep 03 12:31:37 UTC 2026","passed","Thu Sep 03 12:31:42 UTC 2026","testcases.backoffice.settlement.AddManageSettlementTest","Surefire test","testcases.backoffice.settlement.AddManageSettlementTest","addManageSettlementWithMalformedCompanyId"
"Generate QR Success with before and after Balance","11510","generateQRTestPaidBalance","Surefire suite","Thu Sep 03 11:11:32 UTC 2026","passed","Thu Sep 03 11:11:44 UTC 2026","testcases.QR.GenerateQRPaidTest","Surefire test","testcases.QR.GenerateQRPaidTest","generateQRTestPaidBalance"
"Reset Pin Marketing","4543","resetPinMarketing","Surefire suite","Thu Sep 03 13:14:22 UTC 2026","passed","Thu Sep 03 13:14:26 UTC 2026","testcases.settings.ResetPinTest","Surefire test","testcases.settings.ResetPinTest","resetPinMarketing"
"Get Dashboard Backoffice Menggunakan Login Marketing","4631","getDashboardWithMarketingLogin","Surefire suite","Thu Sep 03 11:17:13 UTC 2026","passed","Thu Sep 03 11:17:18 UTC 2026","testcases.backoffice.GetDashboardTest","Surefire test","testcases.backoffice.GetDashboardTest","getDashboardWithMarketingLogin"
"List Company Backoffice Menggunakan Login Supervisor","4381","listCompanyWithSupervisorLogin","Surefire suite","Thu Sep 03 12:14:28 UTC 2026","passed","Thu Sep 03 12:14:32 UTC 2026","testcases.backoffice.ListCompanyTest","Surefire test","testcases.backoffice.ListCompanyTest","listCompanyWithSupervisorLogin"
"Delete Google Authenticator Dengan id Berisi Payload XSS","6053","deleteOtpGoogleWithXssId","Surefire suite","Thu Sep 03 13:07:46 UTC 2026","passed","Thu Sep 03 13:07:52 UTC 2026","testcases.backoffice.googleauth.DeleteOtpGoogleTest","Surefire test","testcases.backoffice.googleauth.DeleteOtpGoogleTest","deleteOtpGoogleWithXssId"
"Get Group Detail Backoffice Menggunakan Login Group","4637","getGroupDetailWithGroupLogin","Surefire suite","Thu Sep 03 12:09:20 UTC 2026","passed","Thu Sep 03 12:09:24 UTC 2026","testcases.backoffice.GetGroupTest","Surefire test","testcases.backoffice.GetGroupTest","getGroupDetailWithGroupLogin"
"Get Notification Sender Dengan Body Kosong ({})","4474","getNotificationSenderWithEmptyBody","Surefire suite","Thu Sep 03 12:47:07 UTC 2026","passed","Thu Sep 03 12:47:12 UTC 2026","testcases.backoffice.notifsender.NotificationSenderTest","Surefire test","testcases.backoffice.notifsender.NotificationSenderTest","getNotificationSenderWithEmptyBody"
"List User Backoffice Menggunakan Login Supervisor","4476","listUsersWithSupervisorLogin","Surefire suite","Thu Sep 03 12:06:51 UTC 2026","passed","Thu Sep 03 12:06:55 UTC 2026","testcases.backoffice.ListUsersTest","Surefire test","testcases.backoffice.ListUsersTest","listUsersWithSupervisorLogin"
"List Waiting Company Backoffice Dengan Field Sort Merujuk ke Kolom yang Tidak Ada","4499","listWaitingCompanyWithInvalidSortField","Surefire suite","Thu Sep 03 12:17:23 UTC 2026","passed","Thu Sep 03 12:17:28 UTC 2026","testcases.backoffice.ListWaitingCompanyTest","Surefire test","testcases.backoffice.ListWaitingCompanyTest","listWaitingCompanyWithInvalidSortField"
"Success Login Marketing","3155","testLoginMarketing","Surefire suite","Thu Sep 03 10:29:03 UTC 2026","passed","Thu Sep 03 10:29:06 UTC 2026","testcases.auth.LoginTest","Surefire test","testcases.auth.LoginTest","testLoginMarketing"
"Get List Group Company BO Tanpa Login/Header Auth","1434","getListGroupCompanyWithoutAuth","Surefire suite","Thu Sep 03 12:43:59 UTC 2026","broken","Thu Sep 03 12:44:00 UTC 2026","testcases.backoffice.settlement.GetListGroupCompanyTest","Surefire test","testcases.backoffice.settlement.GetListGroupCompanyTest","getListGroupCompanyWithoutAuth"
"Get Detail User Backoffice Tanpa User Id (Path Kosong) - Menemukan Bug Bad Gateway","5063","getUsersWithEmptyId","Surefire suite","Thu Sep 03 12:04:35 UTC 2026","passed","Thu Sep 03 12:04:40 UTC 2026","testcases.backoffice.ListUsersTest","Surefire test","testcases.backoffice.ListUsersTest","getUsersWithEmptyId"
"List Company Backoffice Dengan Karakter SQL Injection pada Field Param - Menemukan Bug Gateway Timeout","4595","listCompanyWithSqlInjectionParam","Surefire suite","Thu Sep 03 12:14:20 UTC 2026","passed","Thu Sep 03 12:14:25 UTC 2026","testcases.backoffice.ListCompanyTest","Surefire test","testcases.backoffice.ListCompanyTest","listCompanyWithSqlInjectionParam"
"Get Notification Sender Dengan Body Berupa JSON Array ([])","4565","getNotificationSenderWithArrayBody","Surefire suite","Thu Sep 03 12:46:37 UTC 2026","passed","Thu Sep 03 12:46:41 UTC 2026","testcases.backoffice.notifsender.NotificationSenderTest","Surefire test","testcases.backoffice.notifsender.NotificationSenderTest","getNotificationSenderWithArrayBody"
"Add Currency USDT Cs Admin","8408","addCurrencyCsAdmin","Surefire suite","Thu Sep 03 11:53:57 UTC 2026","passed","Thu Sep 03 11:54:05 UTC 2026","testcases.backoffice.AddCurrencyTest","Surefire test","testcases.backoffice.AddCurrencyTest","addCurrencyCsAdmin"
"Mutasi Special Transfer","20580","mutasiSpecialTransfer","Surefire suite","Thu Sep 03 11:37:56 UTC 2026","passed","Thu Sep 03 11:38:16 UTC 2026","testcases.mutasi.MutasiTransferTest","Surefire test","testcases.mutasi.MutasiTransferTest","mutasiSpecialTransfer"
"","4581","listSettlement","Surefire suite","Thu Sep 03 11:29:39 UTC 2026","passed","Thu Sep 03 11:29:43 UTC 2026","testcases.backoffice.ListTransferTest","Surefire test","testcases.backoffice.ListTransferTest","listSettlement"
"List Company Backoffice Menggunakan Login Merchant","4514","listCompanyWithMerchantLogin","Surefire suite","Thu Sep 03 12:14:05 UTC 2026","passed","Thu Sep 03 12:14:10 UTC 2026","testcases.backoffice.ListCompanyTest","Surefire test","testcases.backoffice.ListCompanyTest","listCompanyWithMerchantLogin"
"Delete Google Authenticator Ke Path yang Tidak Ada (Typo)","4663","deleteOtpGoogleWithWrongPath","Surefire suite","Thu Sep 03 13:07:39 UTC 2026","passed","Thu Sep 03 13:07:43 UTC 2026","testcases.backoffice.googleauth.DeleteOtpGoogleTest","Surefire test","testcases.backoffice.googleauth.DeleteOtpGoogleTest","deleteOtpGoogleWithWrongPath"
"Create Manage Settlement BO Dengan Body Berupa Literal null","4637","addManageSettlementWithNullLiteralBody","Surefire suite","Thu Sep 03 12:32:23 UTC 2026","passed","Thu Sep 03 12:32:28 UTC 2026","testcases.backoffice.settlement.AddManageSettlementTest","Surefire test","testcases.backoffice.settlement.AddManageSettlementTest","addManageSettlementWithNullLiteralBody"
"Get Notification Sender Ke Path yang Tidak Ada (Typo)","4816","getNotificationSenderWithWrongPath","Surefire suite","Thu Sep 03 12:50:10 UTC 2026","passed","Thu Sep 03 12:50:15 UTC 2026","testcases.backoffice.notifsender.NotificationSenderTest","Surefire test","testcases.backoffice.notifsender.NotificationSenderTest","getNotificationSenderWithWrongPath"
"Resend Google Authenticator Dengan email Berupa null","4811","resendOtpGoogleWithNullEmail","Surefire suite","Thu Sep 03 13:01:02 UTC 2026","passed","Thu Sep 03 13:01:07 UTC 2026","testcases.backoffice.googleauth.ResendOtpGoogleTest","Surefire test","testcases.backoffice.googleauth.ResendOtpGoogleTest","resendOtpGoogleWithNullEmail"
"Get Group Detail Backoffice Menggunakan Login Merchant","4490","getGroupDetailWithMerchantLogin","Surefire suite","Thu Sep 03 12:09:51 UTC 2026","passed","Thu Sep 03 12:09:56 UTC 2026","testcases.backoffice.GetGroupTest","Surefire test","testcases.backoffice.GetGroupTest","getGroupDetailWithMerchantLogin"
"List Waiting Company Backoffice Dengan Page/Size Negatif","4483","listWaitingCompanyWithNegativePageSize","Surefire suite","Thu Sep 03 12:18:02 UTC 2026","passed","Thu Sep 03 12:18:07 UTC 2026","testcases.backoffice.ListWaitingCompanyTest","Surefire test","testcases.backoffice.ListWaitingCompanyTest","listWaitingCompanyWithNegativePageSize"
"List Company Backoffice Menggunakan HTTP Method GET","4707","listCompanyWithGetMethod","Surefire suite","Thu Sep 03 12:13:10 UTC 2026","passed","Thu Sep 03 12:13:15 UTC 2026","testcases.backoffice.ListCompanyTest","Surefire test","testcases.backoffice.ListCompanyTest","listCompanyWithGetMethod"
"Get History Manual Transfer Supervisor on Login CS Admin","11229","historyManualTransferSupervisorTestCSAdmin","Surefire suite","Thu Sep 03 10:36:21 UTC 2026","passed","Thu Sep 03 10:36:32 UTC 2026","testcases.history.HistoryTransferTest","Surefire test","testcases.history.HistoryTransferTest","historyManualTransferSupervisorTestCSAdmin"
"List Company Backoffice Dengan Body Kosong ({})","4899","listCompanyWithEmptyBody","Surefire suite","Thu Sep 03 12:13:02 UTC 2026","passed","Thu Sep 03 12:13:07 UTC 2026","testcases.backoffice.ListCompanyTest","Surefire test","testcases.backoffice.ListCompanyTest","listCompanyWithEmptyBody"
"Get Notification Sender Dengan Body JSON Tidak Valid (Malformed)","4632","getNotificationSenderWithMalformedJson","Surefire suite","Thu Sep 03 12:48:16 UTC 2026","passed","Thu Sep 03 12:48:20 UTC 2026","testcases.backoffice.notifsender.NotificationSenderTest","Surefire test","testcases.backoffice.notifsender.NotificationSenderTest","getNotificationSenderWithMalformedJson"
"Get Notification Sender Dengan Karakter SQL Injection pada Field param","4709","getNotificationSenderWithSqlInjectionParam","Surefire suite","Thu Sep 03 12:49:32 UTC 2026","passed","Thu Sep 03 12:49:36 UTC 2026","testcases.backoffice.notifsender.NotificationSenderTest","Surefire test","testcases.backoffice.notifsender.NotificationSenderTest","getNotificationSenderWithSqlInjectionParam"
"List Refund Dengan Token Tidak Valid","1477","listRefundWithInvalidToken","Surefire suite","Thu Sep 03 12:02:22 UTC 2026","passed","Thu Sep 03 12:02:23 UTC 2026","testcases.backoffice.ListRefundTest","Surefire test","testcases.backoffice.ListRefundTest","listRefundWithInvalidToken"
"Get History Flop Transfer Supervisor on Login CS Admin","12048","historyFlopTransferSupervisorTestCSAdmin","Surefire suite","Thu Sep 03 10:34:46 UTC 2026","passed","Thu Sep 03 10:34:58 UTC 2026","testcases.history.HistoryTransferTest","Surefire test","testcases.history.HistoryTransferTest","historyFlopTransferSupervisorTestCSAdmin"
"List Manage Settlement Backoffice Dengan Token Kadaluarsa","1457","listManageSettlementWithExpiredToken","Surefire suite","Thu Sep 03 12:25:17 UTC 2026","passed","Thu Sep 03 12:25:18 UTC 2026","testcases.backoffice.settlement.ManageSettlementTest","Surefire test","testcases.backoffice.settlement.ManageSettlementTest","listManageSettlementWithExpiredToken"
"Reset Pin Merchant","4665","resetPinMerchant","Surefire suite","Thu Sep 03 13:14:29 UTC 2026","passed","Thu Sep 03 13:14:34 UTC 2026","testcases.settings.ResetPinTest","Surefire test","testcases.settings.ResetPinTest","resetPinMerchant"
"Get Detail Waiting Company Backoffice Dengan Token Tidak Valid","1429","getDetailWaitingCompanyWithInvalidToken","Surefire suite","Thu Sep 03 12:21:05 UTC 2026","passed","Thu Sep 03 12:21:07 UTC 2026","testcases.backoffice.GetDetailWaitingCompanyTest","Surefire test","testcases.backoffice.GetDetailWaitingCompanyTest","getDetailWaitingCompanyWithInvalidToken"
"List Company Backoffice Dengan Body Berupa JSON Array ([])","4553","listCompanyWithArrayBody","Surefire suite","Thu Sep 03 12:12:47 UTC 2026","passed","Thu Sep 03 12:12:52 UTC 2026","testcases.backoffice.ListCompanyTest","Surefire test","testcases.backoffice.ListCompanyTest","listCompanyWithArrayBody"
"","10784","getCompanyDetail","Surefire suite","Thu Sep 03 11:55:18 UTC 2026","passed","Thu Sep 03 11:55:29 UTC 2026","testcases.backoffice.CheckCompanyDetailTest","Surefire test","testcases.backoffice.CheckCompanyDetailTest","getCompanyDetail"
"Get Detail Waiting Company Backoffice Dengan Id yang Tidak Ada","4511","getDetailWaitingCompanyWithNonExistentId","Surefire suite","Thu Sep 03 12:21:37 UTC 2026","passed","Thu Sep 03 12:21:41 UTC 2026","testcases.backoffice.GetDetailWaitingCompanyTest","Surefire test","testcases.backoffice.GetDetailWaitingCompanyTest","getDetailWaitingCompanyWithNonExistentId"
"Add Merchant From Backoffice","8661","addCompanyBackoffice","Surefire suite","Thu Sep 03 11:50:44 UTC 2026","passed","Thu Sep 03 11:50:52 UTC 2026","testcases.backoffice.AddCompanyTest","Surefire test","testcases.backoffice.AddCompanyTest","addCompanyBackoffice"
"List User Backoffice Menggunakan Login Marketing","4523","listUsersWithMarketingLogin","Surefire suite","Thu Sep 03 12:06:21 UTC 2026","passed","Thu Sep 03 12:06:25 UTC 2026","testcases.backoffice.ListUsersTest","Surefire test","testcases.backoffice.ListUsersTest","listUsersWithMarketingLogin"
"Get History QR","6511","historyQRTest","Surefire suite","Thu Sep 03 10:31:32 UTC 2026","passed","Thu Sep 03 10:31:38 UTC 2026","testcases.history.HistoryQRTest","Surefire test","testcases.history.HistoryQRTest","historyQRTest"
"Get List Group Company BO Dengan Token Backoffice Valid Tapi Tanpa Header pbyv","4677","getListGroupCompanyWithoutPbyvHeader","Surefire suite","Thu Sep 03 12:44:11 UTC 2026","broken","Thu Sep 03 12:44:16 UTC 2026","testcases.backoffice.settlement.GetListGroupCompanyTest","Surefire test","testcases.backoffice.settlement.GetListGroupCompanyTest","getListGroupCompanyWithoutPbyvHeader"
"Delete Manage Settlement BO Menggunakan HTTP Method PUT","4385","deleteManageSettlementWithPutMethod","Surefire suite","Thu Sep 03 12:38:15 UTC 2026","passed","Thu Sep 03 12:38:20 UTC 2026","testcases.backoffice.settlement.DeleteManageSettlementTest","Surefire test","testcases.backoffice.settlement.DeleteManageSettlementTest","deleteManageSettlementWithPutMethod"
"Get History Special Transfer Merchant on Login CS Admin","11456","historySpecialTransferMerchantTestCSAdmin","Surefire suite","Thu Sep 03 10:37:59 UTC 2026","passed","Thu Sep 03 10:38:11 UTC 2026","testcases.history.HistoryTransferTest","Surefire test","testcases.history.HistoryTransferTest","historySpecialTransferMerchantTestCSAdmin"
"Transfer with Wrong Pin","22327","transferWrongPin","Surefire suite","Thu Sep 03 10:58:53 UTC 2026","passed","Thu Sep 03 10:59:16 UTC 2026","testcases.transfer.ManualTransferTest","Surefire test","testcases.transfer.ManualTransferTest","transferWrongPin"
"Delete session Merchant on CS Admin","4991","deleteSessionCsAdmin","Surefire suite","Thu Sep 03 11:52:27 UTC 2026","broken","Thu Sep 03 11:52:32 UTC 2026","testcases.backoffice.EditUserTest","Surefire test","testcases.backoffice.EditUserTest","deleteSessionCsAdmin"
"Get Notification Sender Dengan Content-Type text/plain","4706","getNotificationSenderWithWrongContentType","Surefire suite","Thu Sep 03 12:50:03 UTC 2026","passed","Thu Sep 03 12:50:07 UTC 2026","testcases.backoffice.notifsender.NotificationSenderTest","Surefire test","testcases.backoffice.notifsender.NotificationSenderTest","getNotificationSenderWithWrongContentType"
"Normal Transfer USDT Balance Success","23977","usdtTransferBalanceAdminCrypto","Surefire suite","Thu Sep 03 11:05:39 UTC 2026","failed","Thu Sep 03 11:06:03 UTC 2026","testcases.transfer.TransferUSDTTest","Surefire test","testcases.transfer.TransferUSDTTest","usdtTransferBalanceAdminCrypto"
"Delete Manage Settlement BO Dengan id Berisi Spasi","4523","deleteManageSettlementWithWhitespaceId","Surefire suite","Thu Sep 03 12:38:38 UTC 2026","passed","Thu Sep 03 12:38:42 UTC 2026","testcases.backoffice.settlement.DeleteManageSettlementTest","Surefire test","testcases.backoffice.settlement.DeleteManageSettlementTest","deleteManageSettlementWithWhitespaceId"
"Login Merchant dengan Username Tidak Terdaftar","2892","testLoginNonExistentUsername","Surefire suite","Thu Sep 03 10:29:27 UTC 2026","passed","Thu Sep 03 10:29:30 UTC 2026","testcases.auth.LoginTest","Surefire test","testcases.auth.LoginTest","testLoginNonExistentUsername"
"Get Balance Merchant Transfer","4847","getBalanceMerchant","Surefire suite","Thu Sep 03 11:15:26 UTC 2026","passed","Thu Sep 03 11:15:30 UTC 2026","testcases.balance.GetBalanceTransferTest","Surefire test","testcases.balance.GetBalanceTransferTest","getBalanceMerchant"
"List User Backoffice Dengan Page/Size Negatif - Menemukan Bug Gateway Timeout","4373","listUsersWithNegativePageSize","Surefire suite","Thu Sep 03 12:06:36 UTC 2026","passed","Thu Sep 03 12:06:40 UTC 2026","testcases.backoffice.ListUsersTest","Surefire test","testcases.backoffice.ListUsersTest","listUsersWithNegativePageSize"
"Normal Special Transfer Success","10081","transfer","Surefire suite","Thu Sep 03 10:54:23 UTC 2026","passed","Thu Sep 03 10:54:33 UTC 2026","testcases.transfer.SpecialTransferTest","Surefire test","testcases.transfer.SpecialTransferTest","transfer"
"Login Merchant dengan Username Kosong","2871","testLoginEmptyUsername","Surefire suite","Thu Sep 03 10:28:51 UTC 2026","passed","Thu Sep 03 10:28:54 UTC 2026","testcases.auth.LoginTest","Surefire test","testcases.auth.LoginTest","testLoginEmptyUsername"
"List Waiting Company Backoffice Dengan Content-Type text/plain","4390","listWaitingCompanyWithWrongContentType","Surefire suite","Thu Sep 03 12:18:24 UTC 2026","passed","Thu Sep 03 12:18:29 UTC 2026","testcases.backoffice.ListWaitingCompanyTest","Surefire test","testcases.backoffice.ListWaitingCompanyTest","listWaitingCompanyWithWrongContentType"
"Delete Google Authenticator Dengan Token Backoffice Valid Tapi Tanpa Header pbyv","5460","deleteOtpGoogleWithoutPbyvHeader","Surefire suite","Thu Sep 03 13:08:00 UTC 2026","passed","Thu Sep 03 13:08:06 UTC 2026","testcases.backoffice.googleauth.DeleteOtpGoogleTest","Surefire test","testcases.backoffice.googleauth.DeleteOtpGoogleTest","deleteOtpGoogleWithoutPbyvHeader"
"Get History QR Admin","9611","historyQRTestAdmin","Surefire suite","Thu Sep 03 10:31:41 UTC 2026","passed","Thu Sep 03 10:31:51 UTC 2026","testcases.history.HistoryQRTest","Surefire test","testcases.history.HistoryQRTest","historyQRTestAdmin"
"Get Group Detail Backoffice Dengan Path Traversal pada Group Id","4537","getGroupDetailWithPathTraversalId","Surefire suite","Thu Sep 03 12:10:14 UTC 2026","passed","Thu Sep 03 12:10:19 UTC 2026","testcases.backoffice.GetGroupTest","Surefire test","testcases.backoffice.GetGroupTest","getGroupDetailWithPathTraversalId"
"Get List Google Authenticator Dengan Tipe Data Salah pada Field limit (String, Bukan Integer)","4997","listOtpGoogleWithInvalidFieldType","Surefire suite","Thu Sep 03 12:54:11 UTC 2026","passed","Thu Sep 03 12:54:16 UTC 2026","testcases.backoffice.googleauth.ListOtpGoogleTest","Surefire test","testcases.backoffice.googleauth.ListOtpGoogleTest","listOtpGoogleWithInvalidFieldType"
"Get Group Detail Backoffice Dengan Group Id Berisi Payload XSS","4857","getGroupDetailWithXssId","Surefire suite","Thu Sep 03 12:10:59 UTC 2026","passed","Thu Sep 03 12:11:04 UTC 2026","testcases.backoffice.GetGroupTest","Surefire test","testcases.backoffice.GetGroupTest","getGroupDetailWithXssId"
"Get Group Detail Backoffice Menggunakan Login Admin Crypto","4713","getGroupDetailWithAdminCryptoLogin","Surefire suite","Thu Sep 03 12:08:37 UTC 2026","passed","Thu Sep 03 12:08:41 UTC 2026","testcases.backoffice.GetGroupTest","Surefire test","testcases.backoffice.GetGroupTest","getGroupDetailWithAdminCryptoLogin"
"Resend Google Authenticator Dengan Body JSON Tidak Valid (Malformed)","5288","resendOtpGoogleWithMalformedJson","Surefire suite","Thu Sep 03 13:00:26 UTC 2026","passed","Thu Sep 03 13:00:31 UTC 2026","testcases.backoffice.googleauth.ResendOtpGoogleTest","Surefire test","testcases.backoffice.googleauth.ResendOtpGoogleTest","resendOtpGoogleWithMalformedJson"
"List Manage Settlement Backoffice Menggunakan Login Admin","4603","listManageSettlementWithAdminLogin","Surefire suite","Thu Sep 03 12:24:31 UTC 2026","passed","Thu Sep 03 12:24:36 UTC 2026","testcases.backoffice.settlement.ManageSettlementTest","Surefire test","testcases.backoffice.settlement.ManageSettlementTest","listManageSettlementWithAdminLogin"
"","4521","listUSDT","Surefire suite","Thu Sep 03 11:29:54 UTC 2026","passed","Thu Sep 03 11:29:58 UTC 2026","testcases.backoffice.ListTransferTest","Surefire test","testcases.backoffice.ListTransferTest","listUSDT"
"Mutasi Special Transfer Balance Supervisor","24597","mutasiSpecialTransferBalanceSupervisor","Surefire suite","Thu Sep 03 11:39:16 UTC 2026","passed","Thu Sep 03 11:39:40 UTC 2026","testcases.mutasi.MutasiTransferTest","Surefire test","testcases.mutasi.MutasiTransferTest","mutasiSpecialTransferBalanceSupervisor"
"List Company Backoffice","7328","getListCompany","Surefire suite","Thu Sep 03 12:12:29 UTC 2026","passed","Thu Sep 03 12:12:36 UTC 2026","testcases.backoffice.ListCompanyTest","Surefire test","testcases.backoffice.ListCompanyTest","getListCompany"
"Normal Transfer USDT Supervisor Success","20611","usdtTransferSupervisor","Surefire suite","Thu Sep 03 11:06:06 UTC 2026","failed","Thu Sep 03 11:06:27 UTC 2026","testcases.transfer.TransferUSDTTest","Surefire test","testcases.transfer.TransferUSDTTest","usdtTransferSupervisor"
"Get List Google Authenticator Dengan Body Kosong ({})","4832","listOtpGoogleWithEmptyBody","Surefire suite","Thu Sep 03 12:53:42 UTC 2026","passed","Thu Sep 03 12:53:47 UTC 2026","testcases.backoffice.googleauth.ListOtpGoogleTest","Surefire test","testcases.backoffice.googleauth.ListOtpGoogleTest","listOtpGoogleWithEmptyBody"
"Transfer with Wrong Pin","20370","transferWrongPin","Surefire suite","Thu Sep 03 11:03:37 UTC 2026","passed","Thu Sep 03 11:03:57 UTC 2026","testcases.transfer.TransferUSDTTest","Surefire test","testcases.transfer.TransferUSDTTest","transferWrongPin"
"Delete Manage Settlement BO Tanpa Header id","8971","deleteManageSettlementWithoutIdHeader","Surefire suite","Thu Sep 03 12:39:05 UTC 2026","passed","Thu Sep 03 12:39:14 UTC 2026","testcases.backoffice.settlement.DeleteManageSettlementTest","Surefire test","testcases.backoffice.settlement.DeleteManageSettlementTest","deleteManageSettlementWithoutIdHeader"
"Delete Google Authenticator Dengan id Berisi Spasi","4975","deleteOtpGoogleWithWhitespaceId","Surefire suite","Thu Sep 03 13:07:31 UTC 2026","passed","Thu Sep 03 13:07:36 UTC 2026","testcases.backoffice.googleauth.DeleteOtpGoogleTest","Surefire test","testcases.backoffice.googleauth.DeleteOtpGoogleTest","deleteOtpGoogleWithWhitespaceId"
"Transfer Different Partner Reference, USDT Transfer to Transfer","20233","trfPartnerRefUSDTFailed","Surefire suite","Thu Sep 03 10:55:49 UTC 2026","passed","Thu Sep 03 10:56:09 UTC 2026","testcases.transfer.SpecialTransferTest","Surefire test","testcases.transfer.SpecialTransferTest","trfPartnerRefUSDTFailed"
"Test Approved USDT Tanpa URL","21210","approvedUSDTwithoutURL","Surefire suite","Thu Sep 03 11:24:52 UTC 2026","failed","Thu Sep 03 11:25:13 UTC 2026","testcases.backoffice.ApprovalTransferTest","Surefire test","testcases.backoffice.ApprovalTransferTest","approvedUSDTwithoutURL"
"Get Notification Sender Tanpa Body Sama Sekali","4385","getNotificationSenderWithoutBody","Surefire suite","Thu Sep 03 12:50:30 UTC 2026","passed","Thu Sep 03 12:50:35 UTC 2026","testcases.backoffice.notifsender.NotificationSenderTest","Surefire test","testcases.backoffice.notifsender.NotificationSenderTest","getNotificationSenderWithoutBody"
"Get List Google Authenticator Menggunakan Login Merchant","5065","listOtpGoogleWithMerchantLogin","Surefire suite","Thu Sep 03 12:55:01 UTC 2026","passed","Thu Sep 03 12:55:06 UTC 2026","testcases.backoffice.googleauth.ListOtpGoogleTest","Surefire test","testcases.backoffice.googleauth.ListOtpGoogleTest","listOtpGoogleWithMerchantLogin"
"List Waiting Company Backoffice Menggunakan Login Admin Crypto","4670","listWaitingCompanyWithAdminCryptoLogin","Surefire suite","Thu Sep 03 12:16:30 UTC 2026","passed","Thu Sep 03 12:16:34 UTC 2026","testcases.backoffice.ListWaitingCompanyTest","Surefire test","testcases.backoffice.ListWaitingCompanyTest","listWaitingCompanyWithAdminCryptoLogin"
"Get List Google Authenticator Dengan Body JSON Tidak Valid (Malformed)","4788","listOtpGoogleWithMalformedJson","Surefire suite","Thu Sep 03 12:54:38 UTC 2026","passed","Thu Sep 03 12:54:43 UTC 2026","testcases.backoffice.googleauth.ListOtpGoogleTest","Surefire test","testcases.backoffice.googleauth.ListOtpGoogleTest","listOtpGoogleWithMalformedJson"
"Transfer Different Parner Reference Supervisor, USDT Transfer to Transfer","20149","trfPartnerRefUSDTSpvFailed","Surefire suite","Thu Sep 03 10:51:23 UTC 2026","passed","Thu Sep 03 10:51:43 UTC 2026","testcases.transfer.TransferTest","Surefire test","testcases.transfer.TransferTest","trfPartnerRefUSDTSpvFailed"
"List Refund Dengan Karakter SQL Injection pada Field Param - Menemukan Bug Internal Server Error","4622","listRefundWithSqlInjectionParam","Surefire suite","Thu Sep 03 12:02:56 UTC 2026","passed","Thu Sep 03 12:03:01 UTC 2026","testcases.backoffice.ListRefundTest","Surefire test","testcases.backoffice.ListRefundTest","listRefundWithSqlInjectionParam"
"Generate QR Success with Fee Admin","31966","generateQRBalanceFeeAdmin","Surefire suite","Thu Sep 03 11:10:26 UTC 2026","passed","Thu Sep 03 11:10:58 UTC 2026","testcases.QR.GenerateQRPaidTest","Surefire test","testcases.QR.GenerateQRPaidTest","generateQRBalanceFeeAdmin"
"Get Group Backoffice Menggunakan Login Merchant","4471","getGroupWithMerchantLogin","Surefire suite","Thu Sep 03 11:18:00 UTC 2026","passed","Thu Sep 03 11:18:05 UTC 2026","testcases.backoffice.GetDashboardTest","Surefire test","testcases.backoffice.GetDashboardTest","getGroupWithMerchantLogin"
"Mutasi Transfer CS","11315","mutasiTransferCS","Surefire suite","Thu Sep 03 11:42:12 UTC 2026","passed","Thu Sep 03 11:42:24 UTC 2026","testcases.mutasi.MutasiTransferTest","Surefire test","testcases.mutasi.MutasiTransferTest","mutasiTransferCS"
"Mutasi Transaction Admin","7840","mutasiAdmin","Surefire suite","Thu Sep 03 11:33:16 UTC 2026","passed","Thu Sep 03 11:33:24 UTC 2026","testcases.mutasi.MutasiTransferTest","Surefire test","testcases.mutasi.MutasiTransferTest","mutasiAdmin"
"Get Balance Merchant with Login Supervisor","4677","getBalanceMerchantLoginSupervisor","Surefire suite","Thu Sep 03 11:13:49 UTC 2026","passed","Thu Sep 03 11:13:53 UTC 2026","testcases.balance.GetBalanceQrisTest","Surefire test","testcases.balance.GetBalanceQrisTest","getBalanceMerchantLoginSupervisor"
"Inquiry Test Transfer Admin Crypto","5082","inquiryTransferAdminCrypto","Surefire suite","Thu Sep 03 10:47:00 UTC 2026","passed","Thu Sep 03 10:47:05 UTC 2026","testcases.transfer.InquiryTransferTest","Surefire test","testcases.transfer.InquiryTransferTest","inquiryTransferAdminCrypto"
"Delete Google Authenticator Menggunakan HTTP Method DELETE","4811","deleteOtpGoogleWithDeleteMethod","Surefire suite","Thu Sep 03 13:05:35 UTC 2026","passed","Thu Sep 03 13:05:40 UTC 2026","testcases.backoffice.googleauth.DeleteOtpGoogleTest","Surefire test","testcases.backoffice.googleauth.DeleteOtpGoogleTest","deleteOtpGoogleWithDeleteMethod"
"Get History Transfer Test","8366","historyTransferTest","Surefire suite","Thu Sep 03 10:40:13 UTC 2026","passed","Thu Sep 03 10:40:21 UTC 2026","testcases.history.HistoryTransferTest","Surefire test","testcases.history.HistoryTransferTest","historyTransferTest"
"Reset Password Supervisor","4475","resetPasswordSupervisor","Surefire suite","Thu Sep 03 13:11:19 UTC 2026","passed","Thu Sep 03 13:11:23 UTC 2026","testcases.settings.ResetPasswordTest","Surefire test","testcases.settings.ResetPasswordTest","resetPasswordSupervisor"
"","7146","listCashDeposit","Surefire suite","Thu Sep 03 11:29:28 UTC 2026","passed","Thu Sep 03 11:29:36 UTC 2026","testcases.backoffice.ListTransferTest","Surefire test","testcases.backoffice.ListTransferTest","listCashDeposit"
"Get Detail Waiting Company Backoffice Menggunakan Login Admin Crypto","4595","getDetailWaitingCompanyWithAdminCryptoLogin","Surefire suite","Thu Sep 03 12:20:23 UTC 2026","passed","Thu Sep 03 12:20:27 UTC 2026","testcases.backoffice.GetDetailWaitingCompanyTest","Surefire test","testcases.backoffice.GetDetailWaitingCompanyTest","getDetailWaitingCompanyWithAdminCryptoLogin"
"Delete Manage Settlement BO Dengan id Berisi Payload XSS","4410","deleteManageSettlementWithXssId","Surefire suite","Thu Sep 03 12:38:53 UTC 2026","passed","Thu Sep 03 12:38:57 UTC 2026","testcases.backoffice.settlement.DeleteManageSettlementTest","Surefire test","testcases.backoffice.settlement.DeleteManageSettlementTest","deleteManageSettlementWithXssId"
"Generate QR Success paid","6240","paidQR","Surefire suite","Thu Sep 03 11:11:47 UTC 2026","passed","Thu Sep 03 11:11:53 UTC 2026","testcases.QR.GenerateQRPaidTest","Surefire test","testcases.QR.GenerateQRPaidTest","paidQR"
"Get Group User Backoffice","4504","getGroupSuperBO","Surefire suite","Thu Sep 03 11:17:41 UTC 2026","passed","Thu Sep 03 11:17:45 UTC 2026","testcases.backoffice.GetDashboardTest","Surefire test","testcases.backoffice.GetDashboardTest","getGroupSuperBO"
"Delete Google Authenticator Menggunakan HTTP Method PATCH","4367","deleteOtpGoogleWithPatchMethod","Surefire suite","Thu Sep 03 13:06:53 UTC 2026","passed","Thu Sep 03 13:06:57 UTC 2026","testcases.backoffice.googleauth.DeleteOtpGoogleTest","Surefire test","testcases.backoffice.googleauth.DeleteOtpGoogleTest","deleteOtpGoogleWithPatchMethod"
"Mutasi USDT Transfer Supervisor","20393","mutasiUSDTTransferSupervisor","Surefire suite","Thu Sep 03 11:45:30 UTC 2026","failed","Thu Sep 03 11:45:50 UTC 2026","testcases.mutasi.MutasiTransferTest","Surefire test","testcases.mutasi.MutasiTransferTest","mutasiUSDTTransferSupervisor"
"Request Refund Manual Transfer Merchant","7876","refundManualTransferMerchant","Surefire suite","Thu Sep 03 11:58:52 UTC 2026","passed","Thu Sep 03 11:59:00 UTC 2026","testcases.transfer.RefundTransferTest","Surefire test","testcases.transfer.RefundTransferTest","refundManualTransferMerchant"
"Delete Manage Settlement BO","10890","deleteManageSettlementBO","Surefire suite","Thu Sep 03 12:35:50 UTC 2026","passed","Thu Sep 03 12:36:01 UTC 2026","testcases.backoffice.settlement.DeleteManageSettlementTest","Surefire test","testcases.backoffice.settlement.DeleteManageSettlementTest","deleteManageSettlementBO"
"Get List Group Company BO Tanpa Header groupName","4422","getListGroupCompanyWithoutGroupNameHeader","Surefire suite","Thu Sep 03 12:44:03 UTC 2026","passed","Thu Sep 03 12:44:08 UTC 2026","testcases.backoffice.settlement.GetListGroupCompanyTest","Surefire test","testcases.backoffice.settlement.GetListGroupCompanyTest","getListGroupCompanyWithoutGroupNameHeader"
"Test Get Report Transfer Merchant","10784","getReportTransferAdmin","Surefire suite","Thu Sep 03 11:48:12 UTC 2026","passed","Thu Sep 03 11:48:22 UTC 2026","testcases.report.ReportTransactionTest","Surefire test","testcases.report.ReportTransactionTest","getReportTransferAdmin"
"Normal Manual Transfer Success Admin Crypto","9044","manualTransferAdminCrypto","Surefire suite","Thu Sep 03 10:58:02 UTC 2026","passed","Thu Sep 03 10:58:11 UTC 2026","testcases.transfer.ManualTransferTest","Surefire test","testcases.transfer.ManualTransferTest","manualTransferAdminCrypto"
"List Waiting Company Backoffice Tanpa Body Sama Sekali","4423","listWaitingCompanyWithoutBody","Surefire suite","Thu Sep 03 12:18:36 UTC 2026","passed","Thu Sep 03 12:18:41 UTC 2026","testcases.backoffice.ListWaitingCompanyTest","Surefire test","testcases.backoffice.ListWaitingCompanyTest","listWaitingCompanyWithoutBody"
"Get Notification Sender Menggunakan Login Merchant","4478","getNotificationSenderWithMerchantLogin","Surefire suite","Thu Sep 03 12:48:39 UTC 2026","passed","Thu Sep 03 12:48:43 UTC 2026","testcases.backoffice.notifsender.NotificationSenderTest","Surefire test","testcases.backoffice.notifsender.NotificationSenderTest","getNotificationSenderWithMerchantLogin"
"Get List Group Company BO Dengan Token Kadaluarsa","1455","getListGroupCompanyWithExpiredToken","Surefire suite","Thu Sep 03 12:42:08 UTC 2026","broken","Thu Sep 03 12:42:10 UTC 2026","testcases.backoffice.settlement.GetListGroupCompanyTest","Surefire test","testcases.backoffice.settlement.GetListGroupCompanyTest","getListGroupCompanyWithExpiredToken"
"Login Merchant dengan Password Kosong","2973","testLoginEmptyPassword","Surefire suite","Thu Sep 03 10:28:45 UTC 2026","passed","Thu Sep 03 10:28:48 UTC 2026","testcases.auth.LoginTest","Surefire test","testcases.auth.LoginTest","testLoginEmptyPassword"
"Inquiry Test USDT Transfer Admin Crypto","4793","inquiryUSDTAdminCrypto","Surefire suite","Thu Sep 03 11:01:35 UTC 2026","passed","Thu Sep 03 11:01:40 UTC 2026","testcases.transfer.InquiryUSDTTest","Surefire test","testcases.transfer.InquiryUSDTTest","inquiryUSDTAdminCrypto"
"Get History Special Transfer Supervisor on Login CS Admin","10886","historySpecialTransferSupervisorTestCSAdmin","Surefire suite","Thu Sep 03 10:38:14 UTC 2026","passed","Thu Sep 03 10:38:25 UTC 2026","testcases.history.HistoryTransferTest","Surefire test","testcases.history.HistoryTransferTest","historySpecialTransferSupervisorTestCSAdmin"
"Get Group Detail Backoffice Tanpa Login/Header Auth","1497","getGroupDetailWithoutAuth","Surefire suite","Thu Sep 03 12:11:07 UTC 2026","passed","Thu Sep 03 12:11:09 UTC 2026","testcases.backoffice.GetGroupTest","Surefire test","testcases.backoffice.GetGroupTest","getGroupDetailWithoutAuth"
"List Manage Settlement Backoffice","7200","listManageSettlementTest","Surefire suite","Thu Sep 03 12:24:13 UTC 2026","passed","Thu Sep 03 12:24:20 UTC 2026","testcases.backoffice.settlement.ManageSettlementTest","Surefire test","testcases.backoffice.settlement.ManageSettlementTest","listManageSettlementTest"
"List Waiting Company Backoffice Dengan Body Kosong ({})","4629","listWaitingCompanyWithEmptyBody","Surefire suite","Thu Sep 03 12:16:52 UTC 2026","passed","Thu Sep 03 12:16:57 UTC 2026","testcases.backoffice.ListWaitingCompanyTest","Surefire test","testcases.backoffice.ListWaitingCompanyTest","listWaitingCompanyWithEmptyBody"
"List Manage Settlement Backoffice Menggunakan HTTP Method GET","4791","listManageSettlementWithGetMethod","Surefire suite","Thu Sep 03 12:25:21 UTC 2026","passed","Thu Sep 03 12:25:26 UTC 2026","testcases.backoffice.settlement.ManageSettlementTest","Surefire test","testcases.backoffice.settlement.ManageSettlementTest","listManageSettlementWithGetMethod"
"Resend Google Authenticator Ke Path yang Tidak Ada (Typo)","4790","resendOtpGoogleWithWrongPath","Surefire suite","Thu Sep 03 13:02:24 UTC 2026","passed","Thu Sep 03 13:02:29 UTC 2026","testcases.backoffice.googleauth.ResendOtpGoogleTest","Surefire test","testcases.backoffice.googleauth.ResendOtpGoogleTest","resendOtpGoogleWithWrongPath"
"Success Login CS Admin","3077","testLoginCSAdmin","Surefire suite","Thu Sep 03 10:28:39 UTC 2026","passed","Thu Sep 03 10:28:42 UTC 2026","testcases.auth.LoginTest","Surefire test","testcases.auth.LoginTest","testLoginCSAdmin"
"Get History Special Transfer Test Admin Crypto","7904","historySpecialTransferTestAdminCrypto","Surefire suite","Thu Sep 03 10:38:53 UTC 2026","passed","Thu Sep 03 10:39:01 UTC 2026","testcases.history.HistoryTransferTest","Surefire test","testcases.history.HistoryTransferTest","historySpecialTransferTestAdminCrypto"
"Resend Google Authenticator Menggunakan Login Supervisor","4983","resendOtpGoogleWithSupervisorLogin","Surefire suite","Thu Sep 03 13:01:59 UTC 2026","passed","Thu Sep 03 13:02:04 UTC 2026","testcases.backoffice.googleauth.ResendOtpGoogleTest","Surefire test","testcases.backoffice.googleauth.ResendOtpGoogleTest","resendOtpGoogleWithSupervisorLogin"
"Mutasi Manual Transfer Balance CS","31698","mutasiManualTransferBalanceCS","Surefire suite","Thu Sep 03 11:34:44 UTC 2026","passed","Thu Sep 03 11:35:16 UTC 2026","testcases.mutasi.MutasiTransferTest","Surefire test","testcases.mutasi.MutasiTransferTest","mutasiManualTransferBalanceCS"
"Test Rejected Manual Transfer Supervisor","19618","rejectedCashDepositSupervisor","Surefire suite","Thu Sep 03 11:25:36 UTC 2026","passed","Thu Sep 03 11:25:56 UTC 2026","testcases.backoffice.ApprovalTransferTest","Surefire test","testcases.backoffice.ApprovalTransferTest","rejectedCashDepositSupervisor"
"Get Detail Waiting Company Backoffice Dengan Path Traversal pada Id","4917","getDetailWaitingCompanyWithPathTraversalId","Surefire suite","Thu Sep 03 12:21:52 UTC 2026","passed","Thu Sep 03 12:21:57 UTC 2026","testcases.backoffice.GetDetailWaitingCompanyTest","Surefire test","testcases.backoffice.GetDetailWaitingCompanyTest","getDetailWaitingCompanyWithPathTraversalId"
"Inquiry Test Transfer Merchant Supervisor","4960","inquiryTransferSupervisor","Surefire suite","Thu Sep 03 10:47:08 UTC 2026","passed","Thu Sep 03 10:47:13 UTC 2026","testcases.transfer.InquiryTransferTest","Surefire test","testcases.transfer.InquiryTransferTest","inquiryTransferSupervisor"
"Get List Google Authenticator Dengan Header Authorization Tanpa Skema Bearer","1421","listOtpGoogleWithMalformedAuthorizationHeader","Surefire suite","Thu Sep 03 12:54:34 UTC 2026","passed","Thu Sep 03 12:54:35 UTC 2026","testcases.backoffice.googleauth.ListOtpGoogleTest","Surefire test","testcases.backoffice.googleauth.ListOtpGoogleTest","listOtpGoogleWithMalformedAuthorizationHeader"
"Transfer Success with before and after Balanced","10370","transferBalance","Surefire suite","Thu Sep 03 10:48:23 UTC 2026","passed","Thu Sep 03 10:48:34 UTC 2026","testcases.transfer.TransferTest","Surefire test","testcases.transfer.TransferTest","transferBalance"
"","4940","generateQRCode","Surefire suite","Thu Sep 03 10:45:30 UTC 2026","passed","Thu Sep 03 10:45:34 UTC 2026","testcases.QR.GenerateQRTest","Surefire test","testcases.QR.GenerateQRTest","generateQRCode"
"Resend Google Authenticator Dengan email Berisi Payload XSS","4547","resendOtpGoogleWithXssEmail","Surefire suite","Thu Sep 03 13:02:32 UTC 2026","passed","Thu Sep 03 13:02:37 UTC 2026","testcases.backoffice.googleauth.ResendOtpGoogleTest","Surefire test","testcases.backoffice.googleauth.ResendOtpGoogleTest","resendOtpGoogleWithXssEmail"
"Reset Pin Group","4754","resetPinGroup","Surefire suite","Thu Sep 03 13:14:14 UTC 2026","passed","Thu Sep 03 13:14:19 UTC 2026","testcases.settings.ResetPinTest","Surefire test","testcases.settings.ResetPinTest","resetPinGroup"
"Reset Pin Customer Service","4742","resetPinCS","Surefire suite","Thu Sep 03 13:13:58 UTC 2026","passed","Thu Sep 03 13:14:03 UTC 2026","testcases.settings.ResetPinTest","Surefire test","testcases.settings.ResetPinTest","resetPinCS"
"Test Get Report Transaction Merchant","4644","getReportTransactionMerchant","Surefire suite","Thu Sep 03 11:47:57 UTC 2026","passed","Thu Sep 03 11:48:01 UTC 2026","testcases.report.ReportTransactionTest","Surefire test","testcases.report.ReportTransactionTest","getReportTransactionMerchant"
"Get List Google Authenticator Menggunakan HTTP Method PUT","4762","listOtpGoogleWithPutMethod","Surefire suite","Thu Sep 03 12:55:33 UTC 2026","passed","Thu Sep 03 12:55:38 UTC 2026","testcases.backoffice.googleauth.ListOtpGoogleTest","Surefire test","testcases.backoffice.googleauth.ListOtpGoogleTest","listOtpGoogleWithPutMethod"
"Create Manage Settlement BO Dengan Header Authorization Tanpa Skema Bearer","1429","addManageSettlementWithMalformedAuthorizationHeader","Surefire suite","Thu Sep 03 12:31:33 UTC 2026","passed","Thu Sep 03 12:31:34 UTC 2026","testcases.backoffice.settlement.AddManageSettlementTest","Surefire test","testcases.backoffice.settlement.AddManageSettlementTest","addManageSettlementWithMalformedAuthorizationHeader"
"Reset Password Admin","7350","resetPasswordAdmin","Surefire suite","Thu Sep 03 13:10:13 UTC 2026","passed","Thu Sep 03 13:10:20 UTC 2026","testcases.settings.ResetPasswordTest","Surefire test","testcases.settings.ResetPasswordTest","resetPasswordAdmin"
"Normal Flop Transfer Balance Admin Crypto Success","10064","flopTransferBalanceAdminCrypto","Surefire suite","Thu Sep 03 11:09:03 UTC 2026","passed","Thu Sep 03 11:09:13 UTC 2026","testcases.transfer.TransferFlopTest","Surefire test","testcases.transfer.TransferFlopTest","flopTransferBalanceAdminCrypto"
"Normal Manual Transfer Balance Success","9667","manualTransferBalanceAdminCrypto","Surefire suite","Thu Sep 03 10:58:14 UTC 2026","passed","Thu Sep 03 10:58:24 UTC 2026","testcases.transfer.ManualTransferTest","Surefire test","testcases.transfer.ManualTransferTest","manualTransferBalanceAdminCrypto"
"Normal Transfer Success","6937","transferAdminCrypto","Surefire suite","Thu Sep 03 10:48:14 UTC 2026","passed","Thu Sep 03 10:48:20 UTC 2026","testcases.transfer.TransferTest","Surefire test","testcases.transfer.TransferTest","transferAdminCrypto"
"Get List Google Authenticator","7891","getListOtpGoogle","Surefire suite","Thu Sep 03 12:52:42 UTC 2026","passed","Thu Sep 03 12:52:50 UTC 2026","testcases.backoffice.googleauth.ListOtpGoogleTest","Surefire test","testcases.backoffice.googleauth.ListOtpGoogleTest","getListOtpGoogle"
"Delete Google Authenticator Menggunakan Login Customer Service","4827","deleteOtpGoogleWithCSLogin","Surefire suite","Thu Sep 03 13:05:27 UTC 2026","passed","Thu Sep 03 13:05:32 UTC 2026","testcases.backoffice.googleauth.DeleteOtpGoogleTest","Surefire test","testcases.backoffice.googleauth.DeleteOtpGoogleTest","deleteOtpGoogleWithCSLogin"
"Resend Google Authenticator Menggunakan HTTP Method PATCH","5551","resendOtpGoogleWithPatchMethod","Surefire suite","Thu Sep 03 13:01:34 UTC 2026","passed","Thu Sep 03 13:01:40 UTC 2026","testcases.backoffice.googleauth.ResendOtpGoogleTest","Surefire test","testcases.backoffice.googleauth.ResendOtpGoogleTest","resendOtpGoogleWithPatchMethod"
"List Manage Settlement Backoffice Tanpa Login/Header Auth","1520","listManageSettlementWithoutAuth","Surefire suite","Thu Sep 03 12:27:46 UTC 2026","passed","Thu Sep 03 12:27:47 UTC 2026","testcases.backoffice.settlement.ManageSettlementTest","Surefire test","testcases.backoffice.settlement.ManageSettlementTest","listManageSettlementWithoutAuth"
"List User Backoffice Menggunakan Login Merchant","4475","listUsersWithMerchantLogin","Surefire suite","Thu Sep 03 12:06:28 UTC 2026","passed","Thu Sep 03 12:06:33 UTC 2026","testcases.backoffice.ListUsersTest","Surefire test","testcases.backoffice.ListUsersTest","listUsersWithMerchantLogin"
"Normal Special Transfer Success Admin Crypto","9372","specialTransferAdminCrypto","Surefire suite","Thu Sep 03 10:53:43 UTC 2026","passed","Thu Sep 03 10:53:53 UTC 2026","testcases.transfer.SpecialTransferTest","Surefire test","testcases.transfer.SpecialTransferTest","specialTransferAdminCrypto"
"Test Approve Manual Transfer dengan check Fee di Admin Crypto dan Admin Fee","41345","approvedCashDepositBalance","Surefire suite","Thu Sep 03 11:20:04 UTC 2026","passed","Thu Sep 03 11:20:45 UTC 2026","testcases.backoffice.ApprovalTransferTest","Surefire test","testcases.backoffice.ApprovalTransferTest","approvedCashDepositBalance"
"Resend Google Authenticator Dengan Body Kosong ({}) - Tanpa email","4738","resendOtpGoogleWithEmptyBody","Surefire suite","Thu Sep 03 12:59:38 UTC 2026","passed","Thu Sep 03 12:59:43 UTC 2026","testcases.backoffice.googleauth.ResendOtpGoogleTest","Surefire test","testcases.backoffice.googleauth.ResendOtpGoogleTest","resendOtpGoogleWithEmptyBody"
"Delete Manage Settlement BO Menggunakan Login Admin Crypto","4747","deleteManageSettlementWithAdminCryptoLogin","Surefire suite","Thu Sep 03 12:36:04 UTC 2026","passed","Thu Sep 03 12:36:09 UTC 2026","testcases.backoffice.settlement.DeleteManageSettlementTest","Surefire test","testcases.backoffice.settlement.DeleteManageSettlementTest","deleteManageSettlementWithAdminCryptoLogin"
"Login Merchant dengan Captcha yang Dipakai Ulang","4369","testLoginReusedCaptcha","Surefire suite","Thu Sep 03 10:29:33 UTC 2026","passed","Thu Sep 03 10:29:37 UTC 2026","testcases.auth.LoginTest","Surefire test","testcases.auth.LoginTest","testLoginReusedCaptcha"
"Get Notification Sender Dengan Header Authorization Tanpa Skema Bearer","1492","getNotificationSenderWithMalformedAuthorizationHeader","Surefire suite","Thu Sep 03 12:48:11 UTC 2026","passed","Thu Sep 03 12:48:13 UTC 2026","testcases.backoffice.notifsender.NotificationSenderTest","Surefire test","testcases.backoffice.notifsender.NotificationSenderTest","getNotificationSenderWithMalformedAuthorizationHeader"
"Resend Google Authenticator Dengan Token Tidak Valid","1534","resendOtpGoogleWithInvalidToken","Surefire suite","Thu Sep 03 13:00:09 UTC 2026","passed","Thu Sep 03 13:00:11 UTC 2026","testcases.backoffice.googleauth.ResendOtpGoogleTest","Surefire test","testcases.backoffice.googleauth.ResendOtpGoogleTest","resendOtpGoogleWithInvalidToken"
"Get History USDT Transfer Test Supervisor","20668","historyUSDTTransferTestSupervisor","Surefire suite","Thu Sep 03 10:44:00 UTC 2026","failed","Thu Sep 03 10:44:20 UTC 2026","testcases.history.HistoryTransferTest","Surefire test","testcases.history.HistoryTransferTest","historyUSDTTransferTestSupervisor"
"List Waiting Company Backoffice Menggunakan Login CS Admin","4575","listWaitingCompanyWithCSAdminLogin","Surefire suite","Thu Sep 03 12:16:45 UTC 2026","passed","Thu Sep 03 12:16:49 UTC 2026","testcases.backoffice.ListWaitingCompanyTest","Surefire test","testcases.backoffice.ListWaitingCompanyTest","listWaitingCompanyWithCSAdminLogin"
"Reset Pin Supervisor","5423","resetPinSupervisor","Surefire suite","Thu Sep 03 13:14:37 UTC 2026","passed","Thu Sep 03 13:14:42 UTC 2026","testcases.settings.ResetPinTest","Surefire test","testcases.settings.ResetPinTest","resetPinSupervisor"
"Get Dashboard Backoffice Tanpa Login/Header Auth","1569","getDashboardWithoutAuth","Surefire suite","Thu Sep 03 11:17:36 UTC 2026","passed","Thu Sep 03 11:17:38 UTC 2026","testcases.backoffice.GetDashboardTest","Surefire test","testcases.backoffice.GetDashboardTest","getDashboardWithoutAuth"
"Get Balance Merchant with Login Marketing","4610","getFailedBalanceMerchantLoginMarketing","Surefire suite","Thu Sep 03 11:14:11 UTC 2026","passed","Thu Sep 03 11:14:16 UTC 2026","testcases.balance.GetBalanceQrisTest","Surefire test","testcases.balance.GetBalanceQrisTest","getFailedBalanceMerchantLoginMarketing"
"Delete session Merchant on Backoffice","4824","deleteSessionBackoffice","Surefire suite","Thu Sep 03 11:52:19 UTC 2026","passed","Thu Sep 03 11:52:24 UTC 2026","testcases.backoffice.EditUserTest","Surefire test","testcases.backoffice.EditUserTest","deleteSessionBackoffice"
"Delete Google Authenticator Menggunakan Login Marketing","5040","deleteOtpGoogleWithMarketingLogin","Surefire suite","Thu Sep 03 13:06:21 UTC 2026","passed","Thu Sep 03 13:06:26 UTC 2026","testcases.backoffice.googleauth.DeleteOtpGoogleTest","Surefire test","testcases.backoffice.googleauth.DeleteOtpGoogleTest","deleteOtpGoogleWithMarketingLogin"
"Mutasi Transfer Supervisor Balance","9833","mutasiTransferSupervisorBalance","Surefire suite","Thu Sep 03 11:42:38 UTC 2026","passed","Thu Sep 03 11:42:48 UTC 2026","testcases.mutasi.MutasiTransferTest","Surefire test","testcases.mutasi.MutasiTransferTest","mutasiTransferSupervisorBalance"
"Get List Google Authenticator Tanpa Login/Header Auth","1459","listOtpGoogleWithoutAuth","Surefire suite","Thu Sep 03 12:56:24 UTC 2026","passed","Thu Sep 03 12:56:25 UTC 2026","testcases.backoffice.googleauth.ListOtpGoogleTest","Surefire test","testcases.backoffice.googleauth.ListOtpGoogleTest","listOtpGoogleWithoutAuth"
"List Manage Settlement Backoffice Dengan Body JSON Tidak Valid (Malformed)","4511","listManageSettlementWithMalformedJson","Surefire suite","Thu Sep 03 12:26:00 UTC 2026","passed","Thu Sep 03 12:26:05 UTC 2026","testcases.backoffice.settlement.ManageSettlementTest","Surefire test","testcases.backoffice.settlement.ManageSettlementTest","listManageSettlementWithMalformedJson"
"Get Dashboard Backoffice Menggunakan Login Admin Crypto","4796","getDashboardWithAdminCryptoLogin","Surefire suite","Thu Sep 03 11:16:38 UTC 2026","passed","Thu Sep 03 11:16:43 UTC 2026","testcases.backoffice.GetDashboardTest","Surefire test","testcases.backoffice.GetDashboardTest","getDashboardWithAdminCryptoLogin"
"List Company Backoffice Dengan Tipe Data Salah pada Field Limit (String, Bukan Integer)","4437","listCompanyWithInvalidFieldType","Surefire suite","Thu Sep 03 12:13:26 UTC 2026","passed","Thu Sep 03 12:13:31 UTC 2026","testcases.backoffice.ListCompanyTest","Surefire test","testcases.backoffice.ListCompanyTest","listCompanyWithInvalidFieldType"
"Get List Google Authenticator Dengan Token Backoffice Valid Tapi Tanpa Header pbyv","4946","listOtpGoogleWithoutPbyvHeader","Surefire suite","Thu Sep 03 12:56:36 UTC 2026","passed","Thu Sep 03 12:56:41 UTC 2026","testcases.backoffice.googleauth.ListOtpGoogleTest","Surefire test","testcases.backoffice.googleauth.ListOtpGoogleTest","listOtpGoogleWithoutPbyvHeader"
"Login Backoffice dengan Captcha Salah","2854","testLoginBackofficeWrongCaptcha","Surefire suite","Thu Sep 03 10:28:20 UTC 2026","passed","Thu Sep 03 10:28:23 UTC 2026","testcases.auth.LoginTest","Surefire test","testcases.auth.LoginTest","testLoginBackofficeWrongCaptcha"
"Normal Manual Transfer Success with Account Supervisor","10776","manualTransferSupervisor","Surefire suite","Thu Sep 03 10:58:27 UTC 2026","passed","Thu Sep 03 10:58:38 UTC 2026","testcases.transfer.ManualTransferTest","Surefire test","testcases.transfer.ManualTransferTest","manualTransferSupervisor"
"List Waiting Company Backoffice Dengan Tipe Data Salah pada Field Limit (String, Bukan Integer)","4577","listWaitingCompanyWithInvalidFieldType","Surefire suite","Thu Sep 03 12:17:16 UTC 2026","passed","Thu Sep 03 12:17:20 UTC 2026","testcases.backoffice.ListWaitingCompanyTest","Surefire test","testcases.backoffice.ListWaitingCompanyTest","listWaitingCompanyWithInvalidFieldType"
"Get History QR CS","9436","historyQRTestCS","Surefire suite","Thu Sep 03 10:31:54 UTC 2026","passed","Thu Sep 03 10:32:03 UTC 2026","testcases.history.HistoryQRTest","Surefire test","testcases.history.HistoryQRTest","historyQRTestCS"
"Transfer Different Partner Reference, Transfer to Special Transfer","20858","trfPartnerRefTransferFailed","Surefire suite","Thu Sep 03 10:55:25 UTC 2026","passed","Thu Sep 03 10:55:46 UTC 2026","testcases.transfer.SpecialTransferTest","Surefire test","testcases.transfer.SpecialTransferTest","trfPartnerRefTransferFailed"
"Normal Flop Transfer Success","7113","transfer","Surefire suite","Thu Sep 03 11:09:26 UTC 2026","passed","Thu Sep 03 11:09:33 UTC 2026","testcases.transfer.TransferFlopTest","Surefire test","testcases.transfer.TransferFlopTest","transfer"
"Normal Transfer with Account Supervisor","6904","transferSupervisor","Surefire suite","Thu Sep 03 10:48:50 UTC 2026","passed","Thu Sep 03 10:48:57 UTC 2026","testcases.transfer.TransferTest","Surefire test","testcases.transfer.TransferTest","transferSupervisor"
"Success Login Customer Service","3132","testLoginCS","Surefire suite","Thu Sep 03 10:28:33 UTC 2026","passed","Thu Sep 03 10:28:36 UTC 2026","testcases.auth.LoginTest","Surefire test","testcases.auth.LoginTest","testLoginCS"
"List Waiting Company Backoffice Menggunakan Login Supervisor","4446","listWaitingCompanyWithSupervisorLogin","Surefire suite","Thu Sep 03 12:18:17 UTC 2026","passed","Thu Sep 03 12:18:21 UTC 2026","testcases.backoffice.ListWaitingCompanyTest","Surefire test","testcases.backoffice.ListWaitingCompanyTest","listWaitingCompanyWithSupervisorLogin"
"List User Backoffice Dengan Karakter SQL Injection pada Field Param - Menemukan Bug Gateway Timeout","4609","listUsersWithSqlInjectionParam","Surefire suite","Thu Sep 03 12:06:43 UTC 2026","passed","Thu Sep 03 12:06:48 UTC 2026","testcases.backoffice.ListUsersTest","Surefire test","testcases.backoffice.ListUsersTest","listUsersWithSqlInjectionParam"
"Success Assignment USDT","20084","assignUSDTTest","Surefire suite","Thu Sep 03 11:31:54 UTC 2026","failed","Thu Sep 03 11:32:14 UTC 2026","testcases.backoffice.TransferAssignmentTest","Surefire test","testcases.backoffice.TransferAssignmentTest","assignUSDTTest"
"Get History Special Transfer Test Admin","10964","historySpecialTransferTestAdmin","Surefire suite","Thu Sep 03 10:38:39 UTC 2026","passed","Thu Sep 03 10:38:50 UTC 2026","testcases.history.HistoryTransferTest","Surefire test","testcases.history.HistoryTransferTest","historySpecialTransferTestAdmin"
"Get List Group Company BO Dengan groupName Berisi Payload XSS","4522","getListGroupCompanyWithXssGroupName","Surefire suite","Thu Sep 03 12:43:51 UTC 2026","passed","Thu Sep 03 12:43:56 UTC 2026","testcases.backoffice.settlement.GetListGroupCompanyTest","Surefire test","testcases.backoffice.settlement.GetListGroupCompanyTest","getListGroupCompanyWithXssGroupName"
"List Company Backoffice Dengan Field Sort Merujuk ke Kolom yang Tidak Ada","4569","listCompanyWithInvalidSortField","Surefire suite","Thu Sep 03 12:13:34 UTC 2026","passed","Thu Sep 03 12:13:38 UTC 2026","testcases.backoffice.ListCompanyTest","Surefire test","testcases.backoffice.ListCompanyTest","listCompanyWithInvalidSortField"
"Resend Google Authenticator Menggunakan Login Marketing","9324","resendOtpGoogleWithMarketingLogin","Surefire suite","Thu Sep 03 13:00:34 UTC 2026","passed","Thu Sep 03 13:00:44 UTC 2026","testcases.backoffice.googleauth.ResendOtpGoogleTest","Surefire test","testcases.backoffice.googleauth.ResendOtpGoogleTest","resendOtpGoogleWithMarketingLogin"
"Request Refund Transfer Waiting Merchant","4673","refundTransferWaitingMerchant","Surefire suite","Thu Sep 03 11:59:41 UTC 2026","passed","Thu Sep 03 11:59:46 UTC 2026","testcases.transfer.RefundTransferTest","Surefire test","testcases.transfer.RefundTransferTest","refundTransferWaitingMerchant"
"Get List Google Authenticator Menggunakan HTTP Method PATCH","4817","listOtpGoogleWithPatchMethod","Surefire suite","Thu Sep 03 12:55:25 UTC 2026","passed","Thu Sep 03 12:55:30 UTC 2026","testcases.backoffice.googleauth.ListOtpGoogleTest","Surefire test","testcases.backoffice.googleauth.ListOtpGoogleTest","listOtpGoogleWithPatchMethod"
"Test Get Report Transaction Supervisor","4496","getReportTransactionSupervisor","Surefire suite","Thu Sep 03 11:48:04 UTC 2026","passed","Thu Sep 03 11:48:09 UTC 2026","testcases.report.ReportTransactionTest","Surefire test","testcases.report.ReportTransactionTest","getReportTransactionSupervisor"
"Get Notification Sender Dengan Ukuran Halaman Sangat Besar","13635","getNotificationSenderWithHugeSize","Surefire suite","Thu Sep 03 12:47:34 UTC 2026","passed","Thu Sep 03 12:47:48 UTC 2026","testcases.backoffice.notifsender.NotificationSenderTest","Surefire test","testcases.backoffice.notifsender.NotificationSenderTest","getNotificationSenderWithHugeSize"
"Delete Google Authenticator","5830","deleteOtpGoogleBO","Surefire suite","Thu Sep 03 13:04:55 UTC 2026","passed","Thu Sep 03 13:05:01 UTC 2026","testcases.backoffice.googleauth.DeleteOtpGoogleTest","Surefire test","testcases.backoffice.googleauth.DeleteOtpGoogleTest","deleteOtpGoogleBO"
"Get List Group Company BO Dengan groupName Tidak Terdaftar","4471","getListGroupCompanyWithNonExistentGroupName","Surefire suite","Thu Sep 03 12:42:44 UTC 2026","passed","Thu Sep 03 12:42:49 UTC 2026","testcases.backoffice.settlement.GetListGroupCompanyTest","Surefire test","testcases.backoffice.settlement.GetListGroupCompanyTest","getListGroupCompanyWithNonExistentGroupName"
"List Waiting Company Backoffice Menggunakan Login Marketing","4463","listWaitingCompanyWithMarketingLogin","Surefire suite","Thu Sep 03 12:17:47 UTC 2026","passed","Thu Sep 03 12:17:52 UTC 2026","testcases.backoffice.ListWaitingCompanyTest","Surefire test","testcases.backoffice.ListWaitingCompanyTest","listWaitingCompanyWithMarketingLogin"
"Normal Manual Transfer Success","9729","transfer","Surefire suite","Thu Sep 03 10:58:41 UTC 2026","passed","Thu Sep 03 10:58:50 UTC 2026","testcases.transfer.ManualTransferTest","Surefire test","testcases.transfer.ManualTransferTest","transfer"
"Get Notification Sender Menggunakan Login CS Admin","4578","getNotificationSenderWithCSAdminLogin","Surefire suite","Thu Sep 03 12:46:44 UTC 2026","passed","Thu Sep 03 12:46:49 UTC 2026","testcases.backoffice.notifsender.NotificationSenderTest","Surefire test","testcases.backoffice.notifsender.NotificationSenderTest","getNotificationSenderWithCSAdminLogin"
"Get Notification Sender Dengan Token Kadaluarsa","1462","getNotificationSenderWithExpiredToken","Surefire suite","Thu Sep 03 12:47:22 UTC 2026","passed","Thu Sep 03 12:47:24 UTC 2026","testcases.backoffice.notifsender.NotificationSenderTest","Surefire test","testcases.backoffice.notifsender.NotificationSenderTest","getNotificationSenderWithExpiredToken"
"Login Merchant tanpa Parameter Username","2906","testLoginMissingUsernameParam","Surefire suite","Thu Sep 03 10:29:21 UTC 2026","passed","Thu Sep 03 10:29:24 UTC 2026","testcases.auth.LoginTest","Surefire test","testcases.auth.LoginTest","testLoginMissingUsernameParam"
"Get Group Detail Backoffice Menggunakan Login Marketing","4523","getGroupDetailWithMarketingLogin","Surefire suite","Thu Sep 03 12:09:44 UTC 2026","passed","Thu Sep 03 12:09:48 UTC 2026","testcases.backoffice.GetGroupTest","Surefire test","testcases.backoffice.GetGroupTest","getGroupDetailWithMarketingLogin"
"Get Balance Merchant with Login Admin Crypto","4501","getFailedBalanceMerchantLoginAdminCrypto","Surefire suite","Thu Sep 03 11:14:04 UTC 2026","passed","Thu Sep 03 11:14:08 UTC 2026","testcases.balance.GetBalanceQrisTest","Surefire test","testcases.balance.GetBalanceQrisTest","getFailedBalanceMerchantLoginAdminCrypto"
"Mutasi Company Admin","7894","mutasiCompanyAdmin","Surefire suite","Thu Sep 03 11:33:27 UTC 2026","passed","Thu Sep 03 11:33:35 UTC 2026","testcases.mutasi.MutasiTransferTest","Surefire test","testcases.mutasi.MutasiTransferTest","mutasiCompanyAdmin"
"Get Group Detail Backoffice Dengan Group Id Milik Entitas Lain (User Id)","4498","getGroupDetailWithForeignEntityId","Surefire suite","Thu Sep 03 12:09:12 UTC 2026","passed","Thu Sep 03 12:09:17 UTC 2026","testcases.backoffice.GetGroupTest","Surefire test","testcases.backoffice.GetGroupTest","getGroupDetailWithForeignEntityId"
"Create Manage Settlement BO Menggunakan Login Supervisor","4459","addManageSettlementWithSupervisorLogin","Surefire suite","Thu Sep 03 12:33:01 UTC 2026","passed","Thu Sep 03 12:33:05 UTC 2026","testcases.backoffice.settlement.AddManageSettlementTest","Surefire test","testcases.backoffice.settlement.AddManageSettlementTest","addManageSettlementWithSupervisorLogin"
"Get Notification Sender Menggunakan HTTP Method DELETE","4518","getNotificationSenderWithDeleteMethod","Surefire suite","Thu Sep 03 12:47:00 UTC 2026","passed","Thu Sep 03 12:47:04 UTC 2026","testcases.backoffice.notifsender.NotificationSenderTest","Surefire test","testcases.backoffice.notifsender.NotificationSenderTest","getNotificationSenderWithDeleteMethod"
"Transfer Different Parner Reference Supervisor, Manual Transfer to Transfer","20764","trfPartnerRefManualSpvFailed","Surefire suite","Thu Sep 03 10:49:49 UTC 2026","passed","Thu Sep 03 10:50:10 UTC 2026","testcases.transfer.TransferTest","Surefire test","testcases.transfer.TransferTest","trfPartnerRefManualSpvFailed"
"Get List Group Company BO Menggunakan Login Customer Service","4625","getListGroupCompanyWithCSLogin","Surefire suite","Thu Sep 03 12:41:38 UTC 2026","broken","Thu Sep 03 12:41:43 UTC 2026","testcases.backoffice.settlement.GetListGroupCompanyTest","Surefire test","testcases.backoffice.settlement.GetListGroupCompanyTest","getListGroupCompanyWithCSLogin"
"Inquiry Test Flop Transfer Merchant Supervisor","5199","inquiryFlopTransferSupervisor","Surefire suite","Thu Sep 03 11:07:33 UTC 2026","passed","Thu Sep 03 11:07:38 UTC 2026","testcases.transfer.InquiryFlopTransferTest","Surefire test","testcases.transfer.InquiryFlopTransferTest","inquiryFlopTransferSupervisor"
"Create Manage Settlement BO Menggunakan Login Admin","4516","addManageSettlementWithAdminLogin","Surefire suite","Thu Sep 03 12:29:54 UTC 2026","passed","Thu Sep 03 12:29:58 UTC 2026","testcases.backoffice.settlement.AddManageSettlementTest","Surefire test","testcases.backoffice.settlement.AddManageSettlementTest","addManageSettlementWithAdminLogin"
"List User Backoffice Dengan Body Kosong ({})","4570","listUsersWithEmptyBody","Surefire suite","Thu Sep 03 12:05:38 UTC 2026","passed","Thu Sep 03 12:05:42 UTC 2026","testcases.backoffice.ListUsersTest","Surefire test","testcases.backoffice.ListUsersTest","listUsersWithEmptyBody"
"Inquiry Test Manual Transfer Merchant","7874","inquiryManualTransfer","Surefire suite","Thu Sep 03 10:56:54 UTC 2026","passed","Thu Sep 03 10:57:02 UTC 2026","testcases.transfer.InquiryManualTransferTest","Surefire test","testcases.transfer.InquiryManualTransferTest","inquiryManualTransfer"
"Approval Refund Special Transfer Merchant","12710","approveRefundManualTransferMerchant","Surefire suite","Thu Sep 03 11:57:00 UTC 2026","passed","Thu Sep 03 11:57:13 UTC 2026","testcases.backoffice.ApprovalRefundTest","Surefire test","testcases.backoffice.ApprovalRefundTest","approveRefundManualTransferMerchant"
"Get History Flop Transfer Test Admin Crypto","8694","historyFlopTransferTestAdminCrypto","Surefire suite","Thu Sep 03 10:35:29 UTC 2026","passed","Thu Sep 03 10:35:37 UTC 2026","testcases.history.HistoryTransferTest","Surefire test","testcases.history.HistoryTransferTest","historyFlopTransferTestAdminCrypto"
"List User Backoffice Tanpa Body Sama Sekali","4683","listUsersWithoutBody","Surefire suite","Thu Sep 03 12:07:03 UTC 2026","passed","Thu Sep 03 12:07:08 UTC 2026","testcases.backoffice.ListUsersTest","Surefire test","testcases.backoffice.ListUsersTest","listUsersWithoutBody"
"Get Balance Merchant with Login Admin","4401","getFailedBalanceMerchantLoginAdmin","Surefire suite","Thu Sep 03 11:13:56 UTC 2026","passed","Thu Sep 03 11:14:01 UTC 2026","testcases.balance.GetBalanceQrisTest","Surefire test","testcases.balance.GetBalanceQrisTest","getFailedBalanceMerchantLoginAdmin"
"Get History Manual Transfer Test Admin Crypto","7887","historyManualTransferTestAdminCrypto","Surefire suite","Thu Sep 03 10:37:00 UTC 2026","passed","Thu Sep 03 10:37:08 UTC 2026","testcases.history.HistoryTransferTest","Surefire test","testcases.history.HistoryTransferTest","historyManualTransferTestAdminCrypto"
"Get History Transfer Supervisor on Login CS Admin","11968","historyTransferSupervisorTestCSAdmin","Surefire suite","Thu Sep 03 10:39:58 UTC 2026","passed","Thu Sep 03 10:40:10 UTC 2026","testcases.history.HistoryTransferTest","Surefire test","testcases.history.HistoryTransferTest","historyTransferSupervisorTestCSAdmin"
"Success Assignment Cash Deposit","12756","assignCashDepositTest","Surefire suite","Thu Sep 03 11:31:15 UTC 2026","passed","Thu Sep 03 11:31:28 UTC 2026","testcases.backoffice.TransferAssignmentTest","Surefire test","testcases.backoffice.TransferAssignmentTest","assignCashDepositTest"
"Resend Google Authenticator Menggunakan HTTP Method GET","5461","resendOtpGoogleWithGetMethod","Surefire suite","Thu Sep 03 13:00:01 UTC 2026","passed","Thu Sep 03 13:00:06 UTC 2026","testcases.backoffice.googleauth.ResendOtpGoogleTest","Surefire test","testcases.backoffice.googleauth.ResendOtpGoogleTest","resendOtpGoogleWithGetMethod"
"Request Refund Transfer Supervisor","4600","refundTransferSupervisor","Surefire suite","Thu Sep 03 11:59:34 UTC 2026","passed","Thu Sep 03 11:59:38 UTC 2026","testcases.transfer.RefundTransferTest","Surefire test","testcases.transfer.RefundTransferTest","refundTransferSupervisor"
"Get Detail Waiting Company Backoffice Menggunakan Login Merchant","4474","getDetailWaitingCompanyWithMerchantLogin","Surefire suite","Thu Sep 03 12:21:29 UTC 2026","passed","Thu Sep 03 12:21:34 UTC 2026","testcases.backoffice.GetDetailWaitingCompanyTest","Surefire test","testcases.backoffice.GetDetailWaitingCompanyTest","getDetailWaitingCompanyWithMerchantLogin"
"","4764","generateQRCodeFailed","Surefire suite","Thu Sep 03 10:45:46 UTC 2026","passed","Thu Sep 03 10:45:50 UTC 2026","testcases.QR.GenerateQRTest","Surefire test","testcases.QR.GenerateQRTest","generateQRCodeFailed"
"Get Notification Sender Menggunakan Login Admin Crypto","4690","getNotificationSenderWithAdminCryptoLogin","Surefire suite","Thu Sep 03 12:46:22 UTC 2026","passed","Thu Sep 03 12:46:26 UTC 2026","testcases.backoffice.notifsender.NotificationSenderTest","Surefire test","testcases.backoffice.notifsender.NotificationSenderTest","getNotificationSenderWithAdminCryptoLogin"
"Get Notification Sender Menggunakan Login Admin","4511","getNotificationSenderWithAdminLogin","Surefire suite","Thu Sep 03 12:46:29 UTC 2026","passed","Thu Sep 03 12:46:34 UTC 2026","testcases.backoffice.notifsender.NotificationSenderTest","Surefire test","testcases.backoffice.notifsender.NotificationSenderTest","getNotificationSenderWithAdminLogin"
"Get History Transfer Test CS","11146","historyTransferTestCS","Surefire suite","Thu Sep 03 10:40:50 UTC 2026","passed","Thu Sep 03 10:41:01 UTC 2026","testcases.history.HistoryTransferTest","Surefire test","testcases.history.HistoryTransferTest","historyTransferTestCS"
"List Refund Menggunakan Login Backoffice","4549","listRefundWithBackofficeLogin","Surefire suite","Thu Sep 03 12:01:20 UTC 2026","passed","Thu Sep 03 12:01:25 UTC 2026","testcases.backoffice.ListRefundTest","Surefire test","testcases.backoffice.ListRefundTest","listRefundWithBackofficeLogin"
"List Manage Settlement Backoffice Menggunakan Login Admin Crypto","4722","listManageSettlementWithAdminCryptoLogin","Surefire suite","Thu Sep 03 12:24:23 UTC 2026","passed","Thu Sep 03 12:24:28 UTC 2026","testcases.backoffice.settlement.ManageSettlementTest","Surefire test","testcases.backoffice.settlement.ManageSettlementTest","listManageSettlementWithAdminCryptoLogin"
"Get List Google Authenticator Dengan Body Berupa Literal null","5015","listOtpGoogleWithNullLiteralBody","Surefire suite","Thu Sep 03 12:55:17 UTC 2026","passed","Thu Sep 03 12:55:22 UTC 2026","testcases.backoffice.googleauth.ListOtpGoogleTest","Surefire test","testcases.backoffice.googleauth.ListOtpGoogleTest","listOtpGoogleWithNullLiteralBody"
"Get Dashboard Backoffice Menggunakan Login Admin","4555","getDashboardWithAdminLogin","Surefire suite","Thu Sep 03 11:16:46 UTC 2026","passed","Thu Sep 03 11:16:51 UTC 2026","testcases.backoffice.GetDashboardTest","Surefire test","testcases.backoffice.GetDashboardTest","getDashboardWithAdminLogin"
"List User Backoffice Tanpa Login/Header Auth","1472","listUsersWithoutAuth","Surefire suite","Thu Sep 03 12:06:58 UTC 2026","passed","Thu Sep 03 12:07:00 UTC 2026","testcases.backoffice.ListUsersTest","Surefire test","testcases.backoffice.ListUsersTest","listUsersWithoutAuth"
"Delete Manage Settlement BO Menggunakan Login CS Admin","4507","deleteManageSettlementWithCSAdminLogin","Surefire suite","Thu Sep 03 12:36:32 UTC 2026","passed","Thu Sep 03 12:36:36 UTC 2026","testcases.backoffice.settlement.DeleteManageSettlementTest","Surefire test","testcases.backoffice.settlement.DeleteManageSettlementTest","deleteManageSettlementWithCSAdminLogin"
"Inquiry Test USDT Transfer Merchant","7557","inquiryUSDT","Surefire suite","Thu Sep 03 11:01:24 UTC 2026","passed","Thu Sep 03 11:01:32 UTC 2026","testcases.transfer.InquiryUSDTTest","Surefire test","testcases.transfer.InquiryUSDTTest","inquiryUSDT"
"Get History Manual Transfer Test Admin","11123","historyManualTransferTestAdmin","Surefire suite","Thu Sep 03 10:36:46 UTC 2026","passed","Thu Sep 03 10:36:57 UTC 2026","testcases.history.HistoryTransferTest","Surefire test","testcases.history.HistoryTransferTest","historyManualTransferTestAdmin"
"Get Balance Company on Login Admin","4792","getBalanceCompanyAdmin","Surefire suite","Thu Sep 03 11:13:18 UTC 2026","passed","Thu Sep 03 11:13:22 UTC 2026","testcases.balance.GetBalanceQrisTest","Surefire test","testcases.balance.GetBalanceQrisTest","getBalanceCompanyAdmin"
"Create Manage Settlement BO Menggunakan HTTP Method DELETE","4593","addManageSettlementWithDeleteMethod","Surefire suite","Thu Sep 03 12:30:25 UTC 2026","passed","Thu Sep 03 12:30:29 UTC 2026","testcases.backoffice.settlement.AddManageSettlementTest","Surefire test","testcases.backoffice.settlement.AddManageSettlementTest","addManageSettlementWithDeleteMethod"
"Resend Google Authenticator Menggunakan HTTP Method PUT","4791","resendOtpGoogleWithPutMethod","Surefire suite","Thu Sep 03 13:01:43 UTC 2026","passed","Thu Sep 03 13:01:48 UTC 2026","testcases.backoffice.googleauth.ResendOtpGoogleTest","Surefire test","testcases.backoffice.googleauth.ResendOtpGoogleTest","resendOtpGoogleWithPutMethod"
"List Refund Dengan Ukuran Halaman Sangat Besar","4980","listRefundWithHugeSize","Surefire suite","Thu Sep 03 12:01:51 UTC 2026","passed","Thu Sep 03 12:01:56 UTC 2026","testcases.backoffice.ListRefundTest","Surefire test","testcases.backoffice.ListRefundTest","listRefundWithHugeSize"
"Get History USDT Transfer Test CS","20463","historyUSDTTransferTestAdmin","Surefire suite","Thu Sep 03 10:42:25 UTC 2026","failed","Thu Sep 03 10:42:46 UTC 2026","testcases.history.HistoryTransferTest","Surefire test","testcases.history.HistoryTransferTest","historyUSDTTransferTestAdmin"
"List Manage Settlement Backoffice Dengan Ukuran Halaman Sangat Besar","4627","listManageSettlementWithHugeSize","Surefire suite","Thu Sep 03 12:25:29 UTC 2026","passed","Thu Sep 03 12:25:33 UTC 2026","testcases.backoffice.settlement.ManageSettlementTest","Surefire test","testcases.backoffice.settlement.ManageSettlementTest","listManageSettlementWithHugeSize"
"List User Backoffice Menggunakan Login CS Admin","4575","listUsersWithCSAdminLogin","Surefire suite","Thu Sep 03 12:05:30 UTC 2026","passed","Thu Sep 03 12:05:35 UTC 2026","testcases.backoffice.ListUsersTest","Surefire test","testcases.backoffice.ListUsersTest","listUsersWithCSAdminLogin"
"Get List Google Authenticator Dengan Field Tidak Dikenal pada Body","5715","listOtpGoogleWithUnknownField","Surefire suite","Thu Sep 03 12:55:57 UTC 2026","passed","Thu Sep 03 12:56:03 UTC 2026","testcases.backoffice.googleauth.ListOtpGoogleTest","Surefire test","testcases.backoffice.googleauth.ListOtpGoogleTest","listOtpGoogleWithUnknownField"
"List Company Backoffice Menggunakan Login Admin Crypto","4752","listCompanyWithAdminCryptoLogin","Surefire suite","Thu Sep 03 12:12:39 UTC 2026","passed","Thu Sep 03 12:12:44 UTC 2026","testcases.backoffice.ListCompanyTest","Surefire test","testcases.backoffice.ListCompanyTest","listCompanyWithAdminCryptoLogin"
"Reset Pin Admin Crypto","4933","resetPinAdminCrypto","Surefire suite","Thu Sep 03 13:13:41 UTC 2026","passed","Thu Sep 03 13:13:46 UTC 2026","testcases.settings.ResetPinTest","Surefire test","testcases.settings.ResetPinTest","resetPinAdminCrypto"
"Request Refund Transfer CS","4667","refundTransferCS","Surefire suite","Thu Sep 03 11:59:19 UTC 2026","passed","Thu Sep 03 11:59:23 UTC 2026","testcases.transfer.RefundTransferTest","Surefire test","testcases.transfer.RefundTransferTest","refundTransferCS"
"Get Detail Waiting Company Backoffice Dengan Id Berisi Spasi","4643","getDetailWaitingCompanyWithWhitespaceId","Surefire suite","Thu Sep 03 12:22:30 UTC 2026","passed","Thu Sep 03 12:22:34 UTC 2026","testcases.backoffice.GetDetailWaitingCompanyTest","Surefire test","testcases.backoffice.GetDetailWaitingCompanyTest","getDetailWaitingCompanyWithWhitespaceId"
"List Refund Dengan Tipe Data Salah pada Field Limit (String, Bukan Integer)","4669","listRefundWithInvalidFieldType","Surefire suite","Thu Sep 03 12:01:59 UTC 2026","passed","Thu Sep 03 12:02:04 UTC 2026","testcases.backoffice.ListRefundTest","Surefire test","testcases.backoffice.ListRefundTest","listRefundWithInvalidFieldType"
"Delete Google Authenticator Dengan Token Tidak Valid","1675","deleteOtpGoogleWithInvalidToken","Surefire suite","Thu Sep 03 13:06:05 UTC 2026","passed","Thu Sep 03 13:06:06 UTC 2026","testcases.backoffice.googleauth.DeleteOtpGoogleTest","Surefire test","testcases.backoffice.googleauth.DeleteOtpGoogleTest","deleteOtpGoogleWithInvalidToken"
"Approval Refund Special Transfer Merchant","9339","approveRefundSpecialTransferMerchant","Surefire suite","Thu Sep 03 11:57:16 UTC 2026","passed","Thu Sep 03 11:57:25 UTC 2026","testcases.backoffice.ApprovalRefundTest","Surefire test","testcases.backoffice.ApprovalRefundTest","approveRefundSpecialTransferMerchant"
"Get History Manual Transfer Merchant on Login CS Admin","11087","historyManualTransferMerchantTestCSAdmin","Surefire suite","Thu Sep 03 10:36:07 UTC 2026","passed","Thu Sep 03 10:36:18 UTC 2026","testcases.history.HistoryTransferTest","Surefire test","testcases.history.HistoryTransferTest","historyManualTransferMerchantTestCSAdmin"
"Mutasi Manual Transfer Supervisor","26686","mutasiManualTransferSupervisor","Surefire suite","Thu Sep 03 11:36:57 UTC 2026","passed","Thu Sep 03 11:37:23 UTC 2026","testcases.mutasi.MutasiTransferTest","Surefire test","testcases.mutasi.MutasiTransferTest","mutasiManualTransferSupervisor"
"Success Login Merchant","3015","testLoginWithCaptcha","Surefire suite","Thu Sep 03 10:29:58 UTC 2026","passed","Thu Sep 03 10:30:01 UTC 2026","testcases.auth.LoginTest","Surefire test","testcases.auth.LoginTest","testLoginWithCaptcha"
"Get Notification Sender Dengan Sort Tanpa Operator '=='","4687","getNotificationSenderWithMalformedSortOperator","Surefire suite","Thu Sep 03 12:48:23 UTC 2026","passed","Thu Sep 03 12:48:28 UTC 2026","testcases.backoffice.notifsender.NotificationSenderTest","Surefire test","testcases.backoffice.notifsender.NotificationSenderTest","getNotificationSenderWithMalformedSortOperator"
"List Company Backoffice Menggunakan Login Marketing","4418","listCompanyWithMarketingLogin","Surefire suite","Thu Sep 03 12:13:58 UTC 2026","passed","Thu Sep 03 12:14:02 UTC 2026","testcases.backoffice.ListCompanyTest","Surefire test","testcases.backoffice.ListCompanyTest","listCompanyWithMarketingLogin"
"Inquiry Test Flop Transfer Admin Crypto","8359","inquiryFlopTransferAdminCrypto","Surefire suite","Thu Sep 03 11:07:22 UTC 2026","passed","Thu Sep 03 11:07:30 UTC 2026","testcases.transfer.InquiryFlopTransferTest","Surefire test","testcases.transfer.InquiryFlopTransferTest","inquiryFlopTransferAdminCrypto"
"Resend Google Authenticator Dengan Body Berupa JSON Array ([])","5156","resendOtpGoogleWithArrayBody","Surefire suite","Thu Sep 03 12:59:07 UTC 2026","passed","Thu Sep 03 12:59:12 UTC 2026","testcases.backoffice.googleauth.ResendOtpGoogleTest","Surefire test","testcases.backoffice.googleauth.ResendOtpGoogleTest","resendOtpGoogleWithArrayBody"
"Get Group Detail Backoffice Menggunakan Login Supervisor","4494","getGroupDetailWithSupervisorLogin","Surefire suite","Thu Sep 03 12:10:45 UTC 2026","passed","Thu Sep 03 12:10:49 UTC 2026","testcases.backoffice.GetGroupTest","Surefire test","testcases.backoffice.GetGroupTest","getGroupDetailWithSupervisorLogin"
"Normal Transfer USDT Balance Success","25253","transferBalance","Surefire suite","Thu Sep 03 11:03:08 UTC 2026","failed","Thu Sep 03 11:03:33 UTC 2026","testcases.transfer.TransferUSDTTest","Surefire test","testcases.transfer.TransferUSDTTest","transferBalance"
"Test Get Report RRN Dispute","4674","getReportRRNAdmin","Surefire suite","Thu Sep 03 11:47:34 UTC 2026","passed","Thu Sep 03 11:47:38 UTC 2026","testcases.report.ReportTransactionTest","Surefire test","testcases.report.ReportTransactionTest","getReportRRNAdmin"
"Create Manage Settlement BO Dengan Payload XSS pada companyName","4504","addManageSettlementWithXssCompanyName","Surefire suite","Thu Sep 03 12:33:23 UTC 2026","passed","Thu Sep 03 12:33:28 UTC 2026","testcases.backoffice.settlement.AddManageSettlementTest","Surefire test","testcases.backoffice.settlement.AddManageSettlementTest","addManageSettlementWithXssCompanyName"
"Create Manage Settlement BO Dengan companyId Valid Secara Format Tapi Tidak Ada","4497","addManageSettlementWithNonExistentCompanyId","Surefire suite","Thu Sep 03 12:32:08 UTC 2026","passed","Thu Sep 03 12:32:12 UTC 2026","testcases.backoffice.settlement.AddManageSettlementTest","Surefire test","testcases.backoffice.settlement.AddManageSettlementTest","addManageSettlementWithNonExistentCompanyId"
"Test Get Report Transfer Merchant","4903","getReportMutationAdmin","Surefire suite","Thu Sep 03 11:47:26 UTC 2026","passed","Thu Sep 03 11:47:31 UTC 2026","testcases.report.ReportTransactionTest","Surefire test","testcases.report.ReportTransactionTest","getReportMutationAdmin"
"Delete Manage Settlement BO Dengan Token Kadaluarsa","1518","deleteManageSettlementWithExpiredToken","Surefire suite","Thu Sep 03 12:37:02 UTC 2026","passed","Thu Sep 03 12:37:03 UTC 2026","testcases.backoffice.settlement.DeleteManageSettlementTest","Surefire test","testcases.backoffice.settlement.DeleteManageSettlementTest","deleteManageSettlementWithExpiredToken"
"Mutasi Transfer Supervisor Balance CS","12681","mutasiTransferSupervisorBalanceCS","Surefire suite","Thu Sep 03 11:42:51 UTC 2026","passed","Thu Sep 03 11:43:03 UTC 2026","testcases.mutasi.MutasiTransferTest","Surefire test","testcases.mutasi.MutasiTransferTest","mutasiTransferSupervisorBalanceCS"
"Delete Manage Settlement BO Ke Path yang Tidak Ada (Typo)","4574","deleteManageSettlementWithWrongPath","Surefire suite","Thu Sep 03 12:38:45 UTC 2026","passed","Thu Sep 03 12:38:50 UTC 2026","testcases.backoffice.settlement.DeleteManageSettlementTest","Surefire test","testcases.backoffice.settlement.DeleteManageSettlementTest","deleteManageSettlementWithWrongPath"
"Get List Google Authenticator Menggunakan Login Customer Service","5070","listOtpGoogleWithCSLogin","Surefire suite","Thu Sep 03 12:53:25 UTC 2026","passed","Thu Sep 03 12:53:30 UTC 2026","testcases.backoffice.googleauth.ListOtpGoogleTest","Surefire test","testcases.backoffice.googleauth.ListOtpGoogleTest","listOtpGoogleWithCSLogin"
"Mutasi Transfer Supervisor CS","11122","mutasiTransferSupervisorCS","Surefire suite","Thu Sep 03 11:43:06 UTC 2026","passed","Thu Sep 03 11:43:17 UTC 2026","testcases.mutasi.MutasiTransferTest","Surefire test","testcases.mutasi.MutasiTransferTest","mutasiTransferSupervisorCS"
"Get Dashboard Backoffice Menggunakan Login Supervisor","4448","getDashboardWithSupervisorLogin","Surefire suite","Thu Sep 03 11:17:29 UTC 2026","passed","Thu Sep 03 11:17:33 UTC 2026","testcases.backoffice.GetDashboardTest","Surefire test","testcases.backoffice.GetDashboardTest","getDashboardWithSupervisorLogin"
"Get History USDT Transfer Test","20610","historyUSDTTransferTest","Surefire suite","Thu Sep 03 10:42:02 UTC 2026","failed","Thu Sep 03 10:42:22 UTC 2026","testcases.history.HistoryTransferTest","Surefire test","testcases.history.HistoryTransferTest","historyUSDTTransferTest"
"Get Group Detail Backoffice Dengan Group Id Berisi Karakter SQL Injection","4350","getGroupDetailWithSqlInjectionId","Surefire suite","Thu Sep 03 12:10:37 UTC 2026","passed","Thu Sep 03 12:10:42 UTC 2026","testcases.backoffice.GetGroupTest","Surefire test","testcases.backoffice.GetGroupTest","getGroupDetailWithSqlInjectionId"
"Create Manage Settlement BO Dengan Content-Type text/plain","4353","addManageSettlementWithWrongContentType","Surefire suite","Thu Sep 03 12:33:08 UTC 2026","passed","Thu Sep 03 12:33:12 UTC 2026","testcases.backoffice.settlement.AddManageSettlementTest","Surefire test","testcases.backoffice.settlement.AddManageSettlementTest","addManageSettlementWithWrongContentType"
"Request Refund Transfer Admin Crypto","4687","refundTransferAdminCrypto","Surefire suite","Thu Sep 03 11:59:11 UTC 2026","failed","Thu Sep 03 11:59:16 UTC 2026","testcases.transfer.RefundTransferTest","Surefire test","testcases.transfer.RefundTransferTest","refundTransferAdminCrypto"
"Get Notification Sender Menggunakan Login Customer Service","4584","getNotificationSenderWithCSLogin","Surefire suite","Thu Sep 03 12:46:52 UTC 2026","passed","Thu Sep 03 12:46:57 UTC 2026","testcases.backoffice.notifsender.NotificationSenderTest","Surefire test","testcases.backoffice.notifsender.NotificationSenderTest","getNotificationSenderWithCSLogin"
"Delete Manage Settlement BO Dengan Format id Tidak Valid (Bukan ObjectId)","4552","deleteManageSettlementWithMalformedId","Surefire suite","Thu Sep 03 12:37:23 UTC 2026","passed","Thu Sep 03 12:37:27 UTC 2026","testcases.backoffice.settlement.DeleteManageSettlementTest","Surefire test","testcases.backoffice.settlement.DeleteManageSettlementTest","deleteManageSettlementWithMalformedId"
"Get List Group Company BO Menggunakan Login Admin","4571","getListGroupCompanyWithAdminLogin","Surefire suite","Thu Sep 03 12:41:23 UTC 2026","broken","Thu Sep 03 12:41:27 UTC 2026","testcases.backoffice.settlement.GetListGroupCompanyTest","Surefire test","testcases.backoffice.settlement.GetListGroupCompanyTest","getListGroupCompanyWithAdminLogin"
"Delete Google Authenticator Menggunakan Login Supervisor","4509","deleteOtpGoogleWithSupervisorLogin","Surefire suite","Thu Sep 03 13:07:23 UTC 2026","passed","Thu Sep 03 13:07:28 UTC 2026","testcases.backoffice.googleauth.DeleteOtpGoogleTest","Surefire test","testcases.backoffice.googleauth.DeleteOtpGoogleTest","deleteOtpGoogleWithSupervisorLogin"
"","7801","listRefundAdmin","Surefire suite","Thu Sep 03 12:01:02 UTC 2026","passed","Thu Sep 03 12:01:09 UTC 2026","testcases.backoffice.ListRefundTest","Surefire test","testcases.backoffice.ListRefundTest","listRefundAdmin"
"Get Notification Sender Dengan Tipe Data Salah pada Field limit (String, Bukan Integer)","4408","getNotificationSenderWithInvalidFieldType","Surefire suite","Thu Sep 03 12:47:51 UTC 2026","passed","Thu Sep 03 12:47:55 UTC 2026","testcases.backoffice.notifsender.NotificationSenderTest","Surefire test","testcases.backoffice.notifsender.NotificationSenderTest","getNotificationSenderWithInvalidFieldType"
"Get Notification Sender Tanpa Field pinValidasi","4625","getNotificationSenderWithoutPinValidasi","Surefire suite","Thu Sep 03 12:50:45 UTC 2026","passed","Thu Sep 03 12:50:50 UTC 2026","testcases.backoffice.notifsender.NotificationSenderTest","Surefire test","testcases.backoffice.notifsender.NotificationSenderTest","getNotificationSenderWithoutPinValidasi"
"Get History Special Transfer Test Supervisor","7981","historySpecialTransferTestSupervisor","Surefire suite","Thu Sep 03 10:39:32 UTC 2026","passed","Thu Sep 03 10:39:40 UTC 2026","testcases.history.HistoryTransferTest","Surefire test","testcases.history.HistoryTransferTest","historySpecialTransferTestSupervisor"
"Success Login Backoffice","3165","testLoginBackoffice","Surefire suite","Thu Sep 03 10:28:08 UTC 2026","passed","Thu Sep 03 10:28:11 UTC 2026","testcases.auth.LoginTest","Surefire test","testcases.auth.LoginTest","testLoginBackoffice"
"Get History Manual Transfer Test Admin","10941","historyManualTransferTestFeeAdmin","Surefire suite","Thu Sep 03 10:37:25 UTC 2026","passed","Thu Sep 03 10:37:36 UTC 2026","testcases.history.HistoryTransferTest","Surefire test","testcases.history.HistoryTransferTest","historyManualTransferTestFeeAdmin"
"Get List Google Authenticator Dengan Token Kadaluarsa","1533","listOtpGoogleWithExpiredToken","Surefire suite","Thu Sep 03 12:53:50 UTC 2026","passed","Thu Sep 03 12:53:51 UTC 2026","testcases.backoffice.googleauth.ListOtpGoogleTest","Surefire test","testcases.backoffice.googleauth.ListOtpGoogleTest","listOtpGoogleWithExpiredToken"
"Login Backoffice dengan Password Salah","4502","testLoginBackofficeWrongPassword","Surefire suite","Thu Sep 03 10:28:26 UTC 2026","passed","Thu Sep 03 10:28:30 UTC 2026","testcases.auth.LoginTest","Surefire test","testcases.auth.LoginTest","testLoginBackofficeWrongPassword"
"Transfer Different Partner Reference, Manual Transfer to Transfer","20336","trfPartnerRefManualFailed","Surefire suite","Thu Sep 03 10:49:25 UTC 2026","passed","Thu Sep 03 10:49:46 UTC 2026","testcases.transfer.TransferTest","Surefire test","testcases.transfer.TransferTest","trfPartnerRefManualFailed"
"Test Approved Manual Transfer Supervisor","17860","approvedCashDepositSupervisor","Surefire suite","Thu Sep 03 11:21:32 UTC 2026","passed","Thu Sep 03 11:21:50 UTC 2026","testcases.backoffice.ApprovalTransferTest","Surefire test","testcases.backoffice.ApprovalTransferTest","approvedCashDepositSupervisor"
"Transfer Different Parner Reference Supervisor, Special Transfer to Transfer","20298","trfPartnerRefSpecialSpvFailed","Surefire suite","Thu Sep 03 10:50:36 UTC 2026","passed","Thu Sep 03 10:50:57 UTC 2026","testcases.transfer.TransferTest","Surefire test","testcases.transfer.TransferTest","trfPartnerRefSpecialSpvFailed"
"List Manage Settlement Backoffice Dengan Karakter SQL Injection pada Field Param","4543","listManageSettlementWithSqlInjectionParam","Surefire suite","Thu Sep 03 12:27:00 UTC 2026","passed","Thu Sep 03 12:27:05 UTC 2026","testcases.backoffice.settlement.ManageSettlementTest","Surefire test","testcases.backoffice.settlement.ManageSettlementTest","listManageSettlementWithSqlInjectionParam"
"Get History Manual Transfer Test","8164","historyManualTransferTest","Surefire suite","Thu Sep 03 10:36:35 UTC 2026","passed","Thu Sep 03 10:36:43 UTC 2026","testcases.history.HistoryTransferTest","Surefire test","testcases.history.HistoryTransferTest","historyManualTransferTest"
"Get List Google Authenticator Menggunakan Login Supervisor","4967","listOtpGoogleWithSupervisorLogin","Surefire suite","Thu Sep 03 12:55:49 UTC 2026","passed","Thu Sep 03 12:55:54 UTC 2026","testcases.backoffice.googleauth.ListOtpGoogleTest","Surefire test","testcases.backoffice.googleauth.ListOtpGoogleTest","listOtpGoogleWithSupervisorLogin"
"Get User Backoffice Menggunakan Login Merchant","4490","getUserWithMerchantLogin","Surefire suite","Thu Sep 03 11:18:32 UTC 2026","passed","Thu Sep 03 11:18:36 UTC 2026","testcases.backoffice.GetDashboardTest","Surefire test","testcases.backoffice.GetDashboardTest","getUserWithMerchantLogin"
"Inquiry Test Transfer Merchant","8181","inquiryTransfer","Surefire suite","Thu Sep 03 10:46:49 UTC 2026","passed","Thu Sep 03 10:46:57 UTC 2026","testcases.transfer.InquiryTransferTest","Surefire test","testcases.transfer.InquiryTransferTest","inquiryTransfer"
"Test Approved USDT Supervisor Tanpa URL","20586","approvedUSDTSupervisorWithoutURL","Surefire suite","Thu Sep 03 11:24:28 UTC 2026","failed","Thu Sep 03 11:24:49 UTC 2026","testcases.backoffice.ApprovalTransferTest","Surefire test","testcases.backoffice.ApprovalTransferTest","approvedUSDTSupervisorWithoutURL"
"Get History USDT Transfer Test CS","20541","historyUSDTTransferTestCS","Surefire suite","Thu Sep 03 10:43:13 UTC 2026","failed","Thu Sep 03 10:43:34 UTC 2026","testcases.history.HistoryTransferTest","Surefire test","testcases.history.HistoryTransferTest","historyUSDTTransferTestCS"
"Mutasi Transfer Balance","9676","mutasiTransferBalance","Surefire suite","Thu Sep 03 11:41:44 UTC 2026","passed","Thu Sep 03 11:41:54 UTC 2026","testcases.mutasi.MutasiTransferTest","Surefire test","testcases.mutasi.MutasiTransferTest","mutasiTransferBalance"
"Mutasi Manual Transfer Supervisor CS","26428","mutasiManualTransferSupervisorCS","Surefire suite","Thu Sep 03 11:37:26 UTC 2026","passed","Thu Sep 03 11:37:53 UTC 2026","testcases.mutasi.MutasiTransferTest","Surefire test","testcases.mutasi.MutasiTransferTest","mutasiManualTransferSupervisorCS"
"Get Group Backoffice Menggunakan Login Admin Crypto","4450","getGroupWithAdminCryptoLogin","Surefire suite","Thu Sep 03 11:17:48 UTC 2026","passed","Thu Sep 03 11:17:53 UTC 2026","testcases.backoffice.GetDashboardTest","Surefire test","testcases.backoffice.GetDashboardTest","getGroupWithAdminCryptoLogin"
"Get List Group Company BO Dengan Multiple Header groupName","4397","getListGroupCompanyWithMultipleGroupNameHeaders","Surefire suite","Thu Sep 03 12:42:37 UTC 2026","passed","Thu Sep 03 12:42:41 UTC 2026","testcases.backoffice.settlement.GetListGroupCompanyTest","Surefire test","testcases.backoffice.settlement.GetListGroupCompanyTest","getListGroupCompanyWithMultipleGroupNameHeaders"
"Get Notification Sender Dengan Token Backoffice Valid Tapi Tanpa Header pbyv","4455","getNotificationSenderWithoutPbyvHeader","Surefire suite","Thu Sep 03 12:50:38 UTC 2026","passed","Thu Sep 03 12:50:42 UTC 2026","testcases.backoffice.notifsender.NotificationSenderTest","Surefire test","testcases.backoffice.notifsender.NotificationSenderTest","getNotificationSenderWithoutPbyvHeader"
"Delete Manage Settlement BO Dengan id Berisi Karakter SQL Injection","4444","deleteManageSettlementWithSqlInjectionId","Surefire suite","Thu Sep 03 12:38:23 UTC 2026","passed","Thu Sep 03 12:38:27 UTC 2026","testcases.backoffice.settlement.DeleteManageSettlementTest","Surefire test","testcases.backoffice.settlement.DeleteManageSettlementTest","deleteManageSettlementWithSqlInjectionId"
"Transfer Different Partner Reference, Manual Transfer to Transfer","20808","trfPartnerRefManualFailed","Surefire suite","Thu Sep 03 10:55:01 UTC 2026","passed","Thu Sep 03 10:55:22 UTC 2026","testcases.transfer.SpecialTransferTest","Surefire test","testcases.transfer.SpecialTransferTest","trfPartnerRefManualFailed"
"Resend Google Authenticator Menggunakan Login Customer Service","4886","resendOtpGoogleWithCSLogin","Surefire suite","Thu Sep 03 12:59:23 UTC 2026","passed","Thu Sep 03 12:59:28 UTC 2026","testcases.backoffice.googleauth.ResendOtpGoogleTest","Surefire test","testcases.backoffice.googleauth.ResendOtpGoogleTest","resendOtpGoogleWithCSLogin"
"Get Detail Waiting Company Backoffice Dengan Id Berisi Payload XSS","4365","getDetailWaitingCompanyWithXssId","Surefire suite","Thu Sep 03 12:22:37 UTC 2026","passed","Thu Sep 03 12:22:42 UTC 2026","testcases.backoffice.GetDetailWaitingCompanyTest","Surefire test","testcases.backoffice.GetDetailWaitingCompanyTest","getDetailWaitingCompanyWithXssId"
"List Refund Dengan Body Kosong ({})","4840","listRefundWithEmptyBody","Surefire suite","Thu Sep 03 12:01:43 UTC 2026","passed","Thu Sep 03 12:01:48 UTC 2026","testcases.backoffice.ListRefundTest","Surefire test","testcases.backoffice.ListRefundTest","listRefundWithEmptyBody"
"Get Detail Waiting Company Backoffice Menggunakan HTTP Method POST","4613","getDetailWaitingCompanyWithPostMethod","Surefire suite","Thu Sep 03 12:22:00 UTC 2026","passed","Thu Sep 03 12:22:04 UTC 2026","testcases.backoffice.GetDetailWaitingCompanyTest","Surefire test","testcases.backoffice.GetDetailWaitingCompanyTest","getDetailWaitingCompanyWithPostMethod"
"Get Group Detail Backoffice","7659","getGroupDetail","Surefire suite","Thu Sep 03 12:08:26 UTC 2026","passed","Thu Sep 03 12:08:34 UTC 2026","testcases.backoffice.GetGroupTest","Surefire test","testcases.backoffice.GetGroupTest","getGroupDetail"
"Delete Google Authenticator Dengan id Berisi Karakter SQL Injection","4442","deleteOtpGoogleWithSqlInjectionId","Surefire suite","Thu Sep 03 13:07:16 UTC 2026","passed","Thu Sep 03 13:07:20 UTC 2026","testcases.backoffice.googleauth.DeleteOtpGoogleTest","Surefire test","testcases.backoffice.googleauth.DeleteOtpGoogleTest","deleteOtpGoogleWithSqlInjectionId"
"Get Notification Sender Dengan pinValidasi Berupa Angka (Bukan String)","4931","getNotificationSenderWithNumericPinValidasi","Surefire suite","Thu Sep 03 12:49:09 UTC 2026","passed","Thu Sep 03 12:49:14 UTC 2026","testcases.backoffice.notifsender.NotificationSenderTest","Surefire test","testcases.backoffice.notifsender.NotificationSenderTest","getNotificationSenderWithNumericPinValidasi"
"Resend Google Authenticator Menggunakan Login Admin","7549","resendOtpGoogleWithAdminLogin","Surefire suite","Thu Sep 03 12:58:56 UTC 2026","passed","Thu Sep 03 12:59:04 UTC 2026","testcases.backoffice.googleauth.ResendOtpGoogleTest","Surefire test","testcases.backoffice.googleauth.ResendOtpGoogleTest","resendOtpGoogleWithAdminLogin"
"Get History QR Success Paid","7796","historyQRTestPaid","Surefire suite","Thu Sep 03 10:32:06 UTC 2026","passed","Thu Sep 03 10:32:14 UTC 2026","testcases.history.HistoryQRTest","Surefire test","testcases.history.HistoryQRTest","historyQRTestPaid"
"Get History QR CS Success Paid","11033","historyQRTestPaidCS","Surefire suite","Thu Sep 03 10:32:31 UTC 2026","passed","Thu Sep 03 10:32:42 UTC 2026","testcases.history.HistoryQRTest","Surefire test","testcases.history.HistoryQRTest","historyQRTestPaidCS"
"List Waiting Company Backoffice Dengan Ukuran Halaman Sangat Besar","4679","listWaitingCompanyWithHugeSize","Surefire suite","Thu Sep 03 12:17:08 UTC 2026","passed","Thu Sep 03 12:17:13 UTC 2026","testcases.backoffice.ListWaitingCompanyTest","Surefire test","testcases.backoffice.ListWaitingCompanyTest","listWaitingCompanyWithHugeSize"
"Get Notification Sender Menggunakan HTTP Method PATCH","4529","getNotificationSenderWithPatchMethod","Surefire suite","Thu Sep 03 12:49:17 UTC 2026","passed","Thu Sep 03 12:49:21 UTC 2026","testcases.backoffice.notifsender.NotificationSenderTest","Surefire test","testcases.backoffice.notifsender.NotificationSenderTest","getNotificationSenderWithPatchMethod"
"Inquiry Test Manual Transfer Admin Crypto","4750","inquiryManualTransferAdminCrypto","Surefire suite","Thu Sep 03 10:57:05 UTC 2026","passed","Thu Sep 03 10:57:10 UTC 2026","testcases.transfer.InquiryManualTransferTest","Surefire test","testcases.transfer.InquiryManualTransferTest","inquiryManualTransferAdminCrypto"
"Resend Google Authenticator Dengan Token Kadaluarsa","1618","resendOtpGoogleWithExpiredToken","Surefire suite","Thu Sep 03 12:59:56 UTC 2026","passed","Thu Sep 03 12:59:57 UTC 2026","testcases.backoffice.googleauth.ResendOtpGoogleTest","Surefire test","testcases.backoffice.googleauth.ResendOtpGoogleTest","resendOtpGoogleWithExpiredToken"
"Delete Manage Settlement BO Dengan Header Authorization Tanpa Skema Bearer","1480","deleteManageSettlementWithMalformedAuthorizationHeader","Surefire suite","Thu Sep 03 12:37:18 UTC 2026","passed","Thu Sep 03 12:37:20 UTC 2026","testcases.backoffice.settlement.DeleteManageSettlementTest","Surefire test","testcases.backoffice.settlement.DeleteManageSettlementTest","deleteManageSettlementWithMalformedAuthorizationHeader"
"Create Manage Settlement BO Dengan groupName Sangat Panjang (10.000 karakter)","4604","addManageSettlementWithOverlongGroupName","Surefire suite","Thu Sep 03 12:32:31 UTC 2026","passed","Thu Sep 03 12:32:35 UTC 2026","testcases.backoffice.settlement.AddManageSettlementTest","Surefire test","testcases.backoffice.settlement.AddManageSettlementTest","addManageSettlementWithOverlongGroupName"
"List Manage Settlement Backoffice Dengan Field Sort Merujuk ke Kolom yang Tidak Ada","4466","listManageSettlementWithInvalidSortField","Surefire suite","Thu Sep 03 12:25:44 UTC 2026","passed","Thu Sep 03 12:25:48 UTC 2026","testcases.backoffice.settlement.ManageSettlementTest","Surefire test","testcases.backoffice.settlement.ManageSettlementTest","listManageSettlementWithInvalidSortField"
"Get History Flop Transfer Test Admin","12073","historyFlopTransferTestAdmin","Surefire suite","Thu Sep 03 10:35:13 UTC 2026","passed","Thu Sep 03 10:35:26 UTC 2026","testcases.history.HistoryTransferTest","Surefire test","testcases.history.HistoryTransferTest","historyFlopTransferTestAdmin"
"Get Notification Sender Dengan Field Tidak Dikenal pada Body","5192","getNotificationSenderWithUnknownField","Surefire suite","Thu Sep 03 12:49:54 UTC 2026","passed","Thu Sep 03 12:50:00 UTC 2026","testcases.backoffice.notifsender.NotificationSenderTest","Surefire test","testcases.backoffice.notifsender.NotificationSenderTest","getNotificationSenderWithUnknownField"
"List Refund Dengan Field Sort Merujuk ke Kolom yang Tidak Ada","4523","listRefundWithInvalidSortField","Surefire suite","Thu Sep 03 12:02:14 UTC 2026","passed","Thu Sep 03 12:02:19 UTC 2026","testcases.backoffice.ListRefundTest","Surefire test","testcases.backoffice.ListRefundTest","listRefundWithInvalidSortField"
"List Manage Settlement Backoffice Menggunakan Login CS Admin","4393","listManageSettlementWithCSAdminLogin","Surefire suite","Thu Sep 03 12:24:46 UTC 2026","passed","Thu Sep 03 12:24:51 UTC 2026","testcases.backoffice.settlement.ManageSettlementTest","Surefire test","testcases.backoffice.settlement.ManageSettlementTest","listManageSettlementWithCSAdminLogin"
"Get List Group Company BO Dengan Header Authorization Tanpa Skema Bearer","1550","getListGroupCompanyWithMalformedAuthorizationHeader","Surefire suite","Thu Sep 03 12:42:17 UTC 2026","broken","Thu Sep 03 12:42:19 UTC 2026","testcases.backoffice.settlement.GetListGroupCompanyTest","Surefire test","testcases.backoffice.settlement.GetListGroupCompanyTest","getListGroupCompanyWithMalformedAuthorizationHeader"
"Create Manage Settlement BO Menggunakan HTTP Method GET","4721","addManageSettlementWithGetMethod","Surefire suite","Thu Sep 03 12:31:13 UTC 2026","passed","Thu Sep 03 12:31:18 UTC 2026","testcases.backoffice.settlement.AddManageSettlementTest","Surefire test","testcases.backoffice.settlement.AddManageSettlementTest","addManageSettlementWithGetMethod"
"Delete Google Authenticator Menggunakan Login Admin","4717","deleteOtpGoogleWithAdminLogin","Surefire suite","Thu Sep 03 13:05:12 UTC 2026","passed","Thu Sep 03 13:05:16 UTC 2026","testcases.backoffice.googleauth.DeleteOtpGoogleTest","Surefire test","testcases.backoffice.googleauth.DeleteOtpGoogleTest","deleteOtpGoogleWithAdminLogin"
"Success Login Group","3083","testLoginGroup","Surefire suite","Thu Sep 03 10:28:57 UTC 2026","passed","Thu Sep 03 10:29:00 UTC 2026","testcases.auth.LoginTest","Surefire test","testcases.auth.LoginTest","testLoginGroup"
"Get History Flop Transfer Merchant on Login CS Admin","15806","historyFlopTransferMerchantTestCSAdmin","Surefire suite","Thu Sep 03 10:34:27 UTC 2026","passed","Thu Sep 03 10:34:43 UTC 2026","testcases.history.HistoryTransferTest","Surefire test","testcases.history.HistoryTransferTest","historyFlopTransferMerchantTestCSAdmin"
"Mutasi Special Transfer CS","20196","mutasiSpecialTransferCS","Surefire suite","Thu Sep 03 11:40:12 UTC 2026","passed","Thu Sep 03 11:40:32 UTC 2026","testcases.mutasi.MutasiTransferTest","Surefire test","testcases.mutasi.MutasiTransferTest","mutasiSpecialTransferCS"
"List Refund Menggunakan Login Merchant","4617","listRefundWithMerchantLogin","Surefire suite","Thu Sep 03 12:02:41 UTC 2026","passed","Thu Sep 03 12:02:46 UTC 2026","testcases.backoffice.ListRefundTest","Surefire test","testcases.backoffice.ListRefundTest","listRefundWithMerchantLogin"
"Get List Group Company BO","8083","getListGroupCompanyBO","Surefire suite","Thu Sep 03 12:41:04 UTC 2026","broken","Thu Sep 03 12:41:12 UTC 2026","testcases.backoffice.settlement.GetListGroupCompanyTest","Surefire test","testcases.backoffice.settlement.GetListGroupCompanyTest","getListGroupCompanyBO"
"Get List Google Authenticator Menggunakan Login Admin Crypto","4672","listOtpGoogleWithAdminCryptoLogin","Surefire suite","Thu Sep 03 12:52:53 UTC 2026","passed","Thu Sep 03 12:52:58 UTC 2026","testcases.backoffice.googleauth.ListOtpGoogleTest","Surefire test","testcases.backoffice.googleauth.ListOtpGoogleTest","listOtpGoogleWithAdminCryptoLogin"
"Delete Google Authenticator Dengan Header Authorization Tanpa Skema Bearer","1440","deleteOtpGoogleWithMalformedAuthorizationHeader","Surefire suite","Thu Sep 03 13:06:09 UTC 2026","passed","Thu Sep 03 13:06:11 UTC 2026","testcases.backoffice.googleauth.DeleteOtpGoogleTest","Surefire test","testcases.backoffice.googleauth.DeleteOtpGoogleTest","deleteOtpGoogleWithMalformedAuthorizationHeader"
"Get Detail Waiting Company Backoffice Menggunakan Login CS Admin","4581","getDetailWaitingCompanyWithCSAdminLogin","Surefire suite","Thu Sep 03 12:20:30 UTC 2026","passed","Thu Sep 03 12:20:35 UTC 2026","testcases.backoffice.GetDetailWaitingCompanyTest","Surefire test","testcases.backoffice.GetDetailWaitingCompanyTest","getDetailWaitingCompanyWithCSAdminLogin"
"Create Manage Settlement BO Dengan Token Kadaluarsa","1533","addManageSettlementWithExpiredToken","Surefire suite","Thu Sep 03 12:31:09 UTC 2026","passed","Thu Sep 03 12:31:10 UTC 2026","testcases.backoffice.settlement.AddManageSettlementTest","Surefire test","testcases.backoffice.settlement.AddManageSettlementTest","addManageSettlementWithExpiredToken"
"Test Reject USDT","27748","rejectedUSDT","Surefire suite","Thu Sep 03 11:26:34 UTC 2026","failed","Thu Sep 03 11:27:01 UTC 2026","testcases.backoffice.ApprovalTransferTest","Surefire test","testcases.backoffice.ApprovalTransferTest","rejectedUSDT"
"List Waiting Company Backoffice Tanpa Login/Header Auth","1443","listWaitingCompanyWithoutAuth","Surefire suite","Thu Sep 03 12:18:32 UTC 2026","passed","Thu Sep 03 12:18:33 UTC 2026","testcases.backoffice.ListWaitingCompanyTest","Surefire test","testcases.backoffice.ListWaitingCompanyTest","listWaitingCompanyWithoutAuth"
"Get Detail Waiting Company Backoffice Dengan Id Berisi Karakter SQL Injection","4448","getDetailWaitingCompanyWithSqlInjectionId","Surefire suite","Thu Sep 03 12:22:15 UTC 2026","passed","Thu Sep 03 12:22:19 UTC 2026","testcases.backoffice.GetDetailWaitingCompanyTest","Surefire test","testcases.backoffice.GetDetailWaitingCompanyTest","getDetailWaitingCompanyWithSqlInjectionId"
"Get Group Detail Backoffice Menggunakan Login CS Admin","4654","getGroupDetailWithCSAdminLogin","Surefire suite","Thu Sep 03 12:08:44 UTC 2026","passed","Thu Sep 03 12:08:49 UTC 2026","testcases.backoffice.GetGroupTest","Surefire test","testcases.backoffice.GetGroupTest","getGroupDetailWithCSAdminLogin"
"Test Get Report Transfer Merchant","4623","getReportBatchAdmin","Surefire suite","Thu Sep 03 11:47:10 UTC 2026","passed","Thu Sep 03 11:47:15 UTC 2026","testcases.report.ReportTransactionTest","Surefire test","testcases.report.ReportTransactionTest","getReportBatchAdmin"
"Get Group Detail Backoffice Tanpa Group Id (Path Kosong)","4953","getGroupDetailWithEmptyId","Surefire suite","Thu Sep 03 12:09:00 UTC 2026","passed","Thu Sep 03 12:09:05 UTC 2026","testcases.backoffice.GetGroupTest","Surefire test","testcases.backoffice.GetGroupTest","getGroupDetailWithEmptyId"
"Delete Manage Settlement BO Menggunakan Login Admin","4503","deleteManageSettlementWithAdminLogin","Surefire suite","Thu Sep 03 12:36:12 UTC 2026","passed","Thu Sep 03 12:36:17 UTC 2026","testcases.backoffice.settlement.DeleteManageSettlementTest","Surefire test","testcases.backoffice.settlement.DeleteManageSettlementTest","deleteManageSettlementWithAdminLogin"
"List Waiting Company Backoffice","7538","getListWaitingCompany","Surefire suite","Thu Sep 03 12:16:19 UTC 2026","passed","Thu Sep 03 12:16:27 UTC 2026","testcases.backoffice.ListWaitingCompanyTest","Surefire test","testcases.backoffice.ListWaitingCompanyTest","getListWaitingCompany"
"List Company Backoffice Menggunakan Login CS Admin","4510","listCompanyWithCSAdminLogin","Surefire suite","Thu Sep 03 12:12:55 UTC 2026","passed","Thu Sep 03 12:12:59 UTC 2026","testcases.backoffice.ListCompanyTest","Surefire test","testcases.backoffice.ListCompanyTest","listCompanyWithCSAdminLogin"
"Delete Google Authenticator Dengan Format id Tidak Valid (Bukan ObjectId)","4613","deleteOtpGoogleWithMalformedId","Surefire suite","Thu Sep 03 13:06:14 UTC 2026","passed","Thu Sep 03 13:06:18 UTC 2026","testcases.backoffice.googleauth.DeleteOtpGoogleTest","Surefire test","testcases.backoffice.googleauth.DeleteOtpGoogleTest","deleteOtpGoogleWithMalformedId"
"Create Manage Settlement BO Dengan Body JSON Tidak Valid (Malformed)","4640","addManageSettlementWithMalformedJson","Surefire suite","Thu Sep 03 12:31:45 UTC 2026","passed","Thu Sep 03 12:31:50 UTC 2026","testcases.backoffice.settlement.AddManageSettlementTest","Surefire test","testcases.backoffice.settlement.AddManageSettlementTest","addManageSettlementWithMalformedJson"
"Mutasi Transfer Balance CS","12769","mutasiTransferBalanceCS","Surefire suite","Thu Sep 03 11:41:57 UTC 2026","passed","Thu Sep 03 11:42:09 UTC 2026","testcases.mutasi.MutasiTransferTest","Surefire test","testcases.mutasi.MutasiTransferTest","mutasiTransferBalanceCS"
"Delete Google Authenticator Menggunakan Login Merchant","5206","deleteOtpGoogleWithMerchantLogin","Surefire suite","Thu Sep 03 13:06:29 UTC 2026","passed","Thu Sep 03 13:06:35 UTC 2026","testcases.backoffice.googleauth.DeleteOtpGoogleTest","Surefire test","testcases.backoffice.googleauth.DeleteOtpGoogleTest","deleteOtpGoogleWithMerchantLogin"
"Resend Google Authenticator Dengan Content-Type text/plain","5813","resendOtpGoogleWithWrongContentType","Surefire suite","Thu Sep 03 13:02:16 UTC 2026","passed","Thu Sep 03 13:02:21 UTC 2026","testcases.backoffice.googleauth.ResendOtpGoogleTest","Surefire test","testcases.backoffice.googleauth.ResendOtpGoogleTest","resendOtpGoogleWithWrongContentType"
"List Manage Settlement Backoffice Dengan Tipe Data Salah pada Field Limit (String, Bukan Integer)","4468","listManageSettlementWithInvalidFieldType","Surefire suite","Thu Sep 03 12:25:36 UTC 2026","passed","Thu Sep 03 12:25:41 UTC 2026","testcases.backoffice.settlement.ManageSettlementTest","Surefire test","testcases.backoffice.settlement.ManageSettlementTest","listManageSettlementWithInvalidFieldType"
"Get Notification Sender Menggunakan HTTP Method PUT","4388","getNotificationSenderWithPutMethod","Surefire suite","Thu Sep 03 12:49:24 UTC 2026","passed","Thu Sep 03 12:49:29 UTC 2026","testcases.backoffice.notifsender.NotificationSenderTest","Surefire test","testcases.backoffice.notifsender.NotificationSenderTest","getNotificationSenderWithPutMethod"
"Reset Pin Backoffice","5985","resetPinBackoffice","Surefire suite","Thu Sep 03 13:13:49 UTC 2026","passed","Thu Sep 03 13:13:55 UTC 2026","testcases.settings.ResetPinTest","Surefire test","testcases.settings.ResetPinTest","resetPinBackoffice"
"Login Merchant dengan Captcha Salah","2896","testLoginWrongCaptcha","Surefire suite","Thu Sep 03 10:30:04 UTC 2026","passed","Thu Sep 03 10:30:07 UTC 2026","testcases.auth.LoginTest","Surefire test","testcases.auth.LoginTest","testLoginWrongCaptcha"
"Transfer Different Partner Reference, Special Transfer to Manual Transfer","20441","trfPartnerRefManualFailed","Surefire suite","Thu Sep 03 10:59:19 UTC 2026","passed","Thu Sep 03 10:59:39 UTC 2026","testcases.transfer.ManualTransferTest","Surefire test","testcases.transfer.ManualTransferTest","trfPartnerRefManualFailed"
"Delete Manage Settlement BO Dengan id Milik Entitas Lain (Group Id)","4438","deleteManageSettlementWithForeignEntityId","Surefire suite","Thu Sep 03 12:37:06 UTC 2026","passed","Thu Sep 03 12:37:11 UTC 2026","testcases.backoffice.settlement.DeleteManageSettlementTest","Surefire test","testcases.backoffice.settlement.DeleteManageSettlementTest","deleteManageSettlementWithForeignEntityId"
"Success Assignment USDT Supervisor","20254","assignUSDTSupervisorTest","Surefire suite","Thu Sep 03 11:31:31 UTC 2026","failed","Thu Sep 03 11:31:51 UTC 2026","testcases.backoffice.TransferAssignmentTest","Surefire test","testcases.backoffice.TransferAssignmentTest","assignUSDTSupervisorTest"
"Get Group Detail Backoffice Dengan Group Id Berisi Spasi","4434","getGroupDetailWithWhitespaceId","Surefire suite","Thu Sep 03 12:10:52 UTC 2026","passed","Thu Sep 03 12:10:56 UTC 2026","testcases.backoffice.GetGroupTest","Surefire test","testcases.backoffice.GetGroupTest","getGroupDetailWithWhitespaceId"
"Mutasi Special Transfer Supervisor","19986","mutasiSpecialTransferSupervisor","Surefire suite","Thu Sep 03 11:40:35 UTC 2026","passed","Thu Sep 03 11:40:55 UTC 2026","testcases.mutasi.MutasiTransferTest","Surefire test","testcases.mutasi.MutasiTransferTest","mutasiSpecialTransferSupervisor"
"Test Approved Special Transfer","11824","approvedSpecialTransfer","Surefire suite","Thu Sep 03 11:21:53 UTC 2026","passed","Thu Sep 03 11:22:05 UTC 2026","testcases.backoffice.ApprovalTransferTest","Surefire test","testcases.backoffice.ApprovalTransferTest","approvedSpecialTransfer"
"","4816","listRefundAdminCrypto","Surefire suite","Thu Sep 03 12:01:13 UTC 2026","passed","Thu Sep 03 12:01:17 UTC 2026","testcases.backoffice.ListRefundTest","Surefire test","testcases.backoffice.ListRefundTest","listRefundAdminCrypto"
"Test Approved Manual Transfer","17241","rejectedCashDeposit","Surefire suite","Thu Sep 03 11:25:16 UTC 2026","passed","Thu Sep 03 11:25:33 UTC 2026","testcases.backoffice.ApprovalTransferTest","Surefire test","testcases.backoffice.ApprovalTransferTest","rejectedCashDeposit"
"Delete Google Authenticator Menggunakan Login Admin Crypto","4823","deleteOtpGoogleWithAdminCryptoLogin","Surefire suite","Thu Sep 03 13:05:04 UTC 2026","passed","Thu Sep 03 13:05:09 UTC 2026","testcases.backoffice.googleauth.DeleteOtpGoogleTest","Surefire test","testcases.backoffice.googleauth.DeleteOtpGoogleTest","deleteOtpGoogleWithAdminCryptoLogin"
"Get Group Detail Backoffice Dengan Group Id Sangat Panjang (10.000 karakter)","4691","getGroupDetailWithOverlongId","Surefire suite","Thu Sep 03 12:10:07 UTC 2026","passed","Thu Sep 03 12:10:11 UTC 2026","testcases.backoffice.GetGroupTest","Surefire test","testcases.backoffice.GetGroupTest","getGroupDetailWithOverlongId"
"Get Detail Waiting Company Backoffice Dengan Format Id Tidak Valid (Bukan ObjectId)","4568","getDetailWaitingCompanyWithMalformedId","Surefire suite","Thu Sep 03 12:21:14 UTC 2026","passed","Thu Sep 03 12:21:19 UTC 2026","testcases.backoffice.GetDetailWaitingCompanyTest","Surefire test","testcases.backoffice.GetDetailWaitingCompanyTest","getDetailWaitingCompanyWithMalformedId"
"Delete Manage Settlement BO Dengan Token Backoffice Valid Tapi Tanpa Header pbyv","4518","deleteManageSettlementWithoutPbyvHeader","Surefire suite","Thu Sep 03 12:39:17 UTC 2026","passed","Thu Sep 03 12:39:21 UTC 2026","testcases.backoffice.settlement.DeleteManageSettlementTest","Surefire test","testcases.backoffice.settlement.DeleteManageSettlementTest","deleteManageSettlementWithoutPbyvHeader"
"Create Manage Settlement BO Dengan companyList Kosong ([])","4693","addManageSettlementWithEmptyCompanyList","Surefire suite","Thu Sep 03 12:30:53 UTC 2026","passed","Thu Sep 03 12:30:58 UTC 2026","testcases.backoffice.settlement.AddManageSettlementTest","Surefire test","testcases.backoffice.settlement.AddManageSettlementTest","addManageSettlementWithEmptyCompanyList"
"Create Manage Settlement BO Ke Path yang Tidak Ada (Typo)","4810","addManageSettlementWithWrongPath","Surefire suite","Thu Sep 03 12:33:15 UTC 2026","passed","Thu Sep 03 12:33:20 UTC 2026","testcases.backoffice.settlement.AddManageSettlementTest","Surefire test","testcases.backoffice.settlement.AddManageSettlementTest","addManageSettlementWithWrongPath"
"Transfer Different Partner Reference, Manual Transfer to USDT Transfer","24040","trfPartnerRefManualFailed","Surefire suite","Thu Sep 03 11:04:00 UTC 2026","passed","Thu Sep 03 11:04:24 UTC 2026","testcases.transfer.TransferUSDTTest","Surefire test","testcases.transfer.TransferUSDTTest","trfPartnerRefManualFailed"
"Create Manage Settlement BO Dengan companyId Duplikat (Sudah Terdaftar)","10602","addManageSettlementWithDuplicateCompanyId","Surefire suite","Thu Sep 03 12:30:32 UTC 2026","passed","Thu Sep 03 12:30:43 UTC 2026","testcases.backoffice.settlement.AddManageSettlementTest","Surefire test","testcases.backoffice.settlement.AddManageSettlementTest","addManageSettlementWithDuplicateCompanyId"
"Mutasi Transfer","7759","mutasiTransferAdminCrypto","Surefire suite","Thu Sep 03 11:41:33 UTC 2026","passed","Thu Sep 03 11:41:41 UTC 2026","testcases.mutasi.MutasiTransferTest","Surefire test","testcases.mutasi.MutasiTransferTest","mutasiTransferAdminCrypto"
"Login Merchant tanpa Parameter Password","2863","testLoginMissingPasswordParam","Surefire suite","Thu Sep 03 10:29:15 UTC 2026","passed","Thu Sep 03 10:29:18 UTC 2026","testcases.auth.LoginTest","Surefire test","testcases.auth.LoginTest","testLoginMissingPasswordParam"
"Resend Google Authenticator Dengan Field Tidak Dikenal pada Body","6070","resendOtpGoogleWithUnknownField","Surefire suite","Thu Sep 03 13:02:07 UTC 2026","passed","Thu Sep 03 13:02:13 UTC 2026","testcases.backoffice.googleauth.ResendOtpGoogleTest","Surefire test","testcases.backoffice.googleauth.ResendOtpGoogleTest","resendOtpGoogleWithUnknownField"
"Get Dashboard User Backoffice","7314","getDashboardSuperBO","Surefire suite","Thu Sep 03 11:16:28 UTC 2026","passed","Thu Sep 03 11:16:35 UTC 2026","testcases.backoffice.GetDashboardTest","Surefire test","testcases.backoffice.GetDashboardTest","getDashboardSuperBO"
"Get List Group Company BO Ke Path yang Tidak Ada (Typo)","4501","getListGroupCompanyWithWrongPath","Surefire suite","Thu Sep 03 12:43:44 UTC 2026","failed","Thu Sep 03 12:43:48 UTC 2026","testcases.backoffice.settlement.GetListGroupCompanyTest","Surefire test","testcases.backoffice.settlement.GetListGroupCompanyTest","getListGroupCompanyWithWrongPath"
"Test Approve Special Transfer dengan check Fee di Admin Fee","24855","approvedSpecialTransferBalance","Surefire suite","Thu Sep 03 11:22:08 UTC 2026","passed","Thu Sep 03 11:22:32 UTC 2026","testcases.backoffice.ApprovalTransferTest","Surefire test","testcases.backoffice.ApprovalTransferTest","approvedSpecialTransferBalance"
"Delete Google Authenticator Menggunakan HTTP Method POST","4734","deleteOtpGoogleWithPostMethod","Surefire suite","Thu Sep 03 13:07:00 UTC 2026","passed","Thu Sep 03 13:07:05 UTC 2026","testcases.backoffice.googleauth.DeleteOtpGoogleTest","Surefire test","testcases.backoffice.googleauth.DeleteOtpGoogleTest","deleteOtpGoogleWithPostMethod"
"Get Group Detail Backoffice Menggunakan HTTP Method DELETE","4641","getGroupDetailWithDeleteMethod","Surefire suite","Thu Sep 03 12:08:52 UTC 2026","passed","Thu Sep 03 12:08:57 UTC 2026","testcases.backoffice.GetGroupTest","Surefire test","testcases.backoffice.GetGroupTest","getGroupDetailWithDeleteMethod"
"Login Merchant tanpa Parameter Captcha","2860","testLoginMissingCaptchaParam","Surefire suite","Thu Sep 03 10:29:09 UTC 2026","passed","Thu Sep 03 10:29:12 UTC 2026","testcases.auth.LoginTest","Surefire test","testcases.auth.LoginTest","testLoginMissingCaptchaParam"
"Test Approved Special Transfer Supervisor","11202","approvedSpecialTransferSupervisor","Surefire suite","Thu Sep 03 11:22:35 UTC 2026","passed","Thu Sep 03 11:22:47 UTC 2026","testcases.backoffice.ApprovalTransferTest","Surefire test","testcases.backoffice.ApprovalTransferTest","approvedSpecialTransferSupervisor"
"Create Manage Settlement BO Menggunakan Login CS Admin","4661","addManageSettlementWithCSAdminLogin","Surefire suite","Thu Sep 03 12:30:09 UTC 2026","passed","Thu Sep 03 12:30:14 UTC 2026","testcases.backoffice.settlement.AddManageSettlementTest","Surefire test","testcases.backoffice.settlement.AddManageSettlementTest","addManageSettlementWithCSAdminLogin"
"Get List Google Authenticator Dengan Sort Tanpa Operator '=='","4945","listOtpGoogleWithMalformedSortOperator","Surefire suite","Thu Sep 03 12:54:46 UTC 2026","passed","Thu Sep 03 12:54:51 UTC 2026","testcases.backoffice.googleauth.ListOtpGoogleTest","Surefire test","testcases.backoffice.googleauth.ListOtpGoogleTest","listOtpGoogleWithMalformedSortOperator"
"Delete Google Authenticator Menggunakan Login CS Admin","4979","deleteOtpGoogleWithCSAdminLogin","Surefire suite","Thu Sep 03 13:05:19 UTC 2026","passed","Thu Sep 03 13:05:24 UTC 2026","testcases.backoffice.googleauth.DeleteOtpGoogleTest","Surefire test","testcases.backoffice.googleauth.DeleteOtpGoogleTest","deleteOtpGoogleWithCSAdminLogin"
"Delete Manage Settlement BO Menggunakan HTTP Method PATCH","4404","deleteManageSettlementWithPatchMethod","Surefire suite","Thu Sep 03 12:38:01 UTC 2026","passed","Thu Sep 03 12:38:05 UTC 2026","testcases.backoffice.settlement.DeleteManageSettlementTest","Surefire test","testcases.backoffice.settlement.DeleteManageSettlementTest","deleteManageSettlementWithPatchMethod"
"Success Login Admin","5876","testLoginAdmin","Surefire suite","Thu Sep 03 10:27:52 UTC 2026","passed","Thu Sep 03 10:27:58 UTC 2026","testcases.auth.LoginTest","Surefire test","testcases.auth.LoginTest","testLoginAdmin"
"List Manage Settlement Backoffice Dengan Sort Tanpa Operator '=='","4411","listManageSettlementWithMalformedSortOperator","Surefire suite","Thu Sep 03 12:26:08 UTC 2026","passed","Thu Sep 03 12:26:12 UTC 2026","testcases.backoffice.settlement.ManageSettlementTest","Surefire test","testcases.backoffice.settlement.ManageSettlementTest","listManageSettlementWithMalformedSortOperator"
"Transfer with Wrong Pin","22319","transferWrongPin","Surefire suite","Thu Sep 03 10:54:36 UTC 2026","passed","Thu Sep 03 10:54:58 UTC 2026","testcases.transfer.SpecialTransferTest","Surefire test","testcases.transfer.SpecialTransferTest","transferWrongPin"
"Get Notification Sender Dengan pinValidasi Kosong","4511","getNotificationSenderWithEmptyPinValidasi","Surefire suite","Thu Sep 03 12:47:15 UTC 2026","passed","Thu Sep 03 12:47:19 UTC 2026","testcases.backoffice.notifsender.NotificationSenderTest","Surefire test","testcases.backoffice.notifsender.NotificationSenderTest","getNotificationSenderWithEmptyPinValidasi"
"Get Dashboard Backoffice Menggunakan Login Customer Service","4451","getDashboardWithCSLogin","Surefire suite","Thu Sep 03 11:17:01 UTC 2026","passed","Thu Sep 03 11:17:06 UTC 2026","testcases.backoffice.GetDashboardTest","Surefire test","testcases.backoffice.GetDashboardTest","getDashboardWithCSLogin"
"Normal Transfer Success","10497","transfer","Surefire suite","Thu Sep 03 10:48:00 UTC 2026","passed","Thu Sep 03 10:48:10 UTC 2026","testcases.transfer.TransferTest","Surefire test","testcases.transfer.TransferTest","transfer"
"List Company Backoffice Dengan Body JSON Tidak Valid (Malformed)","4541","listCompanyWithMalformedJson","Surefire suite","Thu Sep 03 12:13:50 UTC 2026","passed","Thu Sep 03 12:13:55 UTC 2026","testcases.backoffice.ListCompanyTest","Surefire test","testcases.backoffice.ListCompanyTest","listCompanyWithMalformedJson"
"Get Group Backoffice Dengan Token Tidak Valid","1437","getGroupWithInvalidToken","Surefire suite","Thu Sep 03 11:17:56 UTC 2026","passed","Thu Sep 03 11:17:57 UTC 2026","testcases.backoffice.GetDashboardTest","Surefire test","testcases.backoffice.GetDashboardTest","getGroupWithInvalidToken"
"List Waiting Company Backoffice Menggunakan Login Merchant","4547","listWaitingCompanyWithMerchantLogin","Surefire suite","Thu Sep 03 12:17:55 UTC 2026","passed","Thu Sep 03 12:17:59 UTC 2026","testcases.backoffice.ListWaitingCompanyTest","Surefire test","testcases.backoffice.ListWaitingCompanyTest","listWaitingCompanyWithMerchantLogin"
"Add Merchant From CS Admin","4812","addCompanyCsAdmin","Surefire suite","Thu Sep 03 11:50:55 UTC 2026","passed","Thu Sep 03 11:51:00 UTC 2026","testcases.backoffice.AddCompanyTest","Surefire test","testcases.backoffice.AddCompanyTest","addCompanyCsAdmin"
"Reset Password Merchant","4451","resetPasswordMerchant","Surefire suite","Thu Sep 03 13:11:11 UTC 2026","passed","Thu Sep 03 13:11:16 UTC 2026","testcases.settings.ResetPasswordTest","Surefire test","testcases.settings.ResetPasswordTest","resetPasswordMerchant"
"Test Get Report Transaction Group","4540","getReportTransactionAdmin","Surefire suite","Thu Sep 03 11:47:41 UTC 2026","passed","Thu Sep 03 11:47:46 UTC 2026","testcases.report.ReportTransactionTest","Surefire test","testcases.report.ReportTransactionTest","getReportTransactionAdmin"
"Get Detail User Backoffice Dengan User Id yang Tidak Ada","4797","getUsersWithNonExistentId","Surefire suite","Thu Sep 03 12:05:02 UTC 2026","passed","Thu Sep 03 12:05:07 UTC 2026","testcases.backoffice.ListUsersTest","Surefire test","testcases.backoffice.ListUsersTest","getUsersWithNonExistentId"
"Resend Google Authenticator Dengan Header Authorization Tanpa Skema Bearer","1710","resendOtpGoogleWithMalformedAuthorizationHeader","Surefire suite","Thu Sep 03 13:00:14 UTC 2026","passed","Thu Sep 03 13:00:15 UTC 2026","testcases.backoffice.googleauth.ResendOtpGoogleTest","Surefire test","testcases.backoffice.googleauth.ResendOtpGoogleTest","resendOtpGoogleWithMalformedAuthorizationHeader"
"Get Detail Waiting Company Backoffice Menggunakan HTTP Method PUT","4549","getDetailWaitingCompanyWithPutMethod","Surefire suite","Thu Sep 03 12:22:07 UTC 2026","passed","Thu Sep 03 12:22:12 UTC 2026","testcases.backoffice.GetDetailWaitingCompanyTest","Surefire test","testcases.backoffice.GetDetailWaitingCompanyTest","getDetailWaitingCompanyWithPutMethod"
"Reset Password Group","4637","resetPasswordGroup","Surefire suite","Thu Sep 03 13:10:56 UTC 2026","passed","Thu Sep 03 13:11:00 UTC 2026","testcases.settings.ResetPasswordTest","Surefire test","testcases.settings.ResetPasswordTest","resetPasswordGroup"
"Get User Backoffice Menggunakan Login Admin Crypto","4511","getUserWithAdminCryptoLogin","Surefire suite","Thu Sep 03 11:18:20 UTC 2026","passed","Thu Sep 03 11:18:24 UTC 2026","testcases.backoffice.GetDashboardTest","Surefire test","testcases.backoffice.GetDashboardTest","getUserWithAdminCryptoLogin"
"Resend Google Authenticator Dengan email Sangat Panjang (10.000 karakter)","5280","resendOtpGoogleWithOverlongEmail","Surefire suite","Thu Sep 03 13:01:26 UTC 2026","passed","Thu Sep 03 13:01:31 UTC 2026","testcases.backoffice.googleauth.ResendOtpGoogleTest","Surefire test","testcases.backoffice.googleauth.ResendOtpGoogleTest","resendOtpGoogleWithOverlongEmail"
"Success Login Admin Crypto","3161","testLoginAdminCrypto","Surefire suite","Thu Sep 03 10:28:01 UTC 2026","passed","Thu Sep 03 10:28:05 UTC 2026","testcases.auth.LoginTest","Surefire test","testcases.auth.LoginTest","testLoginAdminCrypto"
"Mutasi Transfer Supervisor","8088","mutasiTransferSupervisor","Surefire suite","Thu Sep 03 11:42:27 UTC 2026","passed","Thu Sep 03 11:42:35 UTC 2026","testcases.mutasi.MutasiTransferTest","Surefire test","testcases.mutasi.MutasiTransferTest","mutasiTransferSupervisor"
"Transfer Different Partner Reference, USDT Transfer to Manual Transfer","21103","trfPartnerRefUSDTFailed","Surefire suite","Thu Sep 03 11:00:06 UTC 2026","passed","Thu Sep 03 11:00:27 UTC 2026","testcases.transfer.ManualTransferTest","Surefire test","testcases.transfer.ManualTransferTest","trfPartnerRefUSDTFailed"
"Get Balance Merchant with Login Admin","8296","getBalanceAdmin","Surefire suite","Thu Sep 03 11:12:59 UTC 2026","passed","Thu Sep 03 11:13:07 UTC 2026","testcases.balance.GetBalanceQrisTest","Surefire test","testcases.balance.GetBalanceQrisTest","getBalanceAdmin"
"Delete Manage Settlement BO Menggunakan Login Marketing","4559","deleteManageSettlementWithMarketingLogin","Surefire suite","Thu Sep 03 12:37:30 UTC 2026","passed","Thu Sep 03 12:37:35 UTC 2026","testcases.backoffice.settlement.DeleteManageSettlementTest","Surefire test","testcases.backoffice.settlement.DeleteManageSettlementTest","deleteManageSettlementWithMarketingLogin"
"Get Notification Sender Dengan pinValidasi Berupa null","4416","getNotificationSenderWithNullPinValidasi","Surefire suite","Thu Sep 03 12:49:01 UTC 2026","passed","Thu Sep 03 12:49:06 UTC 2026","testcases.backoffice.notifsender.NotificationSenderTest","Surefire test","testcases.backoffice.notifsender.NotificationSenderTest","getNotificationSenderWithNullPinValidasi"
"Reset Password Admin Crypto","4892","resetPasswordAdminCrypto","Surefire suite","Thu Sep 03 13:10:23 UTC 2026","passed","Thu Sep 03 13:10:28 UTC 2026","testcases.settings.ResetPasswordTest","Surefire test","testcases.settings.ResetPasswordTest","resetPasswordAdminCrypto"
"Get Detail Waiting Company Backoffice Tanpa Login/Header Auth","1515","getDetailWaitingCompanyWithoutAuth","Surefire suite","Thu Sep 03 12:22:45 UTC 2026","passed","Thu Sep 03 12:22:46 UTC 2026","testcases.backoffice.GetDetailWaitingCompanyTest","Surefire test","testcases.backoffice.GetDetailWaitingCompanyTest","getDetailWaitingCompanyWithoutAuth"
"Create Manage Settlement BO Dengan Token Tidak Valid","1466","addManageSettlementWithInvalidToken","Surefire suite","Thu Sep 03 12:31:28 UTC 2026","passed","Thu Sep 03 12:31:30 UTC 2026","testcases.backoffice.settlement.AddManageSettlementTest","Surefire test","testcases.backoffice.settlement.AddManageSettlementTest","addManageSettlementWithInvalidToken"
"Create Manage Settlement BO Menggunakan Login Merchant","4371","addManageSettlementWithMerchantLogin","Surefire suite","Thu Sep 03 12:32:00 UTC 2026","passed","Thu Sep 03 12:32:05 UTC 2026","testcases.backoffice.settlement.AddManageSettlementTest","Surefire test","testcases.backoffice.settlement.AddManageSettlementTest","addManageSettlementWithMerchantLogin"
"Normal Transfer USDT Success Admin Crypto","21988","usdtTransferAdminCrypto","Surefire suite","Thu Sep 03 11:05:15 UTC 2026","failed","Thu Sep 03 11:05:36 UTC 2026","testcases.transfer.TransferUSDTTest","Surefire test","testcases.transfer.TransferUSDTTest","usdtTransferAdminCrypto"
"Create Manage Settlement BO","12367","addManageSettlementBO","Surefire suite","Thu Sep 03 12:29:31 UTC 2026","passed","Thu Sep 03 12:29:43 UTC 2026","testcases.backoffice.settlement.AddManageSettlementTest","Surefire test","testcases.backoffice.settlement.AddManageSettlementTest","addManageSettlementBO"
"Mutasi USDT Transfer Balance","24765","mutasiUSDTTransferBalanceSupervisor","Surefire suite","Thu Sep 03 11:44:38 UTC 2026","failed","Thu Sep 03 11:45:03 UTC 2026","testcases.mutasi.MutasiTransferTest","Surefire test","testcases.mutasi.MutasiTransferTest","mutasiUSDTTransferBalanceSupervisor"
"Get Detail Waiting Company Backoffice Dengan Token Kadaluarsa","1490","getDetailWaitingCompanyWithExpiredToken","Surefire suite","Thu Sep 03 12:20:53 UTC 2026","passed","Thu Sep 03 12:20:55 UTC 2026","testcases.backoffice.GetDetailWaitingCompanyTest","Surefire test","testcases.backoffice.GetDetailWaitingCompanyTest","getDetailWaitingCompanyWithExpiredToken"
"Get Detail User Backoffice Tanpa Login/Header Auth","1564","getUsersWithoutAuth","Surefire suite","Thu Sep 03 12:05:10 UTC 2026","passed","Thu Sep 03 12:05:12 UTC 2026","testcases.backoffice.ListUsersTest","Surefire test","testcases.backoffice.ListUsersTest","getUsersWithoutAuth"
"Get Notification Sender Dengan Body Berupa Literal null","4348","getNotificationSenderWithNullLiteralBody","Surefire suite","Thu Sep 03 12:48:54 UTC 2026","passed","Thu Sep 03 12:48:58 UTC 2026","testcases.backoffice.notifsender.NotificationSenderTest","Surefire test","testcases.backoffice.notifsender.NotificationSenderTest","getNotificationSenderWithNullLiteralBody"
"Get Detail Waiting Company Backoffice Dengan Id Sangat Panjang (10.000 karakter)","4388","getDetailWaitingCompanyWithOverlongId","Surefire suite","Thu Sep 03 12:21:44 UTC 2026","passed","Thu Sep 03 12:21:49 UTC 2026","testcases.backoffice.GetDetailWaitingCompanyTest","Surefire test","testcases.backoffice.GetDetailWaitingCompanyTest","getDetailWaitingCompanyWithOverlongId"
"Normal Flop Supervisor Transfer Success","7059","flopTransferSupervisor","Surefire suite","Thu Sep 03 11:09:16 UTC 2026","passed","Thu Sep 03 11:09:23 UTC 2026","testcases.transfer.TransferFlopTest","Surefire test","testcases.transfer.TransferFlopTest","flopTransferSupervisor"
"Get List Google Authenticator Dengan Karakter SQL Injection pada Field param","5847","listOtpGoogleWithSqlInjectionParam","Surefire suite","Thu Sep 03 12:55:41 UTC 2026","passed","Thu Sep 03 12:55:46 UTC 2026","testcases.backoffice.googleauth.ListOtpGoogleTest","Surefire test","testcases.backoffice.googleauth.ListOtpGoogleTest","listOtpGoogleWithSqlInjectionParam"
"Get Balance Merchant with Login Admin Crypto","4563","getBalanceAdminLoginAdminCrypto","Surefire suite","Thu Sep 03 11:13:10 UTC 2026","passed","Thu Sep 03 11:13:15 UTC 2026","testcases.balance.GetBalanceQrisTest","Surefire test","testcases.balance.GetBalanceQrisTest","getBalanceAdminLoginAdminCrypto"
"Resend Google Authenticator Dengan email Tidak Terdaftar","4967","resendOtpGoogleWithNonExistentEmail","Surefire suite","Thu Sep 03 13:00:54 UTC 2026","passed","Thu Sep 03 13:00:59 UTC 2026","testcases.backoffice.googleauth.ResendOtpGoogleTest","Surefire test","testcases.backoffice.googleauth.ResendOtpGoogleTest","resendOtpGoogleWithNonExistentEmail"
"Delete Google Authenticator Menggunakan HTTP Method PUT","4681","deleteOtpGoogleWithPutMethod","Surefire suite","Thu Sep 03 13:07:08 UTC 2026","passed","Thu Sep 03 13:07:13 UTC 2026","testcases.backoffice.googleauth.DeleteOtpGoogleTest","Surefire test","testcases.backoffice.googleauth.DeleteOtpGoogleTest","deleteOtpGoogleWithPutMethod"
"Create Manage Settlement BO Dengan Item companyList Tanpa companyId","4535","addManageSettlementWithoutCompanyId","Surefire suite","Thu Sep 03 12:33:43 UTC 2026","passed","Thu Sep 03 12:33:47 UTC 2026","testcases.backoffice.settlement.AddManageSettlementTest","Surefire test","testcases.backoffice.settlement.AddManageSettlementTest","addManageSettlementWithoutCompanyId"
"Get Group Detail Backoffice Dengan Group Id yang Tidak Ada","4799","getGroupDetailWithNonExistentId","Surefire suite","Thu Sep 03 12:09:59 UTC 2026","passed","Thu Sep 03 12:10:04 UTC 2026","testcases.backoffice.GetGroupTest","Surefire test","testcases.backoffice.GetGroupTest","getGroupDetailWithNonExistentId"
"Get List Google Authenticator Menggunakan Login Admin","4660","listOtpGoogleWithAdminLogin","Surefire suite","Thu Sep 03 12:53:01 UTC 2026","passed","Thu Sep 03 12:53:06 UTC 2026","testcases.backoffice.googleauth.ListOtpGoogleTest","Surefire test","testcases.backoffice.googleauth.ListOtpGoogleTest","listOtpGoogleWithAdminLogin"
"List Manage Settlement Backoffice Dengan Content-Type text/plain","4403","listManageSettlementWithWrongContentType","Surefire suite","Thu Sep 03 12:27:23 UTC 2026","passed","Thu Sep 03 12:27:27 UTC 2026","testcases.backoffice.settlement.ManageSettlementTest","Surefire test","testcases.backoffice.settlement.ManageSettlementTest","listManageSettlementWithWrongContentType"
"Create Manage Settlement BO Dengan Tipe Data Salah pada companyList (String, Bukan Array)","4636","addManageSettlementWithInvalidFieldType","Surefire suite","Thu Sep 03 12:31:21 UTC 2026","passed","Thu Sep 03 12:31:25 UTC 2026","testcases.backoffice.settlement.AddManageSettlementTest","Surefire test","testcases.backoffice.settlement.AddManageSettlementTest","addManageSettlementWithInvalidFieldType"
"Transfer Different Partner Reference, USDT Transfer to Transfer","20406","trfPartnerRefSpecialFailed","Surefire suite","Thu Sep 03 11:04:27 UTC 2026","passed","Thu Sep 03 11:04:47 UTC 2026","testcases.transfer.TransferUSDTTest","Surefire test","testcases.transfer.TransferUSDTTest","trfPartnerRefSpecialFailed"
"Resend Google Authenticator Dengan Token Backoffice Valid Tapi Tanpa Header pbyv","4456","resendOtpGoogleWithoutPbyvHeader","Surefire suite","Thu Sep 03 13:02:52 UTC 2026","passed","Thu Sep 03 13:02:57 UTC 2026","testcases.backoffice.googleauth.ResendOtpGoogleTest","Surefire test","testcases.backoffice.googleauth.ResendOtpGoogleTest","resendOtpGoogleWithoutPbyvHeader"
"Get Balance Admin Transfer","8442","getBalanceAdmin","Surefire suite","Thu Sep 03 11:15:06 UTC 2026","passed","Thu Sep 03 11:15:14 UTC 2026","testcases.balance.GetBalanceTransferTest","Surefire test","testcases.balance.GetBalanceTransferTest","getBalanceAdmin"
"Normal Flop Transfer Success Admin Crypto","9766","flopTransferAdminCrypto","Surefire suite","Thu Sep 03 11:08:36 UTC 2026","passed","Thu Sep 03 11:08:45 UTC 2026","testcases.transfer.TransferFlopTest","Surefire test","testcases.transfer.TransferFlopTest","flopTransferAdminCrypto"
"Get Detail Waiting Company Backoffice Tanpa Id (Path Kosong)","5046","getDetailWaitingCompanyWithEmptyId","Surefire suite","Thu Sep 03 12:20:45 UTC 2026","passed","Thu Sep 03 12:20:50 UTC 2026","testcases.backoffice.GetDetailWaitingCompanyTest","Surefire test","testcases.backoffice.GetDetailWaitingCompanyTest","getDetailWaitingCompanyWithEmptyId"
"Inquiry Test Special Transfer Merchant","7698","inquirySpecialTransfer","Surefire suite","Thu Sep 03 10:52:34 UTC 2026","passed","Thu Sep 03 10:52:42 UTC 2026","testcases.transfer.InquirySpecialTransferTest","Surefire test","testcases.transfer.InquirySpecialTransferTest","inquirySpecialTransfer"
"Transfer Different Partner Reference, Transfer to Manual Transfer","20323","trfPartnerRefTransferFailed","Surefire suite","Thu Sep 03 10:59:42 UTC 2026","passed","Thu Sep 03 11:00:03 UTC 2026","testcases.transfer.ManualTransferTest","Surefire test","testcases.transfer.ManualTransferTest","trfPartnerRefTransferFailed"
"Get List Group Company BO Dengan Token Tidak Valid","1443","getListGroupCompanyWithInvalidToken","Surefire suite","Thu Sep 03 12:42:13 UTC 2026","broken","Thu Sep 03 12:42:14 UTC 2026","testcases.backoffice.settlement.GetListGroupCompanyTest","Surefire test","testcases.backoffice.settlement.GetListGroupCompanyTest","getListGroupCompanyWithInvalidToken"
"Mutasi Special Transfer Balance Supervisor CS","25485","mutasiSpecialTransferBalanceSupervisorCS","Surefire suite","Thu Sep 03 11:39:43 UTC 2026","passed","Thu Sep 03 11:40:09 UTC 2026","testcases.mutasi.MutasiTransferTest","Surefire test","testcases.mutasi.MutasiTransferTest","mutasiSpecialTransferBalanceSupervisorCS"
"Create Manage Settlement BO Dengan Token Backoffice Valid Tapi Tanpa Header pbyv","4631","addManageSettlementWithoutPbyvHeader","Surefire suite","Thu Sep 03 12:34:05 UTC 2026","passed","Thu Sep 03 12:34:10 UTC 2026","testcases.backoffice.settlement.AddManageSettlementTest","Surefire test","testcases.backoffice.settlement.AddManageSettlementTest","addManageSettlementWithoutPbyvHeader"
"Test Get Report Company Merchant","4963","getReportCompanyAdmin","Surefire suite","Thu Sep 03 11:47:18 UTC 2026","passed","Thu Sep 03 11:47:23 UTC 2026","testcases.report.ReportTransactionTest","Surefire test","testcases.report.ReportTransactionTest","getReportCompanyAdmin"
"Get Group Detail Backoffice Menggunakan HTTP Method PUT","4539","getGroupDetailWithPutMethod","Surefire suite","Thu Sep 03 12:10:30 UTC 2026","passed","Thu Sep 03 12:10:34 UTC 2026","testcases.backoffice.GetGroupTest","Surefire test","testcases.backoffice.GetGroupTest","getGroupDetailWithPutMethod"
"Mutasi Special Transfer Balance CS","25312","mutasiSpecialTransferBalanceCS","Surefire suite","Thu Sep 03 11:38:48 UTC 2026","passed","Thu Sep 03 11:39:13 UTC 2026","testcases.mutasi.MutasiTransferTest","Surefire test","testcases.mutasi.MutasiTransferTest","mutasiSpecialTransferBalanceCS"
"Mutasi Manual Transfer Balance","32683","mutasiManualTransferBalance","Surefire suite","Thu Sep 03 11:34:08 UTC 2026","passed","Thu Sep 03 11:34:41 UTC 2026","testcases.mutasi.MutasiTransferTest","Surefire test","testcases.mutasi.MutasiTransferTest","mutasiManualTransferBalance"
"Get Balance Admin Crypto Transfer","4981","getBalanceAdminCrypto","Surefire suite","Thu Sep 03 11:15:18 UTC 2026","passed","Thu Sep 03 11:15:22 UTC 2026","testcases.balance.GetBalanceTransferTest","Surefire test","testcases.balance.GetBalanceTransferTest","getBalanceAdminCrypto"
"Get History USDT Transfer Supervisor on Login CS Admin","20281","historyUSDTTransferSupervisorTestCSAdmin","Surefire suite","Thu Sep 03 10:41:38 UTC 2026","failed","Thu Sep 03 10:41:59 UTC 2026","testcases.history.HistoryTransferTest","Surefire test","testcases.history.HistoryTransferTest","historyUSDTTransferSupervisorTestCSAdmin"
"List Manage Settlement Backoffice Menggunakan Login Customer Service","4593","listManageSettlementWithCSLogin","Surefire suite","Thu Sep 03 12:24:54 UTC 2026","passed","Thu Sep 03 12:24:58 UTC 2026","testcases.backoffice.settlement.ManageSettlementTest","Surefire test","testcases.backoffice.settlement.ManageSettlementTest","listManageSettlementWithCSLogin"
"Test Settlement USDT dengan check Fee di Admin Crypto dan Admin Fee","20276","settlementUSDT","Surefire suite","Thu Sep 03 11:27:28 UTC 2026","failed","Thu Sep 03 11:27:48 UTC 2026","testcases.backoffice.ApprovalTransferTest","Surefire test","testcases.backoffice.ApprovalTransferTest","settlementUSDT"
"Delete Manage Settlement BO Menggunakan Login Merchant","4575","deleteManageSettlementWithMerchantLogin","Surefire suite","Thu Sep 03 12:37:38 UTC 2026","passed","Thu Sep 03 12:37:42 UTC 2026","testcases.backoffice.settlement.DeleteManageSettlementTest","Surefire test","testcases.backoffice.settlement.DeleteManageSettlementTest","deleteManageSettlementWithMerchantLogin"
"List Manage Settlement Backoffice Dengan Page/Size Negatif","4468","listManageSettlementWithNegativePageSize","Surefire suite","Thu Sep 03 12:26:30 UTC 2026","passed","Thu Sep 03 12:26:35 UTC 2026","testcases.backoffice.settlement.ManageSettlementTest","Surefire test","testcases.backoffice.settlement.ManageSettlementTest","listManageSettlementWithNegativePageSize"
"Get History USDT Transfer Merchant on Login CS Admin","20272","historyUSDTTransferMerchantTestCSAdmin","Surefire suite","Thu Sep 03 10:41:15 UTC 2026","failed","Thu Sep 03 10:41:35 UTC 2026","testcases.history.HistoryTransferTest","Surefire test","testcases.history.HistoryTransferTest","historyUSDTTransferMerchantTestCSAdmin"
"List User Backoffice Dengan Field Sort Merujuk ke Kolom yang Tidak Ada","4694","listUsersWithInvalidSortField","Surefire suite","Thu Sep 03 12:06:01 UTC 2026","passed","Thu Sep 03 12:06:06 UTC 2026","testcases.backoffice.ListUsersTest","Surefire test","testcases.backoffice.ListUsersTest","listUsersWithInvalidSortField"
"","5162","generateQRCodeClosed","Surefire suite","Thu Sep 03 10:45:38 UTC 2026","passed","Thu Sep 03 10:45:43 UTC 2026","testcases.QR.GenerateQRTest","Surefire test","testcases.QR.GenerateQRTest","generateQRCodeClosed"
"Transfer Different Partner Reference, Special Transfer to Transfer","20913","trfPartnerRefSpecialFailed","Surefire suite","Thu Sep 03 10:50:13 UTC 2026","passed","Thu Sep 03 10:50:33 UTC 2026","testcases.transfer.TransferTest","Surefire test","testcases.transfer.TransferTest","trfPartnerRefSpecialFailed"
"Get Detail User Backoffice","7030","getUsersBO","Surefire suite","Thu Sep 03 12:04:25 UTC 2026","passed","Thu Sep 03 12:04:32 UTC 2026","testcases.backoffice.ListUsersTest","Surefire test","testcases.backoffice.ListUsersTest","getUsersBO"
"Get List Group Company BO Dengan Header groupName Kosong","4463","getListGroupCompanyWithEmptyGroupNameHeader","Surefire suite","Thu Sep 03 12:42:01 UTC 2026","passed","Thu Sep 03 12:42:05 UTC 2026","testcases.backoffice.settlement.GetListGroupCompanyTest","Surefire test","testcases.backoffice.settlement.GetListGroupCompanyTest","getListGroupCompanyWithEmptyGroupNameHeader"
"Get List Group Company BO Menggunakan HTTP Method POST","4410","getListGroupCompanyWithPostMethod","Surefire suite","Thu Sep 03 12:43:07 UTC 2026","failed","Thu Sep 03 12:43:11 UTC 2026","testcases.backoffice.settlement.GetListGroupCompanyTest","Surefire test","testcases.backoffice.settlement.GetListGroupCompanyTest","getListGroupCompanyWithPostMethod"
"Get List Group Company BO Menggunakan Login Supervisor","4507","getListGroupCompanyWithSupervisorLogin","Surefire suite","Thu Sep 03 12:43:29 UTC 2026","broken","Thu Sep 03 12:43:33 UTC 2026","testcases.backoffice.settlement.GetListGroupCompanyTest","Surefire test","testcases.backoffice.settlement.GetListGroupCompanyTest","getListGroupCompanyWithSupervisorLogin"
"List Manage Settlement Backoffice Menggunakan Login Supervisor","4477","listManageSettlementWithSupervisorLogin","Surefire suite","Thu Sep 03 12:27:08 UTC 2026","passed","Thu Sep 03 12:27:12 UTC 2026","testcases.backoffice.settlement.ManageSettlementTest","Surefire test","testcases.backoffice.settlement.ManageSettlementTest","listManageSettlementWithSupervisorLogin"
"List Manage Settlement Backoffice Dengan Header Authorization Tanpa Skema Bearer","1430","listManageSettlementWithMalformedAuthorizationHeader","Surefire suite","Thu Sep 03 12:25:56 UTC 2026","passed","Thu Sep 03 12:25:57 UTC 2026","testcases.backoffice.settlement.ManageSettlementTest","Surefire test","testcases.backoffice.settlement.ManageSettlementTest","listManageSettlementWithMalformedAuthorizationHeader"
"List Refund Dengan Field Range Berisi Nilai Tidak Valid","4614","listRefundWithInvalidRange","Surefire suite","Thu Sep 03 12:02:07 UTC 2026","passed","Thu Sep 03 12:02:11 UTC 2026","testcases.backoffice.ListRefundTest","Surefire test","testcases.backoffice.ListRefundTest","listRefundWithInvalidRange"
"Get History Transfer Test Admin Crypto","7856","historyTransferTestAdminCrypto","Surefire suite","Thu Sep 03 10:40:39 UTC 2026","passed","Thu Sep 03 10:40:47 UTC 2026","testcases.history.HistoryTransferTest","Surefire test","testcases.history.HistoryTransferTest","historyTransferTestAdminCrypto"
"Get Detail Waiting Company Backoffice","7515","getDetailWaitingCompany","Surefire suite","Thu Sep 03 12:20:12 UTC 2026","passed","Thu Sep 03 12:20:19 UTC 2026","testcases.backoffice.GetDetailWaitingCompanyTest","Surefire test","testcases.backoffice.GetDetailWaitingCompanyTest","getDetailWaitingCompany"
"","8876","generateOpenQRCode","Surefire suite","Thu Sep 03 10:45:18 UTC 2026","passed","Thu Sep 03 10:45:26 UTC 2026","testcases.QR.GenerateQRTest","Surefire test","testcases.QR.GenerateQRTest","generateOpenQRCode"
"Mutasi Manual Transfer","27324","mutasiManualTransfer","Surefire suite","Thu Sep 03 11:33:38 UTC 2026","passed","Thu Sep 03 11:34:05 UTC 2026","testcases.mutasi.MutasiTransferTest","Surefire test","testcases.mutasi.MutasiTransferTest","mutasiManualTransfer"
"Delete Manage Settlement BO Dengan id Sangat Panjang (10.000 karakter)","4744","deleteManageSettlementWithOverlongId","Surefire suite","Thu Sep 03 12:37:53 UTC 2026","passed","Thu Sep 03 12:37:58 UTC 2026","testcases.backoffice.settlement.DeleteManageSettlementTest","Surefire test","testcases.backoffice.settlement.DeleteManageSettlementTest","deleteManageSettlementWithOverlongId"
"List Refund Menggunakan Login Marketing","4350","listRefundWithMarketingLogin","Surefire suite","Thu Sep 03 12:02:34 UTC 2026","passed","Thu Sep 03 12:02:38 UTC 2026","testcases.backoffice.ListRefundTest","Surefire test","testcases.backoffice.ListRefundTest","listRefundWithMarketingLogin"
"","4510","listSpecialTransfer","Surefire suite","Thu Sep 03 11:29:46 UTC 2026","passed","Thu Sep 03 11:29:51 UTC 2026","testcases.backoffice.ListTransferTest","Surefire test","testcases.backoffice.ListTransferTest","listSpecialTransfer"
"List User Backoffice Menggunakan Login Admin Crypto","4645","listUsersWithAdminCryptoLogin","Surefire suite","Thu Sep 03 12:05:22 UTC 2026","passed","Thu Sep 03 12:05:27 UTC 2026","testcases.backoffice.ListUsersTest","Surefire test","testcases.backoffice.ListUsersTest","listUsersWithAdminCryptoLogin"
"List Company Backoffice Dengan Content-Type text/plain","4466","listCompanyWithWrongContentType","Surefire suite","Thu Sep 03 12:14:35 UTC 2026","passed","Thu Sep 03 12:14:39 UTC 2026","testcases.backoffice.ListCompanyTest","Surefire test","testcases.backoffice.ListCompanyTest","listCompanyWithWrongContentType"
"Test Approved USDT","20559","approvedUSDTAdminCrypto","Surefire suite","Thu Sep 03 11:23:41 UTC 2026","failed","Thu Sep 03 11:24:01 UTC 2026","testcases.backoffice.ApprovalTransferTest","Surefire test","testcases.backoffice.ApprovalTransferTest","approvedUSDTAdminCrypto"
"Get List Google Authenticator Menggunakan Login Marketing","4563","listOtpGoogleWithMarketingLogin","Surefire suite","Thu Sep 03 12:54:54 UTC 2026","passed","Thu Sep 03 12:54:58 UTC 2026","testcases.backoffice.googleauth.ListOtpGoogleTest","Surefire test","testcases.backoffice.googleauth.ListOtpGoogleTest","listOtpGoogleWithMarketingLogin"
"Get Notification Sender Dengan pinValidasi Salah","4727","getNotificationSenderWithWrongPinValidasi","Surefire suite","Thu Sep 03 12:50:18 UTC 2026","passed","Thu Sep 03 12:50:23 UTC 2026","testcases.backoffice.notifsender.NotificationSenderTest","Surefire test","testcases.backoffice.notifsender.NotificationSenderTest","getNotificationSenderWithWrongPinValidasi"
"Get History Manual Transfer Test CS","11049","historyManualTransferTestCS","Surefire suite","Thu Sep 03 10:37:11 UTC 2026","passed","Thu Sep 03 10:37:22 UTC 2026","testcases.history.HistoryTransferTest","Surefire test","testcases.history.HistoryTransferTest","historyManualTransferTestCS"
"Get List Google Authenticator Menggunakan HTTP Method GET","5229","listOtpGoogleWithGetMethod","Surefire suite","Thu Sep 03 12:53:55 UTC 2026","passed","Thu Sep 03 12:54:00 UTC 2026","testcases.backoffice.googleauth.ListOtpGoogleTest","Surefire test","testcases.backoffice.googleauth.ListOtpGoogleTest","listOtpGoogleWithGetMethod"
"Resend Google Authenticator Menggunakan Login CS Admin","5083","resendOtpGoogleWithCSAdminLogin","Surefire suite","Thu Sep 03 12:59:15 UTC 2026","passed","Thu Sep 03 12:59:20 UTC 2026","testcases.backoffice.googleauth.ResendOtpGoogleTest","Surefire test","testcases.backoffice.googleauth.ResendOtpGoogleTest","resendOtpGoogleWithCSAdminLogin"
"Reset Password Marketing","4657","resetPasswordMarketing","Surefire suite","Thu Sep 03 13:11:03 UTC 2026","passed","Thu Sep 03 13:11:08 UTC 2026","testcases.settings.ResetPasswordTest","Surefire test","testcases.settings.ResetPasswordTest","resetPasswordMarketing"
"List Manage Settlement Backoffice Tanpa Body Sama Sekali","4456","listManageSettlementWithoutBody","Surefire suite","Thu Sep 03 12:27:50 UTC 2026","passed","Thu Sep 03 12:27:55 UTC 2026","testcases.backoffice.settlement.ManageSettlementTest","Surefire test","testcases.backoffice.settlement.ManageSettlementTest","listManageSettlementWithoutBody"
"Test Get Report Transaction CS","4768","getReportTransactionCS","Surefire suite","Thu Sep 03 11:47:49 UTC 2026","passed","Thu Sep 03 11:47:54 UTC 2026","testcases.report.ReportTransactionTest","Surefire test","testcases.report.ReportTransactionTest","getReportTransactionCS"
"Test Rejected Special Transfer Supervisor","14702","rejectedSpecialTransferSupervisor","Surefire suite","Thu Sep 03 11:26:16 UTC 2026","passed","Thu Sep 03 11:26:31 UTC 2026","testcases.backoffice.ApprovalTransferTest","Surefire test","testcases.backoffice.ApprovalTransferTest","rejectedSpecialTransferSupervisor"
"Reset Password Customer Service","4971","resetPasswordCS","Surefire suite","Thu Sep 03 13:10:39 UTC 2026","passed","Thu Sep 03 13:10:44 UTC 2026","testcases.settings.ResetPasswordTest","Surefire test","testcases.settings.ResetPasswordTest","resetPasswordCS"
"List Manage Settlement Backoffice Menggunakan HTTP Method PUT","4421","listManageSettlementWithPutMethod","Surefire suite","Thu Sep 03 12:26:53 UTC 2026","passed","Thu Sep 03 12:26:57 UTC 2026","testcases.backoffice.settlement.ManageSettlementTest","Surefire test","testcases.backoffice.settlement.ManageSettlementTest","listManageSettlementWithPutMethod"
"Get List Group Company BO Menggunakan Login Merchant","4524","getListGroupCompanyWithMerchantLogin","Surefire suite","Thu Sep 03 12:42:29 UTC 2026","broken","Thu Sep 03 12:42:34 UTC 2026","testcases.backoffice.settlement.GetListGroupCompanyTest","Surefire test","testcases.backoffice.settlement.GetListGroupCompanyTest","getListGroupCompanyWithMerchantLogin"
"Get List Group Company BO Dengan groupName Berbeda Kapitalisasi","4593","getListGroupCompanyWithDifferentCaseGroupName","Surefire suite","Thu Sep 03 12:41:53 UTC 2026","passed","Thu Sep 03 12:41:58 UTC 2026","testcases.backoffice.settlement.GetListGroupCompanyTest","Surefire test","testcases.backoffice.settlement.GetListGroupCompanyTest","getListGroupCompanyWithDifferentCaseGroupName"
"Mutasi Manual Transfer CS","26736","mutasiManualTransferCS","Surefire suite","Thu Sep 03 11:36:27 UTC 2026","passed","Thu Sep 03 11:36:54 UTC 2026","testcases.mutasi.MutasiTransferTest","Surefire test","testcases.mutasi.MutasiTransferTest","mutasiManualTransferCS"
"Reset Pin Admin","7840","resetPinAdmin","Surefire suite","Thu Sep 03 13:13:30 UTC 2026","passed","Thu Sep 03 13:13:38 UTC 2026","testcases.settings.ResetPinTest","Surefire test","testcases.settings.ResetPinTest","resetPinAdmin"
"Success Assignment Cash Deposit Supervisor","15775","assignCashDepositSupervisorTest","Surefire suite","Thu Sep 03 11:30:56 UTC 2026","passed","Thu Sep 03 11:31:12 UTC 2026","testcases.backoffice.TransferAssignmentTest","Surefire test","testcases.backoffice.TransferAssignmentTest","assignCashDepositSupervisorTest"
"Create Manage Settlement BO Menggunakan Login Customer Service","4713","addManageSettlementWithCSLogin","Surefire suite","Thu Sep 03 12:30:17 UTC 2026","passed","Thu Sep 03 12:30:22 UTC 2026","testcases.backoffice.settlement.AddManageSettlementTest","Surefire test","testcases.backoffice.settlement.AddManageSettlementTest","addManageSettlementWithCSLogin"
"Test Get Bank Statement","7892","getReportBankStatementAdmin","Surefire suite","Thu Sep 03 11:46:59 UTC 2026","passed","Thu Sep 03 11:47:07 UTC 2026","testcases.report.ReportTransactionTest","Surefire test","testcases.report.ReportTransactionTest","getReportBankStatementAdmin"
"Resend Google Authenticator Tanpa Login/Header Auth","1709","resendOtpGoogleWithoutAuth","Surefire suite","Thu Sep 03 13:02:40 UTC 2026","passed","Thu Sep 03 13:02:42 UTC 2026","testcases.backoffice.googleauth.ResendOtpGoogleTest","Surefire test","testcases.backoffice.googleauth.ResendOtpGoogleTest","resendOtpGoogleWithoutAuth"
"Get List Google Authenticator Dengan Field Sort Merujuk ke Kolom yang Tidak Ada","7434","listOtpGoogleWithInvalidSortField","Surefire suite","Thu Sep 03 12:54:19 UTC 2026","passed","Thu Sep 03 12:54:26 UTC 2026","testcases.backoffice.googleauth.ListOtpGoogleTest","Surefire test","testcases.backoffice.googleauth.ListOtpGoogleTest","listOtpGoogleWithInvalidSortField"
"Create Manage Settlement BO Menggunakan HTTP Method PATCH","4351","addManageSettlementWithPatchMethod","Surefire suite","Thu Sep 03 12:32:38 UTC 2026","passed","Thu Sep 03 12:32:42 UTC 2026","testcases.backoffice.settlement.AddManageSettlementTest","Surefire test","testcases.backoffice.settlement.AddManageSettlementTest","addManageSettlementWithPatchMethod"
"Test Settlement USDT CS Admin dengan check Fee di Admin Crypto dan Admin Fee","36016","settlementUSDTCSAdmin","Surefire suite","Thu Sep 03 11:27:51 UTC 2026","failed","Thu Sep 03 11:28:27 UTC 2026","testcases.backoffice.ApprovalTransferTest","Surefire test","testcases.backoffice.ApprovalTransferTest","settlementUSDTCSAdmin"
"Normal Balance Special Transfer Success","9872","specialTransferBalanceAdminCrypto","Surefire suite","Thu Sep 03 10:53:56 UTC 2026","passed","Thu Sep 03 10:54:06 UTC 2026","testcases.transfer.SpecialTransferTest","Surefire test","testcases.transfer.SpecialTransferTest","specialTransferBalanceAdminCrypto"
"Resend Google Authenticator Tanpa Body Sama Sekali","4511","resendOtpGoogleWithoutBody","Surefire suite","Thu Sep 03 13:02:45 UTC 2026","passed","Thu Sep 03 13:02:49 UTC 2026","testcases.backoffice.googleauth.ResendOtpGoogleTest","Surefire test","testcases.backoffice.googleauth.ResendOtpGoogleTest","resendOtpGoogleWithoutBody"
"Create Manage Settlement BO Dengan groupName Berupa null","4688","addManageSettlementWithNullGroupName","Surefire suite","Thu Sep 03 12:32:15 UTC 2026","passed","Thu Sep 03 12:32:20 UTC 2026","testcases.backoffice.settlement.AddManageSettlementTest","Surefire test","testcases.backoffice.settlement.AddManageSettlementTest","addManageSettlementWithNullGroupName"
"Get History Flop Transfer Test Supervisor","8737","historyFlopTransferTestSupervisor","Surefire suite","Thu Sep 03 10:35:55 UTC 2026","passed","Thu Sep 03 10:36:04 UTC 2026","testcases.history.HistoryTransferTest","Surefire test","testcases.history.HistoryTransferTest","historyFlopTransferTestSupervisor"
"Get User Marketing Backoffice","4603","getUserSuperBO","Surefire suite","Thu Sep 03 11:18:12 UTC 2026","passed","Thu Sep 03 11:18:17 UTC 2026","testcases.backoffice.GetDashboardTest","Surefire test","testcases.backoffice.GetDashboardTest","getUserSuperBO"
"Get List Group Company BO Menggunakan HTTP Method PUT","4468","getListGroupCompanyWithPutMethod","Surefire suite","Thu Sep 03 12:43:14 UTC 2026","failed","Thu Sep 03 12:43:19 UTC 2026","testcases.backoffice.settlement.GetListGroupCompanyTest","Surefire test","testcases.backoffice.settlement.GetListGroupCompanyTest","getListGroupCompanyWithPutMethod"
"Delete Google Authenticator Dengan id Milik Entitas Lain (Group Id)","4809","deleteOtpGoogleWithForeignEntityId","Surefire suite","Thu Sep 03 13:05:57 UTC 2026","passed","Thu Sep 03 13:06:02 UTC 2026","testcases.backoffice.googleauth.DeleteOtpGoogleTest","Surefire test","testcases.backoffice.googleauth.DeleteOtpGoogleTest","deleteOtpGoogleWithForeignEntityId"
"Mutasi Manual Transfer Balance CS","31356","mutasiManualTransferBalanceSupervisorCS","Surefire suite","Thu Sep 03 11:35:53 UTC 2026","passed","Thu Sep 03 11:36:24 UTC 2026","testcases.mutasi.MutasiTransferTest","Surefire test","testcases.mutasi.MutasiTransferTest","mutasiManualTransferBalanceSupervisorCS"
"List Manage Settlement Backoffice Dengan Body Berupa Literal null","4393","listManageSettlementWithNullLiteralBody","Surefire suite","Thu Sep 03 12:26:38 UTC 2026","passed","Thu Sep 03 12:26:42 UTC 2026","testcases.backoffice.settlement.ManageSettlementTest","Surefire test","testcases.backoffice.settlement.ManageSettlementTest","listManageSettlementWithNullLiteralBody"
"Edit Company Cs Admin","4697","editCompanyCsAdmin","Surefire suite","Thu Sep 03 11:52:35 UTC 2026","passed","Thu Sep 03 11:52:39 UTC 2026","testcases.backoffice.EditUserTest","Surefire test","testcases.backoffice.EditUserTest","editCompanyCsAdmin"
"Get Group Detail Backoffice Menggunakan HTTP Method POST","4578","getGroupDetailWithPostMethod","Surefire suite","Thu Sep 03 12:10:22 UTC 2026","passed","Thu Sep 03 12:10:27 UTC 2026","testcases.backoffice.GetGroupTest","Surefire test","testcases.backoffice.GetGroupTest","getGroupDetailWithPostMethod"
"Get List Group Company BO Dengan groupName Berisi Spasi","4469","getListGroupCompanyWithWhitespaceGroupName","Surefire suite","Thu Sep 03 12:43:36 UTC 2026","passed","Thu Sep 03 12:43:41 UTC 2026","testcases.backoffice.settlement.GetListGroupCompanyTest","Surefire test","testcases.backoffice.settlement.GetListGroupCompanyTest","getListGroupCompanyWithWhitespaceGroupName"
"List Manage Settlement Backoffice Dengan Token Tidak Valid","1490","listManageSettlementWithInvalidToken","Surefire suite","Thu Sep 03 12:25:51 UTC 2026","passed","Thu Sep 03 12:25:53 UTC 2026","testcases.backoffice.settlement.ManageSettlementTest","Surefire test","testcases.backoffice.settlement.ManageSettlementTest","listManageSettlementWithInvalidToken"
"Get History Refund Test Admin Crypto","6102","historyRefundTestAdminCrypto","Surefire suite","Thu Sep 03 10:37:50 UTC 2026","passed","Thu Sep 03 10:37:56 UTC 2026","testcases.history.HistoryTransferTest","Surefire test","testcases.history.HistoryTransferTest","historyRefundTestAdminCrypto"
"List Company Backoffice Dengan Token Tidak Valid","1416","listCompanyWithInvalidToken","Surefire suite","Thu Sep 03 12:13:41 UTC 2026","passed","Thu Sep 03 12:13:43 UTC 2026","testcases.backoffice.ListCompanyTest","Surefire test","testcases.backoffice.ListCompanyTest","listCompanyWithInvalidToken"
"Special Transfer Success with before and after Balance","10963","specialTransferSupervisor","Surefire suite","Thu Sep 03 10:54:09 UTC 2026","passed","Thu Sep 03 10:54:20 UTC 2026","testcases.transfer.SpecialTransferTest","Surefire test","testcases.transfer.SpecialTransferTest","specialTransferSupervisor"
"Get History QR Paid Merchant on login CS Admin","11499","historyQRPaidMerchantCSAdmin","Surefire suite","Thu Sep 03 10:31:17 UTC 2026","passed","Thu Sep 03 10:31:29 UTC 2026","testcases.history.HistoryQRTest","Surefire test","testcases.history.HistoryQRTest","historyQRPaidMerchantCSAdmin"
"Get Detail Waiting Company Backoffice Dengan Id Milik Entitas Lain (Group Id)","4471","getDetailWaitingCompanyWithForeignEntityId","Surefire suite","Thu Sep 03 12:20:58 UTC 2026","passed","Thu Sep 03 12:21:02 UTC 2026","testcases.backoffice.GetDetailWaitingCompanyTest","Surefire test","testcases.backoffice.GetDetailWaitingCompanyTest","getDetailWaitingCompanyWithForeignEntityId"
"Transfer Different Partner Reference, Transfer to USDT Transfer","21145","trfPartnerRefTransferFailed","Surefire suite","Thu Sep 03 11:04:50 UTC 2026","passed","Thu Sep 03 11:05:11 UTC 2026","testcases.transfer.TransferUSDTTest","Surefire test","testcases.transfer.TransferUSDTTest","trfPartnerRefTransferFailed"
"List Company Backoffice Dengan Page/Size Negatif - Menemukan Bug Gateway Timeout","4411","listCompanyWithNegativePageSize","Surefire suite","Thu Sep 03 12:14:13 UTC 2026","passed","Thu Sep 03 12:14:17 UTC 2026","testcases.backoffice.ListCompanyTest","Surefire test","testcases.backoffice.ListCompanyTest","listCompanyWithNegativePageSize"
"Get Detail Waiting Company Backoffice Menggunakan Login Marketing","4481","getDetailWaitingCompanyWithMarketingLogin","Surefire suite","Thu Sep 03 12:21:22 UTC 2026","passed","Thu Sep 03 12:21:26 UTC 2026","testcases.backoffice.GetDetailWaitingCompanyTest","Surefire test","testcases.backoffice.GetDetailWaitingCompanyTest","getDetailWaitingCompanyWithMarketingLogin"
"Delete Manage Settlement BO Dengan id Valid Secara Format Tapi Tidak Ada","4365","deleteManageSettlementWithNonExistentId","Surefire suite","Thu Sep 03 12:37:45 UTC 2026","passed","Thu Sep 03 12:37:50 UTC 2026","testcases.backoffice.settlement.DeleteManageSettlementTest","Surefire test","testcases.backoffice.settlement.DeleteManageSettlementTest","deleteManageSettlementWithNonExistentId"
"Inquiry Test Manual Transfer Merchant Supervisor","4745","inquiryManualTransferSupervisor","Surefire suite","Thu Sep 03 10:57:13 UTC 2026","passed","Thu Sep 03 10:57:17 UTC 2026","testcases.transfer.InquiryManualTransferTest","Surefire test","testcases.transfer.InquiryManualTransferTest","inquiryManualTransferSupervisor"
"Test Approved USDT Supervisor","20462","approvedUSDTSupervisor","Surefire suite","Thu Sep 03 11:24:04 UTC 2026","failed","Thu Sep 03 11:24:25 UTC 2026","testcases.backoffice.ApprovalTransferTest","Surefire test","testcases.backoffice.ApprovalTransferTest","approvedUSDTSupervisor"
"Get History QR Admin Success Paid","10984","historyQRTestPaidAdmin","Surefire suite","Thu Sep 03 10:32:17 UTC 2026","broken","Thu Sep 03 10:32:28 UTC 2026","testcases.history.HistoryQRTest","Surefire test","testcases.history.HistoryQRTest","historyQRTestPaidAdmin"
"Get User Backoffice Dengan Token Tidak Valid","1559","getUserWithInvalidToken","Surefire suite","Thu Sep 03 11:18:27 UTC 2026","passed","Thu Sep 03 11:18:29 UTC 2026","testcases.backoffice.GetDashboardTest","Surefire test","testcases.backoffice.GetDashboardTest","getUserWithInvalidToken"
"Generate QR Success with before and after Balance","27859","generateQRBalanceFeeMarketing","Surefire suite","Thu Sep 03 11:11:01 UTC 2026","passed","Thu Sep 03 11:11:29 UTC 2026","testcases.QR.GenerateQRPaidTest","Surefire test","testcases.QR.GenerateQRPaidTest","generateQRBalanceFeeMarketing"
"List Refund Menggunakan Login Customer Service","4517","listRefundWithCSLogin","Surefire suite","Thu Sep 03 12:01:36 UTC 2026","passed","Thu Sep 03 12:01:40 UTC 2026","testcases.backoffice.ListRefundTest","Surefire test","testcases.backoffice.ListRefundTest","listRefundWithCSLogin"
"Create Manage Settlement BO Dengan Body Berupa JSON Array ([])","4847","addManageSettlementWithArrayBody","Surefire suite","Thu Sep 03 12:30:01 UTC 2026","passed","Thu Sep 03 12:30:06 UTC 2026","testcases.backoffice.settlement.AddManageSettlementTest","Surefire test","testcases.backoffice.settlement.AddManageSettlementTest","addManageSettlementWithArrayBody"
"Mutasi Special Transfer Supervisor CS","20847","mutasiSpecialTransferSupervisorCS","Surefire suite","Thu Sep 03 11:40:58 UTC 2026","passed","Thu Sep 03 11:41:19 UTC 2026","testcases.mutasi.MutasiTransferTest","Surefire test","testcases.mutasi.MutasiTransferTest","mutasiSpecialTransferSupervisorCS"
"Delete Manage Settlement BO Tanpa Login/Header Auth","1499","deleteManageSettlementWithoutAuth","Surefire suite","Thu Sep 03 12:39:00 UTC 2026","passed","Thu Sep 03 12:39:02 UTC 2026","testcases.backoffice.settlement.DeleteManageSettlementTest","Surefire test","testcases.backoffice.settlement.DeleteManageSettlementTest","deleteManageSettlementWithoutAuth"
"List Manage Settlement Backoffice Dengan Field Tidak Dikenal pada Body","4639","listManageSettlementWithUnknownField","Surefire suite","Thu Sep 03 12:27:15 UTC 2026","passed","Thu Sep 03 12:27:20 UTC 2026","testcases.backoffice.settlement.ManageSettlementTest","Surefire test","testcases.backoffice.settlement.ManageSettlementTest","listManageSettlementWithUnknownField"
"Get Detail Waiting Company Backoffice Dengan Header Authorization Tanpa Skema Bearer","1478","getDetailWaitingCompanyWithMalformedAuthorizationHeader","Surefire suite","Thu Sep 03 12:21:10 UTC 2026","passed","Thu Sep 03 12:21:11 UTC 2026","testcases.backoffice.GetDetailWaitingCompanyTest","Surefire test","testcases.backoffice.GetDetailWaitingCompanyTest","getDetailWaitingCompanyWithMalformedAuthorizationHeader"
"List Manage Settlement Backoffice Dengan Token Backoffice Valid Tapi Tanpa Header pbyv","4445","listManageSettlementWithoutPbyvHeader","Surefire suite","Thu Sep 03 12:27:58 UTC 2026","passed","Thu Sep 03 12:28:02 UTC 2026","testcases.backoffice.settlement.ManageSettlementTest","Surefire test","testcases.backoffice.settlement.ManageSettlementTest","listManageSettlementWithoutPbyvHeader"
"Inquiry Test Special Transfer Merchant Supervisor","4894","inquirySpecialTransferSupervisor","Surefire suite","Thu Sep 03 10:52:53 UTC 2026","passed","Thu Sep 03 10:52:58 UTC 2026","testcases.transfer.InquirySpecialTransferTest","Surefire test","testcases.transfer.InquirySpecialTransferTest","inquirySpecialTransferSupervisor"
"Login Backoffice dengan Username Tidak Terdaftar","2900","testLoginBackofficeNonExistentUsername","Surefire suite","Thu Sep 03 10:28:14 UTC 2026","passed","Thu Sep 03 10:28:17 UTC 2026","testcases.auth.LoginTest","Surefire test","testcases.auth.LoginTest","testLoginBackofficeNonExistentUsername"
"Get Notification Sender Menggunakan Login Supervisor","4522","getNotificationSenderWithSupervisorLogin","Surefire suite","Thu Sep 03 12:49:47 UTC 2026","passed","Thu Sep 03 12:49:51 UTC 2026","testcases.backoffice.notifsender.NotificationSenderTest","Surefire test","testcases.backoffice.notifsender.NotificationSenderTest","getNotificationSenderWithSupervisorLogin"
"Get Group Backoffice Tanpa Login/Header Auth","1460","getGroupWithoutAuth","Surefire suite","Thu Sep 03 11:18:08 UTC 2026","passed","Thu Sep 03 11:18:09 UTC 2026","testcases.backoffice.GetDashboardTest","Surefire test","testcases.backoffice.GetDashboardTest","getGroupWithoutAuth"
"Test Approve Special Transfer Supervisor dengan check Fee di Admin Fee","24851","approvedSpecialTransferSupervisorBalance","Surefire suite","Thu Sep 03 11:22:50 UTC 2026","passed","Thu Sep 03 11:23:14 UTC 2026","testcases.backoffice.ApprovalTransferTest","Surefire test","testcases.backoffice.ApprovalTransferTest","approvedSpecialTransferSupervisorBalance"
"Delete Manage Settlement BO Dengan Header id Kosong","4465","deleteManageSettlementWithEmptyIdHeader","Surefire suite","Thu Sep 03 12:36:54 UTC 2026","passed","Thu Sep 03 12:36:59 UTC 2026","testcases.backoffice.settlement.DeleteManageSettlementTest","Surefire test","testcases.backoffice.settlement.DeleteManageSettlementTest","deleteManageSettlementWithEmptyIdHeader"
"Resend Google Authenticator Menggunakan HTTP Method DELETE","4552","resendOtpGoogleWithDeleteMethod","Surefire suite","Thu Sep 03 12:59:31 UTC 2026","passed","Thu Sep 03 12:59:35 UTC 2026","testcases.backoffice.googleauth.ResendOtpGoogleTest","Surefire test","testcases.backoffice.googleauth.ResendOtpGoogleTest","resendOtpGoogleWithDeleteMethod"
"List Manage Settlement Backoffice Menggunakan HTTP Method PATCH","4520","listManageSettlementWithPatchMethod","Surefire suite","Thu Sep 03 12:26:45 UTC 2026","passed","Thu Sep 03 12:26:50 UTC 2026","testcases.backoffice.settlement.ManageSettlementTest","Surefire test","testcases.backoffice.settlement.ManageSettlementTest","listManageSettlementWithPatchMethod"
"Get User Backoffice Tanpa Login/Header Auth","1427","getUserWithoutAuth","Surefire suite","Thu Sep 03 11:18:39 UTC 2026","passed","Thu Sep 03 11:18:41 UTC 2026","testcases.backoffice.GetDashboardTest","Surefire test","testcases.backoffice.GetDashboardTest","getUserWithoutAuth"
"Resend Google Authenticator Dengan Body Berupa Literal null","5597","resendOtpGoogleWithNullLiteralBody","Surefire suite","Thu Sep 03 13:01:10 UTC 2026","passed","Thu Sep 03 13:01:16 UTC 2026","testcases.backoffice.googleauth.ResendOtpGoogleTest","Surefire test","testcases.backoffice.googleauth.ResendOtpGoogleTest","resendOtpGoogleWithNullLiteralBody"
"Get List Group Company BO Menggunakan Login CS Admin","4596","getListGroupCompanyWithCSAdminLogin","Surefire suite","Thu Sep 03 12:41:30 UTC 2026","broken","Thu Sep 03 12:41:35 UTC 2026","testcases.backoffice.settlement.GetListGroupCompanyTest","Surefire test","testcases.backoffice.settlement.GetListGroupCompanyTest","getListGroupCompanyWithCSAdminLogin"
"Get Notification Sender","8966","getNotificationSender","Surefire suite","Thu Sep 03 12:46:10 UTC 2026","passed","Thu Sep 03 12:46:18 UTC 2026","testcases.backoffice.notifsender.NotificationSenderTest","Surefire test","testcases.backoffice.notifsender.NotificationSenderTest","getNotificationSender"
