"DESCRIPTION","DURATION IN MS","NAME","PARENT SUITE","START TIME","STATUS","STOP TIME","SUB SUITE","SUITE","TEST CLASS","TEST METHOD"
"Get History Special Transfer Test Supervisor","11378","historySpecialTransferTestSupervisor","Surefire suite","Mon Sep 28 13:56:50 UTC 2026","passed","Mon Sep 28 13:57:01 UTC 2026","testcases.history.HistoryTransferTest","Surefire test","testcases.history.HistoryTransferTest","historySpecialTransferTestSupervisor"
"List Refund Dengan Ukuran Halaman Sangat Besar","5797","listRefundWithHugeSize","Surefire suite","Mon Sep 28 13:45:18 UTC 2026","passed","Mon Sep 28 13:45:24 UTC 2026","testcases.backoffice.ListRefundTest","Surefire test","testcases.backoffice.ListRefundTest","listRefundWithHugeSize"
"Mutasi Transfer","11287","mutasiTransfer","Surefire suite","Mon Sep 28 14:17:04 UTC 2026","passed","Mon Sep 28 14:17:15 UTC 2026","testcases.mutasi.MutasiTransferTest","Surefire test","testcases.mutasi.MutasiTransferTest","mutasiTransfer"
"Get List Group Company BO Menggunakan Login Customer Service","4639","getListGroupCompanyWithCSLogin","Surefire suite","Mon Sep 28 11:56:21 UTC 2026","passed","Mon Sep 28 11:56:26 UTC 2026","testcases.backoffice.settlement.GetListGroupCompanyTest","Surefire test","testcases.backoffice.settlement.GetListGroupCompanyTest","getListGroupCompanyWithCSLogin"
"Create Manage Settlement BO Dengan Body JSON Tidak Valid (Malformed)","4575","addManageSettlementWithMalformedJson","Surefire suite","Mon Sep 28 12:04:58 UTC 2026","passed","Mon Sep 28 12:05:02 UTC 2026","testcases.backoffice.settlement.AddManageSettlementTest","Surefire test","testcases.backoffice.settlement.AddManageSettlementTest","addManageSettlementWithMalformedJson"
"Inquiry Favorite Account Dengan beneficiaryAccountNo String Kosong","2076","inquiryFavoriteAccountWithEmptyBeneficiaryAccountNo","Surefire suite","Mon Sep 28 12:35:50 UTC 2026","passed","Mon Sep 28 12:35:52 UTC 2026","testcases.settings.favoriteaccount.InquiryFavoriteAccountTest","Surefire test","testcases.settings.favoriteaccount.InquiryFavoriteAccountTest","inquiryFavoriteAccountWithEmptyBeneficiaryAccountNo"
"Login Merchant dengan Username Berisi Spasi Saja","3006","testLoginWhitespaceUsername","Surefire suite","Mon Sep 28 11:54:59 UTC 2026","passed","Mon Sep 28 11:55:02 UTC 2026","testcases.auth.LoginTest","Surefire test","testcases.auth.LoginTest","testLoginWhitespaceUsername"
"Create Manage Settlement BO Dengan groupName Berupa null","4687","addManageSettlementWithNullGroupName","Surefire suite","Mon Sep 28 12:05:29 UTC 2026","passed","Mon Sep 28 12:05:33 UTC 2026","testcases.backoffice.settlement.AddManageSettlementTest","Surefire test","testcases.backoffice.settlement.AddManageSettlementTest","addManageSettlementWithNullGroupName"
"Add Group Backoffice Dengan Nama yang Sudah Ada Sejak Test Lama (""testzulma1"")","1490","addGroupWithLegacyDuplicateName","Surefire suite","Mon Sep 28 12:23:39 UTC 2026","passed","Mon Sep 28 12:23:41 UTC 2026","testcases.backoffice.group.AddGroupTest","Surefire test","testcases.backoffice.group.AddGroupTest","addGroupWithLegacyDuplicateName"
"Get History Flop Transfer Test CS","14384","historyFlopTransferTestCS","Surefire suite","Mon Sep 28 13:51:43 UTC 2026","passed","Mon Sep 28 13:51:57 UTC 2026","testcases.history.HistoryTransferTest","Surefire test","testcases.history.HistoryTransferTest","historyFlopTransferTestCS"
"Get List Group Backoffice Dengan Token Backoffice Valid Tapi Tanpa Header pbyv","1490","getListGroupWithoutPbyvHeader","Surefire suite","Mon Sep 28 12:13:42 UTC 2026","passed","Mon Sep 28 12:13:44 UTC 2026","testcases.backoffice.group.GetListGroupTest","Surefire test","testcases.backoffice.group.GetListGroupTest","getListGroupWithoutPbyvHeader"
"Get Balance Merchant with Login CS","5982","getBalanceMerchantLoginCS","Surefire suite","Mon Sep 28 11:55:16 UTC 2026","passed","Mon Sep 28 11:55:22 UTC 2026","testcases.balance.GetBalanceQrisTest","Surefire test","testcases.balance.GetBalanceQrisTest","getBalanceMerchantLoginCS"
"Success Login Customer Service","3365","testLoginCS","Surefire suite","Mon Sep 28 11:55:03 UTC 2026","passed","Mon Sep 28 11:55:06 UTC 2026","testcases.auth.LoginTest","Surefire test","testcases.auth.LoginTest","testLoginCS"
"Get Notification Sender Dengan pinValidasi Kosong","4746","getNotificationSenderWithEmptyPinValidasi","Surefire suite","Mon Sep 28 12:33:43 UTC 2026","passed","Mon Sep 28 12:33:48 UTC 2026","testcases.backoffice.notifsender.NotificationSenderTest","Surefire test","testcases.backoffice.notifsender.NotificationSenderTest","getNotificationSenderWithEmptyPinValidasi"
"Get User Backoffice Dengan Token Tidak Valid","1707","getUserWithInvalidToken","Surefire suite","Mon Sep 28 12:31:06 UTC 2026","passed","Mon Sep 28 12:31:08 UTC 2026","testcases.backoffice.GetDashboardTest","Surefire test","testcases.backoffice.GetDashboardTest","getUserWithInvalidToken"
"Get List Google Authenticator Tanpa Body Sama Sekali","5031","listOtpGoogleWithoutBody","Surefire suite","Mon Sep 28 12:45:28 UTC 2026","passed","Mon Sep 28 12:45:33 UTC 2026","testcases.backoffice.googleauth.ListOtpGoogleTest","Surefire test","testcases.backoffice.googleauth.ListOtpGoogleTest","listOtpGoogleWithoutBody"
"Create Manage Settlement BO Dengan groupName Sangat Panjang (10.000 karakter)","4727","addManageSettlementWithOverlongGroupName","Surefire suite","Mon Sep 28 12:05:44 UTC 2026","passed","Mon Sep 28 12:05:49 UTC 2026","testcases.backoffice.settlement.AddManageSettlementTest","Surefire test","testcases.backoffice.settlement.AddManageSettlementTest","addManageSettlementWithOverlongGroupName"
"Get Group Detail Backoffice Tanpa Login/Header Auth","1490","getGroupDetailWithoutAuth","Surefire suite","Mon Sep 28 12:16:34 UTC 2026","passed","Mon Sep 28 12:16:36 UTC 2026","testcases.backoffice.group.GetGroupTest","Surefire test","testcases.backoffice.group.GetGroupTest","getGroupDetailWithoutAuth"
"Get History Transfer Test Supervisor","10821","historyTransferTestSupervisor","Surefire suite","Mon Sep 28 13:58:41 UTC 2026","passed","Mon Sep 28 13:58:52 UTC 2026","testcases.history.HistoryTransferTest","Surefire test","testcases.history.HistoryTransferTest","historyTransferTestSupervisor"
"List Currency USDT Menggunakan Login Merchant","5564","getCurrencyWithMerchantLogin","Surefire suite","Mon Sep 28 12:09:14 UTC 2026","passed","Mon Sep 28 12:09:19 UTC 2026","testcases.backoffice.currency.GetCurrencyTest","Surefire test","testcases.backoffice.currency.GetCurrencyTest","getCurrencyWithMerchantLogin"
"Delete Group Backoffice Menggunakan Login Merchant","4749","deleteGroupWithMerchantLogin","Surefire suite","Mon Sep 28 12:18:54 UTC 2026","passed","Mon Sep 28 12:18:59 UTC 2026","testcases.backoffice.group.DeleteGroupTest","Surefire test","testcases.backoffice.group.DeleteGroupTest","deleteGroupWithMerchantLogin"
"List User Backoffice Menggunakan Login Marketing","6052","listUsersWithMarketingLogin","Surefire suite","Mon Sep 28 12:47:52 UTC 2026","passed","Mon Sep 28 12:47:58 UTC 2026","testcases.backoffice.users.ListUsersTest","Surefire test","testcases.backoffice.users.ListUsersTest","listUsersWithMarketingLogin"
"Delete Google Authenticator Menggunakan HTTP Method POST","6209","deleteOtpGoogleWithPostMethod","Surefire suite","Mon Sep 28 11:54:41 UTC 2026","passed","Mon Sep 28 11:54:47 UTC 2026","testcases.backoffice.googleauth.DeleteOtpGoogleTest","Surefire test","testcases.backoffice.googleauth.DeleteOtpGoogleTest","deleteOtpGoogleWithPostMethod"
"Reset Password Merchant","4848","resetPasswordMerchant","Surefire suite","Mon Sep 28 12:02:46 UTC 2026","passed","Mon Sep 28 12:02:50 UTC 2026","testcases.settings.ResetPasswordTest","Surefire test","testcases.settings.ResetPasswordTest","resetPasswordMerchant"
"List Manage Settlement Backoffice Dengan Sort Tanpa Operator '=='","5036","listManageSettlementWithMalformedSortOperator","Surefire suite","Mon Sep 28 12:43:47 UTC 2026","passed","Mon Sep 28 12:43:52 UTC 2026","testcases.backoffice.settlement.ManageSettlementTest","Surefire test","testcases.backoffice.settlement.ManageSettlementTest","listManageSettlementWithMalformedSortOperator"
"Add Group Backoffice Menggunakan Login Admin","5113","addGroupWithAdminLogin","Surefire suite","Mon Sep 28 12:21:09 UTC 2026","passed","Mon Sep 28 12:21:14 UTC 2026","testcases.backoffice.group.AddGroupTest","Surefire test","testcases.backoffice.group.AddGroupTest","addGroupWithAdminLogin"
"Approval Refund Special Transfer Merchant","11946","approveRefundSpecialTransferMerchant","Surefire suite","Mon Sep 28 13:18:44 UTC 2026","passed","Mon Sep 28 13:18:56 UTC 2026","testcases.backoffice.ApprovalRefundTest","Surefire test","testcases.backoffice.ApprovalRefundTest","approveRefundSpecialTransferMerchant"
"Delete Manage Settlement BO Menggunakan HTTP Method POST","4727","deleteManageSettlementWithPostMethod","Surefire suite","Mon Sep 28 12:01:28 UTC 2026","passed","Mon Sep 28 12:01:33 UTC 2026","testcases.backoffice.settlement.DeleteManageSettlementTest","Surefire test","testcases.backoffice.settlement.DeleteManageSettlementTest","deleteManageSettlementWithPostMethod"
"Add Group Backoffice Dengan Content-Type text/plain","1658","addGroupWithWrongContentType","Surefire suite","Mon Sep 28 12:25:10 UTC 2026","passed","Mon Sep 28 12:25:12 UTC 2026","testcases.backoffice.group.AddGroupTest","Surefire test","testcases.backoffice.group.AddGroupTest","addGroupWithWrongContentType"
"List Refund Menggunakan Login Admin Crypto","5196","listRefundAdminCrypto","Surefire suite","Mon Sep 28 13:44:19 UTC 2026","passed","Mon Sep 28 13:44:24 UTC 2026","testcases.backoffice.ListRefundTest","Surefire test","testcases.backoffice.ListRefundTest","listRefundAdminCrypto"
"Delete Favorite Account Ke Path yang Tidak Ada (Typo)","42171","deleteFavoriteAccountWithWrongPath","Surefire suite","Mon Sep 28 11:58:50 UTC 2026","failed","Mon Sep 28 11:59:33 UTC 2026","testcases.settings.favoriteaccount.DeleteFavoriteAccountTest","Surefire test","testcases.settings.favoriteaccount.DeleteFavoriteAccountTest","deleteFavoriteAccountWithWrongPath"
"Get History Transfer Test CS","12564","historyTransferTestCS","Surefire suite","Mon Sep 28 13:58:25 UTC 2026","passed","Mon Sep 28 13:58:38 UTC 2026","testcases.history.HistoryTransferTest","Surefire test","testcases.history.HistoryTransferTest","historyTransferTestCS"
"Test Approved USDT Supervisor","27371","approvedUSDTSupervisor","Surefire suite","Mon Sep 28 13:25:14 UTC 2026","passed","Mon Sep 28 13:25:41 UTC 2026","testcases.backoffice.ApprovalTransferTest","Surefire test","testcases.backoffice.ApprovalTransferTest","approvedUSDTSupervisor"
"Delete Manage Settlement BO Dengan Token Kadaluarsa","1400","deleteManageSettlementWithExpiredToken","Surefire suite","Mon Sep 28 12:00:20 UTC 2026","passed","Mon Sep 28 12:00:22 UTC 2026","testcases.backoffice.settlement.DeleteManageSettlementTest","Surefire test","testcases.backoffice.settlement.DeleteManageSettlementTest","deleteManageSettlementWithExpiredToken"
"Get List Favorite Account Dengan Karakter SQL Injection pada sort","3933","getListFavoriteAccountWithSqlInjectionSort","Surefire suite","Mon Sep 28 14:28:26 UTC 2026","passed","Mon Sep 28 14:28:30 UTC 2026","testcases.settings.favoriteaccount.GetListFavoriteAccountTest","Surefire test","testcases.settings.favoriteaccount.GetListFavoriteAccountTest","getListFavoriteAccountWithSqlInjectionSort"
"Transfer Success with before and after Balanced","13732","transferBalance","Surefire suite","Mon Sep 28 12:11:37 UTC 2026","passed","Mon Sep 28 12:11:50 UTC 2026","testcases.transfer.TransferTest","Surefire test","testcases.transfer.TransferTest","transferBalance"
"Create Manage Settlement BO Dengan Payload XSS pada companyName","4583","addManageSettlementWithXssCompanyName","Surefire suite","Mon Sep 28 12:06:38 UTC 2026","passed","Mon Sep 28 12:06:42 UTC 2026","testcases.backoffice.settlement.AddManageSettlementTest","Surefire test","testcases.backoffice.settlement.AddManageSettlementTest","addManageSettlementWithXssCompanyName"
"Delete Manage Settlement BO Dengan id Valid Secara Format Tapi Tidak Ada","4651","deleteManageSettlementWithNonExistentId","Surefire suite","Mon Sep 28 12:01:05 UTC 2026","passed","Mon Sep 28 12:01:09 UTC 2026","testcases.backoffice.settlement.DeleteManageSettlementTest","Surefire test","testcases.backoffice.settlement.DeleteManageSettlementTest","deleteManageSettlementWithNonExistentId"
"List Refund Tanpa Login/Header Auth","2585","listRefundWithoutAuth","Surefire suite","Mon Sep 28 13:46:48 UTC 2026","passed","Mon Sep 28 13:46:51 UTC 2026","testcases.backoffice.ListRefundTest","Surefire test","testcases.backoffice.ListRefundTest","listRefundWithoutAuth"
"Refund Summary Dengan Token Backoffice Valid Tapi Tanpa Header pbyv","1519","getRefundWithoutPbyvHeader","Surefire suite","Mon Sep 28 12:39:01 UTC 2026","passed","Mon Sep 28 12:39:03 UTC 2026","testcases.backoffice.refund.GetRefundTest","Surefire test","testcases.backoffice.refund.GetRefundTest","getRefundWithoutPbyvHeader"
"Delete Favorite Account Merchant","6858","deleteFavoriteAccount","Surefire suite","Mon Sep 28 11:55:23 UTC 2026","passed","Mon Sep 28 11:55:30 UTC 2026","testcases.settings.favoriteaccount.DeleteFavoriteAccountTest","Surefire test","testcases.settings.favoriteaccount.DeleteFavoriteAccountTest","deleteFavoriteAccount"
"Created Favorite Account Tanpa Login/Header Auth","1544","createdFavoriteAccountWithoutAuth","Surefire suite","Mon Sep 28 12:35:02 UTC 2026","passed","Mon Sep 28 12:35:03 UTC 2026","testcases.settings.favoriteaccount.CreatedFavoriteAccountTest","Surefire test","testcases.settings.favoriteaccount.CreatedFavoriteAccountTest","createdFavoriteAccountWithoutAuth"
"List Company Backoffice Dengan Header Authorization Tanpa Skema Bearer","1567","listCompanyWithMalformedAuthorizationHeader","Surefire suite","Mon Sep 28 12:40:32 UTC 2026","passed","Mon Sep 28 12:40:34 UTC 2026","testcases.backoffice.ListCompanyTest","Surefire test","testcases.backoffice.ListCompanyTest","listCompanyWithMalformedAuthorizationHeader"
"Resend Google Authenticator Dengan email Berupa null","4603","resendOtpGoogleWithNullEmail","Surefire suite","Mon Sep 28 12:39:53 UTC 2026","passed","Mon Sep 28 12:39:57 UTC 2026","testcases.backoffice.googleauth.ResendOtpGoogleTest","Surefire test","testcases.backoffice.googleauth.ResendOtpGoogleTest","resendOtpGoogleWithNullEmail"
"Reset Password Admin","7881","resetPasswordAdmin","Surefire suite","Mon Sep 28 11:52:37 UTC 2026","passed","Mon Sep 28 11:52:45 UTC 2026","testcases.settings.ResetPasswordTest","Surefire test","testcases.settings.ResetPasswordTest","resetPasswordAdmin"
"Mutasi Manual Transfer Balance CS","44933","mutasiManualTransferBalanceSupervisorCS","Surefire suite","Mon Sep 28 14:08:46 UTC 2026","passed","Mon Sep 28 14:09:31 UTC 2026","testcases.mutasi.MutasiTransferTest","Surefire test","testcases.mutasi.MutasiTransferTest","mutasiManualTransferBalanceSupervisorCS"
"Add Group Backoffice Dengan Payload Persis Sama (Dikirim Dua Kali)","4317","addGroupWithDuplicatePayload","Surefire suite","Mon Sep 28 12:22:55 UTC 2026","passed","Mon Sep 28 12:22:59 UTC 2026","testcases.backoffice.group.AddGroupTest","Surefire test","testcases.backoffice.group.AddGroupTest","addGroupWithDuplicatePayload"
"Created Favorite Account Dengan Body Berupa Literal null","1629","createdFavoriteAccountWithNullLiteralBody","Surefire suite","Mon Sep 28 12:34:20 UTC 2026","passed","Mon Sep 28 12:34:22 UTC 2026","testcases.settings.favoriteaccount.CreatedFavoriteAccountTest","Surefire test","testcases.settings.favoriteaccount.CreatedFavoriteAccountTest","createdFavoriteAccountWithNullLiteralBody"
"List User Backoffice Menggunakan Login Merchant","5528","listUsersWithMerchantLogin","Surefire suite","Mon Sep 28 12:48:01 UTC 2026","passed","Mon Sep 28 12:48:06 UTC 2026","testcases.backoffice.users.ListUsersTest","Surefire test","testcases.backoffice.users.ListUsersTest","listUsersWithMerchantLogin"
"Get List Group Backoffice Dengan size 0","1603","getListGroupWithZeroSize","Surefire suite","Mon Sep 28 12:13:23 UTC 2026","passed","Mon Sep 28 12:13:25 UTC 2026","testcases.backoffice.group.GetListGroupTest","Surefire test","testcases.backoffice.group.GetListGroupTest","getListGroupWithZeroSize"
"Get History USDT Transfer Test","10052","historyUSDTTransferTest","Surefire suite","Mon Sep 28 13:59:27 UTC 2026","passed","Mon Sep 28 13:59:37 UTC 2026","testcases.history.HistoryTransferTest","Surefire test","testcases.history.HistoryTransferTest","historyUSDTTransferTest"
"Reset Pin Merchant","5080","resetPinMerchant","Surefire suite","Mon Sep 28 12:33:11 UTC 2026","passed","Mon Sep 28 12:33:16 UTC 2026","testcases.settings.ResetPinTest","Surefire test","testcases.settings.ResetPinTest","resetPinMerchant"
"Delete Group Backoffice Menggunakan Login Customer Service","4875","deleteGroupWithCSLogin","Surefire suite","Mon Sep 28 12:17:47 UTC 2026","passed","Mon Sep 28 12:17:52 UTC 2026","testcases.backoffice.group.DeleteGroupTest","Surefire test","testcases.backoffice.group.DeleteGroupTest","deleteGroupWithCSLogin"
"Get List Google Authenticator Dengan Tipe Data Salah pada Field limit (String, Bukan Integer)","5066","listOtpGoogleWithInvalidFieldType","Surefire suite","Mon Sep 28 12:43:14 UTC 2026","passed","Mon Sep 28 12:43:19 UTC 2026","testcases.backoffice.googleauth.ListOtpGoogleTest","Surefire test","testcases.backoffice.googleauth.ListOtpGoogleTest","listOtpGoogleWithInvalidFieldType"
"Mutasi USDT Transfer CS","21112","mutasiUSDTTransferCS","Surefire suite","Mon Sep 28 14:21:50 UTC 2026","failed","Mon Sep 28 14:22:11 UTC 2026","testcases.mutasi.MutasiTransferTest","Surefire test","testcases.mutasi.MutasiTransferTest","mutasiUSDTTransferCS"
"Test Get Report Transaction Merchant","4902","getReportTransactionMerchant","Surefire suite","Mon Sep 28 12:37:36 UTC 2026","passed","Mon Sep 28 12:37:40 UTC 2026","testcases.report.ReportTransactionTest","Surefire test","testcases.report.ReportTransactionTest","getReportTransactionMerchant"
"Get Notification Sender Dengan Token Backoffice Valid Tapi Tanpa Header pbyv","4722","getNotificationSenderWithoutPbyvHeader","Surefire suite","Mon Sep 28 12:37:20 UTC 2026","passed","Mon Sep 28 12:37:25 UTC 2026","testcases.backoffice.notifsender.NotificationSenderTest","Surefire test","testcases.backoffice.notifsender.NotificationSenderTest","getNotificationSenderWithoutPbyvHeader"
"Delete Google Authenticator Dengan id Sangat Panjang (10.000 karakter)","4653","deleteOtpGoogleWithOverlongId","Surefire suite","Mon Sep 28 11:54:25 UTC 2026","passed","Mon Sep 28 11:54:30 UTC 2026","testcases.backoffice.googleauth.DeleteOtpGoogleTest","Surefire test","testcases.backoffice.googleauth.DeleteOtpGoogleTest","deleteOtpGoogleWithOverlongId"
"Delete Favorite Account Dengan Header Authorization Tanpa Skema Bearer","1417","deleteFavoriteAccountWithMalformedAuthorizationHeader","Surefire suite","Mon Sep 28 11:56:31 UTC 2026","passed","Mon Sep 28 11:56:33 UTC 2026","testcases.settings.favoriteaccount.DeleteFavoriteAccountTest","Surefire test","testcases.settings.favoriteaccount.DeleteFavoriteAccountTest","deleteFavoriteAccountWithMalformedAuthorizationHeader"
"List Manage Settlement Backoffice Menggunakan Login Marketing","4938","listManageSettlementWithMarketingLogin","Surefire suite","Mon Sep 28 12:43:55 UTC 2026","passed","Mon Sep 28 12:44:00 UTC 2026","testcases.backoffice.settlement.ManageSettlementTest","Surefire test","testcases.backoffice.settlement.ManageSettlementTest","listManageSettlementWithMarketingLogin"
"Get History QR CS","10432","historyQRTestCS","Surefire suite","Mon Sep 28 12:51:20 UTC 2026","passed","Mon Sep 28 12:51:30 UTC 2026","testcases.history.HistoryQRTest","Surefire test","testcases.history.HistoryQRTest","historyQRTestCS"
"Add Group Backoffice Dengan name null","1473","addGroupWithNullName","Surefire suite","Mon Sep 28 12:24:24 UTC 2026","passed","Mon Sep 28 12:24:26 UTC 2026","testcases.backoffice.group.AddGroupTest","Surefire test","testcases.backoffice.group.AddGroupTest","addGroupWithNullName"
"Get Dashboard Backoffice Menggunakan Login Customer Service","5319","getDashboardWithCSLogin","Surefire suite","Mon Sep 28 12:29:25 UTC 2026","passed","Mon Sep 28 12:29:30 UTC 2026","testcases.backoffice.GetDashboardTest","Surefire test","testcases.backoffice.GetDashboardTest","getDashboardWithCSLogin"
"Add Currency USDT Cs Admin","6384","addCurrencyCsAdmin","Surefire suite","Mon Sep 28 13:36:51 UTC 2026","passed","Mon Sep 28 13:36:57 UTC 2026","testcases.backoffice.currency.AddCurrencyTest","Surefire test","testcases.backoffice.currency.AddCurrencyTest","addCurrencyCsAdmin"
"Mutasi Special Transfer Balance","40222","mutasiSpecialTransferBalance","Surefire suite","Mon Sep 28 14:12:30 UTC 2026","passed","Mon Sep 28 14:13:10 UTC 2026","testcases.mutasi.MutasiTransferTest","Surefire test","testcases.mutasi.MutasiTransferTest","mutasiSpecialTransferBalance"
"Inquiry Favorite Account Dengan Body Kosong ({})","3384","inquiryFavoriteAccountWithEmptyBody","Surefire suite","Mon Sep 28 12:35:55 UTC 2026","passed","Mon Sep 28 12:35:59 UTC 2026","testcases.settings.favoriteaccount.InquiryFavoriteAccountTest","Surefire test","testcases.settings.favoriteaccount.InquiryFavoriteAccountTest","inquiryFavoriteAccountWithEmptyBody"
"Get Group Detail Backoffice Dengan Group Id Berisi Spasi","4798","getGroupDetailWithWhitespaceId","Surefire suite","Mon Sep 28 12:16:18 UTC 2026","passed","Mon Sep 28 12:16:23 UTC 2026","testcases.backoffice.group.GetGroupTest","Surefire test","testcases.backoffice.group.GetGroupTest","getGroupDetailWithWhitespaceId"
"Delete Google Authenticator Dengan id Berisi Karakter SQL Injection","4815","deleteOtpGoogleWithSqlInjectionId","Surefire suite","Mon Sep 28 11:54:57 UTC 2026","passed","Mon Sep 28 11:55:02 UTC 2026","testcases.backoffice.googleauth.DeleteOtpGoogleTest","Surefire test","testcases.backoffice.googleauth.DeleteOtpGoogleTest","deleteOtpGoogleWithSqlInjectionId"
"Resend Google Authenticator Dengan email Tidak Terdaftar","4890","resendOtpGoogleWithNonExistentEmail","Surefire suite","Mon Sep 28 12:39:45 UTC 2026","passed","Mon Sep 28 12:39:50 UTC 2026","testcases.backoffice.googleauth.ResendOtpGoogleTest","Surefire test","testcases.backoffice.googleauth.ResendOtpGoogleTest","resendOtpGoogleWithNonExistentEmail"
"List Currency USDT Dengan Ukuran Halaman Sangat Besar","1905","getCurrencyWithHugeSize","Surefire suite","Mon Sep 28 12:08:34 UTC 2026","passed","Mon Sep 28 12:08:36 UTC 2026","testcases.backoffice.currency.GetCurrencyTest","Surefire test","testcases.backoffice.currency.GetCurrencyTest","getCurrencyWithHugeSize"
"Get Detail Waiting Company Backoffice Dengan Id Berisi Spasi","4859","getDetailWaitingCompanyWithWhitespaceId","Surefire suite","Mon Sep 28 12:28:11 UTC 2026","passed","Mon Sep 28 12:28:16 UTC 2026","testcases.backoffice.GetDetailWaitingCompanyTest","Surefire test","testcases.backoffice.GetDetailWaitingCompanyTest","getDetailWaitingCompanyWithWhitespaceId"
"List Refund Dengan Tipe Data Salah pada Field Limit (String, Bukan Integer)","5492","listRefundWithInvalidFieldType","Surefire suite","Mon Sep 28 13:45:27 UTC 2026","passed","Mon Sep 28 13:45:32 UTC 2026","testcases.backoffice.ListRefundTest","Surefire test","testcases.backoffice.ListRefundTest","listRefundWithInvalidFieldType"
"Get List Google Authenticator","4982","getListOtpGoogle","Surefire suite","Mon Sep 28 12:41:45 UTC 2026","passed","Mon Sep 28 12:41:50 UTC 2026","testcases.backoffice.googleauth.ListOtpGoogleTest","Surefire test","testcases.backoffice.googleauth.ListOtpGoogleTest","getListOtpGoogle"
"List Currency USDT Dengan Header pbyv Salah","1655","getCurrencyWithWrongPbyvHeader","Surefire suite","Mon Sep 28 12:10:09 UTC 2026","passed","Mon Sep 28 12:10:11 UTC 2026","testcases.backoffice.currency.GetCurrencyTest","Surefire test","testcases.backoffice.currency.GetCurrencyTest","getCurrencyWithWrongPbyvHeader"
"List Manage Settlement Backoffice Dengan Field Sort Merujuk ke Kolom yang Tidak Ada","4710","listManageSettlementWithInvalidSortField","Surefire suite","Mon Sep 28 12:43:23 UTC 2026","passed","Mon Sep 28 12:43:27 UTC 2026","testcases.backoffice.settlement.ManageSettlementTest","Surefire test","testcases.backoffice.settlement.ManageSettlementTest","listManageSettlementWithInvalidSortField"
"Add Group Backoffice Menggunakan Login Merchant","5632","addGroupWithMerchantLogin","Surefire suite","Mon Sep 28 12:24:01 UTC 2026","passed","Mon Sep 28 12:24:07 UTC 2026","testcases.backoffice.group.AddGroupTest","Surefire test","testcases.backoffice.group.AddGroupTest","addGroupWithMerchantLogin"
"List Currency USDT Dengan Token Tidak Valid","1440","getCurrencyWithInvalidToken","Surefire suite","Mon Sep 28 12:08:48 UTC 2026","passed","Mon Sep 28 12:08:49 UTC 2026","testcases.backoffice.currency.GetCurrencyTest","Surefire test","testcases.backoffice.currency.GetCurrencyTest","getCurrencyWithInvalidToken"
"Get Balance Merchant with Login Admin Crypto","8498","getBalanceAdminLoginAdminCrypto","Surefire suite","Mon Sep 28 12:56:35 UTC 2026","passed","Mon Sep 28 12:56:43 UTC 2026","testcases.balance.GetBalanceQrisTest","Surefire test","testcases.balance.GetBalanceQrisTest","getBalanceAdminLoginAdminCrypto"
"List Manage Settlement Backoffice Dengan Ukuran Halaman Sangat Besar","5144","listManageSettlementWithHugeSize","Surefire suite","Mon Sep 28 12:43:07 UTC 2026","passed","Mon Sep 28 12:43:12 UTC 2026","testcases.backoffice.settlement.ManageSettlementTest","Surefire test","testcases.backoffice.settlement.ManageSettlementTest","listManageSettlementWithHugeSize"
"Add Currency CS Admin Path Menggunakan HTTP Method PUT","1772","addCurrencyWithPutMethod","Surefire suite","Mon Sep 28 13:39:38 UTC 2026","passed","Mon Sep 28 13:39:40 UTC 2026","testcases.backoffice.currency.AddCurrencyTest","Surefire test","testcases.backoffice.currency.AddCurrencyTest","addCurrencyWithPutMethod"
"Mutasi Transfer Supervisor Balance CS","18004","mutasiTransferSupervisorBalanceCS","Surefire suite","Mon Sep 28 14:19:18 UTC 2026","passed","Mon Sep 28 14:19:36 UTC 2026","testcases.mutasi.MutasiTransferTest","Surefire test","testcases.mutasi.MutasiTransferTest","mutasiTransferSupervisorBalanceCS"
"List Manage Settlement Backoffice Dengan Tipe Data Salah pada Field Limit (String, Bukan Integer)","4838","listManageSettlementWithInvalidFieldType","Surefire suite","Mon Sep 28 12:43:15 UTC 2026","passed","Mon Sep 28 12:43:20 UTC 2026","testcases.backoffice.settlement.ManageSettlementTest","Surefire test","testcases.backoffice.settlement.ManageSettlementTest","listManageSettlementWithInvalidFieldType"
"Success Assignment Cash Deposit","13434","assignCashDepositTest","Surefire suite","Mon Sep 28 12:46:11 UTC 2026","passed","Mon Sep 28 12:46:25 UTC 2026","testcases.backoffice.TransferAssignmentTest","Surefire test","testcases.backoffice.TransferAssignmentTest","assignCashDepositTest"
"Get Notification Sender Menggunakan Login Customer Service","6151","getNotificationSenderWithCSLogin","Surefire suite","Mon Sep 28 12:33:18 UTC 2026","passed","Mon Sep 28 12:33:25 UTC 2026","testcases.backoffice.notifsender.NotificationSenderTest","Surefire test","testcases.backoffice.notifsender.NotificationSenderTest","getNotificationSenderWithCSLogin"
"Test Approved Manual Transfer","26889","rejectedCashDeposit","Surefire suite","Mon Sep 28 13:28:32 UTC 2026","passed","Mon Sep 28 13:28:59 UTC 2026","testcases.backoffice.ApprovalTransferTest","Surefire test","testcases.backoffice.ApprovalTransferTest","rejectedCashDeposit"
"Create Manage Settlement BO Dengan Token Backoffice Valid Tapi Tanpa Header pbyv","4657","addManageSettlementWithoutPbyvHeader","Surefire suite","Mon Sep 28 12:07:20 UTC 2026","passed","Mon Sep 28 12:07:25 UTC 2026","testcases.backoffice.settlement.AddManageSettlementTest","Surefire test","testcases.backoffice.settlement.AddManageSettlementTest","addManageSettlementWithoutPbyvHeader"
"Get List Google Authenticator Dengan Token Backoffice Valid Tapi Tanpa Header pbyv","5634","listOtpGoogleWithoutPbyvHeader","Surefire suite","Mon Sep 28 12:45:36 UTC 2026","passed","Mon Sep 28 12:45:41 UTC 2026","testcases.backoffice.googleauth.ListOtpGoogleTest","Surefire test","testcases.backoffice.googleauth.ListOtpGoogleTest","listOtpGoogleWithoutPbyvHeader"
"Delete Google Authenticator Dengan id Valid Secara Format Tapi Tidak Ada","4851","deleteOtpGoogleWithNonExistentId","Surefire suite","Mon Sep 28 11:54:17 UTC 2026","passed","Mon Sep 28 11:54:22 UTC 2026","testcases.backoffice.googleauth.DeleteOtpGoogleTest","Surefire test","testcases.backoffice.googleauth.DeleteOtpGoogleTest","deleteOtpGoogleWithNonExistentId"
"Request Refund Manual Transfer Merchant","4805","refundManualTransferMerchant","Surefire suite","Mon Sep 28 12:41:48 UTC 2026","passed","Mon Sep 28 12:41:53 UTC 2026","testcases.transfer.RefundTransferTest","Surefire test","testcases.transfer.RefundTransferTest","refundManualTransferMerchant"
"Delete Group Backoffice Dengan name String Kosong","1552","deleteGroupWithEmptyName","Surefire suite","Mon Sep 28 12:18:09 UTC 2026","passed","Mon Sep 28 12:18:10 UTC 2026","testcases.backoffice.group.DeleteGroupTest","Surefire test","testcases.backoffice.group.DeleteGroupTest","deleteGroupWithEmptyName"
"Test Get Report Transfer Merchant","12462","getReportTransferAdmin","Surefire suite","Mon Sep 28 11:53:52 UTC 2026","passed","Mon Sep 28 11:54:05 UTC 2026","testcases.report.ReportTransactionTest","Surefire test","testcases.report.ReportTransactionTest","getReportTransferAdmin"
"Login Merchant tanpa Parameter Username","2993","testLoginMissingUsernameParam","Surefire suite","Mon Sep 28 11:54:33 UTC 2026","passed","Mon Sep 28 11:54:36 UTC 2026","testcases.auth.LoginTest","Surefire test","testcases.auth.LoginTest","testLoginMissingUsernameParam"
"Get Dashboard Backoffice Tanpa Login/Header Auth","2009","getDashboardWithoutAuth","Surefire suite","Mon Sep 28 12:30:04 UTC 2026","passed","Mon Sep 28 12:30:06 UTC 2026","testcases.backoffice.GetDashboardTest","Surefire test","testcases.backoffice.GetDashboardTest","getDashboardWithoutAuth"
"Refund Summary Dengan type Tidak Dikenal","1506","getRefundWithInvalidType","Surefire suite","Mon Sep 28 12:37:07 UTC 2026","passed","Mon Sep 28 12:37:09 UTC 2026","testcases.backoffice.refund.GetRefundTest","Surefire test","testcases.backoffice.refund.GetRefundTest","getRefundWithInvalidType"
"Refund Summary Dengan type String Kosong","1731","getRefundWithEmptyType","Surefire suite","Mon Sep 28 12:36:35 UTC 2026","passed","Mon Sep 28 12:36:36 UTC 2026","testcases.backoffice.refund.GetRefundTest","Surefire test","testcases.backoffice.refund.GetRefundTest","getRefundWithEmptyType"
"Get List Group Backoffice Menggunakan HTTP Method DELETE","1560","getListGroupWithDeleteMethod","Surefire suite","Mon Sep 28 12:11:19 UTC 2026","passed","Mon Sep 28 12:11:21 UTC 2026","testcases.backoffice.group.GetListGroupTest","Surefire test","testcases.backoffice.group.GetListGroupTest","getListGroupWithDeleteMethod"
"List Manage Settlement Backoffice Dengan Token Tidak Valid","1510","listManageSettlementWithInvalidToken","Surefire suite","Mon Sep 28 12:43:30 UTC 2026","passed","Mon Sep 28 12:43:32 UTC 2026","testcases.backoffice.settlement.ManageSettlementTest","Surefire test","testcases.backoffice.settlement.ManageSettlementTest","listManageSettlementWithInvalidToken"
"Resend Google Authenticator Menggunakan Login CS Admin","6047","resendOtpGoogleWithCSAdminLogin","Surefire suite","Mon Sep 28 12:38:10 UTC 2026","passed","Mon Sep 28 12:38:16 UTC 2026","testcases.backoffice.googleauth.ResendOtpGoogleTest","Surefire test","testcases.backoffice.googleauth.ResendOtpGoogleTest","resendOtpGoogleWithCSAdminLogin"
"Transfer Different Partner Reference, USDT Transfer to Transfer","55086","trfPartnerRefUSDTFailed","Surefire suite","Mon Sep 28 12:05:53 UTC 2026","passed","Mon Sep 28 12:06:48 UTC 2026","testcases.transfer.SpecialTransferTest","Surefire test","testcases.transfer.SpecialTransferTest","trfPartnerRefUSDTFailed"
"Refund Summary Dengan startDate Bukan Format Tanggal","1554","getRefundWithInvalidStartDate","Surefire suite","Mon Sep 28 12:36:58 UTC 2026","passed","Mon Sep 28 12:37:00 UTC 2026","testcases.backoffice.refund.GetRefundTest","Surefire test","testcases.backoffice.refund.GetRefundTest","getRefundWithInvalidStartDate"
"Get List Group Backoffice Menggunakan HTTP Method PATCH","1637","getListGroupWithPatchMethod","Surefire suite","Mon Sep 28 12:12:39 UTC 2026","passed","Mon Sep 28 12:12:40 UTC 2026","testcases.backoffice.group.GetListGroupTest","Surefire test","testcases.backoffice.group.GetListGroupTest","getListGroupWithPatchMethod"
"Delete Google Authenticator Ke Path yang Tidak Ada (Typo)","4818","deleteOtpGoogleWithWrongPath","Surefire suite","Mon Sep 28 11:55:21 UTC 2026","passed","Mon Sep 28 11:55:26 UTC 2026","testcases.backoffice.googleauth.DeleteOtpGoogleTest","Surefire test","testcases.backoffice.googleauth.DeleteOtpGoogleTest","deleteOtpGoogleWithWrongPath"
"Delete Manage Settlement BO Dengan id Sangat Panjang (10.000 karakter)","4894","deleteManageSettlementWithOverlongId","Surefire suite","Mon Sep 28 12:01:12 UTC 2026","passed","Mon Sep 28 12:01:17 UTC 2026","testcases.backoffice.settlement.DeleteManageSettlementTest","Surefire test","testcases.backoffice.settlement.DeleteManageSettlementTest","deleteManageSettlementWithOverlongId"
"Add Group Backoffice Dengan flagLock Bertipe String","1533","addGroupWithFlagLockAsString","Surefire suite","Mon Sep 28 12:23:25 UTC 2026","passed","Mon Sep 28 12:23:27 UTC 2026","testcases.backoffice.group.AddGroupTest","Surefire test","testcases.backoffice.group.AddGroupTest","addGroupWithFlagLockAsString"
"Get Notification Sender Menggunakan HTTP Method DELETE","4826","getNotificationSenderWithDeleteMethod","Surefire suite","Mon Sep 28 12:33:28 UTC 2026","passed","Mon Sep 28 12:33:32 UTC 2026","testcases.backoffice.notifsender.NotificationSenderTest","Surefire test","testcases.backoffice.notifsender.NotificationSenderTest","getNotificationSenderWithDeleteMethod"
"Get List Group Company BO Tanpa Login/Header Auth","1503","getListGroupCompanyWithoutAuth","Surefire suite","Mon Sep 28 11:58:46 UTC 2026","passed","Mon Sep 28 11:58:48 UTC 2026","testcases.backoffice.settlement.GetListGroupCompanyTest","Surefire test","testcases.backoffice.settlement.GetListGroupCompanyTest","getListGroupCompanyWithoutAuth"
"Get List Group Company BO Dengan groupName Berisi Karakter SQL Injection","4631","getListGroupCompanyWithSqlInjectionGroupName","Surefire suite","Mon Sep 28 11:58:08 UTC 2026","passed","Mon Sep 28 11:58:12 UTC 2026","testcases.backoffice.settlement.GetListGroupCompanyTest","Surefire test","testcases.backoffice.settlement.GetListGroupCompanyTest","getListGroupCompanyWithSqlInjectionGroupName"
"List Currency USDT Dengan Field Sort Merujuk ke Kolom yang Tidak Ada","1779","getCurrencyWithInvalidSortField","Surefire suite","Mon Sep 28 12:08:43 UTC 2026","passed","Mon Sep 28 12:08:45 UTC 2026","testcases.backoffice.currency.GetCurrencyTest","Surefire test","testcases.backoffice.currency.GetCurrencyTest","getCurrencyWithInvalidSortField"
"Refund Summary Menggunakan Login Admin","4992","getRefundWithAdminLogin","Surefire suite","Mon Sep 28 12:35:49 UTC 2026","passed","Mon Sep 28 12:35:54 UTC 2026","testcases.backoffice.refund.GetRefundTest","Surefire test","testcases.backoffice.refund.GetRefundTest","getRefundWithAdminLogin"
"Generate QR Success paid","6599","paidQR","Surefire suite","Mon Sep 28 11:53:59 UTC 2026","passed","Mon Sep 28 11:54:06 UTC 2026","testcases.QR.GenerateQRPaidTest","Surefire test","testcases.QR.GenerateQRPaidTest","paidQR"
"Refund Summary Dengan type null","1599","getRefundWithNullType","Surefire suite","Mon Sep 28 12:37:46 UTC 2026","passed","Mon Sep 28 12:37:48 UTC 2026","testcases.backoffice.refund.GetRefundTest","Surefire test","testcases.backoffice.refund.GetRefundTest","getRefundWithNullType"
"Transfer Different Partner Reference, USDT Transfer to Manual Transfer","49678","trfPartnerRefUSDTFailed","Surefire suite","Mon Sep 28 12:40:55 UTC 2026","passed","Mon Sep 28 12:41:45 UTC 2026","testcases.transfer.ManualTransferTest","Surefire test","testcases.transfer.ManualTransferTest","trfPartnerRefUSDTFailed"
"Reset Pin Admin","5006","resetPinAdmin","Surefire suite","Mon Sep 28 11:52:48 UTC 2026","passed","Mon Sep 28 11:52:53 UTC 2026","testcases.settings.ResetPinTest","Surefire test","testcases.settings.ResetPinTest","resetPinAdmin"
"Get History QR","11720","historyQRTest","Surefire suite","Mon Sep 28 12:32:42 UTC 2026","passed","Mon Sep 28 12:32:54 UTC 2026","testcases.history.HistoryQRTest","Surefire test","testcases.history.HistoryQRTest","historyQRTest"
"List Manage Settlement Backoffice Dengan Karakter SQL Injection pada Field Param","4547","listManageSettlementWithSqlInjectionParam","Surefire suite","Mon Sep 28 12:44:44 UTC 2026","passed","Mon Sep 28 12:44:48 UTC 2026","testcases.backoffice.settlement.ManageSettlementTest","Surefire test","testcases.backoffice.settlement.ManageSettlementTest","listManageSettlementWithSqlInjectionParam"
"Test Approve Manual Transfer Supervisor dengan check Fee di Admin Crypto dan Admin Fee","64569","approvedCashDepositBalanceSupervisor","Surefire suite","Mon Sep 28 13:20:52 UTC 2026","passed","Mon Sep 28 13:21:57 UTC 2026","testcases.backoffice.ApprovalTransferTest","Surefire test","testcases.backoffice.ApprovalTransferTest","approvedCashDepositBalanceSupervisor"
"Delete Manage Settlement BO Dengan id Berisi Karakter SQL Injection","4710","deleteManageSettlementWithSqlInjectionId","Surefire suite","Mon Sep 28 12:01:43 UTC 2026","passed","Mon Sep 28 12:01:48 UTC 2026","testcases.backoffice.settlement.DeleteManageSettlementTest","Surefire test","testcases.backoffice.settlement.DeleteManageSettlementTest","deleteManageSettlementWithSqlInjectionId"
"Add Merchant From Backoffice","5565","addCompanyBackoffice","Surefire suite","Mon Sep 28 12:31:24 UTC 2026","passed","Mon Sep 28 12:31:29 UTC 2026","testcases.backoffice.AddCompanyTest","Surefire test","testcases.backoffice.AddCompanyTest","addCompanyBackoffice"
"List Company Backoffice Dengan Token Tidak Valid","1580","listCompanyWithInvalidToken","Surefire suite","Mon Sep 28 12:40:28 UTC 2026","passed","Mon Sep 28 12:40:29 UTC 2026","testcases.backoffice.ListCompanyTest","Surefire test","testcases.backoffice.ListCompanyTest","listCompanyWithInvalidToken"
"Mutasi Manual Transfer Balance CS","45954","mutasiManualTransferBalanceCS","Surefire suite","Mon Sep 28 14:07:14 UTC 2026","passed","Mon Sep 28 14:07:59 UTC 2026","testcases.mutasi.MutasiTransferTest","Surefire test","testcases.mutasi.MutasiTransferTest","mutasiManualTransferBalanceCS"
"Delete Manage Settlement BO Menggunakan Login Marketing","4690","deleteManageSettlementWithMarketingLogin","Surefire suite","Mon Sep 28 12:00:49 UTC 2026","passed","Mon Sep 28 12:00:54 UTC 2026","testcases.backoffice.settlement.DeleteManageSettlementTest","Surefire test","testcases.backoffice.settlement.DeleteManageSettlementTest","deleteManageSettlementWithMarketingLogin"
"Get List Google Authenticator Dengan Header Authorization Tanpa Skema Bearer","1420","listOtpGoogleWithMalformedAuthorizationHeader","Surefire suite","Mon Sep 28 12:43:35 UTC 2026","passed","Mon Sep 28 12:43:36 UTC 2026","testcases.backoffice.googleauth.ListOtpGoogleTest","Surefire test","testcases.backoffice.googleauth.ListOtpGoogleTest","listOtpGoogleWithMalformedAuthorizationHeader"
"Delete session Merchant on CS Admin","5188","deleteSessionCsAdmin","Surefire suite","Mon Sep 28 11:53:47 UTC 2026","broken","Mon Sep 28 11:53:53 UTC 2026","testcases.backoffice.users.EditUserTest","Surefire test","testcases.backoffice.users.EditUserTest","deleteSessionCsAdmin"
"Delete Google Authenticator Menggunakan Login Merchant","4634","deleteOtpGoogleWithMerchantLogin","Surefire suite","Mon Sep 28 11:54:10 UTC 2026","passed","Mon Sep 28 11:54:14 UTC 2026","testcases.backoffice.googleauth.DeleteOtpGoogleTest","Surefire test","testcases.backoffice.googleauth.DeleteOtpGoogleTest","deleteOtpGoogleWithMerchantLogin"
"Normal Balance Special Transfer Success","10520","specialTransferBalanceAdminCrypto","Surefire suite","Mon Sep 28 11:55:14 UTC 2026","passed","Mon Sep 28 11:55:25 UTC 2026","testcases.transfer.SpecialTransferTest","Surefire test","testcases.transfer.SpecialTransferTest","specialTransferBalanceAdminCrypto"
"Normal Transfer Success","7960","transferAdminCrypto","Surefire suite","Mon Sep 28 11:54:40 UTC 2026","passed","Mon Sep 28 11:54:48 UTC 2026","testcases.transfer.TransferTest","Surefire test","testcases.transfer.TransferTest","transferAdminCrypto"
"Refund Summary Dengan Body JSON Tidak Valid (Malformed)","1774","getRefundWithMalformedJson","Surefire suite","Mon Sep 28 12:37:16 UTC 2026","passed","Mon Sep 28 12:37:18 UTC 2026","testcases.backoffice.refund.GetRefundTest","Surefire test","testcases.backoffice.refund.GetRefundTest","getRefundWithMalformedJson"
"Delete Favorite Account Dengan id yang Tidak Pernah Ada","1794","deleteFavoriteAccountWithNonExistentId","Surefire suite","Mon Sep 28 11:56:40 UTC 2026","failed","Mon Sep 28 11:56:42 UTC 2026","testcases.settings.favoriteaccount.DeleteFavoriteAccountTest","Surefire test","testcases.settings.favoriteaccount.DeleteFavoriteAccountTest","deleteFavoriteAccountWithNonExistentId"
"Add Group Backoffice","5309","addGroupBO","Surefire suite","Mon Sep 28 12:20:51 UTC 2026","passed","Mon Sep 28 12:20:56 UTC 2026","testcases.backoffice.group.AddGroupTest","Surefire test","testcases.backoffice.group.AddGroupTest","addGroupBO"
"Delete Favorite Account Dengan Token Valid Tapi Tanpa Header credentialId","42128","deleteFavoriteAccountWithoutCredentialIdHeader","Surefire suite","Mon Sep 28 12:00:30 UTC 2026","failed","Mon Sep 28 12:01:12 UTC 2026","testcases.settings.favoriteaccount.DeleteFavoriteAccountTest","Surefire test","testcases.settings.favoriteaccount.DeleteFavoriteAccountTest","deleteFavoriteAccountWithoutCredentialIdHeader"
"Refund Summary Menggunakan Login Merchant","4809","getRefundWithMerchantLogin","Surefire suite","Mon Sep 28 12:37:29 UTC 2026","passed","Mon Sep 28 12:37:34 UTC 2026","testcases.backoffice.refund.GetRefundTest","Surefire test","testcases.backoffice.refund.GetRefundTest","getRefundWithMerchantLogin"
"Add Currency CS Admin Path Tanpa Body Sama Sekali","1739","addCurrencyWithoutBody","Surefire suite","Mon Sep 28 13:40:32 UTC 2026","passed","Mon Sep 28 13:40:34 UTC 2026","testcases.backoffice.currency.AddCurrencyTest","Surefire test","testcases.backoffice.currency.AddCurrencyTest","addCurrencyWithoutBody"
"List Company Backoffice Dengan Ukuran Halaman Sangat Besar","5886","listCompanyWithHugeSize","Surefire suite","Mon Sep 28 12:40:03 UTC 2026","passed","Mon Sep 28 12:40:09 UTC 2026","testcases.backoffice.ListCompanyTest","Surefire test","testcases.backoffice.ListCompanyTest","listCompanyWithHugeSize"
"Get List Group Company BO Dengan Header Authorization Tanpa Skema Bearer","1499","getListGroupCompanyWithMalformedAuthorizationHeader","Surefire suite","Mon Sep 28 11:57:01 UTC 2026","passed","Mon Sep 28 11:57:02 UTC 2026","testcases.backoffice.settlement.GetListGroupCompanyTest","Surefire test","testcases.backoffice.settlement.GetListGroupCompanyTest","getListGroupCompanyWithMalformedAuthorizationHeader"
"Get History Special Transfer Test Fee Admin","13130","historySpecialTransferTestFeeAdmin","Surefire suite","Mon Sep 28 13:56:34 UTC 2026","passed","Mon Sep 28 13:56:47 UTC 2026","testcases.history.HistoryTransferTest","Surefire test","testcases.history.HistoryTransferTest","historySpecialTransferTestFeeAdmin"
"Resend Google Authenticator","4902","resendOtpGoogleBO","Surefire suite","Mon Sep 28 12:37:36 UTC 2026","passed","Mon Sep 28 12:37:41 UTC 2026","testcases.backoffice.googleauth.ResendOtpGoogleTest","Surefire test","testcases.backoffice.googleauth.ResendOtpGoogleTest","resendOtpGoogleBO"
"Add Currency CS Admin Path Dengan Key rate Terduplikasi","1719","addCurrencyWithDuplicateRateKeys","Surefire suite","Mon Sep 28 13:38:03 UTC 2026","passed","Mon Sep 28 13:38:05 UTC 2026","testcases.backoffice.currency.AddCurrencyTest","Surefire test","testcases.backoffice.currency.AddCurrencyTest","addCurrencyWithDuplicateRateKeys"
"Get List Favorite Account Dengan Header Authorization Tanpa Skema Bearer","2758","getListFavoriteAccountWithMalformedAuthorizationHeader","Surefire suite","Mon Sep 28 14:27:37 UTC 2026","passed","Mon Sep 28 14:27:40 UTC 2026","testcases.settings.favoriteaccount.GetListFavoriteAccountTest","Surefire test","testcases.settings.favoriteaccount.GetListFavoriteAccountTest","getListFavoriteAccountWithMalformedAuthorizationHeader"
"Normal Transfer USDT Balance Success","10396","transferBalance","Surefire suite","Mon Sep 28 12:07:41 UTC 2026","passed","Mon Sep 28 12:07:52 UTC 2026","testcases.transfer.TransferUSDTTest","Surefire test","testcases.transfer.TransferUSDTTest","transferBalance"
"Get List Group Company BO Menggunakan Login Merchant","4692","getListGroupCompanyWithMerchantLogin","Surefire suite","Mon Sep 28 11:57:13 UTC 2026","passed","Mon Sep 28 11:57:18 UTC 2026","testcases.backoffice.settlement.GetListGroupCompanyTest","Surefire test","testcases.backoffice.settlement.GetListGroupCompanyTest","getListGroupCompanyWithMerchantLogin"
"Add Group Backoffice Menggunakan HTTP Method GET","1765","addGroupWithGetMethod","Surefire suite","Mon Sep 28 12:23:30 UTC 2026","passed","Mon Sep 28 12:23:32 UTC 2026","testcases.backoffice.group.AddGroupTest","Surefire test","testcases.backoffice.group.AddGroupTest","addGroupWithGetMethod"
"Mutasi USDT Transfer Supervisor","16838","mutasiUSDTTransferSupervisor","Surefire suite","Mon Sep 28 14:22:14 UTC 2026","failed","Mon Sep 28 14:22:31 UTC 2026","testcases.mutasi.MutasiTransferTest","Surefire test","testcases.mutasi.MutasiTransferTest","mutasiUSDTTransferSupervisor"
"Get List Group Backoffice Menggunakan Login CS Admin","4841","getListGroupWithCSAdminLogin","Surefire suite","Mon Sep 28 12:11:03 UTC 2026","passed","Mon Sep 28 12:11:08 UTC 2026","testcases.backoffice.group.GetListGroupTest","Surefire test","testcases.backoffice.group.GetListGroupTest","getListGroupWithCSAdminLogin"
"Refund Summary Tanpa Login/Header Auth","1472","getRefundWithoutAuth","Surefire suite","Mon Sep 28 12:38:48 UTC 2026","passed","Mon Sep 28 12:38:49 UTC 2026","testcases.backoffice.refund.GetRefundTest","Surefire test","testcases.backoffice.refund.GetRefundTest","getRefundWithoutAuth"
"Get Detail Waiting Company Backoffice Dengan Id yang Tidak Ada","6929","getDetailWaitingCompanyWithNonExistentId","Surefire suite","Mon Sep 28 12:27:14 UTC 2026","passed","Mon Sep 28 12:27:21 UTC 2026","testcases.backoffice.GetDetailWaitingCompanyTest","Surefire test","testcases.backoffice.GetDetailWaitingCompanyTest","getDetailWaitingCompanyWithNonExistentId"
"Delete Group Backoffice Dengan id Sangat Panjang","2563","deleteGroupWithVeryLongId","Surefire suite","Mon Sep 28 12:20:01 UTC 2026","passed","Mon Sep 28 12:20:03 UTC 2026","testcases.backoffice.group.DeleteGroupTest","Surefire test","testcases.backoffice.group.DeleteGroupTest","deleteGroupWithVeryLongId"
"Check Status QR CS","17608","checkStatusQRCS","Surefire suite","Mon Sep 28 12:54:05 UTC 2026","passed","Mon Sep 28 12:54:23 UTC 2026","testcases.QR.CheckStatusQRTest","Surefire test","testcases.QR.CheckStatusQRTest","checkStatusQRCS"
"Get List Favorite Account Dengan size Bertipe String","1727","getListFavoriteAccountWithSizeAsString","Surefire suite","Mon Sep 28 14:28:21 UTC 2026","passed","Mon Sep 28 14:28:23 UTC 2026","testcases.settings.favoriteaccount.GetListFavoriteAccountTest","Surefire test","testcases.settings.favoriteaccount.GetListFavoriteAccountTest","getListFavoriteAccountWithSizeAsString"
"Delete Group Backoffice Dengan id yang Tidak Pernah Ada","1592","deleteGroupWithNonExistentId","Surefire suite","Mon Sep 28 12:19:22 UTC 2026","passed","Mon Sep 28 12:19:24 UTC 2026","testcases.backoffice.group.DeleteGroupTest","Surefire test","testcases.backoffice.group.DeleteGroupTest","deleteGroupWithNonExistentId"
"Login Merchant dengan Captcha Salah","2932","testLoginWrongCaptcha","Surefire suite","Mon Sep 28 11:55:11 UTC 2026","passed","Mon Sep 28 11:55:14 UTC 2026","testcases.auth.LoginTest","Surefire test","testcases.auth.LoginTest","testLoginWrongCaptcha"
"Get Notification Sender Menggunakan Login CS Admin","4926","getNotificationSenderWithCSAdminLogin","Surefire suite","Mon Sep 28 12:33:10 UTC 2026","passed","Mon Sep 28 12:33:15 UTC 2026","testcases.backoffice.notifsender.NotificationSenderTest","Surefire test","testcases.backoffice.notifsender.NotificationSenderTest","getNotificationSenderWithCSAdminLogin"
"Delete Group Backoffice Dengan id String Kosong","1479","deleteGroupWithEmptyId","Surefire suite","Mon Sep 28 12:18:04 UTC 2026","passed","Mon Sep 28 12:18:06 UTC 2026","testcases.backoffice.group.DeleteGroupTest","Surefire test","testcases.backoffice.group.DeleteGroupTest","deleteGroupWithEmptyId"
"List Manage Settlement Backoffice Menggunakan HTTP Method PUT","5081","listManageSettlementWithPutMethod","Surefire suite","Mon Sep 28 12:44:36 UTC 2026","passed","Mon Sep 28 12:44:41 UTC 2026","testcases.backoffice.settlement.ManageSettlementTest","Surefire test","testcases.backoffice.settlement.ManageSettlementTest","listManageSettlementWithPutMethod"
"Get List Group Backoffice Tanpa Login/Header Auth","1506","getListGroupWithoutAuth","Surefire suite","Mon Sep 28 12:13:28 UTC 2026","passed","Mon Sep 28 12:13:29 UTC 2026","testcases.backoffice.group.GetListGroupTest","Surefire test","testcases.backoffice.group.GetListGroupTest","getListGroupWithoutAuth"
"Get List Favorite Account Menggunakan HTTP Method GET","2089","getListFavoriteAccountWithGetMethod","Surefire suite","Mon Sep 28 14:27:27 UTC 2026","passed","Mon Sep 28 14:27:29 UTC 2026","testcases.settings.favoriteaccount.GetListFavoriteAccountTest","Surefire test","testcases.settings.favoriteaccount.GetListFavoriteAccountTest","getListFavoriteAccountWithGetMethod"
"Get Balance Merchant with Login Admin","4772","getFailedBalanceMerchantLoginAdmin","Surefire suite","Mon Sep 28 11:54:26 UTC 2026","passed","Mon Sep 28 11:54:31 UTC 2026","testcases.balance.GetBalanceQrisTest","Surefire test","testcases.balance.GetBalanceQrisTest","getFailedBalanceMerchantLoginAdmin"
"Delete Group Backoffice Dengan Payload XSS pada name","4011","deleteGroupWithXssName","Surefire suite","Mon Sep 28 12:20:20 UTC 2026","passed","Mon Sep 28 12:20:24 UTC 2026","testcases.backoffice.group.DeleteGroupTest","Surefire test","testcases.backoffice.group.DeleteGroupTest","deleteGroupWithXssName"
"Get Group User Backoffice","6034","getGroupSuperBO","Surefire suite","Mon Sep 28 12:30:09 UTC 2026","passed","Mon Sep 28 12:30:15 UTC 2026","testcases.backoffice.GetDashboardTest","Surefire test","testcases.backoffice.GetDashboardTest","getGroupSuperBO"
"Delete Google Authenticator Menggunakan HTTP Method DELETE","4624","deleteOtpGoogleWithDeleteMethod","Surefire suite","Mon Sep 28 11:53:16 UTC 2026","passed","Mon Sep 28 11:53:21 UTC 2026","testcases.backoffice.googleauth.DeleteOtpGoogleTest","Surefire test","testcases.backoffice.googleauth.DeleteOtpGoogleTest","deleteOtpGoogleWithDeleteMethod"
"Add Currency CS Admin Path Dengan Karakter SQL Injection pada rate","1588","addCurrencyWithSqlInjectionRate","Surefire suite","Mon Sep 28 13:39:43 UTC 2026","passed","Mon Sep 28 13:39:45 UTC 2026","testcases.backoffice.currency.AddCurrencyTest","Surefire test","testcases.backoffice.currency.AddCurrencyTest","addCurrencyWithSqlInjectionRate"
"Created Favorite Account Dengan Token Valid Tapi Tanpa Header credentialId","1457","createdFavoriteAccountWithoutCredentialIdHeader","Surefire suite","Mon Sep 28 12:35:20 UTC 2026","failed","Mon Sep 28 12:35:22 UTC 2026","testcases.settings.favoriteaccount.CreatedFavoriteAccountTest","Surefire test","testcases.settings.favoriteaccount.CreatedFavoriteAccountTest","createdFavoriteAccountWithoutCredentialIdHeader"
"List Currency USDT Backoffice","4550","getCurrencyBO","Surefire suite","Mon Sep 28 12:07:28 UTC 2026","passed","Mon Sep 28 12:07:33 UTC 2026","testcases.backoffice.currency.GetCurrencyTest","Surefire test","testcases.backoffice.currency.GetCurrencyTest","getCurrencyBO"
"Normal Manual Transfer Balance Success","10027","manualTransferBalanceAdminCrypto","Surefire suite","Mon Sep 28 11:55:38 UTC 2026","passed","Mon Sep 28 11:55:48 UTC 2026","testcases.transfer.ManualTransferTest","Surefire test","testcases.transfer.ManualTransferTest","manualTransferBalanceAdminCrypto"
"Test Reject USDT Supervisor","25168","rejectedUSDTSupervisor","Surefire suite","Mon Sep 28 13:30:35 UTC 2026","passed","Mon Sep 28 13:31:00 UTC 2026","testcases.backoffice.ApprovalTransferTest","Surefire test","testcases.backoffice.ApprovalTransferTest","rejectedUSDTSupervisor"
"Resend Google Authenticator Menggunakan Login Admin Crypto","6331","resendOtpGoogleWithAdminCryptoLogin","Surefire suite","Mon Sep 28 12:37:44 UTC 2026","passed","Mon Sep 28 12:37:50 UTC 2026","testcases.backoffice.googleauth.ResendOtpGoogleTest","Surefire test","testcases.backoffice.googleauth.ResendOtpGoogleTest","resendOtpGoogleWithAdminCryptoLogin"
"Get List Favorite Account Tanpa Field page","2855","getListFavoriteAccountWithoutPageField","Surefire suite","Mon Sep 28 14:29:14 UTC 2026","passed","Mon Sep 28 14:29:17 UTC 2026","testcases.settings.favoriteaccount.GetListFavoriteAccountTest","Surefire test","testcases.settings.favoriteaccount.GetListFavoriteAccountTest","getListFavoriteAccountWithoutPageField"
"List Currency USDT Menggunakan Login Supervisor","4723","getCurrencyWithSupervisorLogin","Surefire suite","Mon Sep 28 12:09:46 UTC 2026","passed","Mon Sep 28 12:09:51 UTC 2026","testcases.backoffice.currency.GetCurrencyTest","Surefire test","testcases.backoffice.currency.GetCurrencyTest","getCurrencyWithSupervisorLogin"
"Transfer Different Partner Reference, Manual Transfer to USDT Transfer","50091","trfPartnerRefManualFailed","Surefire suite","Mon Sep 28 12:08:47 UTC 2026","failed","Mon Sep 28 12:09:37 UTC 2026","testcases.transfer.TransferUSDTTest","Surefire test","testcases.transfer.TransferUSDTTest","trfPartnerRefManualFailed"
"Normal Transfer USDT Supervisor Success","7151","usdtTransferSupervisor","Surefire suite","Mon Sep 28 11:53:59 UTC 2026","passed","Mon Sep 28 11:54:06 UTC 2026","testcases.transfer.TransferUSDTTest","Surefire test","testcases.transfer.TransferUSDTTest","usdtTransferSupervisor"
"Inquiry Favorite Account CS","13360","inquiryFavoriteAccountCS","Surefire suite","Mon Sep 28 13:05:00 UTC 2026","passed","Mon Sep 28 13:05:14 UTC 2026","testcases.settings.favoriteaccount.InquiryFavoriteAccountTest","Surefire test","testcases.settings.favoriteaccount.InquiryFavoriteAccountTest","inquiryFavoriteAccountCS"
"Get List Google Authenticator Menggunakan HTTP Method GET","4791","listOtpGoogleWithGetMethod","Surefire suite","Mon Sep 28 12:42:57 UTC 2026","passed","Mon Sep 28 12:43:01 UTC 2026","testcases.backoffice.googleauth.ListOtpGoogleTest","Surefire test","testcases.backoffice.googleauth.ListOtpGoogleTest","listOtpGoogleWithGetMethod"
"Refund Summary Menggunakan HTTP Method DELETE","1574","getRefundWithDeleteMethod","Surefire suite","Mon Sep 28 12:36:26 UTC 2026","passed","Mon Sep 28 12:36:27 UTC 2026","testcases.backoffice.refund.GetRefundTest","Surefire test","testcases.backoffice.refund.GetRefundTest","getRefundWithDeleteMethod"
"List Company Backoffice Tanpa Body Sama Sekali","4534","listCompanyWithoutBody","Surefire suite","Mon Sep 28 12:41:37 UTC 2026","passed","Mon Sep 28 12:41:42 UTC 2026","testcases.backoffice.ListCompanyTest","Surefire test","testcases.backoffice.ListCompanyTest","listCompanyWithoutBody"
"Inquiry Favorite Account Dengan Token Valid Tapi Tanpa Header credentialId","1582","inquiryFavoriteAccountWithoutCredentialIdHeader","Surefire suite","Mon Sep 28 12:37:31 UTC 2026","failed","Mon Sep 28 12:37:33 UTC 2026","testcases.settings.favoriteaccount.InquiryFavoriteAccountTest","Surefire test","testcases.settings.favoriteaccount.InquiryFavoriteAccountTest","inquiryFavoriteAccountWithoutCredentialIdHeader"
"Normal Flop Transfer Success Admin Crypto","7467","flopTransferAdminCrypto","Surefire suite","Mon Sep 28 11:53:36 UTC 2026","passed","Mon Sep 28 11:53:44 UTC 2026","testcases.transfer.TransferFlopTest","Surefire test","testcases.transfer.TransferFlopTest","flopTransferAdminCrypto"
"List Manage Settlement Backoffice Menggunakan Login Customer Service","4674","listManageSettlementWithCSLogin","Surefire suite","Mon Sep 28 12:42:31 UTC 2026","passed","Mon Sep 28 12:42:36 UTC 2026","testcases.backoffice.settlement.ManageSettlementTest","Surefire test","testcases.backoffice.settlement.ManageSettlementTest","listManageSettlementWithCSLogin"
"Inquiry Test Flop Transfer Admin Crypto","7237","inquiryFlopTransferAdminCrypto","Surefire suite","Mon Sep 28 11:53:02 UTC 2026","passed","Mon Sep 28 11:53:09 UTC 2026","testcases.transfer.InquiryFlopTransferTest","Surefire test","testcases.transfer.InquiryFlopTransferTest","inquiryFlopTransferAdminCrypto"
"Get List Group Backoffice Menggunakan Login Marketing","4823","getListGroupWithMarketingLogin","Surefire suite","Mon Sep 28 12:12:00 UTC 2026","passed","Mon Sep 28 12:12:05 UTC 2026","testcases.backoffice.group.GetListGroupTest","Surefire test","testcases.backoffice.group.GetListGroupTest","getListGroupWithMarketingLogin"
"List Currency USDT Menggunakan Login Customer Service","4588","getCurrencyWithCSLogin","Surefire suite","Mon Sep 28 12:08:07 UTC 2026","passed","Mon Sep 28 12:08:11 UTC 2026","testcases.backoffice.currency.GetCurrencyTest","Surefire test","testcases.backoffice.currency.GetCurrencyTest","getCurrencyWithCSLogin"
"Test Rejected Special Transfer","14783","rejectedSpecialTransfer","Surefire suite","Mon Sep 28 13:29:26 UTC 2026","passed","Mon Sep 28 13:29:41 UTC 2026","testcases.backoffice.ApprovalTransferTest","Surefire test","testcases.backoffice.ApprovalTransferTest","rejectedSpecialTransfer"
"Refund Summary Tanpa Body Sama Sekali","1797","getRefundWithoutBody","Surefire suite","Mon Sep 28 12:38:52 UTC 2026","passed","Mon Sep 28 12:38:54 UTC 2026","testcases.backoffice.refund.GetRefundTest","Surefire test","testcases.backoffice.refund.GetRefundTest","getRefundWithoutBody"
"Inquiry Test Flop Transfer Merchant Supervisor","5709","inquiryFlopTransferSupervisor","Surefire suite","Mon Sep 28 11:57:18 UTC 2026","passed","Mon Sep 28 11:57:24 UTC 2026","testcases.transfer.InquiryFlopTransferTest","Surefire test","testcases.transfer.InquiryFlopTransferTest","inquiryFlopTransferSupervisor"
"List Company Backoffice Tanpa Login/Header Auth","1607","listCompanyWithoutAuth","Surefire suite","Mon Sep 28 12:41:33 UTC 2026","passed","Mon Sep 28 12:41:34 UTC 2026","testcases.backoffice.ListCompanyTest","Surefire test","testcases.backoffice.ListCompanyTest","listCompanyWithoutAuth"
"Test Approved Special Transfer Supervisor","13602","approvedSpecialTransferSupervisor","Surefire suite","Mon Sep 28 13:23:32 UTC 2026","passed","Mon Sep 28 13:23:46 UTC 2026","testcases.backoffice.ApprovalTransferTest","Surefire test","testcases.backoffice.ApprovalTransferTest","approvedSpecialTransferSupervisor"
"Get Notification Sender Menggunakan Login Admin","5142","getNotificationSenderWithAdminLogin","Surefire suite","Mon Sep 28 12:32:52 UTC 2026","passed","Mon Sep 28 12:32:57 UTC 2026","testcases.backoffice.notifsender.NotificationSenderTest","Surefire test","testcases.backoffice.notifsender.NotificationSenderTest","getNotificationSenderWithAdminLogin"
"List Currency USDT Menggunakan HTTP Method GET","1557","getCurrencyWithGetMethod","Surefire suite","Mon Sep 28 12:08:29 UTC 2026","passed","Mon Sep 28 12:08:31 UTC 2026","testcases.backoffice.currency.GetCurrencyTest","Surefire test","testcases.backoffice.currency.GetCurrencyTest","getCurrencyWithGetMethod"
"Test Approve Special Transfer dengan check Fee di Admin Fee","35237","approvedSpecialTransferBalance","Surefire suite","Mon Sep 28 13:22:52 UTC 2026","passed","Mon Sep 28 13:23:27 UTC 2026","testcases.backoffice.ApprovalTransferTest","Surefire test","testcases.backoffice.ApprovalTransferTest","approvedSpecialTransferBalance"
"Get Group Detail Backoffice Menggunakan HTTP Method DELETE","4774","getGroupDetailWithDeleteMethod","Surefire suite","Mon Sep 28 12:14:16 UTC 2026","passed","Mon Sep 28 12:14:20 UTC 2026","testcases.backoffice.group.GetGroupTest","Surefire test","testcases.backoffice.group.GetGroupTest","getGroupDetailWithDeleteMethod"
"Transfer Different Partner Reference, Manual Transfer to Transfer","49236","trfPartnerRefManualFailed","Surefire suite","Mon Sep 28 12:12:46 UTC 2026","passed","Mon Sep 28 12:13:35 UTC 2026","testcases.transfer.TransferTest","Surefire test","testcases.transfer.TransferTest","trfPartnerRefManualFailed"
"Reset Pin Customer Service","7195","resetPinCS","Surefire suite","Mon Sep 28 11:54:29 UTC 2026","passed","Mon Sep 28 11:54:36 UTC 2026","testcases.settings.ResetPinTest","Surefire test","testcases.settings.ResetPinTest","resetPinCS"
"Get Notification Sender Dengan pinValidasi Berupa Angka (Bukan String)","5500","getNotificationSenderWithNumericPinValidasi","Surefire suite","Mon Sep 28 12:35:42 UTC 2026","passed","Mon Sep 28 12:35:48 UTC 2026","testcases.backoffice.notifsender.NotificationSenderTest","Surefire test","testcases.backoffice.notifsender.NotificationSenderTest","getNotificationSenderWithNumericPinValidasi"
"List Company Backoffice","4577","getListCompany","Surefire suite","Mon Sep 28 12:39:15 UTC 2026","passed","Mon Sep 28 12:39:20 UTC 2026","testcases.backoffice.ListCompanyTest","Surefire test","testcases.backoffice.ListCompanyTest","getListCompany"
"Add Group Backoffice Dengan Token Tidak Valid","1439","addGroupWithInvalidToken","Surefire suite","Mon Sep 28 12:23:35 UTC 2026","passed","Mon Sep 28 12:23:36 UTC 2026","testcases.backoffice.group.AddGroupTest","Surefire test","testcases.backoffice.group.AddGroupTest","addGroupWithInvalidToken"
"Get User Backoffice Tanpa Login/Header Auth","1602","getUserWithoutAuth","Surefire suite","Mon Sep 28 12:31:19 UTC 2026","passed","Mon Sep 28 12:31:21 UTC 2026","testcases.backoffice.GetDashboardTest","Surefire test","testcases.backoffice.GetDashboardTest","getUserWithoutAuth"
"Create Manage Settlement BO Menggunakan HTTP Method PATCH","4568","addManageSettlementWithPatchMethod","Surefire suite","Mon Sep 28 12:05:52 UTC 2026","passed","Mon Sep 28 12:05:56 UTC 2026","testcases.backoffice.settlement.AddManageSettlementTest","Surefire test","testcases.backoffice.settlement.AddManageSettlementTest","addManageSettlementWithPatchMethod"
"List User Backoffice Dengan Field Sort Merujuk ke Kolom yang Tidak Ada","6236","listUsersWithInvalidSortField","Surefire suite","Mon Sep 28 12:47:29 UTC 2026","passed","Mon Sep 28 12:47:36 UTC 2026","testcases.backoffice.users.ListUsersTest","Surefire test","testcases.backoffice.users.ListUsersTest","listUsersWithInvalidSortField"
"List Manage Settlement Backoffice Dengan Body Berupa JSON Array ([])","5082","listManageSettlementWithArrayBody","Surefire suite","Mon Sep 28 12:42:15 UTC 2026","passed","Mon Sep 28 12:42:20 UTC 2026","testcases.backoffice.settlement.ManageSettlementTest","Surefire test","testcases.backoffice.settlement.ManageSettlementTest","listManageSettlementWithArrayBody"
"Delete Google Authenticator Dengan id Milik Entitas Lain (Group Id)","4477","deleteOtpGoogleWithForeignEntityId","Surefire suite","Mon Sep 28 11:53:36 UTC 2026","passed","Mon Sep 28 11:53:41 UTC 2026","testcases.backoffice.googleauth.DeleteOtpGoogleTest","Surefire test","testcases.backoffice.googleauth.DeleteOtpGoogleTest","deleteOtpGoogleWithForeignEntityId"
"Resend Google Authenticator Dengan email Kosong","4984","resendOtpGoogleWithEmptyEmail","Surefire suite","Mon Sep 28 12:38:43 UTC 2026","passed","Mon Sep 28 12:38:48 UTC 2026","testcases.backoffice.googleauth.ResendOtpGoogleTest","Surefire test","testcases.backoffice.googleauth.ResendOtpGoogleTest","resendOtpGoogleWithEmptyEmail"
"Success Login CS Admin","3407","testLoginCSAdmin","Surefire suite","Mon Sep 28 11:55:09 UTC 2026","passed","Mon Sep 28 11:55:13 UTC 2026","testcases.auth.LoginTest","Surefire test","testcases.auth.LoginTest","testLoginCSAdmin"
"Get Group Detail Backoffice Menggunakan Login Group","4782","getGroupDetailWithGroupLogin","Surefire suite","Mon Sep 28 12:14:44 UTC 2026","passed","Mon Sep 28 12:14:48 UTC 2026","testcases.backoffice.group.GetGroupTest","Surefire test","testcases.backoffice.group.GetGroupTest","getGroupDetailWithGroupLogin"
"Created Favorite Account Dengan Field Tidak Dikenal pada Body","1736","createdFavoriteAccountWithUnknownField","Surefire suite","Mon Sep 28 12:34:34 UTC 2026","passed","Mon Sep 28 12:34:36 UTC 2026","testcases.settings.favoriteaccount.CreatedFavoriteAccountTest","Surefire test","testcases.settings.favoriteaccount.CreatedFavoriteAccountTest","createdFavoriteAccountWithUnknownField"
"List Company Backoffice Menggunakan HTTP Method GET","5056","listCompanyWithGetMethod","Surefire suite","Mon Sep 28 12:39:55 UTC 2026","passed","Mon Sep 28 12:40:00 UTC 2026","testcases.backoffice.ListCompanyTest","Surefire test","testcases.backoffice.ListCompanyTest","listCompanyWithGetMethod"
"Test Approved Special Transfer","14164","approvedSpecialTransfer","Surefire suite","Mon Sep 28 13:22:35 UTC 2026","passed","Mon Sep 28 13:22:49 UTC 2026","testcases.backoffice.ApprovalTransferTest","Surefire test","testcases.backoffice.ApprovalTransferTest","approvedSpecialTransfer"
"Get Dashboard Backoffice Menggunakan Login Marketing","7020","getDashboardWithMarketingLogin","Surefire suite","Mon Sep 28 12:29:38 UTC 2026","passed","Mon Sep 28 12:29:45 UTC 2026","testcases.backoffice.GetDashboardTest","Surefire test","testcases.backoffice.GetDashboardTest","getDashboardWithMarketingLogin"
"Get List Favorite Account Dengan Body JSON Tidak Valid (Malformed)","1762","getListFavoriteAccountWithMalformedJson","Surefire suite","Mon Sep 28 14:27:43 UTC 2026","passed","Mon Sep 28 14:27:45 UTC 2026","testcases.settings.favoriteaccount.GetListFavoriteAccountTest","Surefire test","testcases.settings.favoriteaccount.GetListFavoriteAccountTest","getListFavoriteAccountWithMalformedJson"
"Get Group Detail Backoffice Dengan Group Id Berisi Payload XSS","4888","getGroupDetailWithXssId","Surefire suite","Mon Sep 28 12:16:26 UTC 2026","passed","Mon Sep 28 12:16:31 UTC 2026","testcases.backoffice.group.GetGroupTest","Surefire test","testcases.backoffice.group.GetGroupTest","getGroupDetailWithXssId"
"Get Dashboard Backoffice Menggunakan Login Merchant","5369","getDashboardWithMerchantLogin","Surefire suite","Mon Sep 28 12:29:48 UTC 2026","passed","Mon Sep 28 12:29:53 UTC 2026","testcases.backoffice.GetDashboardTest","Surefire test","testcases.backoffice.GetDashboardTest","getDashboardWithMerchantLogin"
"Get List Group Company BO Menggunakan HTTP Method PUT","4841","getListGroupCompanyWithPutMethod","Surefire suite","Mon Sep 28 11:58:00 UTC 2026","passed","Mon Sep 28 11:58:05 UTC 2026","testcases.backoffice.settlement.GetListGroupCompanyTest","Surefire test","testcases.backoffice.settlement.GetListGroupCompanyTest","getListGroupCompanyWithPutMethod"
"Get User Marketing Backoffice","5466","getUserSuperBO","Surefire suite","Mon Sep 28 12:30:47 UTC 2026","passed","Mon Sep 28 12:30:52 UTC 2026","testcases.backoffice.GetDashboardTest","Surefire test","testcases.backoffice.GetDashboardTest","getUserSuperBO"
"Get Detail Waiting Company Backoffice Dengan Id Milik Entitas Lain (Group Id)","4946","getDetailWaitingCompanyWithForeignEntityId","Surefire suite","Mon Sep 28 12:26:32 UTC 2026","passed","Mon Sep 28 12:26:37 UTC 2026","testcases.backoffice.GetDetailWaitingCompanyTest","Surefire test","testcases.backoffice.GetDetailWaitingCompanyTest","getDetailWaitingCompanyWithForeignEntityId"
"Test Approved Manual Transfer","27141","approvedCashDeposit","Surefire suite","Mon Sep 28 13:19:13 UTC 2026","passed","Mon Sep 28 13:19:40 UTC 2026","testcases.backoffice.ApprovalTransferTest","Surefire test","testcases.backoffice.ApprovalTransferTest","approvedCashDeposit"
"Delete Favorite Account yang Sama Dipanggil Dua Kali (Sudah Terhapus)","8264","deleteFavoriteAccountAlreadyDeleted","Surefire suite","Mon Sep 28 11:55:33 UTC 2026","passed","Mon Sep 28 11:55:41 UTC 2026","testcases.settings.favoriteaccount.DeleteFavoriteAccountTest","Surefire test","testcases.settings.favoriteaccount.DeleteFavoriteAccountTest","deleteFavoriteAccountAlreadyDeleted"
"Get History Special Transfer Test CS","15917","historySpecialTransferTestCS","Surefire suite","Mon Sep 28 13:56:15 UTC 2026","passed","Mon Sep 28 13:56:31 UTC 2026","testcases.history.HistoryTransferTest","Surefire test","testcases.history.HistoryTransferTest","historySpecialTransferTestCS"
"Delete Favorite Account Dengan Token Tidak Valid","1581","deleteFavoriteAccountWithInvalidToken","Surefire suite","Mon Sep 28 11:56:26 UTC 2026","passed","Mon Sep 28 11:56:28 UTC 2026","testcases.settings.favoriteaccount.DeleteFavoriteAccountTest","Surefire test","testcases.settings.favoriteaccount.DeleteFavoriteAccountTest","deleteFavoriteAccountWithInvalidToken"
"Get History Manual Transfer Test Admin","12543","historyManualTransferTestFeeAdmin","Surefire suite","Mon Sep 28 13:54:04 UTC 2026","passed","Mon Sep 28 13:54:17 UTC 2026","testcases.history.HistoryTransferTest","Surefire test","testcases.history.HistoryTransferTest","historyManualTransferTestFeeAdmin"
"Delete Favorite Account Tanpa Field id","42240","deleteFavoriteAccountWithoutIdField","Surefire suite","Mon Sep 28 12:01:15 UTC 2026","failed","Mon Sep 28 12:01:57 UTC 2026","testcases.settings.favoriteaccount.DeleteFavoriteAccountTest","Surefire test","testcases.settings.favoriteaccount.DeleteFavoriteAccountTest","deleteFavoriteAccountWithoutIdField"
"List Company Backoffice Dengan Field Sort Merujuk ke Kolom yang Tidak Ada","5312","listCompanyWithInvalidSortField","Surefire suite","Mon Sep 28 12:40:19 UTC 2026","passed","Mon Sep 28 12:40:25 UTC 2026","testcases.backoffice.ListCompanyTest","Surefire test","testcases.backoffice.ListCompanyTest","listCompanyWithInvalidSortField"
"Delete Favorite Account Dengan Header companyId Salah","43279","deleteFavoriteAccountWithWrongCompanyIdHeader","Surefire suite","Mon Sep 28 11:57:15 UTC 2026","failed","Mon Sep 28 11:57:58 UTC 2026","testcases.settings.favoriteaccount.DeleteFavoriteAccountTest","Surefire test","testcases.settings.favoriteaccount.DeleteFavoriteAccountTest","deleteFavoriteAccountWithWrongCompanyIdHeader"
"Delete Manage Settlement BO Menggunakan HTTP Method DELETE","4728","deleteManageSettlementWithDeleteMethod","Surefire suite","Mon Sep 28 12:00:05 UTC 2026","passed","Mon Sep 28 12:00:09 UTC 2026","testcases.backoffice.settlement.DeleteManageSettlementTest","Surefire test","testcases.backoffice.settlement.DeleteManageSettlementTest","deleteManageSettlementWithDeleteMethod"
"Delete Group Backoffice Tanpa Login/Header Auth","1553","deleteGroupWithoutAuth","Surefire suite","Mon Sep 28 12:20:27 UTC 2026","passed","Mon Sep 28 12:20:28 UTC 2026","testcases.backoffice.group.DeleteGroupTest","Surefire test","testcases.backoffice.group.DeleteGroupTest","deleteGroupWithoutAuth"
"Get Balance Company on Login Admin","6826","getBalanceCompanyAdmin","Surefire suite","Mon Sep 28 11:54:16 UTC 2026","passed","Mon Sep 28 11:54:23 UTC 2026","testcases.balance.GetBalanceQrisTest","Surefire test","testcases.balance.GetBalanceQrisTest","getBalanceCompanyAdmin"
"Get List Google Authenticator Menggunakan Login CS Admin","5543","listOtpGoogleWithCSAdminLogin","Surefire suite","Mon Sep 28 12:42:20 UTC 2026","passed","Mon Sep 28 12:42:26 UTC 2026","testcases.backoffice.googleauth.ListOtpGoogleTest","Surefire test","testcases.backoffice.googleauth.ListOtpGoogleTest","listOtpGoogleWithCSAdminLogin"
"Delete Group Backoffice Menggunakan Login Admin","4604","deleteGroupWithAdminLogin","Surefire suite","Mon Sep 28 12:17:27 UTC 2026","passed","Mon Sep 28 12:17:32 UTC 2026","testcases.backoffice.group.DeleteGroupTest","Surefire test","testcases.backoffice.group.DeleteGroupTest","deleteGroupWithAdminLogin"
"Resend Google Authenticator Dengan email Berupa Angka (Bukan String)","4894","resendOtpGoogleWithNumericEmail","Surefire suite","Mon Sep 28 12:40:08 UTC 2026","passed","Mon Sep 28 12:40:13 UTC 2026","testcases.backoffice.googleauth.ResendOtpGoogleTest","Surefire test","testcases.backoffice.googleauth.ResendOtpGoogleTest","resendOtpGoogleWithNumericEmail"
"List Manage Settlement Backoffice Menggunakan HTTP Method PATCH","5426","listManageSettlementWithPatchMethod","Surefire suite","Mon Sep 28 12:44:27 UTC 2026","passed","Mon Sep 28 12:44:33 UTC 2026","testcases.backoffice.settlement.ManageSettlementTest","Surefire test","testcases.backoffice.settlement.ManageSettlementTest","listManageSettlementWithPatchMethod"
"Get List Google Authenticator Dengan Content-Type text/plain","5034","listOtpGoogleWithWrongContentType","Surefire suite","Mon Sep 28 12:45:07 UTC 2026","passed","Mon Sep 28 12:45:12 UTC 2026","testcases.backoffice.googleauth.ListOtpGoogleTest","Surefire test","testcases.backoffice.googleauth.ListOtpGoogleTest","listOtpGoogleWithWrongContentType"
"Get History USDT Transfer Test CS","12247","historyUSDTTransferTestAdmin","Surefire suite","Mon Sep 28 13:59:40 UTC 2026","passed","Mon Sep 28 13:59:52 UTC 2026","testcases.history.HistoryTransferTest","Surefire test","testcases.history.HistoryTransferTest","historyUSDTTransferTestAdmin"
"Get Dashboard User Backoffice","4900","getDashboardSuperBO","Surefire suite","Mon Sep 28 12:28:51 UTC 2026","passed","Mon Sep 28 12:28:56 UTC 2026","testcases.backoffice.GetDashboardTest","Surefire test","testcases.backoffice.GetDashboardTest","getDashboardSuperBO"
"Success Assignment USDT Supervisor","13387","assignUSDTSupervisorTest","Surefire suite","Mon Sep 28 12:46:28 UTC 2026","passed","Mon Sep 28 12:46:41 UTC 2026","testcases.backoffice.TransferAssignmentTest","Surefire test","testcases.backoffice.TransferAssignmentTest","assignUSDTSupervisorTest"
"Get List Favorite Account Dengan Body Berupa JSON Array ([])","11804","getListFavoriteAccountWithArrayBody","Surefire suite","Mon Sep 28 14:26:54 UTC 2026","passed","Mon Sep 28 14:27:05 UTC 2026","testcases.settings.favoriteaccount.GetListFavoriteAccountTest","Surefire test","testcases.settings.favoriteaccount.GetListFavoriteAccountTest","getListFavoriteAccountWithArrayBody"
"Resend Google Authenticator Menggunakan Login Customer Service","4809","resendOtpGoogleWithCSLogin","Surefire suite","Mon Sep 28 12:38:19 UTC 2026","passed","Mon Sep 28 12:38:24 UTC 2026","testcases.backoffice.googleauth.ResendOtpGoogleTest","Surefire test","testcases.backoffice.googleauth.ResendOtpGoogleTest","resendOtpGoogleWithCSLogin"
"Test Approved USDT Tanpa URL","76418","approvedUSDTwithoutURL","Surefire suite","Mon Sep 28 13:27:12 UTC 2026","passed","Mon Sep 28 13:28:29 UTC 2026","testcases.backoffice.ApprovalTransferTest","Surefire test","testcases.backoffice.ApprovalTransferTest","approvedUSDTwithoutURL"
"Get List Group Company BO Menggunakan Login Admin","4720","getListGroupCompanyWithAdminLogin","Surefire suite","Mon Sep 28 11:56:05 UTC 2026","passed","Mon Sep 28 11:56:10 UTC 2026","testcases.backoffice.settlement.GetListGroupCompanyTest","Surefire test","testcases.backoffice.settlement.GetListGroupCompanyTest","getListGroupCompanyWithAdminLogin"
"List Waiting Company Backoffice Menggunakan Login Supervisor","5010","listWaitingCompanyWithSupervisorLogin","Surefire suite","Mon Sep 28 12:35:04 UTC 2026","passed","Mon Sep 28 12:35:09 UTC 2026","testcases.backoffice.ListWaitingCompanyTest","Surefire test","testcases.backoffice.ListWaitingCompanyTest","listWaitingCompanyWithSupervisorLogin"
"Get Detail Waiting Company Backoffice Menggunakan Login CS Admin","4844","getDetailWaitingCompanyWithCSAdminLogin","Surefire suite","Mon Sep 28 12:26:04 UTC 2026","passed","Mon Sep 28 12:26:09 UTC 2026","testcases.backoffice.GetDetailWaitingCompanyTest","Surefire test","testcases.backoffice.GetDetailWaitingCompanyTest","getDetailWaitingCompanyWithCSAdminLogin"
"Delete Group Ke Path yang Tidak Ada (Typo)","1620","deleteGroupWithWrongPath","Surefire suite","Mon Sep 28 12:20:11 UTC 2026","passed","Mon Sep 28 12:20:12 UTC 2026","testcases.backoffice.group.DeleteGroupTest","Surefire test","testcases.backoffice.group.DeleteGroupTest","deleteGroupWithWrongPath"
"List User Backoffice Dengan Page/Size Negatif - Menemukan Bug Gateway Timeout","4797","listUsersWithNegativePageSize","Surefire suite","Mon Sep 28 12:48:09 UTC 2026","passed","Mon Sep 28 12:48:14 UTC 2026","testcases.backoffice.users.ListUsersTest","Surefire test","testcases.backoffice.users.ListUsersTest","listUsersWithNegativePageSize"
"Resend Google Authenticator Dengan Content-Type text/plain","6479","resendOtpGoogleWithWrongContentType","Surefire suite","Mon Sep 28 12:41:04 UTC 2026","passed","Mon Sep 28 12:41:11 UTC 2026","testcases.backoffice.googleauth.ResendOtpGoogleTest","Surefire test","testcases.backoffice.googleauth.ResendOtpGoogleTest","resendOtpGoogleWithWrongContentType"
"Get History Transfer Merchant on Login CS Admin","15498","historyTransferMerchantTestCSAdmin","Surefire suite","Mon Sep 28 13:57:04 UTC 2026","passed","Mon Sep 28 13:57:20 UTC 2026","testcases.history.HistoryTransferTest","Surefire test","testcases.history.HistoryTransferTest","historyTransferMerchantTestCSAdmin"
"Transfer Different Partner Reference, USDT Transfer to Transfer","49313","trfPartnerRefUSDTFailed","Surefire suite","Mon Sep 28 12:14:31 UTC 2026","failed","Mon Sep 28 12:15:20 UTC 2026","testcases.transfer.TransferTest","Surefire test","testcases.transfer.TransferTest","trfPartnerRefUSDTFailed"
"Refund Summary Dengan startDate Setelah endDate (Rentang Terbalik)","1575","getRefundWithReversedRange","Surefire suite","Mon Sep 28 12:38:05 UTC 2026","passed","Mon Sep 28 12:38:07 UTC 2026","testcases.backoffice.refund.GetRefundTest","Surefire test","testcases.backoffice.refund.GetRefundTest","getRefundWithReversedRange"
"Created Favorite Account Dengan Header credentialId Salah","1481","createdFavoriteAccountWithWrongCredentialIdHeader","Surefire suite","Mon Sep 28 12:34:48 UTC 2026","failed","Mon Sep 28 12:34:49 UTC 2026","testcases.settings.favoriteaccount.CreatedFavoriteAccountTest","Surefire test","testcases.settings.favoriteaccount.CreatedFavoriteAccountTest","createdFavoriteAccountWithWrongCredentialIdHeader"
"Get Notification Sender","9674","getNotificationSender","Surefire suite","Mon Sep 28 12:32:30 UTC 2026","passed","Mon Sep 28 12:32:40 UTC 2026","testcases.backoffice.notifsender.NotificationSenderTest","Surefire test","testcases.backoffice.notifsender.NotificationSenderTest","getNotificationSender"
"List Manage Settlement Backoffice Dengan Body Kosong ({})","4819","listManageSettlementWithEmptyBody","Surefire suite","Mon Sep 28 12:42:47 UTC 2026","passed","Mon Sep 28 12:42:51 UTC 2026","testcases.backoffice.settlement.ManageSettlementTest","Surefire test","testcases.backoffice.settlement.ManageSettlementTest","listManageSettlementWithEmptyBody"
"Delete Group Backoffice Menggunakan Login Admin Crypto","4769","deleteGroupWithAdminCryptoLogin","Surefire suite","Mon Sep 28 12:17:19 UTC 2026","passed","Mon Sep 28 12:17:24 UTC 2026","testcases.backoffice.group.DeleteGroupTest","Surefire test","testcases.backoffice.group.DeleteGroupTest","deleteGroupWithAdminCryptoLogin"
"Get List Favorite Account Dengan Field Tidak Dikenal pada Body","1867","getListFavoriteAccountWithUnknownField","Surefire suite","Mon Sep 28 14:28:33 UTC 2026","passed","Mon Sep 28 14:28:35 UTC 2026","testcases.settings.favoriteaccount.GetListFavoriteAccountTest","Surefire test","testcases.settings.favoriteaccount.GetListFavoriteAccountTest","getListFavoriteAccountWithUnknownField"
"Normal Flop Transfer Success","7359","transfer","Surefire suite","Mon Sep 28 12:07:14 UTC 2026","passed","Mon Sep 28 12:07:21 UTC 2026","testcases.transfer.TransferFlopTest","Surefire test","testcases.transfer.TransferFlopTest","transfer"
"Special Transfer Success with before and after Balance","11060","specialTransferSupervisor","Surefire suite","Mon Sep 28 11:53:18 UTC 2026","passed","Mon Sep 28 11:53:29 UTC 2026","testcases.transfer.SpecialTransferTest","Surefire test","testcases.transfer.SpecialTransferTest","specialTransferSupervisor"
"Get Group Detail Backoffice Menggunakan Login Merchant","4815","getGroupDetailWithMerchantLogin","Surefire suite","Mon Sep 28 12:15:16 UTC 2026","passed","Mon Sep 28 12:15:21 UTC 2026","testcases.backoffice.group.GetGroupTest","Surefire test","testcases.backoffice.group.GetGroupTest","getGroupDetailWithMerchantLogin"
"Get List Google Authenticator Dengan Token Kadaluarsa","1541","listOtpGoogleWithExpiredToken","Surefire suite","Mon Sep 28 12:42:52 UTC 2026","passed","Mon Sep 28 12:42:54 UTC 2026","testcases.backoffice.googleauth.ListOtpGoogleTest","Surefire test","testcases.backoffice.googleauth.ListOtpGoogleTest","listOtpGoogleWithExpiredToken"
"List Waiting Company Backoffice Menggunakan Login Merchant","4762","listWaitingCompanyWithMerchantLogin","Surefire suite","Mon Sep 28 12:34:40 UTC 2026","passed","Mon Sep 28 12:34:45 UTC 2026","testcases.backoffice.ListWaitingCompanyTest","Surefire test","testcases.backoffice.ListWaitingCompanyTest","listWaitingCompanyWithMerchantLogin"
"Add Currency CS Admin Path Tanpa Login/Header Auth","1761","addCurrencyWithoutAuth","Surefire suite","Mon Sep 28 13:40:27 UTC 2026","passed","Mon Sep 28 13:40:29 UTC 2026","testcases.backoffice.currency.AddCurrencyTest","Surefire test","testcases.backoffice.currency.AddCurrencyTest","addCurrencyWithoutAuth"
"Inquiry Favorite Account Tanpa Body Sama Sekali","1406","inquiryFavoriteAccountWithoutBody","Surefire suite","Mon Sep 28 12:37:27 UTC 2026","passed","Mon Sep 28 12:37:28 UTC 2026","testcases.settings.favoriteaccount.InquiryFavoriteAccountTest","Surefire test","testcases.settings.favoriteaccount.InquiryFavoriteAccountTest","inquiryFavoriteAccountWithoutBody"
"Get Group Detail Backoffice Dengan Format Group Id Tidak Valid (Bukan ObjectId)","4900","getGroupDetailWithMalformedId","Surefire suite","Mon Sep 28 12:15:01 UTC 2026","passed","Mon Sep 28 12:15:06 UTC 2026","testcases.backoffice.group.GetGroupTest","Surefire test","testcases.backoffice.group.GetGroupTest","getGroupDetailWithMalformedId"
"Get List Group Backoffice Tanpa Body Sama Sekali","2129","getListGroupWithoutBody","Surefire suite","Mon Sep 28 12:13:32 UTC 2026","passed","Mon Sep 28 12:13:35 UTC 2026","testcases.backoffice.group.GetListGroupTest","Surefire test","testcases.backoffice.group.GetListGroupTest","getListGroupWithoutBody"
"Created Favorite Account Dengan Content-Type text/plain","1498","createdFavoriteAccountWithWrongContentType","Surefire suite","Mon Sep 28 12:34:43 UTC 2026","passed","Mon Sep 28 12:34:45 UTC 2026","testcases.settings.favoriteaccount.CreatedFavoriteAccountTest","Surefire test","testcases.settings.favoriteaccount.CreatedFavoriteAccountTest","createdFavoriteAccountWithWrongContentType"
"Get Group Detail Backoffice Menggunakan Login CS Admin","5141","getGroupDetailWithCSAdminLogin","Surefire suite","Mon Sep 28 12:14:08 UTC 2026","passed","Mon Sep 28 12:14:13 UTC 2026","testcases.backoffice.group.GetGroupTest","Surefire test","testcases.backoffice.group.GetGroupTest","getGroupDetailWithCSAdminLogin"
"List Manage Settlement Backoffice Dengan Content-Type text/plain","4954","listManageSettlementWithWrongContentType","Surefire suite","Mon Sep 28 12:45:07 UTC 2026","passed","Mon Sep 28 12:45:12 UTC 2026","testcases.backoffice.settlement.ManageSettlementTest","Surefire test","testcases.backoffice.settlement.ManageSettlementTest","listManageSettlementWithWrongContentType"
"Add Currency CS Admin Path Dengan Token Tidak Valid","6551","addCurrencyWithInvalidToken","Surefire suite","Mon Sep 28 13:38:31 UTC 2026","passed","Mon Sep 28 13:38:38 UTC 2026","testcases.backoffice.currency.AddCurrencyTest","Surefire test","testcases.backoffice.currency.AddCurrencyTest","addCurrencyWithInvalidToken"
"Test Approved USDT Supervisor Tanpa URL","84927","approvedUSDTSupervisorWithoutURL","Surefire suite","Mon Sep 28 13:25:44 UTC 2026","passed","Mon Sep 28 13:27:09 UTC 2026","testcases.backoffice.ApprovalTransferTest","Surefire test","testcases.backoffice.ApprovalTransferTest","approvedUSDTSupervisorWithoutURL"
"List Currency USDT Menggunakan Login Marketing","4877","getCurrencyWithMarketingLogin","Surefire suite","Mon Sep 28 12:09:06 UTC 2026","passed","Mon Sep 28 12:09:11 UTC 2026","testcases.backoffice.currency.GetCurrencyTest","Surefire test","testcases.backoffice.currency.GetCurrencyTest","getCurrencyWithMarketingLogin"
"Get List Group Company BO Menggunakan HTTP Method POST","5083","getListGroupCompanyWithPostMethod","Surefire suite","Mon Sep 28 11:57:52 UTC 2026","passed","Mon Sep 28 11:57:57 UTC 2026","testcases.backoffice.settlement.GetListGroupCompanyTest","Surefire test","testcases.backoffice.settlement.GetListGroupCompanyTest","getListGroupCompanyWithPostMethod"
"Normal Flop Transfer Balance Success","11963","flopTransferBalance","Surefire suite","Mon Sep 28 12:06:59 UTC 2026","passed","Mon Sep 28 12:07:11 UTC 2026","testcases.transfer.TransferFlopTest","Surefire test","testcases.transfer.TransferFlopTest","flopTransferBalance"
"Get History USDT Transfer Supervisor on Login CS Admin","12051","historyUSDTTransferSupervisorTestCSAdmin","Surefire suite","Mon Sep 28 13:59:11 UTC 2026","passed","Mon Sep 28 13:59:23 UTC 2026","testcases.history.HistoryTransferTest","Surefire test","testcases.history.HistoryTransferTest","historyUSDTTransferSupervisorTestCSAdmin"
"Test Rejected Special Transfer Supervisor","17963","rejectedSpecialTransferSupervisor","Surefire suite","Mon Sep 28 13:29:44 UTC 2026","passed","Mon Sep 28 13:30:02 UTC 2026","testcases.backoffice.ApprovalTransferTest","Surefire test","testcases.backoffice.ApprovalTransferTest","rejectedSpecialTransferSupervisor"
"Add Group Backoffice Dengan Karakter SQL Injection pada name","1550","addGroupWithSqlInjectionName","Surefire suite","Mon Sep 28 12:24:43 UTC 2026","passed","Mon Sep 28 12:24:45 UTC 2026","testcases.backoffice.group.AddGroupTest","Surefire test","testcases.backoffice.group.AddGroupTest","addGroupWithSqlInjectionName"
"Get History Special Transfer Merchant on Login CS Admin","18459","historySpecialTransferMerchantTestCSAdmin","Surefire suite","Mon Sep 28 13:54:45 UTC 2026","passed","Mon Sep 28 13:55:04 UTC 2026","testcases.history.HistoryTransferTest","Surefire test","testcases.history.HistoryTransferTest","historySpecialTransferMerchantTestCSAdmin"
"Get Dashboard Backoffice Menggunakan Login CS Admin","5240","getDashboardWithCSAdminLogin","Surefire suite","Mon Sep 28 12:29:16 UTC 2026","passed","Mon Sep 28 12:29:22 UTC 2026","testcases.backoffice.GetDashboardTest","Surefire test","testcases.backoffice.GetDashboardTest","getDashboardWithCSAdminLogin"
"Add Group Backoffice Dengan Field Tidak Dikenal pada Body","1764","addGroupWithUnknownField","Surefire suite","Mon Sep 28 12:24:56 UTC 2026","passed","Mon Sep 28 12:24:58 UTC 2026","testcases.backoffice.group.AddGroupTest","Surefire test","testcases.backoffice.group.AddGroupTest","addGroupWithUnknownField"
"List Waiting Company Backoffice Dengan Field Sort Merujuk ke Kolom yang Tidak Ada","4743","listWaitingCompanyWithInvalidSortField","Surefire suite","Mon Sep 28 12:34:08 UTC 2026","passed","Mon Sep 28 12:34:13 UTC 2026","testcases.backoffice.ListWaitingCompanyTest","Surefire test","testcases.backoffice.ListWaitingCompanyTest","listWaitingCompanyWithInvalidSortField"
"Delete Favorite Account Dengan pin Salah","42129","deleteFavoriteAccountWithWrongPin","Surefire suite","Mon Sep 28 11:59:36 UTC 2026","failed","Mon Sep 28 12:00:18 UTC 2026","testcases.settings.favoriteaccount.DeleteFavoriteAccountTest","Surefire test","testcases.settings.favoriteaccount.DeleteFavoriteAccountTest","deleteFavoriteAccountWithWrongPin"
"Transfer Different Partner Reference, Special Transfer to Transfer","49875","trfPartnerRefSpecialFailed","Surefire suite","Mon Sep 28 12:13:38 UTC 2026","passed","Mon Sep 28 12:14:28 UTC 2026","testcases.transfer.TransferTest","Surefire test","testcases.transfer.TransferTest","trfPartnerRefSpecialFailed"
"Generate QR Success with before and after Balance","13584","generateQRTestPaidBalance","Surefire suite","Mon Sep 28 11:53:42 UTC 2026","passed","Mon Sep 28 11:53:56 UTC 2026","testcases.QR.GenerateQRPaidTest","Surefire test","testcases.QR.GenerateQRPaidTest","generateQRTestPaidBalance"
"Add Group Backoffice Menggunakan HTTP Method DELETE","49381","addGroupWithDeleteMethod","Surefire suite","Mon Sep 28 12:21:41 UTC 2026","passed","Mon Sep 28 12:22:31 UTC 2026","testcases.backoffice.group.AddGroupTest","Surefire test","testcases.backoffice.group.AddGroupTest","addGroupWithDeleteMethod"
"Delete Group Backoffice Dengan Token Backoffice Valid Tapi Tanpa Header pbyv","1464","deleteGroupWithoutPbyvHeader","Surefire suite","Mon Sep 28 12:20:46 UTC 2026","passed","Mon Sep 28 12:20:48 UTC 2026","testcases.backoffice.group.DeleteGroupTest","Surefire test","testcases.backoffice.group.DeleteGroupTest","deleteGroupWithoutPbyvHeader"
"Create Manage Settlement BO Menggunakan Login Marketing","4615","addManageSettlementWithMarketingLogin","Surefire suite","Mon Sep 28 12:05:05 UTC 2026","passed","Mon Sep 28 12:05:10 UTC 2026","testcases.backoffice.settlement.AddManageSettlementTest","Surefire test","testcases.backoffice.settlement.AddManageSettlementTest","addManageSettlementWithMarketingLogin"
"Delete Group Backoffice","14094","deleteGroupBO","Surefire suite","Mon Sep 28 12:17:02 UTC 2026","passed","Mon Sep 28 12:17:16 UTC 2026","testcases.backoffice.group.DeleteGroupTest","Surefire test","testcases.backoffice.group.DeleteGroupTest","deleteGroupBO"
"Get List Favorite Account Menggunakan HTTP Method PUT","2632","getListFavoriteAccountWithPutMethod","Surefire suite","Mon Sep 28 14:28:16 UTC 2026","passed","Mon Sep 28 14:28:18 UTC 2026","testcases.settings.favoriteaccount.GetListFavoriteAccountTest","Surefire test","testcases.settings.favoriteaccount.GetListFavoriteAccountTest","getListFavoriteAccountWithPutMethod"
"List Manage Settlement Backoffice Menggunakan Login CS Admin","4653","listManageSettlementWithCSAdminLogin","Surefire suite","Mon Sep 28 12:42:23 UTC 2026","passed","Mon Sep 28 12:42:28 UTC 2026","testcases.backoffice.settlement.ManageSettlementTest","Surefire test","testcases.backoffice.settlement.ManageSettlementTest","listManageSettlementWithCSAdminLogin"
"Delete Group Backoffice Dengan Karakter SQL Injection pada id","3311","deleteGroupWithSqlInjectionId","Surefire suite","Mon Sep 28 12:19:40 UTC 2026","passed","Mon Sep 28 12:19:43 UTC 2026","testcases.backoffice.group.DeleteGroupTest","Surefire test","testcases.backoffice.group.DeleteGroupTest","deleteGroupWithSqlInjectionId"
"Inquiry Test Transfer Merchant Supervisor","6282","inquiryTransferSupervisor","Surefire suite","Mon Sep 28 11:54:25 UTC 2026","passed","Mon Sep 28 11:54:31 UTC 2026","testcases.transfer.InquiryTransferTest","Surefire test","testcases.transfer.InquiryTransferTest","inquiryTransferSupervisor"
"Delete Manage Settlement BO Dengan Token Tidak Valid","1432","deleteManageSettlementWithInvalidToken","Surefire suite","Mon Sep 28 12:00:33 UTC 2026","passed","Mon Sep 28 12:00:34 UTC 2026","testcases.backoffice.settlement.DeleteManageSettlementTest","Surefire test","testcases.backoffice.settlement.DeleteManageSettlementTest","deleteManageSettlementWithInvalidToken"
"Get List Google Authenticator Menggunakan Login Marketing","4663","listOtpGoogleWithMarketingLogin","Surefire suite","Mon Sep 28 12:43:55 UTC 2026","passed","Mon Sep 28 12:44:00 UTC 2026","testcases.backoffice.googleauth.ListOtpGoogleTest","Surefire test","testcases.backoffice.googleauth.ListOtpGoogleTest","listOtpGoogleWithMarketingLogin"
"Request Refund Special Transfer Merchant","5007","refundSpecialTransferMerchant","Surefire suite","Mon Sep 28 12:41:56 UTC 2026","passed","Mon Sep 28 12:42:01 UTC 2026","testcases.transfer.RefundTransferTest","Surefire test","testcases.transfer.RefundTransferTest","refundSpecialTransferMerchant"
"Success Login Backoffice","6341","testLoginBackoffice","Surefire suite","Mon Sep 28 12:32:33 UTC 2026","passed","Mon Sep 28 12:32:39 UTC 2026","testcases.auth.LoginTest","Surefire test","testcases.auth.LoginTest","testLoginBackoffice"
"Get Group Detail Backoffice Dengan Header Authorization Tanpa Skema Bearer","1442","getGroupDetailWithMalformedAuthorizationHeader","Surefire suite","Mon Sep 28 12:14:56 UTC 2026","passed","Mon Sep 28 12:14:58 UTC 2026","testcases.backoffice.group.GetGroupTest","Surefire test","testcases.backoffice.group.GetGroupTest","getGroupDetailWithMalformedAuthorizationHeader"
"Add Group Backoffice Menggunakan Login Admin Crypto","6843","addGroupWithAdminCryptoLogin","Surefire suite","Mon Sep 28 12:20:59 UTC 2026","passed","Mon Sep 28 12:21:06 UTC 2026","testcases.backoffice.group.AddGroupTest","Surefire test","testcases.backoffice.group.AddGroupTest","addGroupWithAdminCryptoLogin"
"Get List Group Backoffice Dengan page Bertipe String","1645","getListGroupWithPageAsString","Surefire suite","Mon Sep 28 12:12:30 UTC 2026","passed","Mon Sep 28 12:12:31 UTC 2026","testcases.backoffice.group.GetListGroupTest","Surefire test","testcases.backoffice.group.GetListGroupTest","getListGroupWithPageAsString"
"Get Notification Sender Tanpa Field pinValidasi","4917","getNotificationSenderWithoutPinValidasi","Surefire suite","Mon Sep 28 12:37:28 UTC 2026","passed","Mon Sep 28 12:37:33 UTC 2026","testcases.backoffice.notifsender.NotificationSenderTest","Surefire test","testcases.backoffice.notifsender.NotificationSenderTest","getNotificationSenderWithoutPinValidasi"
"Get List Group Company BO Dengan Header groupName Kosong","4923","getListGroupCompanyWithEmptyGroupNameHeader","Surefire suite","Mon Sep 28 11:56:44 UTC 2026","passed","Mon Sep 28 11:56:49 UTC 2026","testcases.backoffice.settlement.GetListGroupCompanyTest","Surefire test","testcases.backoffice.settlement.GetListGroupCompanyTest","getListGroupCompanyWithEmptyGroupNameHeader"
"Delete Group Backoffice Menggunakan Login Supervisor","6720","deleteGroupWithSupervisorLogin","Surefire suite","Mon Sep 28 12:19:46 UTC 2026","passed","Mon Sep 28 12:19:53 UTC 2026","testcases.backoffice.group.DeleteGroupTest","Surefire test","testcases.backoffice.group.DeleteGroupTest","deleteGroupWithSupervisorLogin"
"Get Balance Admin Transfer","4881","getBalanceAdmin","Surefire suite","Mon Sep 28 11:54:34 UTC 2026","passed","Mon Sep 28 11:54:39 UTC 2026","testcases.balance.GetBalanceTransferTest","Surefire test","testcases.balance.GetBalanceTransferTest","getBalanceAdmin"
"Get Notification Sender Menggunakan Login Merchant","4966","getNotificationSenderWithMerchantLogin","Surefire suite","Mon Sep 28 12:35:11 UTC 2026","passed","Mon Sep 28 12:35:16 UTC 2026","testcases.backoffice.notifsender.NotificationSenderTest","Surefire test","testcases.backoffice.notifsender.NotificationSenderTest","getNotificationSenderWithMerchantLogin"
"Mutasi Special Transfer Balance CS","35227","mutasiSpecialTransferBalanceCS","Surefire suite","Mon Sep 28 14:13:13 UTC 2026","passed","Mon Sep 28 14:13:48 UTC 2026","testcases.mutasi.MutasiTransferTest","Surefire test","testcases.mutasi.MutasiTransferTest","mutasiSpecialTransferBalanceCS"
"Edit Company Cs Admin","5039","editCompanyCsAdmin","Surefire suite","Mon Sep 28 11:53:56 UTC 2026","passed","Mon Sep 28 11:54:01 UTC 2026","testcases.backoffice.users.EditUserTest","Surefire test","testcases.backoffice.users.EditUserTest","editCompanyCsAdmin"
"Add Group Backoffice Dengan name Sangat Panjang","1955","addGroupWithVeryLongName","Surefire suite","Mon Sep 28 12:25:01 UTC 2026","passed","Mon Sep 28 12:25:02 UTC 2026","testcases.backoffice.group.AddGroupTest","Surefire test","testcases.backoffice.group.AddGroupTest","addGroupWithVeryLongName"
"Login Backoffice dengan Captcha Salah","2969","testLoginBackofficeWrongCaptcha","Surefire suite","Mon Sep 28 12:32:48 UTC 2026","passed","Mon Sep 28 12:32:51 UTC 2026","testcases.auth.LoginTest","Surefire test","testcases.auth.LoginTest","testLoginBackofficeWrongCaptcha"
"Add Currency CS Admin Path Dengan rate Berupa String Non-Numerik","3720","addCurrencyWithStringRate","Surefire suite","Mon Sep 28 13:39:48 UTC 2026","passed","Mon Sep 28 13:39:52 UTC 2026","testcases.backoffice.currency.AddCurrencyTest","Surefire test","testcases.backoffice.currency.AddCurrencyTest","addCurrencyWithStringRate"
"Inquiry Test Flop Transfer Merchant","6960","inquiryTransfer","Surefire suite","Mon Sep 28 12:15:23 UTC 2026","passed","Mon Sep 28 12:15:30 UTC 2026","testcases.transfer.InquiryFlopTransferTest","Surefire test","testcases.transfer.InquiryFlopTransferTest","inquiryTransfer"
"Get List Google Authenticator Dengan Sort Tanpa Operator '=='","4740","listOtpGoogleWithMalformedSortOperator","Surefire suite","Mon Sep 28 12:43:47 UTC 2026","failed","Mon Sep 28 12:43:52 UTC 2026","testcases.backoffice.googleauth.ListOtpGoogleTest","Surefire test","testcases.backoffice.googleauth.ListOtpGoogleTest","listOtpGoogleWithMalformedSortOperator"
"Get List Google Authenticator Menggunakan HTTP Method DELETE","4930","listOtpGoogleWithDeleteMethod","Surefire suite","Mon Sep 28 12:42:37 UTC 2026","passed","Mon Sep 28 12:42:42 UTC 2026","testcases.backoffice.googleauth.ListOtpGoogleTest","Surefire test","testcases.backoffice.googleauth.ListOtpGoogleTest","listOtpGoogleWithDeleteMethod"
"Get Dashboard Backoffice Menggunakan Login Supervisor","5100","getDashboardWithSupervisorLogin","Surefire suite","Mon Sep 28 12:29:56 UTC 2026","passed","Mon Sep 28 12:30:01 UTC 2026","testcases.backoffice.GetDashboardTest","Surefire test","testcases.backoffice.GetDashboardTest","getDashboardWithSupervisorLogin"
"List Manage Settlement Backoffice Dengan Token Backoffice Valid Tapi Tanpa Header pbyv","6564","listManageSettlementWithoutPbyvHeader","Surefire suite","Mon Sep 28 12:45:44 UTC 2026","passed","Mon Sep 28 12:45:50 UTC 2026","testcases.backoffice.settlement.ManageSettlementTest","Surefire test","testcases.backoffice.settlement.ManageSettlementTest","listManageSettlementWithoutPbyvHeader"
"Test Get Report Transaction CS","4961","getReportTransactionCS","Surefire suite","Mon Sep 28 11:54:47 UTC 2026","passed","Mon Sep 28 11:54:52 UTC 2026","testcases.report.ReportTransactionTest","Surefire test","testcases.report.ReportTransactionTest","getReportTransactionCS"
"","4873","listSpecialTransfer","Surefire suite","Mon Sep 28 12:48:54 UTC 2026","passed","Mon Sep 28 12:48:59 UTC 2026","testcases.backoffice.ListTransferTest","Surefire test","testcases.backoffice.ListTransferTest","listSpecialTransfer"
"Delete Manage Settlement BO Dengan id yang Sama Dua Kali (Sudah Terhapus)","9209","deleteManageSettlementWithAlreadyDeletedId","Surefire suite","Mon Sep 28 11:59:37 UTC 2026","passed","Mon Sep 28 11:59:46 UTC 2026","testcases.backoffice.settlement.DeleteManageSettlementTest","Surefire test","testcases.backoffice.settlement.DeleteManageSettlementTest","deleteManageSettlementWithAlreadyDeletedId"
"Create Manage Settlement BO Dengan Item companyList Tanpa companyId","4764","addManageSettlementWithoutCompanyId","Surefire suite","Mon Sep 28 12:06:57 UTC 2026","passed","Mon Sep 28 12:07:02 UTC 2026","testcases.backoffice.settlement.AddManageSettlementTest","Surefire test","testcases.backoffice.settlement.AddManageSettlementTest","addManageSettlementWithoutCompanyId"
"Test Settlement USDT dengan check Fee di Admin Crypto dan Admin Fee","67255","settlementUSDT","Surefire suite","Mon Sep 28 13:31:03 UTC 2026","passed","Mon Sep 28 13:32:10 UTC 2026","testcases.backoffice.ApprovalTransferTest","Surefire test","testcases.backoffice.ApprovalTransferTest","settlementUSDT"
"Get List Group Company BO Dengan groupName Berbeda Kapitalisasi","4558","getListGroupCompanyWithDifferentCaseGroupName","Surefire suite","Mon Sep 28 11:56:36 UTC 2026","passed","Mon Sep 28 11:56:41 UTC 2026","testcases.backoffice.settlement.GetListGroupCompanyTest","Surefire test","testcases.backoffice.settlement.GetListGroupCompanyTest","getListGroupCompanyWithDifferentCaseGroupName"
"Get History USDT Transfer Test Admin","16444","historyUSDTTransferTestFeeAdmin","Surefire suite","Mon Sep 28 14:00:31 UTC 2026","failed","Mon Sep 28 14:00:47 UTC 2026","testcases.history.HistoryTransferTest","Surefire test","testcases.history.HistoryTransferTest","historyUSDTTransferTestFeeAdmin"
"Get History Manual Transfer Test Admin Crypto","10318","historyManualTransferTestAdminCrypto","Surefire suite","Mon Sep 28 13:53:21 UTC 2026","passed","Mon Sep 28 13:53:31 UTC 2026","testcases.history.HistoryTransferTest","Surefire test","testcases.history.HistoryTransferTest","historyManualTransferTestAdminCrypto"
"Refund Summary Dengan type Bertipe Angka (Bukan String)","1869","getRefundWithNumericType","Surefire suite","Mon Sep 28 12:37:51 UTC 2026","passed","Mon Sep 28 12:37:52 UTC 2026","testcases.backoffice.refund.GetRefundTest","Surefire test","testcases.backoffice.refund.GetRefundTest","getRefundWithNumericType"
"Get History Manual Transfer Merchant on Login CS Admin","13986","historyManualTransferMerchantTestCSAdmin","Surefire suite","Mon Sep 28 13:52:16 UTC 2026","passed","Mon Sep 28 13:52:30 UTC 2026","testcases.history.HistoryTransferTest","Surefire test","testcases.history.HistoryTransferTest","historyManualTransferMerchantTestCSAdmin"
"Get History QR Paid Merchant on login CS Admin","13096","historyQRPaidMerchantCSAdmin","Surefire suite","Mon Sep 28 12:50:49 UTC 2026","passed","Mon Sep 28 12:51:02 UTC 2026","testcases.history.HistoryQRTest","Surefire test","testcases.history.HistoryQRTest","historyQRPaidMerchantCSAdmin"
"Success Login Merchant","3221","testLoginWithCaptcha","Surefire suite","Mon Sep 28 11:55:05 UTC 2026","passed","Mon Sep 28 11:55:08 UTC 2026","testcases.auth.LoginTest","Surefire test","testcases.auth.LoginTest","testLoginWithCaptcha"
"Add Currency CS Admin Path Menggunakan Login Marketing","5413","addCurrencyWithMarketingLogin","Surefire suite","Mon Sep 28 13:38:51 UTC 2026","passed","Mon Sep 28 13:38:56 UTC 2026","testcases.backoffice.currency.AddCurrencyTest","Surefire test","testcases.backoffice.currency.AddCurrencyTest","addCurrencyWithMarketingLogin"
"Check Status QR Merchant","9028","checkStatusQRMerchant","Surefire suite","Mon Sep 28 12:43:05 UTC 2026","passed","Mon Sep 28 12:43:14 UTC 2026","testcases.QR.CheckStatusQRTest","Surefire test","testcases.QR.CheckStatusQRTest","checkStatusQRMerchant"
"Get List Google Authenticator Menggunakan Login Admin Crypto","8394","listOtpGoogleWithAdminCryptoLogin","Surefire suite","Mon Sep 28 12:41:53 UTC 2026","passed","Mon Sep 28 12:42:01 UTC 2026","testcases.backoffice.googleauth.ListOtpGoogleTest","Surefire test","testcases.backoffice.googleauth.ListOtpGoogleTest","listOtpGoogleWithAdminCryptoLogin"
"Test Get Report Transaction Group","6812","getReportTransactionAdmin","Surefire suite","Mon Sep 28 11:53:42 UTC 2026","passed","Mon Sep 28 11:53:49 UTC 2026","testcases.report.ReportTransactionTest","Surefire test","testcases.report.ReportTransactionTest","getReportTransactionAdmin"
"Delete Manage Settlement BO Menggunakan Login Admin","4926","deleteManageSettlementWithAdminLogin","Surefire suite","Mon Sep 28 11:59:29 UTC 2026","passed","Mon Sep 28 11:59:34 UTC 2026","testcases.backoffice.settlement.DeleteManageSettlementTest","Surefire test","testcases.backoffice.settlement.DeleteManageSettlementTest","deleteManageSettlementWithAdminLogin"
"Get User Backoffice Menggunakan Login Admin Crypto","7988","getUserWithAdminCryptoLogin","Surefire suite","Mon Sep 28 12:30:55 UTC 2026","passed","Mon Sep 28 12:31:03 UTC 2026","testcases.backoffice.GetDashboardTest","Surefire test","testcases.backoffice.GetDashboardTest","getUserWithAdminCryptoLogin"
"Get List Favorite Account Merchant","10419","getListFavoriteAccount","Surefire suite","Mon Sep 28 14:26:20 UTC 2026","passed","Mon Sep 28 14:26:30 UTC 2026","testcases.settings.favoriteaccount.GetListFavoriteAccountTest","Surefire test","testcases.settings.favoriteaccount.GetListFavoriteAccountTest","getListFavoriteAccount"
"Get Detail User Backoffice Dengan Token Tidak Valid","1725","getUsersWithInvalidToken","Surefire suite","Mon Sep 28 12:46:02 UTC 2026","passed","Mon Sep 28 12:46:03 UTC 2026","testcases.backoffice.users.ListUsersTest","Surefire test","testcases.backoffice.users.ListUsersTest","getUsersWithInvalidToken"
"Add Group Backoffice Tanpa Field name","1563","addGroupWithoutNameField","Surefire suite","Mon Sep 28 12:25:39 UTC 2026","passed","Mon Sep 28 12:25:40 UTC 2026","testcases.backoffice.group.AddGroupTest","Surefire test","testcases.backoffice.group.AddGroupTest","addGroupWithoutNameField"
"List Refund Menggunakan Login Backoffice","6093","listRefundWithBackofficeLogin","Surefire suite","Mon Sep 28 13:44:44 UTC 2026","passed","Mon Sep 28 13:44:50 UTC 2026","testcases.backoffice.ListRefundTest","Surefire test","testcases.backoffice.ListRefundTest","listRefundWithBackofficeLogin"
"Get List Group Backoffice Dengan Karakter SQL Injection pada sort","1587","getListGroupWithSqlInjectionSort","Surefire suite","Mon Sep 28 12:12:53 UTC 2026","passed","Mon Sep 28 12:12:54 UTC 2026","testcases.backoffice.group.GetListGroupTest","Surefire test","testcases.backoffice.group.GetListGroupTest","getListGroupWithSqlInjectionSort"
"Add Group Backoffice Dengan Token Backoffice Valid Tapi Tanpa Header pbyv","1698","addGroupWithoutPbyvHeader","Surefire suite","Mon Sep 28 12:25:43 UTC 2026","passed","Mon Sep 28 12:25:45 UTC 2026","testcases.backoffice.group.AddGroupTest","Surefire test","testcases.backoffice.group.AddGroupTest","addGroupWithoutPbyvHeader"
"Inquiry Favorite Account Merchant","5287","inquiryFavoriteAccountMerchant","Surefire suite","Mon Sep 28 12:35:29 UTC 2026","passed","Mon Sep 28 12:35:35 UTC 2026","testcases.settings.favoriteaccount.InquiryFavoriteAccountTest","Surefire test","testcases.settings.favoriteaccount.InquiryFavoriteAccountTest","inquiryFavoriteAccountMerchant"
"Get Group Detail Backoffice Menggunakan Login Admin Crypto","4794","getGroupDetailWithAdminCryptoLogin","Surefire suite","Mon Sep 28 12:14:00 UTC 2026","passed","Mon Sep 28 12:14:05 UTC 2026","testcases.backoffice.group.GetGroupTest","Surefire test","testcases.backoffice.group.GetGroupTest","getGroupDetailWithAdminCryptoLogin"
"Create Manage Settlement BO Menggunakan Login Supervisor","4617","addManageSettlementWithSupervisorLogin","Surefire suite","Mon Sep 28 12:06:15 UTC 2026","passed","Mon Sep 28 12:06:19 UTC 2026","testcases.backoffice.settlement.AddManageSettlementTest","Surefire test","testcases.backoffice.settlement.AddManageSettlementTest","addManageSettlementWithSupervisorLogin"
"Success Login Supervisor With Captcha","6344","testLoginSupervisor","Surefire suite","Mon Sep 28 11:52:35 UTC 2026","passed","Mon Sep 28 11:52:41 UTC 2026","testcases.auth.LoginTest","Surefire test","testcases.auth.LoginTest","testLoginSupervisor"
"Inquiry Favorite Account Dengan Token Kadaluarsa","1539","inquiryFavoriteAccountWithExpiredToken","Surefire suite","Mon Sep 28 12:36:02 UTC 2026","passed","Mon Sep 28 12:36:03 UTC 2026","testcases.settings.favoriteaccount.InquiryFavoriteAccountTest","Surefire test","testcases.settings.favoriteaccount.InquiryFavoriteAccountTest","inquiryFavoriteAccountWithExpiredToken"
"Delete Favorite Account Menggunakan HTTP Method PATCH","1564","deleteFavoriteAccountWithPatchMethod","Surefire suite","Mon Sep 28 11:56:49 UTC 2026","passed","Mon Sep 28 11:56:51 UTC 2026","testcases.settings.favoriteaccount.DeleteFavoriteAccountTest","Surefire test","testcases.settings.favoriteaccount.DeleteFavoriteAccountTest","deleteFavoriteAccountWithPatchMethod"
"Get List Group Company BO Dengan Token Backoffice Valid Tapi Tanpa Header pbyv","4677","getListGroupCompanyWithoutPbyvHeader","Surefire suite","Mon Sep 28 11:59:03 UTC 2026","passed","Mon Sep 28 11:59:07 UTC 2026","testcases.backoffice.settlement.GetListGroupCompanyTest","Surefire test","testcases.backoffice.settlement.GetListGroupCompanyTest","getListGroupCompanyWithoutPbyvHeader"
"Get List Group Company BO Dengan groupName Tidak Terdaftar","4752","getListGroupCompanyWithNonExistentGroupName","Surefire suite","Mon Sep 28 11:57:29 UTC 2026","passed","Mon Sep 28 11:57:33 UTC 2026","testcases.backoffice.settlement.GetListGroupCompanyTest","Surefire test","testcases.backoffice.settlement.GetListGroupCompanyTest","getListGroupCompanyWithNonExistentGroupName"
"List Refund Dengan Field Range Berisi Nilai Tidak Valid","7157","listRefundWithInvalidRange","Surefire suite","Mon Sep 28 13:45:35 UTC 2026","passed","Mon Sep 28 13:45:43 UTC 2026","testcases.backoffice.ListRefundTest","Surefire test","testcases.backoffice.ListRefundTest","listRefundWithInvalidRange"
"Approval Refund Transfer Merchant","10903","approveRefundTransferMerchant","Surefire suite","Mon Sep 28 13:18:59 UTC 2026","passed","Mon Sep 28 13:19:10 UTC 2026","testcases.backoffice.ApprovalRefundTest","Surefire test","testcases.backoffice.ApprovalRefundTest","approveRefundTransferMerchant"
"Get List Group Backoffice Dengan page Melebihi Total Halaman","1555","getListGroupWithPageBeyondTotalPages","Surefire suite","Mon Sep 28 12:12:34 UTC 2026","passed","Mon Sep 28 12:12:36 UTC 2026","testcases.backoffice.group.GetListGroupTest","Surefire test","testcases.backoffice.group.GetListGroupTest","getListGroupWithPageBeyondTotalPages"
"Created Favorite Account Menggunakan HTTP Method GET","6015","createdFavoriteAccountWithGetMethod","Surefire suite","Mon Sep 28 12:33:56 UTC 2026","passed","Mon Sep 28 12:34:02 UTC 2026","testcases.settings.favoriteaccount.CreatedFavoriteAccountTest","Surefire test","testcases.settings.favoriteaccount.CreatedFavoriteAccountTest","createdFavoriteAccountWithGetMethod"
"Create Manage Settlement BO Dengan Content-Type text/plain","4651","addManageSettlementWithWrongContentType","Surefire suite","Mon Sep 28 12:06:22 UTC 2026","passed","Mon Sep 28 12:06:27 UTC 2026","testcases.backoffice.settlement.AddManageSettlementTest","Surefire test","testcases.backoffice.settlement.AddManageSettlementTest","addManageSettlementWithWrongContentType"
"Get List Google Authenticator Dengan Token Tidak Valid","1617","listOtpGoogleWithInvalidToken","Surefire suite","Mon Sep 28 12:43:30 UTC 2026","passed","Mon Sep 28 12:43:32 UTC 2026","testcases.backoffice.googleauth.ListOtpGoogleTest","Surefire test","testcases.backoffice.googleauth.ListOtpGoogleTest","listOtpGoogleWithInvalidToken"
"Get History Flop Transfer Test Supervisor","12394","historyFlopTransferTestSupervisor","Surefire suite","Mon Sep 28 13:52:00 UTC 2026","passed","Mon Sep 28 13:52:13 UTC 2026","testcases.history.HistoryTransferTest","Surefire test","testcases.history.HistoryTransferTest","historyFlopTransferTestSupervisor"
"Refund Summary Menggunakan HTTP Method PUT","1718","getRefundWithPutMethod","Surefire suite","Mon Sep 28 12:38:00 UTC 2026","passed","Mon Sep 28 12:38:02 UTC 2026","testcases.backoffice.refund.GetRefundTest","Surefire test","testcases.backoffice.refund.GetRefundTest","getRefundWithPutMethod"
"List Refund Menggunakan Login Admin Biasa","8432","listRefundAdmin","Surefire suite","Mon Sep 28 13:44:07 UTC 2026","passed","Mon Sep 28 13:44:16 UTC 2026","testcases.backoffice.ListRefundTest","Surefire test","testcases.backoffice.ListRefundTest","listRefundAdmin"
"Delete Favorite Account Supervisor","7129","deleteFavoriteAccountSupervisor","Surefire suite","Mon Sep 28 13:12:16 UTC 2026","passed","Mon Sep 28 13:12:23 UTC 2026","testcases.settings.favoriteaccount.DeleteFavoriteAccountTest","Surefire test","testcases.settings.favoriteaccount.DeleteFavoriteAccountTest","deleteFavoriteAccountSupervisor"
"List Currency USDT Menggunakan Login CS Admin","4616","getCurrencyWithCSAdminLogin","Surefire suite","Mon Sep 28 12:07:59 UTC 2026","passed","Mon Sep 28 12:08:04 UTC 2026","testcases.backoffice.currency.GetCurrencyTest","Surefire test","testcases.backoffice.currency.GetCurrencyTest","getCurrencyWithCSAdminLogin"
"Delete Favorite Account Tanpa Body Sama Sekali","1576","deleteFavoriteAccountWithoutBody","Surefire suite","Mon Sep 28 12:00:25 UTC 2026","passed","Mon Sep 28 12:00:27 UTC 2026","testcases.settings.favoriteaccount.DeleteFavoriteAccountTest","Surefire test","testcases.settings.favoriteaccount.DeleteFavoriteAccountTest","deleteFavoriteAccountWithoutBody"
"Resend Google Authenticator Dengan email Berisi Payload XSS","4565","resendOtpGoogleWithXssEmail","Surefire suite","Mon Sep 28 12:41:23 UTC 2026","passed","Mon Sep 28 12:41:28 UTC 2026","testcases.backoffice.googleauth.ResendOtpGoogleTest","Surefire test","testcases.backoffice.googleauth.ResendOtpGoogleTest","resendOtpGoogleWithXssEmail"
"Resend Google Authenticator Tanpa Body Sama Sekali","4964","resendOtpGoogleWithoutBody","Surefire suite","Mon Sep 28 12:41:35 UTC 2026","passed","Mon Sep 28 12:41:40 UTC 2026","testcases.backoffice.googleauth.ResendOtpGoogleTest","Surefire test","testcases.backoffice.googleauth.ResendOtpGoogleTest","resendOtpGoogleWithoutBody"
"Mutasi Manual Transfer CS","43902","mutasiManualTransferCS","Surefire suite","Mon Sep 28 14:09:34 UTC 2026","passed","Mon Sep 28 14:10:18 UTC 2026","testcases.mutasi.MutasiTransferTest","Surefire test","testcases.mutasi.MutasiTransferTest","mutasiManualTransferCS"
"Get History QR CS Success Paid","11615","historyQRTestPaidCS","Surefire suite","Mon Sep 28 12:51:49 UTC 2026","passed","Mon Sep 28 12:52:01 UTC 2026","testcases.history.HistoryQRTest","Surefire test","testcases.history.HistoryQRTest","historyQRTestPaidCS"
"Get List Google Authenticator Menggunakan Login Merchant","5603","listOtpGoogleWithMerchantLogin","Surefire suite","Mon Sep 28 12:44:03 UTC 2026","passed","Mon Sep 28 12:44:08 UTC 2026","testcases.backoffice.googleauth.ListOtpGoogleTest","Surefire test","testcases.backoffice.googleauth.ListOtpGoogleTest","listOtpGoogleWithMerchantLogin"
"Get Group Detail Backoffice Menggunakan Login Marketing","4894","getGroupDetailWithMarketingLogin","Surefire suite","Mon Sep 28 12:15:09 UTC 2026","passed","Mon Sep 28 12:15:13 UTC 2026","testcases.backoffice.group.GetGroupTest","Surefire test","testcases.backoffice.group.GetGroupTest","getGroupDetailWithMarketingLogin"
"List Currency USDT Tanpa Login/Header Auth","1569","getCurrencyWithoutAuth","Surefire suite","Mon Sep 28 12:10:18 UTC 2026","passed","Mon Sep 28 12:10:20 UTC 2026","testcases.backoffice.currency.GetCurrencyTest","Surefire test","testcases.backoffice.currency.GetCurrencyTest","getCurrencyWithoutAuth"
"Get Detail Waiting Company Backoffice Menggunakan Login Admin Crypto","4870","getDetailWaitingCompanyWithAdminCryptoLogin","Surefire suite","Mon Sep 28 12:25:56 UTC 2026","passed","Mon Sep 28 12:26:01 UTC 2026","testcases.backoffice.GetDetailWaitingCompanyTest","Surefire test","testcases.backoffice.GetDetailWaitingCompanyTest","getDetailWaitingCompanyWithAdminCryptoLogin"
"Get Notification Sender Dengan Field Sort Merujuk ke Kolom yang Tidak Ada","5636","getNotificationSenderWithInvalidSortField","Surefire suite","Mon Sep 28 12:34:30 UTC 2026","passed","Mon Sep 28 12:34:35 UTC 2026","testcases.backoffice.notifsender.NotificationSenderTest","Surefire test","testcases.backoffice.notifsender.NotificationSenderTest","getNotificationSenderWithInvalidSortField"
"Add Currency CS Admin Path Dengan Body Kosong ({})","1786","addCurrencyWithEmptyBody","Surefire suite","Mon Sep 28 13:38:13 UTC 2026","passed","Mon Sep 28 13:38:14 UTC 2026","testcases.backoffice.currency.AddCurrencyTest","Surefire test","testcases.backoffice.currency.AddCurrencyTest","addCurrencyWithEmptyBody"
"Get Notification Sender Dengan Field Tidak Dikenal pada Body","5654","getNotificationSenderWithUnknownField","Surefire suite","Mon Sep 28 12:36:35 UTC 2026","passed","Mon Sep 28 12:36:40 UTC 2026","testcases.backoffice.notifsender.NotificationSenderTest","Surefire test","testcases.backoffice.notifsender.NotificationSenderTest","getNotificationSenderWithUnknownField"
"Resend Google Authenticator Menggunakan HTTP Method GET","5302","resendOtpGoogleWithGetMethod","Surefire suite","Mon Sep 28 12:38:56 UTC 2026","passed","Mon Sep 28 12:39:01 UTC 2026","testcases.backoffice.googleauth.ResendOtpGoogleTest","Surefire test","testcases.backoffice.googleauth.ResendOtpGoogleTest","resendOtpGoogleWithGetMethod"
"Get History QR Admin","11619","historyQRTestAdmin","Surefire suite","Mon Sep 28 12:51:05 UTC 2026","passed","Mon Sep 28 12:51:17 UTC 2026","testcases.history.HistoryQRTest","Surefire test","testcases.history.HistoryQRTest","historyQRTestAdmin"
"Get Notification Sender Dengan pinValidasi Berupa null","4823","getNotificationSenderWithNullPinValidasi","Surefire suite","Mon Sep 28 12:35:34 UTC 2026","passed","Mon Sep 28 12:35:39 UTC 2026","testcases.backoffice.notifsender.NotificationSenderTest","Surefire test","testcases.backoffice.notifsender.NotificationSenderTest","getNotificationSenderWithNullPinValidasi"
"Mutasi Company Admin","11890","mutasiCompanyAdmin","Surefire suite","Mon Sep 28 14:05:25 UTC 2026","passed","Mon Sep 28 14:05:37 UTC 2026","testcases.mutasi.MutasiTransferTest","Surefire test","testcases.mutasi.MutasiTransferTest","mutasiCompanyAdmin"
"Created Favorite Account Menggunakan HTTP Method DELETE","1667","createdFavoriteAccountWithDeleteMethod","Surefire suite","Mon Sep 28 12:33:36 UTC 2026","passed","Mon Sep 28 12:33:38 UTC 2026","testcases.settings.favoriteaccount.CreatedFavoriteAccountTest","Surefire test","testcases.settings.favoriteaccount.CreatedFavoriteAccountTest","createdFavoriteAccountWithDeleteMethod"
"Inquiry Favorite Account Dengan Body Berupa Literal null","1564","inquiryFavoriteAccountWithNullLiteralBody","Surefire suite","Mon Sep 28 12:36:29 UTC 2026","passed","Mon Sep 28 12:36:31 UTC 2026","testcases.settings.favoriteaccount.InquiryFavoriteAccountTest","Surefire test","testcases.settings.favoriteaccount.InquiryFavoriteAccountTest","inquiryFavoriteAccountWithNullLiteralBody"
"Add Currency CS Admin Path Menggunakan Login Admin","7331","addCurrencyWithAdminLogin","Surefire suite","Mon Sep 28 13:37:08 UTC 2026","passed","Mon Sep 28 13:37:16 UTC 2026","testcases.backoffice.currency.AddCurrencyTest","Surefire test","testcases.backoffice.currency.AddCurrencyTest","addCurrencyWithAdminLogin"
"Reset Password CS Admin","4769","resetPasswordCSAdmin","Surefire suite","Mon Sep 28 11:54:21 UTC 2026","passed","Mon Sep 28 11:54:26 UTC 2026","testcases.settings.ResetPasswordTest","Surefire test","testcases.settings.ResetPasswordTest","resetPasswordCSAdmin"
"Delete Google Authenticator Dengan id Berisi Payload XSS","4975","deleteOtpGoogleWithXssId","Surefire suite","Mon Sep 28 11:55:29 UTC 2026","passed","Mon Sep 28 11:55:34 UTC 2026","testcases.backoffice.googleauth.DeleteOtpGoogleTest","Surefire test","testcases.backoffice.googleauth.DeleteOtpGoogleTest","deleteOtpGoogleWithXssId"
"List Refund Menggunakan Login CS Admin","5195","listRefundWithCSAdminLogin","Surefire suite","Mon Sep 28 13:44:53 UTC 2026","passed","Mon Sep 28 13:44:59 UTC 2026","testcases.backoffice.ListRefundTest","Surefire test","testcases.backoffice.ListRefundTest","listRefundWithCSAdminLogin"
"Get History Flop Transfer Test","13130","historyFlopTransferTest","Surefire suite","Mon Sep 28 13:50:44 UTC 2026","passed","Mon Sep 28 13:50:57 UTC 2026","testcases.history.HistoryTransferTest","Surefire test","testcases.history.HistoryTransferTest","historyFlopTransferTest"
"Get Notification Sender Menggunakan HTTP Method GET","4979","getNotificationSenderWithGetMethod","Surefire suite","Mon Sep 28 12:33:55 UTC 2026","passed","Mon Sep 28 12:34:00 UTC 2026","testcases.backoffice.notifsender.NotificationSenderTest","Surefire test","testcases.backoffice.notifsender.NotificationSenderTest","getNotificationSenderWithGetMethod"
"Created Favorite Account Tanpa Body Sama Sekali","1561","createdFavoriteAccountWithoutBody","Surefire suite","Mon Sep 28 12:35:16 UTC 2026","passed","Mon Sep 28 12:35:17 UTC 2026","testcases.settings.favoriteaccount.CreatedFavoriteAccountTest","Surefire test","testcases.settings.favoriteaccount.CreatedFavoriteAccountTest","createdFavoriteAccountWithoutBody"
"Normal Transfer with Account Supervisor","7151","transferSupervisor","Surefire suite","Mon Sep 28 11:54:34 UTC 2026","passed","Mon Sep 28 11:54:41 UTC 2026","testcases.transfer.TransferTest","Surefire test","testcases.transfer.TransferTest","transferSupervisor"
"List User Backoffice","5238","listUsersBO","Surefire suite","Mon Sep 28 12:46:38 UTC 2026","passed","Mon Sep 28 12:46:43 UTC 2026","testcases.backoffice.users.ListUsersTest","Surefire test","testcases.backoffice.users.ListUsersTest","listUsersBO"
"Get List Group Company BO Dengan groupName Sangat Panjang (10.000 karakter)","4647","getListGroupCompanyWithOverlongGroupName","Surefire suite","Mon Sep 28 11:57:36 UTC 2026","passed","Mon Sep 28 11:57:41 UTC 2026","testcases.backoffice.settlement.GetListGroupCompanyTest","Surefire test","testcases.backoffice.settlement.GetListGroupCompanyTest","getListGroupCompanyWithOverlongGroupName"
"Mutasi Special Transfer Balance Supervisor","41715","mutasiSpecialTransferBalanceSupervisor","Surefire suite","Mon Sep 28 14:13:51 UTC 2026","passed","Mon Sep 28 14:14:33 UTC 2026","testcases.mutasi.MutasiTransferTest","Surefire test","testcases.mutasi.MutasiTransferTest","mutasiSpecialTransferBalanceSupervisor"
"Test Settlement USDT CS Admin dengan check Fee di Admin Crypto dan Admin Fee","68627","settlementUSDTCSAdmin","Surefire suite","Mon Sep 28 13:32:13 UTC 2026","passed","Mon Sep 28 13:33:22 UTC 2026","testcases.backoffice.ApprovalTransferTest","Surefire test","testcases.backoffice.ApprovalTransferTest","settlementUSDTCSAdmin"
"Inquiry Test Transfer Merchant","4984","inquiryTransfer","Surefire suite","Mon Sep 28 12:42:21 UTC 2026","passed","Mon Sep 28 12:42:26 UTC 2026","testcases.transfer.InquiryTransferTest","Surefire test","testcases.transfer.InquiryTransferTest","inquiryTransfer"
"Create Manage Settlement BO Tanpa Field groupName","4552","addManageSettlementWithoutGroupName","Surefire suite","Mon Sep 28 12:07:13 UTC 2026","passed","Mon Sep 28 12:07:17 UTC 2026","testcases.backoffice.settlement.AddManageSettlementTest","Surefire test","testcases.backoffice.settlement.AddManageSettlementTest","addManageSettlementWithoutGroupName"
"List User Backoffice Dengan Body Kosong ({})","4906","listUsersWithEmptyBody","Surefire suite","Mon Sep 28 12:47:04 UTC 2026","passed","Mon Sep 28 12:47:09 UTC 2026","testcases.backoffice.users.ListUsersTest","Surefire test","testcases.backoffice.users.ListUsersTest","listUsersWithEmptyBody"
"Generate QR Code Failed Merchant","4896","generateQRCodeFailed","Surefire suite","Mon Sep 28 12:42:57 UTC 2026","passed","Mon Sep 28 12:43:02 UTC 2026","testcases.QR.GenerateQRTest","Surefire test","testcases.QR.GenerateQRTest","generateQRCodeFailed"
"Delete Google Authenticator Dengan Token Tidak Valid","1448","deleteOtpGoogleWithInvalidToken","Surefire suite","Mon Sep 28 11:53:44 UTC 2026","passed","Mon Sep 28 11:53:45 UTC 2026","testcases.backoffice.googleauth.DeleteOtpGoogleTest","Surefire test","testcases.backoffice.googleauth.DeleteOtpGoogleTest","deleteOtpGoogleWithInvalidToken"
"Delete Group Backoffice Tanpa Body Sama Sekali","1535","deleteGroupWithoutBody","Surefire suite","Mon Sep 28 12:20:31 UTC 2026","passed","Mon Sep 28 12:20:33 UTC 2026","testcases.backoffice.group.DeleteGroupTest","Surefire test","testcases.backoffice.group.DeleteGroupTest","deleteGroupWithoutBody"
"Inquiry Favorite Account Dengan Header credentialId Salah","2817","inquiryFavoriteAccountWithWrongCredentialIdHeader","Surefire suite","Mon Sep 28 12:37:02 UTC 2026","passed","Mon Sep 28 12:37:05 UTC 2026","testcases.settings.favoriteaccount.InquiryFavoriteAccountTest","Surefire test","testcases.settings.favoriteaccount.InquiryFavoriteAccountTest","inquiryFavoriteAccountWithWrongCredentialIdHeader"
"Mutasi Transfer","13642","mutasiTransferAdminCrypto","Surefire suite","Mon Sep 28 14:17:18 UTC 2026","passed","Mon Sep 28 14:17:32 UTC 2026","testcases.mutasi.MutasiTransferTest","Surefire test","testcases.mutasi.MutasiTransferTest","mutasiTransferAdminCrypto"
"Get Dashboard Backoffice Menggunakan Login Admin Crypto","4900","getDashboardWithAdminCryptoLogin","Surefire suite","Mon Sep 28 12:28:59 UTC 2026","passed","Mon Sep 28 12:29:04 UTC 2026","testcases.backoffice.GetDashboardTest","Surefire test","testcases.backoffice.GetDashboardTest","getDashboardWithAdminCryptoLogin"
"List Waiting Company Backoffice","5638","getListWaitingCompany","Surefire suite","Mon Sep 28 12:33:03 UTC 2026","passed","Mon Sep 28 12:33:09 UTC 2026","testcases.backoffice.ListWaitingCompanyTest","Surefire test","testcases.backoffice.ListWaitingCompanyTest","getListWaitingCompany"
"Created Favorite Account Dengan Body Berupa JSON Array ([])","6213","createdFavoriteAccountWithArrayBody","Surefire suite","Mon Sep 28 12:33:27 UTC 2026","passed","Mon Sep 28 12:33:33 UTC 2026","testcases.settings.favoriteaccount.CreatedFavoriteAccountTest","Surefire test","testcases.settings.favoriteaccount.CreatedFavoriteAccountTest","createdFavoriteAccountWithArrayBody"
"","5639","listCashDeposit","Surefire suite","Mon Sep 28 11:52:45 UTC 2026","passed","Mon Sep 28 11:52:51 UTC 2026","testcases.backoffice.ListTransferTest","Surefire test","testcases.backoffice.ListTransferTest","listCashDeposit"
"List Refund Dengan Body JSON Tidak Valid (Malformed)","4475","listRefundWithMalformedJson","Surefire suite","Mon Sep 28 13:45:58 UTC 2026","passed","Mon Sep 28 13:46:03 UTC 2026","testcases.backoffice.ListRefundTest","Surefire test","testcases.backoffice.ListRefundTest","listRefundWithMalformedJson"
"List Waiting Company Backoffice Menggunakan Login Admin Crypto","5186","listWaitingCompanyWithAdminCryptoLogin","Surefire suite","Mon Sep 28 12:33:12 UTC 2026","passed","Mon Sep 28 12:33:17 UTC 2026","testcases.backoffice.ListWaitingCompanyTest","Surefire test","testcases.backoffice.ListWaitingCompanyTest","listWaitingCompanyWithAdminCryptoLogin"
"List User Backoffice Menggunakan Login Admin Crypto","5979","listUsersWithAdminCryptoLogin","Surefire suite","Mon Sep 28 12:46:46 UTC 2026","passed","Mon Sep 28 12:46:52 UTC 2026","testcases.backoffice.users.ListUsersTest","Surefire test","testcases.backoffice.users.ListUsersTest","listUsersWithAdminCryptoLogin"
"Add Group Backoffice Menggunakan Login Marketing","5745","addGroupWithMarketingLogin","Surefire suite","Mon Sep 28 12:23:53 UTC 2026","passed","Mon Sep 28 12:23:58 UTC 2026","testcases.backoffice.group.AddGroupTest","Surefire test","testcases.backoffice.group.AddGroupTest","addGroupWithMarketingLogin"
"Mutasi USDT Transfer Balance CS","23838","mutasiUSDTTransferBalanceCS","Surefire suite","Mon Sep 28 14:20:58 UTC 2026","failed","Mon Sep 28 14:21:22 UTC 2026","testcases.mutasi.MutasiTransferTest","Surefire test","testcases.mutasi.MutasiTransferTest","mutasiUSDTTransferBalanceCS"
"Add Group Backoffice Tanpa Field feeBankPercent","2079","addGroupWithMissingFeeField","Surefire suite","Mon Sep 28 12:24:10 UTC 2026","passed","Mon Sep 28 12:24:12 UTC 2026","testcases.backoffice.group.AddGroupTest","Surefire test","testcases.backoffice.group.AddGroupTest","addGroupWithMissingFeeField"
"Reset Password Admin Crypto","4817","resetPasswordAdminCrypto","Surefire suite","Mon Sep 28 11:55:59 UTC 2026","passed","Mon Sep 28 11:56:03 UTC 2026","testcases.settings.ResetPasswordTest","Surefire test","testcases.settings.ResetPasswordTest","resetPasswordAdminCrypto"
"Delete Manage Settlement BO Menggunakan Login CS Admin","4736","deleteManageSettlementWithCSAdminLogin","Surefire suite","Mon Sep 28 11:59:49 UTC 2026","passed","Mon Sep 28 11:59:54 UTC 2026","testcases.backoffice.settlement.DeleteManageSettlementTest","Surefire test","testcases.backoffice.settlement.DeleteManageSettlementTest","deleteManageSettlementWithCSAdminLogin"
"Refund Summary Menggunakan Login Customer Service","4825","getRefundWithCSLogin","Surefire suite","Mon Sep 28 12:36:13 UTC 2026","passed","Mon Sep 28 12:36:18 UTC 2026","testcases.backoffice.refund.GetRefundTest","Surefire test","testcases.backoffice.refund.GetRefundTest","getRefundWithCSLogin"
"Test Approve Manual Transfer dengan check Fee di Admin Crypto dan Admin Fee","65875","approvedCashDepositBalance","Surefire suite","Mon Sep 28 13:19:43 UTC 2026","passed","Mon Sep 28 13:20:49 UTC 2026","testcases.backoffice.ApprovalTransferTest","Surefire test","testcases.backoffice.ApprovalTransferTest","approvedCashDepositBalance"
"Add Currency CS Admin Path Dengan Header Authorization Tanpa Skema Bearer","1654","addCurrencyWithMalformedAuthorizationHeader","Surefire suite","Mon Sep 28 13:38:41 UTC 2026","passed","Mon Sep 28 13:38:43 UTC 2026","testcases.backoffice.currency.AddCurrencyTest","Surefire test","testcases.backoffice.currency.AddCurrencyTest","addCurrencyWithMalformedAuthorizationHeader"
"Inquiry Test USDT Transfer Merchant","4817","inquiryUSDT","Surefire suite","Mon Sep 28 12:07:24 UTC 2026","passed","Mon Sep 28 12:07:29 UTC 2026","testcases.transfer.InquiryUSDTTest","Surefire test","testcases.transfer.InquiryUSDTTest","inquiryUSDT"
"Delete Favorite Account Dengan Body Berupa Literal null","1473","deleteFavoriteAccountWithNullLiteralBody","Surefire suite","Mon Sep 28 11:56:45 UTC 2026","passed","Mon Sep 28 11:56:46 UTC 2026","testcases.settings.favoriteaccount.DeleteFavoriteAccountTest","Surefire test","testcases.settings.favoriteaccount.DeleteFavoriteAccountTest","deleteFavoriteAccountWithNullLiteralBody"
"List Waiting Company Backoffice Dengan Body Kosong ({})","4887","listWaitingCompanyWithEmptyBody","Surefire suite","Mon Sep 28 12:33:36 UTC 2026","passed","Mon Sep 28 12:33:41 UTC 2026","testcases.backoffice.ListWaitingCompanyTest","Surefire test","testcases.backoffice.ListWaitingCompanyTest","listWaitingCompanyWithEmptyBody"
"Create Manage Settlement BO Dengan Karakter SQL Injection pada groupName","4575","addManageSettlementWithSqlInjectionGroupName","Surefire suite","Mon Sep 28 12:06:07 UTC 2026","passed","Mon Sep 28 12:06:12 UTC 2026","testcases.backoffice.settlement.AddManageSettlementTest","Surefire test","testcases.backoffice.settlement.AddManageSettlementTest","addManageSettlementWithSqlInjectionGroupName"
"Get List Group Company BO Dengan Multiple Header groupName","4789","getListGroupCompanyWithMultipleGroupNameHeaders","Surefire suite","Mon Sep 28 11:57:21 UTC 2026","passed","Mon Sep 28 11:57:26 UTC 2026","testcases.backoffice.settlement.GetListGroupCompanyTest","Surefire test","testcases.backoffice.settlement.GetListGroupCompanyTest","getListGroupCompanyWithMultipleGroupNameHeaders"
"Get Balance Merchant Transfer","4997","getBalanceMerchant","Surefire suite","Mon Sep 28 12:37:43 UTC 2026","passed","Mon Sep 28 12:37:48 UTC 2026","testcases.balance.GetBalanceTransferTest","Surefire test","testcases.balance.GetBalanceTransferTest","getBalanceMerchant"
"Get Balance Merchant with Login Supervisor","6225","getBalanceMerchantLoginSupervisor","Surefire suite","Mon Sep 28 11:53:09 UTC 2026","passed","Mon Sep 28 11:53:15 UTC 2026","testcases.balance.GetBalanceQrisTest","Surefire test","testcases.balance.GetBalanceQrisTest","getBalanceMerchantLoginSupervisor"
"Get Detail Waiting Company Backoffice","4770","getDetailWaitingCompany","Surefire suite","Mon Sep 28 12:25:48 UTC 2026","passed","Mon Sep 28 12:25:53 UTC 2026","testcases.backoffice.GetDetailWaitingCompanyTest","Surefire test","testcases.backoffice.GetDetailWaitingCompanyTest","getDetailWaitingCompany"
"Refund Summary Dengan Body Berupa JSON Array ([])","4853","getRefundWithArrayBody","Surefire suite","Mon Sep 28 12:35:57 UTC 2026","passed","Mon Sep 28 12:36:02 UTC 2026","testcases.backoffice.refund.GetRefundTest","Surefire test","testcases.backoffice.refund.GetRefundTest","getRefundWithArrayBody"
"List User Backoffice Dengan Body JSON Tidak Valid (Malformed)","5588","listUsersWithMalformedJson","Surefire suite","Mon Sep 28 12:47:43 UTC 2026","passed","Mon Sep 28 12:47:49 UTC 2026","testcases.backoffice.users.ListUsersTest","Surefire test","testcases.backoffice.users.ListUsersTest","listUsersWithMalformedJson"
"Add Group Backoffice Dengan Payload XSS pada name","1559","addGroupWithXssName","Surefire suite","Mon Sep 28 12:25:25 UTC 2026","passed","Mon Sep 28 12:25:27 UTC 2026","testcases.backoffice.group.AddGroupTest","Surefire test","testcases.backoffice.group.AddGroupTest","addGroupWithXssName"
"Delete Google Authenticator Dengan id Berisi Spasi","5194","deleteOtpGoogleWithWhitespaceId","Surefire suite","Mon Sep 28 11:55:13 UTC 2026","passed","Mon Sep 28 11:55:18 UTC 2026","testcases.backoffice.googleauth.DeleteOtpGoogleTest","Surefire test","testcases.backoffice.googleauth.DeleteOtpGoogleTest","deleteOtpGoogleWithWhitespaceId"
"Delete Manage Settlement BO Menggunakan Login Admin Crypto","4657","deleteManageSettlementWithAdminCryptoLogin","Surefire suite","Mon Sep 28 11:59:21 UTC 2026","passed","Mon Sep 28 11:59:26 UTC 2026","testcases.backoffice.settlement.DeleteManageSettlementTest","Surefire test","testcases.backoffice.settlement.DeleteManageSettlementTest","deleteManageSettlementWithAdminCryptoLogin"
"Login Merchant tanpa Parameter Captcha","3168","testLoginMissingCaptchaParam","Surefire suite","Mon Sep 28 11:54:21 UTC 2026","passed","Mon Sep 28 11:54:24 UTC 2026","testcases.auth.LoginTest","Surefire test","testcases.auth.LoginTest","testLoginMissingCaptchaParam"
"Get List Favorite Account Dengan Token Tidak Valid","1750","getListFavoriteAccountWithInvalidToken","Surefire suite","Mon Sep 28 14:27:32 UTC 2026","passed","Mon Sep 28 14:27:34 UTC 2026","testcases.settings.favoriteaccount.GetListFavoriteAccountTest","Surefire test","testcases.settings.favoriteaccount.GetListFavoriteAccountTest","getListFavoriteAccountWithInvalidToken"
"Transfer Different Parner Reference Supervisor, USDT Transfer to Transfer","48194","trfPartnerRefUSDTSpvFailed","Surefire suite","Mon Sep 28 11:56:27 UTC 2026","passed","Mon Sep 28 11:57:15 UTC 2026","testcases.transfer.TransferTest","Surefire test","testcases.transfer.TransferTest","trfPartnerRefUSDTSpvFailed"
"Reset Pin Supervisor","5165","resetPinSupervisor","Surefire suite","Mon Sep 28 11:53:01 UTC 2026","passed","Mon Sep 28 11:53:06 UTC 2026","testcases.settings.ResetPinTest","Surefire test","testcases.settings.ResetPinTest","resetPinSupervisor"
"Transfer Different Partner Reference, Transfer to USDT Transfer","49344","trfPartnerRefTransferFailed","Surefire suite","Mon Sep 28 12:10:33 UTC 2026","passed","Mon Sep 28 12:11:23 UTC 2026","testcases.transfer.TransferUSDTTest","Surefire test","testcases.transfer.TransferUSDTTest","trfPartnerRefTransferFailed"
"Normal Transfer USDT Success","6510","transfer","Surefire suite","Mon Sep 28 12:07:32 UTC 2026","passed","Mon Sep 28 12:07:38 UTC 2026","testcases.transfer.TransferUSDTTest","Surefire test","testcases.transfer.TransferUSDTTest","transfer"
"Resend Google Authenticator Ke Path yang Tidak Ada (Typo)","6277","resendOtpGoogleWithWrongPath","Surefire suite","Mon Sep 28 12:41:14 UTC 2026","passed","Mon Sep 28 12:41:20 UTC 2026","testcases.backoffice.googleauth.ResendOtpGoogleTest","Surefire test","testcases.backoffice.googleauth.ResendOtpGoogleTest","resendOtpGoogleWithWrongPath"
"Delete Manage Settlement BO Menggunakan Login Customer Service","4762","deleteManageSettlementWithCSLogin","Surefire suite","Mon Sep 28 11:59:57 UTC 2026","passed","Mon Sep 28 12:00:02 UTC 2026","testcases.backoffice.settlement.DeleteManageSettlementTest","Surefire test","testcases.backoffice.settlement.DeleteManageSettlementTest","deleteManageSettlementWithCSLogin"
"Reset Pin Admin Crypto","4948","resetPinAdminCrypto","Surefire suite","Mon Sep 28 11:55:51 UTC 2026","passed","Mon Sep 28 11:55:56 UTC 2026","testcases.settings.ResetPinTest","Surefire test","testcases.settings.ResetPinTest","resetPinAdminCrypto"
"Reset Password Supervisor","5191","resetPasswordSupervisor","Surefire suite","Mon Sep 28 11:52:53 UTC 2026","passed","Mon Sep 28 11:52:58 UTC 2026","testcases.settings.ResetPasswordTest","Surefire test","testcases.settings.ResetPasswordTest","resetPasswordSupervisor"
"Add Group Backoffice Dengan Nama Sama Namun Beda Kapitalisasi","11618","addGroupWithDuplicateNameDifferentCase","Surefire suite","Mon Sep 28 12:22:34 UTC 2026","passed","Mon Sep 28 12:22:45 UTC 2026","testcases.backoffice.group.AddGroupTest","Surefire test","testcases.backoffice.group.AddGroupTest","addGroupWithDuplicateNameDifferentCase"
"Mutasi USDT Transfer Balance","34432","mutasiUSDTTransferBalance","Surefire suite","Mon Sep 28 14:20:20 UTC 2026","failed","Mon Sep 28 14:20:55 UTC 2026","testcases.mutasi.MutasiTransferTest","Surefire test","testcases.mutasi.MutasiTransferTest","mutasiUSDTTransferBalance"
"","13263","getCompanyDetail","Surefire suite","Mon Sep 28 12:59:00 UTC 2026","passed","Mon Sep 28 12:59:13 UTC 2026","testcases.backoffice.CheckCompanyDetailTest","Surefire test","testcases.backoffice.CheckCompanyDetailTest","getCompanyDetail"
"Get Group Detail Backoffice Dengan Group Id Sangat Panjang (10.000 karakter)","4882","getGroupDetailWithOverlongId","Surefire suite","Mon Sep 28 12:15:32 UTC 2026","passed","Mon Sep 28 12:15:37 UTC 2026","testcases.backoffice.group.GetGroupTest","Surefire test","testcases.backoffice.group.GetGroupTest","getGroupDetailWithOverlongId"
"Delete Google Authenticator Menggunakan Login Admin","4750","deleteOtpGoogleWithAdminLogin","Surefire suite","Mon Sep 28 11:52:53 UTC 2026","passed","Mon Sep 28 11:52:57 UTC 2026","testcases.backoffice.googleauth.DeleteOtpGoogleTest","Surefire test","testcases.backoffice.googleauth.DeleteOtpGoogleTest","deleteOtpGoogleWithAdminLogin"
"Get History USDT Transfer Test Admin Crypto","14622","historyUSDTTransferTestAdminCrypto","Surefire suite","Mon Sep 28 13:59:55 UTC 2026","failed","Mon Sep 28 14:00:09 UTC 2026","testcases.history.HistoryTransferTest","Surefire test","testcases.history.HistoryTransferTest","historyUSDTTransferTestAdminCrypto"
"Test Approved USDT","22230","approvedUSDTAdminCrypto","Surefire suite","Mon Sep 28 13:24:49 UTC 2026","passed","Mon Sep 28 13:25:11 UTC 2026","testcases.backoffice.ApprovalTransferTest","Surefire test","testcases.backoffice.ApprovalTransferTest","approvedUSDTAdminCrypto"
"Add Group Backoffice Menggunakan Login Supervisor","4882","addGroupWithSupervisorLogin","Surefire suite","Mon Sep 28 12:24:48 UTC 2026","passed","Mon Sep 28 12:24:53 UTC 2026","testcases.backoffice.group.AddGroupTest","Surefire test","testcases.backoffice.group.AddGroupTest","addGroupWithSupervisorLogin"
"Create Manage Settlement BO Dengan Body Berupa JSON Array ([])","4658","addManageSettlementWithArrayBody","Surefire suite","Mon Sep 28 12:03:14 UTC 2026","passed","Mon Sep 28 12:03:19 UTC 2026","testcases.backoffice.settlement.AddManageSettlementTest","Surefire test","testcases.backoffice.settlement.AddManageSettlementTest","addManageSettlementWithArrayBody"
"Transfer with Wrong Pin","49039","transferWrongPin","Surefire suite","Mon Sep 28 12:07:55 UTC 2026","passed","Mon Sep 28 12:08:44 UTC 2026","testcases.transfer.TransferUSDTTest","Surefire test","testcases.transfer.TransferUSDTTest","transferWrongPin"
"Created Favorite Account Menggunakan HTTP Method PATCH","1528","createdFavoriteAccountWithPatchMethod","Surefire suite","Mon Sep 28 12:34:25 UTC 2026","passed","Mon Sep 28 12:34:26 UTC 2026","testcases.settings.favoriteaccount.CreatedFavoriteAccountTest","Surefire test","testcases.settings.favoriteaccount.CreatedFavoriteAccountTest","createdFavoriteAccountWithPatchMethod"
"Get List Favorite Account CS","6389","getListFavoriteAccountCS","Surefire suite","Mon Sep 28 14:26:34 UTC 2026","passed","Mon Sep 28 14:26:40 UTC 2026","testcases.settings.favoriteaccount.GetListFavoriteAccountTest","Surefire test","testcases.settings.favoriteaccount.GetListFavoriteAccountTest","getListFavoriteAccountCS"
"Add Currency CS Admin Path Dengan Field Tidak Dikenal pada Body","1830","addCurrencyWithUnknownField","Surefire suite","Mon Sep 28 13:40:03 UTC 2026","passed","Mon Sep 28 13:40:05 UTC 2026","testcases.backoffice.currency.AddCurrencyTest","Surefire test","testcases.backoffice.currency.AddCurrencyTest","addCurrencyWithUnknownField"
"Get List Group Backoffice Dengan Field sort Tidak Valid","1627","getListGroupWithInvalidSortField","Surefire suite","Mon Sep 28 12:11:42 UTC 2026","passed","Mon Sep 28 12:11:43 UTC 2026","testcases.backoffice.group.GetListGroupTest","Surefire test","testcases.backoffice.group.GetListGroupTest","getListGroupWithInvalidSortField"
"Resend Google Authenticator Dengan Field Tidak Dikenal pada Body","5053","resendOtpGoogleWithUnknownField","Surefire suite","Mon Sep 28 12:40:56 UTC 2026","passed","Mon Sep 28 12:41:01 UTC 2026","testcases.backoffice.googleauth.ResendOtpGoogleTest","Surefire test","testcases.backoffice.googleauth.ResendOtpGoogleTest","resendOtpGoogleWithUnknownField"
"Delete Group Backoffice Menggunakan Login Marketing","4912","deleteGroupWithMarketingLogin","Surefire suite","Mon Sep 28 12:18:46 UTC 2026","passed","Mon Sep 28 12:18:51 UTC 2026","testcases.backoffice.group.DeleteGroupTest","Surefire test","testcases.backoffice.group.DeleteGroupTest","deleteGroupWithMarketingLogin"
"Get Balance Merchant with Login Admin Crypto","4968","getFailedBalanceMerchantLoginAdminCrypto","Surefire suite","Mon Sep 28 11:56:13 UTC 2026","passed","Mon Sep 28 11:56:18 UTC 2026","testcases.balance.GetBalanceQrisTest","Surefire test","testcases.balance.GetBalanceQrisTest","getFailedBalanceMerchantLoginAdminCrypto"
"Get Balance Merchant","5054","getBalanceMerchant","Surefire suite","Mon Sep 28 12:02:53 UTC 2026","passed","Mon Sep 28 12:02:58 UTC 2026","testcases.balance.GetBalanceQrisTest","Surefire test","testcases.balance.GetBalanceQrisTest","getBalanceMerchant"
"Resend Google Authenticator Dengan Body Berupa JSON Array ([])","5050","resendOtpGoogleWithArrayBody","Surefire suite","Mon Sep 28 12:38:02 UTC 2026","passed","Mon Sep 28 12:38:07 UTC 2026","testcases.backoffice.googleauth.ResendOtpGoogleTest","Surefire test","testcases.backoffice.googleauth.ResendOtpGoogleTest","resendOtpGoogleWithArrayBody"
"Resend Google Authenticator Dengan Token Backoffice Valid Tapi Tanpa Header pbyv","4858","resendOtpGoogleWithoutPbyvHeader","Surefire suite","Mon Sep 28 12:41:43 UTC 2026","passed","Mon Sep 28 12:41:48 UTC 2026","testcases.backoffice.googleauth.ResendOtpGoogleTest","Surefire test","testcases.backoffice.googleauth.ResendOtpGoogleTest","resendOtpGoogleWithoutPbyvHeader"
"Get Detail Waiting Company Backoffice Dengan Id Berisi Karakter SQL Injection","4583","getDetailWaitingCompanyWithSqlInjectionId","Surefire suite","Mon Sep 28 12:27:55 UTC 2026","passed","Mon Sep 28 12:28:00 UTC 2026","testcases.backoffice.GetDetailWaitingCompanyTest","Surefire test","testcases.backoffice.GetDetailWaitingCompanyTest","getDetailWaitingCompanyWithSqlInjectionId"
"List Refund Dengan Karakter SQL Injection pada Field Param - Menemukan Bug Internal Server Error","4958","listRefundWithSqlInjectionParam","Surefire suite","Mon Sep 28 13:46:32 UTC 2026","passed","Mon Sep 28 13:46:37 UTC 2026","testcases.backoffice.ListRefundTest","Surefire test","testcases.backoffice.ListRefundTest","listRefundWithSqlInjectionParam"
"Add Currency USDT Backoffice","10497","addCurrencyBO","Surefire suite","Mon Sep 28 13:36:37 UTC 2026","passed","Mon Sep 28 13:36:47 UTC 2026","testcases.backoffice.currency.AddCurrencyTest","Surefire test","testcases.backoffice.currency.AddCurrencyTest","addCurrencyBO"
"List User Backoffice Tanpa Body Sama Sekali","4896","listUsersWithoutBody","Surefire suite","Mon Sep 28 12:48:38 UTC 2026","passed","Mon Sep 28 12:48:43 UTC 2026","testcases.backoffice.users.ListUsersTest","Surefire test","testcases.backoffice.users.ListUsersTest","listUsersWithoutBody"
"Delete Google Authenticator Menggunakan Login Admin Crypto","5514","deleteOtpGoogleWithAdminCryptoLogin","Surefire suite","Mon Sep 28 11:52:44 UTC 2026","passed","Mon Sep 28 11:52:50 UTC 2026","testcases.backoffice.googleauth.DeleteOtpGoogleTest","Surefire test","testcases.backoffice.googleauth.DeleteOtpGoogleTest","deleteOtpGoogleWithAdminCryptoLogin"
"Success Login Marketing","3335","testLoginMarketing","Surefire suite","Mon Sep 28 11:53:29 UTC 2026","passed","Mon Sep 28 11:53:32 UTC 2026","testcases.auth.LoginTest","Surefire test","testcases.auth.LoginTest","testLoginMarketing"
"Create Manage Settlement BO Menggunakan Login Admin Crypto","4607","addManageSettlementWithAdminCryptoLogin","Surefire suite","Mon Sep 28 12:02:59 UTC 2026","passed","Mon Sep 28 12:03:04 UTC 2026","testcases.backoffice.settlement.AddManageSettlementTest","Surefire test","testcases.backoffice.settlement.AddManageSettlementTest","addManageSettlementWithAdminCryptoLogin"
"Add Group Backoffice Dengan Header pbyv Salah","2616","addGroupWithWrongPbyvHeader","Surefire suite","Mon Sep 28 12:25:19 UTC 2026","passed","Mon Sep 28 12:25:22 UTC 2026","testcases.backoffice.group.AddGroupTest","Surefire test","testcases.backoffice.group.AddGroupTest","addGroupWithWrongPbyvHeader"
"Delete Group Backoffice Dengan id Bertipe Angka (Bukan String)","1586","deleteGroupWithIdAsNumber","Surefire suite","Mon Sep 28 12:18:22 UTC 2026","passed","Mon Sep 28 12:18:24 UTC 2026","testcases.backoffice.group.DeleteGroupTest","Surefire test","testcases.backoffice.group.DeleteGroupTest","deleteGroupWithIdAsNumber"
"Mutasi Transaction Admin","10138","mutasiAdmin","Surefire suite","Mon Sep 28 14:05:11 UTC 2026","passed","Mon Sep 28 14:05:22 UTC 2026","testcases.mutasi.MutasiTransferTest","Surefire test","testcases.mutasi.MutasiTransferTest","mutasiAdmin"
"Inquiry Test Transfer Admin Crypto","4974","inquiryTransferAdminCrypto","Surefire suite","Mon Sep 28 11:54:01 UTC 2026","passed","Mon Sep 28 11:54:06 UTC 2026","testcases.transfer.InquiryTransferTest","Surefire test","testcases.transfer.InquiryTransferTest","inquiryTransferAdminCrypto"
"Inquiry Favorite Account Tanpa Field beneficiaryBankCode","1757","inquiryFavoriteAccountWithoutBeneficiaryBankCodeField","Surefire suite","Mon Sep 28 12:37:22 UTC 2026","passed","Mon Sep 28 12:37:24 UTC 2026","testcases.settings.favoriteaccount.InquiryFavoriteAccountTest","Surefire test","testcases.settings.favoriteaccount.InquiryFavoriteAccountTest","inquiryFavoriteAccountWithoutBeneficiaryBankCodeField"
"Get Notification Sender Menggunakan HTTP Method PUT","8245","getNotificationSenderWithPutMethod","Surefire suite","Mon Sep 28 12:35:59 UTC 2026","passed","Mon Sep 28 12:36:07 UTC 2026","testcases.backoffice.notifsender.NotificationSenderTest","Surefire test","testcases.backoffice.notifsender.NotificationSenderTest","getNotificationSenderWithPutMethod"
"List Waiting Company Backoffice Dengan Tipe Data Salah pada Field Limit (String, Bukan Integer)","5842","listWaitingCompanyWithInvalidFieldType","Surefire suite","Mon Sep 28 12:34:00 UTC 2026","passed","Mon Sep 28 12:34:05 UTC 2026","testcases.backoffice.ListWaitingCompanyTest","Surefire test","testcases.backoffice.ListWaitingCompanyTest","listWaitingCompanyWithInvalidFieldType"
"Mutasi Transfer Balance CS","23611","mutasiTransferBalanceCS","Surefire suite","Mon Sep 28 14:17:57 UTC 2026","passed","Mon Sep 28 14:18:21 UTC 2026","testcases.mutasi.MutasiTransferTest","Surefire test","testcases.mutasi.MutasiTransferTest","mutasiTransferBalanceCS"
"Delete Favorite Account Dengan Body Kosong ({})","1515","deleteFavoriteAccountWithEmptyBody","Surefire suite","Mon Sep 28 11:55:53 UTC 2026","passed","Mon Sep 28 11:55:55 UTC 2026","testcases.settings.favoriteaccount.DeleteFavoriteAccountTest","Surefire test","testcases.settings.favoriteaccount.DeleteFavoriteAccountTest","deleteFavoriteAccountWithEmptyBody"
"List Currency USDT Dengan Token Kadaluarsa","1455","getCurrencyWithExpiredToken","Surefire suite","Mon Sep 28 12:08:25 UTC 2026","passed","Mon Sep 28 12:08:26 UTC 2026","testcases.backoffice.currency.GetCurrencyTest","Surefire test","testcases.backoffice.currency.GetCurrencyTest","getCurrencyWithExpiredToken"
"Reset Password Customer Service","5158","resetPasswordCS","Surefire suite","Mon Sep 28 11:54:13 UTC 2026","passed","Mon Sep 28 11:54:18 UTC 2026","testcases.settings.ResetPasswordTest","Surefire test","testcases.settings.ResetPasswordTest","resetPasswordCS"
"Delete Google Authenticator Menggunakan Login CS Admin","4636","deleteOtpGoogleWithCSAdminLogin","Surefire suite","Mon Sep 28 11:53:00 UTC 2026","passed","Mon Sep 28 11:53:05 UTC 2026","testcases.backoffice.googleauth.DeleteOtpGoogleTest","Surefire test","testcases.backoffice.googleauth.DeleteOtpGoogleTest","deleteOtpGoogleWithCSAdminLogin"
"Add Currency CS Admin Path Dengan rate Berupa Boolean","1874","addCurrencyWithBooleanRate","Surefire suite","Mon Sep 28 13:37:41 UTC 2026","passed","Mon Sep 28 13:37:43 UTC 2026","testcases.backoffice.currency.AddCurrencyTest","Surefire test","testcases.backoffice.currency.AddCurrencyTest","addCurrencyWithBooleanRate"
"Mutasi USDT Transfer Balance","21862","mutasiUSDTTransferBalanceSupervisor","Surefire suite","Mon Sep 28 14:21:25 UTC 2026","failed","Mon Sep 28 14:21:47 UTC 2026","testcases.mutasi.MutasiTransferTest","Surefire test","testcases.mutasi.MutasiTransferTest","mutasiUSDTTransferBalanceSupervisor"
"Inquiry Favorite Account Dengan Header Authorization Tanpa Skema Bearer","1583","inquiryFavoriteAccountWithMalformedAuthorizationHeader","Surefire suite","Mon Sep 28 12:36:16 UTC 2026","passed","Mon Sep 28 12:36:17 UTC 2026","testcases.settings.favoriteaccount.InquiryFavoriteAccountTest","Surefire test","testcases.settings.favoriteaccount.InquiryFavoriteAccountTest","inquiryFavoriteAccountWithMalformedAuthorizationHeader"
"Refund Summary Tanpa Field endDate","1492","getRefundWithoutEndDate","Surefire suite","Mon Sep 28 12:38:57 UTC 2026","passed","Mon Sep 28 12:38:58 UTC 2026","testcases.backoffice.refund.GetRefundTest","Surefire test","testcases.backoffice.refund.GetRefundTest","getRefundWithoutEndDate"
"Get Group Detail Backoffice Dengan Group Id Milik Entitas Lain (User Id)","4703","getGroupDetailWithForeignEntityId","Surefire suite","Mon Sep 28 12:14:36 UTC 2026","passed","Mon Sep 28 12:14:41 UTC 2026","testcases.backoffice.group.GetGroupTest","Surefire test","testcases.backoffice.group.GetGroupTest","getGroupDetailWithForeignEntityId"
"Get Notification Sender Dengan Body Berupa JSON Array ([])","7228","getNotificationSenderWithArrayBody","Surefire suite","Mon Sep 28 12:33:00 UTC 2026","passed","Mon Sep 28 12:33:07 UTC 2026","testcases.backoffice.notifsender.NotificationSenderTest","Surefire test","testcases.backoffice.notifsender.NotificationSenderTest","getNotificationSenderWithArrayBody"
"Inquiry Favorite Account Dengan Body Berupa JSON Array ([])","4815","inquiryFavoriteAccountWithArrayBody","Surefire suite","Mon Sep 28 12:35:38 UTC 2026","passed","Mon Sep 28 12:35:42 UTC 2026","testcases.settings.favoriteaccount.InquiryFavoriteAccountTest","Surefire test","testcases.settings.favoriteaccount.InquiryFavoriteAccountTest","inquiryFavoriteAccountWithArrayBody"
"Transfer Different Partner Reference, USDT Transfer to Transfer","50408","trfPartnerRefSpecialFailed","Surefire suite","Mon Sep 28 12:09:40 UTC 2026","passed","Mon Sep 28 12:10:30 UTC 2026","testcases.transfer.TransferUSDTTest","Surefire test","testcases.transfer.TransferUSDTTest","trfPartnerRefSpecialFailed"
"Inquiry Test Manual Transfer Admin Crypto","4938","inquiryManualTransferAdminCrypto","Surefire suite","Mon Sep 28 11:54:09 UTC 2026","passed","Mon Sep 28 11:54:14 UTC 2026","testcases.transfer.InquiryManualTransferTest","Surefire test","testcases.transfer.InquiryManualTransferTest","inquiryManualTransferAdminCrypto"
"Reset Password Group","4864","resetPasswordGroup","Surefire suite","Mon Sep 28 11:53:05 UTC 2026","passed","Mon Sep 28 11:53:10 UTC 2026","testcases.settings.ResetPasswordTest","Surefire test","testcases.settings.ResetPasswordTest","resetPasswordGroup"
"Delete Group Backoffice Dengan Body Berupa JSON Array ([])","1509","deleteGroupWithArrayBody","Surefire suite","Mon Sep 28 12:17:35 UTC 2026","passed","Mon Sep 28 12:17:36 UTC 2026","testcases.backoffice.group.DeleteGroupTest","Surefire test","testcases.backoffice.group.DeleteGroupTest","deleteGroupWithArrayBody"
"Inquiry Favorite Account Supervisor","9896","inquiryFavoriteAccountSupervisor","Surefire suite","Mon Sep 28 13:05:17 UTC 2026","passed","Mon Sep 28 13:05:27 UTC 2026","testcases.settings.favoriteaccount.InquiryFavoriteAccountTest","Surefire test","testcases.settings.favoriteaccount.InquiryFavoriteAccountTest","inquiryFavoriteAccountSupervisor"
"Refund Summary Dengan Header pbyv Salah","1779","getRefundWithWrongPbyvHeader","Surefire suite","Mon Sep 28 12:38:38 UTC 2026","passed","Mon Sep 28 12:38:40 UTC 2026","testcases.backoffice.refund.GetRefundTest","Surefire test","testcases.backoffice.refund.GetRefundTest","getRefundWithWrongPbyvHeader"
"Normal Flop Transfer Balance Admin Crypto Success","11070","flopTransferBalanceAdminCrypto","Surefire suite","Mon Sep 28 11:53:47 UTC 2026","passed","Mon Sep 28 11:53:58 UTC 2026","testcases.transfer.TransferFlopTest","Surefire test","testcases.transfer.TransferFlopTest","flopTransferBalanceAdminCrypto"
"Get History USDT Transfer Test CS","15361","historyUSDTTransferTestCS","Surefire suite","Mon Sep 28 14:00:12 UTC 2026","failed","Mon Sep 28 14:00:28 UTC 2026","testcases.history.HistoryTransferTest","Surefire test","testcases.history.HistoryTransferTest","historyUSDTTransferTestCS"
"Delete Group Backoffice Dengan Body Berupa Literal null","1573","deleteGroupWithNullLiteralBody","Surefire suite","Mon Sep 28 12:19:27 UTC 2026","passed","Mon Sep 28 12:19:28 UTC 2026","testcases.backoffice.group.DeleteGroupTest","Surefire test","testcases.backoffice.group.DeleteGroupTest","deleteGroupWithNullLiteralBody"
"List Company Backoffice Dengan Body JSON Tidak Valid (Malformed)","4766","listCompanyWithMalformedJson","Surefire suite","Mon Sep 28 12:40:37 UTC 2026","passed","Mon Sep 28 12:40:42 UTC 2026","testcases.backoffice.ListCompanyTest","Surefire test","testcases.backoffice.ListCompanyTest","listCompanyWithMalformedJson"
"Resend Google Authenticator Menggunakan Login Supervisor","5892","resendOtpGoogleWithSupervisorLogin","Surefire suite","Mon Sep 28 12:40:47 UTC 2026","passed","Mon Sep 28 12:40:53 UTC 2026","testcases.backoffice.googleauth.ResendOtpGoogleTest","Surefire test","testcases.backoffice.googleauth.ResendOtpGoogleTest","resendOtpGoogleWithSupervisorLogin"
"Add Currency CS Admin Path Dengan Token Kadaluarsa","1628","addCurrencyWithExpiredToken","Surefire suite","Mon Sep 28 13:38:17 UTC 2026","passed","Mon Sep 28 13:38:19 UTC 2026","testcases.backoffice.currency.AddCurrencyTest","Surefire test","testcases.backoffice.currency.AddCurrencyTest","addCurrencyWithExpiredToken"
"List Manage Settlement Backoffice Dengan Body Berupa Literal null","5445","listManageSettlementWithNullLiteralBody","Surefire suite","Mon Sep 28 12:44:19 UTC 2026","passed","Mon Sep 28 12:44:24 UTC 2026","testcases.backoffice.settlement.ManageSettlementTest","Surefire test","testcases.backoffice.settlement.ManageSettlementTest","listManageSettlementWithNullLiteralBody"
"Refund Summary Backoffice","6005","getRefundSummaryBO","Surefire suite","Mon Sep 28 12:35:33 UTC 2026","passed","Mon Sep 28 12:35:39 UTC 2026","testcases.backoffice.refund.GetRefundTest","Surefire test","testcases.backoffice.refund.GetRefundTest","getRefundSummaryBO"
"Generate QR Code Closed Merchant","6489","generateQRCodeClosed","Surefire suite","Mon Sep 28 12:42:47 UTC 2026","passed","Mon Sep 28 12:42:54 UTC 2026","testcases.QR.GenerateQRTest","Surefire test","testcases.QR.GenerateQRTest","generateQRCodeClosed"
"Add Group Backoffice Dengan feeBankPercent Melebihi 100","1589","addGroupWithFeeOver100","Surefire suite","Mon Sep 28 12:23:21 UTC 2026","passed","Mon Sep 28 12:23:22 UTC 2026","testcases.backoffice.group.AddGroupTest","Surefire test","testcases.backoffice.group.AddGroupTest","addGroupWithFeeOver100"
"Created Favorite Account Dengan pin String Kosong","3018","createdFavoriteAccountWithEmptyPin","Surefire suite","Mon Sep 28 12:33:46 UTC 2026","passed","Mon Sep 28 12:33:49 UTC 2026","testcases.settings.favoriteaccount.CreatedFavoriteAccountTest","Surefire test","testcases.settings.favoriteaccount.CreatedFavoriteAccountTest","createdFavoriteAccountWithEmptyPin"
"Add Currency CS Admin Path Dengan Token CS Admin Valid Tapi Tanpa Header powis","1794","addCurrencyWithoutPowisHeader","Surefire suite","Mon Sep 28 13:40:37 UTC 2026","passed","Mon Sep 28 13:40:39 UTC 2026","testcases.backoffice.currency.AddCurrencyTest","Surefire test","testcases.backoffice.currency.AddCurrencyTest","addCurrencyWithoutPowisHeader"
"Add Currency CS Admin Path Tanpa Field rate (Field Lain Saja)","1695","addCurrencyWithMissingRateField","Surefire suite","Mon Sep 28 13:39:08 UTC 2026","passed","Mon Sep 28 13:39:10 UTC 2026","testcases.backoffice.currency.AddCurrencyTest","Surefire test","testcases.backoffice.currency.AddCurrencyTest","addCurrencyWithMissingRateField"
"Delete Manage Settlement BO Dengan id Milik Entitas Lain (Group Id)","4864","deleteManageSettlementWithForeignEntityId","Surefire suite","Mon Sep 28 12:00:25 UTC 2026","passed","Mon Sep 28 12:00:30 UTC 2026","testcases.backoffice.settlement.DeleteManageSettlementTest","Surefire test","testcases.backoffice.settlement.DeleteManageSettlementTest","deleteManageSettlementWithForeignEntityId"
"Get Group Detail Backoffice","5296","getGroupDetail","Surefire suite","Mon Sep 28 12:13:51 UTC 2026","passed","Mon Sep 28 12:13:57 UTC 2026","testcases.backoffice.group.GetGroupTest","Surefire test","testcases.backoffice.group.GetGroupTest","getGroupDetail"
"Inquiry Favorite Account Dengan Header companyId Salah","1550","inquiryFavoriteAccountWithWrongCompanyIdHeader","Surefire suite","Mon Sep 28 12:36:53 UTC 2026","passed","Mon Sep 28 12:36:54 UTC 2026","testcases.settings.favoriteaccount.InquiryFavoriteAccountTest","Surefire test","testcases.settings.favoriteaccount.InquiryFavoriteAccountTest","inquiryFavoriteAccountWithWrongCompanyIdHeader"
"Add Group Backoffice Dengan Header Authorization Tanpa Skema Bearer","1513","addGroupWithMalformedAuthorizationHeader","Surefire suite","Mon Sep 28 12:23:44 UTC 2026","passed","Mon Sep 28 12:23:45 UTC 2026","testcases.backoffice.group.AddGroupTest","Surefire test","testcases.backoffice.group.AddGroupTest","addGroupWithMalformedAuthorizationHeader"
"Get List Google Authenticator Menggunakan HTTP Method PUT","4776","listOtpGoogleWithPutMethod","Surefire suite","Mon Sep 28 12:44:35 UTC 2026","passed","Mon Sep 28 12:44:40 UTC 2026","testcases.backoffice.googleauth.ListOtpGoogleTest","Surefire test","testcases.backoffice.googleauth.ListOtpGoogleTest","listOtpGoogleWithPutMethod"
"Get Detail Waiting Company Backoffice Tanpa Id (Path Kosong)","5155","getDetailWaitingCompanyWithEmptyId","Surefire suite","Mon Sep 28 12:26:19 UTC 2026","passed","Mon Sep 28 12:26:24 UTC 2026","testcases.backoffice.GetDetailWaitingCompanyTest","Surefire test","testcases.backoffice.GetDetailWaitingCompanyTest","getDetailWaitingCompanyWithEmptyId"
"Get Detail Waiting Company Backoffice Menggunakan HTTP Method DELETE","4739","getDetailWaitingCompanyWithDeleteMethod","Surefire suite","Mon Sep 28 12:26:12 UTC 2026","passed","Mon Sep 28 12:26:16 UTC 2026","testcases.backoffice.GetDetailWaitingCompanyTest","Surefire test","testcases.backoffice.GetDetailWaitingCompanyTest","getDetailWaitingCompanyWithDeleteMethod"
"Delete Manage Settlement BO Tanpa Header id","9096","deleteManageSettlementWithoutIdHeader","Surefire suite","Mon Sep 28 12:02:26 UTC 2026","passed","Mon Sep 28 12:02:35 UTC 2026","testcases.backoffice.settlement.DeleteManageSettlementTest","Surefire test","testcases.backoffice.settlement.DeleteManageSettlementTest","deleteManageSettlementWithoutIdHeader"
"Add Group Backoffice Dengan Nama Sama Namun Field Fee Berbeda","3757","addGroupWithDuplicateNameDifferentFees","Surefire suite","Mon Sep 28 12:22:48 UTC 2026","passed","Mon Sep 28 12:22:52 UTC 2026","testcases.backoffice.group.AddGroupTest","Surefire test","testcases.backoffice.group.AddGroupTest","addGroupWithDuplicateNameDifferentFees"
"Request Refund Transfer Supervisor","4907","refundTransferSupervisor","Surefire suite","Mon Sep 28 11:54:09 UTC 2026","passed","Mon Sep 28 11:54:14 UTC 2026","testcases.transfer.RefundTransferTest","Surefire test","testcases.transfer.RefundTransferTest","refundTransferSupervisor"
"Add Currency Ke Path yang Tidak Ada (Typo)","2064","addCurrencyWithWrongPath","Surefire suite","Mon Sep 28 13:40:13 UTC 2026","passed","Mon Sep 28 13:40:15 UTC 2026","testcases.backoffice.currency.AddCurrencyTest","Surefire test","testcases.backoffice.currency.AddCurrencyTest","addCurrencyWithWrongPath"
"Create Manage Settlement BO Dengan Token Tidak Valid","1531","addManageSettlementWithInvalidToken","Surefire suite","Mon Sep 28 12:04:41 UTC 2026","passed","Mon Sep 28 12:04:43 UTC 2026","testcases.backoffice.settlement.AddManageSettlementTest","Surefire test","testcases.backoffice.settlement.AddManageSettlementTest","addManageSettlementWithInvalidToken"
"Request Refund Transfer Admin Crypto","5060","refundTransferAdminCrypto","Surefire suite","Mon Sep 28 11:53:28 UTC 2026","passed","Mon Sep 28 11:53:33 UTC 2026","testcases.transfer.RefundTransferTest","Surefire test","testcases.transfer.RefundTransferTest","refundTransferAdminCrypto"
"Login Merchant dengan Username Mengandung SQL Injection","3029","testLoginSqlInjectionUsername","Surefire suite","Mon Sep 28 11:54:53 UTC 2026","passed","Mon Sep 28 11:54:56 UTC 2026","testcases.auth.LoginTest","Surefire test","testcases.auth.LoginTest","testLoginSqlInjectionUsername"
"Delete Google Authenticator Dengan Token Kadaluarsa","1601","deleteOtpGoogleWithExpiredToken","Surefire suite","Mon Sep 28 11:53:32 UTC 2026","passed","Mon Sep 28 11:53:33 UTC 2026","testcases.backoffice.googleauth.DeleteOtpGoogleTest","Surefire test","testcases.backoffice.googleauth.DeleteOtpGoogleTest","deleteOtpGoogleWithExpiredToken"
"Get Notification Sender Dengan Body JSON Tidak Valid (Malformed)","4591","getNotificationSenderWithMalformedJson","Surefire suite","Mon Sep 28 12:34:47 UTC 2026","passed","Mon Sep 28 12:34:52 UTC 2026","testcases.backoffice.notifsender.NotificationSenderTest","Surefire test","testcases.backoffice.notifsender.NotificationSenderTest","getNotificationSenderWithMalformedJson"
"List Currency USDT Menggunakan Login Admin Crypto","4924","getCurrencyWithAdminCryptoLogin","Surefire suite","Mon Sep 28 12:07:36 UTC 2026","passed","Mon Sep 28 12:07:41 UTC 2026","testcases.backoffice.currency.GetCurrencyTest","Surefire test","testcases.backoffice.currency.GetCurrencyTest","getCurrencyWithAdminCryptoLogin"
"Get History Manual Transfer Test","10170","historyManualTransferTest","Surefire suite","Mon Sep 28 13:52:49 UTC 2026","passed","Mon Sep 28 13:53:00 UTC 2026","testcases.history.HistoryTransferTest","Surefire test","testcases.history.HistoryTransferTest","historyManualTransferTest"
"Resend Google Authenticator Menggunakan HTTP Method PATCH","4773","resendOtpGoogleWithPatchMethod","Surefire suite","Mon Sep 28 12:40:24 UTC 2026","passed","Mon Sep 28 12:40:29 UTC 2026","testcases.backoffice.googleauth.ResendOtpGoogleTest","Surefire test","testcases.backoffice.googleauth.ResendOtpGoogleTest","resendOtpGoogleWithPatchMethod"
"Get List Google Authenticator Ke Path yang Tidak Ada (Typo)","5343","listOtpGoogleWithWrongPath","Surefire suite","Mon Sep 28 12:45:15 UTC 2026","passed","Mon Sep 28 12:45:20 UTC 2026","testcases.backoffice.googleauth.ListOtpGoogleTest","Surefire test","testcases.backoffice.googleauth.ListOtpGoogleTest","listOtpGoogleWithWrongPath"
"Mutasi USDT Transfer","20081","mutasiUSDTTransfer","Surefire suite","Mon Sep 28 14:19:57 UTC 2026","failed","Mon Sep 28 14:20:17 UTC 2026","testcases.mutasi.MutasiTransferTest","Surefire test","testcases.mutasi.MutasiTransferTest","mutasiUSDTTransfer"
"Get List Google Authenticator Menggunakan Login Customer Service","4703","listOtpGoogleWithCSLogin","Surefire suite","Mon Sep 28 12:42:29 UTC 2026","passed","Mon Sep 28 12:42:34 UTC 2026","testcases.backoffice.googleauth.ListOtpGoogleTest","Surefire test","testcases.backoffice.googleauth.ListOtpGoogleTest","listOtpGoogleWithCSLogin"
"Resend Google Authenticator Dengan Header Authorization Tanpa Skema Bearer","1928","resendOtpGoogleWithMalformedAuthorizationHeader","Surefire suite","Mon Sep 28 12:39:09 UTC 2026","passed","Mon Sep 28 12:39:11 UTC 2026","testcases.backoffice.googleauth.ResendOtpGoogleTest","Surefire test","testcases.backoffice.googleauth.ResendOtpGoogleTest","resendOtpGoogleWithMalformedAuthorizationHeader"
"List Waiting Company Backoffice Dengan Body Berupa JSON Array ([])","4868","listWaitingCompanyWithArrayBody","Surefire suite","Mon Sep 28 12:33:20 UTC 2026","passed","Mon Sep 28 12:33:25 UTC 2026","testcases.backoffice.ListWaitingCompanyTest","Surefire test","testcases.backoffice.ListWaitingCompanyTest","listWaitingCompanyWithArrayBody"
"Success Login Group","4022","testLoginGroup","Surefire suite","Mon Sep 28 11:53:22 UTC 2026","passed","Mon Sep 28 11:53:26 UTC 2026","testcases.auth.LoginTest","Surefire test","testcases.auth.LoginTest","testLoginGroup"
"Get Detail User Backoffice Dengan User Id yang Tidak Ada","5043","getUsersWithNonExistentId","Surefire suite","Mon Sep 28 12:46:25 UTC 2026","passed","Mon Sep 28 12:46:30 UTC 2026","testcases.backoffice.users.ListUsersTest","Surefire test","testcases.backoffice.users.ListUsersTest","getUsersWithNonExistentId"
"Created Favorite Account Dengan Body JSON Tidak Valid (Malformed)","2885","createdFavoriteAccountWithMalformedJson","Surefire suite","Mon Sep 28 12:34:14 UTC 2026","passed","Mon Sep 28 12:34:17 UTC 2026","testcases.settings.favoriteaccount.CreatedFavoriteAccountTest","Surefire test","testcases.settings.favoriteaccount.CreatedFavoriteAccountTest","createdFavoriteAccountWithMalformedJson"
"Get History USDT Transfer Merchant on Login CS Admin","13881","historyUSDTTransferMerchantTestCSAdmin","Surefire suite","Mon Sep 28 13:58:55 UTC 2026","passed","Mon Sep 28 13:59:08 UTC 2026","testcases.history.HistoryTransferTest","Surefire test","testcases.history.HistoryTransferTest","historyUSDTTransferMerchantTestCSAdmin"
"Add Merchant From CS Admin","5746","addCompanyCsAdmin","Surefire suite","Mon Sep 28 11:54:04 UTC 2026","passed","Mon Sep 28 11:54:10 UTC 2026","testcases.backoffice.AddCompanyTest","Surefire test","testcases.backoffice.AddCompanyTest","addCompanyCsAdmin"
"Get List Favorite Account Dengan Header companyId Salah","1547","getListFavoriteAccountWithWrongCompanyIdHeader","Surefire suite","Mon Sep 28 14:28:38 UTC 2026","passed","Mon Sep 28 14:28:40 UTC 2026","testcases.settings.favoriteaccount.GetListFavoriteAccountTest","Surefire test","testcases.settings.favoriteaccount.GetListFavoriteAccountTest","getListFavoriteAccountWithWrongCompanyIdHeader"
"List Manage Settlement Backoffice Dengan Field Tidak Dikenal pada Body","4972","listManageSettlementWithUnknownField","Surefire suite","Mon Sep 28 12:44:59 UTC 2026","failed","Mon Sep 28 12:45:04 UTC 2026","testcases.backoffice.settlement.ManageSettlementTest","Surefire test","testcases.backoffice.settlement.ManageSettlementTest","listManageSettlementWithUnknownField"
"Mutasi Transfer CS","15733","mutasiTransferCS","Surefire suite","Mon Sep 28 14:18:24 UTC 2026","passed","Mon Sep 28 14:18:39 UTC 2026","testcases.mutasi.MutasiTransferTest","Surefire test","testcases.mutasi.MutasiTransferTest","mutasiTransferCS"
"Get History QR Admin Success Paid","12545","historyQRTestPaidAdmin","Surefire suite","Mon Sep 28 12:51:33 UTC 2026","broken","Mon Sep 28 12:51:46 UTC 2026","testcases.history.HistoryQRTest","Surefire test","testcases.history.HistoryQRTest","historyQRTestPaidAdmin"
"List Company Backoffice Menggunakan Login Marketing","4793","listCompanyWithMarketingLogin","Surefire suite","Mon Sep 28 12:40:45 UTC 2026","passed","Mon Sep 28 12:40:50 UTC 2026","testcases.backoffice.ListCompanyTest","Surefire test","testcases.backoffice.ListCompanyTest","listCompanyWithMarketingLogin"
"Delete Manage Settlement BO Dengan Format id Tidak Valid (Bukan ObjectId)","4611","deleteManageSettlementWithMalformedId","Surefire suite","Mon Sep 28 12:00:42 UTC 2026","passed","Mon Sep 28 12:00:46 UTC 2026","testcases.backoffice.settlement.DeleteManageSettlementTest","Surefire test","testcases.backoffice.settlement.DeleteManageSettlementTest","deleteManageSettlementWithMalformedId"
"List User Backoffice Menggunakan Login CS Admin","5967","listUsersWithCSAdminLogin","Surefire suite","Mon Sep 28 12:46:55 UTC 2026","passed","Mon Sep 28 12:47:01 UTC 2026","testcases.backoffice.users.ListUsersTest","Surefire test","testcases.backoffice.users.ListUsersTest","listUsersWithCSAdminLogin"
"Get List Group Company BO","4647","getListGroupCompanyBO","Surefire suite","Mon Sep 28 11:55:50 UTC 2026","passed","Mon Sep 28 11:55:54 UTC 2026","testcases.backoffice.settlement.GetListGroupCompanyTest","Surefire test","testcases.backoffice.settlement.GetListGroupCompanyTest","getListGroupCompanyBO"
"Get Detail Waiting Company Backoffice Dengan Id Sangat Panjang (10.000 karakter)","4850","getDetailWaitingCompanyWithOverlongId","Surefire suite","Mon Sep 28 12:27:24 UTC 2026","passed","Mon Sep 28 12:27:28 UTC 2026","testcases.backoffice.GetDetailWaitingCompanyTest","Surefire test","testcases.backoffice.GetDetailWaitingCompanyTest","getDetailWaitingCompanyWithOverlongId"
"Inquiry Favorite Account Dengan Body JSON Tidak Valid (Malformed)","1561","inquiryFavoriteAccountWithMalformedJson","Surefire suite","Mon Sep 28 12:36:20 UTC 2026","passed","Mon Sep 28 12:36:22 UTC 2026","testcases.settings.favoriteaccount.InquiryFavoriteAccountTest","Surefire test","testcases.settings.favoriteaccount.InquiryFavoriteAccountTest","inquiryFavoriteAccountWithMalformedJson"
"Login Merchant tanpa Parameter Password","3215","testLoginMissingPasswordParam","Surefire suite","Mon Sep 28 11:54:27 UTC 2026","passed","Mon Sep 28 11:54:30 UTC 2026","testcases.auth.LoginTest","Surefire test","testcases.auth.LoginTest","testLoginMissingPasswordParam"
"Transfer Success Admin Crypto with before and after Balanced","10568","transferBalanceAdminCrypto","Surefire suite","Mon Sep 28 11:54:51 UTC 2026","passed","Mon Sep 28 11:55:01 UTC 2026","testcases.transfer.TransferTest","Surefire test","testcases.transfer.TransferTest","transferBalanceAdminCrypto"
"Get List Favorite Account Dengan Body Kosong ({})","3819","getListFavoriteAccountWithEmptyBody","Surefire suite","Mon Sep 28 14:27:16 UTC 2026","passed","Mon Sep 28 14:27:20 UTC 2026","testcases.settings.favoriteaccount.GetListFavoriteAccountTest","Surefire test","testcases.settings.favoriteaccount.GetListFavoriteAccountTest","getListFavoriteAccountWithEmptyBody"
"","4999","listUSDT","Surefire suite","Mon Sep 28 11:52:54 UTC 2026","passed","Mon Sep 28 11:52:59 UTC 2026","testcases.backoffice.ListTransferTest","Surefire test","testcases.backoffice.ListTransferTest","listUSDT"
"Delete Favorite Account Dengan id String Kosong","1820","deleteFavoriteAccountWithEmptyId","Surefire suite","Mon Sep 28 11:55:58 UTC 2026","failed","Mon Sep 28 11:56:00 UTC 2026","testcases.settings.favoriteaccount.DeleteFavoriteAccountTest","Surefire test","testcases.settings.favoriteaccount.DeleteFavoriteAccountTest","deleteFavoriteAccountWithEmptyId"
"Get List Google Authenticator Dengan Ukuran Halaman Sangat Besar","6738","listOtpGoogleWithHugeSize","Surefire suite","Mon Sep 28 12:43:04 UTC 2026","passed","Mon Sep 28 12:43:11 UTC 2026","testcases.backoffice.googleauth.ListOtpGoogleTest","Surefire test","testcases.backoffice.googleauth.ListOtpGoogleTest","listOtpGoogleWithHugeSize"
"Get List Group Company BO Dengan groupName Berisi Spasi","4989","getListGroupCompanyWithWhitespaceGroupName","Surefire suite","Mon Sep 28 11:58:23 UTC 2026","passed","Mon Sep 28 11:58:28 UTC 2026","testcases.backoffice.settlement.GetListGroupCompanyTest","Surefire test","testcases.backoffice.settlement.GetListGroupCompanyTest","getListGroupCompanyWithWhitespaceGroupName"
"List Manage Settlement Backoffice Dengan Body JSON Tidak Valid (Malformed)","4710","listManageSettlementWithMalformedJson","Surefire suite","Mon Sep 28 12:43:39 UTC 2026","passed","Mon Sep 28 12:43:44 UTC 2026","testcases.backoffice.settlement.ManageSettlementTest","Surefire test","testcases.backoffice.settlement.ManageSettlementTest","listManageSettlementWithMalformedJson"
"Add Currency CS Admin Path Dengan rate Nol","1591","addCurrencyWithZeroRate","Surefire suite","Mon Sep 28 13:40:23 UTC 2026","passed","Mon Sep 28 13:40:24 UTC 2026","testcases.backoffice.currency.AddCurrencyTest","Surefire test","testcases.backoffice.currency.AddCurrencyTest","addCurrencyWithZeroRate"
"Add Whitelist Ip User CS Admin","9313","addWhitelistIpUserCsAdmin","Surefire suite","Mon Sep 28 11:53:35 UTC 2026","passed","Mon Sep 28 11:53:44 UTC 2026","testcases.backoffice.users.EditUserTest","Surefire test","testcases.backoffice.users.EditUserTest","addWhitelistIpUserCsAdmin"
"Get History Flop Transfer Supervisor on Login CS Admin","13777","historyFlopTransferSupervisorTestCSAdmin","Surefire suite","Mon Sep 28 13:50:27 UTC 2026","passed","Mon Sep 28 13:50:41 UTC 2026","testcases.history.HistoryTransferTest","Surefire test","testcases.history.HistoryTransferTest","historyFlopTransferSupervisorTestCSAdmin"
"Create Manage Settlement BO Dengan groupName Kosong","4590","addManageSettlementWithEmptyGroupName","Surefire suite","Mon Sep 28 12:04:14 UTC 2026","passed","Mon Sep 28 12:04:18 UTC 2026","testcases.backoffice.settlement.AddManageSettlementTest","Surefire test","testcases.backoffice.settlement.AddManageSettlementTest","addManageSettlementWithEmptyGroupName"
"Get List Group Backoffice Dengan Token Tidak Valid","1499","getListGroupWithInvalidToken","Surefire suite","Mon Sep 28 12:11:46 UTC 2026","passed","Mon Sep 28 12:11:48 UTC 2026","testcases.backoffice.group.GetListGroupTest","Surefire test","testcases.backoffice.group.GetListGroupTest","getListGroupWithInvalidToken"
"Get Group Backoffice Dengan Token Tidak Valid","1826","getGroupWithInvalidToken","Surefire suite","Mon Sep 28 12:30:27 UTC 2026","passed","Mon Sep 28 12:30:29 UTC 2026","testcases.backoffice.GetDashboardTest","Surefire test","testcases.backoffice.GetDashboardTest","getGroupWithInvalidToken"
"Add Group Backoffice Dengan Body Berupa Literal null","1520","addGroupWithNullLiteralBody","Surefire suite","Mon Sep 28 12:24:20 UTC 2026","passed","Mon Sep 28 12:24:21 UTC 2026","testcases.backoffice.group.AddGroupTest","Surefire test","testcases.backoffice.group.AddGroupTest","addGroupWithNullLiteralBody"
"Add Currency CS Admin Path Menggunakan Login Customer Service","4958","addCurrencyWithCSLogin","Surefire suite","Mon Sep 28 13:37:46 UTC 2026","passed","Mon Sep 28 13:37:51 UTC 2026","testcases.backoffice.currency.AddCurrencyTest","Surefire test","testcases.backoffice.currency.AddCurrencyTest","addCurrencyWithCSLogin"
"Delete Favorite Account Dengan id Sangat Panjang","1779","deleteFavoriteAccountWithVeryLongId","Surefire suite","Mon Sep 28 11:57:10 UTC 2026","failed","Mon Sep 28 11:57:12 UTC 2026","testcases.settings.favoriteaccount.DeleteFavoriteAccountTest","Surefire test","testcases.settings.favoriteaccount.DeleteFavoriteAccountTest","deleteFavoriteAccountWithVeryLongId"
"Refund Summary Dengan Rentang Tanggal Sangat Lebar","1757","getRefundWithHugeRange","Surefire suite","Mon Sep 28 12:36:49 UTC 2026","passed","Mon Sep 28 12:36:51 UTC 2026","testcases.backoffice.refund.GetRefundTest","Surefire test","testcases.backoffice.refund.GetRefundTest","getRefundWithHugeRange"
"Get List Favorite Account Dengan page Negatif","1954","getListFavoriteAccountWithNegativePage","Surefire suite","Mon Sep 28 14:27:48 UTC 2026","passed","Mon Sep 28 14:27:50 UTC 2026","testcases.settings.favoriteaccount.GetListFavoriteAccountTest","Surefire test","testcases.settings.favoriteaccount.GetListFavoriteAccountTest","getListFavoriteAccountWithNegativePage"
"Get Balance Merchant with Login Admin","5672","getBalanceAdmin","Surefire suite","Mon Sep 28 11:54:08 UTC 2026","passed","Mon Sep 28 11:54:13 UTC 2026","testcases.balance.GetBalanceQrisTest","Surefire test","testcases.balance.GetBalanceQrisTest","getBalanceAdmin"
"Get Group Detail Backoffice Tanpa Group Id (Path Kosong)","4949","getGroupDetailWithEmptyId","Surefire suite","Mon Sep 28 12:14:23 UTC 2026","passed","Mon Sep 28 12:14:28 UTC 2026","testcases.backoffice.group.GetGroupTest","Surefire test","testcases.backoffice.group.GetGroupTest","getGroupDetailWithEmptyId"
"List Waiting Company Backoffice Dengan Content-Type text/plain","4946","listWaitingCompanyWithWrongContentType","Surefire suite","Mon Sep 28 12:35:12 UTC 2026","passed","Mon Sep 28 12:35:17 UTC 2026","testcases.backoffice.ListWaitingCompanyTest","Surefire test","testcases.backoffice.ListWaitingCompanyTest","listWaitingCompanyWithWrongContentType"
"Get List Favorite Account Dengan Body Berupa Literal null","1827","getListFavoriteAccountWithNullLiteralBody","Surefire suite","Mon Sep 28 14:27:58 UTC 2026","passed","Mon Sep 28 14:27:59 UTC 2026","testcases.settings.favoriteaccount.GetListFavoriteAccountTest","Surefire test","testcases.settings.favoriteaccount.GetListFavoriteAccountTest","getListFavoriteAccountWithNullLiteralBody"
"Get Notification Sender Dengan Header Authorization Tanpa Skema Bearer","1517","getNotificationSenderWithMalformedAuthorizationHeader","Surefire suite","Mon Sep 28 12:34:43 UTC 2026","passed","Mon Sep 28 12:34:44 UTC 2026","testcases.backoffice.notifsender.NotificationSenderTest","Surefire test","testcases.backoffice.notifsender.NotificationSenderTest","getNotificationSenderWithMalformedAuthorizationHeader"
"Inquiry Test Special Transfer Merchant Supervisor","4783","inquirySpecialTransferSupervisor","Surefire suite","Mon Sep 28 11:53:32 UTC 2026","passed","Mon Sep 28 11:53:37 UTC 2026","testcases.transfer.InquirySpecialTransferTest","Surefire test","testcases.transfer.InquirySpecialTransferTest","inquirySpecialTransferSupervisor"
"Created Favorite Account Tanpa Field pin","1470","createdFavoriteAccountWithoutPinField","Surefire suite","Mon Sep 28 12:35:25 UTC 2026","failed","Mon Sep 28 12:35:26 UTC 2026","testcases.settings.favoriteaccount.CreatedFavoriteAccountTest","Surefire test","testcases.settings.favoriteaccount.CreatedFavoriteAccountTest","createdFavoriteAccountWithoutPinField"
"Add Currency CS Admin Path Dengan Field rate Bernilai null","1571","addCurrencyWithNullRate","Surefire suite","Mon Sep 28 13:39:25 UTC 2026","passed","Mon Sep 28 13:39:26 UTC 2026","testcases.backoffice.currency.AddCurrencyTest","Surefire test","testcases.backoffice.currency.AddCurrencyTest","addCurrencyWithNullRate"
"List Currency USDT Dengan Content-Type text/plain","1489","getCurrencyWithWrongContentType","Surefire suite","Mon Sep 28 12:09:59 UTC 2026","passed","Mon Sep 28 12:10:00 UTC 2026","testcases.backoffice.currency.GetCurrencyTest","Surefire test","testcases.backoffice.currency.GetCurrencyTest","getCurrencyWithWrongContentType"
"Get Notification Sender Menggunakan Login Supervisor","4899","getNotificationSenderWithSupervisorLogin","Surefire suite","Mon Sep 28 12:36:27 UTC 2026","passed","Mon Sep 28 12:36:32 UTC 2026","testcases.backoffice.notifsender.NotificationSenderTest","Surefire test","testcases.backoffice.notifsender.NotificationSenderTest","getNotificationSenderWithSupervisorLogin"
"List Manage Settlement Backoffice Menggunakan Login Merchant","4862","listManageSettlementWithMerchantLogin","Surefire suite","Mon Sep 28 12:44:03 UTC 2026","passed","Mon Sep 28 12:44:08 UTC 2026","testcases.backoffice.settlement.ManageSettlementTest","Surefire test","testcases.backoffice.settlement.ManageSettlementTest","listManageSettlementWithMerchantLogin"
"Get List Group Company BO Menggunakan Login CS Admin","4982","getListGroupCompanyWithCSAdminLogin","Surefire suite","Mon Sep 28 11:56:13 UTC 2026","passed","Mon Sep 28 11:56:18 UTC 2026","testcases.backoffice.settlement.GetListGroupCompanyTest","Surefire test","testcases.backoffice.settlement.GetListGroupCompanyTest","getListGroupCompanyWithCSAdminLogin"
"Get Notification Sender Menggunakan Login Marketing","5149","getNotificationSenderWithMarketingLogin","Surefire suite","Mon Sep 28 12:35:03 UTC 2026","passed","Mon Sep 28 12:35:08 UTC 2026","testcases.backoffice.notifsender.NotificationSenderTest","Surefire test","testcases.backoffice.notifsender.NotificationSenderTest","getNotificationSenderWithMarketingLogin"
"Get Dashboard Backoffice Dengan Token Tidak Valid","1810","getDashboardWithInvalidToken","Surefire suite","Mon Sep 28 12:29:33 UTC 2026","passed","Mon Sep 28 12:29:35 UTC 2026","testcases.backoffice.GetDashboardTest","Surefire test","testcases.backoffice.GetDashboardTest","getDashboardWithInvalidToken"
"Get List Group Backoffice Dengan Token Kadaluarsa","1486","getListGroupWithExpiredToken","Surefire suite","Mon Sep 28 12:11:33 UTC 2026","passed","Mon Sep 28 12:11:34 UTC 2026","testcases.backoffice.group.GetListGroupTest","Surefire test","testcases.backoffice.group.GetListGroupTest","getListGroupWithExpiredToken"
"Delete Group Backoffice Dengan Field Tidak Dikenal pada Body","1536","deleteGroupWithUnknownField","Surefire suite","Mon Sep 28 12:19:56 UTC 2026","passed","Mon Sep 28 12:19:58 UTC 2026","testcases.backoffice.group.DeleteGroupTest","Surefire test","testcases.backoffice.group.DeleteGroupTest","deleteGroupWithUnknownField"
"List Waiting Company Backoffice Dengan Body JSON Tidak Valid (Malformed)","4671","listWaitingCompanyWithMalformedJson","Surefire suite","Mon Sep 28 12:34:25 UTC 2026","passed","Mon Sep 28 12:34:30 UTC 2026","testcases.backoffice.ListWaitingCompanyTest","Surefire test","testcases.backoffice.ListWaitingCompanyTest","listWaitingCompanyWithMalformedJson"
"Inquiry Favorite Account Dengan Field Tidak Dikenal pada Body","1806","inquiryFavoriteAccountWithUnknownField","Surefire suite","Mon Sep 28 12:36:48 UTC 2026","passed","Mon Sep 28 12:36:50 UTC 2026","testcases.settings.favoriteaccount.InquiryFavoriteAccountTest","Surefire test","testcases.settings.favoriteaccount.InquiryFavoriteAccountTest","inquiryFavoriteAccountWithUnknownField"
"Create Manage Settlement BO Tanpa Body Sama Sekali","4583","addManageSettlementWithoutBody","Surefire suite","Mon Sep 28 12:06:50 UTC 2026","passed","Mon Sep 28 12:06:54 UTC 2026","testcases.backoffice.settlement.AddManageSettlementTest","Surefire test","testcases.backoffice.settlement.AddManageSettlementTest","addManageSettlementWithoutBody"
"Mutasi Transfer Supervisor","15245","mutasiTransferSupervisor","Surefire suite","Mon Sep 28 14:18:42 UTC 2026","passed","Mon Sep 28 14:18:58 UTC 2026","testcases.mutasi.MutasiTransferTest","Surefire test","testcases.mutasi.MutasiTransferTest","mutasiTransferSupervisor"
"List Manage Settlement Backoffice Menggunakan Login Supervisor","4606","listManageSettlementWithSupervisorLogin","Surefire suite","Mon Sep 28 12:44:51 UTC 2026","passed","Mon Sep 28 12:44:56 UTC 2026","testcases.backoffice.settlement.ManageSettlementTest","Surefire test","testcases.backoffice.settlement.ManageSettlementTest","listManageSettlementWithSupervisorLogin"
"Delete Google Authenticator Tanpa id (Path Kosong)","5070","deleteOtpGoogleWithEmptyId","Surefire suite","Mon Sep 28 11:53:24 UTC 2026","passed","Mon Sep 28 11:53:29 UTC 2026","testcases.backoffice.googleauth.DeleteOtpGoogleTest","Surefire test","testcases.backoffice.googleauth.DeleteOtpGoogleTest","deleteOtpGoogleWithEmptyId"
"Get List Group Company BO Dengan Token Tidak Valid","1487","getListGroupCompanyWithInvalidToken","Surefire suite","Mon Sep 28 11:56:56 UTC 2026","passed","Mon Sep 28 11:56:58 UTC 2026","testcases.backoffice.settlement.GetListGroupCompanyTest","Surefire test","testcases.backoffice.settlement.GetListGroupCompanyTest","getListGroupCompanyWithInvalidToken"
"Get Notification Sender Dengan Token Tidak Valid","1407","getNotificationSenderWithInvalidToken","Surefire suite","Mon Sep 28 12:34:38 UTC 2026","passed","Mon Sep 28 12:34:40 UTC 2026","testcases.backoffice.notifsender.NotificationSenderTest","Surefire test","testcases.backoffice.notifsender.NotificationSenderTest","getNotificationSenderWithInvalidToken"
"Get List Group Backoffice Dengan size Negatif","1617","getListGroupWithNegativeSize","Surefire suite","Mon Sep 28 12:12:20 UTC 2026","passed","Mon Sep 28 12:12:22 UTC 2026","testcases.backoffice.group.GetListGroupTest","Surefire test","testcases.backoffice.group.GetListGroupTest","getListGroupWithNegativeSize"
"Get History USDT Transfer Test Supervisor","16709","historyUSDTTransferTestSupervisor","Surefire suite","Mon Sep 28 14:00:50 UTC 2026","failed","Mon Sep 28 14:01:07 UTC 2026","testcases.history.HistoryTransferTest","Surefire test","testcases.history.HistoryTransferTest","historyUSDTTransferTestSupervisor"
"Add Group Backoffice Dengan Body Kosong ({})","1560","addGroupWithEmptyBody","Surefire suite","Mon Sep 28 12:23:02 UTC 2026","passed","Mon Sep 28 12:23:04 UTC 2026","testcases.backoffice.group.AddGroupTest","Surefire test","testcases.backoffice.group.AddGroupTest","addGroupWithEmptyBody"
"Create Manage Settlement BO Menggunakan Login Merchant","4963","addManageSettlementWithMerchantLogin","Surefire suite","Mon Sep 28 12:05:13 UTC 2026","passed","Mon Sep 28 12:05:18 UTC 2026","testcases.backoffice.settlement.AddManageSettlementTest","Surefire test","testcases.backoffice.settlement.AddManageSettlementTest","addManageSettlementWithMerchantLogin"
"Get Detail Waiting Company Backoffice Menggunakan HTTP Method PUT","4912","getDetailWaitingCompanyWithPutMethod","Surefire suite","Mon Sep 28 12:27:48 UTC 2026","passed","Mon Sep 28 12:27:52 UTC 2026","testcases.backoffice.GetDetailWaitingCompanyTest","Surefire test","testcases.backoffice.GetDetailWaitingCompanyTest","getDetailWaitingCompanyWithPutMethod"
"Delete Group Backoffice Dengan Token Tidak Valid","1546","deleteGroupWithInvalidToken","Surefire suite","Mon Sep 28 12:18:31 UTC 2026","passed","Mon Sep 28 12:18:33 UTC 2026","testcases.backoffice.group.DeleteGroupTest","Surefire test","testcases.backoffice.group.DeleteGroupTest","deleteGroupWithInvalidToken"
"Get Detail User Backoffice Tanpa Login/Header Auth","1436","getUsersWithoutAuth","Surefire suite","Mon Sep 28 12:46:33 UTC 2026","passed","Mon Sep 28 12:46:35 UTC 2026","testcases.backoffice.users.ListUsersTest","Surefire test","testcases.backoffice.users.ListUsersTest","getUsersWithoutAuth"
"Get List Group Backoffice Dengan Body Kosong ({})","1477","getListGroupWithEmptyBody","Surefire suite","Mon Sep 28 12:11:24 UTC 2026","passed","Mon Sep 28 12:11:25 UTC 2026","testcases.backoffice.group.GetListGroupTest","Surefire test","testcases.backoffice.group.GetListGroupTest","getListGroupWithEmptyBody"
"Refund Summary Tanpa Field startDate","1857","getRefundWithoutStartDate","Surefire suite","Mon Sep 28 12:39:06 UTC 2026","passed","Mon Sep 28 12:39:08 UTC 2026","testcases.backoffice.refund.GetRefundTest","Surefire test","testcases.backoffice.refund.GetRefundTest","getRefundWithoutStartDate"
"Delete Favorite Account Dengan pin String Kosong","1749","deleteFavoriteAccountWithEmptyPin","Surefire suite","Mon Sep 28 11:56:03 UTC 2026","passed","Mon Sep 28 11:56:05 UTC 2026","testcases.settings.favoriteaccount.DeleteFavoriteAccountTest","Surefire test","testcases.settings.favoriteaccount.DeleteFavoriteAccountTest","deleteFavoriteAccountWithEmptyPin"
"Created Favorite Account Dengan Body Kosong ({})","1774","createdFavoriteAccountWithEmptyBody","Surefire suite","Mon Sep 28 12:33:41 UTC 2026","passed","Mon Sep 28 12:33:43 UTC 2026","testcases.settings.favoriteaccount.CreatedFavoriteAccountTest","Surefire test","testcases.settings.favoriteaccount.CreatedFavoriteAccountTest","createdFavoriteAccountWithEmptyBody"
"Normal Manual Transfer Success with Account Supervisor","10481","manualTransferSupervisor","Surefire suite","Mon Sep 28 11:57:27 UTC 2026","passed","Mon Sep 28 11:57:37 UTC 2026","testcases.transfer.ManualTransferTest","Surefire test","testcases.transfer.ManualTransferTest","manualTransferSupervisor"
"List Company Backoffice Menggunakan Login CS Admin","4654","listCompanyWithCSAdminLogin","Surefire suite","Mon Sep 28 12:39:39 UTC 2026","passed","Mon Sep 28 12:39:43 UTC 2026","testcases.backoffice.ListCompanyTest","Surefire test","testcases.backoffice.ListCompanyTest","listCompanyWithCSAdminLogin"
"Delete Group Backoffice Menggunakan HTTP Method GET","1451","deleteGroupWithGetMethod","Surefire suite","Mon Sep 28 12:18:18 UTC 2026","passed","Mon Sep 28 12:18:19 UTC 2026","testcases.backoffice.group.DeleteGroupTest","Surefire test","testcases.backoffice.group.DeleteGroupTest","deleteGroupWithGetMethod"
"List Currency USDT Dengan Token Backoffice Valid Tapi Tanpa Header pbyv","1757","getCurrencyWithoutPbyvHeader","Surefire suite","Mon Sep 28 12:10:27 UTC 2026","passed","Mon Sep 28 12:10:29 UTC 2026","testcases.backoffice.currency.GetCurrencyTest","Surefire test","testcases.backoffice.currency.GetCurrencyTest","getCurrencyWithoutPbyvHeader"
"List Currency USDT Menggunakan HTTP Method PATCH","2354","getCurrencyWithPatchMethod","Surefire suite","Mon Sep 28 12:09:31 UTC 2026","passed","Mon Sep 28 12:09:34 UTC 2026","testcases.backoffice.currency.GetCurrencyTest","Surefire test","testcases.backoffice.currency.GetCurrencyTest","getCurrencyWithPatchMethod"
"Created Favorite Account Customer Service","12681","createdFavoriteAccountCS","Surefire suite","Mon Sep 28 13:01:53 UTC 2026","passed","Mon Sep 28 13:02:05 UTC 2026","testcases.settings.favoriteaccount.CreatedFavoriteAccountTest","Surefire test","testcases.settings.favoriteaccount.CreatedFavoriteAccountTest","createdFavoriteAccountCS"
"Delete Favorite Account Dengan Header credentialId Salah","41953","deleteFavoriteAccountWithWrongCredentialIdHeader","Surefire suite","Mon Sep 28 11:58:05 UTC 2026","failed","Mon Sep 28 11:58:47 UTC 2026","testcases.settings.favoriteaccount.DeleteFavoriteAccountTest","Surefire test","testcases.settings.favoriteaccount.DeleteFavoriteAccountTest","deleteFavoriteAccountWithWrongCredentialIdHeader"
"Normal Special Transfer Success Admin Crypto","6865","specialTransferAdminCrypto","Surefire suite","Mon Sep 28 11:55:04 UTC 2026","passed","Mon Sep 28 11:55:11 UTC 2026","testcases.transfer.SpecialTransferTest","Surefire test","testcases.transfer.SpecialTransferTest","specialTransferAdminCrypto"
"Get Group Detail Backoffice Menggunakan HTTP Method PUT","4856","getGroupDetailWithPutMethod","Surefire suite","Mon Sep 28 12:15:55 UTC 2026","passed","Mon Sep 28 12:16:00 UTC 2026","testcases.backoffice.group.GetGroupTest","Surefire test","testcases.backoffice.group.GetGroupTest","getGroupDetailWithPutMethod"
"Get History Special Transfer Test","15059","historySpecialTransferTest","Surefire suite","Mon Sep 28 13:55:26 UTC 2026","passed","Mon Sep 28 13:55:41 UTC 2026","testcases.history.HistoryTransferTest","Surefire test","testcases.history.HistoryTransferTest","historySpecialTransferTest"
"List Currency USDT Dengan Header Authorization Tanpa Skema Bearer","1457","getCurrencyWithMalformedAuthorizationHeader","Surefire suite","Mon Sep 28 12:08:52 UTC 2026","passed","Mon Sep 28 12:08:54 UTC 2026","testcases.backoffice.currency.GetCurrencyTest","Surefire test","testcases.backoffice.currency.GetCurrencyTest","getCurrencyWithMalformedAuthorizationHeader"
"Delete Manage Settlement BO Dengan id Berisi Spasi","4751","deleteManageSettlementWithWhitespaceId","Surefire suite","Mon Sep 28 12:01:58 UTC 2026","passed","Mon Sep 28 12:02:03 UTC 2026","testcases.backoffice.settlement.DeleteManageSettlementTest","Surefire test","testcases.backoffice.settlement.DeleteManageSettlementTest","deleteManageSettlementWithWhitespaceId"
"Get Group Backoffice Menggunakan Login Merchant","6233","getGroupWithMerchantLogin","Surefire suite","Mon Sep 28 12:30:32 UTC 2026","passed","Mon Sep 28 12:30:38 UTC 2026","testcases.backoffice.GetDashboardTest","Surefire test","testcases.backoffice.GetDashboardTest","getGroupWithMerchantLogin"
"Get History Manual Transfer Test Admin","15344","historyManualTransferTestAdmin","Surefire suite","Mon Sep 28 13:53:03 UTC 2026","passed","Mon Sep 28 13:53:18 UTC 2026","testcases.history.HistoryTransferTest","Surefire test","testcases.history.HistoryTransferTest","historyManualTransferTestAdmin"
"Get List Group Company BO Menggunakan Login Supervisor","4599","getListGroupCompanyWithSupervisorLogin","Surefire suite","Mon Sep 28 11:58:15 UTC 2026","passed","Mon Sep 28 11:58:20 UTC 2026","testcases.backoffice.settlement.GetListGroupCompanyTest","Surefire test","testcases.backoffice.settlement.GetListGroupCompanyTest","getListGroupCompanyWithSupervisorLogin"
"List Manage Settlement Backoffice Menggunakan HTTP Method GET","4760","listManageSettlementWithGetMethod","Surefire suite","Mon Sep 28 12:42:59 UTC 2026","passed","Mon Sep 28 12:43:04 UTC 2026","testcases.backoffice.settlement.ManageSettlementTest","Surefire test","testcases.backoffice.settlement.ManageSettlementTest","listManageSettlementWithGetMethod"
"Get Notification Sender Tanpa Login/Header Auth","1511","getNotificationSenderWithoutAuth","Surefire suite","Mon Sep 28 12:37:08 UTC 2026","passed","Mon Sep 28 12:37:09 UTC 2026","testcases.backoffice.notifsender.NotificationSenderTest","Surefire test","testcases.backoffice.notifsender.NotificationSenderTest","getNotificationSenderWithoutAuth"
"Reset Pin Group","9625","resetPinGroup","Surefire suite","Mon Sep 28 11:52:45 UTC 2026","passed","Mon Sep 28 11:52:54 UTC 2026","testcases.settings.ResetPinTest","Surefire test","testcases.settings.ResetPinTest","resetPinGroup"
"Create Manage Settlement BO Dengan Header Authorization Tanpa Skema Bearer","1413","addManageSettlementWithMalformedAuthorizationHeader","Surefire suite","Mon Sep 28 12:04:46 UTC 2026","passed","Mon Sep 28 12:04:47 UTC 2026","testcases.backoffice.settlement.AddManageSettlementTest","Surefire test","testcases.backoffice.settlement.AddManageSettlementTest","addManageSettlementWithMalformedAuthorizationHeader"
"Mutasi Special Transfer Supervisor CS","27351","mutasiSpecialTransferSupervisorCS","Surefire suite","Mon Sep 28 14:16:33 UTC 2026","passed","Mon Sep 28 14:17:01 UTC 2026","testcases.mutasi.MutasiTransferTest","Surefire test","testcases.mutasi.MutasiTransferTest","mutasiSpecialTransferSupervisorCS"
"Create Manage Settlement BO Dengan companyId Duplikat (Sudah Terdaftar)","10537","addManageSettlementWithDuplicateCompanyId","Surefire suite","Mon Sep 28 12:03:45 UTC 2026","passed","Mon Sep 28 12:03:55 UTC 2026","testcases.backoffice.settlement.AddManageSettlementTest","Surefire test","testcases.backoffice.settlement.AddManageSettlementTest","addManageSettlementWithDuplicateCompanyId"
"Add Currency CS Admin Path Dengan rate Sangat Besar (Overflow)","1626","addCurrencyWithHugeRate","Surefire suite","Mon Sep 28 13:38:27 UTC 2026","passed","Mon Sep 28 13:38:28 UTC 2026","testcases.backoffice.currency.AddCurrencyTest","Surefire test","testcases.backoffice.currency.AddCurrencyTest","addCurrencyWithHugeRate"
"Inquiry Test Manual Transfer Merchant Supervisor","5009","inquiryManualTransferSupervisor","Surefire suite","Mon Sep 28 11:54:17 UTC 2026","passed","Mon Sep 28 11:54:22 UTC 2026","testcases.transfer.InquiryManualTransferTest","Surefire test","testcases.transfer.InquiryManualTransferTest","inquiryManualTransferSupervisor"
"Get Group Detail Backoffice Dengan Token Kadaluarsa","1520","getGroupDetailWithExpiredToken","Surefire suite","Mon Sep 28 12:14:31 UTC 2026","passed","Mon Sep 28 12:14:33 UTC 2026","testcases.backoffice.group.GetGroupTest","Surefire test","testcases.backoffice.group.GetGroupTest","getGroupDetailWithExpiredToken"
"List Manage Settlement Backoffice Dengan Page/Size Negatif","4907","listManageSettlementWithNegativePageSize","Surefire suite","Mon Sep 28 12:44:11 UTC 2026","passed","Mon Sep 28 12:44:16 UTC 2026","testcases.backoffice.settlement.ManageSettlementTest","Surefire test","testcases.backoffice.settlement.ManageSettlementTest","listManageSettlementWithNegativePageSize"
"Request Refund Transfer Waiting Merchant","5904","refundTransferWaitingMerchant","Surefire suite","Mon Sep 28 12:42:12 UTC 2026","passed","Mon Sep 28 12:42:18 UTC 2026","testcases.transfer.RefundTransferTest","Surefire test","testcases.transfer.RefundTransferTest","refundTransferWaitingMerchant"
"Delete Favorite Account Dengan Karakter SQL Injection pada id","1938","deleteFavoriteAccountWithSqlInjectionId","Surefire suite","Mon Sep 28 11:56:58 UTC 2026","failed","Mon Sep 28 11:57:00 UTC 2026","testcases.settings.favoriteaccount.DeleteFavoriteAccountTest","Surefire test","testcases.settings.favoriteaccount.DeleteFavoriteAccountTest","deleteFavoriteAccountWithSqlInjectionId"
"Resend Google Authenticator Dengan Body Berupa Literal null","4886","resendOtpGoogleWithNullLiteralBody","Surefire suite","Mon Sep 28 12:40:00 UTC 2026","passed","Mon Sep 28 12:40:05 UTC 2026","testcases.backoffice.googleauth.ResendOtpGoogleTest","Surefire test","testcases.backoffice.googleauth.ResendOtpGoogleTest","resendOtpGoogleWithNullLiteralBody"
"Get List Google Authenticator Dengan Body Kosong ({})","4595","listOtpGoogleWithEmptyBody","Surefire suite","Mon Sep 28 12:42:45 UTC 2026","passed","Mon Sep 28 12:42:49 UTC 2026","testcases.backoffice.googleauth.ListOtpGoogleTest","Surefire test","testcases.backoffice.googleauth.ListOtpGoogleTest","listOtpGoogleWithEmptyBody"
"Get Detail Waiting Company Backoffice Dengan Header Authorization Tanpa Skema Bearer","1799","getDetailWaitingCompanyWithMalformedAuthorizationHeader","Surefire suite","Mon Sep 28 12:26:45 UTC 2026","passed","Mon Sep 28 12:26:46 UTC 2026","testcases.backoffice.GetDetailWaitingCompanyTest","Surefire test","testcases.backoffice.GetDetailWaitingCompanyTest","getDetailWaitingCompanyWithMalformedAuthorizationHeader"
"Delete Favorite Account Dengan Token Kadaluarsa","1489","deleteFavoriteAccountWithExpiredToken","Surefire suite","Mon Sep 28 11:56:08 UTC 2026","passed","Mon Sep 28 11:56:09 UTC 2026","testcases.settings.favoriteaccount.DeleteFavoriteAccountTest","Surefire test","testcases.settings.favoriteaccount.DeleteFavoriteAccountTest","deleteFavoriteAccountWithExpiredToken"
"List Currency USDT Tanpa Body Sama Sekali","1490","getCurrencyWithoutBody","Surefire suite","Mon Sep 28 12:10:23 UTC 2026","passed","Mon Sep 28 12:10:24 UTC 2026","testcases.backoffice.currency.GetCurrencyTest","Surefire test","testcases.backoffice.currency.GetCurrencyTest","getCurrencyWithoutBody"
"Created Favorite Account Ke Path yang Tidak Ada (Typo)","1574","createdFavoriteAccountWithWrongPath","Surefire suite","Mon Sep 28 12:34:52 UTC 2026","failed","Mon Sep 28 12:34:54 UTC 2026","testcases.settings.favoriteaccount.CreatedFavoriteAccountTest","Surefire test","testcases.settings.favoriteaccount.CreatedFavoriteAccountTest","createdFavoriteAccountWithWrongPath"
"List Company Backoffice Menggunakan Login Admin Crypto","4853","listCompanyWithAdminCryptoLogin","Surefire suite","Mon Sep 28 12:39:23 UTC 2026","passed","Mon Sep 28 12:39:28 UTC 2026","testcases.backoffice.ListCompanyTest","Surefire test","testcases.backoffice.ListCompanyTest","listCompanyWithAdminCryptoLogin"
"Transfer Different Parner Reference Supervisor, Manual Transfer to Transfer","47969","trfPartnerRefManualSpvFailed","Surefire suite","Mon Sep 28 11:54:44 UTC 2026","failed","Mon Sep 28 11:55:32 UTC 2026","testcases.transfer.TransferTest","Surefire test","testcases.transfer.TransferTest","trfPartnerRefManualSpvFailed"
"Create Manage Settlement BO Ke Path yang Tidak Ada (Typo)","4845","addManageSettlementWithWrongPath","Surefire suite","Mon Sep 28 12:06:30 UTC 2026","passed","Mon Sep 28 12:06:35 UTC 2026","testcases.backoffice.settlement.AddManageSettlementTest","Surefire test","testcases.backoffice.settlement.AddManageSettlementTest","addManageSettlementWithWrongPath"
"Inquiry Test Special Transfer Admin Crypto","5004","inquirySpecialTransferAdminCrypto","Surefire suite","Mon Sep 28 11:53:12 UTC 2026","passed","Mon Sep 28 11:53:17 UTC 2026","testcases.transfer.InquirySpecialTransferTest","Surefire test","testcases.transfer.InquirySpecialTransferTest","inquirySpecialTransferAdminCrypto"
"Reset Password Marketing","5161","resetPasswordMarketing","Surefire suite","Mon Sep 28 11:53:13 UTC 2026","passed","Mon Sep 28 11:53:19 UTC 2026","testcases.settings.ResetPasswordTest","Surefire test","testcases.settings.ResetPasswordTest","resetPasswordMarketing"
"List Currency USDT Dengan Payload XSS pada Field Param","1569","getCurrencyWithXssParam","Surefire suite","Mon Sep 28 12:10:14 UTC 2026","passed","Mon Sep 28 12:10:15 UTC 2026","testcases.backoffice.currency.GetCurrencyTest","Surefire test","testcases.backoffice.currency.GetCurrencyTest","getCurrencyWithXssParam"
"Get History Manual Transfer Supervisor on Login CS Admin","13647","historyManualTransferSupervisorTestCSAdmin","Surefire suite","Mon Sep 28 13:52:33 UTC 2026","passed","Mon Sep 28 13:52:46 UTC 2026","testcases.history.HistoryTransferTest","Surefire test","testcases.history.HistoryTransferTest","historyManualTransferSupervisorTestCSAdmin"
"Get List Group Backoffice Menggunakan Login Merchant","5026","getListGroupWithMerchantLogin","Surefire suite","Mon Sep 28 12:12:08 UTC 2026","passed","Mon Sep 28 12:12:13 UTC 2026","testcases.backoffice.group.GetListGroupTest","Surefire test","testcases.backoffice.group.GetListGroupTest","getListGroupWithMerchantLogin"
"Get List Favorite Account Menggunakan HTTP Method PATCH","3806","getListFavoriteAccountWithPatchMethod","Surefire suite","Mon Sep 28 14:28:09 UTC 2026","passed","Mon Sep 28 14:28:13 UTC 2026","testcases.settings.favoriteaccount.GetListFavoriteAccountTest","Surefire test","testcases.settings.favoriteaccount.GetListFavoriteAccountTest","getListFavoriteAccountWithPatchMethod"
"Get History Transfer Supervisor on Login CS Admin","13025","historyTransferSupervisorTestCSAdmin","Surefire suite","Mon Sep 28 13:57:23 UTC 2026","passed","Mon Sep 28 13:57:36 UTC 2026","testcases.history.HistoryTransferTest","Surefire test","testcases.history.HistoryTransferTest","historyTransferSupervisorTestCSAdmin"
"Delete Google Authenticator Tanpa Login/Header Auth","2295","deleteOtpGoogleWithoutAuth","Surefire suite","Mon Sep 28 11:55:37 UTC 2026","passed","Mon Sep 28 11:55:39 UTC 2026","testcases.backoffice.googleauth.DeleteOtpGoogleTest","Surefire test","testcases.backoffice.googleauth.DeleteOtpGoogleTest","deleteOtpGoogleWithoutAuth"
"Get Balance Merchant with Login Marketing","4871","getFailedBalanceMerchantLoginMarketing","Surefire suite","Mon Sep 28 11:53:43 UTC 2026","passed","Mon Sep 28 11:53:48 UTC 2026","testcases.balance.GetBalanceQrisTest","Surefire test","testcases.balance.GetBalanceQrisTest","getFailedBalanceMerchantLoginMarketing"
"Test Get Report Transfer Merchant","5177","getReportBatchAdmin","Surefire suite","Mon Sep 28 11:53:10 UTC 2026","passed","Mon Sep 28 11:53:16 UTC 2026","testcases.report.ReportTransactionTest","Surefire test","testcases.report.ReportTransactionTest","getReportBatchAdmin"
"Get List Google Authenticator Tanpa Login/Header Auth","1489","listOtpGoogleWithoutAuth","Surefire suite","Mon Sep 28 12:45:23 UTC 2026","passed","Mon Sep 28 12:45:25 UTC 2026","testcases.backoffice.googleauth.ListOtpGoogleTest","Surefire test","testcases.backoffice.googleauth.ListOtpGoogleTest","listOtpGoogleWithoutAuth"
"Get History Manual Transfer Test Supervisor","11758","historyManualTransferTestSupervisor","Surefire suite","Mon Sep 28 13:54:20 UTC 2026","passed","Mon Sep 28 13:54:32 UTC 2026","testcases.history.HistoryTransferTest","Surefire test","testcases.history.HistoryTransferTest","historyManualTransferTestSupervisor"
"Edit User Backoffice","9362","editUserBackoffice","Surefire suite","Mon Sep 28 12:28:39 UTC 2026","passed","Mon Sep 28 12:28:48 UTC 2026","testcases.backoffice.users.EditUserTest","Surefire test","testcases.backoffice.users.EditUserTest","editUserBackoffice"
"Delete Manage Settlement BO Menggunakan HTTP Method PUT","4626","deleteManageSettlementWithPutMethod","Surefire suite","Mon Sep 28 12:01:36 UTC 2026","passed","Mon Sep 28 12:01:40 UTC 2026","testcases.backoffice.settlement.DeleteManageSettlementTest","Surefire test","testcases.backoffice.settlement.DeleteManageSettlementTest","deleteManageSettlementWithPutMethod"
"Create Manage Settlement BO Menggunakan HTTP Method GET","4600","addManageSettlementWithGetMethod","Surefire suite","Mon Sep 28 12:04:26 UTC 2026","passed","Mon Sep 28 12:04:30 UTC 2026","testcases.backoffice.settlement.AddManageSettlementTest","Surefire test","testcases.backoffice.settlement.AddManageSettlementTest","addManageSettlementWithGetMethod"
"List Refund Menggunakan Login Merchant","5305","listRefundMarketing","Surefire suite","Mon Sep 28 13:44:27 UTC 2026","passed","Mon Sep 28 13:44:33 UTC 2026","testcases.backoffice.ListRefundTest","Surefire test","testcases.backoffice.ListRefundTest","listRefundMarketing"
"Get List Group Backoffice Dengan Field Tidak Dikenal pada Body","1636","getListGroupWithUnknownField","Surefire suite","Mon Sep 28 12:13:05 UTC 2026","passed","Mon Sep 28 12:13:07 UTC 2026","testcases.backoffice.group.GetListGroupTest","Surefire test","testcases.backoffice.group.GetListGroupTest","getListGroupWithUnknownField"
"Add Group Backoffice Tanpa Body Sama Sekali","1669","addGroupWithoutBody","Surefire suite","Mon Sep 28 12:25:34 UTC 2026","passed","Mon Sep 28 12:25:36 UTC 2026","testcases.backoffice.group.AddGroupTest","Surefire test","testcases.backoffice.group.AddGroupTest","addGroupWithoutBody"
"List User Backoffice Tanpa Login/Header Auth","1487","listUsersWithoutAuth","Surefire suite","Mon Sep 28 12:48:33 UTC 2026","passed","Mon Sep 28 12:48:35 UTC 2026","testcases.backoffice.users.ListUsersTest","Surefire test","testcases.backoffice.users.ListUsersTest","listUsersWithoutAuth"
"Delete Favorite Account Tanpa Login/Header Auth","1524","deleteFavoriteAccountWithoutAuth","Surefire suite","Mon Sep 28 12:00:21 UTC 2026","passed","Mon Sep 28 12:00:22 UTC 2026","testcases.settings.favoriteaccount.DeleteFavoriteAccountTest","Surefire test","testcases.settings.favoriteaccount.DeleteFavoriteAccountTest","deleteFavoriteAccountWithoutAuth"
"Delete Manage Settlement BO Menggunakan HTTP Method PATCH","4490","deleteManageSettlementWithPatchMethod","Surefire suite","Mon Sep 28 12:01:20 UTC 2026","passed","Mon Sep 28 12:01:25 UTC 2026","testcases.backoffice.settlement.DeleteManageSettlementTest","Surefire test","testcases.backoffice.settlement.DeleteManageSettlementTest","deleteManageSettlementWithPatchMethod"
"Get History QR Open Merchant on login CS Admin","16500","historyQROpenMerchantCSAdmin","Surefire suite","Mon Sep 28 12:50:30 UTC 2026","passed","Mon Sep 28 12:50:46 UTC 2026","testcases.history.HistoryQRTest","Surefire test","testcases.history.HistoryQRTest","historyQROpenMerchantCSAdmin"
"Inquiry Favorite Account Dengan Token Tidak Valid","1685","inquiryFavoriteAccountWithInvalidToken","Surefire suite","Mon Sep 28 12:36:11 UTC 2026","passed","Mon Sep 28 12:36:13 UTC 2026","testcases.settings.favoriteaccount.InquiryFavoriteAccountTest","Surefire test","testcases.settings.favoriteaccount.InquiryFavoriteAccountTest","inquiryFavoriteAccountWithInvalidToken"
"Delete Group Backoffice Dengan id Valid Tapi name Tidak Cocok","17088","deleteGroupWithMismatchedName","Surefire suite","Mon Sep 28 12:19:02 UTC 2026","passed","Mon Sep 28 12:19:19 UTC 2026","testcases.backoffice.group.DeleteGroupTest","Surefire test","testcases.backoffice.group.DeleteGroupTest","deleteGroupWithMismatchedName"
"Transfer Different Parner Reference Supervisor, Special Transfer to Transfer","48516","trfPartnerRefSpecialSpvFailed","Surefire suite","Mon Sep 28 11:55:35 UTC 2026","passed","Mon Sep 28 11:56:24 UTC 2026","testcases.transfer.TransferTest","Surefire test","testcases.transfer.TransferTest","trfPartnerRefSpecialSpvFailed"
"Get List Group","4699","getListGroup","Surefire suite","Mon Sep 28 12:10:32 UTC 2026","passed","Mon Sep 28 12:10:37 UTC 2026","testcases.backoffice.group.GetListGroupTest","Surefire test","testcases.backoffice.group.GetListGroupTest","getListGroup"
"List Manage Settlement Backoffice Tanpa Body Sama Sekali","4941","listManageSettlementWithoutBody","Surefire suite","Mon Sep 28 12:45:36 UTC 2026","passed","Mon Sep 28 12:45:41 UTC 2026","testcases.backoffice.settlement.ManageSettlementTest","Surefire test","testcases.backoffice.settlement.ManageSettlementTest","listManageSettlementWithoutBody"
"Test Approve Special Transfer Supervisor dengan check Fee di Admin Fee","32651","approvedSpecialTransferSupervisorBalance","Surefire suite","Mon Sep 28 13:23:49 UTC 2026","passed","Mon Sep 28 13:24:21 UTC 2026","testcases.backoffice.ApprovalTransferTest","Surefire test","testcases.backoffice.ApprovalTransferTest","approvedSpecialTransferSupervisorBalance"
"Resend Google Authenticator Tanpa Login/Header Auth","1424","resendOtpGoogleWithoutAuth","Surefire suite","Mon Sep 28 12:41:31 UTC 2026","passed","Mon Sep 28 12:41:32 UTC 2026","testcases.backoffice.googleauth.ResendOtpGoogleTest","Surefire test","testcases.backoffice.googleauth.ResendOtpGoogleTest","resendOtpGoogleWithoutAuth"
"Add Group Backoffice Dengan name Bertipe Angka (Bukan String)","1506","addGroupWithNumericName","Surefire suite","Mon Sep 28 12:24:29 UTC 2026","passed","Mon Sep 28 12:24:30 UTC 2026","testcases.backoffice.group.AddGroupTest","Surefire test","testcases.backoffice.group.AddGroupTest","addGroupWithNumericName"
"Get History Transfer Test Admin Crypto","9009","historyTransferTestAdminCrypto","Surefire suite","Mon Sep 28 13:58:13 UTC 2026","passed","Mon Sep 28 13:58:22 UTC 2026","testcases.history.HistoryTransferTest","Surefire test","testcases.history.HistoryTransferTest","historyTransferTestAdminCrypto"
"Resend Google Authenticator Dengan Format email Tidak Valid","4656","resendOtpGoogleWithMalformedEmail","Surefire suite","Mon Sep 28 12:39:14 UTC 2026","passed","Mon Sep 28 12:39:18 UTC 2026","testcases.backoffice.googleauth.ResendOtpGoogleTest","Surefire test","testcases.backoffice.googleauth.ResendOtpGoogleTest","resendOtpGoogleWithMalformedEmail"
"List Company Backoffice Dengan Content-Type text/plain","4689","listCompanyWithWrongContentType","Surefire suite","Mon Sep 28 12:41:25 UTC 2026","passed","Mon Sep 28 12:41:30 UTC 2026","testcases.backoffice.ListCompanyTest","Surefire test","testcases.backoffice.ListCompanyTest","listCompanyWithWrongContentType"
"Add Currency CS Admin Path Dengan Body JSON Tidak Valid (Malformed)","1858","addCurrencyWithMalformedJson","Surefire suite","Mon Sep 28 13:38:46 UTC 2026","passed","Mon Sep 28 13:38:48 UTC 2026","testcases.backoffice.currency.AddCurrencyTest","Surefire test","testcases.backoffice.currency.AddCurrencyTest","addCurrencyWithMalformedJson"
"List Manage Settlement Backoffice Menggunakan Login Admin Crypto","5779","listManageSettlementWithAdminCryptoLogin","Surefire suite","Mon Sep 28 12:41:59 UTC 2026","passed","Mon Sep 28 12:42:04 UTC 2026","testcases.backoffice.settlement.ManageSettlementTest","Surefire test","testcases.backoffice.settlement.ManageSettlementTest","listManageSettlementWithAdminCryptoLogin"
"Delete Manage Settlement BO Dengan Header Authorization Tanpa Skema Bearer","1507","deleteManageSettlementWithMalformedAuthorizationHeader","Surefire suite","Mon Sep 28 12:00:37 UTC 2026","passed","Mon Sep 28 12:00:39 UTC 2026","testcases.backoffice.settlement.DeleteManageSettlementTest","Surefire test","testcases.backoffice.settlement.DeleteManageSettlementTest","deleteManageSettlementWithMalformedAuthorizationHeader"
"Get Detail User Backoffice Dengan Format User Id Tidak Valid (Bukan ObjectId)","5784","getUsersWithMalformedId","Surefire suite","Mon Sep 28 12:46:06 UTC 2026","passed","Mon Sep 28 12:46:12 UTC 2026","testcases.backoffice.users.ListUsersTest","Surefire test","testcases.backoffice.users.ListUsersTest","getUsersWithMalformedId"
"Resend Google Authenticator Menggunakan Login Marketing","4876","resendOtpGoogleWithMarketingLogin","Surefire suite","Mon Sep 28 12:39:29 UTC 2026","passed","Mon Sep 28 12:39:34 UTC 2026","testcases.backoffice.googleauth.ResendOtpGoogleTest","Surefire test","testcases.backoffice.googleauth.ResendOtpGoogleTest","resendOtpGoogleWithMarketingLogin"
"Inquiry Test USDT Transfer Merchant Supervisor","5127","inquiryUSDTSupervisor","Surefire suite","Mon Sep 28 11:53:51 UTC 2026","passed","Mon Sep 28 11:53:56 UTC 2026","testcases.transfer.InquiryUSDTTest","Surefire test","testcases.transfer.InquiryUSDTTest","inquiryUSDTSupervisor"
"Delete Group Backoffice Dengan Content-Type text/plain","1396","deleteGroupWithWrongContentType","Surefire suite","Mon Sep 28 12:20:06 UTC 2026","passed","Mon Sep 28 12:20:08 UTC 2026","testcases.backoffice.group.DeleteGroupTest","Surefire test","testcases.backoffice.group.DeleteGroupTest","deleteGroupWithWrongContentType"
"Delete Favorite Account CS","25512","deleteFavoriteAccountCS","Surefire suite","Mon Sep 28 13:11:48 UTC 2026","passed","Mon Sep 28 13:12:13 UTC 2026","testcases.settings.favoriteaccount.DeleteFavoriteAccountTest","Surefire test","testcases.settings.favoriteaccount.DeleteFavoriteAccountTest","deleteFavoriteAccountCS"
"Add Currency CS Admin Path Dengan rate Negatif","4042","addCurrencyWithNegativeRate","Surefire suite","Mon Sep 28 13:39:13 UTC 2026","passed","Mon Sep 28 13:39:17 UTC 2026","testcases.backoffice.currency.AddCurrencyTest","Surefire test","testcases.backoffice.currency.AddCurrencyTest","addCurrencyWithNegativeRate"
"Get List Favorite Account Dengan size 0","2719","getListFavoriteAccountWithZeroSize","Surefire suite","Mon Sep 28 14:28:53 UTC 2026","passed","Mon Sep 28 14:28:56 UTC 2026","testcases.settings.favoriteaccount.GetListFavoriteAccountTest","Surefire test","testcases.settings.favoriteaccount.GetListFavoriteAccountTest","getListFavoriteAccountWithZeroSize"
"Delete Manage Settlement BO Menggunakan Login Supervisor","4547","deleteManageSettlementWithSupervisorLogin","Surefire suite","Mon Sep 28 12:01:51 UTC 2026","passed","Mon Sep 28 12:01:55 UTC 2026","testcases.backoffice.settlement.DeleteManageSettlementTest","Surefire test","testcases.backoffice.settlement.DeleteManageSettlementTest","deleteManageSettlementWithSupervisorLogin"
"Inquiry Favorite Account Menggunakan HTTP Method PUT","1471","inquiryFavoriteAccountWithPutMethod","Surefire suite","Mon Sep 28 12:36:39 UTC 2026","passed","Mon Sep 28 12:36:40 UTC 2026","testcases.settings.favoriteaccount.InquiryFavoriteAccountTest","Surefire test","testcases.settings.favoriteaccount.InquiryFavoriteAccountTest","inquiryFavoriteAccountWithPutMethod"
"Get List Favorite Account Dengan Token Valid Tapi Tanpa Header credentialId","2358","getListFavoriteAccountWithoutCredentialIdHeader","Surefire suite","Mon Sep 28 14:29:09 UTC 2026","passed","Mon Sep 28 14:29:11 UTC 2026","testcases.settings.favoriteaccount.GetListFavoriteAccountTest","Surefire test","testcases.settings.favoriteaccount.GetListFavoriteAccountTest","getListFavoriteAccountWithoutCredentialIdHeader"
"List Company Backoffice Dengan Body Kosong ({})","5283","listCompanyWithEmptyBody","Surefire suite","Mon Sep 28 12:39:46 UTC 2026","passed","Mon Sep 28 12:39:52 UTC 2026","testcases.backoffice.ListCompanyTest","Surefire test","testcases.backoffice.ListCompanyTest","listCompanyWithEmptyBody"
"Delete Manage Settlement BO Dengan Header id Kosong","4855","deleteManageSettlementWithEmptyIdHeader","Surefire suite","Mon Sep 28 12:00:12 UTC 2026","passed","Mon Sep 28 12:00:17 UTC 2026","testcases.backoffice.settlement.DeleteManageSettlementTest","Surefire test","testcases.backoffice.settlement.DeleteManageSettlementTest","deleteManageSettlementWithEmptyIdHeader"
"List Refund Dengan Page/Size Negatif - Menemukan Bug Internal Server Error","5982","listRefundWithNegativePageSize","Surefire suite","Mon Sep 28 13:46:23 UTC 2026","passed","Mon Sep 28 13:46:29 UTC 2026","testcases.backoffice.ListRefundTest","Surefire test","testcases.backoffice.ListRefundTest","listRefundWithNegativePageSize"
"Get Notification Sender Dengan pinValidasi Salah","5135","getNotificationSenderWithWrongPinValidasi","Surefire suite","Mon Sep 28 12:37:00 UTC 2026","passed","Mon Sep 28 12:37:05 UTC 2026","testcases.backoffice.notifsender.NotificationSenderTest","Surefire test","testcases.backoffice.notifsender.NotificationSenderTest","getNotificationSenderWithWrongPinValidasi"
"Transfer Different Partner Reference, Transfer to Manual Transfer","48982","trfPartnerRefTransferFailed","Surefire suite","Mon Sep 28 12:40:03 UTC 2026","passed","Mon Sep 28 12:40:52 UTC 2026","testcases.transfer.ManualTransferTest","Surefire test","testcases.transfer.ManualTransferTest","trfPartnerRefTransferFailed"
"Add Currency CS Admin Path Menggunakan Login Admin Crypto","5483","addCurrencyWithAdminCryptoLogin","Surefire suite","Mon Sep 28 13:37:00 UTC 2026","passed","Mon Sep 28 13:37:05 UTC 2026","testcases.backoffice.currency.AddCurrencyTest","Surefire test","testcases.backoffice.currency.AddCurrencyTest","addCurrencyWithAdminCryptoLogin"
"List Manage Settlement Backoffice Ke Path yang Tidak Ada (Typo)","5308","listManageSettlementWithWrongPath","Surefire suite","Mon Sep 28 12:45:15 UTC 2026","failed","Mon Sep 28 12:45:20 UTC 2026","testcases.backoffice.settlement.ManageSettlementTest","Surefire test","testcases.backoffice.settlement.ManageSettlementTest","listManageSettlementWithWrongPath"
"Get Notification Sender Menggunakan Login Admin Crypto","6377","getNotificationSenderWithAdminCryptoLogin","Surefire suite","Mon Sep 28 12:32:43 UTC 2026","passed","Mon Sep 28 12:32:49 UTC 2026","testcases.backoffice.notifsender.NotificationSenderTest","Surefire test","testcases.backoffice.notifsender.NotificationSenderTest","getNotificationSenderWithAdminCryptoLogin"
"Get History Flop Transfer Merchant on Login CS Admin","17893","historyFlopTransferMerchantTestCSAdmin","Surefire suite","Mon Sep 28 13:50:06 UTC 2026","passed","Mon Sep 28 13:50:24 UTC 2026","testcases.history.HistoryTransferTest","Surefire test","testcases.history.HistoryTransferTest","historyFlopTransferMerchantTestCSAdmin"
"List Currency USDT Dengan Body Kosong ({})","1516","getCurrencyWithEmptyBody","Surefire suite","Mon Sep 28 12:08:20 UTC 2026","passed","Mon Sep 28 12:08:22 UTC 2026","testcases.backoffice.currency.GetCurrencyTest","Surefire test","testcases.backoffice.currency.GetCurrencyTest","getCurrencyWithEmptyBody"
"Success Assignment USDT","16104","assignUSDTTest","Surefire suite","Mon Sep 28 12:46:44 UTC 2026","passed","Mon Sep 28 12:47:00 UTC 2026","testcases.backoffice.TransferAssignmentTest","Surefire test","testcases.backoffice.TransferAssignmentTest","assignUSDTTest"
"Add Currency CS Admin Path Menggunakan Login Backoffice","5212","addCurrencyWithBackofficeLogin","Surefire suite","Mon Sep 28 13:37:33 UTC 2026","passed","Mon Sep 28 13:37:38 UTC 2026","testcases.backoffice.currency.AddCurrencyTest","Surefire test","testcases.backoffice.currency.AddCurrencyTest","addCurrencyWithBackofficeLogin"
"Add Group Backoffice Menggunakan Login Customer Service","4640","addGroupWithCSLogin","Surefire suite","Mon Sep 28 12:21:34 UTC 2026","passed","Mon Sep 28 12:21:38 UTC 2026","testcases.backoffice.group.AddGroupTest","Surefire test","testcases.backoffice.group.AddGroupTest","addGroupWithCSLogin"
"Add Currency CS Admin Path Dengan rate Berupa JSON Object","1761","addCurrencyWithObjectRate","Surefire suite","Mon Sep 28 13:39:29 UTC 2026","passed","Mon Sep 28 13:39:31 UTC 2026","testcases.backoffice.currency.AddCurrencyTest","Surefire test","testcases.backoffice.currency.AddCurrencyTest","addCurrencyWithObjectRate"
"Get Notification Sender Dengan Sort Tanpa Operator '=='","4718","getNotificationSenderWithMalformedSortOperator","Surefire suite","Mon Sep 28 12:34:55 UTC 2026","passed","Mon Sep 28 12:35:00 UTC 2026","testcases.backoffice.notifsender.NotificationSenderTest","Surefire test","testcases.backoffice.notifsender.NotificationSenderTest","getNotificationSenderWithMalformedSortOperator"
"Add Group Backoffice Dengan Body Berupa JSON Array ([])","4840","addGroupWithArrayBody","Surefire suite","Mon Sep 28 12:21:17 UTC 2026","passed","Mon Sep 28 12:21:22 UTC 2026","testcases.backoffice.group.AddGroupTest","Surefire test","testcases.backoffice.group.AddGroupTest","addGroupWithArrayBody"
"List Waiting Company Backoffice Dengan Page/Size Negatif","5133","listWaitingCompanyWithNegativePageSize","Surefire suite","Mon Sep 28 12:34:48 UTC 2026","passed","Mon Sep 28 12:34:53 UTC 2026","testcases.backoffice.ListWaitingCompanyTest","Surefire test","testcases.backoffice.ListWaitingCompanyTest","listWaitingCompanyWithNegativePageSize"
"Add Currency CS Admin Path Menggunakan HTTP Method GET","1862","addCurrencyWithGetMethod","Surefire suite","Mon Sep 28 13:38:22 UTC 2026","passed","Mon Sep 28 13:38:24 UTC 2026","testcases.backoffice.currency.AddCurrencyTest","Surefire test","testcases.backoffice.currency.AddCurrencyTest","addCurrencyWithGetMethod"
"Add Group Backoffice Menggunakan Login CS Admin","5927","addGroupWithCSAdminLogin","Surefire suite","Mon Sep 28 12:21:25 UTC 2026","passed","Mon Sep 28 12:21:31 UTC 2026","testcases.backoffice.group.AddGroupTest","Surefire test","testcases.backoffice.group.AddGroupTest","addGroupWithCSAdminLogin"
"Get List Group Company BO Ke Path yang Tidak Ada (Typo)","4827","getListGroupCompanyWithWrongPath","Surefire suite","Mon Sep 28 11:58:31 UTC 2026","passed","Mon Sep 28 11:58:36 UTC 2026","testcases.backoffice.settlement.GetListGroupCompanyTest","Surefire test","testcases.backoffice.settlement.GetListGroupCompanyTest","getListGroupCompanyWithWrongPath"
"List Currency USDT Dengan Body Berupa JSON Array ([])","4569","getCurrencyWithArrayBody","Surefire suite","Mon Sep 28 12:07:51 UTC 2026","passed","Mon Sep 28 12:07:56 UTC 2026","testcases.backoffice.currency.GetCurrencyTest","Surefire test","testcases.backoffice.currency.GetCurrencyTest","getCurrencyWithArrayBody"
"Created Favorite Account Supervisor","8741","createdFavoriteAccountSupervisor","Surefire suite","Mon Sep 28 13:02:08 UTC 2026","passed","Mon Sep 28 13:02:17 UTC 2026","testcases.settings.favoriteaccount.CreatedFavoriteAccountTest","Surefire test","testcases.settings.favoriteaccount.CreatedFavoriteAccountTest","createdFavoriteAccountSupervisor"
"Created Favorite Account Dengan Header companyId Salah","1763","createdFavoriteAccountWithWrongCompanyIdHeader","Surefire suite","Mon Sep 28 12:34:39 UTC 2026","passed","Mon Sep 28 12:34:40 UTC 2026","testcases.settings.favoriteaccount.CreatedFavoriteAccountTest","Surefire test","testcases.settings.favoriteaccount.CreatedFavoriteAccountTest","createdFavoriteAccountWithWrongCompanyIdHeader"
"Add Currency CS Admin Path Dengan Body Berupa Literal null","1484","addCurrencyWithNullLiteralBody","Surefire suite","Mon Sep 28 13:39:20 UTC 2026","passed","Mon Sep 28 13:39:22 UTC 2026","testcases.backoffice.currency.AddCurrencyTest","Surefire test","testcases.backoffice.currency.AddCurrencyTest","addCurrencyWithNullLiteralBody"
"Inquiry Favorite Account Menggunakan HTTP Method GET","1747","inquiryFavoriteAccountWithGetMethod","Surefire suite","Mon Sep 28 12:36:06 UTC 2026","passed","Mon Sep 28 12:36:08 UTC 2026","testcases.settings.favoriteaccount.InquiryFavoriteAccountTest","Surefire test","testcases.settings.favoriteaccount.InquiryFavoriteAccountTest","inquiryFavoriteAccountWithGetMethod"
"Get History Special Transfer Test Admin","15049","historySpecialTransferTestAdmin","Surefire suite","Mon Sep 28 13:55:44 UTC 2026","passed","Mon Sep 28 13:55:59 UTC 2026","testcases.history.HistoryTransferTest","Surefire test","testcases.history.HistoryTransferTest","historySpecialTransferTestAdmin"
"Create Manage Settlement BO Tanpa Login/Header Auth","1414","addManageSettlementWithoutAuth","Surefire suite","Mon Sep 28 12:06:45 UTC 2026","passed","Mon Sep 28 12:06:47 UTC 2026","testcases.backoffice.settlement.AddManageSettlementTest","Surefire test","testcases.backoffice.settlement.AddManageSettlementTest","addManageSettlementWithoutAuth"
"Get List Group Backoffice Dengan Body Berupa Literal null","1574","getListGroupWithNullLiteralBody","Surefire suite","Mon Sep 28 12:12:25 UTC 2026","passed","Mon Sep 28 12:12:27 UTC 2026","testcases.backoffice.group.GetListGroupTest","Surefire test","testcases.backoffice.group.GetListGroupTest","getListGroupWithNullLiteralBody"
"Generate QR Success with before and after Balance","29156","generateQRBalanceFeeMarketing","Surefire suite","Mon Sep 28 11:53:10 UTC 2026","passed","Mon Sep 28 11:53:39 UTC 2026","testcases.QR.GenerateQRPaidTest","Surefire test","testcases.QR.GenerateQRPaidTest","generateQRBalanceFeeMarketing"
"List Manage Settlement Backoffice Menggunakan Login Admin","4826","listManageSettlementWithAdminLogin","Surefire suite","Mon Sep 28 12:42:07 UTC 2026","passed","Mon Sep 28 12:42:12 UTC 2026","testcases.backoffice.settlement.ManageSettlementTest","Surefire test","testcases.backoffice.settlement.ManageSettlementTest","listManageSettlementWithAdminLogin"
"Get List Favorite Account Dengan Token Kadaluarsa","1705","getListFavoriteAccountWithExpiredToken","Surefire suite","Mon Sep 28 14:27:23 UTC 2026","passed","Mon Sep 28 14:27:24 UTC 2026","testcases.settings.favoriteaccount.GetListFavoriteAccountTest","Surefire test","testcases.settings.favoriteaccount.GetListFavoriteAccountTest","getListFavoriteAccountWithExpiredToken"
"Get Dashboard Backoffice Menggunakan Login Admin","6294","getDashboardWithAdminLogin","Surefire suite","Mon Sep 28 12:29:07 UTC 2026","passed","Mon Sep 28 12:29:13 UTC 2026","testcases.backoffice.GetDashboardTest","Surefire test","testcases.backoffice.GetDashboardTest","getDashboardWithAdminLogin"
"Get List Group Company BO Menggunakan HTTP Method DELETE","4619","getListGroupCompanyWithDeleteMethod","Surefire suite","Mon Sep 28 11:56:29 UTC 2026","passed","Mon Sep 28 11:56:33 UTC 2026","testcases.backoffice.settlement.GetListGroupCompanyTest","Surefire test","testcases.backoffice.settlement.GetListGroupCompanyTest","getListGroupCompanyWithDeleteMethod"
"Get Notification Sender Dengan Tipe Data Salah pada Field limit (String, Bukan Integer)","4997","getNotificationSenderWithInvalidFieldType","Surefire suite","Mon Sep 28 12:34:22 UTC 2026","passed","Mon Sep 28 12:34:27 UTC 2026","testcases.backoffice.notifsender.NotificationSenderTest","Surefire test","testcases.backoffice.notifsender.NotificationSenderTest","getNotificationSenderWithInvalidFieldType"
"Delete session Merchant on Backoffice","4757","deleteSessionBackoffice","Surefire suite","Mon Sep 28 12:28:31 UTC 2026","passed","Mon Sep 28 12:28:36 UTC 2026","testcases.backoffice.users.EditUserTest","Surefire test","testcases.backoffice.users.EditUserTest","deleteSessionBackoffice"
"Create Manage Settlement BO Dengan companyId Valid Secara Format Tapi Tidak Ada","4612","addManageSettlementWithNonExistentCompanyId","Surefire suite","Mon Sep 28 12:05:21 UTC 2026","passed","Mon Sep 28 12:05:26 UTC 2026","testcases.backoffice.settlement.AddManageSettlementTest","Surefire test","testcases.backoffice.settlement.AddManageSettlementTest","addManageSettlementWithNonExistentCompanyId"
"List Company Backoffice Dengan Karakter SQL Injection pada Field Param - Menemukan Bug Gateway Timeout","5060","listCompanyWithSqlInjectionParam","Surefire suite","Mon Sep 28 12:41:08 UTC 2026","passed","Mon Sep 28 12:41:13 UTC 2026","testcases.backoffice.ListCompanyTest","Surefire test","testcases.backoffice.ListCompanyTest","listCompanyWithSqlInjectionParam"
"List Currency USDT Menggunakan Login Admin","4749","getCurrencyWithAdminLogin","Surefire suite","Mon Sep 28 12:07:44 UTC 2026","passed","Mon Sep 28 12:07:48 UTC 2026","testcases.backoffice.currency.GetCurrencyTest","Surefire test","testcases.backoffice.currency.GetCurrencyTest","getCurrencyWithAdminLogin"
"Created Favorite Account Dengan pin Salah","1871","createdFavoriteAccountWithWrongPin","Surefire suite","Mon Sep 28 12:34:57 UTC 2026","failed","Mon Sep 28 12:34:59 UTC 2026","testcases.settings.favoriteaccount.CreatedFavoriteAccountTest","Surefire test","testcases.settings.favoriteaccount.CreatedFavoriteAccountTest","createdFavoriteAccountWithWrongPin"
"Get Group Backoffice Tanpa Login/Header Auth","2605","getGroupWithoutAuth","Surefire suite","Mon Sep 28 12:30:41 UTC 2026","passed","Mon Sep 28 12:30:44 UTC 2026","testcases.backoffice.GetDashboardTest","Surefire test","testcases.backoffice.GetDashboardTest","getGroupWithoutAuth"
"Add Group Backoffice Tanpa Login/Header Auth","1623","addGroupWithoutAuth","Surefire suite","Mon Sep 28 12:25:30 UTC 2026","passed","Mon Sep 28 12:25:31 UTC 2026","testcases.backoffice.group.AddGroupTest","Surefire test","testcases.backoffice.group.AddGroupTest","addGroupWithoutAuth"
"List User Backoffice Dengan Tipe Data Salah pada Field Limit (String, Bukan Integer)","6071","listUsersWithInvalidFieldType","Surefire suite","Mon Sep 28 12:47:20 UTC 2026","passed","Mon Sep 28 12:47:26 UTC 2026","testcases.backoffice.users.ListUsersTest","Surefire test","testcases.backoffice.users.ListUsersTest","listUsersWithInvalidFieldType"
"Refund Summary Dengan Content-Type text/plain","1600","getRefundWithWrongContentType","Surefire suite","Mon Sep 28 12:38:29 UTC 2026","passed","Mon Sep 28 12:38:30 UTC 2026","testcases.backoffice.refund.GetRefundTest","Surefire test","testcases.backoffice.refund.GetRefundTest","getRefundWithWrongContentType"
"Delete Group Backoffice Tanpa Field name","1659","deleteGroupWithoutNameField","Surefire suite","Mon Sep 28 12:20:42 UTC 2026","passed","Mon Sep 28 12:20:43 UTC 2026","testcases.backoffice.group.DeleteGroupTest","Surefire test","testcases.backoffice.group.DeleteGroupTest","deleteGroupWithoutNameField"
"List Waiting Company Backoffice Dengan Token Tidak Valid","1417","listWaitingCompanyWithInvalidToken","Surefire suite","Mon Sep 28 12:34:16 UTC 2026","passed","Mon Sep 28 12:34:18 UTC 2026","testcases.backoffice.ListWaitingCompanyTest","Surefire test","testcases.backoffice.ListWaitingCompanyTest","listWaitingCompanyWithInvalidToken"
"Test Rejected Manual Transfer Supervisor","21701","rejectedCashDepositSupervisor","Surefire suite","Mon Sep 28 13:29:02 UTC 2026","passed","Mon Sep 28 13:29:23 UTC 2026","testcases.backoffice.ApprovalTransferTest","Surefire test","testcases.backoffice.ApprovalTransferTest","rejectedCashDepositSupervisor"
"Get Detail Waiting Company Backoffice Dengan Id Berisi Payload XSS","4955","getDetailWaitingCompanyWithXssId","Surefire suite","Mon Sep 28 12:28:19 UTC 2026","passed","Mon Sep 28 12:28:24 UTC 2026","testcases.backoffice.GetDetailWaitingCompanyTest","Surefire test","testcases.backoffice.GetDetailWaitingCompanyTest","getDetailWaitingCompanyWithXssId"
"Get List Group Backoffice Dengan size Bertipe String","1551","getListGroupWithSizeAsString","Surefire suite","Mon Sep 28 12:12:48 UTC 2026","passed","Mon Sep 28 12:12:50 UTC 2026","testcases.backoffice.group.GetListGroupTest","Surefire test","testcases.backoffice.group.GetListGroupTest","getListGroupWithSizeAsString"
"Create Manage Settlement BO Dengan Body Berupa Literal null","4655","addManageSettlementWithNullLiteralBody","Surefire suite","Mon Sep 28 12:05:36 UTC 2026","passed","Mon Sep 28 12:05:41 UTC 2026","testcases.backoffice.settlement.AddManageSettlementTest","Surefire test","testcases.backoffice.settlement.AddManageSettlementTest","addManageSettlementWithNullLiteralBody"
"Get History QR Supervisor Success Paid","12871","historyQRTestPaidSupervisor","Surefire suite","Mon Sep 28 12:52:04 UTC 2026","passed","Mon Sep 28 12:52:16 UTC 2026","testcases.history.HistoryQRTest","Surefire test","testcases.history.HistoryQRTest","historyQRTestPaidSupervisor"
"List Currency USDT Dengan Page/Size Negatif","1499","getCurrencyWithNegativePageSize","Surefire suite","Mon Sep 28 12:09:22 UTC 2026","passed","Mon Sep 28 12:09:24 UTC 2026","testcases.backoffice.currency.GetCurrencyTest","Surefire test","testcases.backoffice.currency.GetCurrencyTest","getCurrencyWithNegativePageSize"
"List Manage Settlement Backoffice Dengan Payload XSS pada Field Param","5015","listManageSettlementWithXssParam","Surefire suite","Mon Sep 28 12:45:23 UTC 2026","passed","Mon Sep 28 12:45:28 UTC 2026","testcases.backoffice.settlement.ManageSettlementTest","Surefire test","testcases.backoffice.settlement.ManageSettlementTest","listManageSettlementWithXssParam"
"Get History Manual Transfer Test CS","27037","historyManualTransferTestCS","Surefire suite","Mon Sep 28 13:53:34 UTC 2026","passed","Mon Sep 28 13:54:01 UTC 2026","testcases.history.HistoryTransferTest","Surefire test","testcases.history.HistoryTransferTest","historyManualTransferTestCS"
"Inquiry Test USDT Transfer Admin Crypto","5126","inquiryUSDTAdminCrypto","Surefire suite","Mon Sep 28 11:53:20 UTC 2026","passed","Mon Sep 28 11:53:25 UTC 2026","testcases.transfer.InquiryUSDTTest","Surefire test","testcases.transfer.InquiryUSDTTest","inquiryUSDTAdminCrypto"
"Generate QR Success with Fee Admin","33536","generateQRBalanceFeeAdmin","Surefire suite","Mon Sep 28 11:52:34 UTC 2026","passed","Mon Sep 28 11:53:07 UTC 2026","testcases.QR.GenerateQRPaidTest","Surefire test","testcases.QR.GenerateQRPaidTest","generateQRBalanceFeeAdmin"
"Get Notification Sender Dengan Body Berupa Literal null","4753","getNotificationSenderWithNullLiteralBody","Surefire suite","Mon Sep 28 12:35:27 UTC 2026","passed","Mon Sep 28 12:35:31 UTC 2026","testcases.backoffice.notifsender.NotificationSenderTest","Surefire test","testcases.backoffice.notifsender.NotificationSenderTest","getNotificationSenderWithNullLiteralBody"
"List Currency USDT Dengan Field Tidak Dikenal pada Body","1674","getCurrencyWithUnknownField","Surefire suite","Mon Sep 28 12:09:54 UTC 2026","passed","Mon Sep 28 12:09:56 UTC 2026","testcases.backoffice.currency.GetCurrencyTest","Surefire test","testcases.backoffice.currency.GetCurrencyTest","getCurrencyWithUnknownField"
"Get List Group Backoffice Dengan Body Berupa JSON Array ([])","4648","getListGroupWithArrayBody","Surefire suite","Mon Sep 28 12:10:56 UTC 2026","passed","Mon Sep 28 12:11:00 UTC 2026","testcases.backoffice.group.GetListGroupTest","Surefire test","testcases.backoffice.group.GetListGroupTest","getListGroupWithArrayBody"
"Mutasi Transfer Supervisor CS","15046","mutasiTransferSupervisorCS","Surefire suite","Mon Sep 28 14:19:39 UTC 2026","passed","Mon Sep 28 14:19:54 UTC 2026","testcases.mutasi.MutasiTransferTest","Surefire test","testcases.mutasi.MutasiTransferTest","mutasiTransferSupervisorCS"
"Refund Summary Dengan startDate Hanya Tanggal (Tanpa Waktu/Zona)","1692","getRefundWithDateOnlyFormat","Surefire suite","Mon Sep 28 12:36:21 UTC 2026","passed","Mon Sep 28 12:36:23 UTC 2026","testcases.backoffice.refund.GetRefundTest","Surefire test","testcases.backoffice.refund.GetRefundTest","getRefundWithDateOnlyFormat"
"Add Group Backoffice Dengan feeBankPercent Negatif","1836","addGroupWithNegativeFee","Surefire suite","Mon Sep 28 12:24:15 UTC 2026","passed","Mon Sep 28 12:24:17 UTC 2026","testcases.backoffice.group.AddGroupTest","Surefire test","testcases.backoffice.group.AddGroupTest","addGroupWithNegativeFee"
"List User Backoffice Dengan Ukuran Halaman Sangat Besar","5477","listUsersWithHugeSize","Surefire suite","Mon Sep 28 12:47:12 UTC 2026","failed","Mon Sep 28 12:47:17 UTC 2026","testcases.backoffice.users.ListUsersTest","Surefire test","testcases.backoffice.users.ListUsersTest","listUsersWithHugeSize"
"Delete Google Authenticator Dengan Token Backoffice Valid Tapi Tanpa Header pbyv","4462","deleteOtpGoogleWithoutPbyvHeader","Surefire suite","Mon Sep 28 11:55:42 UTC 2026","passed","Mon Sep 28 11:55:47 UTC 2026","testcases.backoffice.googleauth.DeleteOtpGoogleTest","Surefire test","testcases.backoffice.googleauth.DeleteOtpGoogleTest","deleteOtpGoogleWithoutPbyvHeader"
"Delete Google Authenticator Dengan Format id Tidak Valid (Bukan ObjectId)","5260","deleteOtpGoogleWithMalformedId","Surefire suite","Mon Sep 28 11:53:53 UTC 2026","passed","Mon Sep 28 11:53:58 UTC 2026","testcases.backoffice.googleauth.DeleteOtpGoogleTest","Surefire test","testcases.backoffice.googleauth.DeleteOtpGoogleTest","deleteOtpGoogleWithMalformedId"
"Create Manage Settlement BO Menggunakan Login Customer Service","4645","addManageSettlementWithCSLogin","Surefire suite","Mon Sep 28 12:03:30 UTC 2026","passed","Mon Sep 28 12:03:34 UTC 2026","testcases.backoffice.settlement.AddManageSettlementTest","Surefire test","testcases.backoffice.settlement.AddManageSettlementTest","addManageSettlementWithCSLogin"
"Normal Flop Supervisor Transfer Success","7564","flopTransferSupervisor","Surefire suite","Mon Sep 28 11:53:40 UTC 2026","passed","Mon Sep 28 11:53:48 UTC 2026","testcases.transfer.TransferFlopTest","Surefire test","testcases.transfer.TransferFlopTest","flopTransferSupervisor"
"Add Currency CS Admin Path Menggunakan Login Merchant","6312","addCurrencyWithMerchantLogin","Surefire suite","Mon Sep 28 13:38:59 UTC 2026","passed","Mon Sep 28 13:39:05 UTC 2026","testcases.backoffice.currency.AddCurrencyTest","Surefire test","testcases.backoffice.currency.AddCurrencyTest","addCurrencyWithMerchantLogin"
"Get Group Detail Backoffice Dengan Group Id yang Tidak Ada","4601","getGroupDetailWithNonExistentId","Surefire suite","Mon Sep 28 12:15:24 UTC 2026","passed","Mon Sep 28 12:15:29 UTC 2026","testcases.backoffice.group.GetGroupTest","Surefire test","testcases.backoffice.group.GetGroupTest","getGroupDetailWithNonExistentId"
"Add Group Backoffice Menggunakan HTTP Method PUT","2072","addGroupWithPutMethod","Surefire suite","Mon Sep 28 12:24:38 UTC 2026","passed","Mon Sep 28 12:24:40 UTC 2026","testcases.backoffice.group.AddGroupTest","Surefire test","testcases.backoffice.group.AddGroupTest","addGroupWithPutMethod"
"Add Currency CS Admin Path Dengan Header powis Salah","1669","addCurrencyWithWrongPowisHeader","Surefire suite","Mon Sep 28 13:40:18 UTC 2026","passed","Mon Sep 28 13:40:20 UTC 2026","testcases.backoffice.currency.AddCurrencyTest","Surefire test","testcases.backoffice.currency.AddCurrencyTest","addCurrencyWithWrongPowisHeader"
"List Waiting Company Backoffice Menggunakan Login CS Admin","4821","listWaitingCompanyWithCSAdminLogin","Surefire suite","Mon Sep 28 12:33:28 UTC 2026","passed","Mon Sep 28 12:33:33 UTC 2026","testcases.backoffice.ListWaitingCompanyTest","Surefire test","testcases.backoffice.ListWaitingCompanyTest","listWaitingCompanyWithCSAdminLogin"
"Delete Group Backoffice Menggunakan HTTP Method DELETE","1470","deleteGroupWithDeleteMethod","Surefire suite","Mon Sep 28 12:17:55 UTC 2026","passed","Mon Sep 28 12:17:56 UTC 2026","testcases.backoffice.group.DeleteGroupTest","Surefire test","testcases.backoffice.group.DeleteGroupTest","deleteGroupWithDeleteMethod"
"Delete Group Backoffice yang Sama Dipanggil Dua Kali (Sudah Terhapus)","20691","deleteGroupAlreadyDeleted","Surefire suite","Mon Sep 28 12:16:39 UTC 2026","passed","Mon Sep 28 12:16:59 UTC 2026","testcases.backoffice.group.DeleteGroupTest","Surefire test","testcases.backoffice.group.DeleteGroupTest","deleteGroupAlreadyDeleted"
"Delete Group Backoffice Dengan Body Kosong ({})","1642","deleteGroupWithEmptyBody","Surefire suite","Mon Sep 28 12:17:59 UTC 2026","passed","Mon Sep 28 12:18:01 UTC 2026","testcases.backoffice.group.DeleteGroupTest","Surefire test","testcases.backoffice.group.DeleteGroupTest","deleteGroupWithEmptyBody"
"Delete Favorite Account Dengan Field Tidak Dikenal pada Body","3402","deleteFavoriteAccountWithUnknownField","Surefire suite","Mon Sep 28 11:57:03 UTC 2026","passed","Mon Sep 28 11:57:07 UTC 2026","testcases.settings.favoriteaccount.DeleteFavoriteAccountTest","Surefire test","testcases.settings.favoriteaccount.DeleteFavoriteAccountTest","deleteFavoriteAccountWithUnknownField"
"Get List Google Authenticator Dengan Field Tidak Dikenal pada Body","4997","listOtpGoogleWithUnknownField","Surefire suite","Mon Sep 28 12:44:59 UTC 2026","passed","Mon Sep 28 12:45:04 UTC 2026","testcases.backoffice.googleauth.ListOtpGoogleTest","Surefire test","testcases.backoffice.googleauth.ListOtpGoogleTest","listOtpGoogleWithUnknownField"
"Success Login Admin","3628","testLoginAdmin","Surefire suite","Mon Sep 28 11:52:56 UTC 2026","passed","Mon Sep 28 11:52:59 UTC 2026","testcases.auth.LoginTest","Surefire test","testcases.auth.LoginTest","testLoginAdmin"
"Refund Summary Tanpa Field type","1515","getRefundWithoutType","Surefire suite","Mon Sep 28 12:39:11 UTC 2026","passed","Mon Sep 28 12:39:12 UTC 2026","testcases.backoffice.refund.GetRefundTest","Surefire test","testcases.backoffice.refund.GetRefundTest","getRefundWithoutType"
"Delete Google Authenticator","5143","deleteOtpGoogleBO","Surefire suite","Mon Sep 28 11:52:36 UTC 2026","passed","Mon Sep 28 11:52:41 UTC 2026","testcases.backoffice.googleauth.DeleteOtpGoogleTest","Surefire test","testcases.backoffice.googleauth.DeleteOtpGoogleTest","deleteOtpGoogleBO"
"Inquiry Favorite Account Menggunakan HTTP Method DELETE","1641","inquiryFavoriteAccountWithDeleteMethod","Surefire suite","Mon Sep 28 12:35:45 UTC 2026","passed","Mon Sep 28 12:35:47 UTC 2026","testcases.settings.favoriteaccount.InquiryFavoriteAccountTest","Surefire test","testcases.settings.favoriteaccount.InquiryFavoriteAccountTest","inquiryFavoriteAccountWithDeleteMethod"
"Delete Google Authenticator Menggunakan HTTP Method PUT","4550","deleteOtpGoogleWithPutMethod","Surefire suite","Mon Sep 28 11:54:50 UTC 2026","passed","Mon Sep 28 11:54:54 UTC 2026","testcases.backoffice.googleauth.DeleteOtpGoogleTest","Surefire test","testcases.backoffice.googleauth.DeleteOtpGoogleTest","deleteOtpGoogleWithPutMethod"
"Login Backoffice dengan Password Salah","5910","testLoginBackofficeWrongPassword","Surefire suite","Mon Sep 28 12:32:54 UTC 2026","passed","Mon Sep 28 12:33:00 UTC 2026","testcases.auth.LoginTest","Surefire test","testcases.auth.LoginTest","testLoginBackofficeWrongPassword"
"Test Get Bank Statement","4943","getReportBankStatementAdmin","Surefire suite","Mon Sep 28 11:53:02 UTC 2026","passed","Mon Sep 28 11:53:07 UTC 2026","testcases.report.ReportTransactionTest","Surefire test","testcases.report.ReportTransactionTest","getReportBankStatementAdmin"
"Inquiry Test Special Transfer Merchant","5075","inquirySpecialTransfer","Surefire suite","Mon Sep 28 12:06:51 UTC 2026","passed","Mon Sep 28 12:06:56 UTC 2026","testcases.transfer.InquirySpecialTransferTest","Surefire test","testcases.transfer.InquirySpecialTransferTest","inquirySpecialTransfer"
"Get List Group Company BO Dengan Token Kadaluarsa","1608","getListGroupCompanyWithExpiredToken","Surefire suite","Mon Sep 28 11:56:52 UTC 2026","passed","Mon Sep 28 11:56:53 UTC 2026","testcases.backoffice.settlement.GetListGroupCompanyTest","Surefire test","testcases.backoffice.settlement.GetListGroupCompanyTest","getListGroupCompanyWithExpiredToken"
"Normal Manual Transfer Success Admin Crypto","6695","manualTransferAdminCrypto","Surefire suite","Mon Sep 28 11:55:28 UTC 2026","passed","Mon Sep 28 11:55:35 UTC 2026","testcases.transfer.ManualTransferTest","Surefire test","testcases.transfer.ManualTransferTest","manualTransferAdminCrypto"
"Get Detail Waiting Company Backoffice Menggunakan Login Merchant","5107","getDetailWaitingCompanyWithMerchantLogin","Surefire suite","Mon Sep 28 12:27:05 UTC 2026","passed","Mon Sep 28 12:27:11 UTC 2026","testcases.backoffice.GetDetailWaitingCompanyTest","Surefire test","testcases.backoffice.GetDetailWaitingCompanyTest","getDetailWaitingCompanyWithMerchantLogin"
"Created Favorite Account Dengan Token Kadaluarsa","1569","createdFavoriteAccountWithExpiredToken","Surefire suite","Mon Sep 28 12:33:52 UTC 2026","passed","Mon Sep 28 12:33:53 UTC 2026","testcases.settings.favoriteaccount.CreatedFavoriteAccountTest","Surefire test","testcases.settings.favoriteaccount.CreatedFavoriteAccountTest","createdFavoriteAccountWithExpiredToken"
"List Waiting Company Backoffice Menggunakan HTTP Method GET","4897","listWaitingCompanyWithGetMethod","Surefire suite","Mon Sep 28 12:33:44 UTC 2026","passed","Mon Sep 28 12:33:49 UTC 2026","testcases.backoffice.ListWaitingCompanyTest","Surefire test","testcases.backoffice.ListWaitingCompanyTest","listWaitingCompanyWithGetMethod"
"List Manage Settlement Backoffice","4654","listManageSettlementTest","Surefire suite","Mon Sep 28 12:41:51 UTC 2026","passed","Mon Sep 28 12:41:56 UTC 2026","testcases.backoffice.settlement.ManageSettlementTest","Surefire test","testcases.backoffice.settlement.ManageSettlementTest","listManageSettlementTest"
"Get List Google Authenticator Dengan Body Berupa JSON Array ([])","4791","listOtpGoogleWithArrayBody","Surefire suite","Mon Sep 28 12:42:13 UTC 2026","passed","Mon Sep 28 12:42:17 UTC 2026","testcases.backoffice.googleauth.ListOtpGoogleTest","Surefire test","testcases.backoffice.googleauth.ListOtpGoogleTest","listOtpGoogleWithArrayBody"
"Get History Transfer Test","16024","historyTransferTest","Surefire suite","Mon Sep 28 13:57:39 UTC 2026","passed","Mon Sep 28 13:57:55 UTC 2026","testcases.history.HistoryTransferTest","Surefire test","testcases.history.HistoryTransferTest","historyTransferTest"
"Inquiry Favorite Account Dengan Karakter SQL Injection pada beneficiaryAccountNo","1671","inquiryFavoriteAccountWithSqlInjectionAccountNo","Surefire suite","Mon Sep 28 12:36:43 UTC 2026","passed","Mon Sep 28 12:36:45 UTC 2026","testcases.settings.favoriteaccount.InquiryFavoriteAccountTest","Surefire test","testcases.settings.favoriteaccount.InquiryFavoriteAccountTest","inquiryFavoriteAccountWithSqlInjectionAccountNo"
"Reset Pin Backoffice","5370","resetPinBackoffice","Surefire suite","Mon Sep 28 12:47:03 UTC 2026","passed","Mon Sep 28 12:47:08 UTC 2026","testcases.settings.ResetPinTest","Surefire test","testcases.settings.ResetPinTest","resetPinBackoffice"
"Add Currency CS Admin Path Dengan rate Berupa JSON Array","2337","addCurrencyWithArrayRate","Surefire suite","Mon Sep 28 13:37:28 UTC 2026","passed","Mon Sep 28 13:37:30 UTC 2026","testcases.backoffice.currency.AddCurrencyTest","Surefire test","testcases.backoffice.currency.AddCurrencyTest","addCurrencyWithArrayRate"
"Success Login Admin Crypto","3513","testLoginAdminCrypto","Surefire suite","Mon Sep 28 11:56:06 UTC 2026","passed","Mon Sep 28 11:56:10 UTC 2026","testcases.auth.LoginTest","Surefire test","testcases.auth.LoginTest","testLoginAdminCrypto"
"Delete Manage Settlement BO Menggunakan Login Merchant","4943","deleteManageSettlementWithMerchantLogin","Surefire suite","Mon Sep 28 12:00:57 UTC 2026","passed","Mon Sep 28 12:01:02 UTC 2026","testcases.backoffice.settlement.DeleteManageSettlementTest","Surefire test","testcases.backoffice.settlement.DeleteManageSettlementTest","deleteManageSettlementWithMerchantLogin"
"Get Notification Sender Ke Path yang Tidak Ada (Typo)","5233","getNotificationSenderWithWrongPath","Surefire suite","Mon Sep 28 12:36:51 UTC 2026","passed","Mon Sep 28 12:36:57 UTC 2026","testcases.backoffice.notifsender.NotificationSenderTest","Surefire test","testcases.backoffice.notifsender.NotificationSenderTest","getNotificationSenderWithWrongPath"
"Get Notification Sender Dengan pinValidasi Berisi Karakter SQL Injection","5823","getNotificationSenderWithSqlInjectionPinValidasi","Surefire suite","Mon Sep 28 12:36:18 UTC 2026","passed","Mon Sep 28 12:36:24 UTC 2026","testcases.backoffice.notifsender.NotificationSenderTest","Surefire test","testcases.backoffice.notifsender.NotificationSenderTest","getNotificationSenderWithSqlInjectionPinValidasi"
"List Manage Settlement Backoffice Menggunakan HTTP Method DELETE","4948","listManageSettlementWithDeleteMethod","Surefire suite","Mon Sep 28 12:42:39 UTC 2026","passed","Mon Sep 28 12:42:44 UTC 2026","testcases.backoffice.settlement.ManageSettlementTest","Surefire test","testcases.backoffice.settlement.ManageSettlementTest","listManageSettlementWithDeleteMethod"
"Resend Google Authenticator Menggunakan HTTP Method DELETE","5652","resendOtpGoogleWithDeleteMethod","Surefire suite","Mon Sep 28 12:38:27 UTC 2026","passed","Mon Sep 28 12:38:32 UTC 2026","testcases.backoffice.googleauth.ResendOtpGoogleTest","Surefire test","testcases.backoffice.googleauth.ResendOtpGoogleTest","resendOtpGoogleWithDeleteMethod"
"Create Manage Settlement BO Dengan Token Kadaluarsa","1412","addManageSettlementWithExpiredToken","Surefire suite","Mon Sep 28 12:04:21 UTC 2026","passed","Mon Sep 28 12:04:23 UTC 2026","testcases.backoffice.settlement.AddManageSettlementTest","Surefire test","testcases.backoffice.settlement.AddManageSettlementTest","addManageSettlementWithExpiredToken"
"Refund Summary Dengan Body Berupa Literal null","1490","getRefundWithNullLiteralBody","Surefire suite","Mon Sep 28 12:37:37 UTC 2026","passed","Mon Sep 28 12:37:38 UTC 2026","testcases.backoffice.refund.GetRefundTest","Surefire test","testcases.backoffice.refund.GetRefundTest","getRefundWithNullLiteralBody"
"Get List Google Authenticator Menggunakan Login Admin","5349","listOtpGoogleWithAdminLogin","Surefire suite","Mon Sep 28 12:42:04 UTC 2026","passed","Mon Sep 28 12:42:10 UTC 2026","testcases.backoffice.googleauth.ListOtpGoogleTest","Surefire test","testcases.backoffice.googleauth.ListOtpGoogleTest","listOtpGoogleWithAdminLogin"
"List User Backoffice Dengan Token Tidak Valid","1551","listUsersWithInvalidToken","Surefire suite","Mon Sep 28 12:47:39 UTC 2026","passed","Mon Sep 28 12:47:40 UTC 2026","testcases.backoffice.users.ListUsersTest","Surefire test","testcases.backoffice.users.ListUsersTest","listUsersWithInvalidToken"
"List Waiting Company Backoffice Menggunakan Login Marketing","4453","listWaitingCompanyWithMarketingLogin","Surefire suite","Mon Sep 28 12:34:33 UTC 2026","passed","Mon Sep 28 12:34:37 UTC 2026","testcases.backoffice.ListWaitingCompanyTest","Surefire test","testcases.backoffice.ListWaitingCompanyTest","listWaitingCompanyWithMarketingLogin"
"Get List Favorite Account Supervisor","7543","getListFavoriteAccountSupervisor","Surefire suite","Mon Sep 28 14:26:43 UTC 2026","passed","Mon Sep 28 14:26:51 UTC 2026","testcases.settings.favoriteaccount.GetListFavoriteAccountTest","Surefire test","testcases.settings.favoriteaccount.GetListFavoriteAccountTest","getListFavoriteAccountSupervisor"
"Add Currency CS Admin Path Dengan Body Berupa JSON Array ([])","5923","addCurrencyWithArrayBody","Surefire suite","Mon Sep 28 13:37:19 UTC 2026","passed","Mon Sep 28 13:37:25 UTC 2026","testcases.backoffice.currency.AddCurrencyTest","Surefire test","testcases.backoffice.currency.AddCurrencyTest","addCurrencyWithArrayBody"
"Normal Transfer Success","7846","transfer","Surefire suite","Mon Sep 28 12:11:26 UTC 2026","passed","Mon Sep 28 12:11:34 UTC 2026","testcases.transfer.TransferTest","Surefire test","testcases.transfer.TransferTest","transfer"
"List Refund Dengan Field Sort Merujuk ke Kolom yang Tidak Ada","4977","listRefundWithInvalidSortField","Surefire suite","Mon Sep 28 13:45:46 UTC 2026","passed","Mon Sep 28 13:45:51 UTC 2026","testcases.backoffice.ListRefundTest","Surefire test","testcases.backoffice.ListRefundTest","listRefundWithInvalidSortField"
"Refund Summary Dengan Token Tidak Valid","1532","getRefundWithInvalidToken","Surefire suite","Mon Sep 28 12:37:03 UTC 2026","passed","Mon Sep 28 12:37:04 UTC 2026","testcases.backoffice.refund.GetRefundTest","Surefire test","testcases.backoffice.refund.GetRefundTest","getRefundWithInvalidToken"
"Login Merchant dengan Captcha yang Dipakai Ulang","4470","testLoginReusedCaptcha","Surefire suite","Mon Sep 28 11:54:45 UTC 2026","passed","Mon Sep 28 11:54:50 UTC 2026","testcases.auth.LoginTest","Surefire test","testcases.auth.LoginTest","testLoginReusedCaptcha"
"Delete Group Backoffice Menggunakan Login CS Admin","4763","deleteGroupWithCSAdminLogin","Surefire suite","Mon Sep 28 12:17:39 UTC 2026","passed","Mon Sep 28 12:17:44 UTC 2026","testcases.backoffice.group.DeleteGroupTest","Surefire test","testcases.backoffice.group.DeleteGroupTest","deleteGroupWithCSAdminLogin"
"Add Currency CS Admin Path Dengan Bearer Token Kosong","1524","addCurrencyWithEmptyBearerToken","Surefire suite","Mon Sep 28 13:38:08 UTC 2026","passed","Mon Sep 28 13:38:10 UTC 2026","testcases.backoffice.currency.AddCurrencyTest","Surefire test","testcases.backoffice.currency.AddCurrencyTest","addCurrencyWithEmptyBearerToken"
"Get List Favorite Account Tanpa Login/Header Auth","1859","getListFavoriteAccountWithoutAuth","Surefire suite","Mon Sep 28 14:28:59 UTC 2026","passed","Mon Sep 28 14:29:01 UTC 2026","testcases.settings.favoriteaccount.GetListFavoriteAccountTest","Surefire test","testcases.settings.favoriteaccount.GetListFavoriteAccountTest","getListFavoriteAccountWithoutAuth"
"Get History Refund Test Admin Crypto","7680","historyRefundTestAdminCrypto","Surefire suite","Mon Sep 28 13:54:35 UTC 2026","passed","Mon Sep 28 13:54:42 UTC 2026","testcases.history.HistoryTransferTest","Surefire test","testcases.history.HistoryTransferTest","historyRefundTestAdminCrypto"
"Normal Transfer USDT Balance Success","10329","usdtTransferBalanceAdminCrypto","Surefire suite","Mon Sep 28 11:54:27 UTC 2026","passed","Mon Sep 28 11:54:37 UTC 2026","testcases.transfer.TransferUSDTTest","Surefire test","testcases.transfer.TransferUSDTTest","usdtTransferBalanceAdminCrypto"
"Create Manage Settlement BO Menggunakan HTTP Method DELETE","4468","addManageSettlementWithDeleteMethod","Surefire suite","Mon Sep 28 12:03:37 UTC 2026","passed","Mon Sep 28 12:03:42 UTC 2026","testcases.backoffice.settlement.AddManageSettlementTest","Surefire test","testcases.backoffice.settlement.AddManageSettlementTest","addManageSettlementWithDeleteMethod"
"Delete Favorite Account Dengan id Bertipe Angka (Bukan String)","1806","deleteFavoriteAccountWithIdAsNumber","Surefire suite","Mon Sep 28 11:56:17 UTC 2026","failed","Mon Sep 28 11:56:19 UTC 2026","testcases.settings.favoriteaccount.DeleteFavoriteAccountTest","Surefire test","testcases.settings.favoriteaccount.DeleteFavoriteAccountTest","deleteFavoriteAccountWithIdAsNumber"
"Login Backoffice dengan Username Tidak Terdaftar","3125","testLoginBackofficeNonExistentUsername","Surefire suite","Mon Sep 28 12:32:42 UTC 2026","passed","Mon Sep 28 12:32:45 UTC 2026","testcases.auth.LoginTest","Surefire test","testcases.auth.LoginTest","testLoginBackofficeNonExistentUsername"
"Get List Group Ke Path yang Tidak Ada (Typo)","1683","getListGroupWithWrongPath","Surefire suite","Mon Sep 28 12:13:14 UTC 2026","passed","Mon Sep 28 12:13:16 UTC 2026","testcases.backoffice.group.GetListGroupTest","Surefire test","testcases.backoffice.group.GetListGroupTest","getListGroupWithWrongPath"
"Approval Refund Special Transfer Merchant","19857","approveRefundManualTransferMerchant","Surefire suite","Mon Sep 28 13:18:21 UTC 2026","passed","Mon Sep 28 13:18:41 UTC 2026","testcases.backoffice.ApprovalRefundTest","Surefire test","testcases.backoffice.ApprovalRefundTest","approveRefundManualTransferMerchant"
"Get List Group Backoffice Menggunakan Login Admin","4938","getListGroupWithAdminLogin","Surefire suite","Mon Sep 28 12:10:48 UTC 2026","passed","Mon Sep 28 12:10:53 UTC 2026","testcases.backoffice.group.GetListGroupTest","Surefire test","testcases.backoffice.group.GetListGroupTest","getListGroupWithAdminLogin"
"Get History Flop Transfer Test Admin Crypto","19273","historyFlopTransferTestAdminCrypto","Surefire suite","Mon Sep 28 13:51:21 UTC 2026","passed","Mon Sep 28 13:51:40 UTC 2026","testcases.history.HistoryTransferTest","Surefire test","testcases.history.HistoryTransferTest","historyFlopTransferTestAdminCrypto"
"Add Group Backoffice Dengan name Hanya Spasi","1578","addGroupWithWhitespaceName","Surefire suite","Mon Sep 28 12:25:05 UTC 2026","passed","Mon Sep 28 12:25:07 UTC 2026","testcases.backoffice.group.AddGroupTest","Surefire test","testcases.backoffice.group.AddGroupTest","addGroupWithWhitespaceName"
"Get Group Detail Backoffice Dengan Group Id Berisi Karakter SQL Injection","4744","getGroupDetailWithSqlInjectionId","Surefire suite","Mon Sep 28 12:16:03 UTC 2026","passed","Mon Sep 28 12:16:08 UTC 2026","testcases.backoffice.group.GetGroupTest","Surefire test","testcases.backoffice.group.GetGroupTest","getGroupDetailWithSqlInjectionId"
"List Waiting Company Backoffice Tanpa Login/Header Auth","1589","listWaitingCompanyWithoutAuth","Surefire suite","Mon Sep 28 12:35:20 UTC 2026","passed","Mon Sep 28 12:35:22 UTC 2026","testcases.backoffice.ListWaitingCompanyTest","Surefire test","testcases.backoffice.ListWaitingCompanyTest","listWaitingCompanyWithoutAuth"
"Normal Transfer USDT Success Admin Crypto","6655","usdtTransferAdminCrypto","Surefire suite","Mon Sep 28 11:54:17 UTC 2026","passed","Mon Sep 28 11:54:24 UTC 2026","testcases.transfer.TransferUSDTTest","Surefire test","testcases.transfer.TransferUSDTTest","usdtTransferAdminCrypto"
"Refund Summary Menggunakan Login Admin Crypto","4664","getRefundWithAdminCryptoLogin","Surefire suite","Mon Sep 28 12:35:42 UTC 2026","passed","Mon Sep 28 12:35:46 UTC 2026","testcases.backoffice.refund.GetRefundTest","Surefire test","testcases.backoffice.refund.GetRefundTest","getRefundWithAdminCryptoLogin"
"Add Currency CS Admin Path Menggunakan HTTP Method PATCH","1543","addCurrencyWithPatchMethod","Surefire suite","Mon Sep 28 13:39:34 UTC 2026","passed","Mon Sep 28 13:39:35 UTC 2026","testcases.backoffice.currency.AddCurrencyTest","Surefire test","testcases.backoffice.currency.AddCurrencyTest","addCurrencyWithPatchMethod"
"Mutasi Special Transfer","34727","mutasiSpecialTransfer","Surefire suite","Mon Sep 28 14:11:52 UTC 2026","passed","Mon Sep 28 14:12:27 UTC 2026","testcases.mutasi.MutasiTransferTest","Surefire test","testcases.mutasi.MutasiTransferTest","mutasiSpecialTransfer"
"Delete Manage Settlement BO Dengan Token Backoffice Valid Tapi Tanpa Header pbyv","4802","deleteManageSettlementWithoutPbyvHeader","Surefire suite","Mon Sep 28 12:02:38 UTC 2026","passed","Mon Sep 28 12:02:43 UTC 2026","testcases.backoffice.settlement.DeleteManageSettlementTest","Surefire test","testcases.backoffice.settlement.DeleteManageSettlementTest","deleteManageSettlementWithoutPbyvHeader"
"Mutasi Manual Transfer","38966","mutasiManualTransfer","Surefire suite","Mon Sep 28 14:05:40 UTC 2026","passed","Mon Sep 28 14:06:19 UTC 2026","testcases.mutasi.MutasiTransferTest","Surefire test","testcases.mutasi.MutasiTransferTest","mutasiManualTransfer"
"Resend Google Authenticator Dengan email Sangat Panjang (10.000 karakter)","4933","resendOtpGoogleWithOverlongEmail","Surefire suite","Mon Sep 28 12:40:16 UTC 2026","passed","Mon Sep 28 12:40:21 UTC 2026","testcases.backoffice.googleauth.ResendOtpGoogleTest","Surefire test","testcases.backoffice.googleauth.ResendOtpGoogleTest","resendOtpGoogleWithOverlongEmail"
"List User Backoffice Menggunakan Login Supervisor","4909","listUsersWithSupervisorLogin","Surefire suite","Mon Sep 28 12:48:25 UTC 2026","passed","Mon Sep 28 12:48:30 UTC 2026","testcases.backoffice.users.ListUsersTest","Surefire test","testcases.backoffice.users.ListUsersTest","listUsersWithSupervisorLogin"
"Add Currency CS Admin Path Menggunakan HTTP Method DELETE","1532","addCurrencyWithDeleteMethod","Surefire suite","Mon Sep 28 13:37:59 UTC 2026","passed","Mon Sep 28 13:38:00 UTC 2026","testcases.backoffice.currency.AddCurrencyTest","Surefire test","testcases.backoffice.currency.AddCurrencyTest","addCurrencyWithDeleteMethod"
"Test Approved Manual Transfer Supervisor","32099","approvedCashDepositSupervisor","Surefire suite","Mon Sep 28 13:22:00 UTC 2026","passed","Mon Sep 28 13:22:32 UTC 2026","testcases.backoffice.ApprovalTransferTest","Surefire test","testcases.backoffice.ApprovalTransferTest","approvedCashDepositSupervisor"
"Get List Group Backoffice Dengan enablePage Bertipe String","1576","getListGroupWithEnablePageAsString","Surefire suite","Mon Sep 28 12:11:28 UTC 2026","passed","Mon Sep 28 12:11:30 UTC 2026","testcases.backoffice.group.GetListGroupTest","Surefire test","testcases.backoffice.group.GetListGroupTest","getListGroupWithEnablePageAsString"
"List Company Backoffice Menggunakan Login Merchant","4628","listCompanyWithMerchantLogin","Surefire suite","Mon Sep 28 12:40:53 UTC 2026","passed","Mon Sep 28 12:40:57 UTC 2026","testcases.backoffice.ListCompanyTest","Surefire test","testcases.backoffice.ListCompanyTest","listCompanyWithMerchantLogin"
"Mutasi Transfer Balance","19320","mutasiTransferBalance","Surefire suite","Mon Sep 28 14:17:35 UTC 2026","passed","Mon Sep 28 14:17:54 UTC 2026","testcases.mutasi.MutasiTransferTest","Surefire test","testcases.mutasi.MutasiTransferTest","mutasiTransferBalance"
"Get Notification Sender Dengan Karakter SQL Injection pada Field param","4765","getNotificationSenderWithSqlInjectionParam","Surefire suite","Mon Sep 28 12:36:10 UTC 2026","passed","Mon Sep 28 12:36:15 UTC 2026","testcases.backoffice.notifsender.NotificationSenderTest","Surefire test","testcases.backoffice.notifsender.NotificationSenderTest","getNotificationSenderWithSqlInjectionParam"
"Created Favorite Account Dengan Header Authorization Tanpa Skema Bearer","1521","createdFavoriteAccountWithMalformedAuthorizationHeader","Surefire suite","Mon Sep 28 12:34:10 UTC 2026","passed","Mon Sep 28 12:34:11 UTC 2026","testcases.settings.favoriteaccount.CreatedFavoriteAccountTest","Surefire test","testcases.settings.favoriteaccount.CreatedFavoriteAccountTest","createdFavoriteAccountWithMalformedAuthorizationHeader"
"Delete Group Backoffice Dengan Body JSON Tidak Valid (Malformed)","2704","deleteGroupWithMalformedJson","Surefire suite","Mon Sep 28 12:18:40 UTC 2026","passed","Mon Sep 28 12:18:43 UTC 2026","testcases.backoffice.group.DeleteGroupTest","Surefire test","testcases.backoffice.group.DeleteGroupTest","deleteGroupWithMalformedJson"
"Get List Group Backoffice Tanpa Field page","1590","getListGroupWithoutPageField","Surefire suite","Mon Sep 28 12:13:38 UTC 2026","passed","Mon Sep 28 12:13:39 UTC 2026","testcases.backoffice.group.GetListGroupTest","Surefire test","testcases.backoffice.group.GetListGroupTest","getListGroupWithoutPageField"
"Refund Summary Menggunakan HTTP Method PATCH","1724","getRefundWithPatchMethod","Surefire suite","Mon Sep 28 12:37:55 UTC 2026","passed","Mon Sep 28 12:37:57 UTC 2026","testcases.backoffice.refund.GetRefundTest","Surefire test","testcases.backoffice.refund.GetRefundTest","getRefundWithPatchMethod"
"Mutasi Manual Transfer Balance","40877","mutasiManualTransferBalanceSupervisor","Surefire suite","Mon Sep 28 14:08:02 UTC 2026","passed","Mon Sep 28 14:08:43 UTC 2026","testcases.mutasi.MutasiTransferTest","Surefire test","testcases.mutasi.MutasiTransferTest","mutasiManualTransferBalanceSupervisor"
"Get List Favorite Account Dengan size Negatif","1923","getListFavoriteAccountWithNegativeSize","Surefire suite","Mon Sep 28 14:27:53 UTC 2026","passed","Mon Sep 28 14:27:55 UTC 2026","testcases.settings.favoriteaccount.GetListFavoriteAccountTest","Surefire test","testcases.settings.favoriteaccount.GetListFavoriteAccountTest","getListFavoriteAccountWithNegativeSize"
"Get List Group Backoffice Dengan Content-Type text/plain","1588","getListGroupWithWrongContentType","Surefire suite","Mon Sep 28 12:13:10 UTC 2026","passed","Mon Sep 28 12:13:11 UTC 2026","testcases.backoffice.group.GetListGroupTest","Surefire test","testcases.backoffice.group.GetListGroupTest","getListGroupWithWrongContentType"
"Transfer with Wrong Pin","50719","transferWrongPin","Surefire suite","Mon Sep 28 12:03:17 UTC 2026","passed","Mon Sep 28 12:04:07 UTC 2026","testcases.transfer.SpecialTransferTest","Surefire test","testcases.transfer.SpecialTransferTest","transferWrongPin"
"Create Manage Settlement BO Menggunakan HTTP Method PUT","4808","addManageSettlementWithPutMethod","Surefire suite","Mon Sep 28 12:05:59 UTC 2026","passed","Mon Sep 28 12:06:04 UTC 2026","testcases.backoffice.settlement.AddManageSettlementTest","Surefire test","testcases.backoffice.settlement.AddManageSettlementTest","addManageSettlementWithPutMethod"
"Get List Google Authenticator Menggunakan Login Supervisor","4851","listOtpGoogleWithSupervisorLogin","Surefire suite","Mon Sep 28 12:44:51 UTC 2026","passed","Mon Sep 28 12:44:56 UTC 2026","testcases.backoffice.googleauth.ListOtpGoogleTest","Surefire test","testcases.backoffice.googleauth.ListOtpGoogleTest","listOtpGoogleWithSupervisorLogin"
"List Manage Settlement Backoffice Tanpa Login/Header Auth","1530","listManageSettlementWithoutAuth","Surefire suite","Mon Sep 28 12:45:31 UTC 2026","passed","Mon Sep 28 12:45:33 UTC 2026","testcases.backoffice.settlement.ManageSettlementTest","Surefire test","testcases.backoffice.settlement.ManageSettlementTest","listManageSettlementWithoutAuth"
"Resend Google Authenticator Menggunakan Login Admin","5295","resendOtpGoogleWithAdminLogin","Surefire suite","Mon Sep 28 12:37:53 UTC 2026","passed","Mon Sep 28 12:37:59 UTC 2026","testcases.backoffice.googleauth.ResendOtpGoogleTest","Surefire test","testcases.backoffice.googleauth.ResendOtpGoogleTest","resendOtpGoogleWithAdminLogin"
"Get List Group Backoffice Menggunakan Login Supervisor","4633","getListGroupWithSupervisorLogin","Surefire suite","Mon Sep 28 12:12:57 UTC 2026","passed","Mon Sep 28 12:13:02 UTC 2026","testcases.backoffice.group.GetListGroupTest","Surefire test","testcases.backoffice.group.GetListGroupTest","getListGroupWithSupervisorLogin"
"List Waiting Company Backoffice Dengan Ukuran Halaman Sangat Besar","4834","listWaitingCompanyWithHugeSize","Surefire suite","Mon Sep 28 12:33:52 UTC 2026","passed","Mon Sep 28 12:33:56 UTC 2026","testcases.backoffice.ListWaitingCompanyTest","Surefire test","testcases.backoffice.ListWaitingCompanyTest","listWaitingCompanyWithHugeSize"
"Get List Group Backoffice Dengan Header pbyv Salah","1550","getListGroupWithWrongPbyvHeader","Surefire suite","Mon Sep 28 12:13:19 UTC 2026","passed","Mon Sep 28 12:13:20 UTC 2026","testcases.backoffice.group.GetListGroupTest","Surefire test","testcases.backoffice.group.GetListGroupTest","getListGroupWithWrongPbyvHeader"
"Get Detail Waiting Company Backoffice Tanpa Login/Header Auth","1459","getDetailWaitingCompanyWithoutAuth","Surefire suite","Mon Sep 28 12:28:27 UTC 2026","passed","Mon Sep 28 12:28:28 UTC 2026","testcases.backoffice.GetDetailWaitingCompanyTest","Surefire test","testcases.backoffice.GetDetailWaitingCompanyTest","getDetailWaitingCompanyWithoutAuth"
"Login Merchant dengan Password Kosong","3134","testLoginEmptyPassword","Surefire suite","Mon Sep 28 11:54:09 UTC 2026","passed","Mon Sep 28 11:54:12 UTC 2026","testcases.auth.LoginTest","Surefire test","testcases.auth.LoginTest","testLoginEmptyPassword"
"Get History QR Success Paid","11173","historyQRTestPaid","Surefire suite","Mon Sep 28 12:32:57 UTC 2026","passed","Mon Sep 28 12:33:08 UTC 2026","testcases.history.HistoryQRTest","Surefire test","testcases.history.HistoryQRTest","historyQRTestPaid"
"Generate Open QR Code Merchant","6385","generateOpenQRCode","Surefire suite","Mon Sep 28 12:42:29 UTC 2026","passed","Mon Sep 28 12:42:35 UTC 2026","testcases.QR.GenerateQRTest","Surefire test","testcases.QR.GenerateQRTest","generateOpenQRCode"
"Delete Group Backoffice Dengan Header Authorization Tanpa Skema Bearer","1560","deleteGroupWithMalformedAuthorizationHeader","Surefire suite","Mon Sep 28 12:18:36 UTC 2026","passed","Mon Sep 28 12:18:37 UTC 2026","testcases.backoffice.group.DeleteGroupTest","Surefire test","testcases.backoffice.group.DeleteGroupTest","deleteGroupWithMalformedAuthorizationHeader"
"List Refund Menggunakan Login Merchant","5663","listRefundMerchant","Surefire suite","Mon Sep 28 13:44:36 UTC 2026","passed","Mon Sep 28 13:44:41 UTC 2026","testcases.backoffice.ListRefundTest","Surefire test","testcases.backoffice.ListRefundTest","listRefundMerchant"
"Refund Summary Dengan Token Kadaluarsa","1785","getRefundWithExpiredToken","Surefire suite","Mon Sep 28 12:36:39 UTC 2026","passed","Mon Sep 28 12:36:41 UTC 2026","testcases.backoffice.refund.GetRefundTest","Surefire test","testcases.backoffice.refund.GetRefundTest","getRefundWithExpiredToken"
"List Refund Menggunakan Login Marketing","5568","listRefundWithMarketingLogin","Surefire suite","Mon Sep 28 13:46:06 UTC 2026","passed","Mon Sep 28 13:46:11 UTC 2026","testcases.backoffice.ListRefundTest","Surefire test","testcases.backoffice.ListRefundTest","listRefundWithMarketingLogin"
"Refund Summary Dengan Header Authorization Tanpa Skema Bearer","1506","getRefundWithMalformedAuthorizationHeader","Surefire suite","Mon Sep 28 12:37:12 UTC 2026","passed","Mon Sep 28 12:37:13 UTC 2026","testcases.backoffice.refund.GetRefundTest","Surefire test","testcases.backoffice.refund.GetRefundTest","getRefundWithMalformedAuthorizationHeader"
"Delete Manage Settlement BO Dengan id Berisi Payload XSS","4793","deleteManageSettlementWithXssId","Surefire suite","Mon Sep 28 12:02:14 UTC 2026","passed","Mon Sep 28 12:02:19 UTC 2026","testcases.backoffice.settlement.DeleteManageSettlementTest","Surefire test","testcases.backoffice.settlement.DeleteManageSettlementTest","deleteManageSettlementWithXssId"
"Transfer Different Partner Reference, Special Transfer to Manual Transfer","47929","trfPartnerRefManualFailed","Surefire suite","Mon Sep 28 12:39:12 UTC 2026","failed","Mon Sep 28 12:40:00 UTC 2026","testcases.transfer.ManualTransferTest","Surefire test","testcases.transfer.ManualTransferTest","trfPartnerRefManualFailed"
"Test Get Report Transaction Supervisor","5390","getReportTransactionSupervisor","Surefire suite","Mon Sep 28 11:52:44 UTC 2026","passed","Mon Sep 28 11:52:50 UTC 2026","testcases.report.ReportTransactionTest","Surefire test","testcases.report.ReportTransactionTest","getReportTransactionSupervisor"
"Delete Favorite Account Menggunakan HTTP Method GET","1741","deleteFavoriteAccountWithGetMethod","Surefire suite","Mon Sep 28 11:56:12 UTC 2026","passed","Mon Sep 28 11:56:14 UTC 2026","testcases.settings.favoriteaccount.DeleteFavoriteAccountTest","Surefire test","testcases.settings.favoriteaccount.DeleteFavoriteAccountTest","deleteFavoriteAccountWithGetMethod"
"Inquiry Favorite Account Menggunakan HTTP Method PATCH","1790","inquiryFavoriteAccountWithPatchMethod","Surefire suite","Mon Sep 28 12:36:34 UTC 2026","passed","Mon Sep 28 12:36:36 UTC 2026","testcases.settings.favoriteaccount.InquiryFavoriteAccountTest","Surefire test","testcases.settings.favoriteaccount.InquiryFavoriteAccountTest","inquiryFavoriteAccountWithPatchMethod"
"Success Assignment Cash Deposit Supervisor","14804","assignCashDepositSupervisorTest","Surefire suite","Mon Sep 28 12:45:53 UTC 2026","passed","Mon Sep 28 12:46:08 UTC 2026","testcases.backoffice.TransferAssignmentTest","Surefire test","testcases.backoffice.TransferAssignmentTest","assignCashDepositSupervisorTest"
"Get History Flop Transfer Test Admin","17412","historyFlopTransferTestAdmin","Surefire suite","Mon Sep 28 13:51:00 UTC 2026","passed","Mon Sep 28 13:51:18 UTC 2026","testcases.history.HistoryTransferTest","Surefire test","testcases.history.HistoryTransferTest","historyFlopTransferTestAdmin"
"Delete Favorite Account Menggunakan HTTP Method DELETE","1505","deleteFavoriteAccountWithDeleteMethod","Surefire suite","Mon Sep 28 11:55:49 UTC 2026","passed","Mon Sep 28 11:55:50 UTC 2026","testcases.settings.favoriteaccount.DeleteFavoriteAccountTest","Surefire test","testcases.settings.favoriteaccount.DeleteFavoriteAccountTest","deleteFavoriteAccountWithDeleteMethod"
"Inquiry Favorite Account Tanpa Login/Header Auth","1530","inquiryFavoriteAccountWithoutAuth","Surefire suite","Mon Sep 28 12:37:13 UTC 2026","passed","Mon Sep 28 12:37:14 UTC 2026","testcases.settings.favoriteaccount.InquiryFavoriteAccountTest","Surefire test","testcases.settings.favoriteaccount.InquiryFavoriteAccountTest","inquiryFavoriteAccountWithoutAuth"
"Get Group Detail Backoffice Dengan Path Traversal pada Group Id","4835","getGroupDetailWithPathTraversalId","Surefire suite","Mon Sep 28 12:15:40 UTC 2026","passed","Mon Sep 28 12:15:45 UTC 2026","testcases.backoffice.group.GetGroupTest","Surefire test","testcases.backoffice.group.GetGroupTest","getGroupDetailWithPathTraversalId"
"List Waiting Company Backoffice Tanpa Body Sama Sekali","4724","listWaitingCompanyWithoutBody","Surefire suite","Mon Sep 28 12:35:25 UTC 2026","passed","Mon Sep 28 12:35:30 UTC 2026","testcases.backoffice.ListWaitingCompanyTest","Surefire test","testcases.backoffice.ListWaitingCompanyTest","listWaitingCompanyWithoutBody"
"Get List Google Authenticator Dengan Field Sort Merujuk ke Kolom yang Tidak Ada","4871","listOtpGoogleWithInvalidSortField","Surefire suite","Mon Sep 28 12:43:22 UTC 2026","passed","Mon Sep 28 12:43:27 UTC 2026","testcases.backoffice.googleauth.ListOtpGoogleTest","Surefire test","testcases.backoffice.googleauth.ListOtpGoogleTest","listOtpGoogleWithInvalidSortField"
"Create Manage Settlement BO Dengan Tipe Data Salah pada companyList (String, Bukan Array)","4760","addManageSettlementWithInvalidFieldType","Surefire suite","Mon Sep 28 12:04:33 UTC 2026","passed","Mon Sep 28 12:04:38 UTC 2026","testcases.backoffice.settlement.AddManageSettlementTest","Surefire test","testcases.backoffice.settlement.AddManageSettlementTest","addManageSettlementWithInvalidFieldType"
"Get Detail Waiting Company Backoffice Dengan Path Traversal pada Id","5279","getDetailWaitingCompanyWithPathTraversalId","Surefire suite","Mon Sep 28 12:27:31 UTC 2026","passed","Mon Sep 28 12:27:37 UTC 2026","testcases.backoffice.GetDetailWaitingCompanyTest","Surefire test","testcases.backoffice.GetDetailWaitingCompanyTest","getDetailWaitingCompanyWithPathTraversalId"
"Add Group Ke Path yang Tidak Ada (Typo)","1628","addGroupWithWrongPath","Surefire suite","Mon Sep 28 12:25:15 UTC 2026","passed","Mon Sep 28 12:25:16 UTC 2026","testcases.backoffice.group.AddGroupTest","Surefire test","testcases.backoffice.group.AddGroupTest","addGroupWithWrongPath"
"Refund Summary Dengan Payload XSS pada Field type","1622","getRefundWithXssType","Surefire suite","Mon Sep 28 12:38:43 UTC 2026","passed","Mon Sep 28 12:38:45 UTC 2026","testcases.backoffice.refund.GetRefundTest","Surefire test","testcases.backoffice.refund.GetRefundTest","getRefundWithXssType"
"Create Manage Settlement BO Dengan companyId Format Tidak Valid (Bukan ObjectId)","4640","addManageSettlementWithMalformedCompanyId","Surefire suite","Mon Sep 28 12:04:50 UTC 2026","passed","Mon Sep 28 12:04:55 UTC 2026","testcases.backoffice.settlement.AddManageSettlementTest","Surefire test","testcases.backoffice.settlement.AddManageSettlementTest","addManageSettlementWithMalformedCompanyId"
"Mutasi Manual Transfer Supervisor CS","42486","mutasiManualTransferSupervisorCS","Surefire suite","Mon Sep 28 14:11:06 UTC 2026","passed","Mon Sep 28 14:11:49 UTC 2026","testcases.mutasi.MutasiTransferTest","Surefire test","testcases.mutasi.MutasiTransferTest","mutasiManualTransferSupervisorCS"
"Get List Group Company BO Menggunakan Login Admin Crypto","4705","getListGroupCompanyWithAdminCryptoLogin","Surefire suite","Mon Sep 28 11:55:57 UTC 2026","passed","Mon Sep 28 11:56:02 UTC 2026","testcases.backoffice.settlement.GetListGroupCompanyTest","Surefire test","testcases.backoffice.settlement.GetListGroupCompanyTest","getListGroupCompanyWithAdminCryptoLogin"
"Delete Group Backoffice Menggunakan HTTP Method PATCH","1456","deleteGroupWithPatchMethod","Surefire suite","Mon Sep 28 12:19:31 UTC 2026","passed","Mon Sep 28 12:19:33 UTC 2026","testcases.backoffice.group.DeleteGroupTest","Surefire test","testcases.backoffice.group.DeleteGroupTest","deleteGroupWithPatchMethod"
"Get List Group Company BO Dengan groupName Berisi Payload XSS","4443","getListGroupCompanyWithXssGroupName","Surefire suite","Mon Sep 28 11:58:39 UTC 2026","passed","Mon Sep 28 11:58:43 UTC 2026","testcases.backoffice.settlement.GetListGroupCompanyTest","Surefire test","testcases.backoffice.settlement.GetListGroupCompanyTest","getListGroupCompanyWithXssGroupName"
"Add Currency CS Admin Path Dengan Content-Type text/plain","1738","addCurrencyWithWrongContentType","Surefire suite","Mon Sep 28 13:40:08 UTC 2026","passed","Mon Sep 28 13:40:10 UTC 2026","testcases.backoffice.currency.AddCurrencyTest","Surefire test","testcases.backoffice.currency.AddCurrencyTest","addCurrencyWithWrongContentType"
"Get Notification Sender Menggunakan HTTP Method PATCH","5016","getNotificationSenderWithPatchMethod","Surefire suite","Mon Sep 28 12:35:51 UTC 2026","passed","Mon Sep 28 12:35:56 UTC 2026","testcases.backoffice.notifsender.NotificationSenderTest","Surefire test","testcases.backoffice.notifsender.NotificationSenderTest","getNotificationSenderWithPatchMethod"
"Add Group Backoffice Dengan name String Kosong","1526","addGroupWithEmptyName","Surefire suite","Mon Sep 28 12:23:07 UTC 2026","passed","Mon Sep 28 12:23:09 UTC 2026","testcases.backoffice.group.AddGroupTest","Surefire test","testcases.backoffice.group.AddGroupTest","addGroupWithEmptyName"
"Reset Pin CS Admin","5435","resetPinCSAdmin","Surefire suite","Mon Sep 28 11:54:39 UTC 2026","passed","Mon Sep 28 11:54:44 UTC 2026","testcases.settings.ResetPinTest","Surefire test","testcases.settings.ResetPinTest","resetPinCSAdmin"
"Add Group Backoffice Dengan feePlatformPercent Bertipe String","1631","addGroupWithFeeAsString","Surefire suite","Mon Sep 28 12:23:16 UTC 2026","passed","Mon Sep 28 12:23:18 UTC 2026","testcases.backoffice.group.AddGroupTest","Surefire test","testcases.backoffice.group.AddGroupTest","addGroupWithFeeAsString"
"Add Group Backoffice Dengan Token Kadaluarsa","1546","addGroupWithExpiredToken","Surefire suite","Mon Sep 28 12:23:12 UTC 2026","passed","Mon Sep 28 12:23:13 UTC 2026","testcases.backoffice.group.AddGroupTest","Surefire test","testcases.backoffice.group.AddGroupTest","addGroupWithExpiredToken"
"Get Group Detail Backoffice Dengan Token Tidak Valid","1775","getGroupDetailWithInvalidToken","Surefire suite","Mon Sep 28 12:14:51 UTC 2026","passed","Mon Sep 28 12:14:53 UTC 2026","testcases.backoffice.group.GetGroupTest","Surefire test","testcases.backoffice.group.GetGroupTest","getGroupDetailWithInvalidToken"
"List Waiting Company Backoffice Dengan Header Authorization Tanpa Skema Bearer","1474","listWaitingCompanyWithMalformedAuthorizationHeader","Surefire suite","Mon Sep 28 12:34:21 UTC 2026","passed","Mon Sep 28 12:34:22 UTC 2026","testcases.backoffice.ListWaitingCompanyTest","Surefire test","testcases.backoffice.ListWaitingCompanyTest","listWaitingCompanyWithMalformedAuthorizationHeader"
"Transfer Different Partner Reference, Transfer to Special Transfer","47696","trfPartnerRefTransferFailed","Surefire suite","Mon Sep 28 12:05:02 UTC 2026","failed","Mon Sep 28 12:05:50 UTC 2026","testcases.transfer.SpecialTransferTest","Surefire test","testcases.transfer.SpecialTransferTest","trfPartnerRefTransferFailed"
"List Currency USDT Ke Path yang Tidak Ada (Typo)","2814","getCurrencyWithWrongPath","Surefire suite","Mon Sep 28 12:10:03 UTC 2026","passed","Mon Sep 28 12:10:06 UTC 2026","testcases.backoffice.currency.GetCurrencyTest","Surefire test","testcases.backoffice.currency.GetCurrencyTest","getCurrencyWithWrongPath"
"Get List Google Authenticator Menggunakan HTTP Method PATCH","4869","listOtpGoogleWithPatchMethod","Surefire suite","Mon Sep 28 12:44:27 UTC 2026","passed","Mon Sep 28 12:44:32 UTC 2026","testcases.backoffice.googleauth.ListOtpGoogleTest","Surefire test","testcases.backoffice.googleauth.ListOtpGoogleTest","listOtpGoogleWithPatchMethod"
"Get Detail Waiting Company Backoffice Dengan Token Kadaluarsa","1579","getDetailWaitingCompanyWithExpiredToken","Surefire suite","Mon Sep 28 12:26:28 UTC 2026","passed","Mon Sep 28 12:26:29 UTC 2026","testcases.backoffice.GetDetailWaitingCompanyTest","Surefire test","testcases.backoffice.GetDetailWaitingCompanyTest","getDetailWaitingCompanyWithExpiredToken"
"Get Detail User Backoffice","6404","getUsersBO","Surefire suite","Mon Sep 28 12:45:44 UTC 2026","passed","Mon Sep 28 12:45:51 UTC 2026","testcases.backoffice.users.ListUsersTest","Surefire test","testcases.backoffice.users.ListUsersTest","getUsersBO"
"Test Get Report Company Merchant","4947","getReportCompanyAdmin","Surefire suite","Mon Sep 28 11:53:19 UTC 2026","passed","Mon Sep 28 11:53:24 UTC 2026","testcases.report.ReportTransactionTest","Surefire test","testcases.report.ReportTransactionTest","getReportCompanyAdmin"
"Get Notification Sender Dengan Token Kadaluarsa","1478","getNotificationSenderWithExpiredToken","Surefire suite","Mon Sep 28 12:33:51 UTC 2026","passed","Mon Sep 28 12:33:52 UTC 2026","testcases.backoffice.notifsender.NotificationSenderTest","Surefire test","testcases.backoffice.notifsender.NotificationSenderTest","getNotificationSenderWithExpiredToken"
"Delete Google Authenticator Menggunakan HTTP Method PATCH","4776","deleteOtpGoogleWithPatchMethod","Surefire suite","Mon Sep 28 11:54:33 UTC 2026","passed","Mon Sep 28 11:54:38 UTC 2026","testcases.backoffice.googleauth.DeleteOtpGoogleTest","Surefire test","testcases.backoffice.googleauth.DeleteOtpGoogleTest","deleteOtpGoogleWithPatchMethod"
"List Currency USDT Dengan Karakter SQL Injection pada Field Param","2147","getCurrencyWithSqlInjectionParam","Surefire suite","Mon Sep 28 12:09:41 UTC 2026","passed","Mon Sep 28 12:09:43 UTC 2026","testcases.backoffice.currency.GetCurrencyTest","Surefire test","testcases.backoffice.currency.GetCurrencyTest","getCurrencyWithSqlInjectionParam"
"List Currency USDT Dengan Sort Tanpa Operator '=='","1552","getCurrencyWithMalformedSortOperator","Surefire suite","Mon Sep 28 12:09:01 UTC 2026","passed","Mon Sep 28 12:09:03 UTC 2026","testcases.backoffice.currency.GetCurrencyTest","Surefire test","testcases.backoffice.currency.GetCurrencyTest","getCurrencyWithMalformedSortOperator"
"Test Get Report Transfer Merchant","5029","getReportMutationAdmin","Surefire suite","Mon Sep 28 11:53:27 UTC 2026","passed","Mon Sep 28 11:53:32 UTC 2026","testcases.report.ReportTransactionTest","Surefire test","testcases.report.ReportTransactionTest","getReportMutationAdmin"
"Refund Summary Menggunakan Login CS Admin","4996","getRefundWithCSAdminLogin","Surefire suite","Mon Sep 28 12:36:05 UTC 2026","passed","Mon Sep 28 12:36:10 UTC 2026","testcases.backoffice.refund.GetRefundTest","Surefire test","testcases.backoffice.refund.GetRefundTest","getRefundWithCSAdminLogin"
"List Refund Tanpa Body Sama Sekali","6963","listRefundWithoutBody","Surefire suite","Mon Sep 28 13:46:54 UTC 2026","passed","Mon Sep 28 13:47:01 UTC 2026","testcases.backoffice.ListRefundTest","Surefire test","testcases.backoffice.ListRefundTest","listRefundWithoutBody"
"Delete Group Backoffice Tanpa Field id","2559","deleteGroupWithoutIdField","Surefire suite","Mon Sep 28 12:20:36 UTC 2026","passed","Mon Sep 28 12:20:39 UTC 2026","testcases.backoffice.group.DeleteGroupTest","Surefire test","testcases.backoffice.group.DeleteGroupTest","deleteGroupWithoutIdField"
"List Currency USDT Dengan Body Berupa Literal null","1461","getCurrencyWithNullLiteralBody","Surefire suite","Mon Sep 28 12:09:27 UTC 2026","passed","Mon Sep 28 12:09:28 UTC 2026","testcases.backoffice.currency.GetCurrencyTest","Surefire test","testcases.backoffice.currency.GetCurrencyTest","getCurrencyWithNullLiteralBody"
"Inquiry Favorite Account Tanpa Field beneficiaryAccountNo","1711","inquiryFavoriteAccountWithoutBeneficiaryAccountNoField","Surefire suite","Mon Sep 28 12:37:17 UTC 2026","passed","Mon Sep 28 12:37:19 UTC 2026","testcases.settings.favoriteaccount.InquiryFavoriteAccountTest","Surefire test","testcases.settings.favoriteaccount.InquiryFavoriteAccountTest","inquiryFavoriteAccountWithoutBeneficiaryAccountNoField"
"List Currency USDT Menggunakan HTTP Method DELETE","2930","getCurrencyWithDeleteMethod","Surefire suite","Mon Sep 28 12:08:14 UTC 2026","passed","Mon Sep 28 12:08:17 UTC 2026","testcases.backoffice.currency.GetCurrencyTest","Surefire test","testcases.backoffice.currency.GetCurrencyTest","getCurrencyWithDeleteMethod"
"Created Favorite Account Tanpa Field beneficiaryBankCode","1614","createdFavoriteAccountWithoutBeneficiaryBankCodeField","Surefire suite","Mon Sep 28 12:35:11 UTC 2026","failed","Mon Sep 28 12:35:13 UTC 2026","testcases.settings.favoriteaccount.CreatedFavoriteAccountTest","Surefire test","testcases.settings.favoriteaccount.CreatedFavoriteAccountTest","createdFavoriteAccountWithoutBeneficiaryBankCodeField"
"Login Merchant dengan Username Tidak Terdaftar","2973","testLoginNonExistentUsername","Surefire suite","Mon Sep 28 11:54:39 UTC 2026","passed","Mon Sep 28 11:54:42 UTC 2026","testcases.auth.LoginTest","Surefire test","testcases.auth.LoginTest","testLoginNonExistentUsername"
"Get History QR Supervisor","10908","historyQRTestSupervisor","Surefire suite","Mon Sep 28 12:52:20 UTC 2026","passed","Mon Sep 28 12:52:30 UTC 2026","testcases.history.HistoryQRTest","Surefire test","testcases.history.HistoryQRTest","historyQRTestSupervisor"
"Inquiry Test Manual Transfer Merchant","6266","inquiryManualTransfer","Surefire suite","Mon Sep 28 12:37:52 UTC 2026","passed","Mon Sep 28 12:37:58 UTC 2026","testcases.transfer.InquiryManualTransferTest","Surefire test","testcases.transfer.InquiryManualTransferTest","inquiryManualTransfer"
"List Company Backoffice Dengan Body Berupa JSON Array ([])","4906","listCompanyWithArrayBody","Surefire suite","Mon Sep 28 12:39:31 UTC 2026","passed","Mon Sep 28 12:39:36 UTC 2026","testcases.backoffice.ListCompanyTest","Surefire test","testcases.backoffice.ListCompanyTest","listCompanyWithArrayBody"
"Refund Summary Menggunakan HTTP Method GET","1504","getRefundWithGetMethod","Surefire suite","Mon Sep 28 12:36:44 UTC 2026","passed","Mon Sep 28 12:36:46 UTC 2026","testcases.backoffice.refund.GetRefundTest","Surefire test","testcases.backoffice.refund.GetRefundTest","getRefundWithGetMethod"
"Resend Google Authenticator Dengan Token Tidak Valid","1592","resendOtpGoogleWithInvalidToken","Surefire suite","Mon Sep 28 12:39:04 UTC 2026","passed","Mon Sep 28 12:39:06 UTC 2026","testcases.backoffice.googleauth.ResendOtpGoogleTest","Surefire test","testcases.backoffice.googleauth.ResendOtpGoogleTest","resendOtpGoogleWithInvalidToken"
"Create Manage Settlement BO Dengan companyList Kosong ([])","4743","addManageSettlementWithEmptyCompanyList","Surefire suite","Mon Sep 28 12:04:06 UTC 2026","passed","Mon Sep 28 12:04:11 UTC 2026","testcases.backoffice.settlement.AddManageSettlementTest","Surefire test","testcases.backoffice.settlement.AddManageSettlementTest","addManageSettlementWithEmptyCompanyList"
"Get List Google Authenticator Dengan Page/Size Negatif","4800","listOtpGoogleWithNegativePageSize","Surefire suite","Mon Sep 28 12:44:11 UTC 2026","passed","Mon Sep 28 12:44:16 UTC 2026","testcases.backoffice.googleauth.ListOtpGoogleTest","Surefire test","testcases.backoffice.googleauth.ListOtpGoogleTest","listOtpGoogleWithNegativePageSize"
"Transfer with Wrong Pin","51247","transferWrongPin","Surefire suite","Mon Sep 28 12:38:18 UTC 2026","passed","Mon Sep 28 12:39:09 UTC 2026","testcases.transfer.ManualTransferTest","Surefire test","testcases.transfer.ManualTransferTest","transferWrongPin"
"Get Balance Marketing","4775","getBalanceMarketing","Surefire suite","Mon Sep 28 11:53:35 UTC 2026","failed","Mon Sep 28 11:53:40 UTC 2026","testcases.balance.GetBalanceQrisTest","Surefire test","testcases.balance.GetBalanceQrisTest","getBalanceMarketing"
"Get List Group Backoffice Dengan Body JSON Tidak Valid (Malformed)","1408","getListGroupWithMalformedJson","Surefire suite","Mon Sep 28 12:11:55 UTC 2026","passed","Mon Sep 28 12:11:57 UTC 2026","testcases.backoffice.group.GetListGroupTest","Surefire test","testcases.backoffice.group.GetListGroupTest","getListGroupWithMalformedJson"
"Refund Summary Dengan Body Kosong ({})","1557","getRefundWithEmptyBody","Surefire suite","Mon Sep 28 12:36:30 UTC 2026","passed","Mon Sep 28 12:36:32 UTC 2026","testcases.backoffice.refund.GetRefundTest","Surefire test","testcases.backoffice.refund.GetRefundTest","getRefundWithEmptyBody"
"Refund Summary Dengan Karakter SQL Injection pada Field type","1659","getRefundWithSqlInjectionType","Surefire suite","Mon Sep 28 12:38:10 UTC 2026","passed","Mon Sep 28 12:38:11 UTC 2026","testcases.backoffice.refund.GetRefundTest","Surefire test","testcases.backoffice.refund.GetRefundTest","getRefundWithSqlInjectionType"
"Delete Favorite Account Dengan Format id Tidak Valid (Bukan ObjectId)","1874","deleteFavoriteAccountWithInvalidIdFormat","Surefire suite","Mon Sep 28 11:56:22 UTC 2026","failed","Mon Sep 28 11:56:23 UTC 2026","testcases.settings.favoriteaccount.DeleteFavoriteAccountTest","Surefire test","testcases.settings.favoriteaccount.DeleteFavoriteAccountTest","deleteFavoriteAccountWithInvalidIdFormat"
"Get List Group Backoffice Menggunakan HTTP Method GET","1444","getListGroupWithGetMethod","Surefire suite","Mon Sep 28 12:11:37 UTC 2026","passed","Mon Sep 28 12:11:39 UTC 2026","testcases.backoffice.group.GetListGroupTest","Surefire test","testcases.backoffice.group.GetListGroupTest","getListGroupWithGetMethod"
"Resend Google Authenticator Dengan Body JSON Tidak Valid (Malformed)","4811","resendOtpGoogleWithMalformedJson","Surefire suite","Mon Sep 28 12:39:21 UTC 2026","passed","Mon Sep 28 12:39:26 UTC 2026","testcases.backoffice.googleauth.ResendOtpGoogleTest","Surefire test","testcases.backoffice.googleauth.ResendOtpGoogleTest","resendOtpGoogleWithMalformedJson"
"Get List Favorite Account Tanpa Field size","1875","getListFavoriteAccountWithoutSizeField","Surefire suite","Mon Sep 28 14:29:20 UTC 2026","passed","Mon Sep 28 14:29:22 UTC 2026","testcases.settings.favoriteaccount.GetListFavoriteAccountTest","Surefire test","testcases.settings.favoriteaccount.GetListFavoriteAccountTest","getListFavoriteAccountWithoutSizeField"
"Delete Favorite Account Dengan Body Berupa JSON Array ([])","1536","deleteFavoriteAccountWithArrayBody","Surefire suite","Mon Sep 28 11:55:44 UTC 2026","passed","Mon Sep 28 11:55:46 UTC 2026","testcases.settings.favoriteaccount.DeleteFavoriteAccountTest","Surefire test","testcases.settings.favoriteaccount.DeleteFavoriteAccountTest","deleteFavoriteAccountWithArrayBody"
"Reset Password Backoffice","6985","resetPasswordBackoffice","Surefire suite","Mon Sep 28 12:47:11 UTC 2026","passed","Mon Sep 28 12:47:18 UTC 2026","testcases.settings.ResetPasswordTest","Surefire test","testcases.settings.ResetPasswordTest","resetPasswordBackoffice"
"Add Currency CS Admin Path Dengan rate Desimal","1519","addCurrencyWithDecimalRate","Surefire suite","Mon Sep 28 13:37:54 UTC 2026","passed","Mon Sep 28 13:37:56 UTC 2026","testcases.backoffice.currency.AddCurrencyTest","Surefire test","testcases.backoffice.currency.AddCurrencyTest","addCurrencyWithDecimalRate"
"Generate QR Code Merchant","6148","generateQRCode","Surefire suite","Mon Sep 28 12:42:38 UTC 2026","passed","Mon Sep 28 12:42:44 UTC 2026","testcases.QR.GenerateQRTest","Surefire test","testcases.QR.GenerateQRTest","generateQRCode"
"Mutasi Manual Transfer Supervisor","42028","mutasiManualTransferSupervisor","Surefire suite","Mon Sep 28 14:10:21 UTC 2026","passed","Mon Sep 28 14:11:03 UTC 2026","testcases.mutasi.MutasiTransferTest","Surefire test","testcases.mutasi.MutasiTransferTest","mutasiManualTransferSupervisor"
"List Company Backoffice Dengan Tipe Data Salah pada Field Limit (String, Bukan Integer)","4957","listCompanyWithInvalidFieldType","Surefire suite","Mon Sep 28 12:40:12 UTC 2026","passed","Mon Sep 28 12:40:16 UTC 2026","testcases.backoffice.ListCompanyTest","Surefire test","testcases.backoffice.ListCompanyTest","listCompanyWithInvalidFieldType"
"Get List Group Backoffice Dengan page Negatif","1758","getListGroupWithNegativePage","Surefire suite","Mon Sep 28 12:12:16 UTC 2026","passed","Mon Sep 28 12:12:17 UTC 2026","testcases.backoffice.group.GetListGroupTest","Surefire test","testcases.backoffice.group.GetListGroupTest","getListGroupWithNegativePage"
"Check Status QR Supervisor","12676","checkStatusQRSupervisor","Surefire suite","Mon Sep 28 12:54:26 UTC 2026","passed","Mon Sep 28 12:54:39 UTC 2026","testcases.QR.CheckStatusQRTest","Surefire test","testcases.QR.CheckStatusQRTest","checkStatusQRSupervisor"
"Created Favorite Account Dengan Token Tidak Valid","1528","createdFavoriteAccountWithInvalidToken","Surefire suite","Mon Sep 28 12:34:05 UTC 2026","passed","Mon Sep 28 12:34:07 UTC 2026","testcases.settings.favoriteaccount.CreatedFavoriteAccountTest","Surefire test","testcases.settings.favoriteaccount.CreatedFavoriteAccountTest","createdFavoriteAccountWithInvalidToken"
"Inquiry Favorite Account Dengan beneficiaryAccountNo Tidak Pernah Ada","1692","inquiryFavoriteAccountWithNonExistentBeneficiaryAccountNo","Surefire suite","Mon Sep 28 12:36:25 UTC 2026","passed","Mon Sep 28 12:36:26 UTC 2026","testcases.settings.favoriteaccount.InquiryFavoriteAccountTest","Surefire test","testcases.settings.favoriteaccount.InquiryFavoriteAccountTest","inquiryFavoriteAccountWithNonExistentBeneficiaryAccountNo"
"Get List Group Company BO Menggunakan Login Marketing","4798","getListGroupCompanyWithMarketingLogin","Surefire suite","Mon Sep 28 11:57:05 UTC 2026","passed","Mon Sep 28 11:57:10 UTC 2026","testcases.backoffice.settlement.GetListGroupCompanyTest","Surefire test","testcases.backoffice.settlement.GetListGroupCompanyTest","getListGroupCompanyWithMarketingLogin"
"Test Get Report Transfer Company","10381","getReportTransferAdminCrypto","Surefire suite","Mon Sep 28 11:52:31 UTC 2026","passed","Mon Sep 28 11:52:41 UTC 2026","testcases.report.ReportTransferTest","Surefire test","testcases.report.ReportTransferTest","getReportTransferAdminCrypto"
"Mutasi Transfer Supervisor Balance","14723","mutasiTransferSupervisorBalance","Surefire suite","Mon Sep 28 14:19:01 UTC 2026","passed","Mon Sep 28 14:19:15 UTC 2026","testcases.mutasi.MutasiTransferTest","Surefire test","testcases.mutasi.MutasiTransferTest","mutasiTransferSupervisorBalance"
"Resend Google Authenticator Dengan Body Kosong ({}) - Tanpa email","5185","resendOtpGoogleWithEmptyBody","Surefire suite","Mon Sep 28 12:38:35 UTC 2026","passed","Mon Sep 28 12:38:40 UTC 2026","testcases.backoffice.googleauth.ResendOtpGoogleTest","Surefire test","testcases.backoffice.googleauth.ResendOtpGoogleTest","resendOtpGoogleWithEmptyBody"
"Delete Group Backoffice Dengan Header pbyv Salah","1546","deleteGroupWithWrongPbyvHeader","Surefire suite","Mon Sep 28 12:20:15 UTC 2026","passed","Mon Sep 28 12:20:17 UTC 2026","testcases.backoffice.group.DeleteGroupTest","Surefire test","testcases.backoffice.group.DeleteGroupTest","deleteGroupWithWrongPbyvHeader"
"Get Detail User Backoffice Menggunakan Login Merchant","7054","getUsersWithMerchantLogin","Surefire suite","Mon Sep 28 12:46:15 UTC 2026","passed","Mon Sep 28 12:46:22 UTC 2026","testcases.backoffice.users.ListUsersTest","Surefire test","testcases.backoffice.users.ListUsersTest","getUsersWithMerchantLogin"
"Get List Google Authenticator Dengan Body Berupa Literal null","4771","listOtpGoogleWithNullLiteralBody","Surefire suite","Mon Sep 28 12:44:19 UTC 2026","passed","Mon Sep 28 12:44:24 UTC 2026","testcases.backoffice.googleauth.ListOtpGoogleTest","Surefire test","testcases.backoffice.googleauth.ListOtpGoogleTest","listOtpGoogleWithNullLiteralBody"
"List Company Backoffice Dengan Page/Size Negatif - Menemukan Bug Gateway Timeout","5032","listCompanyWithNegativePageSize","Surefire suite","Mon Sep 28 12:41:00 UTC 2026","passed","Mon Sep 28 12:41:05 UTC 2026","testcases.backoffice.ListCompanyTest","Surefire test","testcases.backoffice.ListCompanyTest","listCompanyWithNegativePageSize"
"Delete Favorite Account Tanpa Field pin","42375","deleteFavoriteAccountWithoutPinField","Surefire suite","Mon Sep 28 12:02:00 UTC 2026","failed","Mon Sep 28 12:02:43 UTC 2026","testcases.settings.favoriteaccount.DeleteFavoriteAccountTest","Surefire test","testcases.settings.favoriteaccount.DeleteFavoriteAccountTest","deleteFavoriteAccountWithoutPinField"
"Refund Summary Dengan Field Tidak Dikenal pada Body","1748","getRefundWithUnknownField","Surefire suite","Mon Sep 28 12:38:24 UTC 2026","passed","Mon Sep 28 12:38:26 UTC 2026","testcases.backoffice.refund.GetRefundTest","Surefire test","testcases.backoffice.refund.GetRefundTest","getRefundWithUnknownField"
"Normal Special Transfer Success","12093","transfer","Surefire suite","Mon Sep 28 12:03:01 UTC 2026","passed","Mon Sep 28 12:03:14 UTC 2026","testcases.transfer.SpecialTransferTest","Surefire test","testcases.transfer.SpecialTransferTest","transfer"
"Request Refund Transfer Merchant","4840","refundTransferMerchant","Surefire suite","Mon Sep 28 12:42:04 UTC 2026","passed","Mon Sep 28 12:42:09 UTC 2026","testcases.transfer.RefundTransferTest","Surefire test","testcases.transfer.RefundTransferTest","refundTransferMerchant"
"Create Manage Settlement BO Tanpa Field companyList","4713","addManageSettlementWithoutCompanyList","Surefire suite","Mon Sep 28 12:07:05 UTC 2026","passed","Mon Sep 28 12:07:10 UTC 2026","testcases.backoffice.settlement.AddManageSettlementTest","Surefire test","testcases.backoffice.settlement.AddManageSettlementTest","addManageSettlementWithoutCompanyList"
"Get Notification Sender Dengan Ukuran Halaman Sangat Besar","15240","getNotificationSenderWithHugeSize","Surefire suite","Mon Sep 28 12:34:03 UTC 2026","passed","Mon Sep 28 12:34:19 UTC 2026","testcases.backoffice.notifsender.NotificationSenderTest","Surefire test","testcases.backoffice.notifsender.NotificationSenderTest","getNotificationSenderWithHugeSize"
"List User Backoffice Dengan Karakter SQL Injection pada Field Param - Menemukan Bug Gateway Timeout","5203","listUsersWithSqlInjectionParam","Surefire suite","Mon Sep 28 12:48:17 UTC 2026","passed","Mon Sep 28 12:48:22 UTC 2026","testcases.backoffice.users.ListUsersTest","Surefire test","testcases.backoffice.users.ListUsersTest","listUsersWithSqlInjectionParam"
"List Manage Settlement Backoffice Dengan Token Kadaluarsa","1530","listManageSettlementWithExpiredToken","Surefire suite","Mon Sep 28 12:42:54 UTC 2026","passed","Mon Sep 28 12:42:56 UTC 2026","testcases.backoffice.settlement.ManageSettlementTest","Surefire test","testcases.backoffice.settlement.ManageSettlementTest","listManageSettlementWithExpiredToken"
"Test Get Report RRN Dispute","4789","getReportRRNAdmin","Surefire suite","Mon Sep 28 11:53:35 UTC 2026","passed","Mon Sep 28 11:53:39 UTC 2026","testcases.report.ReportTransactionTest","Surefire test","testcases.report.ReportTransactionTest","getReportRRNAdmin"
"Get List Favorite Account Dengan page Melebihi Total Halaman","3480","getListFavoriteAccountWithPageBeyondTotalPages","Surefire suite","Mon Sep 28 14:28:02 UTC 2026","passed","Mon Sep 28 14:28:06 UTC 2026","testcases.settings.favoriteaccount.GetListFavoriteAccountTest","Surefire test","testcases.settings.favoriteaccount.GetListFavoriteAccountTest","getListFavoriteAccountWithPageBeyondTotalPages"
"Delete Favorite Account Dengan Content-Type text/plain","1485","deleteFavoriteAccountWithWrongContentType","Surefire suite","Mon Sep 28 11:58:01 UTC 2026","passed","Mon Sep 28 11:58:02 UTC 2026","testcases.settings.favoriteaccount.DeleteFavoriteAccountTest","Surefire test","testcases.settings.favoriteaccount.DeleteFavoriteAccountTest","deleteFavoriteAccountWithWrongContentType"
"Get Notification Sender Tanpa Body Sama Sekali","5140","getNotificationSenderWithoutBody","Surefire suite","Mon Sep 28 12:37:12 UTC 2026","passed","Mon Sep 28 12:37:17 UTC 2026","testcases.backoffice.notifsender.NotificationSenderTest","Surefire test","testcases.backoffice.notifsender.NotificationSenderTest","getNotificationSenderWithoutBody"
"List Currency USDT Dengan Body JSON Tidak Valid (Malformed)","1533","getCurrencyWithMalformedJson","Surefire suite","Mon Sep 28 12:08:57 UTC 2026","passed","Mon Sep 28 12:08:58 UTC 2026","testcases.backoffice.currency.GetCurrencyTest","Surefire test","testcases.backoffice.currency.GetCurrencyTest","getCurrencyWithMalformedJson"
"Delete Manage Settlement BO Tanpa Login/Header Auth","1496","deleteManageSettlementWithoutAuth","Surefire suite","Mon Sep 28 12:02:22 UTC 2026","passed","Mon Sep 28 12:02:23 UTC 2026","testcases.backoffice.settlement.DeleteManageSettlementTest","Surefire test","testcases.backoffice.settlement.DeleteManageSettlementTest","deleteManageSettlementWithoutAuth"
"Get List Group Company BO Menggunakan HTTP Method PATCH","4639","getListGroupCompanyWithPatchMethod","Surefire suite","Mon Sep 28 11:57:44 UTC 2026","passed","Mon Sep 28 11:57:49 UTC 2026","testcases.backoffice.settlement.GetListGroupCompanyTest","Surefire test","testcases.backoffice.settlement.GetListGroupCompanyTest","getListGroupCompanyWithPatchMethod"
"Transfer Different Partner Reference, Manual Transfer to Transfer","48538","trfPartnerRefManualFailed","Surefire suite","Mon Sep 28 12:04:10 UTC 2026","passed","Mon Sep 28 12:04:59 UTC 2026","testcases.transfer.SpecialTransferTest","Surefire test","testcases.transfer.SpecialTransferTest","trfPartnerRefManualFailed"
"Get List Group Company BO Tanpa Header groupName","9085","getListGroupCompanyWithoutGroupNameHeader","Surefire suite","Mon Sep 28 11:58:51 UTC 2026","passed","Mon Sep 28 11:59:00 UTC 2026","testcases.backoffice.settlement.GetListGroupCompanyTest","Surefire test","testcases.backoffice.settlement.GetListGroupCompanyTest","getListGroupCompanyWithoutGroupNameHeader"
"List Currency USDT Dengan Tipe Data Salah pada Field limit (String, Bukan Integer)","1602","getCurrencyWithInvalidFieldType","Surefire suite","Mon Sep 28 12:08:39 UTC 2026","passed","Mon Sep 28 12:08:40 UTC 2026","testcases.backoffice.currency.GetCurrencyTest","Surefire test","testcases.backoffice.currency.GetCurrencyTest","getCurrencyWithInvalidFieldType"
"Get Group Backoffice Menggunakan Login Admin Crypto","5929","getGroupWithAdminCryptoLogin","Surefire suite","Mon Sep 28 12:30:18 UTC 2026","passed","Mon Sep 28 12:30:24 UTC 2026","testcases.backoffice.GetDashboardTest","Surefire test","testcases.backoffice.GetDashboardTest","getGroupWithAdminCryptoLogin"
"Delete Google Authenticator Dengan Header Authorization Tanpa Skema Bearer","1669","deleteOtpGoogleWithMalformedAuthorizationHeader","Surefire suite","Mon Sep 28 11:53:48 UTC 2026","passed","Mon Sep 28 11:53:50 UTC 2026","testcases.backoffice.googleauth.DeleteOtpGoogleTest","Surefire test","testcases.backoffice.googleauth.DeleteOtpGoogleTest","deleteOtpGoogleWithMalformedAuthorizationHeader"
"Get History Transfer Test Admin","12508","historyTransferTestAdmin","Surefire suite","Mon Sep 28 13:57:58 UTC 2026","passed","Mon Sep 28 13:58:10 UTC 2026","testcases.history.HistoryTransferTest","Surefire test","testcases.history.HistoryTransferTest","historyTransferTestAdmin"
"Request Refund Transfer CS","4856","refundTransferCS","Surefire suite","Mon Sep 28 11:54:55 UTC 2026","passed","Mon Sep 28 11:55:00 UTC 2026","testcases.transfer.RefundTransferTest","Surefire test","testcases.transfer.RefundTransferTest","refundTransferCS"
"Transfer with Wrong Pin","49469","transferWrongPin","Surefire suite","Mon Sep 28 12:11:53 UTC 2026","failed","Mon Sep 28 12:12:43 UTC 2026","testcases.transfer.TransferTest","Surefire test","testcases.transfer.TransferTest","transferWrongPin"
"Get Detail Waiting Company Backoffice Dengan Token Tidak Valid","1485","getDetailWaitingCompanyWithInvalidToken","Surefire suite","Mon Sep 28 12:26:40 UTC 2026","passed","Mon Sep 28 12:26:42 UTC 2026","testcases.backoffice.GetDetailWaitingCompanyTest","Surefire test","testcases.backoffice.GetDetailWaitingCompanyTest","getDetailWaitingCompanyWithInvalidToken"
"Get List Google Authenticator Dengan Karakter SQL Injection pada Field param","5123","listOtpGoogleWithSqlInjectionParam","Surefire suite","Mon Sep 28 12:44:43 UTC 2026","passed","Mon Sep 28 12:44:48 UTC 2026","testcases.backoffice.googleauth.ListOtpGoogleTest","Surefire test","testcases.backoffice.googleauth.ListOtpGoogleTest","listOtpGoogleWithSqlInjectionParam"
"Delete Manage Settlement BO Ke Path yang Tidak Ada (Typo)","4804","deleteManageSettlementWithWrongPath","Surefire suite","Mon Sep 28 12:02:06 UTC 2026","passed","Mon Sep 28 12:02:11 UTC 2026","testcases.backoffice.settlement.DeleteManageSettlementTest","Surefire test","testcases.backoffice.settlement.DeleteManageSettlementTest","deleteManageSettlementWithWrongPath"
"Refund Summary Dengan endDate Bukan Format Tanggal","1645","getRefundWithInvalidEndDate","Surefire suite","Mon Sep 28 12:36:54 UTC 2026","passed","Mon Sep 28 12:36:55 UTC 2026","testcases.backoffice.refund.GetRefundTest","Surefire test","testcases.backoffice.refund.GetRefundTest","getRefundWithInvalidEndDate"
"Get User Backoffice Menggunakan Login Merchant","4986","getUserWithMerchantLogin","Surefire suite","Mon Sep 28 12:31:11 UTC 2026","passed","Mon Sep 28 12:31:16 UTC 2026","testcases.backoffice.GetDashboardTest","Surefire test","testcases.backoffice.GetDashboardTest","getUserWithMerchantLogin"
"Get Detail User Backoffice Tanpa User Id (Path Kosong) - Menemukan Bug Bad Gateway","4955","getUsersWithEmptyId","Surefire suite","Mon Sep 28 12:45:54 UTC 2026","passed","Mon Sep 28 12:45:59 UTC 2026","testcases.backoffice.users.ListUsersTest","Surefire test","testcases.backoffice.users.ListUsersTest","getUsersWithEmptyId"
"Refund Summary Menggunakan Login Marketing","4923","getRefundWithMarketingLogin","Surefire suite","Mon Sep 28 12:37:21 UTC 2026","passed","Mon Sep 28 12:37:26 UTC 2026","testcases.backoffice.refund.GetRefundTest","Surefire test","testcases.backoffice.refund.GetRefundTest","getRefundWithMarketingLogin"
"Create Manage Settlement BO","9683","addManageSettlementBO","Surefire suite","Mon Sep 28 12:02:46 UTC 2026","passed","Mon Sep 28 12:02:56 UTC 2026","testcases.backoffice.settlement.AddManageSettlementTest","Surefire test","testcases.backoffice.settlement.AddManageSettlementTest","addManageSettlementBO"
"Get List Group Backoffice Menggunakan Login Admin Crypto","4800","getListGroupWithAdminCryptoLogin","Surefire suite","Mon Sep 28 12:10:40 UTC 2026","passed","Mon Sep 28 12:10:45 UTC 2026","testcases.backoffice.group.GetListGroupTest","Surefire test","testcases.backoffice.group.GetListGroupTest","getListGroupWithAdminCryptoLogin"
"List Refund Menggunakan Login Supervisor","5429","listRefundWithSupervisorLogin","Surefire suite","Mon Sep 28 13:46:40 UTC 2026","passed","Mon Sep 28 13:46:45 UTC 2026","testcases.backoffice.ListRefundTest","Surefire test","testcases.backoffice.ListRefundTest","listRefundWithSupervisorLogin"
"Mutasi Special Transfer Supervisor","31414","mutasiSpecialTransferSupervisor","Surefire suite","Mon Sep 28 14:15:59 UTC 2026","passed","Mon Sep 28 14:16:30 UTC 2026","testcases.mutasi.MutasiTransferTest","Surefire test","testcases.mutasi.MutasiTransferTest","mutasiSpecialTransferSupervisor"
"Get Notification Sender Dengan Page/Size Negatif","4969","getNotificationSenderWithNegativePageSize","Surefire suite","Mon Sep 28 12:35:19 UTC 2026","passed","Mon Sep 28 12:35:24 UTC 2026","testcases.backoffice.notifsender.NotificationSenderTest","Surefire test","testcases.backoffice.notifsender.NotificationSenderTest","getNotificationSenderWithNegativePageSize"
"Get List Favorite Account Tanpa Body Sama Sekali","1803","getListFavoriteAccountWithoutBody","Surefire suite","Mon Sep 28 14:29:04 UTC 2026","passed","Mon Sep 28 14:29:06 UTC 2026","testcases.settings.favoriteaccount.GetListFavoriteAccountTest","Surefire test","testcases.settings.favoriteaccount.GetListFavoriteAccountTest","getListFavoriteAccountWithoutBody"
"List Refund Menggunakan Login Customer Service","5125","listRefundWithCSLogin","Surefire suite","Mon Sep 28 13:45:02 UTC 2026","passed","Mon Sep 28 13:45:07 UTC 2026","testcases.backoffice.ListRefundTest","Surefire test","testcases.backoffice.ListRefundTest","listRefundWithCSLogin"
"Login Merchant dengan Username Kosong","3067","testLoginEmptyUsername","Surefire suite","Mon Sep 28 11:54:15 UTC 2026","passed","Mon Sep 28 11:54:18 UTC 2026","testcases.auth.LoginTest","Surefire test","testcases.auth.LoginTest","testLoginEmptyUsername"
"Create Manage Settlement BO Menggunakan Login CS Admin","4713","addManageSettlementWithCSAdminLogin","Surefire suite","Mon Sep 28 12:03:22 UTC 2026","passed","Mon Sep 28 12:03:27 UTC 2026","testcases.backoffice.settlement.AddManageSettlementTest","Surefire test","testcases.backoffice.settlement.AddManageSettlementTest","addManageSettlementWithCSAdminLogin"
"Get History Special Transfer Supervisor on Login CS Admin","16421","historySpecialTransferSupervisorTestCSAdmin","Surefire suite","Mon Sep 28 13:55:07 UTC 2026","passed","Mon Sep 28 13:55:23 UTC 2026","testcases.history.HistoryTransferTest","Surefire test","testcases.history.HistoryTransferTest","historySpecialTransferSupervisorTestCSAdmin"
"Refund Summary Ke Path yang Tidak Ada (Typo)","1956","getRefundWithWrongPath","Surefire suite","Mon Sep 28 12:38:33 UTC 2026","passed","Mon Sep 28 12:38:35 UTC 2026","testcases.backoffice.refund.GetRefundTest","Surefire test","testcases.backoffice.refund.GetRefundTest","getRefundWithWrongPath"
"Get List Google Authenticator Dengan Body JSON Tidak Valid (Malformed)","5219","listOtpGoogleWithMalformedJson","Surefire suite","Mon Sep 28 12:43:39 UTC 2026","passed","Mon Sep 28 12:43:44 UTC 2026","testcases.backoffice.googleauth.ListOtpGoogleTest","Surefire test","testcases.backoffice.googleauth.ListOtpGoogleTest","listOtpGoogleWithMalformedJson"
"Get List Favorite Account Ke Path yang Tidak Ada (Typo)","1971","getListFavoriteAccountWithWrongPath","Surefire suite","Mon Sep 28 14:28:48 UTC 2026","passed","Mon Sep 28 14:28:50 UTC 2026","testcases.settings.favoriteaccount.GetListFavoriteAccountTest","Surefire test","testcases.settings.favoriteaccount.GetListFavoriteAccountTest","getListFavoriteAccountWithWrongPath"
"List Manage Settlement Backoffice Dengan Header Authorization Tanpa Skema Bearer","1484","listManageSettlementWithMalformedAuthorizationHeader","Surefire suite","Mon Sep 28 12:43:35 UTC 2026","passed","Mon Sep 28 12:43:36 UTC 2026","testcases.backoffice.settlement.ManageSettlementTest","Surefire test","testcases.backoffice.settlement.ManageSettlementTest","listManageSettlementWithMalformedAuthorizationHeader"
"Resend Google Authenticator Dengan Token Kadaluarsa","1545","resendOtpGoogleWithExpiredToken","Surefire suite","Mon Sep 28 12:38:51 UTC 2026","passed","Mon Sep 28 12:38:53 UTC 2026","testcases.backoffice.googleauth.ResendOtpGoogleTest","Surefire test","testcases.backoffice.googleauth.ResendOtpGoogleTest","resendOtpGoogleWithExpiredToken"
"Created Favorite Account Merchant","4854","createdFavoriteAccount","Surefire suite","Mon Sep 28 12:33:19 UTC 2026","failed","Mon Sep 28 12:33:24 UTC 2026","testcases.settings.favoriteaccount.CreatedFavoriteAccountTest","Surefire test","testcases.settings.favoriteaccount.CreatedFavoriteAccountTest","createdFavoriteAccount"
"Get Detail Waiting Company Backoffice Dengan Format Id Tidak Valid (Bukan ObjectId)","4946","getDetailWaitingCompanyWithMalformedId","Surefire suite","Mon Sep 28 12:26:49 UTC 2026","passed","Mon Sep 28 12:26:54 UTC 2026","testcases.backoffice.GetDetailWaitingCompanyTest","Surefire test","testcases.backoffice.GetDetailWaitingCompanyTest","getDetailWaitingCompanyWithMalformedId"
"Refund Summary Menggunakan Login Supervisor","6605","getRefundWithSupervisorLogin","Surefire suite","Mon Sep 28 12:38:14 UTC 2026","passed","Mon Sep 28 12:38:21 UTC 2026","testcases.backoffice.refund.GetRefundTest","Surefire test","testcases.backoffice.refund.GetRefundTest","getRefundWithSupervisorLogin"
"Delete Google Authenticator Menggunakan Login Customer Service","4782","deleteOtpGoogleWithCSLogin","Surefire suite","Mon Sep 28 11:53:08 UTC 2026","passed","Mon Sep 28 11:53:13 UTC 2026","testcases.backoffice.googleauth.DeleteOtpGoogleTest","Surefire test","testcases.backoffice.googleauth.DeleteOtpGoogleTest","deleteOtpGoogleWithCSLogin"
"Created Favorite Account Tanpa Field beneficiaryAccountNo","1796","createdFavoriteAccountWithoutBeneficiaryAccountNoField","Surefire suite","Mon Sep 28 12:35:06 UTC 2026","failed","Mon Sep 28 12:35:08 UTC 2026","testcases.settings.favoriteaccount.CreatedFavoriteAccountTest","Surefire test","testcases.settings.favoriteaccount.CreatedFavoriteAccountTest","createdFavoriteAccountWithoutBeneficiaryAccountNoField"
"Delete Favorite Account Dengan Body JSON Tidak Valid (Malformed)","1497","deleteFavoriteAccountWithMalformedJson","Surefire suite","Mon Sep 28 11:56:36 UTC 2026","passed","Mon Sep 28 11:56:37 UTC 2026","testcases.settings.favoriteaccount.DeleteFavoriteAccountTest","Surefire test","testcases.settings.favoriteaccount.DeleteFavoriteAccountTest","deleteFavoriteAccountWithMalformedJson"
"Get Detail Waiting Company Backoffice Menggunakan HTTP Method POST","4858","getDetailWaitingCompanyWithPostMethod","Surefire suite","Mon Sep 28 12:27:40 UTC 2026","passed","Mon Sep 28 12:27:45 UTC 2026","testcases.backoffice.GetDetailWaitingCompanyTest","Surefire test","testcases.backoffice.GetDetailWaitingCompanyTest","getDetailWaitingCompanyWithPostMethod"
"Delete Favorite Account Menggunakan HTTP Method PUT","1577","deleteFavoriteAccountWithPutMethod","Surefire suite","Mon Sep 28 11:56:54 UTC 2026","passed","Mon Sep 28 11:56:55 UTC 2026","testcases.settings.favoriteaccount.DeleteFavoriteAccountTest","Surefire test","testcases.settings.favoriteaccount.DeleteFavoriteAccountTest","deleteFavoriteAccountWithPutMethod"
"List Currency USDT Menggunakan HTTP Method PUT","1558","getCurrencyWithPutMethod","Surefire suite","Mon Sep 28 12:09:37 UTC 2026","passed","Mon Sep 28 12:09:38 UTC 2026","testcases.backoffice.currency.GetCurrencyTest","Surefire test","testcases.backoffice.currency.GetCurrencyTest","getCurrencyWithPutMethod"
"Mutasi Manual Transfer Balance","48953","mutasiManualTransferBalance","Surefire suite","Mon Sep 28 14:06:22 UTC 2026","passed","Mon Sep 28 14:07:11 UTC 2026","testcases.mutasi.MutasiTransferTest","Surefire test","testcases.mutasi.MutasiTransferTest","mutasiManualTransferBalance"
"Test Reject USDT","26368","rejectedUSDT","Surefire suite","Mon Sep 28 13:30:05 UTC 2026","passed","Mon Sep 28 13:30:32 UTC 2026","testcases.backoffice.ApprovalTransferTest","Surefire test","testcases.backoffice.ApprovalTransferTest","rejectedUSDT"
"List Refund Dengan Token Tidak Valid","1443","listRefundWithInvalidToken","Surefire suite","Mon Sep 28 13:45:54 UTC 2026","passed","Mon Sep 28 13:45:55 UTC 2026","testcases.backoffice.ListRefundTest","Surefire test","testcases.backoffice.ListRefundTest","listRefundWithInvalidToken"
"Created Favorite Account Menggunakan HTTP Method PUT","1593","createdFavoriteAccountWithPutMethod","Surefire suite","Mon Sep 28 12:34:29 UTC 2026","passed","Mon Sep 28 12:34:31 UTC 2026","testcases.settings.favoriteaccount.CreatedFavoriteAccountTest","Surefire test","testcases.settings.favoriteaccount.CreatedFavoriteAccountTest","createdFavoriteAccountWithPutMethod"
"Get Detail Waiting Company Backoffice Menggunakan Login Marketing","5196","getDetailWaitingCompanyWithMarketingLogin","Surefire suite","Mon Sep 28 12:26:57 UTC 2026","passed","Mon Sep 28 12:27:02 UTC 2026","testcases.backoffice.GetDetailWaitingCompanyTest","Surefire test","testcases.backoffice.GetDetailWaitingCompanyTest","getDetailWaitingCompanyWithMarketingLogin"
"Resend Google Authenticator Dengan email Berisi Karakter SQL Injection","4739","resendOtpGoogleWithSqlInjectionEmail","Surefire suite","Mon Sep 28 12:40:40 UTC 2026","passed","Mon Sep 28 12:40:44 UTC 2026","testcases.backoffice.googleauth.ResendOtpGoogleTest","Surefire test","testcases.backoffice.googleauth.ResendOtpGoogleTest","resendOtpGoogleWithSqlInjectionEmail"
"Normal Manual Transfer Success","14435","transfer","Surefire suite","Mon Sep 28 12:38:01 UTC 2026","passed","Mon Sep 28 12:38:15 UTC 2026","testcases.transfer.ManualTransferTest","Surefire test","testcases.transfer.ManualTransferTest","transfer"
"Get List Favorite Account Dengan Content-Type text/plain","2696","getListFavoriteAccountWithWrongContentType","Surefire suite","Mon Sep 28 14:28:43 UTC 2026","passed","Mon Sep 28 14:28:45 UTC 2026","testcases.settings.favoriteaccount.GetListFavoriteAccountTest","Surefire test","testcases.settings.favoriteaccount.GetListFavoriteAccountTest","getListFavoriteAccountWithWrongContentType"
"Refund Summary Dengan startDate null","1678","getRefundWithNullStartDate","Surefire suite","Mon Sep 28 12:37:41 UTC 2026","passed","Mon Sep 28 12:37:43 UTC 2026","testcases.backoffice.refund.GetRefundTest","Surefire test","testcases.backoffice.refund.GetRefundTest","getRefundWithNullStartDate"
"Delete Google Authenticator Menggunakan Login Supervisor","4850","deleteOtpGoogleWithSupervisorLogin","Surefire suite","Mon Sep 28 11:55:05 UTC 2026","passed","Mon Sep 28 11:55:10 UTC 2026","testcases.backoffice.googleauth.DeleteOtpGoogleTest","Surefire test","testcases.backoffice.googleauth.DeleteOtpGoogleTest","deleteOtpGoogleWithSupervisorLogin"
"Get List Group Backoffice Dengan Header Authorization Tanpa Skema Bearer","1568","getListGroupWithMalformedAuthorizationHeader","Surefire suite","Mon Sep 28 12:11:51 UTC 2026","passed","Mon Sep 28 12:11:52 UTC 2026","testcases.backoffice.group.GetListGroupTest","Surefire test","testcases.backoffice.group.GetListGroupTest","getListGroupWithMalformedAuthorizationHeader"
"Get List Favorite Account Menggunakan HTTP Method DELETE","4390","getListFavoriteAccountWithDeleteMethod","Surefire suite","Mon Sep 28 14:27:08 UTC 2026","passed","Mon Sep 28 14:27:13 UTC 2026","testcases.settings.favoriteaccount.GetListFavoriteAccountTest","Surefire test","testcases.settings.favoriteaccount.GetListFavoriteAccountTest","getListFavoriteAccountWithDeleteMethod"
"Delete Group Backoffice Menggunakan HTTP Method PUT","1515","deleteGroupWithPutMethod","Surefire suite","Mon Sep 28 12:19:36 UTC 2026","passed","Mon Sep 28 12:19:37 UTC 2026","testcases.backoffice.group.DeleteGroupTest","Surefire test","testcases.backoffice.group.DeleteGroupTest","deleteGroupWithPutMethod"
"Create Manage Settlement BO Dengan Body Kosong ({})","4861","addManageSettlementWithEmptyBody","Surefire suite","Mon Sep 28 12:03:58 UTC 2026","passed","Mon Sep 28 12:04:03 UTC 2026","testcases.backoffice.settlement.AddManageSettlementTest","Surefire test","testcases.backoffice.settlement.AddManageSettlementTest","addManageSettlementWithEmptyBody"
"Resend Google Authenticator Menggunakan Login Merchant","4648","resendOtpGoogleWithMerchantLogin","Surefire suite","Mon Sep 28 12:39:37 UTC 2026","passed","Mon Sep 28 12:39:42 UTC 2026","testcases.backoffice.googleauth.ResendOtpGoogleTest","Surefire test","testcases.backoffice.googleauth.ResendOtpGoogleTest","resendOtpGoogleWithMerchantLogin"
"Get List Group Backoffice Tanpa Field size","1747","getListGroupWithoutSizeField","Surefire suite","Mon Sep 28 12:13:47 UTC 2026","passed","Mon Sep 28 12:13:48 UTC 2026","testcases.backoffice.group.GetListGroupTest","Surefire test","testcases.backoffice.group.GetListGroupTest","getListGroupWithoutSizeField"
"List Refund Dengan Body Kosong ({})","5457","listRefundWithEmptyBody","Surefire suite","Mon Sep 28 13:45:10 UTC 2026","passed","Mon Sep 28 13:45:15 UTC 2026","testcases.backoffice.ListRefundTest","Surefire test","testcases.backoffice.ListRefundTest","listRefundWithEmptyBody"
"Get Notification Sender Dengan Body Kosong ({})","4826","getNotificationSenderWithEmptyBody","Surefire suite","Mon Sep 28 12:33:35 UTC 2026","passed","Mon Sep 28 12:33:40 UTC 2026","testcases.backoffice.notifsender.NotificationSenderTest","Surefire test","testcases.backoffice.notifsender.NotificationSenderTest","getNotificationSenderWithEmptyBody"
"Get Group Detail Backoffice Menggunakan HTTP Method POST","4568","getGroupDetailWithPostMethod","Surefire suite","Mon Sep 28 12:15:48 UTC 2026","passed","Mon Sep 28 12:15:52 UTC 2026","testcases.backoffice.group.GetGroupTest","Surefire test","testcases.backoffice.group.GetGroupTest","getGroupDetailWithPostMethod"
"Get Notification Sender Dengan Content-Type text/plain","5072","getNotificationSenderWithWrongContentType","Surefire suite","Mon Sep 28 12:36:43 UTC 2026","passed","Mon Sep 28 12:36:48 UTC 2026","testcases.backoffice.notifsender.NotificationSenderTest","Surefire test","testcases.backoffice.notifsender.NotificationSenderTest","getNotificationSenderWithWrongContentType"
"Add Currency CS Admin Path Menggunakan Login Supervisor","5843","addCurrencyWithSupervisorLogin","Surefire suite","Mon Sep 28 13:39:55 UTC 2026","passed","Mon Sep 28 13:40:00 UTC 2026","testcases.backoffice.currency.AddCurrencyTest","Surefire test","testcases.backoffice.currency.AddCurrencyTest","addCurrencyWithSupervisorLogin"
"Add Group Backoffice Dengan Body JSON Tidak Valid (Malformed)","1584","addGroupWithMalformedJson","Surefire suite","Mon Sep 28 12:23:48 UTC 2026","passed","Mon Sep 28 12:23:50 UTC 2026","testcases.backoffice.group.AddGroupTest","Surefire test","testcases.backoffice.group.AddGroupTest","addGroupWithMalformedJson"
"Get Balance Admin Crypto Transfer","5046","getBalanceAdminCrypto","Surefire suite","Mon Sep 28 11:56:21 UTC 2026","passed","Mon Sep 28 11:56:26 UTC 2026","testcases.balance.GetBalanceTransferTest","Surefire test","testcases.balance.GetBalanceTransferTest","getBalanceAdminCrypto"
"List Waiting Company Backoffice Dengan Karakter SQL Injection pada Field Param","5140","listWaitingCompanyWithSqlInjectionParam","Surefire suite","Mon Sep 28 12:34:56 UTC 2026","passed","Mon Sep 28 12:35:01 UTC 2026","testcases.backoffice.ListWaitingCompanyTest","Surefire test","testcases.backoffice.ListWaitingCompanyTest","listWaitingCompanyWithSqlInjectionParam"
"Mutasi Special Transfer CS","37747","mutasiSpecialTransferCS","Surefire suite","Mon Sep 28 14:15:18 UTC 2026","passed","Mon Sep 28 14:15:56 UTC 2026","testcases.mutasi.MutasiTransferTest","Surefire test","testcases.mutasi.MutasiTransferTest","mutasiSpecialTransferCS"
"List Company Backoffice Menggunakan Login Supervisor","5678","listCompanyWithSupervisorLogin","Surefire suite","Mon Sep 28 12:41:16 UTC 2026","passed","Mon Sep 28 12:41:22 UTC 2026","testcases.backoffice.ListCompanyTest","Surefire test","testcases.backoffice.ListCompanyTest","listCompanyWithSupervisorLogin"
"Add Group Backoffice Menggunakan HTTP Method PATCH","1779","addGroupWithPatchMethod","Surefire suite","Mon Sep 28 12:24:33 UTC 2026","passed","Mon Sep 28 12:24:35 UTC 2026","testcases.backoffice.group.AddGroupTest","Surefire test","testcases.backoffice.group.AddGroupTest","addGroupWithPatchMethod"
"Get List Group Backoffice Menggunakan Login Customer Service","4849","getListGroupWithCSLogin","Surefire suite","Mon Sep 28 12:11:11 UTC 2026","passed","Mon Sep 28 12:11:16 UTC 2026","testcases.backoffice.group.GetListGroupTest","Surefire test","testcases.backoffice.group.GetListGroupTest","getListGroupWithCSLogin"
"Get Detail Waiting Company Backoffice Menggunakan Login Supervisor","4806","getDetailWaitingCompanyWithSupervisorLogin","Surefire suite","Mon Sep 28 12:28:03 UTC 2026","passed","Mon Sep 28 12:28:08 UTC 2026","testcases.backoffice.GetDetailWaitingCompanyTest","Surefire test","testcases.backoffice.GetDetailWaitingCompanyTest","getDetailWaitingCompanyWithSupervisorLogin"
"Delete Manage Settlement BO","7976","deleteManageSettlementBO","Surefire suite","Mon Sep 28 11:59:10 UTC 2026","passed","Mon Sep 28 11:59:18 UTC 2026","testcases.backoffice.settlement.DeleteManageSettlementTest","Surefire test","testcases.backoffice.settlement.DeleteManageSettlementTest","deleteManageSettlementBO"
"Inquiry Favorite Account Dengan Content-Type text/plain","1626","inquiryFavoriteAccountWithWrongContentType","Surefire suite","Mon Sep 28 12:36:57 UTC 2026","passed","Mon Sep 28 12:36:59 UTC 2026","testcases.settings.favoriteaccount.InquiryFavoriteAccountTest","Surefire test","testcases.settings.favoriteaccount.InquiryFavoriteAccountTest","inquiryFavoriteAccountWithWrongContentType"
"Mutasi Special Transfer Balance Supervisor CS","39432","mutasiSpecialTransferBalanceSupervisorCS","Surefire suite","Mon Sep 28 14:14:36 UTC 2026","passed","Mon Sep 28 14:15:15 UTC 2026","testcases.mutasi.MutasiTransferTest","Surefire test","testcases.mutasi.MutasiTransferTest","mutasiSpecialTransferBalanceSupervisorCS"
"Test Approved USDT","21200","approvedUSDT","Surefire suite","Mon Sep 28 13:24:24 UTC 2026","passed","Mon Sep 28 13:24:45 UTC 2026","testcases.backoffice.ApprovalTransferTest","Surefire test","testcases.backoffice.ApprovalTransferTest","approvedUSDT"
"Delete Group Backoffice Dengan Token Kadaluarsa","1600","deleteGroupWithExpiredToken","Surefire suite","Mon Sep 28 12:18:13 UTC 2026","passed","Mon Sep 28 12:18:15 UTC 2026","testcases.backoffice.group.DeleteGroupTest","Surefire test","testcases.backoffice.group.DeleteGroupTest","deleteGroupWithExpiredToken"
"Get History Special Transfer Test Admin Crypto","9286","historySpecialTransferTestAdminCrypto","Surefire suite","Mon Sep 28 13:56:02 UTC 2026","passed","Mon Sep 28 13:56:12 UTC 2026","testcases.history.HistoryTransferTest","Surefire test","testcases.history.HistoryTransferTest","historySpecialTransferTestAdminCrypto"
"Wrong Password Login Merchant","3302","testLoginWrongPassword","Surefire suite","Mon Sep 28 11:55:17 UTC 2026","passed","Mon Sep 28 11:55:20 UTC 2026","testcases.auth.LoginTest","Surefire test","testcases.auth.LoginTest","testLoginWrongPassword"
"Get List Group Backoffice Menggunakan HTTP Method PUT","1686","getListGroupWithPutMethod","Surefire suite","Mon Sep 28 12:12:43 UTC 2026","passed","Mon Sep 28 12:12:45 UTC 2026","testcases.backoffice.group.GetListGroupTest","Surefire test","testcases.backoffice.group.GetListGroupTest","getListGroupWithPutMethod"
"Get Group Detail Backoffice Menggunakan Login Supervisor","4669","getGroupDetailWithSupervisorLogin","Surefire suite","Mon Sep 28 12:16:11 UTC 2026","passed","Mon Sep 28 12:16:15 UTC 2026","testcases.backoffice.group.GetGroupTest","Surefire test","testcases.backoffice.group.GetGroupTest","getGroupDetailWithSupervisorLogin"
"Delete Google Authenticator Menggunakan Login Marketing","5497","deleteOtpGoogleWithMarketingLogin","Surefire suite","Mon Sep 28 11:54:01 UTC 2026","passed","Mon Sep 28 11:54:07 UTC 2026","testcases.backoffice.googleauth.DeleteOtpGoogleTest","Surefire test","testcases.backoffice.googleauth.DeleteOtpGoogleTest","deleteOtpGoogleWithMarketingLogin"
"Delete Group Backoffice Dengan Format id Tidak Valid (Bukan ObjectId)","1552","deleteGroupWithInvalidIdFormat","Surefire suite","Mon Sep 28 12:18:27 UTC 2026","passed","Mon Sep 28 12:18:28 UTC 2026","testcases.backoffice.group.DeleteGroupTest","Surefire test","testcases.backoffice.group.DeleteGroupTest","deleteGroupWithInvalidIdFormat"
"","4982","listSettlement","Surefire suite","Mon Sep 28 12:48:46 UTC 2026","passed","Mon Sep 28 12:48:51 UTC 2026","testcases.backoffice.ListTransferTest","Surefire test","testcases.backoffice.ListTransferTest","listSettlement"
"Resend Google Authenticator Menggunakan HTTP Method PUT","4824","resendOtpGoogleWithPutMethod","Surefire suite","Mon Sep 28 12:40:32 UTC 2026","passed","Mon Sep 28 12:40:37 UTC 2026","testcases.backoffice.googleauth.ResendOtpGoogleTest","Surefire test","testcases.backoffice.googleauth.ResendOtpGoogleTest","resendOtpGoogleWithPutMethod"
"Reset Pin Marketing","5007","resetPinMarketing","Surefire suite","Mon Sep 28 11:52:57 UTC 2026","passed","Mon Sep 28 11:53:02 UTC 2026","testcases.settings.ResetPinTest","Surefire test","testcases.settings.ResetPinTest","resetPinMarketing"
"Inquiry Favorite Account Ke Path yang Tidak Ada (Typo)","1805","inquiryFavoriteAccountWithWrongPath","Surefire suite","Mon Sep 28 12:37:08 UTC 2026","passed","Mon Sep 28 12:37:10 UTC 2026","testcases.settings.favoriteaccount.InquiryFavoriteAccountTest","Surefire test","testcases.settings.favoriteaccount.InquiryFavoriteAccountTest","inquiryFavoriteAccountWithWrongPath"
"Create Manage Settlement BO Menggunakan Login Admin","4594","addManageSettlementWithAdminLogin","Surefire suite","Mon Sep 28 12:03:07 UTC 2026","passed","Mon Sep 28 12:03:11 UTC 2026","testcases.backoffice.settlement.AddManageSettlementTest","Surefire test","testcases.backoffice.settlement.AddManageSettlementTest","addManageSettlementWithAdminLogin"
"List Refund Menggunakan Login Merchant","5838","listRefundWithMerchantLogin","Surefire suite","Mon Sep 28 13:46:14 UTC 2026","passed","Mon Sep 28 13:46:20 UTC 2026","testcases.backoffice.ListRefundTest","Surefire test","testcases.backoffice.ListRefundTest","listRefundWithMerchantLogin"
