"DESCRIPTION","DURATION IN MS","NAME","PARENT SUITE","START TIME","STATUS","STOP TIME","SUB SUITE","SUITE","TEST CLASS","TEST METHOD"
"Test Get Report Transfer Merchant","12083","getReportTransferAdmin","Surefire suite","Fri Oct 02 06:58:23 UTC 2026","passed","Fri Oct 02 06:58:35 UTC 2026","testcases.report.ReportTransactionTest","Surefire test","testcases.report.ReportTransactionTest","getReportTransferAdmin"
"List Waiting Company Backoffice Dengan Content-Type text/plain","4505","listWaitingCompanyWithWrongContentType","Surefire suite","Fri Oct 02 07:39:29 UTC 2026","passed","Fri Oct 02 07:39:33 UTC 2026","testcases.backoffice.ListWaitingCompanyTest","Surefire test","testcases.backoffice.ListWaitingCompanyTest","listWaitingCompanyWithWrongContentType"
"Mutasi Transaction Admin","7795","mutasiAdmin","Surefire suite","Fri Oct 02 08:52:38 UTC 2026","passed","Fri Oct 02 08:52:46 UTC 2026","testcases.mutasi.MutasiTransferTest","Surefire test","testcases.mutasi.MutasiTransferTest","mutasiAdmin"
"Refund Summary Tanpa Login/Header Auth","1408","getRefundWithoutAuth","Surefire suite","Fri Oct 02 07:46:38 UTC 2026","passed","Fri Oct 02 07:46:39 UTC 2026","testcases.backoffice.refund.GetRefundTest","Surefire test","testcases.backoffice.refund.GetRefundTest","getRefundWithoutAuth"
"Get Notification Sender Dengan Page/Size Negatif","4547","getNotificationSenderWithNegativePageSize","Surefire suite","Fri Oct 02 07:37:02 UTC 2026","passed","Fri Oct 02 07:37:06 UTC 2026","testcases.backoffice.notifsender.NotificationSenderTest","Surefire test","testcases.backoffice.notifsender.NotificationSenderTest","getNotificationSenderWithNegativePageSize"
"Add Group Backoffice Dengan Nama Sama Namun Field Fee Berbeda","3114","addGroupWithDuplicateNameDifferentFees","Surefire suite","Fri Oct 02 07:04:47 UTC 2026","passed","Fri Oct 02 07:04:50 UTC 2026","testcases.backoffice.group.AddGroupTest","Surefire test","testcases.backoffice.group.AddGroupTest","addGroupWithDuplicateNameDifferentFees"
"Inquiry Favorite Account Dengan Header credentialId Salah","1446","inquiryFavoriteAccountWithWrongCredentialIdHeader","Surefire suite","Fri Oct 02 07:37:59 UTC 2026","failed","Fri Oct 02 07:38:00 UTC 2026","testcases.settings.favoriteaccount.InquiryFavoriteAccountTest","Surefire test","testcases.settings.favoriteaccount.InquiryFavoriteAccountTest","inquiryFavoriteAccountWithWrongCredentialIdHeader"
"Add Group Backoffice Tanpa Body Sama Sekali","1401","addGroupWithoutBody","Surefire suite","Fri Oct 02 07:07:29 UTC 2026","passed","Fri Oct 02 07:07:31 UTC 2026","testcases.backoffice.group.AddGroupTest","Surefire test","testcases.backoffice.group.AddGroupTest","addGroupWithoutBody"
"List Manage Settlement Backoffice Menggunakan HTTP Method DELETE","4316","listManageSettlementWithDeleteMethod","Surefire suite","Fri Oct 02 07:43:49 UTC 2026","passed","Fri Oct 02 07:43:54 UTC 2026","testcases.backoffice.settlement.ManageSettlementTest","Surefire test","testcases.backoffice.settlement.ManageSettlementTest","listManageSettlementWithDeleteMethod"
"Delete Group Backoffice Dengan Content-Type text/plain","1457","deleteGroupWithWrongContentType","Surefire suite","Fri Oct 02 06:59:56 UTC 2026","passed","Fri Oct 02 06:59:58 UTC 2026","testcases.backoffice.group.DeleteGroupTest","Surefire test","testcases.backoffice.group.DeleteGroupTest","deleteGroupWithWrongContentType"
"Inquiry Test Transfer Admin Crypto","4629","inquiryTransferAdminCrypto","Surefire suite","Fri Oct 02 06:59:30 UTC 2026","passed","Fri Oct 02 06:59:35 UTC 2026","testcases.transfer.InquiryTransferTest","Surefire test","testcases.transfer.InquiryTransferTest","inquiryTransferAdminCrypto"
"Get Notification Sender Menggunakan HTTP Method PUT","4363","getNotificationSenderWithPutMethod","Surefire suite","Fri Oct 02 07:37:40 UTC 2026","passed","Fri Oct 02 07:37:44 UTC 2026","testcases.backoffice.notifsender.NotificationSenderTest","Surefire test","testcases.backoffice.notifsender.NotificationSenderTest","getNotificationSenderWithPutMethod"
"List Currency USDT Dengan Payload XSS pada Field Param","1688","getCurrencyWithXssParam","Surefire suite","Fri Oct 02 07:32:57 UTC 2026","passed","Fri Oct 02 07:32:59 UTC 2026","testcases.backoffice.currency.GetCurrencyTest","Surefire test","testcases.backoffice.currency.GetCurrencyTest","getCurrencyWithXssParam"
"Inquiry Test Flop Transfer Merchant Supervisor","5643","inquiryFlopTransferSupervisor","Surefire suite","Fri Oct 02 07:00:24 UTC 2026","passed","Fri Oct 02 07:00:30 UTC 2026","testcases.transfer.InquiryFlopTransferTest","Surefire test","testcases.transfer.InquiryFlopTransferTest","inquiryFlopTransferSupervisor"
"Inquiry Favorite Account Dengan beneficiaryAccountNo Tidak Pernah Ada","2232","inquiryFavoriteAccountWithNonExistentBeneficiaryAccountNo","Surefire suite","Fri Oct 02 07:37:22 UTC 2026","failed","Fri Oct 02 07:37:25 UTC 2026","testcases.settings.favoriteaccount.InquiryFavoriteAccountTest","Surefire test","testcases.settings.favoriteaccount.InquiryFavoriteAccountTest","inquiryFavoriteAccountWithNonExistentBeneficiaryAccountNo"
"Mutasi Manual Transfer Balance CS","30644","mutasiManualTransferBalanceCS","Surefire suite","Fri Oct 02 08:54:05 UTC 2026","passed","Fri Oct 02 08:54:36 UTC 2026","testcases.mutasi.MutasiTransferTest","Surefire test","testcases.mutasi.MutasiTransferTest","mutasiManualTransferBalanceCS"
"Get List Google Authenticator Menggunakan Login Customer Service","4526","listOtpGoogleWithCSLogin","Surefire suite","Fri Oct 02 07:40:26 UTC 2026","passed","Fri Oct 02 07:40:31 UTC 2026","testcases.backoffice.googleauth.ListOtpGoogleTest","Surefire test","testcases.backoffice.googleauth.ListOtpGoogleTest","listOtpGoogleWithCSLogin"
"Add Currency USDT Backoffice","8395","addCurrencyBO","Surefire suite","Fri Oct 02 08:26:47 UTC 2026","passed","Fri Oct 02 08:26:55 UTC 2026","testcases.backoffice.currency.AddCurrencyTest","Surefire test","testcases.backoffice.currency.AddCurrencyTest","addCurrencyBO"
"Create Manage Settlement BO Menggunakan Login Admin","5573","addManageSettlementWithAdminLogin","Surefire suite","Fri Oct 02 07:17:35 UTC 2026","passed","Fri Oct 02 07:17:41 UTC 2026","testcases.backoffice.settlement.AddManageSettlementTest","Surefire test","testcases.backoffice.settlement.AddManageSettlementTest","addManageSettlementWithAdminLogin"
"Special Transfer Success with before and after Balance","10305","specialTransferSupervisor","Surefire suite","Fri Oct 02 07:00:57 UTC 2026","passed","Fri Oct 02 07:01:07 UTC 2026","testcases.transfer.SpecialTransferTest","Surefire test","testcases.transfer.SpecialTransferTest","specialTransferSupervisor"
"Get Group Backoffice Menggunakan Login Admin Crypto","4432","getGroupWithAdminCryptoLogin","Surefire suite","Fri Oct 02 07:29:22 UTC 2026","passed","Fri Oct 02 07:29:26 UTC 2026","testcases.backoffice.GetDashboardTest","Surefire test","testcases.backoffice.GetDashboardTest","getGroupWithAdminCryptoLogin"
"Get Group Detail Backoffice Dengan Group Id Berisi Karakter SQL Injection","4618","getGroupDetailWithSqlInjectionId","Surefire suite","Fri Oct 02 07:09:50 UTC 2026","passed","Fri Oct 02 07:09:54 UTC 2026","testcases.backoffice.group.GetGroupTest","Surefire test","testcases.backoffice.group.GetGroupTest","getGroupDetailWithSqlInjectionId"
"Get History Special Transfer Test Admin","11021","historySpecialTransferTestAdmin","Surefire suite","Fri Oct 02 08:44:11 UTC 2026","passed","Fri Oct 02 08:44:22 UTC 2026","testcases.history.HistoryTransferTest","Surefire test","testcases.history.HistoryTransferTest","historySpecialTransferTestAdmin"
"List Company Backoffice Dengan Page/Size Negatif - Menemukan Bug Gateway Timeout","4411","listCompanyWithNegativePageSize","Surefire suite","Fri Oct 02 07:36:30 UTC 2026","passed","Fri Oct 02 07:36:35 UTC 2026","testcases.backoffice.ListCompanyTest","Surefire test","testcases.backoffice.ListCompanyTest","listCompanyWithNegativePageSize"
"List Waiting Company Backoffice Dengan Body Kosong ({})","4610","listWaitingCompanyWithEmptyBody","Surefire suite","Fri Oct 02 07:37:57 UTC 2026","passed","Fri Oct 02 07:38:02 UTC 2026","testcases.backoffice.ListWaitingCompanyTest","Surefire test","testcases.backoffice.ListWaitingCompanyTest","listWaitingCompanyWithEmptyBody"
"Get Dashboard Backoffice Tanpa Login/Header Auth","1424","getDashboardWithoutAuth","Surefire suite","Fri Oct 02 07:29:09 UTC 2026","passed","Fri Oct 02 07:29:11 UTC 2026","testcases.backoffice.GetDashboardTest","Surefire test","testcases.backoffice.GetDashboardTest","getDashboardWithoutAuth"
"Transfer Different Partner Reference, Manual Transfer to Transfer","46970","trfPartnerRefManualFailed","Surefire suite","Fri Oct 02 07:01:58 UTC 2026","failed","Fri Oct 02 07:02:45 UTC 2026","testcases.transfer.SpecialTransferTest","Surefire test","testcases.transfer.SpecialTransferTest","trfPartnerRefManualFailed"
"Refund Summary Dengan Content-Type text/plain","1406","getRefundWithWrongContentType","Surefire suite","Fri Oct 02 07:46:20 UTC 2026","passed","Fri Oct 02 07:46:21 UTC 2026","testcases.backoffice.refund.GetRefundTest","Surefire test","testcases.backoffice.refund.GetRefundTest","getRefundWithWrongContentType"
"Get List Google Authenticator Menggunakan HTTP Method PUT","4434","listOtpGoogleWithPutMethod","Surefire suite","Fri Oct 02 07:42:26 UTC 2026","passed","Fri Oct 02 07:42:30 UTC 2026","testcases.backoffice.googleauth.ListOtpGoogleTest","Surefire test","testcases.backoffice.googleauth.ListOtpGoogleTest","listOtpGoogleWithPutMethod"
"Refund Summary Dengan startDate Hanya Tanggal (Tanpa Waktu/Zona)","1431","getRefundWithDateOnlyFormat","Surefire suite","Fri Oct 02 07:44:16 UTC 2026","passed","Fri Oct 02 07:44:17 UTC 2026","testcases.backoffice.refund.GetRefundTest","Surefire test","testcases.backoffice.refund.GetRefundTest","getRefundWithDateOnlyFormat"
"Get History Special Transfer Test Admin Crypto","7916","historySpecialTransferTestAdminCrypto","Surefire suite","Fri Oct 02 08:44:25 UTC 2026","passed","Fri Oct 02 08:44:33 UTC 2026","testcases.history.HistoryTransferTest","Surefire test","testcases.history.HistoryTransferTest","historySpecialTransferTestAdminCrypto"
"Get List Group Backoffice Menggunakan Login Admin Crypto","4442","getListGroupWithAdminCryptoLogin","Surefire suite","Fri Oct 02 07:00:44 UTC 2026","passed","Fri Oct 02 07:00:49 UTC 2026","testcases.backoffice.group.GetListGroupTest","Surefire test","testcases.backoffice.group.GetListGroupTest","getListGroupWithAdminCryptoLogin"
"Get List Favorite Account Dengan Content-Type text/plain","1527","getListFavoriteAccountWithWrongContentType","Surefire suite","Fri Oct 02 09:12:01 UTC 2026","passed","Fri Oct 02 09:12:02 UTC 2026","testcases.settings.favoriteaccount.GetListFavoriteAccountTest","Surefire test","testcases.settings.favoriteaccount.GetListFavoriteAccountTest","getListFavoriteAccountWithWrongContentType"
"Inquiry Test Manual Transfer Merchant Supervisor","4926","inquiryManualTransferSupervisor","Surefire suite","Fri Oct 02 07:00:33 UTC 2026","passed","Fri Oct 02 07:00:38 UTC 2026","testcases.transfer.InquiryManualTransferTest","Surefire test","testcases.transfer.InquiryManualTransferTest","inquiryManualTransferSupervisor"
"List Currency USDT Dengan Ukuran Halaman Sangat Besar","1950","getCurrencyWithHugeSize","Surefire suite","Fri Oct 02 07:31:22 UTC 2026","passed","Fri Oct 02 07:31:24 UTC 2026","testcases.backoffice.currency.GetCurrencyTest","Surefire test","testcases.backoffice.currency.GetCurrencyTest","getCurrencyWithHugeSize"
"Delete Favorite Account Ke Path yang Tidak Ada (Typo)","1858","deleteFavoriteAccountWithWrongPath","Surefire suite","Fri Oct 02 07:11:01 UTC 2026","passed","Fri Oct 02 07:11:03 UTC 2026","testcases.settings.favoriteaccount.DeleteFavoriteAccountTest","Surefire test","testcases.settings.favoriteaccount.DeleteFavoriteAccountTest","deleteFavoriteAccountWithWrongPath"
"List Company Backoffice Dengan Body Kosong ({})","5017","listCompanyWithEmptyBody","Surefire suite","Fri Oct 02 07:35:20 UTC 2026","passed","Fri Oct 02 07:35:25 UTC 2026","testcases.backoffice.ListCompanyTest","Surefire test","testcases.backoffice.ListCompanyTest","listCompanyWithEmptyBody"
"List Waiting Company Backoffice Dengan Body Berupa JSON Array ([])","4380","listWaitingCompanyWithArrayBody","Surefire suite","Fri Oct 02 07:37:42 UTC 2026","passed","Fri Oct 02 07:37:47 UTC 2026","testcases.backoffice.ListWaitingCompanyTest","Surefire test","testcases.backoffice.ListWaitingCompanyTest","listWaitingCompanyWithArrayBody"
"Resend Google Authenticator","4762","resendOtpGoogleBO","Surefire suite","Fri Oct 02 07:39:08 UTC 2026","passed","Fri Oct 02 07:39:12 UTC 2026","testcases.backoffice.googleauth.ResendOtpGoogleTest","Surefire test","testcases.backoffice.googleauth.ResendOtpGoogleTest","resendOtpGoogleBO"
"Resend Google Authenticator Dengan email Kosong","4409","resendOtpGoogleWithEmptyEmail","Surefire suite","Fri Oct 02 07:40:09 UTC 2026","passed","Fri Oct 02 07:40:14 UTC 2026","testcases.backoffice.googleauth.ResendOtpGoogleTest","Surefire test","testcases.backoffice.googleauth.ResendOtpGoogleTest","resendOtpGoogleWithEmptyEmail"
"Delete Group Backoffice Dengan Body Berupa Literal null","1434","deleteGroupWithNullLiteralBody","Surefire suite","Fri Oct 02 06:59:22 UTC 2026","passed","Fri Oct 02 06:59:23 UTC 2026","testcases.backoffice.group.DeleteGroupTest","Surefire test","testcases.backoffice.group.DeleteGroupTest","deleteGroupWithNullLiteralBody"
"Create Manage Settlement BO Menggunakan Login Merchant","4650","addManageSettlementWithMerchantLogin","Surefire suite","Fri Oct 02 07:19:41 UTC 2026","passed","Fri Oct 02 07:19:46 UTC 2026","testcases.backoffice.settlement.AddManageSettlementTest","Surefire test","testcases.backoffice.settlement.AddManageSettlementTest","addManageSettlementWithMerchantLogin"
"Get List Group Company BO Dengan Header groupName Kosong","4434","getListGroupCompanyWithEmptyGroupNameHeader","Surefire suite","Fri Oct 02 07:11:18 UTC 2026","passed","Fri Oct 02 07:11:22 UTC 2026","testcases.backoffice.settlement.GetListGroupCompanyTest","Surefire test","testcases.backoffice.settlement.GetListGroupCompanyTest","getListGroupCompanyWithEmptyGroupNameHeader"
"Create Manage Settlement BO Menggunakan Login Admin Crypto","4419","addManageSettlementWithAdminCryptoLogin","Surefire suite","Fri Oct 02 07:17:28 UTC 2026","passed","Fri Oct 02 07:17:32 UTC 2026","testcases.backoffice.settlement.AddManageSettlementTest","Surefire test","testcases.backoffice.settlement.AddManageSettlementTest","addManageSettlementWithAdminCryptoLogin"
"Create Manage Settlement BO Dengan Token Tidak Valid","1420","addManageSettlementWithInvalidToken","Surefire suite","Fri Oct 02 07:19:10 UTC 2026","passed","Fri Oct 02 07:19:11 UTC 2026","testcases.backoffice.settlement.AddManageSettlementTest","Surefire test","testcases.backoffice.settlement.AddManageSettlementTest","addManageSettlementWithInvalidToken"
"Get List Favorite Account Dengan Body Berupa Literal null","1486","getListFavoriteAccountWithNullLiteralBody","Surefire suite","Fri Oct 02 09:11:23 UTC 2026","passed","Fri Oct 02 09:11:25 UTC 2026","testcases.settings.favoriteaccount.GetListFavoriteAccountTest","Surefire test","testcases.settings.favoriteaccount.GetListFavoriteAccountTest","getListFavoriteAccountWithNullLiteralBody"
"List Refund Dengan Field Range Berisi Nilai Tidak Valid","4497","listRefundWithInvalidRange","Surefire suite","Fri Oct 02 08:35:08 UTC 2026","passed","Fri Oct 02 08:35:13 UTC 2026","testcases.backoffice.ListRefundTest","Surefire test","testcases.backoffice.ListRefundTest","listRefundWithInvalidRange"
"Get Dashboard Backoffice Menggunakan Login Admin Crypto","4815","getDashboardWithAdminCryptoLogin","Surefire suite","Fri Oct 02 07:28:12 UTC 2026","passed","Fri Oct 02 07:28:16 UTC 2026","testcases.backoffice.GetDashboardTest","Surefire test","testcases.backoffice.GetDashboardTest","getDashboardWithAdminCryptoLogin"
"Delete Group Backoffice Dengan Header pbyv Salah","1451","deleteGroupWithWrongPbyvHeader","Surefire suite","Fri Oct 02 07:00:05 UTC 2026","passed","Fri Oct 02 07:00:07 UTC 2026","testcases.backoffice.group.DeleteGroupTest","Surefire test","testcases.backoffice.group.DeleteGroupTest","deleteGroupWithWrongPbyvHeader"
"Get List Group Backoffice Dengan Body Kosong ({})","1610","getListGroupWithEmptyBody","Surefire suite","Fri Oct 02 07:01:27 UTC 2026","passed","Fri Oct 02 07:01:28 UTC 2026","testcases.backoffice.group.GetListGroupTest","Surefire test","testcases.backoffice.group.GetListGroupTest","getListGroupWithEmptyBody"
"Get List Google Authenticator Dengan Ukuran Halaman Sangat Besar","4418","listOtpGoogleWithHugeSize","Surefire suite","Fri Oct 02 07:41:01 UTC 2026","passed","Fri Oct 02 07:41:06 UTC 2026","testcases.backoffice.googleauth.ListOtpGoogleTest","Surefire test","testcases.backoffice.googleauth.ListOtpGoogleTest","listOtpGoogleWithHugeSize"
"Add Group Backoffice Menggunakan HTTP Method PATCH","1409","addGroupWithPatchMethod","Surefire suite","Fri Oct 02 07:06:26 UTC 2026","passed","Fri Oct 02 07:06:27 UTC 2026","testcases.backoffice.group.AddGroupTest","Surefire test","testcases.backoffice.group.AddGroupTest","addGroupWithPatchMethod"
"List Waiting Company Backoffice Menggunakan HTTP Method GET","4411","listWaitingCompanyWithGetMethod","Surefire suite","Fri Oct 02 07:38:05 UTC 2026","passed","Fri Oct 02 07:38:09 UTC 2026","testcases.backoffice.ListWaitingCompanyTest","Surefire test","testcases.backoffice.ListWaitingCompanyTest","listWaitingCompanyWithGetMethod"
"Test Get Report Transaction Merchant","4782","getReportTransactionMerchant","Surefire suite","Fri Oct 02 07:44:04 UTC 2026","passed","Fri Oct 02 07:44:09 UTC 2026","testcases.report.ReportTransactionTest","Surefire test","testcases.report.ReportTransactionTest","getReportTransactionMerchant"
"Get List Group Backoffice Menggunakan Login Merchant","4520","getListGroupWithMerchantLogin","Surefire suite","Fri Oct 02 07:02:10 UTC 2026","passed","Fri Oct 02 07:02:15 UTC 2026","testcases.backoffice.group.GetListGroupTest","Surefire test","testcases.backoffice.group.GetListGroupTest","getListGroupWithMerchantLogin"
"Check Status QR CS","13814","checkStatusQRCS","Surefire suite","Fri Oct 02 07:55:11 UTC 2026","passed","Fri Oct 02 07:55:25 UTC 2026","testcases.QR.CheckStatusQRTest","Surefire test","testcases.QR.CheckStatusQRTest","checkStatusQRCS"
"Delete Favorite Account Supervisor","6411","deleteFavoriteAccountSupervisor","Surefire suite","Fri Oct 02 08:09:31 UTC 2026","passed","Fri Oct 02 08:09:38 UTC 2026","testcases.settings.favoriteaccount.DeleteFavoriteAccountTest","Surefire test","testcases.settings.favoriteaccount.DeleteFavoriteAccountTest","deleteFavoriteAccountSupervisor"
"Get List Favorite Account Dengan Karakter SQL Injection pada sort","1567","getListFavoriteAccountWithSqlInjectionSort","Surefire suite","Fri Oct 02 09:11:47 UTC 2026","passed","Fri Oct 02 09:11:49 UTC 2026","testcases.settings.favoriteaccount.GetListFavoriteAccountTest","Surefire test","testcases.settings.favoriteaccount.GetListFavoriteAccountTest","getListFavoriteAccountWithSqlInjectionSort"
"Add Group Backoffice","4465","addGroupBO","Surefire suite","Fri Oct 02 07:03:51 UTC 2026","passed","Fri Oct 02 07:03:56 UTC 2026","testcases.backoffice.group.AddGroupTest","Surefire test","testcases.backoffice.group.AddGroupTest","addGroupBO"
"Resend Google Authenticator Menggunakan Login Admin","4405","resendOtpGoogleWithAdminLogin","Surefire suite","Fri Oct 02 07:39:23 UTC 2026","passed","Fri Oct 02 07:39:27 UTC 2026","testcases.backoffice.googleauth.ResendOtpGoogleTest","Surefire test","testcases.backoffice.googleauth.ResendOtpGoogleTest","resendOtpGoogleWithAdminLogin"
"Normal Transfer Success","6733","transferAdminCrypto","Surefire suite","Fri Oct 02 06:58:29 UTC 2026","passed","Fri Oct 02 06:58:36 UTC 2026","testcases.transfer.TransferTest","Surefire test","testcases.transfer.TransferTest","transferAdminCrypto"
"Refund Summary Dengan Body JSON Tidak Valid (Malformed)","1432","getRefundWithMalformedJson","Surefire suite","Fri Oct 02 07:45:10 UTC 2026","passed","Fri Oct 02 07:45:12 UTC 2026","testcases.backoffice.refund.GetRefundTest","Surefire test","testcases.backoffice.refund.GetRefundTest","getRefundWithMalformedJson"
"Get List Group Company BO Dengan groupName Berisi Payload XSS","4457","getListGroupCompanyWithXssGroupName","Surefire suite","Fri Oct 02 07:13:09 UTC 2026","passed","Fri Oct 02 07:13:13 UTC 2026","testcases.backoffice.settlement.GetListGroupCompanyTest","Surefire test","testcases.backoffice.settlement.GetListGroupCompanyTest","getListGroupCompanyWithXssGroupName"
"Add Currency CS Admin Path Tanpa Login/Header Auth","1502","addCurrencyWithoutAuth","Surefire suite","Fri Oct 02 08:30:08 UTC 2026","passed","Fri Oct 02 08:30:10 UTC 2026","testcases.backoffice.currency.AddCurrencyTest","Surefire test","testcases.backoffice.currency.AddCurrencyTest","addCurrencyWithoutAuth"
"Get Notification Sender Dengan Ukuran Halaman Sangat Besar","15448","getNotificationSenderWithHugeSize","Surefire suite","Fri Oct 02 07:35:49 UTC 2026","passed","Fri Oct 02 07:36:04 UTC 2026","testcases.backoffice.notifsender.NotificationSenderTest","Surefire test","testcases.backoffice.notifsender.NotificationSenderTest","getNotificationSenderWithHugeSize"
"Get List Group Backoffice Dengan Body Berupa Literal null","1456","getListGroupWithNullLiteralBody","Surefire suite","Fri Oct 02 07:02:27 UTC 2026","passed","Fri Oct 02 07:02:28 UTC 2026","testcases.backoffice.group.GetListGroupTest","Surefire test","testcases.backoffice.group.GetListGroupTest","getListGroupWithNullLiteralBody"
"Login Merchant dengan Username Berisi Spasi Saja","2845","testLoginWhitespaceUsername","Surefire suite","Fri Oct 02 07:13:50 UTC 2026","passed","Fri Oct 02 07:13:53 UTC 2026","testcases.auth.LoginTest","Surefire test","testcases.auth.LoginTest","testLoginWhitespaceUsername"
"Test Get Bank Statement","4709","getReportBankStatementAdmin","Surefire suite","Fri Oct 02 06:57:36 UTC 2026","passed","Fri Oct 02 06:57:40 UTC 2026","testcases.report.ReportTransactionTest","Surefire test","testcases.report.ReportTransactionTest","getReportBankStatementAdmin"
"Get List Google Authenticator Menggunakan Login Admin Crypto","4612","listOtpGoogleWithAdminCryptoLogin","Surefire suite","Fri Oct 02 07:39:56 UTC 2026","passed","Fri Oct 02 07:40:00 UTC 2026","testcases.backoffice.googleauth.ListOtpGoogleTest","Surefire test","testcases.backoffice.googleauth.ListOtpGoogleTest","listOtpGoogleWithAdminCryptoLogin"
"Get List Favorite Account Tanpa Field size","1513","getListFavoriteAccountWithoutSizeField","Surefire suite","Fri Oct 02 09:12:33 UTC 2026","passed","Fri Oct 02 09:12:34 UTC 2026","testcases.settings.favoriteaccount.GetListFavoriteAccountTest","Surefire test","testcases.settings.favoriteaccount.GetListFavoriteAccountTest","getListFavoriteAccountWithoutSizeField"
"Get History Manual Transfer Test Supervisor","7821","historyManualTransferTestSupervisor","Surefire suite","Fri Oct 02 08:43:13 UTC 2026","passed","Fri Oct 02 08:43:21 UTC 2026","testcases.history.HistoryTransferTest","Surefire test","testcases.history.HistoryTransferTest","historyManualTransferTestSupervisor"
"Reset Pin Admin","4888","resetPinAdmin","Surefire suite","Fri Oct 02 06:57:13 UTC 2026","passed","Fri Oct 02 06:57:18 UTC 2026","testcases.settings.ResetPinTest","Surefire test","testcases.settings.ResetPinTest","resetPinAdmin"
"Inquiry Favorite Account Menggunakan HTTP Method PUT","1444","inquiryFavoriteAccountWithPutMethod","Surefire suite","Fri Oct 02 07:37:36 UTC 2026","failed","Fri Oct 02 07:37:38 UTC 2026","testcases.settings.favoriteaccount.InquiryFavoriteAccountTest","Surefire test","testcases.settings.favoriteaccount.InquiryFavoriteAccountTest","inquiryFavoriteAccountWithPutMethod"
"Login Merchant dengan Captcha Salah","3164","testLoginWrongCaptcha","Surefire suite","Fri Oct 02 07:14:03 UTC 2026","passed","Fri Oct 02 07:14:06 UTC 2026","testcases.auth.LoginTest","Surefire test","testcases.auth.LoginTest","testLoginWrongCaptcha"
"List Currency USDT Dengan Tipe Data Salah pada Field limit (String, Bukan Integer)","1431","getCurrencyWithInvalidFieldType","Surefire suite","Fri Oct 02 07:31:27 UTC 2026","passed","Fri Oct 02 07:31:28 UTC 2026","testcases.backoffice.currency.GetCurrencyTest","Surefire test","testcases.backoffice.currency.GetCurrencyTest","getCurrencyWithInvalidFieldType"
"Create Manage Settlement BO Menggunakan HTTP Method GET","4539","addManageSettlementWithGetMethod","Surefire suite","Fri Oct 02 07:18:54 UTC 2026","passed","Fri Oct 02 07:18:59 UTC 2026","testcases.backoffice.settlement.AddManageSettlementTest","Surefire test","testcases.backoffice.settlement.AddManageSettlementTest","addManageSettlementWithGetMethod"
"List Waiting Company Backoffice Tanpa Body Sama Sekali","4427","listWaitingCompanyWithoutBody","Surefire suite","Fri Oct 02 07:39:41 UTC 2026","passed","Fri Oct 02 07:39:45 UTC 2026","testcases.backoffice.ListWaitingCompanyTest","Surefire test","testcases.backoffice.ListWaitingCompanyTest","listWaitingCompanyWithoutBody"
"Get List Favorite Account Dengan Token Tidak Valid","1552","getListFavoriteAccountWithInvalidToken","Surefire suite","Fri Oct 02 09:11:00 UTC 2026","passed","Fri Oct 02 09:11:02 UTC 2026","testcases.settings.favoriteaccount.GetListFavoriteAccountTest","Surefire test","testcases.settings.favoriteaccount.GetListFavoriteAccountTest","getListFavoriteAccountWithInvalidToken"
"Delete Group Backoffice Menggunakan Login Supervisor","4420","deleteGroupWithSupervisorLogin","Surefire suite","Fri Oct 02 06:59:40 UTC 2026","passed","Fri Oct 02 06:59:44 UTC 2026","testcases.backoffice.group.DeleteGroupTest","Surefire test","testcases.backoffice.group.DeleteGroupTest","deleteGroupWithSupervisorLogin"
"Delete Google Authenticator Dengan id Berisi Spasi","5906","deleteOtpGoogleWithWhitespaceId","Surefire suite","Fri Oct 02 07:24:26 UTC 2026","passed","Fri Oct 02 07:24:32 UTC 2026","testcases.backoffice.googleauth.DeleteOtpGoogleTest","Surefire test","testcases.backoffice.googleauth.DeleteOtpGoogleTest","deleteOtpGoogleWithWhitespaceId"
"Get List Group Backoffice Tanpa Field size","1516","getListGroupWithoutSizeField","Surefire suite","Fri Oct 02 07:03:47 UTC 2026","passed","Fri Oct 02 07:03:48 UTC 2026","testcases.backoffice.group.GetListGroupTest","Surefire test","testcases.backoffice.group.GetListGroupTest","getListGroupWithoutSizeField"
"Test Approve Special Transfer dengan check Fee di Admin Fee","24782","approvedSpecialTransferBalance","Surefire suite","Fri Oct 02 08:15:38 UTC 2026","passed","Fri Oct 02 08:16:02 UTC 2026","testcases.backoffice.ApprovalTransferTest","Surefire test","testcases.backoffice.ApprovalTransferTest","approvedSpecialTransferBalance"
"Delete Group Backoffice","13616","deleteGroupBO","Surefire suite","Fri Oct 02 06:57:04 UTC 2026","passed","Fri Oct 02 06:57:17 UTC 2026","testcases.backoffice.group.DeleteGroupTest","Surefire test","testcases.backoffice.group.DeleteGroupTest","deleteGroupBO"
"Add Currency CS Admin Path Dengan Field rate Bernilai null","1476","addCurrencyWithNullRate","Surefire suite","Fri Oct 02 08:29:11 UTC 2026","passed","Fri Oct 02 08:29:13 UTC 2026","testcases.backoffice.currency.AddCurrencyTest","Surefire test","testcases.backoffice.currency.AddCurrencyTest","addCurrencyWithNullRate"
"Delete Group Backoffice Menggunakan HTTP Method PUT","1665","deleteGroupWithPutMethod","Surefire suite","Fri Oct 02 06:59:31 UTC 2026","passed","Fri Oct 02 06:59:32 UTC 2026","testcases.backoffice.group.DeleteGroupTest","Surefire test","testcases.backoffice.group.DeleteGroupTest","deleteGroupWithPutMethod"
"Resend Google Authenticator Dengan Body JSON Tidak Valid (Malformed)","4454","resendOtpGoogleWithMalformedJson","Surefire suite","Fri Oct 02 07:40:45 UTC 2026","passed","Fri Oct 02 07:40:49 UTC 2026","testcases.backoffice.googleauth.ResendOtpGoogleTest","Surefire test","testcases.backoffice.googleauth.ResendOtpGoogleTest","resendOtpGoogleWithMalformedJson"
"Get Group Detail Backoffice Dengan Header Authorization Tanpa Skema Bearer","1537","getGroupDetailWithMalformedAuthorizationHeader","Surefire suite","Fri Oct 02 07:08:44 UTC 2026","passed","Fri Oct 02 07:08:46 UTC 2026","testcases.backoffice.group.GetGroupTest","Surefire test","testcases.backoffice.group.GetGroupTest","getGroupDetailWithMalformedAuthorizationHeader"
"Get Group Detail Backoffice Dengan Token Kadaluarsa","1412","getGroupDetailWithExpiredToken","Surefire suite","Fri Oct 02 07:08:21 UTC 2026","passed","Fri Oct 02 07:08:22 UTC 2026","testcases.backoffice.group.GetGroupTest","Surefire test","testcases.backoffice.group.GetGroupTest","getGroupDetailWithExpiredToken"
"Delete Group Backoffice Dengan Format id Tidak Valid (Bukan ObjectId)","1460","deleteGroupWithInvalidIdFormat","Surefire suite","Fri Oct 02 06:58:27 UTC 2026","passed","Fri Oct 02 06:58:28 UTC 2026","testcases.backoffice.group.DeleteGroupTest","Surefire test","testcases.backoffice.group.DeleteGroupTest","deleteGroupWithInvalidIdFormat"
"Test Get Report Transaction Group","4629","getReportTransactionAdmin","Surefire suite","Fri Oct 02 06:58:15 UTC 2026","passed","Fri Oct 02 06:58:20 UTC 2026","testcases.report.ReportTransactionTest","Surefire test","testcases.report.ReportTransactionTest","getReportTransactionAdmin"
"Add Group Backoffice Dengan Header Authorization Tanpa Skema Bearer","1433","addGroupWithMalformedAuthorizationHeader","Surefire suite","Fri Oct 02 07:05:40 UTC 2026","passed","Fri Oct 02 07:05:41 UTC 2026","testcases.backoffice.group.AddGroupTest","Surefire test","testcases.backoffice.group.AddGroupTest","addGroupWithMalformedAuthorizationHeader"
"List Currency USDT Menggunakan Login Admin","4455","getCurrencyWithAdminLogin","Surefire suite","Fri Oct 02 07:30:33 UTC 2026","passed","Fri Oct 02 07:30:37 UTC 2026","testcases.backoffice.currency.GetCurrencyTest","Surefire test","testcases.backoffice.currency.GetCurrencyTest","getCurrencyWithAdminLogin"
"Created Favorite Account Tanpa Field beneficiaryAccountNo","1518","createdFavoriteAccountWithoutBeneficiaryAccountNoField","Surefire suite","Fri Oct 02 07:36:08 UTC 2026","passed","Fri Oct 02 07:36:09 UTC 2026","testcases.settings.favoriteaccount.CreatedFavoriteAccountTest","Surefire test","testcases.settings.favoriteaccount.CreatedFavoriteAccountTest","createdFavoriteAccountWithoutBeneficiaryAccountNoField"
"List Refund Menggunakan Login Merchant","4412","listRefundWithMerchantLogin","Surefire suite","Fri Oct 02 08:35:43 UTC 2026","passed","Fri Oct 02 08:35:47 UTC 2026","testcases.backoffice.ListRefundTest","Surefire test","testcases.backoffice.ListRefundTest","listRefundWithMerchantLogin"
"Get History Flop Transfer Supervisor on Login CS Admin","11834","historyFlopTransferSupervisorTestCSAdmin","Surefire suite","Fri Oct 02 08:40:22 UTC 2026","passed","Fri Oct 02 08:40:34 UTC 2026","testcases.history.HistoryTransferTest","Surefire test","testcases.history.HistoryTransferTest","historyFlopTransferSupervisorTestCSAdmin"
"Normal Balance Special Transfer Success","9794","specialTransferBalanceAdminCrypto","Surefire suite","Fri Oct 02 06:58:16 UTC 2026","passed","Fri Oct 02 06:58:26 UTC 2026","testcases.transfer.SpecialTransferTest","Surefire test","testcases.transfer.SpecialTransferTest","specialTransferBalanceAdminCrypto"
"Mutasi Manual Transfer Supervisor","27090","mutasiManualTransferSupervisor","Surefire suite","Fri Oct 02 08:56:17 UTC 2026","passed","Fri Oct 02 08:56:44 UTC 2026","testcases.mutasi.MutasiTransferTest","Surefire test","testcases.mutasi.MutasiTransferTest","mutasiManualTransferSupervisor"
"Get Balance Admin Transfer","4918","getBalanceAdmin","Surefire suite","Fri Oct 02 06:57:06 UTC 2026","passed","Fri Oct 02 06:57:10 UTC 2026","testcases.balance.GetBalanceTransferTest","Surefire test","testcases.balance.GetBalanceTransferTest","getBalanceAdmin"
"List Manage Settlement Backoffice Menggunakan HTTP Method GET","4372","listManageSettlementWithGetMethod","Surefire suite","Fri Oct 02 07:44:09 UTC 2026","passed","Fri Oct 02 07:44:14 UTC 2026","testcases.backoffice.settlement.ManageSettlementTest","Surefire test","testcases.backoffice.settlement.ManageSettlementTest","listManageSettlementWithGetMethod"
"Get User Backoffice Menggunakan Login Admin Crypto","4426","getUserWithAdminCryptoLogin","Surefire suite","Fri Oct 02 07:29:53 UTC 2026","passed","Fri Oct 02 07:29:58 UTC 2026","testcases.backoffice.GetDashboardTest","Surefire test","testcases.backoffice.GetDashboardTest","getUserWithAdminCryptoLogin"
"Delete Google Authenticator Menggunakan HTTP Method PUT","4623","deleteOtpGoogleWithPutMethod","Surefire suite","Fri Oct 02 07:24:03 UTC 2026","passed","Fri Oct 02 07:24:08 UTC 2026","testcases.backoffice.googleauth.DeleteOtpGoogleTest","Surefire test","testcases.backoffice.googleauth.DeleteOtpGoogleTest","deleteOtpGoogleWithPutMethod"
"Delete Group Backoffice Dengan Header Authorization Tanpa Skema Bearer","1468","deleteGroupWithMalformedAuthorizationHeader","Surefire suite","Fri Oct 02 06:58:35 UTC 2026","passed","Fri Oct 02 06:58:37 UTC 2026","testcases.backoffice.group.DeleteGroupTest","Surefire test","testcases.backoffice.group.DeleteGroupTest","deleteGroupWithMalformedAuthorizationHeader"
"","13626","getCompanyDetail","Surefire suite","Fri Oct 02 07:59:57 UTC 2026","passed","Fri Oct 02 08:00:10 UTC 2026","testcases.backoffice.CheckCompanyDetailTest","Surefire test","testcases.backoffice.CheckCompanyDetailTest","getCompanyDetail"
"Resend Google Authenticator Menggunakan HTTP Method DELETE","5696","resendOtpGoogleWithDeleteMethod","Surefire suite","Fri Oct 02 07:39:53 UTC 2026","passed","Fri Oct 02 07:39:59 UTC 2026","testcases.backoffice.googleauth.ResendOtpGoogleTest","Surefire test","testcases.backoffice.googleauth.ResendOtpGoogleTest","resendOtpGoogleWithDeleteMethod"
"Normal Flop Transfer Success","7552","transfer","Surefire suite","Fri Oct 02 07:08:39 UTC 2026","passed","Fri Oct 02 07:08:46 UTC 2026","testcases.transfer.TransferFlopTest","Surefire test","testcases.transfer.TransferFlopTest","transfer"
"Get Dashboard Backoffice Menggunakan Login Supervisor","4490","getDashboardWithSupervisorLogin","Surefire suite","Fri Oct 02 07:29:02 UTC 2026","passed","Fri Oct 02 07:29:06 UTC 2026","testcases.backoffice.GetDashboardTest","Surefire test","testcases.backoffice.GetDashboardTest","getDashboardWithSupervisorLogin"
"Mutasi Transfer Balance","10329","mutasiTransferBalance","Surefire suite","Fri Oct 02 09:01:14 UTC 2026","passed","Fri Oct 02 09:01:24 UTC 2026","testcases.mutasi.MutasiTransferTest","Surefire test","testcases.mutasi.MutasiTransferTest","mutasiTransferBalance"
"Add Group Backoffice Menggunakan Login Admin Crypto","4594","addGroupWithAdminCryptoLogin","Surefire suite","Fri Oct 02 07:03:59 UTC 2026","passed","Fri Oct 02 07:04:03 UTC 2026","testcases.backoffice.group.AddGroupTest","Surefire test","testcases.backoffice.group.AddGroupTest","addGroupWithAdminCryptoLogin"
"Add Currency CS Admin Path Dengan rate Negatif","1496","addCurrencyWithNegativeRate","Surefire suite","Fri Oct 02 08:29:02 UTC 2026","passed","Fri Oct 02 08:29:04 UTC 2026","testcases.backoffice.currency.AddCurrencyTest","Surefire test","testcases.backoffice.currency.AddCurrencyTest","addCurrencyWithNegativeRate"
"Get Balance Merchant Transfer","4732","getBalanceMerchant","Surefire suite","Fri Oct 02 07:42:52 UTC 2026","passed","Fri Oct 02 07:42:56 UTC 2026","testcases.balance.GetBalanceTransferTest","Surefire test","testcases.balance.GetBalanceTransferTest","getBalanceMerchant"
"Add Currency CS Admin Path Dengan rate Berupa String Non-Numerik","1524","addCurrencyWithStringRate","Surefire suite","Fri Oct 02 08:29:34 UTC 2026","passed","Fri Oct 02 08:29:35 UTC 2026","testcases.backoffice.currency.AddCurrencyTest","Surefire test","testcases.backoffice.currency.AddCurrencyTest","addCurrencyWithStringRate"
"Delete Favorite Account Dengan pin Salah","1627","deleteFavoriteAccountWithWrongPin","Surefire suite","Fri Oct 02 07:11:06 UTC 2026","passed","Fri Oct 02 07:11:08 UTC 2026","testcases.settings.favoriteaccount.DeleteFavoriteAccountTest","Surefire test","testcases.settings.favoriteaccount.DeleteFavoriteAccountTest","deleteFavoriteAccountWithWrongPin"
"Get Dashboard Backoffice Menggunakan Login Customer Service","4916","getDashboardWithCSLogin","Surefire suite","Fri Oct 02 07:28:34 UTC 2026","passed","Fri Oct 02 07:28:39 UTC 2026","testcases.backoffice.GetDashboardTest","Surefire test","testcases.backoffice.GetDashboardTest","getDashboardWithCSLogin"
"Get Group Detail Backoffice Tanpa Group Id (Path Kosong)","4506","getGroupDetailWithEmptyId","Surefire suite","Fri Oct 02 07:08:13 UTC 2026","passed","Fri Oct 02 07:08:18 UTC 2026","testcases.backoffice.group.GetGroupTest","Surefire test","testcases.backoffice.group.GetGroupTest","getGroupDetailWithEmptyId"
"Normal Manual Transfer Success","10660","transfer","Surefire suite","Fri Oct 02 07:38:30 UTC 2026","passed","Fri Oct 02 07:38:41 UTC 2026","testcases.transfer.ManualTransferTest","Surefire test","testcases.transfer.ManualTransferTest","transfer"
"Add Group Backoffice Menggunakan HTTP Method GET","1582","addGroupWithGetMethod","Surefire suite","Fri Oct 02 07:05:26 UTC 2026","passed","Fri Oct 02 07:05:28 UTC 2026","testcases.backoffice.group.AddGroupTest","Surefire test","testcases.backoffice.group.AddGroupTest","addGroupWithGetMethod"
"Get History Transfer Test CS","12145","historyTransferTestCS","Surefire suite","Fri Oct 02 08:46:25 UTC 2026","passed","Fri Oct 02 08:46:37 UTC 2026","testcases.history.HistoryTransferTest","Surefire test","testcases.history.HistoryTransferTest","historyTransferTestCS"
"List User Backoffice Dengan Page/Size Negatif - Menemukan Bug Gateway Timeout","4441","listUsersWithNegativePageSize","Surefire suite","Fri Oct 02 07:49:19 UTC 2026","passed","Fri Oct 02 07:49:24 UTC 2026","testcases.backoffice.users.ListUsersTest","Surefire test","testcases.backoffice.users.ListUsersTest","listUsersWithNegativePageSize"
"Normal Transfer USDT Success Admin Crypto","6492","usdtTransferAdminCrypto","Surefire suite","Fri Oct 02 06:59:08 UTC 2026","passed","Fri Oct 02 06:59:14 UTC 2026","testcases.transfer.TransferUSDTTest","Surefire test","testcases.transfer.TransferUSDTTest","usdtTransferAdminCrypto"
"List Refund Menggunakan Login Admin Crypto","4658","listRefundAdminCrypto","Surefire suite","Fri Oct 02 08:34:00 UTC 2026","passed","Fri Oct 02 08:34:04 UTC 2026","testcases.backoffice.ListRefundTest","Surefire test","testcases.backoffice.ListRefundTest","listRefundAdminCrypto"
"Refund Summary Dengan Body Berupa JSON Array ([])","4453","getRefundWithArrayBody","Surefire suite","Fri Oct 02 07:43:52 UTC 2026","passed","Fri Oct 02 07:43:57 UTC 2026","testcases.backoffice.refund.GetRefundTest","Surefire test","testcases.backoffice.refund.GetRefundTest","getRefundWithArrayBody"
"Create Manage Settlement BO Dengan Content-Type text/plain","4573","addManageSettlementWithWrongContentType","Surefire suite","Fri Oct 02 07:20:50 UTC 2026","passed","Fri Oct 02 07:20:54 UTC 2026","testcases.backoffice.settlement.AddManageSettlementTest","Surefire test","testcases.backoffice.settlement.AddManageSettlementTest","addManageSettlementWithWrongContentType"
"Refund Summary Dengan endDate Bukan Format Tanggal","1443","getRefundWithInvalidEndDate","Surefire suite","Fri Oct 02 07:44:48 UTC 2026","passed","Fri Oct 02 07:44:49 UTC 2026","testcases.backoffice.refund.GetRefundTest","Surefire test","testcases.backoffice.refund.GetRefundTest","getRefundWithInvalidEndDate"
"Get List Group Company BO Menggunakan Login Merchant","4509","getListGroupCompanyWithMerchantLogin","Surefire suite","Fri Oct 02 07:11:46 UTC 2026","passed","Fri Oct 02 07:11:51 UTC 2026","testcases.backoffice.settlement.GetListGroupCompanyTest","Surefire test","testcases.backoffice.settlement.GetListGroupCompanyTest","getListGroupCompanyWithMerchantLogin"
"Add Currency CS Admin Path Tanpa Field rate (Field Lain Saja)","1560","addCurrencyWithMissingRateField","Surefire suite","Fri Oct 02 08:28:58 UTC 2026","passed","Fri Oct 02 08:28:59 UTC 2026","testcases.backoffice.currency.AddCurrencyTest","Surefire test","testcases.backoffice.currency.AddCurrencyTest","addCurrencyWithMissingRateField"
"Test Approved USDT Tanpa URL","58197","approvedUSDTwithoutURL","Surefire suite","Fri Oct 02 08:18:49 UTC 2026","passed","Fri Oct 02 08:19:47 UTC 2026","testcases.backoffice.ApprovalTransferTest","Surefire test","testcases.backoffice.ApprovalTransferTest","approvedUSDTwithoutURL"
"Test Get Report Transaction CS","4657","getReportTransactionCS","Surefire suite","Fri Oct 02 06:58:10 UTC 2026","passed","Fri Oct 02 06:58:15 UTC 2026","testcases.report.ReportTransactionTest","Surefire test","testcases.report.ReportTransactionTest","getReportTransactionCS"
"Add Currency CS Admin Path Menggunakan HTTP Method PUT","1566","addCurrencyWithPutMethod","Surefire suite","Fri Oct 02 08:29:25 UTC 2026","passed","Fri Oct 02 08:29:26 UTC 2026","testcases.backoffice.currency.AddCurrencyTest","Surefire test","testcases.backoffice.currency.AddCurrencyTest","addCurrencyWithPutMethod"
"Normal Transfer USDT Success","6726","transfer","Surefire suite","Fri Oct 02 07:04:37 UTC 2026","passed","Fri Oct 02 07:04:44 UTC 2026","testcases.transfer.TransferUSDTTest","Surefire test","testcases.transfer.TransferUSDTTest","transfer"
"Get History Transfer Merchant on Login CS Admin","14256","historyTransferMerchantTestCSAdmin","Surefire suite","Fri Oct 02 08:45:16 UTC 2026","passed","Fri Oct 02 08:45:30 UTC 2026","testcases.history.HistoryTransferTest","Surefire test","testcases.history.HistoryTransferTest","historyTransferMerchantTestCSAdmin"
"Get List Favorite Account Dengan Header Authorization Tanpa Skema Bearer","1418","getListFavoriteAccountWithMalformedAuthorizationHeader","Surefire suite","Fri Oct 02 09:11:05 UTC 2026","passed","Fri Oct 02 09:11:06 UTC 2026","testcases.settings.favoriteaccount.GetListFavoriteAccountTest","Surefire test","testcases.settings.favoriteaccount.GetListFavoriteAccountTest","getListFavoriteAccountWithMalformedAuthorizationHeader"
"List Currency USDT Ke Path yang Tidak Ada (Typo)","1687","getCurrencyWithWrongPath","Surefire suite","Fri Oct 02 07:32:48 UTC 2026","passed","Fri Oct 02 07:32:50 UTC 2026","testcases.backoffice.currency.GetCurrencyTest","Surefire test","testcases.backoffice.currency.GetCurrencyTest","getCurrencyWithWrongPath"
"Delete Group Backoffice Dengan Token Tidak Valid","1407","deleteGroupWithInvalidToken","Surefire suite","Fri Oct 02 06:58:31 UTC 2026","passed","Fri Oct 02 06:58:32 UTC 2026","testcases.backoffice.group.DeleteGroupTest","Surefire test","testcases.backoffice.group.DeleteGroupTest","deleteGroupWithInvalidToken"
"Inquiry Test Transfer Merchant Supervisor","5702","inquiryTransferSupervisor","Surefire suite","Fri Oct 02 07:00:48 UTC 2026","passed","Fri Oct 02 07:00:54 UTC 2026","testcases.transfer.InquiryTransferTest","Surefire test","testcases.transfer.InquiryTransferTest","inquiryTransferSupervisor"
"Get Detail Waiting Company Backoffice Menggunakan Login Admin Crypto","4496","getDetailWaitingCompanyWithAdminCryptoLogin","Surefire suite","Fri Oct 02 07:25:35 UTC 2026","passed","Fri Oct 02 07:25:40 UTC 2026","testcases.backoffice.GetDetailWaitingCompanyTest","Surefire test","testcases.backoffice.GetDetailWaitingCompanyTest","getDetailWaitingCompanyWithAdminCryptoLogin"
"Delete Manage Settlement BO Menggunakan Login Admin","4978","deleteManageSettlementWithAdminLogin","Surefire suite","Fri Oct 02 07:14:00 UTC 2026","passed","Fri Oct 02 07:14:05 UTC 2026","testcases.backoffice.settlement.DeleteManageSettlementTest","Surefire test","testcases.backoffice.settlement.DeleteManageSettlementTest","deleteManageSettlementWithAdminLogin"
"Get History Manual Transfer Test CS","10766","historyManualTransferTestCS","Surefire suite","Fri Oct 02 08:42:45 UTC 2026","passed","Fri Oct 02 08:42:56 UTC 2026","testcases.history.HistoryTransferTest","Surefire test","testcases.history.HistoryTransferTest","historyManualTransferTestCS"
"List Company Backoffice Dengan Body JSON Tidak Valid (Malformed)","4364","listCompanyWithMalformedJson","Surefire suite","Fri Oct 02 07:36:08 UTC 2026","passed","Fri Oct 02 07:36:12 UTC 2026","testcases.backoffice.ListCompanyTest","Surefire test","testcases.backoffice.ListCompanyTest","listCompanyWithMalformedJson"
"Get List Group Backoffice Dengan Field Tidak Dikenal pada Body","1496","getListGroupWithUnknownField","Surefire suite","Fri Oct 02 07:03:06 UTC 2026","passed","Fri Oct 02 07:03:07 UTC 2026","testcases.backoffice.group.GetListGroupTest","Surefire test","testcases.backoffice.group.GetListGroupTest","getListGroupWithUnknownField"
"Get List Favorite Account CS","4918","getListFavoriteAccountCS","Surefire suite","Fri Oct 02 09:10:17 UTC 2026","passed","Fri Oct 02 09:10:22 UTC 2026","testcases.settings.favoriteaccount.GetListFavoriteAccountTest","Surefire test","testcases.settings.favoriteaccount.GetListFavoriteAccountTest","getListFavoriteAccountCS"
"Add Currency CS Admin Path Dengan rate Nol","1516","addCurrencyWithZeroRate","Surefire suite","Fri Oct 02 08:30:04 UTC 2026","passed","Fri Oct 02 08:30:05 UTC 2026","testcases.backoffice.currency.AddCurrencyTest","Surefire test","testcases.backoffice.currency.AddCurrencyTest","addCurrencyWithZeroRate"
"Get History QR Admin","9700","historyQRTestAdmin","Surefire suite","Fri Oct 02 07:51:57 UTC 2026","passed","Fri Oct 02 07:52:06 UTC 2026","testcases.history.HistoryQRTest","Surefire test","testcases.history.HistoryQRTest","historyQRTestAdmin"
"Created Favorite Account Tanpa Login/Header Auth","1424","createdFavoriteAccountWithoutAuth","Surefire suite","Fri Oct 02 07:36:03 UTC 2026","passed","Fri Oct 02 07:36:05 UTC 2026","testcases.settings.favoriteaccount.CreatedFavoriteAccountTest","Surefire test","testcases.settings.favoriteaccount.CreatedFavoriteAccountTest","createdFavoriteAccountWithoutAuth"
"Resend Google Authenticator Dengan Content-Type text/plain","4321","resendOtpGoogleWithWrongContentType","Surefire suite","Fri Oct 02 07:42:23 UTC 2026","passed","Fri Oct 02 07:42:27 UTC 2026","testcases.backoffice.googleauth.ResendOtpGoogleTest","Surefire test","testcases.backoffice.googleauth.ResendOtpGoogleTest","resendOtpGoogleWithWrongContentType"
"Mutasi Special Transfer CS","20280","mutasiSpecialTransferCS","Surefire suite","Fri Oct 02 08:59:35 UTC 2026","passed","Fri Oct 02 08:59:56 UTC 2026","testcases.mutasi.MutasiTransferTest","Surefire test","testcases.mutasi.MutasiTransferTest","mutasiSpecialTransferCS"
"Get Detail Waiting Company Backoffice Dengan Id Milik Entitas Lain (Group Id)","4588","getDetailWaitingCompanyWithForeignEntityId","Surefire suite","Fri Oct 02 07:26:10 UTC 2026","passed","Fri Oct 02 07:26:15 UTC 2026","testcases.backoffice.GetDetailWaitingCompanyTest","Surefire test","testcases.backoffice.GetDetailWaitingCompanyTest","getDetailWaitingCompanyWithForeignEntityId"
"Get List Group Company BO","4449","getListGroupCompanyBO","Surefire suite","Fri Oct 02 07:10:25 UTC 2026","passed","Fri Oct 02 07:10:29 UTC 2026","testcases.backoffice.settlement.GetListGroupCompanyTest","Surefire test","testcases.backoffice.settlement.GetListGroupCompanyTest","getListGroupCompanyBO"
"Get Notification Sender Menggunakan Login Marketing","4458","getNotificationSenderWithMarketingLogin","Surefire suite","Fri Oct 02 07:36:47 UTC 2026","passed","Fri Oct 02 07:36:51 UTC 2026","testcases.backoffice.notifsender.NotificationSenderTest","Surefire test","testcases.backoffice.notifsender.NotificationSenderTest","getNotificationSenderWithMarketingLogin"
"Refund Summary Dengan Header pbyv Salah","1745","getRefundWithWrongPbyvHeader","Surefire suite","Fri Oct 02 07:46:29 UTC 2026","passed","Fri Oct 02 07:46:31 UTC 2026","testcases.backoffice.refund.GetRefundTest","Surefire test","testcases.backoffice.refund.GetRefundTest","getRefundWithWrongPbyvHeader"
"List Waiting Company Backoffice Dengan Header Authorization Tanpa Skema Bearer","1407","listWaitingCompanyWithMalformedAuthorizationHeader","Surefire suite","Fri Oct 02 07:38:39 UTC 2026","passed","Fri Oct 02 07:38:40 UTC 2026","testcases.backoffice.ListWaitingCompanyTest","Surefire test","testcases.backoffice.ListWaitingCompanyTest","listWaitingCompanyWithMalformedAuthorizationHeader"
"Resend Google Authenticator Dengan email Berisi Payload XSS","4536","resendOtpGoogleWithXssEmail","Surefire suite","Fri Oct 02 07:42:38 UTC 2026","passed","Fri Oct 02 07:42:42 UTC 2026","testcases.backoffice.googleauth.ResendOtpGoogleTest","Surefire test","testcases.backoffice.googleauth.ResendOtpGoogleTest","resendOtpGoogleWithXssEmail"
"Get History QR Success Paid","8201","historyQRTestPaid","Surefire suite","Fri Oct 02 07:43:10 UTC 2026","passed","Fri Oct 02 07:43:18 UTC 2026","testcases.history.HistoryQRTest","Surefire test","testcases.history.HistoryQRTest","historyQRTestPaid"
"List Manage Settlement Backoffice Dengan Content-Type text/plain","4713","listManageSettlementWithWrongContentType","Surefire suite","Fri Oct 02 07:46:12 UTC 2026","passed","Fri Oct 02 07:46:16 UTC 2026","testcases.backoffice.settlement.ManageSettlementTest","Surefire test","testcases.backoffice.settlement.ManageSettlementTest","listManageSettlementWithWrongContentType"
"Refund Summary Dengan Body Berupa Literal null","1572","getRefundWithNullLiteralBody","Surefire suite","Fri Oct 02 07:45:30 UTC 2026","passed","Fri Oct 02 07:45:31 UTC 2026","testcases.backoffice.refund.GetRefundTest","Surefire test","testcases.backoffice.refund.GetRefundTest","getRefundWithNullLiteralBody"
"Transfer with Wrong Pin","47279","transferWrongPin","Surefire suite","Fri Oct 02 07:38:44 UTC 2026","failed","Fri Oct 02 07:39:31 UTC 2026","testcases.transfer.ManualTransferTest","Surefire test","testcases.transfer.ManualTransferTest","transferWrongPin"
"Get List Group Company BO Dengan Token Tidak Valid","1441","getListGroupCompanyWithInvalidToken","Surefire suite","Fri Oct 02 07:11:30 UTC 2026","passed","Fri Oct 02 07:11:31 UTC 2026","testcases.backoffice.settlement.GetListGroupCompanyTest","Surefire test","testcases.backoffice.settlement.GetListGroupCompanyTest","getListGroupCompanyWithInvalidToken"
"Delete Google Authenticator Dengan Token Backoffice Valid Tapi Tanpa Header pbyv","4576","deleteOtpGoogleWithoutPbyvHeader","Surefire suite","Fri Oct 02 07:24:55 UTC 2026","passed","Fri Oct 02 07:24:59 UTC 2026","testcases.backoffice.googleauth.DeleteOtpGoogleTest","Surefire test","testcases.backoffice.googleauth.DeleteOtpGoogleTest","deleteOtpGoogleWithoutPbyvHeader"
"Get Notification Sender Dengan pinValidasi Berupa Angka (Bukan String)","5000","getNotificationSenderWithNumericPinValidasi","Surefire suite","Fri Oct 02 07:37:24 UTC 2026","passed","Fri Oct 02 07:37:29 UTC 2026","testcases.backoffice.notifsender.NotificationSenderTest","Surefire test","testcases.backoffice.notifsender.NotificationSenderTest","getNotificationSenderWithNumericPinValidasi"
"Get List Group Company BO Ke Path yang Tidak Ada (Typo)","4567","getListGroupCompanyWithWrongPath","Surefire suite","Fri Oct 02 07:13:01 UTC 2026","passed","Fri Oct 02 07:13:06 UTC 2026","testcases.backoffice.settlement.GetListGroupCompanyTest","Surefire test","testcases.backoffice.settlement.GetListGroupCompanyTest","getListGroupCompanyWithWrongPath"
"List Currency USDT Menggunakan Login Admin Crypto","4508","getCurrencyWithAdminCryptoLogin","Surefire suite","Fri Oct 02 07:30:25 UTC 2026","passed","Fri Oct 02 07:30:30 UTC 2026","testcases.backoffice.currency.GetCurrencyTest","Surefire test","testcases.backoffice.currency.GetCurrencyTest","getCurrencyWithAdminCryptoLogin"
"Generate QR Code Failed Merchant","6096","generateQRCodeFailed","Surefire suite","Fri Oct 02 07:43:45 UTC 2026","passed","Fri Oct 02 07:43:52 UTC 2026","testcases.QR.GenerateQRTest","Surefire test","testcases.QR.GenerateQRTest","generateQRCodeFailed"
"Refund Summary Menggunakan Login Admin","4473","getRefundWithAdminLogin","Surefire suite","Fri Oct 02 07:43:45 UTC 2026","passed","Fri Oct 02 07:43:49 UTC 2026","testcases.backoffice.refund.GetRefundTest","Surefire test","testcases.backoffice.refund.GetRefundTest","getRefundWithAdminLogin"
"Delete Favorite Account Dengan pin String Kosong","1652","deleteFavoriteAccountWithEmptyPin","Surefire suite","Fri Oct 02 07:09:36 UTC 2026","passed","Fri Oct 02 07:09:38 UTC 2026","testcases.settings.favoriteaccount.DeleteFavoriteAccountTest","Surefire test","testcases.settings.favoriteaccount.DeleteFavoriteAccountTest","deleteFavoriteAccountWithEmptyPin"
"Request Refund Transfer Merchant","4646","refundTransferMerchant","Surefire suite","Fri Oct 02 07:42:21 UTC 2026","passed","Fri Oct 02 07:42:26 UTC 2026","testcases.transfer.RefundTransferTest","Surefire test","testcases.transfer.RefundTransferTest","refundTransferMerchant"
"Resend Google Authenticator Menggunakan Login Admin Crypto","4547","resendOtpGoogleWithAdminCryptoLogin","Surefire suite","Fri Oct 02 07:39:15 UTC 2026","passed","Fri Oct 02 07:39:20 UTC 2026","testcases.backoffice.googleauth.ResendOtpGoogleTest","Surefire test","testcases.backoffice.googleauth.ResendOtpGoogleTest","resendOtpGoogleWithAdminCryptoLogin"
"Add Group Backoffice Dengan feeBankPercent Negatif","1474","addGroupWithNegativeFee","Surefire suite","Fri Oct 02 07:06:08 UTC 2026","passed","Fri Oct 02 07:06:09 UTC 2026","testcases.backoffice.group.AddGroupTest","Surefire test","testcases.backoffice.group.AddGroupTest","addGroupWithNegativeFee"
"Check Status QR Merchant","6466","checkStatusQRMerchant","Surefire suite","Fri Oct 02 07:43:55 UTC 2026","passed","Fri Oct 02 07:44:01 UTC 2026","testcases.QR.CheckStatusQRTest","Surefire test","testcases.QR.CheckStatusQRTest","checkStatusQRMerchant"
"Get List Google Authenticator Dengan Token Tidak Valid","1423","listOtpGoogleWithInvalidToken","Surefire suite","Fri Oct 02 07:41:24 UTC 2026","passed","Fri Oct 02 07:41:25 UTC 2026","testcases.backoffice.googleauth.ListOtpGoogleTest","Surefire test","testcases.backoffice.googleauth.ListOtpGoogleTest","listOtpGoogleWithInvalidToken"
"Get History QR Admin Success Paid","11088","historyQRTestPaidAdmin","Surefire suite","Fri Oct 02 07:52:22 UTC 2026","broken","Fri Oct 02 07:52:33 UTC 2026","testcases.history.HistoryQRTest","Surefire test","testcases.history.HistoryQRTest","historyQRTestPaidAdmin"
"Resend Google Authenticator Dengan email Berupa Angka (Bukan String)","4494","resendOtpGoogleWithNumericEmail","Surefire suite","Fri Oct 02 07:41:30 UTC 2026","passed","Fri Oct 02 07:41:34 UTC 2026","testcases.backoffice.googleauth.ResendOtpGoogleTest","Surefire test","testcases.backoffice.googleauth.ResendOtpGoogleTest","resendOtpGoogleWithNumericEmail"
"Get Group Backoffice Menggunakan Login Merchant","4420","getGroupWithMerchantLogin","Surefire suite","Fri Oct 02 07:29:34 UTC 2026","passed","Fri Oct 02 07:29:38 UTC 2026","testcases.backoffice.GetDashboardTest","Surefire test","testcases.backoffice.GetDashboardTest","getGroupWithMerchantLogin"
"Test Get Report Transfer Company","6778","getReportTransferAdminCrypto","Surefire suite","Fri Oct 02 06:57:11 UTC 2026","passed","Fri Oct 02 06:57:18 UTC 2026","testcases.report.ReportTransferTest","Surefire test","testcases.report.ReportTransferTest","getReportTransferAdminCrypto"
"Refund Summary Dengan startDate Setelah endDate (Rentang Terbalik)","1748","getRefundWithReversedRange","Surefire suite","Fri Oct 02 07:45:58 UTC 2026","passed","Fri Oct 02 07:46:00 UTC 2026","testcases.backoffice.refund.GetRefundTest","Surefire test","testcases.backoffice.refund.GetRefundTest","getRefundWithReversedRange"
"Transfer Different Partner Reference, Transfer to Manual Transfer","47591","trfPartnerRefTransferFailed","Surefire suite","Fri Oct 02 07:40:25 UTC 2026","failed","Fri Oct 02 07:41:12 UTC 2026","testcases.transfer.ManualTransferTest","Surefire test","testcases.transfer.ManualTransferTest","trfPartnerRefTransferFailed"
"Get List Group Company BO Menggunakan Login Admin","4481","getListGroupCompanyWithAdminLogin","Surefire suite","Fri Oct 02 07:10:40 UTC 2026","passed","Fri Oct 02 07:10:44 UTC 2026","testcases.backoffice.settlement.GetListGroupCompanyTest","Surefire test","testcases.backoffice.settlement.GetListGroupCompanyTest","getListGroupCompanyWithAdminLogin"
"Get List Favorite Account Dengan Body Kosong ({})","1688","getListFavoriteAccountWithEmptyBody","Surefire suite","Fri Oct 02 09:10:46 UTC 2026","passed","Fri Oct 02 09:10:48 UTC 2026","testcases.settings.favoriteaccount.GetListFavoriteAccountTest","Surefire test","testcases.settings.favoriteaccount.GetListFavoriteAccountTest","getListFavoriteAccountWithEmptyBody"
"Inquiry Test USDT Transfer Admin Crypto","4697","inquiryUSDTAdminCrypto","Surefire suite","Fri Oct 02 06:59:45 UTC 2026","passed","Fri Oct 02 06:59:50 UTC 2026","testcases.transfer.InquiryUSDTTest","Surefire test","testcases.transfer.InquiryUSDTTest","inquiryUSDTAdminCrypto"
"List User Backoffice Menggunakan Login CS Admin","4744","listUsersWithCSAdminLogin","Surefire suite","Fri Oct 02 07:48:12 UTC 2026","passed","Fri Oct 02 07:48:17 UTC 2026","testcases.backoffice.users.ListUsersTest","Surefire test","testcases.backoffice.users.ListUsersTest","listUsersWithCSAdminLogin"
"Created Favorite Account Tanpa Field beneficiaryBankCode","1563","createdFavoriteAccountWithoutBeneficiaryBankCodeField","Surefire suite","Fri Oct 02 07:36:12 UTC 2026","passed","Fri Oct 02 07:36:14 UTC 2026","testcases.settings.favoriteaccount.CreatedFavoriteAccountTest","Surefire test","testcases.settings.favoriteaccount.CreatedFavoriteAccountTest","createdFavoriteAccountWithoutBeneficiaryBankCodeField"
"Test Approved USDT","17353","approvedUSDT","Surefire suite","Fri Oct 02 08:16:47 UTC 2026","passed","Fri Oct 02 08:17:05 UTC 2026","testcases.backoffice.ApprovalTransferTest","Surefire test","testcases.backoffice.ApprovalTransferTest","approvedUSDT"
"Create Manage Settlement BO Dengan Item companyList Tanpa companyId","4603","addManageSettlementWithoutCompanyId","Surefire suite","Fri Oct 02 07:21:25 UTC 2026","passed","Fri Oct 02 07:21:29 UTC 2026","testcases.backoffice.settlement.AddManageSettlementTest","Surefire test","testcases.backoffice.settlement.AddManageSettlementTest","addManageSettlementWithoutCompanyId"
"List Manage Settlement Backoffice Menggunakan Login Supervisor","4431","listManageSettlementWithSupervisorLogin","Surefire suite","Fri Oct 02 07:45:56 UTC 2026","passed","Fri Oct 02 07:46:01 UTC 2026","testcases.backoffice.settlement.ManageSettlementTest","Surefire test","testcases.backoffice.settlement.ManageSettlementTest","listManageSettlementWithSupervisorLogin"
"Refund Summary Menggunakan Login Marketing","4497","getRefundWithMarketingLogin","Surefire suite","Fri Oct 02 07:45:15 UTC 2026","passed","Fri Oct 02 07:45:19 UTC 2026","testcases.backoffice.refund.GetRefundTest","Surefire test","testcases.backoffice.refund.GetRefundTest","getRefundWithMarketingLogin"
"Resend Google Authenticator Dengan email Tidak Terdaftar","4486","resendOtpGoogleWithNonExistentEmail","Surefire suite","Fri Oct 02 07:41:07 UTC 2026","passed","Fri Oct 02 07:41:12 UTC 2026","testcases.backoffice.googleauth.ResendOtpGoogleTest","Surefire test","testcases.backoffice.googleauth.ResendOtpGoogleTest","resendOtpGoogleWithNonExistentEmail"
"Get History Special Transfer Merchant on Login CS Admin","11080","historySpecialTransferMerchantTestCSAdmin","Surefire suite","Fri Oct 02 08:43:33 UTC 2026","passed","Fri Oct 02 08:43:44 UTC 2026","testcases.history.HistoryTransferTest","Surefire test","testcases.history.HistoryTransferTest","historySpecialTransferMerchantTestCSAdmin"
"List Manage Settlement Backoffice Dengan Header Authorization Tanpa Skema Bearer","1509","listManageSettlementWithMalformedAuthorizationHeader","Surefire suite","Fri Oct 02 07:44:44 UTC 2026","passed","Fri Oct 02 07:44:46 UTC 2026","testcases.backoffice.settlement.ManageSettlementTest","Surefire test","testcases.backoffice.settlement.ManageSettlementTest","listManageSettlementWithMalformedAuthorizationHeader"
"Edit Company Cs Admin","4724","editCompanyCsAdmin","Surefire suite","Fri Oct 02 06:57:54 UTC 2026","passed","Fri Oct 02 06:57:59 UTC 2026","testcases.backoffice.users.EditUserTest","Surefire test","testcases.backoffice.users.EditUserTest","editCompanyCsAdmin"
"List Refund Menggunakan Login Marketing","4424","listRefundWithMarketingLogin","Surefire suite","Fri Oct 02 08:35:35 UTC 2026","passed","Fri Oct 02 08:35:40 UTC 2026","testcases.backoffice.ListRefundTest","Surefire test","testcases.backoffice.ListRefundTest","listRefundWithMarketingLogin"
"Resend Google Authenticator Dengan Body Kosong ({}) - Tanpa email","4560","resendOtpGoogleWithEmptyBody","Surefire suite","Fri Oct 02 07:40:02 UTC 2026","passed","Fri Oct 02 07:40:06 UTC 2026","testcases.backoffice.googleauth.ResendOtpGoogleTest","Surefire test","testcases.backoffice.googleauth.ResendOtpGoogleTest","resendOtpGoogleWithEmptyBody"
"Test Approved USDT","16929","approvedUSDTAdminCrypto","Surefire suite","Fri Oct 02 08:17:08 UTC 2026","passed","Fri Oct 02 08:17:25 UTC 2026","testcases.backoffice.ApprovalTransferTest","Surefire test","testcases.backoffice.ApprovalTransferTest","approvedUSDTAdminCrypto"
"Normal Transfer USDT Balance Success","10319","transferBalance","Surefire suite","Fri Oct 02 07:04:47 UTC 2026","passed","Fri Oct 02 07:04:57 UTC 2026","testcases.transfer.TransferUSDTTest","Surefire test","testcases.transfer.TransferUSDTTest","transferBalance"
"Get Balance Merchant with Login Admin Crypto","7286","getBalanceAdminLoginAdminCrypto","Surefire suite","Fri Oct 02 07:57:37 UTC 2026","passed","Fri Oct 02 07:57:44 UTC 2026","testcases.balance.GetBalanceQrisTest","Surefire test","testcases.balance.GetBalanceQrisTest","getBalanceAdminLoginAdminCrypto"
"Mutasi Special Transfer Supervisor CS","23934","mutasiSpecialTransferSupervisorCS","Surefire suite","Fri Oct 02 09:00:24 UTC 2026","passed","Fri Oct 02 09:00:48 UTC 2026","testcases.mutasi.MutasiTransferTest","Surefire test","testcases.mutasi.MutasiTransferTest","mutasiSpecialTransferSupervisorCS"
"Created Favorite Account Menggunakan HTTP Method PATCH","1461","createdFavoriteAccountWithPatchMethod","Surefire suite","Fri Oct 02 07:35:27 UTC 2026","passed","Fri Oct 02 07:35:28 UTC 2026","testcases.settings.favoriteaccount.CreatedFavoriteAccountTest","Surefire test","testcases.settings.favoriteaccount.CreatedFavoriteAccountTest","createdFavoriteAccountWithPatchMethod"
"Login Merchant dengan Username Tidak Terdaftar","2975","testLoginNonExistentUsername","Surefire suite","Fri Oct 02 07:13:31 UTC 2026","passed","Fri Oct 02 07:13:34 UTC 2026","testcases.auth.LoginTest","Surefire test","testcases.auth.LoginTest","testLoginNonExistentUsername"
"Add Currency CS Admin Path Menggunakan Login Backoffice","4480","addCurrencyWithBackofficeLogin","Surefire suite","Fri Oct 02 08:27:33 UTC 2026","passed","Fri Oct 02 08:27:37 UTC 2026","testcases.backoffice.currency.AddCurrencyTest","Surefire test","testcases.backoffice.currency.AddCurrencyTest","addCurrencyWithBackofficeLogin"
"Get List Group Backoffice Dengan size Negatif","1457","getListGroupWithNegativeSize","Surefire suite","Fri Oct 02 07:02:22 UTC 2026","passed","Fri Oct 02 07:02:24 UTC 2026","testcases.backoffice.group.GetListGroupTest","Surefire test","testcases.backoffice.group.GetListGroupTest","getListGroupWithNegativeSize"
"Inquiry Test Manual Transfer Admin Crypto","4640","inquiryManualTransferAdminCrypto","Surefire suite","Fri Oct 02 06:59:38 UTC 2026","passed","Fri Oct 02 06:59:42 UTC 2026","testcases.transfer.InquiryManualTransferTest","Surefire test","testcases.transfer.InquiryManualTransferTest","inquiryManualTransferAdminCrypto"
"List Waiting Company Backoffice Dengan Ukuran Halaman Sangat Besar","4634","listWaitingCompanyWithHugeSize","Surefire suite","Fri Oct 02 07:38:12 UTC 2026","passed","Fri Oct 02 07:38:17 UTC 2026","testcases.backoffice.ListWaitingCompanyTest","Surefire test","testcases.backoffice.ListWaitingCompanyTest","listWaitingCompanyWithHugeSize"
"List Currency USDT Dengan Field Tidak Dikenal pada Body","1468","getCurrencyWithUnknownField","Surefire suite","Fri Oct 02 07:32:39 UTC 2026","passed","Fri Oct 02 07:32:41 UTC 2026","testcases.backoffice.currency.GetCurrencyTest","Surefire test","testcases.backoffice.currency.GetCurrencyTest","getCurrencyWithUnknownField"
"Add Group Backoffice Menggunakan Login CS Admin","4623","addGroupWithCSAdminLogin","Surefire suite","Fri Oct 02 07:04:21 UTC 2026","passed","Fri Oct 02 07:04:26 UTC 2026","testcases.backoffice.group.AddGroupTest","Surefire test","testcases.backoffice.group.AddGroupTest","addGroupWithCSAdminLogin"
"List Currency USDT Dengan Body JSON Tidak Valid (Malformed)","1878","getCurrencyWithMalformedJson","Surefire suite","Fri Oct 02 07:31:45 UTC 2026","passed","Fri Oct 02 07:31:46 UTC 2026","testcases.backoffice.currency.GetCurrencyTest","Surefire test","testcases.backoffice.currency.GetCurrencyTest","getCurrencyWithMalformedJson"
"Get List Group Company BO Dengan groupName Berisi Spasi","4449","getListGroupCompanyWithWhitespaceGroupName","Surefire suite","Fri Oct 02 07:12:54 UTC 2026","passed","Fri Oct 02 07:12:58 UTC 2026","testcases.backoffice.settlement.GetListGroupCompanyTest","Surefire test","testcases.backoffice.settlement.GetListGroupCompanyTest","getListGroupCompanyWithWhitespaceGroupName"
"Get Detail Waiting Company Backoffice Dengan Token Tidak Valid","1511","getDetailWaitingCompanyWithInvalidToken","Surefire suite","Fri Oct 02 07:26:18 UTC 2026","passed","Fri Oct 02 07:26:19 UTC 2026","testcases.backoffice.GetDetailWaitingCompanyTest","Surefire test","testcases.backoffice.GetDetailWaitingCompanyTest","getDetailWaitingCompanyWithInvalidToken"
"Delete Manage Settlement BO Dengan id Berisi Karakter SQL Injection","4570","deleteManageSettlementWithSqlInjectionId","Surefire suite","Fri Oct 02 07:16:14 UTC 2026","passed","Fri Oct 02 07:16:19 UTC 2026","testcases.backoffice.settlement.DeleteManageSettlementTest","Surefire test","testcases.backoffice.settlement.DeleteManageSettlementTest","deleteManageSettlementWithSqlInjectionId"
"Reset Password Supervisor","4961","resetPasswordSupervisor","Surefire suite","Fri Oct 02 06:56:51 UTC 2026","passed","Fri Oct 02 06:56:56 UTC 2026","testcases.settings.ResetPasswordTest","Surefire test","testcases.settings.ResetPasswordTest","resetPasswordSupervisor"
"Delete Favorite Account Dengan Body Berupa JSON Array ([])","1456","deleteFavoriteAccountWithArrayBody","Surefire suite","Fri Oct 02 07:09:18 UTC 2026","passed","Fri Oct 02 07:09:20 UTC 2026","testcases.settings.favoriteaccount.DeleteFavoriteAccountTest","Surefire test","testcases.settings.favoriteaccount.DeleteFavoriteAccountTest","deleteFavoriteAccountWithArrayBody"
"Test Get Report RRN Dispute","4545","getReportRRNAdmin","Surefire suite","Fri Oct 02 06:58:08 UTC 2026","passed","Fri Oct 02 06:58:12 UTC 2026","testcases.report.ReportTransactionTest","Surefire test","testcases.report.ReportTransactionTest","getReportRRNAdmin"
"Resend Google Authenticator Menggunakan Login Customer Service","4640","resendOtpGoogleWithCSLogin","Surefire suite","Fri Oct 02 07:39:45 UTC 2026","passed","Fri Oct 02 07:39:50 UTC 2026","testcases.backoffice.googleauth.ResendOtpGoogleTest","Surefire test","testcases.backoffice.googleauth.ResendOtpGoogleTest","resendOtpGoogleWithCSLogin"
"Refund Summary Menggunakan Login Supervisor","4430","getRefundWithSupervisorLogin","Surefire suite","Fri Oct 02 07:46:07 UTC 2026","passed","Fri Oct 02 07:46:11 UTC 2026","testcases.backoffice.refund.GetRefundTest","Surefire test","testcases.backoffice.refund.GetRefundTest","getRefundWithSupervisorLogin"
"List Currency USDT Dengan Karakter SQL Injection pada Field Param","1477","getCurrencyWithSqlInjectionParam","Surefire suite","Fri Oct 02 07:32:27 UTC 2026","passed","Fri Oct 02 07:32:29 UTC 2026","testcases.backoffice.currency.GetCurrencyTest","Surefire test","testcases.backoffice.currency.GetCurrencyTest","getCurrencyWithSqlInjectionParam"
"Get List Group Company BO Dengan Header Authorization Tanpa Skema Bearer","1435","getListGroupCompanyWithMalformedAuthorizationHeader","Surefire suite","Fri Oct 02 07:11:34 UTC 2026","passed","Fri Oct 02 07:11:36 UTC 2026","testcases.backoffice.settlement.GetListGroupCompanyTest","Surefire test","testcases.backoffice.settlement.GetListGroupCompanyTest","getListGroupCompanyWithMalformedAuthorizationHeader"
"Refund Summary Tanpa Field startDate","1452","getRefundWithoutStartDate","Surefire suite","Fri Oct 02 07:46:57 UTC 2026","passed","Fri Oct 02 07:46:58 UTC 2026","testcases.backoffice.refund.GetRefundTest","Surefire test","testcases.backoffice.refund.GetRefundTest","getRefundWithoutStartDate"
"Get List Google Authenticator Menggunakan Login CS Admin","4569","listOtpGoogleWithCSAdminLogin","Surefire suite","Fri Oct 02 07:40:19 UTC 2026","passed","Fri Oct 02 07:40:23 UTC 2026","testcases.backoffice.googleauth.ListOtpGoogleTest","Surefire test","testcases.backoffice.googleauth.ListOtpGoogleTest","listOtpGoogleWithCSAdminLogin"
"Add Group Backoffice Menggunakan HTTP Method DELETE","1537","addGroupWithDeleteMethod","Surefire suite","Fri Oct 02 07:04:36 UTC 2026","passed","Fri Oct 02 07:04:38 UTC 2026","testcases.backoffice.group.AddGroupTest","Surefire test","testcases.backoffice.group.AddGroupTest","addGroupWithDeleteMethod"
"Get Group Detail Backoffice Menggunakan HTTP Method DELETE","4481","getGroupDetailWithDeleteMethod","Surefire suite","Fri Oct 02 07:08:06 UTC 2026","passed","Fri Oct 02 07:08:10 UTC 2026","testcases.backoffice.group.GetGroupTest","Surefire test","testcases.backoffice.group.GetGroupTest","getGroupDetailWithDeleteMethod"
"Get Detail Waiting Company Backoffice Dengan Id Berisi Spasi","4653","getDetailWaitingCompanyWithWhitespaceId","Surefire suite","Fri Oct 02 07:27:43 UTC 2026","passed","Fri Oct 02 07:27:48 UTC 2026","testcases.backoffice.GetDetailWaitingCompanyTest","Surefire test","testcases.backoffice.GetDetailWaitingCompanyTest","getDetailWaitingCompanyWithWhitespaceId"
"Get Dashboard Backoffice Dengan Token Tidak Valid","1418","getDashboardWithInvalidToken","Surefire suite","Fri Oct 02 07:28:42 UTC 2026","passed","Fri Oct 02 07:28:44 UTC 2026","testcases.backoffice.GetDashboardTest","Surefire test","testcases.backoffice.GetDashboardTest","getDashboardWithInvalidToken"
"Delete Favorite Account Tanpa Field pin","1582","deleteFavoriteAccountWithoutPinField","Surefire suite","Fri Oct 02 07:11:29 UTC 2026","passed","Fri Oct 02 07:11:31 UTC 2026","testcases.settings.favoriteaccount.DeleteFavoriteAccountTest","Surefire test","testcases.settings.favoriteaccount.DeleteFavoriteAccountTest","deleteFavoriteAccountWithoutPinField"
"Create Manage Settlement BO Dengan Body JSON Tidak Valid (Malformed)","4422","addManageSettlementWithMalformedJson","Surefire suite","Fri Oct 02 07:19:26 UTC 2026","passed","Fri Oct 02 07:19:30 UTC 2026","testcases.backoffice.settlement.AddManageSettlementTest","Surefire test","testcases.backoffice.settlement.AddManageSettlementTest","addManageSettlementWithMalformedJson"
"Get List Group Company BO Dengan groupName Berbeda Kapitalisasi","4523","getListGroupCompanyWithDifferentCaseGroupName","Surefire suite","Fri Oct 02 07:11:10 UTC 2026","passed","Fri Oct 02 07:11:15 UTC 2026","testcases.backoffice.settlement.GetListGroupCompanyTest","Surefire test","testcases.backoffice.settlement.GetListGroupCompanyTest","getListGroupCompanyWithDifferentCaseGroupName"
"Test Approved Special Transfer Supervisor","11192","approvedSpecialTransferSupervisor","Surefire suite","Fri Oct 02 08:16:05 UTC 2026","passed","Fri Oct 02 08:16:17 UTC 2026","testcases.backoffice.ApprovalTransferTest","Surefire test","testcases.backoffice.ApprovalTransferTest","approvedSpecialTransferSupervisor"
"Delete Favorite Account Dengan Token Valid Tapi Tanpa Header credentialId","1628","deleteFavoriteAccountWithoutCredentialIdHeader","Surefire suite","Fri Oct 02 07:11:20 UTC 2026","failed","Fri Oct 02 07:11:21 UTC 2026","testcases.settings.favoriteaccount.DeleteFavoriteAccountTest","Surefire test","testcases.settings.favoriteaccount.DeleteFavoriteAccountTest","deleteFavoriteAccountWithoutCredentialIdHeader"
"List Refund Menggunakan Login CS Admin","4540","listRefundWithCSAdminLogin","Surefire suite","Fri Oct 02 08:34:30 UTC 2026","passed","Fri Oct 02 08:34:34 UTC 2026","testcases.backoffice.ListRefundTest","Surefire test","testcases.backoffice.ListRefundTest","listRefundWithCSAdminLogin"
"Get Dashboard User Backoffice","5042","getDashboardSuperBO","Surefire suite","Fri Oct 02 07:28:04 UTC 2026","passed","Fri Oct 02 07:28:09 UTC 2026","testcases.backoffice.GetDashboardTest","Surefire test","testcases.backoffice.GetDashboardTest","getDashboardSuperBO"
"List User Backoffice Dengan Ukuran Halaman Sangat Besar","5282","listUsersWithHugeSize","Surefire suite","Fri Oct 02 07:48:28 UTC 2026","passed","Fri Oct 02 07:48:33 UTC 2026","testcases.backoffice.users.ListUsersTest","Surefire test","testcases.backoffice.users.ListUsersTest","listUsersWithHugeSize"
"Created Favorite Account Dengan Token Valid Tapi Tanpa Header credentialId","1745","createdFavoriteAccountWithoutCredentialIdHeader","Surefire suite","Fri Oct 02 07:36:21 UTC 2026","passed","Fri Oct 02 07:36:23 UTC 2026","testcases.settings.favoriteaccount.CreatedFavoriteAccountTest","Surefire test","testcases.settings.favoriteaccount.CreatedFavoriteAccountTest","createdFavoriteAccountWithoutCredentialIdHeader"
"Get Notification Sender Dengan Field Tidak Dikenal pada Body","4982","getNotificationSenderWithUnknownField","Surefire suite","Fri Oct 02 07:38:10 UTC 2026","passed","Fri Oct 02 07:38:15 UTC 2026","testcases.backoffice.notifsender.NotificationSenderTest","Surefire test","testcases.backoffice.notifsender.NotificationSenderTest","getNotificationSenderWithUnknownField"
"List Refund Dengan Body Kosong ({})","4704","listRefundWithEmptyBody","Surefire suite","Fri Oct 02 08:34:45 UTC 2026","passed","Fri Oct 02 08:34:50 UTC 2026","testcases.backoffice.ListRefundTest","Surefire test","testcases.backoffice.ListRefundTest","listRefundWithEmptyBody"
"Inquiry Test Special Transfer Merchant Supervisor","5180","inquirySpecialTransferSupervisor","Surefire suite","Fri Oct 02 07:01:10 UTC 2026","passed","Fri Oct 02 07:01:16 UTC 2026","testcases.transfer.InquirySpecialTransferTest","Surefire test","testcases.transfer.InquirySpecialTransferTest","inquirySpecialTransferSupervisor"
"Create Manage Settlement BO Dengan Tipe Data Salah pada companyList (String, Bukan Array)","4551","addManageSettlementWithInvalidFieldType","Surefire suite","Fri Oct 02 07:19:02 UTC 2026","passed","Fri Oct 02 07:19:07 UTC 2026","testcases.backoffice.settlement.AddManageSettlementTest","Surefire test","testcases.backoffice.settlement.AddManageSettlementTest","addManageSettlementWithInvalidFieldType"
"Get History QR","7692","historyQRTest","Surefire suite","Fri Oct 02 07:42:59 UTC 2026","passed","Fri Oct 02 07:43:07 UTC 2026","testcases.history.HistoryQRTest","Surefire test","testcases.history.HistoryQRTest","historyQRTest"
"Add Group Ke Path yang Tidak Ada (Typo)","1585","addGroupWithWrongPath","Surefire suite","Fri Oct 02 07:07:08 UTC 2026","passed","Fri Oct 02 07:07:10 UTC 2026","testcases.backoffice.group.AddGroupTest","Surefire test","testcases.backoffice.group.AddGroupTest","addGroupWithWrongPath"
"Add Group Backoffice Dengan Nama yang Sudah Ada Sejak Test Lama (""testzulma1"")","1460","addGroupWithLegacyDuplicateName","Surefire suite","Fri Oct 02 07:05:35 UTC 2026","passed","Fri Oct 02 07:05:37 UTC 2026","testcases.backoffice.group.AddGroupTest","Surefire test","testcases.backoffice.group.AddGroupTest","addGroupWithLegacyDuplicateName"
"Inquiry Favorite Account CS","11908","inquiryFavoriteAccountCS","Surefire suite","Fri Oct 02 08:05:50 UTC 2026","passed","Fri Oct 02 08:06:02 UTC 2026","testcases.settings.favoriteaccount.InquiryFavoriteAccountTest","Surefire test","testcases.settings.favoriteaccount.InquiryFavoriteAccountTest","inquiryFavoriteAccountCS"
"Delete Group Backoffice Dengan Body Kosong ({})","1501","deleteGroupWithEmptyBody","Surefire suite","Fri Oct 02 06:58:00 UTC 2026","passed","Fri Oct 02 06:58:01 UTC 2026","testcases.backoffice.group.DeleteGroupTest","Surefire test","testcases.backoffice.group.DeleteGroupTest","deleteGroupWithEmptyBody"
"Created Favorite Account Dengan pin Salah","1682","createdFavoriteAccountWithWrongPin","Surefire suite","Fri Oct 02 07:35:59 UTC 2026","passed","Fri Oct 02 07:36:00 UTC 2026","testcases.settings.favoriteaccount.CreatedFavoriteAccountTest","Surefire test","testcases.settings.favoriteaccount.CreatedFavoriteAccountTest","createdFavoriteAccountWithWrongPin"
"Normal Special Transfer Success Admin Crypto","6605","specialTransferAdminCrypto","Surefire suite","Fri Oct 02 06:58:07 UTC 2026","passed","Fri Oct 02 06:58:13 UTC 2026","testcases.transfer.SpecialTransferTest","Surefire test","testcases.transfer.SpecialTransferTest","specialTransferAdminCrypto"
"Inquiry Favorite Account Menggunakan HTTP Method PATCH","1415","inquiryFavoriteAccountWithPatchMethod","Surefire suite","Fri Oct 02 07:37:32 UTC 2026","passed","Fri Oct 02 07:37:33 UTC 2026","testcases.settings.favoriteaccount.InquiryFavoriteAccountTest","Surefire test","testcases.settings.favoriteaccount.InquiryFavoriteAccountTest","inquiryFavoriteAccountWithPatchMethod"
"Get Detail User Backoffice Dengan Token Tidak Valid","4353","getUsersWithInvalidToken","Surefire suite","Fri Oct 02 07:47:23 UTC 2026","passed","Fri Oct 02 07:47:27 UTC 2026","testcases.backoffice.users.ListUsersTest","Surefire test","testcases.backoffice.users.ListUsersTest","getUsersWithInvalidToken"
"Refund Summary Tanpa Field endDate","1464","getRefundWithoutEndDate","Surefire suite","Fri Oct 02 07:46:47 UTC 2026","passed","Fri Oct 02 07:46:48 UTC 2026","testcases.backoffice.refund.GetRefundTest","Surefire test","testcases.backoffice.refund.GetRefundTest","getRefundWithoutEndDate"
"Create Manage Settlement BO Tanpa Field groupName","5293","addManageSettlementWithoutGroupName","Surefire suite","Fri Oct 02 07:21:40 UTC 2026","passed","Fri Oct 02 07:21:45 UTC 2026","testcases.backoffice.settlement.AddManageSettlementTest","Surefire test","testcases.backoffice.settlement.AddManageSettlementTest","addManageSettlementWithoutGroupName"
"List User Backoffice Dengan Karakter SQL Injection pada Field Param - Menemukan Bug Gateway Timeout","4762","listUsersWithSqlInjectionParam","Surefire suite","Fri Oct 02 07:49:27 UTC 2026","passed","Fri Oct 02 07:49:31 UTC 2026","testcases.backoffice.users.ListUsersTest","Surefire test","testcases.backoffice.users.ListUsersTest","listUsersWithSqlInjectionParam"
"Transfer with Wrong Pin","48661","transferWrongPin","Surefire suite","Fri Oct 02 07:05:00 UTC 2026","passed","Fri Oct 02 07:05:49 UTC 2026","testcases.transfer.TransferUSDTTest","Surefire test","testcases.transfer.TransferUSDTTest","transferWrongPin"
"Get List Group Company BO Menggunakan Login Supervisor","4617","getListGroupCompanyWithSupervisorLogin","Surefire suite","Fri Oct 02 07:12:46 UTC 2026","passed","Fri Oct 02 07:12:51 UTC 2026","testcases.backoffice.settlement.GetListGroupCompanyTest","Surefire test","testcases.backoffice.settlement.GetListGroupCompanyTest","getListGroupCompanyWithSupervisorLogin"
"Get List Google Authenticator Dengan Page/Size Negatif","4452","listOtpGoogleWithNegativePageSize","Surefire suite","Fri Oct 02 07:42:03 UTC 2026","passed","Fri Oct 02 07:42:08 UTC 2026","testcases.backoffice.googleauth.ListOtpGoogleTest","Surefire test","testcases.backoffice.googleauth.ListOtpGoogleTest","listOtpGoogleWithNegativePageSize"
"Get List Favorite Account Menggunakan HTTP Method PATCH","1439","getListFavoriteAccountWithPatchMethod","Surefire suite","Fri Oct 02 09:11:32 UTC 2026","passed","Fri Oct 02 09:11:34 UTC 2026","testcases.settings.favoriteaccount.GetListFavoriteAccountTest","Surefire test","testcases.settings.favoriteaccount.GetListFavoriteAccountTest","getListFavoriteAccountWithPatchMethod"
"Wrong Password Login Merchant","3061","testLoginWrongPassword","Surefire suite","Fri Oct 02 07:14:09 UTC 2026","passed","Fri Oct 02 07:14:12 UTC 2026","testcases.auth.LoginTest","Surefire test","testcases.auth.LoginTest","testLoginWrongPassword"
"Login Merchant dengan Captcha yang Dipakai Ulang","4414","testLoginReusedCaptcha","Surefire suite","Fri Oct 02 07:13:37 UTC 2026","passed","Fri Oct 02 07:13:41 UTC 2026","testcases.auth.LoginTest","Surefire test","testcases.auth.LoginTest","testLoginReusedCaptcha"
"Reset Pin Backoffice","6949","resetPinBackoffice","Surefire suite","Fri Oct 02 07:34:09 UTC 2026","passed","Fri Oct 02 07:34:16 UTC 2026","testcases.settings.ResetPinTest","Surefire test","testcases.settings.ResetPinTest","resetPinBackoffice"
"Get Notification Sender Tanpa Field pinValidasi","4822","getNotificationSenderWithoutPinValidasi","Surefire suite","Fri Oct 02 07:39:00 UTC 2026","passed","Fri Oct 02 07:39:05 UTC 2026","testcases.backoffice.notifsender.NotificationSenderTest","Surefire test","testcases.backoffice.notifsender.NotificationSenderTest","getNotificationSenderWithoutPinValidasi"
"Create Manage Settlement BO Ke Path yang Tidak Ada (Typo)","4991","addManageSettlementWithWrongPath","Surefire suite","Fri Oct 02 07:20:57 UTC 2026","passed","Fri Oct 02 07:21:02 UTC 2026","testcases.backoffice.settlement.AddManageSettlementTest","Surefire test","testcases.backoffice.settlement.AddManageSettlementTest","addManageSettlementWithWrongPath"
"Get List Group Backoffice Dengan page Negatif","1451","getListGroupWithNegativePage","Surefire suite","Fri Oct 02 07:02:18 UTC 2026","passed","Fri Oct 02 07:02:19 UTC 2026","testcases.backoffice.group.GetListGroupTest","Surefire test","testcases.backoffice.group.GetListGroupTest","getListGroupWithNegativePage"
"Delete Favorite Account Dengan Body Berupa Literal null","1568","deleteFavoriteAccountWithNullLiteralBody","Surefire suite","Fri Oct 02 07:10:18 UTC 2026","passed","Fri Oct 02 07:10:19 UTC 2026","testcases.settings.favoriteaccount.DeleteFavoriteAccountTest","Surefire test","testcases.settings.favoriteaccount.DeleteFavoriteAccountTest","deleteFavoriteAccountWithNullLiteralBody"
"Add Currency CS Admin Path Dengan rate Berupa JSON Array","1613","addCurrencyWithArrayRate","Surefire suite","Fri Oct 02 08:27:28 UTC 2026","passed","Fri Oct 02 08:27:30 UTC 2026","testcases.backoffice.currency.AddCurrencyTest","Surefire test","testcases.backoffice.currency.AddCurrencyTest","addCurrencyWithArrayRate"
"Refund Summary Menggunakan Login CS Admin","5471","getRefundWithCSAdminLogin","Surefire suite","Fri Oct 02 07:44:00 UTC 2026","passed","Fri Oct 02 07:44:05 UTC 2026","testcases.backoffice.refund.GetRefundTest","Surefire test","testcases.backoffice.refund.GetRefundTest","getRefundWithCSAdminLogin"
"Get Detail Waiting Company Backoffice Dengan Id yang Tidak Ada","4824","getDetailWaitingCompanyWithNonExistentId","Surefire suite","Fri Oct 02 07:26:50 UTC 2026","passed","Fri Oct 02 07:26:55 UTC 2026","testcases.backoffice.GetDetailWaitingCompanyTest","Surefire test","testcases.backoffice.GetDetailWaitingCompanyTest","getDetailWaitingCompanyWithNonExistentId"
"Get List Favorite Account Dengan page Melebihi Total Halaman","1612","getListFavoriteAccountWithPageBeyondTotalPages","Surefire suite","Fri Oct 02 09:11:28 UTC 2026","passed","Fri Oct 02 09:11:29 UTC 2026","testcases.settings.favoriteaccount.GetListFavoriteAccountTest","Surefire test","testcases.settings.favoriteaccount.GetListFavoriteAccountTest","getListFavoriteAccountWithPageBeyondTotalPages"
"List Manage Settlement Backoffice Dengan Token Kadaluarsa","1674","listManageSettlementWithExpiredToken","Surefire suite","Fri Oct 02 07:44:05 UTC 2026","passed","Fri Oct 02 07:44:06 UTC 2026","testcases.backoffice.settlement.ManageSettlementTest","Surefire test","testcases.backoffice.settlement.ManageSettlementTest","listManageSettlementWithExpiredToken"
"Test Settlement USDT CS Admin dengan check Fee di Admin Crypto dan Admin Fee","44381","settlementUSDTCSAdmin","Surefire suite","Fri Oct 02 08:22:30 UTC 2026","passed","Fri Oct 02 08:23:14 UTC 2026","testcases.backoffice.ApprovalTransferTest","Surefire test","testcases.backoffice.ApprovalTransferTest","settlementUSDTCSAdmin"
"Add Currency CS Admin Path Dengan Token Tidak Valid","1522","addCurrencyWithInvalidToken","Surefire suite","Fri Oct 02 08:28:29 UTC 2026","passed","Fri Oct 02 08:28:30 UTC 2026","testcases.backoffice.currency.AddCurrencyTest","Surefire test","testcases.backoffice.currency.AddCurrencyTest","addCurrencyWithInvalidToken"
"Get Detail Waiting Company Backoffice Dengan Token Kadaluarsa","1482","getDetailWaitingCompanyWithExpiredToken","Surefire suite","Fri Oct 02 07:26:06 UTC 2026","passed","Fri Oct 02 07:26:07 UTC 2026","testcases.backoffice.GetDetailWaitingCompanyTest","Surefire test","testcases.backoffice.GetDetailWaitingCompanyTest","getDetailWaitingCompanyWithExpiredToken"
"Get List Google Authenticator Dengan Field Tidak Dikenal pada Body","4424","listOtpGoogleWithUnknownField","Surefire suite","Fri Oct 02 07:42:48 UTC 2026","passed","Fri Oct 02 07:42:52 UTC 2026","testcases.backoffice.googleauth.ListOtpGoogleTest","Surefire test","testcases.backoffice.googleauth.ListOtpGoogleTest","listOtpGoogleWithUnknownField"
"Get List Favorite Account Tanpa Field page","1573","getListFavoriteAccountWithoutPageField","Surefire suite","Fri Oct 02 09:12:28 UTC 2026","passed","Fri Oct 02 09:12:30 UTC 2026","testcases.settings.favoriteaccount.GetListFavoriteAccountTest","Surefire test","testcases.settings.favoriteaccount.GetListFavoriteAccountTest","getListFavoriteAccountWithoutPageField"
"Normal Flop Transfer Balance Success","11161","flopTransferBalance","Surefire suite","Fri Oct 02 07:08:24 UTC 2026","passed","Fri Oct 02 07:08:36 UTC 2026","testcases.transfer.TransferFlopTest","Surefire test","testcases.transfer.TransferFlopTest","flopTransferBalance"
"Inquiry Favorite Account Merchant","5086","inquiryFavoriteAccountMerchant","Surefire suite","Fri Oct 02 07:36:31 UTC 2026","passed","Fri Oct 02 07:36:36 UTC 2026","testcases.settings.favoriteaccount.InquiryFavoriteAccountTest","Surefire test","testcases.settings.favoriteaccount.InquiryFavoriteAccountTest","inquiryFavoriteAccountMerchant"
"Delete Google Authenticator Tanpa Login/Header Auth","1409","deleteOtpGoogleWithoutAuth","Surefire suite","Fri Oct 02 07:24:50 UTC 2026","passed","Fri Oct 02 07:24:52 UTC 2026","testcases.backoffice.googleauth.DeleteOtpGoogleTest","Surefire test","testcases.backoffice.googleauth.DeleteOtpGoogleTest","deleteOtpGoogleWithoutAuth"
"List Company Backoffice Menggunakan Login Merchant","4538","listCompanyWithMerchantLogin","Surefire suite","Fri Oct 02 07:36:23 UTC 2026","passed","Fri Oct 02 07:36:27 UTC 2026","testcases.backoffice.ListCompanyTest","Surefire test","testcases.backoffice.ListCompanyTest","listCompanyWithMerchantLogin"
"Get History QR Supervisor Success Paid","11147","historyQRTestPaidSupervisor","Surefire suite","Fri Oct 02 07:52:49 UTC 2026","passed","Fri Oct 02 07:53:01 UTC 2026","testcases.history.HistoryQRTest","Surefire test","testcases.history.HistoryQRTest","historyQRTestPaidSupervisor"
"Get List Group Backoffice Dengan Field sort Tidak Valid","1465","getListGroupWithInvalidSortField","Surefire suite","Fri Oct 02 07:01:45 UTC 2026","passed","Fri Oct 02 07:01:46 UTC 2026","testcases.backoffice.group.GetListGroupTest","Surefire test","testcases.backoffice.group.GetListGroupTest","getListGroupWithInvalidSortField"
"Get Notification Sender Dengan Field Sort Merujuk ke Kolom yang Tidak Ada","5031","getNotificationSenderWithInvalidSortField","Surefire suite","Fri Oct 02 07:36:15 UTC 2026","passed","Fri Oct 02 07:36:20 UTC 2026","testcases.backoffice.notifsender.NotificationSenderTest","Surefire test","testcases.backoffice.notifsender.NotificationSenderTest","getNotificationSenderWithInvalidSortField"
"List Waiting Company Backoffice Dengan Token Tidak Valid","1422","listWaitingCompanyWithInvalidToken","Surefire suite","Fri Oct 02 07:38:35 UTC 2026","passed","Fri Oct 02 07:38:36 UTC 2026","testcases.backoffice.ListWaitingCompanyTest","Surefire test","testcases.backoffice.ListWaitingCompanyTest","listWaitingCompanyWithInvalidToken"
"Created Favorite Account Customer Service","10858","createdFavoriteAccountCS","Surefire suite","Fri Oct 02 08:02:31 UTC 2026","passed","Fri Oct 02 08:02:42 UTC 2026","testcases.settings.favoriteaccount.CreatedFavoriteAccountTest","Surefire test","testcases.settings.favoriteaccount.CreatedFavoriteAccountTest","createdFavoriteAccountCS"
"Delete Manage Settlement BO Dengan Token Tidak Valid","1714","deleteManageSettlementWithInvalidToken","Surefire suite","Fri Oct 02 07:15:03 UTC 2026","passed","Fri Oct 02 07:15:05 UTC 2026","testcases.backoffice.settlement.DeleteManageSettlementTest","Surefire test","testcases.backoffice.settlement.DeleteManageSettlementTest","deleteManageSettlementWithInvalidToken"
"Delete Favorite Account Dengan Karakter SQL Injection pada id","1775","deleteFavoriteAccountWithSqlInjectionId","Surefire suite","Fri Oct 02 07:10:32 UTC 2026","passed","Fri Oct 02 07:10:33 UTC 2026","testcases.settings.favoriteaccount.DeleteFavoriteAccountTest","Surefire test","testcases.settings.favoriteaccount.DeleteFavoriteAccountTest","deleteFavoriteAccountWithSqlInjectionId"
"Get Balance Merchant with Login CS","5459","getBalanceMerchantLoginCS","Surefire suite","Fri Oct 02 06:57:30 UTC 2026","passed","Fri Oct 02 06:57:36 UTC 2026","testcases.balance.GetBalanceQrisTest","Surefire test","testcases.balance.GetBalanceQrisTest","getBalanceMerchantLoginCS"
"Success Assignment Cash Deposit Supervisor","12962","assignCashDepositSupervisorTest","Surefire suite","Fri Oct 02 07:46:54 UTC 2026","passed","Fri Oct 02 07:47:07 UTC 2026","testcases.backoffice.TransferAssignmentTest","Surefire test","testcases.backoffice.TransferAssignmentTest","assignCashDepositSupervisorTest"
"Add Currency CS Admin Path Dengan rate Berupa JSON Object","1448","addCurrencyWithObjectRate","Surefire suite","Fri Oct 02 08:29:16 UTC 2026","passed","Fri Oct 02 08:29:17 UTC 2026","testcases.backoffice.currency.AddCurrencyTest","Surefire test","testcases.backoffice.currency.AddCurrencyTest","addCurrencyWithObjectRate"
"Get History Special Transfer Test CS","10902","historySpecialTransferTestCS","Surefire suite","Fri Oct 02 08:44:36 UTC 2026","passed","Fri Oct 02 08:44:47 UTC 2026","testcases.history.HistoryTransferTest","Surefire test","testcases.history.HistoryTransferTest","historySpecialTransferTestCS"
"Inquiry Favorite Account Supervisor","7888","inquiryFavoriteAccountSupervisor","Surefire suite","Fri Oct 02 08:06:05 UTC 2026","passed","Fri Oct 02 08:06:13 UTC 2026","testcases.settings.favoriteaccount.InquiryFavoriteAccountTest","Surefire test","testcases.settings.favoriteaccount.InquiryFavoriteAccountTest","inquiryFavoriteAccountSupervisor"
"List Currency USDT Dengan Token Backoffice Valid Tapi Tanpa Header pbyv","1448","getCurrencyWithoutPbyvHeader","Surefire suite","Fri Oct 02 07:33:11 UTC 2026","passed","Fri Oct 02 07:33:12 UTC 2026","testcases.backoffice.currency.GetCurrencyTest","Surefire test","testcases.backoffice.currency.GetCurrencyTest","getCurrencyWithoutPbyvHeader"
"Get History Transfer Test","8257","historyTransferTest","Surefire suite","Fri Oct 02 08:45:48 UTC 2026","passed","Fri Oct 02 08:45:57 UTC 2026","testcases.history.HistoryTransferTest","Surefire test","testcases.history.HistoryTransferTest","historyTransferTest"
"Get History Special Transfer Test Supervisor","8196","historySpecialTransferTestSupervisor","Surefire suite","Fri Oct 02 08:45:05 UTC 2026","passed","Fri Oct 02 08:45:13 UTC 2026","testcases.history.HistoryTransferTest","Surefire test","testcases.history.HistoryTransferTest","historySpecialTransferTestSupervisor"
"List Currency USDT Tanpa Body Sama Sekali","1429","getCurrencyWithoutBody","Surefire suite","Fri Oct 02 07:33:07 UTC 2026","passed","Fri Oct 02 07:33:08 UTC 2026","testcases.backoffice.currency.GetCurrencyTest","Surefire test","testcases.backoffice.currency.GetCurrencyTest","getCurrencyWithoutBody"
"Get List Group Backoffice Menggunakan Login Admin","4668","getListGroupWithAdminLogin","Surefire suite","Fri Oct 02 07:00:52 UTC 2026","passed","Fri Oct 02 07:00:56 UTC 2026","testcases.backoffice.group.GetListGroupTest","Surefire test","testcases.backoffice.group.GetListGroupTest","getListGroupWithAdminLogin"
"Reset Pin Group","5020","resetPinGroup","Surefire suite","Fri Oct 02 06:56:57 UTC 2026","passed","Fri Oct 02 06:57:02 UTC 2026","testcases.settings.ResetPinTest","Surefire test","testcases.settings.ResetPinTest","resetPinGroup"
"Inquiry Favorite Account Menggunakan HTTP Method GET","1439","inquiryFavoriteAccountWithGetMethod","Surefire suite","Fri Oct 02 07:37:05 UTC 2026","failed","Fri Oct 02 07:37:06 UTC 2026","testcases.settings.favoriteaccount.InquiryFavoriteAccountTest","Surefire test","testcases.settings.favoriteaccount.InquiryFavoriteAccountTest","inquiryFavoriteAccountWithGetMethod"
"Create Manage Settlement BO Menggunakan Login Marketing","4778","addManageSettlementWithMarketingLogin","Surefire suite","Fri Oct 02 07:19:33 UTC 2026","passed","Fri Oct 02 07:19:38 UTC 2026","testcases.backoffice.settlement.AddManageSettlementTest","Surefire test","testcases.backoffice.settlement.AddManageSettlementTest","addManageSettlementWithMarketingLogin"
"Refund Summary Dengan Karakter SQL Injection pada Field type","1449","getRefundWithSqlInjectionType","Surefire suite","Fri Oct 02 07:46:03 UTC 2026","passed","Fri Oct 02 07:46:04 UTC 2026","testcases.backoffice.refund.GetRefundTest","Surefire test","testcases.backoffice.refund.GetRefundTest","getRefundWithSqlInjectionType"
"Refund Summary Tanpa Field type","1620","getRefundWithoutType","Surefire suite","Fri Oct 02 07:47:01 UTC 2026","passed","Fri Oct 02 07:47:03 UTC 2026","testcases.backoffice.refund.GetRefundTest","Surefire test","testcases.backoffice.refund.GetRefundTest","getRefundWithoutType"
"Get Notification Sender","6467","getNotificationSender","Surefire suite","Fri Oct 02 07:34:26 UTC 2026","passed","Fri Oct 02 07:34:33 UTC 2026","testcases.backoffice.notifsender.NotificationSenderTest","Surefire test","testcases.backoffice.notifsender.NotificationSenderTest","getNotificationSender"
"Add Group Backoffice Dengan feePlatformPercent Bertipe String","1436","addGroupWithFeeAsString","Surefire suite","Fri Oct 02 07:05:13 UTC 2026","passed","Fri Oct 02 07:05:14 UTC 2026","testcases.backoffice.group.AddGroupTest","Surefire test","testcases.backoffice.group.AddGroupTest","addGroupWithFeeAsString"
"Get History Transfer Test Supervisor","8035","historyTransferTestSupervisor","Surefire suite","Fri Oct 02 08:46:40 UTC 2026","passed","Fri Oct 02 08:46:48 UTC 2026","testcases.history.HistoryTransferTest","Surefire test","testcases.history.HistoryTransferTest","historyTransferTestSupervisor"
"Get History Flop Transfer Test Supervisor","8603","historyFlopTransferTestSupervisor","Surefire suite","Fri Oct 02 08:41:30 UTC 2026","passed","Fri Oct 02 08:41:38 UTC 2026","testcases.history.HistoryTransferTest","Surefire test","testcases.history.HistoryTransferTest","historyFlopTransferTestSupervisor"
"Get History Refund Test Admin Crypto","5965","historyRefundTestAdminCrypto","Surefire suite","Fri Oct 02 08:43:24 UTC 2026","passed","Fri Oct 02 08:43:30 UTC 2026","testcases.history.HistoryTransferTest","Surefire test","testcases.history.HistoryTransferTest","historyRefundTestAdminCrypto"
"Inquiry Favorite Account Tanpa Body Sama Sekali","1431","inquiryFavoriteAccountWithoutBody","Surefire suite","Fri Oct 02 07:38:21 UTC 2026","passed","Fri Oct 02 07:38:23 UTC 2026","testcases.settings.favoriteaccount.InquiryFavoriteAccountTest","Surefire test","testcases.settings.favoriteaccount.InquiryFavoriteAccountTest","inquiryFavoriteAccountWithoutBody"
"Get List Favorite Account Dengan Header companyId Salah","1471","getListFavoriteAccountWithWrongCompanyIdHeader","Surefire suite","Fri Oct 02 09:11:56 UTC 2026","passed","Fri Oct 02 09:11:58 UTC 2026","testcases.settings.favoriteaccount.GetListFavoriteAccountTest","Surefire test","testcases.settings.favoriteaccount.GetListFavoriteAccountTest","getListFavoriteAccountWithWrongCompanyIdHeader"
"Reset Pin Supervisor","7368","resetPinSupervisor","Surefire suite","Fri Oct 02 06:56:40 UTC 2026","passed","Fri Oct 02 06:56:48 UTC 2026","testcases.settings.ResetPinTest","Surefire test","testcases.settings.ResetPinTest","resetPinSupervisor"
"Add Group Backoffice Dengan Payload Persis Sama (Dikirim Dua Kali)","2998","addGroupWithDuplicatePayload","Surefire suite","Fri Oct 02 07:04:53 UTC 2026","passed","Fri Oct 02 07:04:56 UTC 2026","testcases.backoffice.group.AddGroupTest","Surefire test","testcases.backoffice.group.AddGroupTest","addGroupWithDuplicatePayload"
"List Refund Dengan Tipe Data Salah pada Field Limit (String, Bukan Integer)","4723","listRefundWithInvalidFieldType","Surefire suite","Fri Oct 02 08:35:01 UTC 2026","passed","Fri Oct 02 08:35:05 UTC 2026","testcases.backoffice.ListRefundTest","Surefire test","testcases.backoffice.ListRefundTest","listRefundWithInvalidFieldType"
"Add Currency USDT Cs Admin","4655","addCurrencyCsAdmin","Surefire suite","Fri Oct 02 08:26:58 UTC 2026","passed","Fri Oct 02 08:27:03 UTC 2026","testcases.backoffice.currency.AddCurrencyTest","Surefire test","testcases.backoffice.currency.AddCurrencyTest","addCurrencyCsAdmin"
"Add Currency CS Admin Path Dengan Field Tidak Dikenal pada Body","1491","addCurrencyWithUnknownField","Surefire suite","Fri Oct 02 08:29:46 UTC 2026","passed","Fri Oct 02 08:29:47 UTC 2026","testcases.backoffice.currency.AddCurrencyTest","Surefire test","testcases.backoffice.currency.AddCurrencyTest","addCurrencyWithUnknownField"
"Inquiry Favorite Account Dengan Body Kosong ({})","1619","inquiryFavoriteAccountWithEmptyBody","Surefire suite","Fri Oct 02 07:36:55 UTC 2026","passed","Fri Oct 02 07:36:57 UTC 2026","testcases.settings.favoriteaccount.InquiryFavoriteAccountTest","Surefire test","testcases.settings.favoriteaccount.InquiryFavoriteAccountTest","inquiryFavoriteAccountWithEmptyBody"
"Delete Favorite Account Menggunakan HTTP Method PUT","1510","deleteFavoriteAccountWithPutMethod","Surefire suite","Fri Oct 02 07:10:27 UTC 2026","passed","Fri Oct 02 07:10:29 UTC 2026","testcases.settings.favoriteaccount.DeleteFavoriteAccountTest","Surefire test","testcases.settings.favoriteaccount.DeleteFavoriteAccountTest","deleteFavoriteAccountWithPutMethod"
"Edit User Backoffice","5268","editUserBackoffice","Surefire suite","Fri Oct 02 07:25:10 UTC 2026","passed","Fri Oct 02 07:25:15 UTC 2026","testcases.backoffice.users.EditUserTest","Surefire test","testcases.backoffice.users.EditUserTest","editUserBackoffice"
"Add Group Backoffice Dengan Token Tidak Valid","1462","addGroupWithInvalidToken","Surefire suite","Fri Oct 02 07:05:31 UTC 2026","passed","Fri Oct 02 07:05:32 UTC 2026","testcases.backoffice.group.AddGroupTest","Surefire test","testcases.backoffice.group.AddGroupTest","addGroupWithInvalidToken"
"Created Favorite Account Dengan Body Kosong ({})","1548","createdFavoriteAccountWithEmptyBody","Surefire suite","Fri Oct 02 07:34:50 UTC 2026","passed","Fri Oct 02 07:34:52 UTC 2026","testcases.settings.favoriteaccount.CreatedFavoriteAccountTest","Surefire test","testcases.settings.favoriteaccount.CreatedFavoriteAccountTest","createdFavoriteAccountWithEmptyBody"
"List Waiting Company Backoffice Dengan Field Sort Merujuk ke Kolom yang Tidak Ada","4387","listWaitingCompanyWithInvalidSortField","Surefire suite","Fri Oct 02 07:38:27 UTC 2026","passed","Fri Oct 02 07:38:32 UTC 2026","testcases.backoffice.ListWaitingCompanyTest","Surefire test","testcases.backoffice.ListWaitingCompanyTest","listWaitingCompanyWithInvalidSortField"
"Delete Manage Settlement BO Menggunakan HTTP Method POST","4702","deleteManageSettlementWithPostMethod","Surefire suite","Fri Oct 02 07:15:59 UTC 2026","passed","Fri Oct 02 07:16:04 UTC 2026","testcases.backoffice.settlement.DeleteManageSettlementTest","Surefire test","testcases.backoffice.settlement.DeleteManageSettlementTest","deleteManageSettlementWithPostMethod"
"Delete Manage Settlement BO Dengan Format id Tidak Valid (Bukan ObjectId)","4649","deleteManageSettlementWithMalformedId","Surefire suite","Fri Oct 02 07:15:13 UTC 2026","passed","Fri Oct 02 07:15:17 UTC 2026","testcases.backoffice.settlement.DeleteManageSettlementTest","Surefire test","testcases.backoffice.settlement.DeleteManageSettlementTest","deleteManageSettlementWithMalformedId"
"Login Merchant dengan Username Mengandung SQL Injection","3343","testLoginSqlInjectionUsername","Surefire suite","Fri Oct 02 07:13:44 UTC 2026","passed","Fri Oct 02 07:13:47 UTC 2026","testcases.auth.LoginTest","Surefire test","testcases.auth.LoginTest","testLoginSqlInjectionUsername"
"Delete Group Backoffice Dengan Body Berupa JSON Array ([])","1406","deleteGroupWithArrayBody","Surefire suite","Fri Oct 02 06:57:36 UTC 2026","passed","Fri Oct 02 06:57:37 UTC 2026","testcases.backoffice.group.DeleteGroupTest","Surefire test","testcases.backoffice.group.DeleteGroupTest","deleteGroupWithArrayBody"
"Add Merchant From CS Admin","4998","addCompanyCsAdmin","Surefire suite","Fri Oct 02 06:58:02 UTC 2026","passed","Fri Oct 02 06:58:07 UTC 2026","testcases.backoffice.AddCompanyTest","Surefire test","testcases.backoffice.AddCompanyTest","addCompanyCsAdmin"
"Get List Group Backoffice Menggunakan HTTP Method PUT","1429","getListGroupWithPutMethod","Surefire suite","Fri Oct 02 07:02:45 UTC 2026","passed","Fri Oct 02 07:02:46 UTC 2026","testcases.backoffice.group.GetListGroupTest","Surefire test","testcases.backoffice.group.GetListGroupTest","getListGroupWithPutMethod"
"Success Login Merchant","3186","testLoginWithCaptcha","Surefire suite","Fri Oct 02 07:13:56 UTC 2026","passed","Fri Oct 02 07:14:00 UTC 2026","testcases.auth.LoginTest","Surefire test","testcases.auth.LoginTest","testLoginWithCaptcha"
"Create Manage Settlement BO Tanpa Login/Header Auth","1431","addManageSettlementWithoutAuth","Surefire suite","Fri Oct 02 07:21:13 UTC 2026","passed","Fri Oct 02 07:21:14 UTC 2026","testcases.backoffice.settlement.AddManageSettlementTest","Surefire test","testcases.backoffice.settlement.AddManageSettlementTest","addManageSettlementWithoutAuth"
"Get List Group Company BO Menggunakan HTTP Method PATCH","4409","getListGroupCompanyWithPatchMethod","Surefire suite","Fri Oct 02 07:12:16 UTC 2026","passed","Fri Oct 02 07:12:21 UTC 2026","testcases.backoffice.settlement.GetListGroupCompanyTest","Surefire test","testcases.backoffice.settlement.GetListGroupCompanyTest","getListGroupCompanyWithPatchMethod"
"Generate QR Success paid","6484","paidQR","Surefire suite","Fri Oct 02 07:12:51 UTC 2026","passed","Fri Oct 02 07:12:58 UTC 2026","testcases.QR.GenerateQRPaidTest","Surefire test","testcases.QR.GenerateQRPaidTest","paidQR"
"Mutasi Manual Transfer Balance","31075","mutasiManualTransferBalanceSupervisor","Surefire suite","Fri Oct 02 08:54:39 UTC 2026","passed","Fri Oct 02 08:55:10 UTC 2026","testcases.mutasi.MutasiTransferTest","Surefire test","testcases.mutasi.MutasiTransferTest","mutasiManualTransferBalanceSupervisor"
"Transfer Different Partner Reference, Special Transfer to Manual Transfer","47692","trfPartnerRefManualFailed","Surefire suite","Fri Oct 02 07:39:34 UTC 2026","passed","Fri Oct 02 07:40:22 UTC 2026","testcases.transfer.ManualTransferTest","Surefire test","testcases.transfer.ManualTransferTest","trfPartnerRefManualFailed"
"Add Group Backoffice Dengan flagLock Bertipe String","1492","addGroupWithFlagLockAsString","Surefire suite","Fri Oct 02 07:05:22 UTC 2026","passed","Fri Oct 02 07:05:23 UTC 2026","testcases.backoffice.group.AddGroupTest","Surefire test","testcases.backoffice.group.AddGroupTest","addGroupWithFlagLockAsString"
"List Manage Settlement Backoffice Dengan Token Tidak Valid","1508","listManageSettlementWithInvalidToken","Surefire suite","Fri Oct 02 07:44:40 UTC 2026","passed","Fri Oct 02 07:44:41 UTC 2026","testcases.backoffice.settlement.ManageSettlementTest","Surefire test","testcases.backoffice.settlement.ManageSettlementTest","listManageSettlementWithInvalidToken"
"Get List Google Authenticator Tanpa Login/Header Auth","1408","listOtpGoogleWithoutAuth","Surefire suite","Fri Oct 02 07:43:11 UTC 2026","passed","Fri Oct 02 07:43:12 UTC 2026","testcases.backoffice.googleauth.ListOtpGoogleTest","Surefire test","testcases.backoffice.googleauth.ListOtpGoogleTest","listOtpGoogleWithoutAuth"
"Add Group Backoffice Dengan Body Berupa JSON Array ([])","4507","addGroupWithArrayBody","Surefire suite","Fri Oct 02 07:04:14 UTC 2026","passed","Fri Oct 02 07:04:18 UTC 2026","testcases.backoffice.group.AddGroupTest","Surefire test","testcases.backoffice.group.AddGroupTest","addGroupWithArrayBody"
"Get History Special Transfer Test","7943","historySpecialTransferTest","Surefire suite","Fri Oct 02 08:44:00 UTC 2026","passed","Fri Oct 02 08:44:08 UTC 2026","testcases.history.HistoryTransferTest","Surefire test","testcases.history.HistoryTransferTest","historySpecialTransferTest"
"Get List Google Authenticator Dengan Field Sort Merujuk ke Kolom yang Tidak Ada","4511","listOtpGoogleWithInvalidSortField","Surefire suite","Fri Oct 02 07:41:16 UTC 2026","passed","Fri Oct 02 07:41:21 UTC 2026","testcases.backoffice.googleauth.ListOtpGoogleTest","Surefire test","testcases.backoffice.googleauth.ListOtpGoogleTest","listOtpGoogleWithInvalidSortField"
"List Refund Dengan Field Sort Merujuk ke Kolom yang Tidak Ada","4641","listRefundWithInvalidSortField","Surefire suite","Fri Oct 02 08:35:16 UTC 2026","passed","Fri Oct 02 08:35:21 UTC 2026","testcases.backoffice.ListRefundTest","Surefire test","testcases.backoffice.ListRefundTest","listRefundWithInvalidSortField"
"Get List Google Authenticator Dengan Body JSON Tidak Valid (Malformed)","4673","listOtpGoogleWithMalformedJson","Surefire suite","Fri Oct 02 07:41:32 UTC 2026","passed","Fri Oct 02 07:41:37 UTC 2026","testcases.backoffice.googleauth.ListOtpGoogleTest","Surefire test","testcases.backoffice.googleauth.ListOtpGoogleTest","listOtpGoogleWithMalformedJson"
"Add Group Backoffice Dengan Token Kadaluarsa","1435","addGroupWithExpiredToken","Surefire suite","Fri Oct 02 07:05:08 UTC 2026","passed","Fri Oct 02 07:05:10 UTC 2026","testcases.backoffice.group.AddGroupTest","Surefire test","testcases.backoffice.group.AddGroupTest","addGroupWithExpiredToken"
"Get List Group Company BO Dengan Multiple Header groupName","4443","getListGroupCompanyWithMultipleGroupNameHeaders","Surefire suite","Fri Oct 02 07:11:54 UTC 2026","passed","Fri Oct 02 07:11:58 UTC 2026","testcases.backoffice.settlement.GetListGroupCompanyTest","Surefire test","testcases.backoffice.settlement.GetListGroupCompanyTest","getListGroupCompanyWithMultipleGroupNameHeaders"
"Transfer Different Partner Reference, Manual Transfer to USDT Transfer","46938","trfPartnerRefManualFailed","Surefire suite","Fri Oct 02 07:05:52 UTC 2026","failed","Fri Oct 02 07:06:39 UTC 2026","testcases.transfer.TransferUSDTTest","Surefire test","testcases.transfer.TransferUSDTTest","trfPartnerRefManualFailed"
"Get Notification Sender Tanpa Login/Header Auth","1433","getNotificationSenderWithoutAuth","Surefire suite","Fri Oct 02 07:38:40 UTC 2026","passed","Fri Oct 02 07:38:42 UTC 2026","testcases.backoffice.notifsender.NotificationSenderTest","Surefire test","testcases.backoffice.notifsender.NotificationSenderTest","getNotificationSenderWithoutAuth"
"Inquiry Favorite Account Dengan beneficiaryAccountNo String Kosong","1657","inquiryFavoriteAccountWithEmptyBeneficiaryAccountNo","Surefire suite","Fri Oct 02 07:36:51 UTC 2026","passed","Fri Oct 02 07:36:52 UTC 2026","testcases.settings.favoriteaccount.InquiryFavoriteAccountTest","Surefire test","testcases.settings.favoriteaccount.InquiryFavoriteAccountTest","inquiryFavoriteAccountWithEmptyBeneficiaryAccountNo"
"Get List Group Backoffice Dengan size 0","1446","getListGroupWithZeroSize","Surefire suite","Fri Oct 02 07:03:24 UTC 2026","passed","Fri Oct 02 07:03:25 UTC 2026","testcases.backoffice.group.GetListGroupTest","Surefire test","testcases.backoffice.group.GetListGroupTest","getListGroupWithZeroSize"
"Get History USDT Transfer Test CS","10868","historyUSDTTransferTestAdmin","Surefire suite","Fri Oct 02 08:47:30 UTC 2026","passed","Fri Oct 02 08:47:41 UTC 2026","testcases.history.HistoryTransferTest","Surefire test","testcases.history.HistoryTransferTest","historyUSDTTransferTestAdmin"
"Refund Summary Dengan Token Kadaluarsa","1422","getRefundWithExpiredToken","Surefire suite","Fri Oct 02 07:44:34 UTC 2026","passed","Fri Oct 02 07:44:35 UTC 2026","testcases.backoffice.refund.GetRefundTest","Surefire test","testcases.backoffice.refund.GetRefundTest","getRefundWithExpiredToken"
"Reset Pin Merchant","7274","resetPinMerchant","Surefire suite","Fri Oct 02 07:34:19 UTC 2026","passed","Fri Oct 02 07:34:26 UTC 2026","testcases.settings.ResetPinTest","Surefire test","testcases.settings.ResetPinTest","resetPinMerchant"
"Get Notification Sender Menggunakan Login Admin Crypto","4492","getNotificationSenderWithAdminCryptoLogin","Surefire suite","Fri Oct 02 07:34:36 UTC 2026","passed","Fri Oct 02 07:34:40 UTC 2026","testcases.backoffice.notifsender.NotificationSenderTest","Surefire test","testcases.backoffice.notifsender.NotificationSenderTest","getNotificationSenderWithAdminCryptoLogin"
"Success Login Group","3225","testLoginGroup","Surefire suite","Fri Oct 02 06:57:29 UTC 2026","passed","Fri Oct 02 06:57:32 UTC 2026","testcases.auth.LoginTest","Surefire test","testcases.auth.LoginTest","testLoginGroup"
"List Waiting Company Backoffice Menggunakan Login CS Admin","4584","listWaitingCompanyWithCSAdminLogin","Surefire suite","Fri Oct 02 07:37:50 UTC 2026","passed","Fri Oct 02 07:37:54 UTC 2026","testcases.backoffice.ListWaitingCompanyTest","Surefire test","testcases.backoffice.ListWaitingCompanyTest","listWaitingCompanyWithCSAdminLogin"
"","4552","listUSDT","Surefire suite","Fri Oct 02 06:57:04 UTC 2026","passed","Fri Oct 02 06:57:08 UTC 2026","testcases.backoffice.ListTransferTest","Surefire test","testcases.backoffice.ListTransferTest","listUSDT"
"Delete Favorite Account Dengan Field Tidak Dikenal pada Body","3539","deleteFavoriteAccountWithUnknownField","Surefire suite","Fri Oct 02 07:10:36 UTC 2026","passed","Fri Oct 02 07:10:40 UTC 2026","testcases.settings.favoriteaccount.DeleteFavoriteAccountTest","Surefire test","testcases.settings.favoriteaccount.DeleteFavoriteAccountTest","deleteFavoriteAccountWithUnknownField"
"Get Group Detail Backoffice Dengan Group Id Berisi Spasi","4659","getGroupDetailWithWhitespaceId","Surefire suite","Fri Oct 02 07:10:05 UTC 2026","passed","Fri Oct 02 07:10:10 UTC 2026","testcases.backoffice.group.GetGroupTest","Surefire test","testcases.backoffice.group.GetGroupTest","getGroupDetailWithWhitespaceId"
"Add Currency CS Admin Path Dengan rate Berupa Boolean","1465","addCurrencyWithBooleanRate","Surefire suite","Fri Oct 02 08:27:40 UTC 2026","passed","Fri Oct 02 08:27:42 UTC 2026","testcases.backoffice.currency.AddCurrencyTest","Surefire test","testcases.backoffice.currency.AddCurrencyTest","addCurrencyWithBooleanRate"
"Add Currency CS Admin Path Dengan rate Desimal","1473","addCurrencyWithDecimalRate","Surefire suite","Fri Oct 02 08:27:52 UTC 2026","passed","Fri Oct 02 08:27:54 UTC 2026","testcases.backoffice.currency.AddCurrencyTest","Surefire test","testcases.backoffice.currency.AddCurrencyTest","addCurrencyWithDecimalRate"
"Refund Summary Dengan Rentang Tanggal Sangat Lebar","1530","getRefundWithHugeRange","Surefire suite","Fri Oct 02 07:44:43 UTC 2026","passed","Fri Oct 02 07:44:45 UTC 2026","testcases.backoffice.refund.GetRefundTest","Surefire test","testcases.backoffice.refund.GetRefundTest","getRefundWithHugeRange"
"Inquiry Test Transfer Merchant","4879","inquiryTransfer","Surefire suite","Fri Oct 02 07:42:36 UTC 2026","passed","Fri Oct 02 07:42:41 UTC 2026","testcases.transfer.InquiryTransferTest","Surefire test","testcases.transfer.InquiryTransferTest","inquiryTransfer"
"List Refund Dengan Token Tidak Valid","1429","listRefundWithInvalidToken","Surefire suite","Fri Oct 02 08:35:24 UTC 2026","passed","Fri Oct 02 08:35:25 UTC 2026","testcases.backoffice.ListRefundTest","Surefire test","testcases.backoffice.ListRefundTest","listRefundWithInvalidToken"
"List Company Backoffice Dengan Header Authorization Tanpa Skema Bearer","1428","listCompanyWithMalformedAuthorizationHeader","Surefire suite","Fri Oct 02 07:36:03 UTC 2026","passed","Fri Oct 02 07:36:05 UTC 2026","testcases.backoffice.ListCompanyTest","Surefire test","testcases.backoffice.ListCompanyTest","listCompanyWithMalformedAuthorizationHeader"
"Create Manage Settlement BO Dengan groupName Kosong","4599","addManageSettlementWithEmptyGroupName","Surefire suite","Fri Oct 02 07:18:42 UTC 2026","passed","Fri Oct 02 07:18:47 UTC 2026","testcases.backoffice.settlement.AddManageSettlementTest","Surefire test","testcases.backoffice.settlement.AddManageSettlementTest","addManageSettlementWithEmptyGroupName"
"Add Group Backoffice Tanpa Field name","1636","addGroupWithoutNameField","Surefire suite","Fri Oct 02 07:07:34 UTC 2026","passed","Fri Oct 02 07:07:35 UTC 2026","testcases.backoffice.group.AddGroupTest","Surefire test","testcases.backoffice.group.AddGroupTest","addGroupWithoutNameField"
"Get List Favorite Account Dengan size 0","1588","getListFavoriteAccountWithZeroSize","Surefire suite","Fri Oct 02 09:12:10 UTC 2026","passed","Fri Oct 02 09:12:12 UTC 2026","testcases.settings.favoriteaccount.GetListFavoriteAccountTest","Surefire test","testcases.settings.favoriteaccount.GetListFavoriteAccountTest","getListFavoriteAccountWithZeroSize"
"Delete Group Backoffice Dengan id String Kosong","1510","deleteGroupWithEmptyId","Surefire suite","Fri Oct 02 06:58:04 UTC 2026","passed","Fri Oct 02 06:58:06 UTC 2026","testcases.backoffice.group.DeleteGroupTest","Surefire test","testcases.backoffice.group.DeleteGroupTest","deleteGroupWithEmptyId"
"Get Detail Waiting Company Backoffice Menggunakan HTTP Method POST","4501","getDetailWaitingCompanyWithPostMethod","Surefire suite","Fri Oct 02 07:27:13 UTC 2026","passed","Fri Oct 02 07:27:18 UTC 2026","testcases.backoffice.GetDetailWaitingCompanyTest","Surefire test","testcases.backoffice.GetDetailWaitingCompanyTest","getDetailWaitingCompanyWithPostMethod"
"Success Login Backoffice","5868","testLoginBackoffice","Surefire suite","Fri Oct 02 07:34:21 UTC 2026","passed","Fri Oct 02 07:34:27 UTC 2026","testcases.auth.LoginTest","Surefire test","testcases.auth.LoginTest","testLoginBackoffice"
"Create Manage Settlement BO Tanpa Body Sama Sekali","4502","addManageSettlementWithoutBody","Surefire suite","Fri Oct 02 07:21:17 UTC 2026","passed","Fri Oct 02 07:21:22 UTC 2026","testcases.backoffice.settlement.AddManageSettlementTest","Surefire test","testcases.backoffice.settlement.AddManageSettlementTest","addManageSettlementWithoutBody"
"List User Backoffice Dengan Field Sort Merujuk ke Kolom yang Tidak Ada","5001","listUsersWithInvalidSortField","Surefire suite","Fri Oct 02 07:48:44 UTC 2026","passed","Fri Oct 02 07:48:49 UTC 2026","testcases.backoffice.users.ListUsersTest","Surefire test","testcases.backoffice.users.ListUsersTest","listUsersWithInvalidSortField"
"Add Group Backoffice Dengan name null","1457","addGroupWithNullName","Surefire suite","Fri Oct 02 07:06:17 UTC 2026","passed","Fri Oct 02 07:06:18 UTC 2026","testcases.backoffice.group.AddGroupTest","Surefire test","testcases.backoffice.group.AddGroupTest","addGroupWithNullName"
"List Manage Settlement Backoffice Menggunakan HTTP Method PATCH","4352","listManageSettlementWithPatchMethod","Surefire suite","Fri Oct 02 07:45:34 UTC 2026","passed","Fri Oct 02 07:45:38 UTC 2026","testcases.backoffice.settlement.ManageSettlementTest","Surefire test","testcases.backoffice.settlement.ManageSettlementTest","listManageSettlementWithPatchMethod"
"List Waiting Company Backoffice Menggunakan Login Supervisor","4499","listWaitingCompanyWithSupervisorLogin","Surefire suite","Fri Oct 02 07:39:21 UTC 2026","passed","Fri Oct 02 07:39:26 UTC 2026","testcases.backoffice.ListWaitingCompanyTest","Surefire test","testcases.backoffice.ListWaitingCompanyTest","listWaitingCompanyWithSupervisorLogin"
"Get Dashboard Backoffice Menggunakan Login Marketing","4554","getDashboardWithMarketingLogin","Surefire suite","Fri Oct 02 07:28:47 UTC 2026","passed","Fri Oct 02 07:28:51 UTC 2026","testcases.backoffice.GetDashboardTest","Surefire test","testcases.backoffice.GetDashboardTest","getDashboardWithMarketingLogin"
"Get History USDT Transfer Test Admin Crypto","7820","historyUSDTTransferTestAdminCrypto","Surefire suite","Fri Oct 02 08:47:44 UTC 2026","passed","Fri Oct 02 08:47:51 UTC 2026","testcases.history.HistoryTransferTest","Surefire test","testcases.history.HistoryTransferTest","historyUSDTTransferTestAdminCrypto"
"Refund Summary Menggunakan Login Admin Crypto","4567","getRefundWithAdminCryptoLogin","Surefire suite","Fri Oct 02 07:43:37 UTC 2026","passed","Fri Oct 02 07:43:42 UTC 2026","testcases.backoffice.refund.GetRefundTest","Surefire test","testcases.backoffice.refund.GetRefundTest","getRefundWithAdminCryptoLogin"
"Resend Google Authenticator Tanpa Login/Header Auth","1481","resendOtpGoogleWithoutAuth","Surefire suite","Fri Oct 02 07:42:45 UTC 2026","passed","Fri Oct 02 07:42:47 UTC 2026","testcases.backoffice.googleauth.ResendOtpGoogleTest","Surefire test","testcases.backoffice.googleauth.ResendOtpGoogleTest","resendOtpGoogleWithoutAuth"
"Add Group Backoffice Dengan Content-Type text/plain","4897","addGroupWithWrongContentType","Surefire suite","Fri Oct 02 07:07:01 UTC 2026","passed","Fri Oct 02 07:07:05 UTC 2026","testcases.backoffice.group.AddGroupTest","Surefire test","testcases.backoffice.group.AddGroupTest","addGroupWithWrongContentType"
"Get Group Detail Backoffice Dengan Group Id Sangat Panjang (10.000 karakter)","4516","getGroupDetailWithOverlongId","Surefire suite","Fri Oct 02 07:09:19 UTC 2026","passed","Fri Oct 02 07:09:24 UTC 2026","testcases.backoffice.group.GetGroupTest","Surefire test","testcases.backoffice.group.GetGroupTest","getGroupDetailWithOverlongId"
"Created Favorite Account Dengan Content-Type text/plain","1474","createdFavoriteAccountWithWrongContentType","Surefire suite","Fri Oct 02 07:35:45 UTC 2026","passed","Fri Oct 02 07:35:46 UTC 2026","testcases.settings.favoriteaccount.CreatedFavoriteAccountTest","Surefire test","testcases.settings.favoriteaccount.CreatedFavoriteAccountTest","createdFavoriteAccountWithWrongContentType"
"Delete Google Authenticator Dengan id Valid Secara Format Tapi Tidak Ada","4404","deleteOtpGoogleWithNonExistentId","Surefire suite","Fri Oct 02 07:23:32 UTC 2026","passed","Fri Oct 02 07:23:37 UTC 2026","testcases.backoffice.googleauth.DeleteOtpGoogleTest","Surefire test","testcases.backoffice.googleauth.DeleteOtpGoogleTest","deleteOtpGoogleWithNonExistentId"
"Add Currency CS Admin Path Menggunakan Login Admin Crypto","4498","addCurrencyWithAdminCryptoLogin","Surefire suite","Fri Oct 02 08:27:06 UTC 2026","passed","Fri Oct 02 08:27:10 UTC 2026","testcases.backoffice.currency.AddCurrencyTest","Surefire test","testcases.backoffice.currency.AddCurrencyTest","addCurrencyWithAdminCryptoLogin"
"Create Manage Settlement BO Menggunakan Login Customer Service","4604","addManageSettlementWithCSLogin","Surefire suite","Fri Oct 02 07:17:59 UTC 2026","passed","Fri Oct 02 07:18:04 UTC 2026","testcases.backoffice.settlement.AddManageSettlementTest","Surefire test","testcases.backoffice.settlement.AddManageSettlementTest","addManageSettlementWithCSLogin"
"Login Merchant dengan Password Kosong","3138","testLoginEmptyPassword","Surefire suite","Fri Oct 02 07:13:01 UTC 2026","passed","Fri Oct 02 07:13:04 UTC 2026","testcases.auth.LoginTest","Surefire test","testcases.auth.LoginTest","testLoginEmptyPassword"
"List Waiting Company Backoffice Dengan Body JSON Tidak Valid (Malformed)","4573","listWaitingCompanyWithMalformedJson","Surefire suite","Fri Oct 02 07:38:43 UTC 2026","passed","Fri Oct 02 07:38:48 UTC 2026","testcases.backoffice.ListWaitingCompanyTest","Surefire test","testcases.backoffice.ListWaitingCompanyTest","listWaitingCompanyWithMalformedJson"
"Get Notification Sender Tanpa Body Sama Sekali","4500","getNotificationSenderWithoutBody","Surefire suite","Fri Oct 02 07:38:45 UTC 2026","passed","Fri Oct 02 07:38:49 UTC 2026","testcases.backoffice.notifsender.NotificationSenderTest","Surefire test","testcases.backoffice.notifsender.NotificationSenderTest","getNotificationSenderWithoutBody"
"List Manage Settlement Backoffice Menggunakan Login Customer Service","4370","listManageSettlementWithCSLogin","Surefire suite","Fri Oct 02 07:43:42 UTC 2026","passed","Fri Oct 02 07:43:46 UTC 2026","testcases.backoffice.settlement.ManageSettlementTest","Surefire test","testcases.backoffice.settlement.ManageSettlementTest","listManageSettlementWithCSLogin"
"Get List Google Authenticator Menggunakan Login Marketing","4907","listOtpGoogleWithMarketingLogin","Surefire suite","Fri Oct 02 07:41:48 UTC 2026","passed","Fri Oct 02 07:41:53 UTC 2026","testcases.backoffice.googleauth.ListOtpGoogleTest","Surefire test","testcases.backoffice.googleauth.ListOtpGoogleTest","listOtpGoogleWithMarketingLogin"
"List Manage Settlement Backoffice Menggunakan Login Merchant","4586","listManageSettlementWithMerchantLogin","Surefire suite","Fri Oct 02 07:45:11 UTC 2026","passed","Fri Oct 02 07:45:16 UTC 2026","testcases.backoffice.settlement.ManageSettlementTest","Surefire test","testcases.backoffice.settlement.ManageSettlementTest","listManageSettlementWithMerchantLogin"
"","4498","listSettlement","Surefire suite","Fri Oct 02 07:37:12 UTC 2026","passed","Fri Oct 02 07:37:16 UTC 2026","testcases.backoffice.ListTransferTest","Surefire test","testcases.backoffice.ListTransferTest","listSettlement"
"Add Currency CS Admin Path Dengan Body Kosong ({})","1612","addCurrencyWithEmptyBody","Surefire suite","Fri Oct 02 08:28:10 UTC 2026","passed","Fri Oct 02 08:28:12 UTC 2026","testcases.backoffice.currency.AddCurrencyTest","Surefire test","testcases.backoffice.currency.AddCurrencyTest","addCurrencyWithEmptyBody"
"Request Refund Special Transfer Merchant","4647","refundSpecialTransferMerchant","Surefire suite","Fri Oct 02 07:42:13 UTC 2026","passed","Fri Oct 02 07:42:18 UTC 2026","testcases.transfer.RefundTransferTest","Surefire test","testcases.transfer.RefundTransferTest","refundSpecialTransferMerchant"
"Delete Favorite Account Dengan Token Tidak Valid","1504","deleteFavoriteAccountWithInvalidToken","Surefire suite","Fri Oct 02 07:10:00 UTC 2026","passed","Fri Oct 02 07:10:01 UTC 2026","testcases.settings.favoriteaccount.DeleteFavoriteAccountTest","Surefire test","testcases.settings.favoriteaccount.DeleteFavoriteAccountTest","deleteFavoriteAccountWithInvalidToken"
"Mutasi Special Transfer Balance Supervisor","24437","mutasiSpecialTransferBalanceSupervisor","Surefire suite","Fri Oct 02 08:58:38 UTC 2026","passed","Fri Oct 02 08:59:03 UTC 2026","testcases.mutasi.MutasiTransferTest","Surefire test","testcases.mutasi.MutasiTransferTest","mutasiSpecialTransferBalanceSupervisor"
"List Waiting Company Backoffice Menggunakan Login Marketing","4636","listWaitingCompanyWithMarketingLogin","Surefire suite","Fri Oct 02 07:38:51 UTC 2026","passed","Fri Oct 02 07:38:56 UTC 2026","testcases.backoffice.ListWaitingCompanyTest","Surefire test","testcases.backoffice.ListWaitingCompanyTest","listWaitingCompanyWithMarketingLogin"
"Get Notification Sender Menggunakan Login Admin","4525","getNotificationSenderWithAdminLogin","Surefire suite","Fri Oct 02 07:34:43 UTC 2026","passed","Fri Oct 02 07:34:48 UTC 2026","testcases.backoffice.notifsender.NotificationSenderTest","Surefire test","testcases.backoffice.notifsender.NotificationSenderTest","getNotificationSenderWithAdminLogin"
"Get List Group Backoffice Menggunakan Login Supervisor","4669","getListGroupWithSupervisorLogin","Surefire suite","Fri Oct 02 07:02:58 UTC 2026","passed","Fri Oct 02 07:03:03 UTC 2026","testcases.backoffice.group.GetListGroupTest","Surefire test","testcases.backoffice.group.GetListGroupTest","getListGroupWithSupervisorLogin"
"Get History USDT Transfer Supervisor on Login CS Admin","10868","historyUSDTTransferSupervisorTestCSAdmin","Surefire suite","Fri Oct 02 08:47:05 UTC 2026","passed","Fri Oct 02 08:47:16 UTC 2026","testcases.history.HistoryTransferTest","Surefire test","testcases.history.HistoryTransferTest","historyUSDTTransferSupervisorTestCSAdmin"
"Delete Favorite Account CS","12903","deleteFavoriteAccountCS","Surefire suite","Fri Oct 02 08:09:15 UTC 2026","passed","Fri Oct 02 08:09:28 UTC 2026","testcases.settings.favoriteaccount.DeleteFavoriteAccountTest","Surefire test","testcases.settings.favoriteaccount.DeleteFavoriteAccountTest","deleteFavoriteAccountCS"
"Resend Google Authenticator Dengan Token Tidak Valid","1410","resendOtpGoogleWithInvalidToken","Surefire suite","Fri Oct 02 07:40:29 UTC 2026","passed","Fri Oct 02 07:40:30 UTC 2026","testcases.backoffice.googleauth.ResendOtpGoogleTest","Surefire test","testcases.backoffice.googleauth.ResendOtpGoogleTest","resendOtpGoogleWithInvalidToken"
"Create Manage Settlement BO Dengan companyId Duplikat (Sudah Terdaftar)","10336","addManageSettlementWithDuplicateCompanyId","Surefire suite","Fri Oct 02 07:18:14 UTC 2026","passed","Fri Oct 02 07:18:24 UTC 2026","testcases.backoffice.settlement.AddManageSettlementTest","Surefire test","testcases.backoffice.settlement.AddManageSettlementTest","addManageSettlementWithDuplicateCompanyId"
"Request Refund Transfer Supervisor","4767","refundTransferSupervisor","Surefire suite","Fri Oct 02 07:00:41 UTC 2026","passed","Fri Oct 02 07:00:45 UTC 2026","testcases.transfer.RefundTransferTest","Surefire test","testcases.transfer.RefundTransferTest","refundTransferSupervisor"
"Delete Google Authenticator Menggunakan Login CS Admin","4460","deleteOtpGoogleWithCSAdminLogin","Surefire suite","Fri Oct 02 07:22:18 UTC 2026","passed","Fri Oct 02 07:22:22 UTC 2026","testcases.backoffice.googleauth.DeleteOtpGoogleTest","Surefire test","testcases.backoffice.googleauth.DeleteOtpGoogleTest","deleteOtpGoogleWithCSAdminLogin"
"List Currency USDT Dengan Field Sort Merujuk ke Kolom yang Tidak Ada","1490","getCurrencyWithInvalidSortField","Surefire suite","Fri Oct 02 07:31:31 UTC 2026","passed","Fri Oct 02 07:31:33 UTC 2026","testcases.backoffice.currency.GetCurrencyTest","Surefire test","testcases.backoffice.currency.GetCurrencyTest","getCurrencyWithInvalidSortField"
"Get List Favorite Account Ke Path yang Tidak Ada (Typo)","1686","getListFavoriteAccountWithWrongPath","Surefire suite","Fri Oct 02 09:12:05 UTC 2026","passed","Fri Oct 02 09:12:07 UTC 2026","testcases.settings.favoriteaccount.GetListFavoriteAccountTest","Surefire test","testcases.settings.favoriteaccount.GetListFavoriteAccountTest","getListFavoriteAccountWithWrongPath"
"Delete Favorite Account Tanpa Body Sama Sekali","1469","deleteFavoriteAccountWithoutBody","Surefire suite","Fri Oct 02 07:11:15 UTC 2026","passed","Fri Oct 02 07:11:17 UTC 2026","testcases.settings.favoriteaccount.DeleteFavoriteAccountTest","Surefire test","testcases.settings.favoriteaccount.DeleteFavoriteAccountTest","deleteFavoriteAccountWithoutBody"
"Get Dashboard Backoffice Menggunakan Login Admin","4433","getDashboardWithAdminLogin","Surefire suite","Fri Oct 02 07:28:19 UTC 2026","passed","Fri Oct 02 07:28:24 UTC 2026","testcases.backoffice.GetDashboardTest","Surefire test","testcases.backoffice.GetDashboardTest","getDashboardWithAdminLogin"
"List Company Backoffice Tanpa Login/Header Auth","1398","listCompanyWithoutAuth","Surefire suite","Fri Oct 02 07:37:00 UTC 2026","passed","Fri Oct 02 07:37:02 UTC 2026","testcases.backoffice.ListCompanyTest","Surefire test","testcases.backoffice.ListCompanyTest","listCompanyWithoutAuth"
"Get List Group Backoffice Tanpa Body Sama Sekali","1454","getListGroupWithoutBody","Surefire suite","Fri Oct 02 07:03:33 UTC 2026","passed","Fri Oct 02 07:03:34 UTC 2026","testcases.backoffice.group.GetListGroupTest","Surefire test","testcases.backoffice.group.GetListGroupTest","getListGroupWithoutBody"
"Login Backoffice dengan Captcha Salah","2870","testLoginBackofficeWrongCaptcha","Surefire suite","Fri Oct 02 07:34:36 UTC 2026","passed","Fri Oct 02 07:34:39 UTC 2026","testcases.auth.LoginTest","Surefire test","testcases.auth.LoginTest","testLoginBackofficeWrongCaptcha"
"Delete Group Backoffice Tanpa Login/Header Auth","1508","deleteGroupWithoutAuth","Surefire suite","Fri Oct 02 07:00:14 UTC 2026","passed","Fri Oct 02 07:00:16 UTC 2026","testcases.backoffice.group.DeleteGroupTest","Surefire test","testcases.backoffice.group.DeleteGroupTest","deleteGroupWithoutAuth"
"List Currency USDT Dengan Header pbyv Salah","1564","getCurrencyWithWrongPbyvHeader","Surefire suite","Fri Oct 02 07:32:53 UTC 2026","passed","Fri Oct 02 07:32:54 UTC 2026","testcases.backoffice.currency.GetCurrencyTest","Surefire test","testcases.backoffice.currency.GetCurrencyTest","getCurrencyWithWrongPbyvHeader"
"Get List Google Authenticator Dengan Body Kosong ({})","4638","listOtpGoogleWithEmptyBody","Surefire suite","Fri Oct 02 07:40:41 UTC 2026","passed","Fri Oct 02 07:40:46 UTC 2026","testcases.backoffice.googleauth.ListOtpGoogleTest","Surefire test","testcases.backoffice.googleauth.ListOtpGoogleTest","listOtpGoogleWithEmptyBody"
"Normal Flop Transfer Success Admin Crypto","7530","flopTransferAdminCrypto","Surefire suite","Fri Oct 02 06:59:53 UTC 2026","passed","Fri Oct 02 07:00:00 UTC 2026","testcases.transfer.TransferFlopTest","Surefire test","testcases.transfer.TransferFlopTest","flopTransferAdminCrypto"
"Add Currency CS Admin Path Dengan Header powis Salah","1449","addCurrencyWithWrongPowisHeader","Surefire suite","Fri Oct 02 08:29:59 UTC 2026","passed","Fri Oct 02 08:30:01 UTC 2026","testcases.backoffice.currency.AddCurrencyTest","Surefire test","testcases.backoffice.currency.AddCurrencyTest","addCurrencyWithWrongPowisHeader"
"Get History USDT Transfer Test CS","10999","historyUSDTTransferTestCS","Surefire suite","Fri Oct 02 08:47:54 UTC 2026","passed","Fri Oct 02 08:48:05 UTC 2026","testcases.history.HistoryTransferTest","Surefire test","testcases.history.HistoryTransferTest","historyUSDTTransferTestCS"
"List User Backoffice Tanpa Login/Header Auth","1510","listUsersWithoutAuth","Surefire suite","Fri Oct 02 07:49:42 UTC 2026","passed","Fri Oct 02 07:49:44 UTC 2026","testcases.backoffice.users.ListUsersTest","Surefire test","testcases.backoffice.users.ListUsersTest","listUsersWithoutAuth"
"Created Favorite Account Dengan Header companyId Salah","1448","createdFavoriteAccountWithWrongCompanyIdHeader","Surefire suite","Fri Oct 02 07:35:40 UTC 2026","passed","Fri Oct 02 07:35:42 UTC 2026","testcases.settings.favoriteaccount.CreatedFavoriteAccountTest","Surefire test","testcases.settings.favoriteaccount.CreatedFavoriteAccountTest","createdFavoriteAccountWithWrongCompanyIdHeader"
"Get Balance Merchant with Login Supervisor","4883","getBalanceMerchantLoginSupervisor","Surefire suite","Fri Oct 02 07:01:26 UTC 2026","passed","Fri Oct 02 07:01:31 UTC 2026","testcases.balance.GetBalanceQrisTest","Surefire test","testcases.balance.GetBalanceQrisTest","getBalanceMerchantLoginSupervisor"
"Login Backoffice dengan Password Salah","4496","testLoginBackofficeWrongPassword","Surefire suite","Fri Oct 02 07:34:42 UTC 2026","passed","Fri Oct 02 07:34:46 UTC 2026","testcases.auth.LoginTest","Surefire test","testcases.auth.LoginTest","testLoginBackofficeWrongPassword"
"Create Manage Settlement BO Dengan Body Kosong ({})","4517","addManageSettlementWithEmptyBody","Surefire suite","Fri Oct 02 07:18:27 UTC 2026","passed","Fri Oct 02 07:18:32 UTC 2026","testcases.backoffice.settlement.AddManageSettlementTest","Surefire test","testcases.backoffice.settlement.AddManageSettlementTest","addManageSettlementWithEmptyBody"
"Delete Group Backoffice Menggunakan HTTP Method DELETE","1504","deleteGroupWithDeleteMethod","Surefire suite","Fri Oct 02 06:57:55 UTC 2026","passed","Fri Oct 02 06:57:57 UTC 2026","testcases.backoffice.group.DeleteGroupTest","Surefire test","testcases.backoffice.group.DeleteGroupTest","deleteGroupWithDeleteMethod"
"Get History QR Paid Merchant on login CS Admin","13376","historyQRPaidMerchantCSAdmin","Surefire suite","Fri Oct 02 07:51:40 UTC 2026","passed","Fri Oct 02 07:51:54 UTC 2026","testcases.history.HistoryQRTest","Surefire test","testcases.history.HistoryQRTest","historyQRPaidMerchantCSAdmin"
"Get List Google Authenticator Menggunakan Login Merchant","4752","listOtpGoogleWithMerchantLogin","Surefire suite","Fri Oct 02 07:41:56 UTC 2026","passed","Fri Oct 02 07:42:00 UTC 2026","testcases.backoffice.googleauth.ListOtpGoogleTest","Surefire test","testcases.backoffice.googleauth.ListOtpGoogleTest","listOtpGoogleWithMerchantLogin"
"Refund Summary Menggunakan HTTP Method DELETE","1424","getRefundWithDeleteMethod","Surefire suite","Fri Oct 02 07:44:20 UTC 2026","passed","Fri Oct 02 07:44:22 UTC 2026","testcases.backoffice.refund.GetRefundTest","Surefire test","testcases.backoffice.refund.GetRefundTest","getRefundWithDeleteMethod"
"Mutasi Manual Transfer","27317","mutasiManualTransfer","Surefire suite","Fri Oct 02 08:53:00 UTC 2026","passed","Fri Oct 02 08:53:27 UTC 2026","testcases.mutasi.MutasiTransferTest","Surefire test","testcases.mutasi.MutasiTransferTest","mutasiManualTransfer"
"List Currency USDT Menggunakan Login Customer Service","4868","getCurrencyWithCSLogin","Surefire suite","Fri Oct 02 07:30:56 UTC 2026","passed","Fri Oct 02 07:31:01 UTC 2026","testcases.backoffice.currency.GetCurrencyTest","Surefire test","testcases.backoffice.currency.GetCurrencyTest","getCurrencyWithCSLogin"
"Get List Favorite Account Merchant","7689","getListFavoriteAccount","Surefire suite","Fri Oct 02 09:10:07 UTC 2026","passed","Fri Oct 02 09:10:14 UTC 2026","testcases.settings.favoriteaccount.GetListFavoriteAccountTest","Surefire test","testcases.settings.favoriteaccount.GetListFavoriteAccountTest","getListFavoriteAccount"
"List Refund Menggunakan Login Backoffice","4456","listRefundWithBackofficeLogin","Surefire suite","Fri Oct 02 08:34:22 UTC 2026","passed","Fri Oct 02 08:34:27 UTC 2026","testcases.backoffice.ListRefundTest","Surefire test","testcases.backoffice.ListRefundTest","listRefundWithBackofficeLogin"
"List Manage Settlement Backoffice Menggunakan Login Admin","4670","listManageSettlementWithAdminLogin","Surefire suite","Fri Oct 02 07:43:19 UTC 2026","passed","Fri Oct 02 07:43:24 UTC 2026","testcases.backoffice.settlement.ManageSettlementTest","Surefire test","testcases.backoffice.settlement.ManageSettlementTest","listManageSettlementWithAdminLogin"
"List Currency USDT Menggunakan HTTP Method PATCH","1469","getCurrencyWithPatchMethod","Surefire suite","Fri Oct 02 07:32:18 UTC 2026","passed","Fri Oct 02 07:32:20 UTC 2026","testcases.backoffice.currency.GetCurrencyTest","Surefire test","testcases.backoffice.currency.GetCurrencyTest","getCurrencyWithPatchMethod"
"Approval Refund Special Transfer Merchant","12133","approveRefundManualTransferMerchant","Surefire suite","Fri Oct 02 08:12:33 UTC 2026","passed","Fri Oct 02 08:12:45 UTC 2026","testcases.backoffice.ApprovalRefundTest","Surefire test","testcases.backoffice.ApprovalRefundTest","approveRefundManualTransferMerchant"
"Get Notification Sender Menggunakan Login Supervisor","4433","getNotificationSenderWithSupervisorLogin","Surefire suite","Fri Oct 02 07:38:02 UTC 2026","passed","Fri Oct 02 07:38:07 UTC 2026","testcases.backoffice.notifsender.NotificationSenderTest","Surefire test","testcases.backoffice.notifsender.NotificationSenderTest","getNotificationSenderWithSupervisorLogin"
"Create Manage Settlement BO Dengan companyList Kosong ([])","4467","addManageSettlementWithEmptyCompanyList","Surefire suite","Fri Oct 02 07:18:35 UTC 2026","passed","Fri Oct 02 07:18:39 UTC 2026","testcases.backoffice.settlement.AddManageSettlementTest","Surefire test","testcases.backoffice.settlement.AddManageSettlementTest","addManageSettlementWithEmptyCompanyList"
"Delete Manage Settlement BO Dengan Header id Kosong","4426","deleteManageSettlementWithEmptyIdHeader","Surefire suite","Fri Oct 02 07:14:44 UTC 2026","passed","Fri Oct 02 07:14:48 UTC 2026","testcases.backoffice.settlement.DeleteManageSettlementTest","Surefire test","testcases.backoffice.settlement.DeleteManageSettlementTest","deleteManageSettlementWithEmptyIdHeader"
"Transfer Different Partner Reference, Transfer to USDT Transfer","48860","trfPartnerRefTransferFailed","Surefire suite","Fri Oct 02 07:07:33 UTC 2026","passed","Fri Oct 02 07:08:21 UTC 2026","testcases.transfer.TransferUSDTTest","Surefire test","testcases.transfer.TransferUSDTTest","trfPartnerRefTransferFailed"
"Get List Google Authenticator Menggunakan HTTP Method GET","4795","listOtpGoogleWithGetMethod","Surefire suite","Fri Oct 02 07:40:53 UTC 2026","passed","Fri Oct 02 07:40:58 UTC 2026","testcases.backoffice.googleauth.ListOtpGoogleTest","Surefire test","testcases.backoffice.googleauth.ListOtpGoogleTest","listOtpGoogleWithGetMethod"
"Mutasi Manual Transfer Balance","32082","mutasiManualTransferBalance","Surefire suite","Fri Oct 02 08:53:30 UTC 2026","passed","Fri Oct 02 08:54:02 UTC 2026","testcases.mutasi.MutasiTransferTest","Surefire test","testcases.mutasi.MutasiTransferTest","mutasiManualTransferBalance"
"Get Balance Merchant with Login Admin","8679","getBalanceAdmin","Surefire suite","Fri Oct 02 06:56:38 UTC 2026","passed","Fri Oct 02 06:56:47 UTC 2026","testcases.balance.GetBalanceQrisTest","Surefire test","testcases.balance.GetBalanceQrisTest","getBalanceAdmin"
"Get Notification Sender Menggunakan Login Customer Service","4552","getNotificationSenderWithCSLogin","Surefire suite","Fri Oct 02 07:35:06 UTC 2026","passed","Fri Oct 02 07:35:11 UTC 2026","testcases.backoffice.notifsender.NotificationSenderTest","Surefire test","testcases.backoffice.notifsender.NotificationSenderTest","getNotificationSenderWithCSLogin"
"Get List Favorite Account Supervisor","4799","getListFavoriteAccountSupervisor","Surefire suite","Fri Oct 02 09:10:25 UTC 2026","passed","Fri Oct 02 09:10:30 UTC 2026","testcases.settings.favoriteaccount.GetListFavoriteAccountTest","Surefire test","testcases.settings.favoriteaccount.GetListFavoriteAccountTest","getListFavoriteAccountSupervisor"
"Get Notification Sender Menggunakan HTTP Method GET","4601","getNotificationSenderWithGetMethod","Surefire suite","Fri Oct 02 07:35:41 UTC 2026","passed","Fri Oct 02 07:35:46 UTC 2026","testcases.backoffice.notifsender.NotificationSenderTest","Surefire test","testcases.backoffice.notifsender.NotificationSenderTest","getNotificationSenderWithGetMethod"
"List Company Backoffice Menggunakan Login CS Admin","4498","listCompanyWithCSAdminLogin","Surefire suite","Fri Oct 02 07:35:12 UTC 2026","passed","Fri Oct 02 07:35:17 UTC 2026","testcases.backoffice.ListCompanyTest","Surefire test","testcases.backoffice.ListCompanyTest","listCompanyWithCSAdminLogin"
"Delete Favorite Account Dengan Format id Tidak Valid (Bukan ObjectId)","1680","deleteFavoriteAccountWithInvalidIdFormat","Surefire suite","Fri Oct 02 07:09:55 UTC 2026","passed","Fri Oct 02 07:09:57 UTC 2026","testcases.settings.favoriteaccount.DeleteFavoriteAccountTest","Surefire test","testcases.settings.favoriteaccount.DeleteFavoriteAccountTest","deleteFavoriteAccountWithInvalidIdFormat"
"Get List Group Backoffice Menggunakan Login CS Admin","4536","getListGroupWithCSAdminLogin","Surefire suite","Fri Oct 02 07:01:07 UTC 2026","passed","Fri Oct 02 07:01:12 UTC 2026","testcases.backoffice.group.GetListGroupTest","Surefire test","testcases.backoffice.group.GetListGroupTest","getListGroupWithCSAdminLogin"
"Get List Google Authenticator Dengan Body Berupa Literal null","4355","listOtpGoogleWithNullLiteralBody","Surefire suite","Fri Oct 02 07:42:11 UTC 2026","passed","Fri Oct 02 07:42:15 UTC 2026","testcases.backoffice.googleauth.ListOtpGoogleTest","Surefire test","testcases.backoffice.googleauth.ListOtpGoogleTest","listOtpGoogleWithNullLiteralBody"
"Success Login Customer Service","3251","testLoginCS","Surefire suite","Fri Oct 02 06:56:47 UTC 2026","passed","Fri Oct 02 06:56:50 UTC 2026","testcases.auth.LoginTest","Surefire test","testcases.auth.LoginTest","testLoginCS"
"Transfer Success Admin Crypto with before and after Balanced","9782","transferBalanceAdminCrypto","Surefire suite","Fri Oct 02 06:58:39 UTC 2026","passed","Fri Oct 02 06:58:49 UTC 2026","testcases.transfer.TransferTest","Surefire test","testcases.transfer.TransferTest","transferBalanceAdminCrypto"
"List Currency USDT Menggunakan Login CS Admin","4573","getCurrencyWithCSAdminLogin","Surefire suite","Fri Oct 02 07:30:48 UTC 2026","passed","Fri Oct 02 07:30:53 UTC 2026","testcases.backoffice.currency.GetCurrencyTest","Surefire test","testcases.backoffice.currency.GetCurrencyTest","getCurrencyWithCSAdminLogin"
"Delete Google Authenticator Dengan id Berisi Karakter SQL Injection","4601","deleteOtpGoogleWithSqlInjectionId","Surefire suite","Fri Oct 02 07:24:11 UTC 2026","passed","Fri Oct 02 07:24:16 UTC 2026","testcases.backoffice.googleauth.DeleteOtpGoogleTest","Surefire test","testcases.backoffice.googleauth.DeleteOtpGoogleTest","deleteOtpGoogleWithSqlInjectionId"
"Get Dashboard Backoffice Menggunakan Login Merchant","4497","getDashboardWithMerchantLogin","Surefire suite","Fri Oct 02 07:28:54 UTC 2026","passed","Fri Oct 02 07:28:59 UTC 2026","testcases.backoffice.GetDashboardTest","Surefire test","testcases.backoffice.GetDashboardTest","getDashboardWithMerchantLogin"
"Delete Manage Settlement BO Tanpa Login/Header Auth","1421","deleteManageSettlementWithoutAuth","Surefire suite","Fri Oct 02 07:16:52 UTC 2026","passed","Fri Oct 02 07:16:54 UTC 2026","testcases.backoffice.settlement.DeleteManageSettlementTest","Surefire test","testcases.backoffice.settlement.DeleteManageSettlementTest","deleteManageSettlementWithoutAuth"
"List Refund Dengan Body JSON Tidak Valid (Malformed)","4395","listRefundWithMalformedJson","Surefire suite","Fri Oct 02 08:35:28 UTC 2026","passed","Fri Oct 02 08:35:32 UTC 2026","testcases.backoffice.ListRefundTest","Surefire test","testcases.backoffice.ListRefundTest","listRefundWithMalformedJson"
"Inquiry Favorite Account Dengan Body JSON Tidak Valid (Malformed)","1442","inquiryFavoriteAccountWithMalformedJson","Surefire suite","Fri Oct 02 07:37:18 UTC 2026","passed","Fri Oct 02 07:37:19 UTC 2026","testcases.settings.favoriteaccount.InquiryFavoriteAccountTest","Surefire test","testcases.settings.favoriteaccount.InquiryFavoriteAccountTest","inquiryFavoriteAccountWithMalformedJson"
"Add Group Backoffice Dengan name String Kosong","1607","addGroupWithEmptyName","Surefire suite","Fri Oct 02 07:05:03 UTC 2026","passed","Fri Oct 02 07:05:05 UTC 2026","testcases.backoffice.group.AddGroupTest","Surefire test","testcases.backoffice.group.AddGroupTest","addGroupWithEmptyName"
"Resend Google Authenticator Ke Path yang Tidak Ada (Typo)","4714","resendOtpGoogleWithWrongPath","Surefire suite","Fri Oct 02 07:42:30 UTC 2026","passed","Fri Oct 02 07:42:35 UTC 2026","testcases.backoffice.googleauth.ResendOtpGoogleTest","Surefire test","testcases.backoffice.googleauth.ResendOtpGoogleTest","resendOtpGoogleWithWrongPath"
"Request Refund Manual Transfer Merchant","4691","refundManualTransferMerchant","Surefire suite","Fri Oct 02 07:42:06 UTC 2026","passed","Fri Oct 02 07:42:10 UTC 2026","testcases.transfer.RefundTransferTest","Surefire test","testcases.transfer.RefundTransferTest","refundManualTransferMerchant"
"Get Group Detail Backoffice Dengan Group Id Berisi Payload XSS","4907","getGroupDetailWithXssId","Surefire suite","Fri Oct 02 07:10:13 UTC 2026","passed","Fri Oct 02 07:10:17 UTC 2026","testcases.backoffice.group.GetGroupTest","Surefire test","testcases.backoffice.group.GetGroupTest","getGroupDetailWithXssId"
"Inquiry Favorite Account Dengan Header Authorization Tanpa Skema Bearer","1434","inquiryFavoriteAccountWithMalformedAuthorizationHeader","Surefire suite","Fri Oct 02 07:37:13 UTC 2026","passed","Fri Oct 02 07:37:15 UTC 2026","testcases.settings.favoriteaccount.InquiryFavoriteAccountTest","Surefire test","testcases.settings.favoriteaccount.InquiryFavoriteAccountTest","inquiryFavoriteAccountWithMalformedAuthorizationHeader"
"Get Detail User Backoffice Tanpa Login/Header Auth","1721","getUsersWithoutAuth","Surefire suite","Fri Oct 02 07:47:52 UTC 2026","passed","Fri Oct 02 07:47:54 UTC 2026","testcases.backoffice.users.ListUsersTest","Surefire test","testcases.backoffice.users.ListUsersTest","getUsersWithoutAuth"
"Add Currency CS Admin Path Tanpa Body Sama Sekali","1421","addCurrencyWithoutBody","Surefire suite","Fri Oct 02 08:30:13 UTC 2026","passed","Fri Oct 02 08:30:14 UTC 2026","testcases.backoffice.currency.AddCurrencyTest","Surefire test","testcases.backoffice.currency.AddCurrencyTest","addCurrencyWithoutBody"
"Get Balance Marketing","8526","getBalanceMarketing","Surefire suite","Fri Oct 02 06:56:38 UTC 2026","passed","Fri Oct 02 06:56:46 UTC 2026","testcases.balance.GetBalanceQrisTest","Surefire test","testcases.balance.GetBalanceQrisTest","getBalanceMarketing"
"Get Group Detail Backoffice Dengan Format Group Id Tidak Valid (Bukan ObjectId)","4396","getGroupDetailWithMalformedId","Surefire suite","Fri Oct 02 07:08:49 UTC 2026","passed","Fri Oct 02 07:08:53 UTC 2026","testcases.backoffice.group.GetGroupTest","Surefire test","testcases.backoffice.group.GetGroupTest","getGroupDetailWithMalformedId"
"Reset Password Customer Service","4795","resetPasswordCS","Surefire suite","Fri Oct 02 06:56:59 UTC 2026","passed","Fri Oct 02 06:57:04 UTC 2026","testcases.settings.ResetPasswordTest","Surefire test","testcases.settings.ResetPasswordTest","resetPasswordCS"
"Resend Google Authenticator Dengan Header Authorization Tanpa Skema Bearer","1428","resendOtpGoogleWithMalformedAuthorizationHeader","Surefire suite","Fri Oct 02 07:40:33 UTC 2026","passed","Fri Oct 02 07:40:34 UTC 2026","testcases.backoffice.googleauth.ResendOtpGoogleTest","Surefire test","testcases.backoffice.googleauth.ResendOtpGoogleTest","resendOtpGoogleWithMalformedAuthorizationHeader"
"Get Balance Merchant with Login Admin Crypto","7405","getFailedBalanceMerchantLoginAdminCrypto","Surefire suite","Fri Oct 02 06:56:37 UTC 2026","passed","Fri Oct 02 06:56:44 UTC 2026","testcases.balance.GetBalanceQrisTest","Surefire test","testcases.balance.GetBalanceQrisTest","getFailedBalanceMerchantLoginAdminCrypto"
"Get History Special Transfer Supervisor on Login CS Admin","10773","historySpecialTransferSupervisorTestCSAdmin","Surefire suite","Fri Oct 02 08:43:47 UTC 2026","passed","Fri Oct 02 08:43:57 UTC 2026","testcases.history.HistoryTransferTest","Surefire test","testcases.history.HistoryTransferTest","historySpecialTransferSupervisorTestCSAdmin"
"List Manage Settlement Backoffice Dengan Body Berupa Literal null","4408","listManageSettlementWithNullLiteralBody","Surefire suite","Fri Oct 02 07:45:26 UTC 2026","passed","Fri Oct 02 07:45:31 UTC 2026","testcases.backoffice.settlement.ManageSettlementTest","Surefire test","testcases.backoffice.settlement.ManageSettlementTest","listManageSettlementWithNullLiteralBody"
"List User Backoffice Dengan Token Tidak Valid","1679","listUsersWithInvalidToken","Surefire suite","Fri Oct 02 07:48:52 UTC 2026","passed","Fri Oct 02 07:48:53 UTC 2026","testcases.backoffice.users.ListUsersTest","Surefire test","testcases.backoffice.users.ListUsersTest","listUsersWithInvalidToken"
"Get Notification Sender Menggunakan Login CS Admin","4971","getNotificationSenderWithCSAdminLogin","Surefire suite","Fri Oct 02 07:34:58 UTC 2026","passed","Fri Oct 02 07:35:03 UTC 2026","testcases.backoffice.notifsender.NotificationSenderTest","Surefire test","testcases.backoffice.notifsender.NotificationSenderTest","getNotificationSenderWithCSAdminLogin"
"Delete Favorite Account Dengan id Bertipe Angka (Bukan String)","1661","deleteFavoriteAccountWithIdAsNumber","Surefire suite","Fri Oct 02 07:09:50 UTC 2026","passed","Fri Oct 02 07:09:52 UTC 2026","testcases.settings.favoriteaccount.DeleteFavoriteAccountTest","Surefire test","testcases.settings.favoriteaccount.DeleteFavoriteAccountTest","deleteFavoriteAccountWithIdAsNumber"
"Delete Group Backoffice Menggunakan HTTP Method PATCH","1388","deleteGroupWithPatchMethod","Surefire suite","Fri Oct 02 06:59:26 UTC 2026","passed","Fri Oct 02 06:59:28 UTC 2026","testcases.backoffice.group.DeleteGroupTest","Surefire test","testcases.backoffice.group.DeleteGroupTest","deleteGroupWithPatchMethod"
"Delete Group Backoffice Menggunakan Login Admin Crypto","4574","deleteGroupWithAdminCryptoLogin","Surefire suite","Fri Oct 02 06:57:20 UTC 2026","passed","Fri Oct 02 06:57:25 UTC 2026","testcases.backoffice.group.DeleteGroupTest","Surefire test","testcases.backoffice.group.DeleteGroupTest","deleteGroupWithAdminCryptoLogin"
"Get Dashboard Backoffice Menggunakan Login CS Admin","4446","getDashboardWithCSAdminLogin","Surefire suite","Fri Oct 02 07:28:27 UTC 2026","passed","Fri Oct 02 07:28:31 UTC 2026","testcases.backoffice.GetDashboardTest","Surefire test","testcases.backoffice.GetDashboardTest","getDashboardWithCSAdminLogin"
"Add Currency CS Admin Path Menggunakan Login Merchant","4481","addCurrencyWithMerchantLogin","Surefire suite","Fri Oct 02 08:28:50 UTC 2026","passed","Fri Oct 02 08:28:55 UTC 2026","testcases.backoffice.currency.AddCurrencyTest","Surefire test","testcases.backoffice.currency.AddCurrencyTest","addCurrencyWithMerchantLogin"
"Get History QR CS","9322","historyQRTestCS","Surefire suite","Fri Oct 02 07:52:09 UTC 2026","passed","Fri Oct 02 07:52:19 UTC 2026","testcases.history.HistoryQRTest","Surefire test","testcases.history.HistoryQRTest","historyQRTestCS"
"Add Group Backoffice Menggunakan HTTP Method PUT","1444","addGroupWithPutMethod","Surefire suite","Fri Oct 02 07:06:30 UTC 2026","passed","Fri Oct 02 07:06:32 UTC 2026","testcases.backoffice.group.AddGroupTest","Surefire test","testcases.backoffice.group.AddGroupTest","addGroupWithPutMethod"
"Get History Manual Transfer Supervisor on Login CS Admin","11241","historyManualTransferSupervisorTestCSAdmin","Surefire suite","Fri Oct 02 08:41:55 UTC 2026","passed","Fri Oct 02 08:42:07 UTC 2026","testcases.history.HistoryTransferTest","Surefire test","testcases.history.HistoryTransferTest","historyManualTransferSupervisorTestCSAdmin"
"Delete Google Authenticator Dengan Header Authorization Tanpa Skema Bearer","1415","deleteOtpGoogleWithMalformedAuthorizationHeader","Surefire suite","Fri Oct 02 07:23:05 UTC 2026","passed","Fri Oct 02 07:23:06 UTC 2026","testcases.backoffice.googleauth.DeleteOtpGoogleTest","Surefire test","testcases.backoffice.googleauth.DeleteOtpGoogleTest","deleteOtpGoogleWithMalformedAuthorizationHeader"
"Get List Group Backoffice Tanpa Login/Header Auth","1520","getListGroupWithoutAuth","Surefire suite","Fri Oct 02 07:03:28 UTC 2026","passed","Fri Oct 02 07:03:30 UTC 2026","testcases.backoffice.group.GetListGroupTest","Surefire test","testcases.backoffice.group.GetListGroupTest","getListGroupWithoutAuth"
"Test Get Report Transaction Supervisor","4760","getReportTransactionSupervisor","Surefire suite","Fri Oct 02 07:01:19 UTC 2026","passed","Fri Oct 02 07:01:23 UTC 2026","testcases.report.ReportTransactionTest","Surefire test","testcases.report.ReportTransactionTest","getReportTransactionSupervisor"
"Get Detail User Backoffice","5800","getUsersBO","Surefire suite","Fri Oct 02 07:47:06 UTC 2026","passed","Fri Oct 02 07:47:12 UTC 2026","testcases.backoffice.users.ListUsersTest","Surefire test","testcases.backoffice.users.ListUsersTest","getUsersBO"
"List Company Backoffice Menggunakan Login Marketing","4411","listCompanyWithMarketingLogin","Surefire suite","Fri Oct 02 07:36:15 UTC 2026","passed","Fri Oct 02 07:36:20 UTC 2026","testcases.backoffice.ListCompanyTest","Surefire test","testcases.backoffice.ListCompanyTest","listCompanyWithMarketingLogin"
"Get Notification Sender Dengan Token Tidak Valid","1408","getNotificationSenderWithInvalidToken","Surefire suite","Fri Oct 02 07:36:23 UTC 2026","passed","Fri Oct 02 07:36:24 UTC 2026","testcases.backoffice.notifsender.NotificationSenderTest","Surefire test","testcases.backoffice.notifsender.NotificationSenderTest","getNotificationSenderWithInvalidToken"
"List User Backoffice Menggunakan Login Supervisor","4843","listUsersWithSupervisorLogin","Surefire suite","Fri Oct 02 07:49:34 UTC 2026","passed","Fri Oct 02 07:49:39 UTC 2026","testcases.backoffice.users.ListUsersTest","Surefire test","testcases.backoffice.users.ListUsersTest","listUsersWithSupervisorLogin"
"Mutasi Transfer Balance CS","13632","mutasiTransferBalanceCS","Surefire suite","Fri Oct 02 09:01:27 UTC 2026","passed","Fri Oct 02 09:01:41 UTC 2026","testcases.mutasi.MutasiTransferTest","Surefire test","testcases.mutasi.MutasiTransferTest","mutasiTransferBalanceCS"
"Get Notification Sender Menggunakan Login Merchant","4427","getNotificationSenderWithMerchantLogin","Surefire suite","Fri Oct 02 07:36:54 UTC 2026","passed","Fri Oct 02 07:36:59 UTC 2026","testcases.backoffice.notifsender.NotificationSenderTest","Surefire test","testcases.backoffice.notifsender.NotificationSenderTest","getNotificationSenderWithMerchantLogin"
"Reset Password Admin","4956","resetPasswordAdmin","Surefire suite","Fri Oct 02 06:57:21 UTC 2026","passed","Fri Oct 02 06:57:26 UTC 2026","testcases.settings.ResetPasswordTest","Surefire test","testcases.settings.ResetPasswordTest","resetPasswordAdmin"
"Inquiry Favorite Account Dengan Body Berupa JSON Array ([])","4453","inquiryFavoriteAccountWithArrayBody","Surefire suite","Fri Oct 02 07:36:39 UTC 2026","passed","Fri Oct 02 07:36:43 UTC 2026","testcases.settings.favoriteaccount.InquiryFavoriteAccountTest","Surefire test","testcases.settings.favoriteaccount.InquiryFavoriteAccountTest","inquiryFavoriteAccountWithArrayBody"
"Get List Group Company BO Tanpa Header groupName","9143","getListGroupCompanyWithoutGroupNameHeader","Surefire suite","Fri Oct 02 07:13:21 UTC 2026","passed","Fri Oct 02 07:13:30 UTC 2026","testcases.backoffice.settlement.GetListGroupCompanyTest","Surefire test","testcases.backoffice.settlement.GetListGroupCompanyTest","getListGroupCompanyWithoutGroupNameHeader"
"Create Manage Settlement BO Dengan groupName Sangat Panjang (10.000 karakter)","4573","addManageSettlementWithOverlongGroupName","Surefire suite","Fri Oct 02 07:20:12 UTC 2026","passed","Fri Oct 02 07:20:16 UTC 2026","testcases.backoffice.settlement.AddManageSettlementTest","Surefire test","testcases.backoffice.settlement.AddManageSettlementTest","addManageSettlementWithOverlongGroupName"
"Get Group Detail Backoffice Menggunakan HTTP Method PUT","4766","getGroupDetailWithPutMethod","Surefire suite","Fri Oct 02 07:09:42 UTC 2026","passed","Fri Oct 02 07:09:47 UTC 2026","testcases.backoffice.group.GetGroupTest","Surefire test","testcases.backoffice.group.GetGroupTest","getGroupDetailWithPutMethod"
"List Refund Dengan Page/Size Negatif - Menemukan Bug Internal Server Error","4489","listRefundWithNegativePageSize","Surefire suite","Fri Oct 02 08:35:50 UTC 2026","passed","Fri Oct 02 08:35:55 UTC 2026","testcases.backoffice.ListRefundTest","Surefire test","testcases.backoffice.ListRefundTest","listRefundWithNegativePageSize"
"Mutasi USDT Transfer Balance","30730","mutasiUSDTTransferBalance","Surefire suite","Fri Oct 02 09:03:24 UTC 2026","passed","Fri Oct 02 09:03:55 UTC 2026","testcases.mutasi.MutasiTransferTest","Surefire test","testcases.mutasi.MutasiTransferTest","mutasiUSDTTransferBalance"
"Get List Group Backoffice Dengan Karakter SQL Injection pada sort","1499","getListGroupWithSqlInjectionSort","Surefire suite","Fri Oct 02 07:02:54 UTC 2026","passed","Fri Oct 02 07:02:55 UTC 2026","testcases.backoffice.group.GetListGroupTest","Surefire test","testcases.backoffice.group.GetListGroupTest","getListGroupWithSqlInjectionSort"
"Inquiry Test Flop Transfer Merchant","6606","inquiryTransfer","Surefire suite","Fri Oct 02 06:56:42 UTC 2026","passed","Fri Oct 02 06:56:49 UTC 2026","testcases.transfer.InquiryFlopTransferTest","Surefire test","testcases.transfer.InquiryFlopTransferTest","inquiryTransfer"
"List Waiting Company Backoffice Dengan Page/Size Negatif","4465","listWaitingCompanyWithNegativePageSize","Surefire suite","Fri Oct 02 07:39:06 UTC 2026","passed","Fri Oct 02 07:39:11 UTC 2026","testcases.backoffice.ListWaitingCompanyTest","Surefire test","testcases.backoffice.ListWaitingCompanyTest","listWaitingCompanyWithNegativePageSize"
"Test Approve Special Transfer Supervisor dengan check Fee di Admin Fee","24742","approvedSpecialTransferSupervisorBalance","Surefire suite","Fri Oct 02 08:16:20 UTC 2026","passed","Fri Oct 02 08:16:44 UTC 2026","testcases.backoffice.ApprovalTransferTest","Surefire test","testcases.backoffice.ApprovalTransferTest","approvedSpecialTransferSupervisorBalance"
"Normal Transfer USDT Balance Success","9605","usdtTransferBalanceAdminCrypto","Surefire suite","Fri Oct 02 06:59:17 UTC 2026","passed","Fri Oct 02 06:59:27 UTC 2026","testcases.transfer.TransferUSDTTest","Surefire test","testcases.transfer.TransferUSDTTest","usdtTransferBalanceAdminCrypto"
"Login Backoffice dengan Username Tidak Terdaftar","2987","testLoginBackofficeNonExistentUsername","Surefire suite","Fri Oct 02 07:34:30 UTC 2026","passed","Fri Oct 02 07:34:33 UTC 2026","testcases.auth.LoginTest","Surefire test","testcases.auth.LoginTest","testLoginBackofficeNonExistentUsername"
"Get History USDT Transfer Test Admin","10849","historyUSDTTransferTestFeeAdmin","Surefire suite","Fri Oct 02 08:48:08 UTC 2026","passed","Fri Oct 02 08:48:19 UTC 2026","testcases.history.HistoryTransferTest","Surefire test","testcases.history.HistoryTransferTest","historyUSDTTransferTestFeeAdmin"
"Add Group Backoffice Menggunakan Login Supervisor","4542","addGroupWithSupervisorLogin","Surefire suite","Fri Oct 02 07:06:39 UTC 2026","passed","Fri Oct 02 07:06:44 UTC 2026","testcases.backoffice.group.AddGroupTest","Surefire test","testcases.backoffice.group.AddGroupTest","addGroupWithSupervisorLogin"
"Delete Favorite Account Merchant","6914","deleteFavoriteAccount","Surefire suite","Fri Oct 02 07:08:57 UTC 2026","passed","Fri Oct 02 07:09:04 UTC 2026","testcases.settings.favoriteaccount.DeleteFavoriteAccountTest","Surefire test","testcases.settings.favoriteaccount.DeleteFavoriteAccountTest","deleteFavoriteAccount"
"Get Notification Sender Dengan Token Backoffice Valid Tapi Tanpa Header pbyv","4476","getNotificationSenderWithoutPbyvHeader","Surefire suite","Fri Oct 02 07:38:52 UTC 2026","passed","Fri Oct 02 07:38:57 UTC 2026","testcases.backoffice.notifsender.NotificationSenderTest","Surefire test","testcases.backoffice.notifsender.NotificationSenderTest","getNotificationSenderWithoutPbyvHeader"
"Get History Manual Transfer Test Admin","10806","historyManualTransferTestFeeAdmin","Surefire suite","Fri Oct 02 08:42:59 UTC 2026","passed","Fri Oct 02 08:43:10 UTC 2026","testcases.history.HistoryTransferTest","Surefire test","testcases.history.HistoryTransferTest","historyManualTransferTestFeeAdmin"
"Get History Special Transfer Test Fee Admin","11382","historySpecialTransferTestFeeAdmin","Surefire suite","Fri Oct 02 08:44:50 UTC 2026","passed","Fri Oct 02 08:45:02 UTC 2026","testcases.history.HistoryTransferTest","Surefire test","testcases.history.HistoryTransferTest","historySpecialTransferTestFeeAdmin"
"Delete Manage Settlement BO Menggunakan Login Supervisor","4564","deleteManageSettlementWithSupervisorLogin","Surefire suite","Fri Oct 02 07:16:22 UTC 2026","passed","Fri Oct 02 07:16:26 UTC 2026","testcases.backoffice.settlement.DeleteManageSettlementTest","Surefire test","testcases.backoffice.settlement.DeleteManageSettlementTest","deleteManageSettlementWithSupervisorLogin"
"Get List Google Authenticator Menggunakan Login Supervisor","4427","listOtpGoogleWithSupervisorLogin","Surefire suite","Fri Oct 02 07:42:40 UTC 2026","passed","Fri Oct 02 07:42:45 UTC 2026","testcases.backoffice.googleauth.ListOtpGoogleTest","Surefire test","testcases.backoffice.googleauth.ListOtpGoogleTest","listOtpGoogleWithSupervisorLogin"
"Create Manage Settlement BO Tanpa Field companyList","4421","addManageSettlementWithoutCompanyList","Surefire suite","Fri Oct 02 07:21:32 UTC 2026","passed","Fri Oct 02 07:21:37 UTC 2026","testcases.backoffice.settlement.AddManageSettlementTest","Surefire test","testcases.backoffice.settlement.AddManageSettlementTest","addManageSettlementWithoutCompanyList"
"Add Group Backoffice Dengan name Bertipe Angka (Bukan String)","1603","addGroupWithNumericName","Surefire suite","Fri Oct 02 07:06:21 UTC 2026","passed","Fri Oct 02 07:06:23 UTC 2026","testcases.backoffice.group.AddGroupTest","Surefire test","testcases.backoffice.group.AddGroupTest","addGroupWithNumericName"
"List Waiting Company Backoffice","4591","getListWaitingCompany","Surefire suite","Fri Oct 02 07:37:27 UTC 2026","passed","Fri Oct 02 07:37:32 UTC 2026","testcases.backoffice.ListWaitingCompanyTest","Surefire test","testcases.backoffice.ListWaitingCompanyTest","getListWaitingCompany"
"Mutasi Manual Transfer Balance CS","30912","mutasiManualTransferBalanceSupervisorCS","Surefire suite","Fri Oct 02 08:55:13 UTC 2026","passed","Fri Oct 02 08:55:44 UTC 2026","testcases.mutasi.MutasiTransferTest","Surefire test","testcases.mutasi.MutasiTransferTest","mutasiManualTransferBalanceSupervisorCS"
"Transfer Different Partner Reference, USDT Transfer to Transfer","47824","trfPartnerRefSpecialFailed","Surefire suite","Fri Oct 02 07:06:42 UTC 2026","passed","Fri Oct 02 07:07:30 UTC 2026","testcases.transfer.TransferUSDTTest","Surefire test","testcases.transfer.TransferUSDTTest","trfPartnerRefSpecialFailed"
"Refund Summary Menggunakan HTTP Method PUT","1450","getRefundWithPutMethod","Surefire suite","Fri Oct 02 07:45:53 UTC 2026","passed","Fri Oct 02 07:45:55 UTC 2026","testcases.backoffice.refund.GetRefundTest","Surefire test","testcases.backoffice.refund.GetRefundTest","getRefundWithPutMethod"
"List Refund Menggunakan Login Merchant","4661","listRefundMarketing","Surefire suite","Fri Oct 02 08:34:07 UTC 2026","passed","Fri Oct 02 08:34:12 UTC 2026","testcases.backoffice.ListRefundTest","Surefire test","testcases.backoffice.ListRefundTest","listRefundMarketing"
"Get List Favorite Account Tanpa Body Sama Sekali","1468","getListFavoriteAccountWithoutBody","Surefire suite","Fri Oct 02 09:12:19 UTC 2026","passed","Fri Oct 02 09:12:21 UTC 2026","testcases.settings.favoriteaccount.GetListFavoriteAccountTest","Surefire test","testcases.settings.favoriteaccount.GetListFavoriteAccountTest","getListFavoriteAccountWithoutBody"
"Request Refund Transfer Waiting Merchant","4683","refundTransferWaitingMerchant","Surefire suite","Fri Oct 02 07:42:29 UTC 2026","passed","Fri Oct 02 07:42:33 UTC 2026","testcases.transfer.RefundTransferTest","Surefire test","testcases.transfer.RefundTransferTest","refundTransferWaitingMerchant"
"Transfer Different Partner Reference, USDT Transfer to Transfer","47853","trfPartnerRefUSDTFailed","Surefire suite","Fri Oct 02 07:03:38 UTC 2026","passed","Fri Oct 02 07:04:26 UTC 2026","testcases.transfer.SpecialTransferTest","Surefire test","testcases.transfer.SpecialTransferTest","trfPartnerRefUSDTFailed"
"Delete Group Backoffice Dengan Token Backoffice Valid Tapi Tanpa Header pbyv","1424","deleteGroupWithoutPbyvHeader","Surefire suite","Fri Oct 02 07:00:32 UTC 2026","passed","Fri Oct 02 07:00:34 UTC 2026","testcases.backoffice.group.DeleteGroupTest","Surefire test","testcases.backoffice.group.DeleteGroupTest","deleteGroupWithoutPbyvHeader"
"Create Manage Settlement BO Menggunakan HTTP Method PATCH","4479","addManageSettlementWithPatchMethod","Surefire suite","Fri Oct 02 07:20:19 UTC 2026","passed","Fri Oct 02 07:20:24 UTC 2026","testcases.backoffice.settlement.AddManageSettlementTest","Surefire test","testcases.backoffice.settlement.AddManageSettlementTest","addManageSettlementWithPatchMethod"
"Get History Manual Transfer Test Admin Crypto","7752","historyManualTransferTestAdminCrypto","Surefire suite","Fri Oct 02 08:42:34 UTC 2026","passed","Fri Oct 02 08:42:42 UTC 2026","testcases.history.HistoryTransferTest","Surefire test","testcases.history.HistoryTransferTest","historyManualTransferTestAdminCrypto"
"Delete Favorite Account Tanpa Login/Header Auth","1539","deleteFavoriteAccountWithoutAuth","Surefire suite","Fri Oct 02 07:11:11 UTC 2026","passed","Fri Oct 02 07:11:12 UTC 2026","testcases.settings.favoriteaccount.DeleteFavoriteAccountTest","Surefire test","testcases.settings.favoriteaccount.DeleteFavoriteAccountTest","deleteFavoriteAccountWithoutAuth"
"List Currency USDT Menggunakan Login Marketing","4449","getCurrencyWithMarketingLogin","Surefire suite","Fri Oct 02 07:31:54 UTC 2026","passed","Fri Oct 02 07:31:58 UTC 2026","testcases.backoffice.currency.GetCurrencyTest","Surefire test","testcases.backoffice.currency.GetCurrencyTest","getCurrencyWithMarketingLogin"
"Resend Google Authenticator Menggunakan HTTP Method PATCH","5007","resendOtpGoogleWithPatchMethod","Surefire suite","Fri Oct 02 07:41:45 UTC 2026","passed","Fri Oct 02 07:41:50 UTC 2026","testcases.backoffice.googleauth.ResendOtpGoogleTest","Surefire test","testcases.backoffice.googleauth.ResendOtpGoogleTest","resendOtpGoogleWithPatchMethod"
"Normal Manual Transfer Success Admin Crypto","6431","manualTransferAdminCrypto","Surefire suite","Fri Oct 02 06:57:37 UTC 2026","passed","Fri Oct 02 06:57:43 UTC 2026","testcases.transfer.ManualTransferTest","Surefire test","testcases.transfer.ManualTransferTest","manualTransferAdminCrypto"
"List Manage Settlement Backoffice Dengan Sort Tanpa Operator '=='","4362","listManageSettlementWithMalformedSortOperator","Surefire suite","Fri Oct 02 07:44:56 UTC 2026","passed","Fri Oct 02 07:45:01 UTC 2026","testcases.backoffice.settlement.ManageSettlementTest","Surefire test","testcases.backoffice.settlement.ManageSettlementTest","listManageSettlementWithMalformedSortOperator"
"Get List Favorite Account Dengan Token Valid Tapi Tanpa Header credentialId","1616","getListFavoriteAccountWithoutCredentialIdHeader","Surefire suite","Fri Oct 02 09:12:24 UTC 2026","passed","Fri Oct 02 09:12:25 UTC 2026","testcases.settings.favoriteaccount.GetListFavoriteAccountTest","Surefire test","testcases.settings.favoriteaccount.GetListFavoriteAccountTest","getListFavoriteAccountWithoutCredentialIdHeader"
"Add Currency CS Admin Path Dengan rate Sangat Besar (Overflow)","1532","addCurrencyWithHugeRate","Surefire suite","Fri Oct 02 08:28:24 UTC 2026","passed","Fri Oct 02 08:28:26 UTC 2026","testcases.backoffice.currency.AddCurrencyTest","Surefire test","testcases.backoffice.currency.AddCurrencyTest","addCurrencyWithHugeRate"
"Get List Google Authenticator Dengan Tipe Data Salah pada Field limit (String, Bukan Integer)","4493","listOtpGoogleWithInvalidFieldType","Surefire suite","Fri Oct 02 07:41:09 UTC 2026","passed","Fri Oct 02 07:41:13 UTC 2026","testcases.backoffice.googleauth.ListOtpGoogleTest","Surefire test","testcases.backoffice.googleauth.ListOtpGoogleTest","listOtpGoogleWithInvalidFieldType"
"Get List Group Company BO Menggunakan HTTP Method PUT","4462","getListGroupCompanyWithPutMethod","Surefire suite","Fri Oct 02 07:12:31 UTC 2026","passed","Fri Oct 02 07:12:36 UTC 2026","testcases.backoffice.settlement.GetListGroupCompanyTest","Surefire test","testcases.backoffice.settlement.GetListGroupCompanyTest","getListGroupCompanyWithPutMethod"
"Get Group Detail Backoffice Menggunakan Login Merchant","4555","getGroupDetailWithMerchantLogin","Surefire suite","Fri Oct 02 07:09:04 UTC 2026","passed","Fri Oct 02 07:09:09 UTC 2026","testcases.backoffice.group.GetGroupTest","Surefire test","testcases.backoffice.group.GetGroupTest","getGroupDetailWithMerchantLogin"
"Request Refund Transfer Admin Crypto","4663","refundTransferAdminCrypto","Surefire suite","Fri Oct 02 06:59:00 UTC 2026","passed","Fri Oct 02 06:59:05 UTC 2026","testcases.transfer.RefundTransferTest","Surefire test","testcases.transfer.RefundTransferTest","refundTransferAdminCrypto"
"Get Detail Waiting Company Backoffice Dengan Id Berisi Payload XSS","4990","getDetailWaitingCompanyWithXssId","Surefire suite","Fri Oct 02 07:27:51 UTC 2026","passed","Fri Oct 02 07:27:56 UTC 2026","testcases.backoffice.GetDetailWaitingCompanyTest","Surefire test","testcases.backoffice.GetDetailWaitingCompanyTest","getDetailWaitingCompanyWithXssId"
"Test Approve Manual Transfer Supervisor dengan check Fee di Admin Crypto dan Admin Fee","40453","approvedCashDepositBalanceSupervisor","Surefire suite","Fri Oct 02 08:14:18 UTC 2026","passed","Fri Oct 02 08:14:58 UTC 2026","testcases.backoffice.ApprovalTransferTest","Surefire test","testcases.backoffice.ApprovalTransferTest","approvedCashDepositBalanceSupervisor"
"Reset Pin Marketing","4763","resetPinMarketing","Surefire suite","Fri Oct 02 06:57:05 UTC 2026","passed","Fri Oct 02 06:57:10 UTC 2026","testcases.settings.ResetPinTest","Surefire test","testcases.settings.ResetPinTest","resetPinMarketing"
"Reset Password Admin Crypto","4810","resetPasswordAdminCrypto","Surefire suite","Fri Oct 02 06:57:21 UTC 2026","passed","Fri Oct 02 06:57:26 UTC 2026","testcases.settings.ResetPasswordTest","Surefire test","testcases.settings.ResetPasswordTest","resetPasswordAdminCrypto"
"Delete Google Authenticator Menggunakan Login Admin Crypto","4480","deleteOtpGoogleWithAdminCryptoLogin","Surefire suite","Fri Oct 02 07:22:03 UTC 2026","passed","Fri Oct 02 07:22:07 UTC 2026","testcases.backoffice.googleauth.DeleteOtpGoogleTest","Surefire test","testcases.backoffice.googleauth.DeleteOtpGoogleTest","deleteOtpGoogleWithAdminCryptoLogin"
"Get List Google Authenticator Dengan Token Backoffice Valid Tapi Tanpa Header pbyv","4414","listOtpGoogleWithoutPbyvHeader","Surefire suite","Fri Oct 02 07:43:23 UTC 2026","passed","Fri Oct 02 07:43:27 UTC 2026","testcases.backoffice.googleauth.ListOtpGoogleTest","Surefire test","testcases.backoffice.googleauth.ListOtpGoogleTest","listOtpGoogleWithoutPbyvHeader"
"List Company Backoffice Dengan Karakter SQL Injection pada Field Param - Menemukan Bug Gateway Timeout","4565","listCompanyWithSqlInjectionParam","Surefire suite","Fri Oct 02 07:36:38 UTC 2026","passed","Fri Oct 02 07:36:42 UTC 2026","testcases.backoffice.ListCompanyTest","Surefire test","testcases.backoffice.ListCompanyTest","listCompanyWithSqlInjectionParam"
"Inquiry Favorite Account Dengan Token Tidak Valid","1434","inquiryFavoriteAccountWithInvalidToken","Surefire suite","Fri Oct 02 07:37:09 UTC 2026","passed","Fri Oct 02 07:37:10 UTC 2026","testcases.settings.favoriteaccount.InquiryFavoriteAccountTest","Surefire test","testcases.settings.favoriteaccount.InquiryFavoriteAccountTest","inquiryFavoriteAccountWithInvalidToken"
"Test Approved Manual Transfer Supervisor","18311","approvedCashDepositSupervisor","Surefire suite","Fri Oct 02 08:15:01 UTC 2026","passed","Fri Oct 02 08:15:19 UTC 2026","testcases.backoffice.ApprovalTransferTest","Surefire test","testcases.backoffice.ApprovalTransferTest","approvedCashDepositSupervisor"
"Mutasi Transfer","8329","mutasiTransferAdminCrypto","Surefire suite","Fri Oct 02 09:01:02 UTC 2026","passed","Fri Oct 02 09:01:11 UTC 2026","testcases.mutasi.MutasiTransferTest","Surefire test","testcases.mutasi.MutasiTransferTest","mutasiTransferAdminCrypto"
"Refund Summary Menggunakan Login Customer Service","4503","getRefundWithCSLogin","Surefire suite","Fri Oct 02 07:44:08 UTC 2026","passed","Fri Oct 02 07:44:13 UTC 2026","testcases.backoffice.refund.GetRefundTest","Surefire test","testcases.backoffice.refund.GetRefundTest","getRefundWithCSLogin"
"List Manage Settlement Backoffice Tanpa Body Sama Sekali","4327","listManageSettlementWithoutBody","Surefire suite","Fri Oct 02 07:46:39 UTC 2026","passed","Fri Oct 02 07:46:44 UTC 2026","testcases.backoffice.settlement.ManageSettlementTest","Surefire test","testcases.backoffice.settlement.ManageSettlementTest","listManageSettlementWithoutBody"
"Delete Google Authenticator Menggunakan HTTP Method POST","4543","deleteOtpGoogleWithPostMethod","Surefire suite","Fri Oct 02 07:23:56 UTC 2026","passed","Fri Oct 02 07:24:00 UTC 2026","testcases.backoffice.googleauth.DeleteOtpGoogleTest","Surefire test","testcases.backoffice.googleauth.DeleteOtpGoogleTest","deleteOtpGoogleWithPostMethod"
"Delete Group Backoffice Menggunakan Login Customer Service","4570","deleteGroupWithCSLogin","Surefire suite","Fri Oct 02 06:57:48 UTC 2026","passed","Fri Oct 02 06:57:52 UTC 2026","testcases.backoffice.group.DeleteGroupTest","Surefire test","testcases.backoffice.group.DeleteGroupTest","deleteGroupWithCSLogin"
"Check Status QR Supervisor","9655","checkStatusQRSupervisor","Surefire suite","Fri Oct 02 07:55:28 UTC 2026","passed","Fri Oct 02 07:55:38 UTC 2026","testcases.QR.CheckStatusQRTest","Surefire test","testcases.QR.CheckStatusQRTest","checkStatusQRSupervisor"
"Refund Summary Menggunakan HTTP Method GET","1585","getRefundWithGetMethod","Surefire suite","Fri Oct 02 07:44:38 UTC 2026","passed","Fri Oct 02 07:44:40 UTC 2026","testcases.backoffice.refund.GetRefundTest","Surefire test","testcases.backoffice.refund.GetRefundTest","getRefundWithGetMethod"
"Delete Favorite Account Dengan Body Kosong ({})","1558","deleteFavoriteAccountWithEmptyBody","Surefire suite","Fri Oct 02 07:09:27 UTC 2026","passed","Fri Oct 02 07:09:29 UTC 2026","testcases.settings.favoriteaccount.DeleteFavoriteAccountTest","Surefire test","testcases.settings.favoriteaccount.DeleteFavoriteAccountTest","deleteFavoriteAccountWithEmptyBody"
"Get Notification Sender Dengan Token Kadaluarsa","1454","getNotificationSenderWithExpiredToken","Surefire suite","Fri Oct 02 07:35:37 UTC 2026","passed","Fri Oct 02 07:35:38 UTC 2026","testcases.backoffice.notifsender.NotificationSenderTest","Surefire test","testcases.backoffice.notifsender.NotificationSenderTest","getNotificationSenderWithExpiredToken"
"List Waiting Company Backoffice Menggunakan Login Merchant","4817","listWaitingCompanyWithMerchantLogin","Surefire suite","Fri Oct 02 07:38:59 UTC 2026","passed","Fri Oct 02 07:39:03 UTC 2026","testcases.backoffice.ListWaitingCompanyTest","Surefire test","testcases.backoffice.ListWaitingCompanyTest","listWaitingCompanyWithMerchantLogin"
"Delete Group Backoffice Menggunakan Login Merchant","4377","deleteGroupWithMerchantLogin","Surefire suite","Fri Oct 02 06:58:52 UTC 2026","passed","Fri Oct 02 06:58:56 UTC 2026","testcases.backoffice.group.DeleteGroupTest","Surefire test","testcases.backoffice.group.DeleteGroupTest","deleteGroupWithMerchantLogin"
"Refund Summary Ke Path yang Tidak Ada (Typo)","1453","getRefundWithWrongPath","Surefire suite","Fri Oct 02 07:46:24 UTC 2026","passed","Fri Oct 02 07:46:26 UTC 2026","testcases.backoffice.refund.GetRefundTest","Surefire test","testcases.backoffice.refund.GetRefundTest","getRefundWithWrongPath"
"Transfer Different Partner Reference, Manual Transfer to Transfer","47443","trfPartnerRefManualFailed","Surefire suite","Fri Oct 02 06:58:09 UTC 2026","failed","Fri Oct 02 06:58:57 UTC 2026","testcases.transfer.TransferTest","Surefire test","testcases.transfer.TransferTest","trfPartnerRefManualFailed"
"Get Notification Sender Dengan Body Berupa JSON Array ([])","4568","getNotificationSenderWithArrayBody","Surefire suite","Fri Oct 02 07:34:51 UTC 2026","passed","Fri Oct 02 07:34:55 UTC 2026","testcases.backoffice.notifsender.NotificationSenderTest","Surefire test","testcases.backoffice.notifsender.NotificationSenderTest","getNotificationSenderWithArrayBody"
"Get List Group Backoffice Dengan page Bertipe String","1561","getListGroupWithPageAsString","Surefire suite","Fri Oct 02 07:02:31 UTC 2026","passed","Fri Oct 02 07:02:33 UTC 2026","testcases.backoffice.group.GetListGroupTest","Surefire test","testcases.backoffice.group.GetListGroupTest","getListGroupWithPageAsString"
"Create Manage Settlement BO Dengan Token Kadaluarsa","1407","addManageSettlementWithExpiredToken","Surefire suite","Fri Oct 02 07:18:50 UTC 2026","passed","Fri Oct 02 07:18:51 UTC 2026","testcases.backoffice.settlement.AddManageSettlementTest","Surefire test","testcases.backoffice.settlement.AddManageSettlementTest","addManageSettlementWithExpiredToken"
"Normal Flop Transfer Balance Admin Crypto Success","11083","flopTransferBalanceAdminCrypto","Surefire suite","Fri Oct 02 07:00:03 UTC 2026","passed","Fri Oct 02 07:00:15 UTC 2026","testcases.transfer.TransferFlopTest","Surefire test","testcases.transfer.TransferFlopTest","flopTransferBalanceAdminCrypto"
"List Refund Menggunakan Login Supervisor","4546","listRefundWithSupervisorLogin","Surefire suite","Fri Oct 02 08:36:05 UTC 2026","passed","Fri Oct 02 08:36:10 UTC 2026","testcases.backoffice.ListRefundTest","Surefire test","testcases.backoffice.ListRefundTest","listRefundWithSupervisorLogin"
"Created Favorite Account Merchant","4930","createdFavoriteAccount","Surefire suite","Fri Oct 02 07:34:29 UTC 2026","passed","Fri Oct 02 07:34:34 UTC 2026","testcases.settings.favoriteaccount.CreatedFavoriteAccountTest","Surefire test","testcases.settings.favoriteaccount.CreatedFavoriteAccountTest","createdFavoriteAccount"
"Mutasi Transfer CS","11031","mutasiTransferCS","Surefire suite","Fri Oct 02 09:01:44 UTC 2026","passed","Fri Oct 02 09:01:55 UTC 2026","testcases.mutasi.MutasiTransferTest","Surefire test","testcases.mutasi.MutasiTransferTest","mutasiTransferCS"
"Get List Group Company BO Dengan groupName Berisi Karakter SQL Injection","4538","getListGroupCompanyWithSqlInjectionGroupName","Surefire suite","Fri Oct 02 07:12:39 UTC 2026","passed","Fri Oct 02 07:12:43 UTC 2026","testcases.backoffice.settlement.GetListGroupCompanyTest","Surefire test","testcases.backoffice.settlement.GetListGroupCompanyTest","getListGroupCompanyWithSqlInjectionGroupName"
"Resend Google Authenticator Dengan email Berupa null","4335","resendOtpGoogleWithNullEmail","Surefire suite","Fri Oct 02 07:41:15 UTC 2026","passed","Fri Oct 02 07:41:19 UTC 2026","testcases.backoffice.googleauth.ResendOtpGoogleTest","Surefire test","testcases.backoffice.googleauth.ResendOtpGoogleTest","resendOtpGoogleWithNullEmail"
"Get Detail Waiting Company Backoffice Tanpa Id (Path Kosong)","5042","getDetailWaitingCompanyWithEmptyId","Surefire suite","Fri Oct 02 07:25:58 UTC 2026","passed","Fri Oct 02 07:26:03 UTC 2026","testcases.backoffice.GetDetailWaitingCompanyTest","Surefire test","testcases.backoffice.GetDetailWaitingCompanyTest","getDetailWaitingCompanyWithEmptyId"
"Mutasi Transfer","8786","mutasiTransfer","Surefire suite","Fri Oct 02 09:00:51 UTC 2026","passed","Fri Oct 02 09:00:59 UTC 2026","testcases.mutasi.MutasiTransferTest","Surefire test","testcases.mutasi.MutasiTransferTest","mutasiTransfer"
"List Waiting Company Backoffice Tanpa Login/Header Auth","1410","listWaitingCompanyWithoutAuth","Surefire suite","Fri Oct 02 07:39:36 UTC 2026","passed","Fri Oct 02 07:39:38 UTC 2026","testcases.backoffice.ListWaitingCompanyTest","Surefire test","testcases.backoffice.ListWaitingCompanyTest","listWaitingCompanyWithoutAuth"
"Delete Favorite Account Menggunakan HTTP Method PATCH","1558","deleteFavoriteAccountWithPatchMethod","Surefire suite","Fri Oct 02 07:10:22 UTC 2026","passed","Fri Oct 02 07:10:24 UTC 2026","testcases.settings.favoriteaccount.DeleteFavoriteAccountTest","Surefire test","testcases.settings.favoriteaccount.DeleteFavoriteAccountTest","deleteFavoriteAccountWithPatchMethod"
"Delete Manage Settlement BO Menggunakan HTTP Method PUT","4554","deleteManageSettlementWithPutMethod","Surefire suite","Fri Oct 02 07:16:07 UTC 2026","passed","Fri Oct 02 07:16:11 UTC 2026","testcases.backoffice.settlement.DeleteManageSettlementTest","Surefire test","testcases.backoffice.settlement.DeleteManageSettlementTest","deleteManageSettlementWithPutMethod"
"Refund Summary Dengan type Tidak Dikenal","1658","getRefundWithInvalidType","Surefire suite","Fri Oct 02 07:45:01 UTC 2026","passed","Fri Oct 02 07:45:03 UTC 2026","testcases.backoffice.refund.GetRefundTest","Surefire test","testcases.backoffice.refund.GetRefundTest","getRefundWithInvalidType"
"Get List Google Authenticator Dengan Karakter SQL Injection pada Field param","4370","listOtpGoogleWithSqlInjectionParam","Surefire suite","Fri Oct 02 07:42:33 UTC 2026","passed","Fri Oct 02 07:42:37 UTC 2026","testcases.backoffice.googleauth.ListOtpGoogleTest","Surefire test","testcases.backoffice.googleauth.ListOtpGoogleTest","listOtpGoogleWithSqlInjectionParam"
"Get Detail User Backoffice Dengan User Id yang Tidak Ada","4427","getUsersWithNonExistentId","Surefire suite","Fri Oct 02 07:47:45 UTC 2026","passed","Fri Oct 02 07:47:49 UTC 2026","testcases.backoffice.users.ListUsersTest","Surefire test","testcases.backoffice.users.ListUsersTest","getUsersWithNonExistentId"
"Test Get Report Transfer Merchant","5169","getReportMutationAdmin","Surefire suite","Fri Oct 02 06:57:59 UTC 2026","passed","Fri Oct 02 06:58:05 UTC 2026","testcases.report.ReportTransactionTest","Surefire test","testcases.report.ReportTransactionTest","getReportMutationAdmin"
"Generate QR Code Closed Merchant","4831","generateQRCodeClosed","Surefire suite","Fri Oct 02 07:43:38 UTC 2026","passed","Fri Oct 02 07:43:42 UTC 2026","testcases.QR.GenerateQRTest","Surefire test","testcases.QR.GenerateQRTest","generateQRCodeClosed"
"Mutasi Transfer Supervisor Balance CS","12642","mutasiTransferSupervisorBalanceCS","Surefire suite","Fri Oct 02 09:02:24 UTC 2026","passed","Fri Oct 02 09:02:37 UTC 2026","testcases.mutasi.MutasiTransferTest","Surefire test","testcases.mutasi.MutasiTransferTest","mutasiTransferSupervisorBalanceCS"
"Get List Favorite Account Dengan Body JSON Tidak Valid (Malformed)","1687","getListFavoriteAccountWithMalformedJson","Surefire suite","Fri Oct 02 09:11:09 UTC 2026","passed","Fri Oct 02 09:11:11 UTC 2026","testcases.settings.favoriteaccount.GetListFavoriteAccountTest","Surefire test","testcases.settings.favoriteaccount.GetListFavoriteAccountTest","getListFavoriteAccountWithMalformedJson"
"Get List Group Backoffice Menggunakan Login Customer Service","4479","getListGroupWithCSLogin","Surefire suite","Fri Oct 02 07:01:15 UTC 2026","passed","Fri Oct 02 07:01:19 UTC 2026","testcases.backoffice.group.GetListGroupTest","Surefire test","testcases.backoffice.group.GetListGroupTest","getListGroupWithCSLogin"
"Delete Favorite Account yang Sama Dipanggil Dua Kali (Sudah Terhapus)","8072","deleteFavoriteAccountAlreadyDeleted","Surefire suite","Fri Oct 02 07:09:07 UTC 2026","passed","Fri Oct 02 07:09:15 UTC 2026","testcases.settings.favoriteaccount.DeleteFavoriteAccountTest","Surefire test","testcases.settings.favoriteaccount.DeleteFavoriteAccountTest","deleteFavoriteAccountAlreadyDeleted"
"Delete Group Backoffice Dengan id Sangat Panjang","1454","deleteGroupWithVeryLongId","Surefire suite","Fri Oct 02 06:59:52 UTC 2026","passed","Fri Oct 02 06:59:53 UTC 2026","testcases.backoffice.group.DeleteGroupTest","Surefire test","testcases.backoffice.group.DeleteGroupTest","deleteGroupWithVeryLongId"
"List Company Backoffice Dengan Field Sort Merujuk ke Kolom yang Tidak Ada","4547","listCompanyWithInvalidSortField","Surefire suite","Fri Oct 02 07:35:51 UTC 2026","passed","Fri Oct 02 07:35:56 UTC 2026","testcases.backoffice.ListCompanyTest","Surefire test","testcases.backoffice.ListCompanyTest","listCompanyWithInvalidSortField"
"Login Merchant tanpa Parameter Username","2862","testLoginMissingUsernameParam","Surefire suite","Fri Oct 02 07:13:25 UTC 2026","passed","Fri Oct 02 07:13:28 UTC 2026","testcases.auth.LoginTest","Surefire test","testcases.auth.LoginTest","testLoginMissingUsernameParam"
"List Company Backoffice Menggunakan Login Supervisor","4574","listCompanyWithSupervisorLogin","Surefire suite","Fri Oct 02 07:36:45 UTC 2026","passed","Fri Oct 02 07:36:50 UTC 2026","testcases.backoffice.ListCompanyTest","Surefire test","testcases.backoffice.ListCompanyTest","listCompanyWithSupervisorLogin"
"List Currency USDT Dengan Content-Type text/plain","1447","getCurrencyWithWrongContentType","Surefire suite","Fri Oct 02 07:32:44 UTC 2026","passed","Fri Oct 02 07:32:45 UTC 2026","testcases.backoffice.currency.GetCurrencyTest","Surefire test","testcases.backoffice.currency.GetCurrencyTest","getCurrencyWithWrongContentType"
"Transfer Different Partner Reference, USDT Transfer to Manual Transfer","47115","trfPartnerRefUSDTFailed","Surefire suite","Fri Oct 02 07:41:15 UTC 2026","failed","Fri Oct 02 07:42:03 UTC 2026","testcases.transfer.ManualTransferTest","Surefire test","testcases.transfer.ManualTransferTest","trfPartnerRefUSDTFailed"
"Get Notification Sender Ke Path yang Tidak Ada (Typo)","4736","getNotificationSenderWithWrongPath","Surefire suite","Fri Oct 02 07:38:25 UTC 2026","passed","Fri Oct 02 07:38:30 UTC 2026","testcases.backoffice.notifsender.NotificationSenderTest","Surefire test","testcases.backoffice.notifsender.NotificationSenderTest","getNotificationSenderWithWrongPath"
"Get Detail Waiting Company Backoffice Menggunakan Login Merchant","4587","getDetailWaitingCompanyWithMerchantLogin","Surefire suite","Fri Oct 02 07:26:42 UTC 2026","passed","Fri Oct 02 07:26:47 UTC 2026","testcases.backoffice.GetDetailWaitingCompanyTest","Surefire test","testcases.backoffice.GetDetailWaitingCompanyTest","getDetailWaitingCompanyWithMerchantLogin"
"Get History Flop Transfer Test CS","11807","historyFlopTransferTestCS","Surefire suite","Fri Oct 02 08:41:15 UTC 2026","passed","Fri Oct 02 08:41:27 UTC 2026","testcases.history.HistoryTransferTest","Surefire test","testcases.history.HistoryTransferTest","historyFlopTransferTestCS"
"","4915","listCashDeposit","Surefire suite","Fri Oct 02 06:56:56 UTC 2026","passed","Fri Oct 02 06:57:01 UTC 2026","testcases.backoffice.ListTransferTest","Surefire test","testcases.backoffice.ListTransferTest","listCashDeposit"
"Get List Favorite Account Dengan page Negatif","1636","getListFavoriteAccountWithNegativePage","Surefire suite","Fri Oct 02 09:11:14 UTC 2026","passed","Fri Oct 02 09:11:16 UTC 2026","testcases.settings.favoriteaccount.GetListFavoriteAccountTest","Surefire test","testcases.settings.favoriteaccount.GetListFavoriteAccountTest","getListFavoriteAccountWithNegativePage"
"List Currency USDT Tanpa Login/Header Auth","1565","getCurrencyWithoutAuth","Surefire suite","Fri Oct 02 07:33:02 UTC 2026","passed","Fri Oct 02 07:33:04 UTC 2026","testcases.backoffice.currency.GetCurrencyTest","Surefire test","testcases.backoffice.currency.GetCurrencyTest","getCurrencyWithoutAuth"
"Get List Favorite Account Dengan Token Kadaluarsa","1551","getListFavoriteAccountWithExpiredToken","Surefire suite","Fri Oct 02 09:10:51 UTC 2026","passed","Fri Oct 02 09:10:53 UTC 2026","testcases.settings.favoriteaccount.GetListFavoriteAccountTest","Surefire test","testcases.settings.favoriteaccount.GetListFavoriteAccountTest","getListFavoriteAccountWithExpiredToken"
"Refund Summary Dengan type Bertipe Angka (Bukan String)","2520","getRefundWithNumericType","Surefire suite","Fri Oct 02 07:45:43 UTC 2026","passed","Fri Oct 02 07:45:46 UTC 2026","testcases.backoffice.refund.GetRefundTest","Surefire test","testcases.backoffice.refund.GetRefundTest","getRefundWithNumericType"
"Reset Pin Admin Crypto","4806","resetPinAdminCrypto","Surefire suite","Fri Oct 02 06:57:29 UTC 2026","passed","Fri Oct 02 06:57:34 UTC 2026","testcases.settings.ResetPinTest","Surefire test","testcases.settings.ResetPinTest","resetPinAdminCrypto"
"Delete Group Backoffice Dengan id yang Tidak Pernah Ada","1453","deleteGroupWithNonExistentId","Surefire suite","Fri Oct 02 06:59:17 UTC 2026","passed","Fri Oct 02 06:59:19 UTC 2026","testcases.backoffice.group.DeleteGroupTest","Surefire test","testcases.backoffice.group.DeleteGroupTest","deleteGroupWithNonExistentId"
"Get Detail Waiting Company Backoffice Dengan Format Id Tidak Valid (Bukan ObjectId)","5170","getDetailWaitingCompanyWithMalformedId","Surefire suite","Fri Oct 02 07:26:27 UTC 2026","passed","Fri Oct 02 07:26:32 UTC 2026","testcases.backoffice.GetDetailWaitingCompanyTest","Surefire test","testcases.backoffice.GetDetailWaitingCompanyTest","getDetailWaitingCompanyWithMalformedId"
"Login Merchant tanpa Parameter Captcha","2918","testLoginMissingCaptchaParam","Surefire suite","Fri Oct 02 07:13:13 UTC 2026","passed","Fri Oct 02 07:13:16 UTC 2026","testcases.auth.LoginTest","Surefire test","testcases.auth.LoginTest","testLoginMissingCaptchaParam"
"Success Login Admin Crypto","3076","testLoginAdminCrypto","Surefire suite","Fri Oct 02 07:00:18 UTC 2026","passed","Fri Oct 02 07:00:21 UTC 2026","testcases.auth.LoginTest","Surefire test","testcases.auth.LoginTest","testLoginAdminCrypto"
"Created Favorite Account Dengan Body JSON Tidak Valid (Malformed)","1482","createdFavoriteAccountWithMalformedJson","Surefire suite","Fri Oct 02 07:35:18 UTC 2026","passed","Fri Oct 02 07:35:19 UTC 2026","testcases.settings.favoriteaccount.CreatedFavoriteAccountTest","Surefire test","testcases.settings.favoriteaccount.CreatedFavoriteAccountTest","createdFavoriteAccountWithMalformedJson"
"Get Detail Waiting Company Backoffice Menggunakan Login Marketing","4506","getDetailWaitingCompanyWithMarketingLogin","Surefire suite","Fri Oct 02 07:26:35 UTC 2026","passed","Fri Oct 02 07:26:39 UTC 2026","testcases.backoffice.GetDetailWaitingCompanyTest","Surefire test","testcases.backoffice.GetDetailWaitingCompanyTest","getDetailWaitingCompanyWithMarketingLogin"
"List Manage Settlement Backoffice Menggunakan Login CS Admin","4394","listManageSettlementWithCSAdminLogin","Surefire suite","Fri Oct 02 07:43:35 UTC 2026","passed","Fri Oct 02 07:43:39 UTC 2026","testcases.backoffice.settlement.ManageSettlementTest","Surefire test","testcases.backoffice.settlement.ManageSettlementTest","listManageSettlementWithCSAdminLogin"
"Normal Special Transfer Success","12125","transfer","Surefire suite","Fri Oct 02 07:00:49 UTC 2026","passed","Fri Oct 02 07:01:01 UTC 2026","testcases.transfer.SpecialTransferTest","Surefire test","testcases.transfer.SpecialTransferTest","transfer"
"Refund Summary Menggunakan Login Merchant","4670","getRefundWithMerchantLogin","Surefire suite","Fri Oct 02 07:45:22 UTC 2026","passed","Fri Oct 02 07:45:27 UTC 2026","testcases.backoffice.refund.GetRefundTest","Surefire test","testcases.backoffice.refund.GetRefundTest","getRefundWithMerchantLogin"
"List Currency USDT Dengan Token Kadaluarsa","1436","getCurrencyWithExpiredToken","Surefire suite","Fri Oct 02 07:31:13 UTC 2026","passed","Fri Oct 02 07:31:14 UTC 2026","testcases.backoffice.currency.GetCurrencyTest","Surefire test","testcases.backoffice.currency.GetCurrencyTest","getCurrencyWithExpiredToken"
"List Currency USDT Menggunakan Login Merchant","4874","getCurrencyWithMerchantLogin","Surefire suite","Fri Oct 02 07:32:01 UTC 2026","passed","Fri Oct 02 07:32:06 UTC 2026","testcases.backoffice.currency.GetCurrencyTest","Surefire test","testcases.backoffice.currency.GetCurrencyTest","getCurrencyWithMerchantLogin"
"Resend Google Authenticator Dengan Field Tidak Dikenal pada Body","4474","resendOtpGoogleWithUnknownField","Surefire suite","Fri Oct 02 07:42:15 UTC 2026","passed","Fri Oct 02 07:42:20 UTC 2026","testcases.backoffice.googleauth.ResendOtpGoogleTest","Surefire test","testcases.backoffice.googleauth.ResendOtpGoogleTest","resendOtpGoogleWithUnknownField"
"Inquiry Test USDT Transfer Merchant Supervisor","4813","inquiryUSDTSupervisor","Surefire suite","Fri Oct 02 07:00:16 UTC 2026","passed","Fri Oct 02 07:00:21 UTC 2026","testcases.transfer.InquiryUSDTTest","Surefire test","testcases.transfer.InquiryUSDTTest","inquiryUSDTSupervisor"
"Delete Group Backoffice Dengan Karakter SQL Injection pada id","1473","deleteGroupWithSqlInjectionId","Surefire suite","Fri Oct 02 06:59:35 UTC 2026","passed","Fri Oct 02 06:59:37 UTC 2026","testcases.backoffice.group.DeleteGroupTest","Surefire test","testcases.backoffice.group.DeleteGroupTest","deleteGroupWithSqlInjectionId"
"Add Currency CS Admin Path Dengan Token CS Admin Valid Tapi Tanpa Header powis","1551","addCurrencyWithoutPowisHeader","Surefire suite","Fri Oct 02 08:30:17 UTC 2026","passed","Fri Oct 02 08:30:19 UTC 2026","testcases.backoffice.currency.AddCurrencyTest","Surefire test","testcases.backoffice.currency.AddCurrencyTest","addCurrencyWithoutPowisHeader"
"Refund Summary Dengan Body Kosong ({})","1448","getRefundWithEmptyBody","Surefire suite","Fri Oct 02 07:44:25 UTC 2026","passed","Fri Oct 02 07:44:26 UTC 2026","testcases.backoffice.refund.GetRefundTest","Surefire test","testcases.backoffice.refund.GetRefundTest","getRefundWithEmptyBody"
"Get List Group Company BO Tanpa Login/Header Auth","1686","getListGroupCompanyWithoutAuth","Surefire suite","Fri Oct 02 07:13:16 UTC 2026","passed","Fri Oct 02 07:13:18 UTC 2026","testcases.backoffice.settlement.GetListGroupCompanyTest","Surefire test","testcases.backoffice.settlement.GetListGroupCompanyTest","getListGroupCompanyWithoutAuth"
"Success Assignment USDT","12972","assignUSDTTest","Surefire suite","Fri Oct 02 07:47:45 UTC 2026","passed","Fri Oct 02 07:47:58 UTC 2026","testcases.backoffice.TransferAssignmentTest","Surefire test","testcases.backoffice.TransferAssignmentTest","assignUSDTTest"
"Delete Manage Settlement BO Dengan id yang Sama Dua Kali (Sudah Terhapus)","10207","deleteManageSettlementWithAlreadyDeletedId","Surefire suite","Fri Oct 02 07:14:08 UTC 2026","passed","Fri Oct 02 07:14:18 UTC 2026","testcases.backoffice.settlement.DeleteManageSettlementTest","Surefire test","testcases.backoffice.settlement.DeleteManageSettlementTest","deleteManageSettlementWithAlreadyDeletedId"
"Get History Flop Transfer Test Admin","11568","historyFlopTransferTestAdmin","Surefire suite","Fri Oct 02 08:40:49 UTC 2026","passed","Fri Oct 02 08:41:00 UTC 2026","testcases.history.HistoryTransferTest","Surefire test","testcases.history.HistoryTransferTest","historyFlopTransferTestAdmin"
"Refund Summary Tanpa Body Sama Sekali","1411","getRefundWithoutBody","Surefire suite","Fri Oct 02 07:46:42 UTC 2026","passed","Fri Oct 02 07:46:44 UTC 2026","testcases.backoffice.refund.GetRefundTest","Surefire test","testcases.backoffice.refund.GetRefundTest","getRefundWithoutBody"
"Test Get Report Transfer Merchant","4775","getReportBatchAdmin","Surefire suite","Fri Oct 02 06:57:43 UTC 2026","passed","Fri Oct 02 06:57:48 UTC 2026","testcases.report.ReportTransactionTest","Surefire test","testcases.report.ReportTransactionTest","getReportBatchAdmin"
"Add Currency CS Admin Path Menggunakan HTTP Method DELETE","1408","addCurrencyWithDeleteMethod","Surefire suite","Fri Oct 02 08:27:57 UTC 2026","passed","Fri Oct 02 08:27:58 UTC 2026","testcases.backoffice.currency.AddCurrencyTest","Surefire test","testcases.backoffice.currency.AddCurrencyTest","addCurrencyWithDeleteMethod"
"Reset Pin Customer Service","4670","resetPinCS","Surefire suite","Fri Oct 02 06:57:15 UTC 2026","passed","Fri Oct 02 06:57:19 UTC 2026","testcases.settings.ResetPinTest","Surefire test","testcases.settings.ResetPinTest","resetPinCS"
"Get User Marketing Backoffice","4490","getUserSuperBO","Surefire suite","Fri Oct 02 07:29:46 UTC 2026","passed","Fri Oct 02 07:29:50 UTC 2026","testcases.backoffice.GetDashboardTest","Surefire test","testcases.backoffice.GetDashboardTest","getUserSuperBO"
"Mutasi USDT Transfer Balance","30829","mutasiUSDTTransferBalanceSupervisor","Surefire suite","Fri Oct 02 09:04:31 UTC 2026","passed","Fri Oct 02 09:05:02 UTC 2026","testcases.mutasi.MutasiTransferTest","Surefire test","testcases.mutasi.MutasiTransferTest","mutasiUSDTTransferBalanceSupervisor"
"List Manage Settlement Backoffice Dengan Body Kosong ({})","5091","listManageSettlementWithEmptyBody","Surefire suite","Fri Oct 02 07:43:57 UTC 2026","passed","Fri Oct 02 07:44:02 UTC 2026","testcases.backoffice.settlement.ManageSettlementTest","Surefire test","testcases.backoffice.settlement.ManageSettlementTest","listManageSettlementWithEmptyBody"
"Get History USDT Transfer Test","7792","historyUSDTTransferTest","Surefire suite","Fri Oct 02 08:47:19 UTC 2026","passed","Fri Oct 02 08:47:27 UTC 2026","testcases.history.HistoryTransferTest","Surefire test","testcases.history.HistoryTransferTest","historyUSDTTransferTest"
"Add Group Backoffice Dengan Token Backoffice Valid Tapi Tanpa Header pbyv","1437","addGroupWithoutPbyvHeader","Surefire suite","Fri Oct 02 07:07:38 UTC 2026","passed","Fri Oct 02 07:07:40 UTC 2026","testcases.backoffice.group.AddGroupTest","Surefire test","testcases.backoffice.group.AddGroupTest","addGroupWithoutPbyvHeader"
"Delete Group Backoffice Dengan id Bertipe Angka (Bukan String)","1485","deleteGroupWithIdAsNumber","Surefire suite","Fri Oct 02 06:58:22 UTC 2026","passed","Fri Oct 02 06:58:24 UTC 2026","testcases.backoffice.group.DeleteGroupTest","Surefire test","testcases.backoffice.group.DeleteGroupTest","deleteGroupWithIdAsNumber"
"Get Balance Company on Login Admin","4739","getBalanceCompanyAdmin","Surefire suite","Fri Oct 02 06:56:50 UTC 2026","passed","Fri Oct 02 06:56:55 UTC 2026","testcases.balance.GetBalanceQrisTest","Surefire test","testcases.balance.GetBalanceQrisTest","getBalanceCompanyAdmin"
"List Waiting Company Backoffice Dengan Tipe Data Salah pada Field Limit (String, Bukan Integer)","4358","listWaitingCompanyWithInvalidFieldType","Surefire suite","Fri Oct 02 07:38:20 UTC 2026","passed","Fri Oct 02 07:38:24 UTC 2026","testcases.backoffice.ListWaitingCompanyTest","Surefire test","testcases.backoffice.ListWaitingCompanyTest","listWaitingCompanyWithInvalidFieldType"
"Get List Google Authenticator Tanpa Body Sama Sekali","4588","listOtpGoogleWithoutBody","Surefire suite","Fri Oct 02 07:43:15 UTC 2026","passed","Fri Oct 02 07:43:20 UTC 2026","testcases.backoffice.googleauth.ListOtpGoogleTest","Surefire test","testcases.backoffice.googleauth.ListOtpGoogleTest","listOtpGoogleWithoutBody"
"Approval Refund Special Transfer Merchant","9118","approveRefundSpecialTransferMerchant","Surefire suite","Fri Oct 02 08:12:48 UTC 2026","passed","Fri Oct 02 08:12:57 UTC 2026","testcases.backoffice.ApprovalRefundTest","Surefire test","testcases.backoffice.ApprovalRefundTest","approveRefundSpecialTransferMerchant"
"Delete Group Backoffice Dengan Body JSON Tidak Valid (Malformed)","1452","deleteGroupWithMalformedJson","Surefire suite","Fri Oct 02 06:58:40 UTC 2026","passed","Fri Oct 02 06:58:41 UTC 2026","testcases.backoffice.group.DeleteGroupTest","Surefire test","testcases.backoffice.group.DeleteGroupTest","deleteGroupWithMalformedJson"
"Resend Google Authenticator Dengan email Berisi Karakter SQL Injection","4396","resendOtpGoogleWithSqlInjectionEmail","Surefire suite","Fri Oct 02 07:42:00 UTC 2026","passed","Fri Oct 02 07:42:05 UTC 2026","testcases.backoffice.googleauth.ResendOtpGoogleTest","Surefire test","testcases.backoffice.googleauth.ResendOtpGoogleTest","resendOtpGoogleWithSqlInjectionEmail"
"Created Favorite Account Dengan pin String Kosong","1742","createdFavoriteAccountWithEmptyPin","Surefire suite","Fri Oct 02 07:34:55 UTC 2026","passed","Fri Oct 02 07:34:56 UTC 2026","testcases.settings.favoriteaccount.CreatedFavoriteAccountTest","Surefire test","testcases.settings.favoriteaccount.CreatedFavoriteAccountTest","createdFavoriteAccountWithEmptyPin"
"Get List Group Backoffice Dengan Token Kadaluarsa","1436","getListGroupWithExpiredToken","Surefire suite","Fri Oct 02 07:01:36 UTC 2026","passed","Fri Oct 02 07:01:37 UTC 2026","testcases.backoffice.group.GetListGroupTest","Surefire test","testcases.backoffice.group.GetListGroupTest","getListGroupWithExpiredToken"
"List Company Backoffice Dengan Ukuran Halaman Sangat Besar","5233","listCompanyWithHugeSize","Surefire suite","Fri Oct 02 07:35:36 UTC 2026","passed","Fri Oct 02 07:35:41 UTC 2026","testcases.backoffice.ListCompanyTest","Surefire test","testcases.backoffice.ListCompanyTest","listCompanyWithHugeSize"
"List Manage Settlement Backoffice Dengan Page/Size Negatif","4480","listManageSettlementWithNegativePageSize","Surefire suite","Fri Oct 02 07:45:19 UTC 2026","passed","Fri Oct 02 07:45:23 UTC 2026","testcases.backoffice.settlement.ManageSettlementTest","Surefire test","testcases.backoffice.settlement.ManageSettlementTest","listManageSettlementWithNegativePageSize"
"Get Notification Sender Dengan Tipe Data Salah pada Field limit (String, Bukan Integer)","4511","getNotificationSenderWithInvalidFieldType","Surefire suite","Fri Oct 02 07:36:07 UTC 2026","passed","Fri Oct 02 07:36:12 UTC 2026","testcases.backoffice.notifsender.NotificationSenderTest","Surefire test","testcases.backoffice.notifsender.NotificationSenderTest","getNotificationSenderWithInvalidFieldType"
"List User Backoffice Menggunakan Login Marketing","4409","listUsersWithMarketingLogin","Surefire suite","Fri Oct 02 07:49:04 UTC 2026","passed","Fri Oct 02 07:49:08 UTC 2026","testcases.backoffice.users.ListUsersTest","Surefire test","testcases.backoffice.users.ListUsersTest","listUsersWithMarketingLogin"
"List Company Backoffice Menggunakan HTTP Method GET","4786","listCompanyWithGetMethod","Surefire suite","Fri Oct 02 07:35:28 UTC 2026","passed","Fri Oct 02 07:35:33 UTC 2026","testcases.backoffice.ListCompanyTest","Surefire test","testcases.backoffice.ListCompanyTest","listCompanyWithGetMethod"
"Resend Google Authenticator Tanpa Body Sama Sekali","4300","resendOtpGoogleWithoutBody","Surefire suite","Fri Oct 02 07:42:50 UTC 2026","passed","Fri Oct 02 07:42:54 UTC 2026","testcases.backoffice.googleauth.ResendOtpGoogleTest","Surefire test","testcases.backoffice.googleauth.ResendOtpGoogleTest","resendOtpGoogleWithoutBody"
"Approval Refund Transfer Merchant","9162","approveRefundTransferMerchant","Surefire suite","Fri Oct 02 08:13:00 UTC 2026","passed","Fri Oct 02 08:13:09 UTC 2026","testcases.backoffice.ApprovalRefundTest","Surefire test","testcases.backoffice.ApprovalRefundTest","approveRefundTransferMerchant"
"Inquiry Favorite Account Dengan Token Valid Tapi Tanpa Header credentialId","1562","inquiryFavoriteAccountWithoutCredentialIdHeader","Surefire suite","Fri Oct 02 07:38:26 UTC 2026","failed","Fri Oct 02 07:38:27 UTC 2026","testcases.settings.favoriteaccount.InquiryFavoriteAccountTest","Surefire test","testcases.settings.favoriteaccount.InquiryFavoriteAccountTest","inquiryFavoriteAccountWithoutCredentialIdHeader"
"Delete Manage Settlement BO","8197","deleteManageSettlementBO","Surefire suite","Fri Oct 02 07:13:41 UTC 2026","passed","Fri Oct 02 07:13:49 UTC 2026","testcases.backoffice.settlement.DeleteManageSettlementTest","Surefire test","testcases.backoffice.settlement.DeleteManageSettlementTest","deleteManageSettlementBO"
"Inquiry Test Special Transfer Merchant","4735","inquirySpecialTransfer","Surefire suite","Fri Oct 02 07:04:29 UTC 2026","passed","Fri Oct 02 07:04:34 UTC 2026","testcases.transfer.InquirySpecialTransferTest","Surefire test","testcases.transfer.InquirySpecialTransferTest","inquirySpecialTransfer"
"Inquiry Favorite Account Tanpa Login/Header Auth","1416","inquiryFavoriteAccountWithoutAuth","Surefire suite","Fri Oct 02 07:38:08 UTC 2026","passed","Fri Oct 02 07:38:09 UTC 2026","testcases.settings.favoriteaccount.InquiryFavoriteAccountTest","Surefire test","testcases.settings.favoriteaccount.InquiryFavoriteAccountTest","inquiryFavoriteAccountWithoutAuth"
"Delete Group Backoffice Menggunakan Login Marketing","4522","deleteGroupWithMarketingLogin","Surefire suite","Fri Oct 02 06:58:44 UTC 2026","passed","Fri Oct 02 06:58:49 UTC 2026","testcases.backoffice.group.DeleteGroupTest","Surefire test","testcases.backoffice.group.DeleteGroupTest","deleteGroupWithMarketingLogin"
"Inquiry Favorite Account Tanpa Field beneficiaryBankCode","1479","inquiryFavoriteAccountWithoutBeneficiaryBankCodeField","Surefire suite","Fri Oct 02 07:38:17 UTC 2026","failed","Fri Oct 02 07:38:18 UTC 2026","testcases.settings.favoriteaccount.InquiryFavoriteAccountTest","Surefire test","testcases.settings.favoriteaccount.InquiryFavoriteAccountTest","inquiryFavoriteAccountWithoutBeneficiaryBankCodeField"
"List Waiting Company Backoffice Dengan Karakter SQL Injection pada Field Param","4542","listWaitingCompanyWithSqlInjectionParam","Surefire suite","Fri Oct 02 07:39:14 UTC 2026","passed","Fri Oct 02 07:39:18 UTC 2026","testcases.backoffice.ListWaitingCompanyTest","Surefire test","testcases.backoffice.ListWaitingCompanyTest","listWaitingCompanyWithSqlInjectionParam"
"Add Group Backoffice Tanpa Login/Header Auth","1525","addGroupWithoutAuth","Surefire suite","Fri Oct 02 07:07:25 UTC 2026","passed","Fri Oct 02 07:07:26 UTC 2026","testcases.backoffice.group.AddGroupTest","Surefire test","testcases.backoffice.group.AddGroupTest","addGroupWithoutAuth"
"List Currency USDT Menggunakan Login Supervisor","4582","getCurrencyWithSupervisorLogin","Surefire suite","Fri Oct 02 07:32:32 UTC 2026","passed","Fri Oct 02 07:32:36 UTC 2026","testcases.backoffice.currency.GetCurrencyTest","Surefire test","testcases.backoffice.currency.GetCurrencyTest","getCurrencyWithSupervisorLogin"
"Delete Google Authenticator","4546","deleteOtpGoogleBO","Surefire suite","Fri Oct 02 07:21:55 UTC 2026","passed","Fri Oct 02 07:22:00 UTC 2026","testcases.backoffice.googleauth.DeleteOtpGoogleTest","Surefire test","testcases.backoffice.googleauth.DeleteOtpGoogleTest","deleteOtpGoogleBO"
"Test Approve Manual Transfer dengan check Fee di Admin Crypto dan Admin Fee","40850","approvedCashDepositBalance","Surefire suite","Fri Oct 02 08:13:34 UTC 2026","passed","Fri Oct 02 08:14:15 UTC 2026","testcases.backoffice.ApprovalTransferTest","Surefire test","testcases.backoffice.ApprovalTransferTest","approvedCashDepositBalance"
"Mutasi Transfer Supervisor CS","11524","mutasiTransferSupervisorCS","Surefire suite","Fri Oct 02 09:02:40 UTC 2026","passed","Fri Oct 02 09:02:51 UTC 2026","testcases.mutasi.MutasiTransferTest","Surefire test","testcases.mutasi.MutasiTransferTest","mutasiTransferSupervisorCS"
"Delete Google Authenticator Ke Path yang Tidak Ada (Typo)","4551","deleteOtpGoogleWithWrongPath","Surefire suite","Fri Oct 02 07:24:35 UTC 2026","passed","Fri Oct 02 07:24:40 UTC 2026","testcases.backoffice.googleauth.DeleteOtpGoogleTest","Surefire test","testcases.backoffice.googleauth.DeleteOtpGoogleTest","deleteOtpGoogleWithWrongPath"
"Normal Manual Transfer Success with Account Supervisor","10308","manualTransferSupervisor","Surefire suite","Fri Oct 02 06:59:52 UTC 2026","passed","Fri Oct 02 07:00:02 UTC 2026","testcases.transfer.ManualTransferTest","Surefire test","testcases.transfer.ManualTransferTest","manualTransferSupervisor"
"Delete Favorite Account Menggunakan HTTP Method DELETE","1425","deleteFavoriteAccountWithDeleteMethod","Surefire suite","Fri Oct 02 07:09:23 UTC 2026","passed","Fri Oct 02 07:09:24 UTC 2026","testcases.settings.favoriteaccount.DeleteFavoriteAccountTest","Surefire test","testcases.settings.favoriteaccount.DeleteFavoriteAccountTest","deleteFavoriteAccountWithDeleteMethod"
"Delete Group Backoffice Menggunakan Login Admin","4456","deleteGroupWithAdminLogin","Surefire suite","Fri Oct 02 06:57:28 UTC 2026","passed","Fri Oct 02 06:57:33 UTC 2026","testcases.backoffice.group.DeleteGroupTest","Surefire test","testcases.backoffice.group.DeleteGroupTest","deleteGroupWithAdminLogin"
"Get Group Detail Backoffice Dengan Group Id Milik Entitas Lain (User Id)","4452","getGroupDetailWithForeignEntityId","Surefire suite","Fri Oct 02 07:08:25 UTC 2026","passed","Fri Oct 02 07:08:29 UTC 2026","testcases.backoffice.group.GetGroupTest","Surefire test","testcases.backoffice.group.GetGroupTest","getGroupDetailWithForeignEntityId"
"Created Favorite Account Menggunakan HTTP Method DELETE","1438","createdFavoriteAccountWithDeleteMethod","Surefire suite","Fri Oct 02 07:34:46 UTC 2026","passed","Fri Oct 02 07:34:47 UTC 2026","testcases.settings.favoriteaccount.CreatedFavoriteAccountTest","Surefire test","testcases.settings.favoriteaccount.CreatedFavoriteAccountTest","createdFavoriteAccountWithDeleteMethod"
"Get Detail Waiting Company Backoffice Menggunakan HTTP Method PUT","4752","getDetailWaitingCompanyWithPutMethod","Surefire suite","Fri Oct 02 07:27:21 UTC 2026","passed","Fri Oct 02 07:27:25 UTC 2026","testcases.backoffice.GetDetailWaitingCompanyTest","Surefire test","testcases.backoffice.GetDetailWaitingCompanyTest","getDetailWaitingCompanyWithPutMethod"
"Resend Google Authenticator Menggunakan Login Merchant","4441","resendOtpGoogleWithMerchantLogin","Surefire suite","Fri Oct 02 07:41:00 UTC 2026","passed","Fri Oct 02 07:41:04 UTC 2026","testcases.backoffice.googleauth.ResendOtpGoogleTest","Surefire test","testcases.backoffice.googleauth.ResendOtpGoogleTest","resendOtpGoogleWithMerchantLogin"
"Delete Manage Settlement BO Menggunakan HTTP Method DELETE","4441","deleteManageSettlementWithDeleteMethod","Surefire suite","Fri Oct 02 07:14:36 UTC 2026","passed","Fri Oct 02 07:14:41 UTC 2026","testcases.backoffice.settlement.DeleteManageSettlementTest","Surefire test","testcases.backoffice.settlement.DeleteManageSettlementTest","deleteManageSettlementWithDeleteMethod"
"Mutasi Company Admin","8058","mutasiCompanyAdmin","Surefire suite","Fri Oct 02 08:52:49 UTC 2026","passed","Fri Oct 02 08:52:57 UTC 2026","testcases.mutasi.MutasiTransferTest","Surefire test","testcases.mutasi.MutasiTransferTest","mutasiCompanyAdmin"
"Reset Password Marketing","4930","resetPasswordMarketing","Surefire suite","Fri Oct 02 06:57:21 UTC 2026","passed","Fri Oct 02 06:57:26 UTC 2026","testcases.settings.ResetPasswordTest","Surefire test","testcases.settings.ResetPasswordTest","resetPasswordMarketing"
"List User Backoffice Dengan Body JSON Tidak Valid (Malformed)","4585","listUsersWithMalformedJson","Surefire suite","Fri Oct 02 07:48:56 UTC 2026","passed","Fri Oct 02 07:49:01 UTC 2026","testcases.backoffice.users.ListUsersTest","Surefire test","testcases.backoffice.users.ListUsersTest","listUsersWithMalformedJson"
"Add Currency CS Admin Path Menggunakan Login Admin","4490","addCurrencyWithAdminLogin","Surefire suite","Fri Oct 02 08:27:13 UTC 2026","passed","Fri Oct 02 08:27:18 UTC 2026","testcases.backoffice.currency.AddCurrencyTest","Surefire test","testcases.backoffice.currency.AddCurrencyTest","addCurrencyWithAdminLogin"
"Delete Google Authenticator Dengan Format id Tidak Valid (Bukan ObjectId)","4985","deleteOtpGoogleWithMalformedId","Surefire suite","Fri Oct 02 07:23:09 UTC 2026","passed","Fri Oct 02 07:23:14 UTC 2026","testcases.backoffice.googleauth.DeleteOtpGoogleTest","Surefire test","testcases.backoffice.googleauth.DeleteOtpGoogleTest","deleteOtpGoogleWithMalformedId"
"Get Balance Merchant with Login Admin","4589","getFailedBalanceMerchantLoginAdmin","Surefire suite","Fri Oct 02 06:56:58 UTC 2026","passed","Fri Oct 02 06:57:03 UTC 2026","testcases.balance.GetBalanceQrisTest","Surefire test","testcases.balance.GetBalanceQrisTest","getFailedBalanceMerchantLoginAdmin"
"Add Currency CS Admin Path Dengan Bearer Token Kosong","1411","addCurrencyWithEmptyBearerToken","Surefire suite","Fri Oct 02 08:28:06 UTC 2026","passed","Fri Oct 02 08:28:07 UTC 2026","testcases.backoffice.currency.AddCurrencyTest","Surefire test","testcases.backoffice.currency.AddCurrencyTest","addCurrencyWithEmptyBearerToken"
"Get List Group Backoffice Dengan Token Tidak Valid","1512","getListGroupWithInvalidToken","Surefire suite","Fri Oct 02 07:01:49 UTC 2026","passed","Fri Oct 02 07:01:51 UTC 2026","testcases.backoffice.group.GetListGroupTest","Surefire test","testcases.backoffice.group.GetListGroupTest","getListGroupWithInvalidToken"
"Add Group Backoffice Dengan Field Tidak Dikenal pada Body","1664","addGroupWithUnknownField","Surefire suite","Fri Oct 02 07:06:47 UTC 2026","passed","Fri Oct 02 07:06:49 UTC 2026","testcases.backoffice.group.AddGroupTest","Surefire test","testcases.backoffice.group.AddGroupTest","addGroupWithUnknownField"
"List Currency USDT Dengan Token Tidak Valid","1448","getCurrencyWithInvalidToken","Surefire suite","Fri Oct 02 07:31:36 UTC 2026","passed","Fri Oct 02 07:31:37 UTC 2026","testcases.backoffice.currency.GetCurrencyTest","Surefire test","testcases.backoffice.currency.GetCurrencyTest","getCurrencyWithInvalidToken"
"Get List Google Authenticator Menggunakan HTTP Method PATCH","4456","listOtpGoogleWithPatchMethod","Surefire suite","Fri Oct 02 07:42:18 UTC 2026","passed","Fri Oct 02 07:42:23 UTC 2026","testcases.backoffice.googleauth.ListOtpGoogleTest","Surefire test","testcases.backoffice.googleauth.ListOtpGoogleTest","listOtpGoogleWithPatchMethod"
"Inquiry Favorite Account Dengan Field Tidak Dikenal pada Body","1463","inquiryFavoriteAccountWithUnknownField","Surefire suite","Fri Oct 02 07:37:45 UTC 2026","failed","Fri Oct 02 07:37:47 UTC 2026","testcases.settings.favoriteaccount.InquiryFavoriteAccountTest","Surefire test","testcases.settings.favoriteaccount.InquiryFavoriteAccountTest","inquiryFavoriteAccountWithUnknownField"
"Created Favorite Account Supervisor","4780","createdFavoriteAccountSupervisor","Surefire suite","Fri Oct 02 08:02:45 UTC 2026","passed","Fri Oct 02 08:02:50 UTC 2026","testcases.settings.favoriteaccount.CreatedFavoriteAccountTest","Surefire test","testcases.settings.favoriteaccount.CreatedFavoriteAccountTest","createdFavoriteAccountSupervisor"
"Add Group Backoffice Dengan Body Kosong ({})","1563","addGroupWithEmptyBody","Surefire suite","Fri Oct 02 07:04:59 UTC 2026","passed","Fri Oct 02 07:05:00 UTC 2026","testcases.backoffice.group.AddGroupTest","Surefire test","testcases.backoffice.group.AddGroupTest","addGroupWithEmptyBody"
"Get List Google Authenticator Dengan Body Berupa JSON Array ([])","4486","listOtpGoogleWithArrayBody","Surefire suite","Fri Oct 02 07:40:11 UTC 2026","passed","Fri Oct 02 07:40:16 UTC 2026","testcases.backoffice.googleauth.ListOtpGoogleTest","Surefire test","testcases.backoffice.googleauth.ListOtpGoogleTest","listOtpGoogleWithArrayBody"
"Created Favorite Account Menggunakan HTTP Method GET","1760","createdFavoriteAccountWithGetMethod","Surefire suite","Fri Oct 02 07:35:04 UTC 2026","passed","Fri Oct 02 07:35:06 UTC 2026","testcases.settings.favoriteaccount.CreatedFavoriteAccountTest","Surefire test","testcases.settings.favoriteaccount.CreatedFavoriteAccountTest","createdFavoriteAccountWithGetMethod"
"Add Currency CS Admin Path Menggunakan HTTP Method GET","1687","addCurrencyWithGetMethod","Surefire suite","Fri Oct 02 08:28:19 UTC 2026","passed","Fri Oct 02 08:28:21 UTC 2026","testcases.backoffice.currency.AddCurrencyTest","Surefire test","testcases.backoffice.currency.AddCurrencyTest","addCurrencyWithGetMethod"
"Test Reject USDT","17190","rejectedUSDT","Surefire suite","Fri Oct 02 08:21:01 UTC 2026","passed","Fri Oct 02 08:21:18 UTC 2026","testcases.backoffice.ApprovalTransferTest","Surefire test","testcases.backoffice.ApprovalTransferTest","rejectedUSDT"
"Transfer with Wrong Pin","50076","transferWrongPin","Surefire suite","Fri Oct 02 06:57:16 UTC 2026","passed","Fri Oct 02 06:58:06 UTC 2026","testcases.transfer.TransferTest","Surefire test","testcases.transfer.TransferTest","transferWrongPin"
"Get User Backoffice Dengan Token Tidak Valid","1620","getUserWithInvalidToken","Surefire suite","Fri Oct 02 07:30:01 UTC 2026","passed","Fri Oct 02 07:30:02 UTC 2026","testcases.backoffice.GetDashboardTest","Surefire test","testcases.backoffice.GetDashboardTest","getUserWithInvalidToken"
"Get Detail User Backoffice Tanpa User Id (Path Kosong) - Menemukan Bug Bad Gateway","4807","getUsersWithEmptyId","Surefire suite","Fri Oct 02 07:47:15 UTC 2026","passed","Fri Oct 02 07:47:20 UTC 2026","testcases.backoffice.users.ListUsersTest","Surefire test","testcases.backoffice.users.ListUsersTest","getUsersWithEmptyId"
"Created Favorite Account Dengan Header credentialId Salah","1680","createdFavoriteAccountWithWrongCredentialIdHeader","Surefire suite","Fri Oct 02 07:35:49 UTC 2026","passed","Fri Oct 02 07:35:51 UTC 2026","testcases.settings.favoriteaccount.CreatedFavoriteAccountTest","Surefire test","testcases.settings.favoriteaccount.CreatedFavoriteAccountTest","createdFavoriteAccountWithWrongCredentialIdHeader"
"Add Group Backoffice Dengan Body JSON Tidak Valid (Malformed)","1398","addGroupWithMalformedJson","Surefire suite","Fri Oct 02 07:05:44 UTC 2026","passed","Fri Oct 02 07:05:45 UTC 2026","testcases.backoffice.group.AddGroupTest","Surefire test","testcases.backoffice.group.AddGroupTest","addGroupWithMalformedJson"
"Get List Favorite Account Dengan Field Tidak Dikenal pada Body","1565","getListFavoriteAccountWithUnknownField","Surefire suite","Fri Oct 02 09:11:52 UTC 2026","passed","Fri Oct 02 09:11:53 UTC 2026","testcases.settings.favoriteaccount.GetListFavoriteAccountTest","Surefire test","testcases.settings.favoriteaccount.GetListFavoriteAccountTest","getListFavoriteAccountWithUnknownField"
"Resend Google Authenticator Menggunakan Login CS Admin","4528","resendOtpGoogleWithCSAdminLogin","Surefire suite","Fri Oct 02 07:39:38 UTC 2026","passed","Fri Oct 02 07:39:42 UTC 2026","testcases.backoffice.googleauth.ResendOtpGoogleTest","Surefire test","testcases.backoffice.googleauth.ResendOtpGoogleTest","resendOtpGoogleWithCSAdminLogin"
"Test Approved Special Transfer","12068","approvedSpecialTransfer","Surefire suite","Fri Oct 02 08:15:23 UTC 2026","passed","Fri Oct 02 08:15:35 UTC 2026","testcases.backoffice.ApprovalTransferTest","Surefire test","testcases.backoffice.ApprovalTransferTest","approvedSpecialTransfer"
"Add Currency CS Admin Path Dengan Body Berupa JSON Array ([])","4568","addCurrencyWithArrayBody","Surefire suite","Fri Oct 02 08:27:21 UTC 2026","passed","Fri Oct 02 08:27:25 UTC 2026","testcases.backoffice.currency.AddCurrencyTest","Surefire test","testcases.backoffice.currency.AddCurrencyTest","addCurrencyWithArrayBody"
"List User Backoffice Dengan Body Kosong ({})","4610","listUsersWithEmptyBody","Surefire suite","Fri Oct 02 07:48:20 UTC 2026","passed","Fri Oct 02 07:48:25 UTC 2026","testcases.backoffice.users.ListUsersTest","Surefire test","testcases.backoffice.users.ListUsersTest","listUsersWithEmptyBody"
"List Refund Tanpa Body Sama Sekali","4458","listRefundWithoutBody","Surefire suite","Fri Oct 02 08:36:17 UTC 2026","passed","Fri Oct 02 08:36:22 UTC 2026","testcases.backoffice.ListRefundTest","Surefire test","testcases.backoffice.ListRefundTest","listRefundWithoutBody"
"Get Detail Waiting Company Backoffice Dengan Id Berisi Karakter SQL Injection","4482","getDetailWaitingCompanyWithSqlInjectionId","Surefire suite","Fri Oct 02 07:27:28 UTC 2026","passed","Fri Oct 02 07:27:33 UTC 2026","testcases.backoffice.GetDetailWaitingCompanyTest","Surefire test","testcases.backoffice.GetDetailWaitingCompanyTest","getDetailWaitingCompanyWithSqlInjectionId"
"Get Balance Admin Crypto Transfer","5560","getBalanceAdminCrypto","Surefire suite","Fri Oct 02 06:56:47 UTC 2026","passed","Fri Oct 02 06:56:53 UTC 2026","testcases.balance.GetBalanceTransferTest","Surefire test","testcases.balance.GetBalanceTransferTest","getBalanceAdminCrypto"
"Get List Group Company BO Menggunakan Login Marketing","4527","getListGroupCompanyWithMarketingLogin","Surefire suite","Fri Oct 02 07:11:39 UTC 2026","passed","Fri Oct 02 07:11:43 UTC 2026","testcases.backoffice.settlement.GetListGroupCompanyTest","Surefire test","testcases.backoffice.settlement.GetListGroupCompanyTest","getListGroupCompanyWithMarketingLogin"
"Create Manage Settlement BO Menggunakan Login CS Admin","4435","addManageSettlementWithCSAdminLogin","Surefire suite","Fri Oct 02 07:17:52 UTC 2026","passed","Fri Oct 02 07:17:56 UTC 2026","testcases.backoffice.settlement.AddManageSettlementTest","Surefire test","testcases.backoffice.settlement.AddManageSettlementTest","addManageSettlementWithCSAdminLogin"
"Created Favorite Account Ke Path yang Tidak Ada (Typo)","1816","createdFavoriteAccountWithWrongPath","Surefire suite","Fri Oct 02 07:35:54 UTC 2026","passed","Fri Oct 02 07:35:56 UTC 2026","testcases.settings.favoriteaccount.CreatedFavoriteAccountTest","Surefire test","testcases.settings.favoriteaccount.CreatedFavoriteAccountTest","createdFavoriteAccountWithWrongPath"
"Login Merchant dengan Username Kosong","2923","testLoginEmptyUsername","Surefire suite","Fri Oct 02 07:13:07 UTC 2026","passed","Fri Oct 02 07:13:10 UTC 2026","testcases.auth.LoginTest","Surefire test","testcases.auth.LoginTest","testLoginEmptyUsername"
"Add Whitelist Ip User CS Admin","4674","addWhitelistIpUserCsAdmin","Surefire suite","Fri Oct 02 06:57:39 UTC 2026","failed","Fri Oct 02 06:57:43 UTC 2026","testcases.backoffice.users.EditUserTest","Surefire test","testcases.backoffice.users.EditUserTest","addWhitelistIpUserCsAdmin"
"Test Get Report Company Merchant","5358","getReportCompanyAdmin","Surefire suite","Fri Oct 02 06:57:51 UTC 2026","passed","Fri Oct 02 06:57:56 UTC 2026","testcases.report.ReportTransactionTest","Surefire test","testcases.report.ReportTransactionTest","getReportCompanyAdmin"
"Delete Google Authenticator Dengan id Milik Entitas Lain (Group Id)","4742","deleteOtpGoogleWithForeignEntityId","Surefire suite","Fri Oct 02 07:22:53 UTC 2026","passed","Fri Oct 02 07:22:58 UTC 2026","testcases.backoffice.googleauth.DeleteOtpGoogleTest","Surefire test","testcases.backoffice.googleauth.DeleteOtpGoogleTest","deleteOtpGoogleWithForeignEntityId"
"Created Favorite Account Menggunakan HTTP Method PUT","1482","createdFavoriteAccountWithPutMethod","Surefire suite","Fri Oct 02 07:35:31 UTC 2026","passed","Fri Oct 02 07:35:33 UTC 2026","testcases.settings.favoriteaccount.CreatedFavoriteAccountTest","Surefire test","testcases.settings.favoriteaccount.CreatedFavoriteAccountTest","createdFavoriteAccountWithPutMethod"
"Resend Google Authenticator Menggunakan Login Marketing","4607","resendOtpGoogleWithMarketingLogin","Surefire suite","Fri Oct 02 07:40:52 UTC 2026","passed","Fri Oct 02 07:40:57 UTC 2026","testcases.backoffice.googleauth.ResendOtpGoogleTest","Surefire test","testcases.backoffice.googleauth.ResendOtpGoogleTest","resendOtpGoogleWithMarketingLogin"
"Add Group Backoffice Dengan Header pbyv Salah","4398","addGroupWithWrongPbyvHeader","Surefire suite","Fri Oct 02 07:07:13 UTC 2026","passed","Fri Oct 02 07:07:17 UTC 2026","testcases.backoffice.group.AddGroupTest","Surefire test","testcases.backoffice.group.AddGroupTest","addGroupWithWrongPbyvHeader"
"Inquiry Favorite Account Ke Path yang Tidak Ada (Typo)","1546","inquiryFavoriteAccountWithWrongPath","Surefire suite","Fri Oct 02 07:38:03 UTC 2026","failed","Fri Oct 02 07:38:05 UTC 2026","testcases.settings.favoriteaccount.InquiryFavoriteAccountTest","Surefire test","testcases.settings.favoriteaccount.InquiryFavoriteAccountTest","inquiryFavoriteAccountWithWrongPath"
"Get List Group Backoffice Tanpa Field page","1617","getListGroupWithoutPageField","Surefire suite","Fri Oct 02 07:03:37 UTC 2026","passed","Fri Oct 02 07:03:39 UTC 2026","testcases.backoffice.group.GetListGroupTest","Surefire test","testcases.backoffice.group.GetListGroupTest","getListGroupWithoutPageField"
"Transfer Different Partner Reference, Special Transfer to Transfer","47694","trfPartnerRefSpecialFailed","Surefire suite","Fri Oct 02 06:59:00 UTC 2026","passed","Fri Oct 02 06:59:47 UTC 2026","testcases.transfer.TransferTest","Surefire test","testcases.transfer.TransferTest","trfPartnerRefSpecialFailed"
"Get Group Detail Backoffice Menggunakan Login Group","4410","getGroupDetailWithGroupLogin","Surefire suite","Fri Oct 02 07:08:32 UTC 2026","passed","Fri Oct 02 07:08:37 UTC 2026","testcases.backoffice.group.GetGroupTest","Surefire test","testcases.backoffice.group.GetGroupTest","getGroupDetailWithGroupLogin"
"Mutasi Special Transfer","21239","mutasiSpecialTransfer","Surefire suite","Fri Oct 02 08:57:16 UTC 2026","passed","Fri Oct 02 08:57:38 UTC 2026","testcases.mutasi.MutasiTransferTest","Surefire test","testcases.mutasi.MutasiTransferTest","mutasiSpecialTransfer"
"Get Notification Sender Dengan Karakter SQL Injection pada Field param","4480","getNotificationSenderWithSqlInjectionParam","Surefire suite","Fri Oct 02 07:37:47 UTC 2026","passed","Fri Oct 02 07:37:52 UTC 2026","testcases.backoffice.notifsender.NotificationSenderTest","Surefire test","testcases.backoffice.notifsender.NotificationSenderTest","getNotificationSenderWithSqlInjectionParam"
"Refund Summary Dengan type null","1494","getRefundWithNullType","Surefire suite","Fri Oct 02 07:45:39 UTC 2026","passed","Fri Oct 02 07:45:40 UTC 2026","testcases.backoffice.refund.GetRefundTest","Surefire test","testcases.backoffice.refund.GetRefundTest","getRefundWithNullType"
"Add Currency CS Admin Path Dengan Body JSON Tidak Valid (Malformed)","1528","addCurrencyWithMalformedJson","Surefire suite","Fri Oct 02 08:28:38 UTC 2026","passed","Fri Oct 02 08:28:39 UTC 2026","testcases.backoffice.currency.AddCurrencyTest","Surefire test","testcases.backoffice.currency.AddCurrencyTest","addCurrencyWithMalformedJson"
"List Currency USDT Dengan Sort Tanpa Operator '=='","1477","getCurrencyWithMalformedSortOperator","Surefire suite","Fri Oct 02 07:31:49 UTC 2026","passed","Fri Oct 02 07:31:51 UTC 2026","testcases.backoffice.currency.GetCurrencyTest","Surefire test","testcases.backoffice.currency.GetCurrencyTest","getCurrencyWithMalformedSortOperator"
"Refund Summary Dengan type String Kosong","1726","getRefundWithEmptyType","Surefire suite","Fri Oct 02 07:44:29 UTC 2026","passed","Fri Oct 02 07:44:31 UTC 2026","testcases.backoffice.refund.GetRefundTest","Surefire test","testcases.backoffice.refund.GetRefundTest","getRefundWithEmptyType"
"Create Manage Settlement BO Dengan companyId Format Tidak Valid (Bukan ObjectId)","4442","addManageSettlementWithMalformedCompanyId","Surefire suite","Fri Oct 02 07:19:19 UTC 2026","passed","Fri Oct 02 07:19:23 UTC 2026","testcases.backoffice.settlement.AddManageSettlementTest","Surefire test","testcases.backoffice.settlement.AddManageSettlementTest","addManageSettlementWithMalformedCompanyId"
"Get List Group Company BO Menggunakan Login Customer Service","4823","getListGroupCompanyWithCSLogin","Surefire suite","Fri Oct 02 07:10:55 UTC 2026","passed","Fri Oct 02 07:11:00 UTC 2026","testcases.backoffice.settlement.GetListGroupCompanyTest","Surefire test","testcases.backoffice.settlement.GetListGroupCompanyTest","getListGroupCompanyWithCSLogin"
"List Manage Settlement Backoffice Dengan Karakter SQL Injection pada Field Param","4906","listManageSettlementWithSqlInjectionParam","Surefire suite","Fri Oct 02 07:45:49 UTC 2026","passed","Fri Oct 02 07:45:53 UTC 2026","testcases.backoffice.settlement.ManageSettlementTest","Surefire test","testcases.backoffice.settlement.ManageSettlementTest","listManageSettlementWithSqlInjectionParam"
"List Currency USDT Dengan Body Berupa JSON Array ([])","4946","getCurrencyWithArrayBody","Surefire suite","Fri Oct 02 07:30:40 UTC 2026","passed","Fri Oct 02 07:30:45 UTC 2026","testcases.backoffice.currency.GetCurrencyTest","Surefire test","testcases.backoffice.currency.GetCurrencyTest","getCurrencyWithArrayBody"
"Create Manage Settlement BO Dengan Body Berupa Literal null","4543","addManageSettlementWithNullLiteralBody","Surefire suite","Fri Oct 02 07:20:04 UTC 2026","passed","Fri Oct 02 07:20:09 UTC 2026","testcases.backoffice.settlement.AddManageSettlementTest","Surefire test","testcases.backoffice.settlement.AddManageSettlementTest","addManageSettlementWithNullLiteralBody"
"List Refund Dengan Ukuran Halaman Sangat Besar","4939","listRefundWithHugeSize","Surefire suite","Fri Oct 02 08:34:53 UTC 2026","passed","Fri Oct 02 08:34:58 UTC 2026","testcases.backoffice.ListRefundTest","Surefire test","testcases.backoffice.ListRefundTest","listRefundWithHugeSize"
"Get Detail Waiting Company Backoffice Menggunakan Login Supervisor","4513","getDetailWaitingCompanyWithSupervisorLogin","Surefire suite","Fri Oct 02 07:27:36 UTC 2026","passed","Fri Oct 02 07:27:40 UTC 2026","testcases.backoffice.GetDetailWaitingCompanyTest","Surefire test","testcases.backoffice.GetDetailWaitingCompanyTest","getDetailWaitingCompanyWithSupervisorLogin"
"List Company Backoffice Menggunakan Login Admin Crypto","4716","listCompanyWithAdminCryptoLogin","Surefire suite","Fri Oct 02 07:34:57 UTC 2026","passed","Fri Oct 02 07:35:02 UTC 2026","testcases.backoffice.ListCompanyTest","Surefire test","testcases.backoffice.ListCompanyTest","listCompanyWithAdminCryptoLogin"
"Request Refund Transfer CS","7678","refundTransferCS","Surefire suite","Fri Oct 02 06:56:36 UTC 2026","passed","Fri Oct 02 06:56:44 UTC 2026","testcases.transfer.RefundTransferTest","Surefire test","testcases.transfer.RefundTransferTest","refundTransferCS"
"Delete Google Authenticator Menggunakan Login Supervisor","4490","deleteOtpGoogleWithSupervisorLogin","Surefire suite","Fri Oct 02 07:24:19 UTC 2026","passed","Fri Oct 02 07:24:23 UTC 2026","testcases.backoffice.googleauth.DeleteOtpGoogleTest","Surefire test","testcases.backoffice.googleauth.DeleteOtpGoogleTest","deleteOtpGoogleWithSupervisorLogin"
"Transfer Different Parner Reference Supervisor, USDT Transfer to Transfer","47782","trfPartnerRefUSDTSpvFailed","Surefire suite","Fri Oct 02 06:58:51 UTC 2026","passed","Fri Oct 02 06:59:39 UTC 2026","testcases.transfer.TransferTest","Surefire test","testcases.transfer.TransferTest","trfPartnerRefUSDTSpvFailed"
"Create Manage Settlement BO","8847","addManageSettlementBO","Surefire suite","Fri Oct 02 07:17:16 UTC 2026","passed","Fri Oct 02 07:17:25 UTC 2026","testcases.backoffice.settlement.AddManageSettlementTest","Surefire test","testcases.backoffice.settlement.AddManageSettlementTest","addManageSettlementBO"
"Get Detail Waiting Company Backoffice Menggunakan Login CS Admin","4438","getDetailWaitingCompanyWithCSAdminLogin","Surefire suite","Fri Oct 02 07:25:43 UTC 2026","passed","Fri Oct 02 07:25:47 UTC 2026","testcases.backoffice.GetDetailWaitingCompanyTest","Surefire test","testcases.backoffice.GetDetailWaitingCompanyTest","getDetailWaitingCompanyWithCSAdminLogin"
"Get List Group Backoffice Menggunakan HTTP Method PATCH","1417","getListGroupWithPatchMethod","Surefire suite","Fri Oct 02 07:02:40 UTC 2026","passed","Fri Oct 02 07:02:42 UTC 2026","testcases.backoffice.group.GetListGroupTest","Surefire test","testcases.backoffice.group.GetListGroupTest","getListGroupWithPatchMethod"
"Create Manage Settlement BO Dengan Header Authorization Tanpa Skema Bearer","1513","addManageSettlementWithMalformedAuthorizationHeader","Surefire suite","Fri Oct 02 07:19:14 UTC 2026","passed","Fri Oct 02 07:19:16 UTC 2026","testcases.backoffice.settlement.AddManageSettlementTest","Surefire test","testcases.backoffice.settlement.AddManageSettlementTest","addManageSettlementWithMalformedAuthorizationHeader"
"Inquiry Test Flop Transfer Admin Crypto","5527","inquiryFlopTransferAdminCrypto","Surefire suite","Fri Oct 02 06:58:52 UTC 2026","passed","Fri Oct 02 06:58:57 UTC 2026","testcases.transfer.InquiryFlopTransferTest","Surefire test","testcases.transfer.InquiryFlopTransferTest","inquiryFlopTransferAdminCrypto"
"Get History USDT Transfer Merchant on Login CS Admin","11115","historyUSDTTransferMerchantTestCSAdmin","Surefire suite","Fri Oct 02 08:46:51 UTC 2026","passed","Fri Oct 02 08:47:02 UTC 2026","testcases.history.HistoryTransferTest","Surefire test","testcases.history.HistoryTransferTest","historyUSDTTransferMerchantTestCSAdmin"
"Transfer with Wrong Pin","50450","transferWrongPin","Surefire suite","Fri Oct 02 07:01:04 UTC 2026","passed","Fri Oct 02 07:01:55 UTC 2026","testcases.transfer.SpecialTransferTest","Surefire test","testcases.transfer.SpecialTransferTest","transferWrongPin"
"Add Group Backoffice Dengan Nama Sama Namun Beda Kapitalisasi","2975","addGroupWithDuplicateNameDifferentCase","Surefire suite","Fri Oct 02 07:04:41 UTC 2026","passed","Fri Oct 02 07:04:44 UTC 2026","testcases.backoffice.group.AddGroupTest","Surefire test","testcases.backoffice.group.AddGroupTest","addGroupWithDuplicateNameDifferentCase"
"List Manage Settlement Backoffice Ke Path yang Tidak Ada (Typo)","4766","listManageSettlementWithWrongPath","Surefire suite","Fri Oct 02 07:46:19 UTC 2026","passed","Fri Oct 02 07:46:24 UTC 2026","testcases.backoffice.settlement.ManageSettlementTest","Surefire test","testcases.backoffice.settlement.ManageSettlementTest","listManageSettlementWithWrongPath"
"Get List Group Backoffice Dengan size Bertipe String","1422","getListGroupWithSizeAsString","Surefire suite","Fri Oct 02 07:02:49 UTC 2026","passed","Fri Oct 02 07:02:51 UTC 2026","testcases.backoffice.group.GetListGroupTest","Surefire test","testcases.backoffice.group.GetListGroupTest","getListGroupWithSizeAsString"
"Inquiry Favorite Account Tanpa Field beneficiaryAccountNo","1450","inquiryFavoriteAccountWithoutBeneficiaryAccountNoField","Surefire suite","Fri Oct 02 07:38:12 UTC 2026","failed","Fri Oct 02 07:38:14 UTC 2026","testcases.settings.favoriteaccount.InquiryFavoriteAccountTest","Surefire test","testcases.settings.favoriteaccount.InquiryFavoriteAccountTest","inquiryFavoriteAccountWithoutBeneficiaryAccountNoField"
"List Currency USDT Dengan Page/Size Negatif","1471","getCurrencyWithNegativePageSize","Surefire suite","Fri Oct 02 07:32:09 UTC 2026","passed","Fri Oct 02 07:32:11 UTC 2026","testcases.backoffice.currency.GetCurrencyTest","Surefire test","testcases.backoffice.currency.GetCurrencyTest","getCurrencyWithNegativePageSize"
"List Manage Settlement Backoffice Tanpa Login/Header Auth","1478","listManageSettlementWithoutAuth","Surefire suite","Fri Oct 02 07:46:35 UTC 2026","passed","Fri Oct 02 07:46:36 UTC 2026","testcases.backoffice.settlement.ManageSettlementTest","Surefire test","testcases.backoffice.settlement.ManageSettlementTest","listManageSettlementWithoutAuth"
"Get List Group Backoffice Dengan Header Authorization Tanpa Skema Bearer","1478","getListGroupWithMalformedAuthorizationHeader","Surefire suite","Fri Oct 02 07:01:54 UTC 2026","passed","Fri Oct 02 07:01:55 UTC 2026","testcases.backoffice.group.GetListGroupTest","Surefire test","testcases.backoffice.group.GetListGroupTest","getListGroupWithMalformedAuthorizationHeader"
"Get List Google Authenticator","4453","getListOtpGoogle","Surefire suite","Fri Oct 02 07:39:48 UTC 2026","passed","Fri Oct 02 07:39:53 UTC 2026","testcases.backoffice.googleauth.ListOtpGoogleTest","Surefire test","testcases.backoffice.googleauth.ListOtpGoogleTest","getListOtpGoogle"
"Success Login Supervisor With Captcha","3350","testLoginSupervisor","Surefire suite","Fri Oct 02 07:01:34 UTC 2026","passed","Fri Oct 02 07:01:38 UTC 2026","testcases.auth.LoginTest","Surefire test","testcases.auth.LoginTest","testLoginSupervisor"
"Resend Google Authenticator Menggunakan Login Supervisor","4445","resendOtpGoogleWithSupervisorLogin","Surefire suite","Fri Oct 02 07:42:08 UTC 2026","passed","Fri Oct 02 07:42:12 UTC 2026","testcases.backoffice.googleauth.ResendOtpGoogleTest","Surefire test","testcases.backoffice.googleauth.ResendOtpGoogleTest","resendOtpGoogleWithSupervisorLogin"
"Created Favorite Account Dengan Field Tidak Dikenal pada Body","1675","createdFavoriteAccountWithUnknownField","Surefire suite","Fri Oct 02 07:35:36 UTC 2026","passed","Fri Oct 02 07:35:37 UTC 2026","testcases.settings.favoriteaccount.CreatedFavoriteAccountTest","Surefire test","testcases.settings.favoriteaccount.CreatedFavoriteAccountTest","createdFavoriteAccountWithUnknownField"
"Delete Group Ke Path yang Tidak Ada (Typo)","1504","deleteGroupWithWrongPath","Surefire suite","Fri Oct 02 07:00:01 UTC 2026","passed","Fri Oct 02 07:00:02 UTC 2026","testcases.backoffice.group.DeleteGroupTest","Surefire test","testcases.backoffice.group.DeleteGroupTest","deleteGroupWithWrongPath"
"Delete Favorite Account Dengan Body JSON Tidak Valid (Malformed)","1446","deleteFavoriteAccountWithMalformedJson","Surefire suite","Fri Oct 02 07:10:09 UTC 2026","passed","Fri Oct 02 07:10:10 UTC 2026","testcases.settings.favoriteaccount.DeleteFavoriteAccountTest","Surefire test","testcases.settings.favoriteaccount.DeleteFavoriteAccountTest","deleteFavoriteAccountWithMalformedJson"
"","4585","listSpecialTransfer","Surefire suite","Fri Oct 02 07:37:19 UTC 2026","passed","Fri Oct 02 07:37:24 UTC 2026","testcases.backoffice.ListTransferTest","Surefire test","testcases.backoffice.ListTransferTest","listSpecialTransfer"
"Get History Manual Transfer Test Admin","10972","historyManualTransferTestAdmin","Surefire suite","Fri Oct 02 08:42:20 UTC 2026","passed","Fri Oct 02 08:42:31 UTC 2026","testcases.history.HistoryTransferTest","Surefire test","testcases.history.HistoryTransferTest","historyManualTransferTestAdmin"
"Test Approved Manual Transfer","17613","rejectedCashDeposit","Surefire suite","Fri Oct 02 08:19:50 UTC 2026","passed","Fri Oct 02 08:20:08 UTC 2026","testcases.backoffice.ApprovalTransferTest","Surefire test","testcases.backoffice.ApprovalTransferTest","rejectedCashDeposit"
"Normal Transfer Success","7701","transfer","Surefire suite","Fri Oct 02 06:56:52 UTC 2026","passed","Fri Oct 02 06:57:00 UTC 2026","testcases.transfer.TransferTest","Surefire test","testcases.transfer.TransferTest","transfer"
"Normal Flop Supervisor Transfer Success","8243","flopTransferSupervisor","Surefire suite","Fri Oct 02 07:00:05 UTC 2026","passed","Fri Oct 02 07:00:13 UTC 2026","testcases.transfer.TransferFlopTest","Surefire test","testcases.transfer.TransferFlopTest","flopTransferSupervisor"
"Delete Google Authenticator Dengan id Sangat Panjang (10.000 karakter)","5197","deleteOtpGoogleWithOverlongId","Surefire suite","Fri Oct 02 07:23:40 UTC 2026","passed","Fri Oct 02 07:23:45 UTC 2026","testcases.backoffice.googleauth.DeleteOtpGoogleTest","Surefire test","testcases.backoffice.googleauth.DeleteOtpGoogleTest","deleteOtpGoogleWithOverlongId"
"Delete Google Authenticator Dengan Token Kadaluarsa","1465","deleteOtpGoogleWithExpiredToken","Surefire suite","Fri Oct 02 07:22:48 UTC 2026","passed","Fri Oct 02 07:22:50 UTC 2026","testcases.backoffice.googleauth.DeleteOtpGoogleTest","Surefire test","testcases.backoffice.googleauth.DeleteOtpGoogleTest","deleteOtpGoogleWithExpiredToken"
"Create Manage Settlement BO Dengan groupName Berupa null","4676","addManageSettlementWithNullGroupName","Surefire suite","Fri Oct 02 07:19:56 UTC 2026","passed","Fri Oct 02 07:20:01 UTC 2026","testcases.backoffice.settlement.AddManageSettlementTest","Surefire test","testcases.backoffice.settlement.AddManageSettlementTest","addManageSettlementWithNullGroupName"
"Reset Pin CS Admin","4803","resetPinCSAdmin","Surefire suite","Fri Oct 02 06:57:22 UTC 2026","passed","Fri Oct 02 06:57:27 UTC 2026","testcases.settings.ResetPinTest","Surefire test","testcases.settings.ResetPinTest","resetPinCSAdmin"
"Add Currency CS Admin Path Dengan Token Kadaluarsa","1541","addCurrencyWithExpiredToken","Surefire suite","Fri Oct 02 08:28:15 UTC 2026","passed","Fri Oct 02 08:28:16 UTC 2026","testcases.backoffice.currency.AddCurrencyTest","Surefire test","testcases.backoffice.currency.AddCurrencyTest","addCurrencyWithExpiredToken"
"Delete Group Backoffice Dengan Token Kadaluarsa","1437","deleteGroupWithExpiredToken","Surefire suite","Fri Oct 02 06:58:13 UTC 2026","passed","Fri Oct 02 06:58:15 UTC 2026","testcases.backoffice.group.DeleteGroupTest","Surefire test","testcases.backoffice.group.DeleteGroupTest","deleteGroupWithExpiredToken"
"Delete session Merchant on Backoffice","4596","deleteSessionBackoffice","Surefire suite","Fri Oct 02 07:25:02 UTC 2026","passed","Fri Oct 02 07:25:07 UTC 2026","testcases.backoffice.users.EditUserTest","Surefire test","testcases.backoffice.users.EditUserTest","deleteSessionBackoffice"
"Normal Transfer with Account Supervisor","8181","transferSupervisor","Surefire suite","Fri Oct 02 06:56:59 UTC 2026","passed","Fri Oct 02 06:57:07 UTC 2026","testcases.transfer.TransferTest","Surefire test","testcases.transfer.TransferTest","transferSupervisor"
"Get List Favorite Account Dengan size Negatif","1630","getListFavoriteAccountWithNegativeSize","Surefire suite","Fri Oct 02 09:11:19 UTC 2026","passed","Fri Oct 02 09:11:20 UTC 2026","testcases.settings.favoriteaccount.GetListFavoriteAccountTest","Surefire test","testcases.settings.favoriteaccount.GetListFavoriteAccountTest","getListFavoriteAccountWithNegativeSize"
"Mutasi Manual Transfer Supervisor CS","26761","mutasiManualTransferSupervisorCS","Surefire suite","Fri Oct 02 08:56:47 UTC 2026","passed","Fri Oct 02 08:57:13 UTC 2026","testcases.mutasi.MutasiTransferTest","Surefire test","testcases.mutasi.MutasiTransferTest","mutasiManualTransferSupervisorCS"
"Get List Group Backoffice Dengan page Melebihi Total Halaman","1463","getListGroupWithPageBeyondTotalPages","Surefire suite","Fri Oct 02 07:02:36 UTC 2026","passed","Fri Oct 02 07:02:37 UTC 2026","testcases.backoffice.group.GetListGroupTest","Surefire test","testcases.backoffice.group.GetListGroupTest","getListGroupWithPageBeyondTotalPages"
"Get Notification Sender Dengan Sort Tanpa Operator '=='","4562","getNotificationSenderWithMalformedSortOperator","Surefire suite","Fri Oct 02 07:36:39 UTC 2026","passed","Fri Oct 02 07:36:44 UTC 2026","testcases.backoffice.notifsender.NotificationSenderTest","Surefire test","testcases.backoffice.notifsender.NotificationSenderTest","getNotificationSenderWithMalformedSortOperator"
"Delete Group Backoffice Tanpa Field id","1581","deleteGroupWithoutIdField","Surefire suite","Fri Oct 02 07:00:23 UTC 2026","passed","Fri Oct 02 07:00:25 UTC 2026","testcases.backoffice.group.DeleteGroupTest","Surefire test","testcases.backoffice.group.DeleteGroupTest","deleteGroupWithoutIdField"
"Get Group Detail Backoffice Dengan Token Tidak Valid","1413","getGroupDetailWithInvalidToken","Surefire suite","Fri Oct 02 07:08:40 UTC 2026","passed","Fri Oct 02 07:08:41 UTC 2026","testcases.backoffice.group.GetGroupTest","Surefire test","testcases.backoffice.group.GetGroupTest","getGroupDetailWithInvalidToken"
"Delete Favorite Account Dengan Token Kadaluarsa","1443","deleteFavoriteAccountWithExpiredToken","Surefire suite","Fri Oct 02 07:09:41 UTC 2026","passed","Fri Oct 02 07:09:43 UTC 2026","testcases.settings.favoriteaccount.DeleteFavoriteAccountTest","Surefire test","testcases.settings.favoriteaccount.DeleteFavoriteAccountTest","deleteFavoriteAccountWithExpiredToken"
"Test Approved Manual Transfer","18784","approvedCashDeposit","Surefire suite","Fri Oct 02 08:13:12 UTC 2026","passed","Fri Oct 02 08:13:31 UTC 2026","testcases.backoffice.ApprovalTransferTest","Surefire test","testcases.backoffice.ApprovalTransferTest","approvedCashDeposit"
"Refund Summary Menggunakan HTTP Method PATCH","1542","getRefundWithPatchMethod","Surefire suite","Fri Oct 02 07:45:49 UTC 2026","passed","Fri Oct 02 07:45:50 UTC 2026","testcases.backoffice.refund.GetRefundTest","Surefire test","testcases.backoffice.refund.GetRefundTest","getRefundWithPatchMethod"
"Add Group Backoffice Menggunakan Login Merchant","4386","addGroupWithMerchantLogin","Surefire suite","Fri Oct 02 07:05:56 UTC 2026","passed","Fri Oct 02 07:06:00 UTC 2026","testcases.backoffice.group.AddGroupTest","Surefire test","testcases.backoffice.group.AddGroupTest","addGroupWithMerchantLogin"
"Created Favorite Account Dengan Token Tidak Valid","1470","createdFavoriteAccountWithInvalidToken","Surefire suite","Fri Oct 02 07:35:09 UTC 2026","passed","Fri Oct 02 07:35:10 UTC 2026","testcases.settings.favoriteaccount.CreatedFavoriteAccountTest","Surefire test","testcases.settings.favoriteaccount.CreatedFavoriteAccountTest","createdFavoriteAccountWithInvalidToken"
"Delete Favorite Account Tanpa Field id","1665","deleteFavoriteAccountWithoutIdField","Surefire suite","Fri Oct 02 07:11:24 UTC 2026","failed","Fri Oct 02 07:11:26 UTC 2026","testcases.settings.favoriteaccount.DeleteFavoriteAccountTest","Surefire test","testcases.settings.favoriteaccount.DeleteFavoriteAccountTest","deleteFavoriteAccountWithoutIdField"
"Create Manage Settlement BO Dengan companyId Valid Secara Format Tapi Tidak Ada","4503","addManageSettlementWithNonExistentCompanyId","Surefire suite","Fri Oct 02 07:19:49 UTC 2026","passed","Fri Oct 02 07:19:53 UTC 2026","testcases.backoffice.settlement.AddManageSettlementTest","Surefire test","testcases.backoffice.settlement.AddManageSettlementTest","addManageSettlementWithNonExistentCompanyId"
"Add Currency CS Admin Path Menggunakan Login Supervisor","4408","addCurrencyWithSupervisorLogin","Surefire suite","Fri Oct 02 08:29:38 UTC 2026","passed","Fri Oct 02 08:29:43 UTC 2026","testcases.backoffice.currency.AddCurrencyTest","Surefire test","testcases.backoffice.currency.AddCurrencyTest","addCurrencyWithSupervisorLogin"
"Get History Transfer Test Admin","11271","historyTransferTestAdmin","Surefire suite","Fri Oct 02 08:46:00 UTC 2026","passed","Fri Oct 02 08:46:11 UTC 2026","testcases.history.HistoryTransferTest","Surefire test","testcases.history.HistoryTransferTest","historyTransferTestAdmin"
"Get List Group Backoffice Dengan Body JSON Tidak Valid (Malformed)","1427","getListGroupWithMalformedJson","Surefire suite","Fri Oct 02 07:01:58 UTC 2026","passed","Fri Oct 02 07:02:00 UTC 2026","testcases.backoffice.group.GetListGroupTest","Surefire test","testcases.backoffice.group.GetListGroupTest","getListGroupWithMalformedJson"
"Get List Group Company BO Dengan Token Kadaluarsa","1524","getListGroupCompanyWithExpiredToken","Surefire suite","Fri Oct 02 07:11:25 UTC 2026","passed","Fri Oct 02 07:11:27 UTC 2026","testcases.backoffice.settlement.GetListGroupCompanyTest","Surefire test","testcases.backoffice.settlement.GetListGroupCompanyTest","getListGroupCompanyWithExpiredToken"
"Delete Favorite Account Dengan id String Kosong","1615","deleteFavoriteAccountWithEmptyId","Surefire suite","Fri Oct 02 07:09:32 UTC 2026","passed","Fri Oct 02 07:09:33 UTC 2026","testcases.settings.favoriteaccount.DeleteFavoriteAccountTest","Surefire test","testcases.settings.favoriteaccount.DeleteFavoriteAccountTest","deleteFavoriteAccountWithEmptyId"
"Resend Google Authenticator Menggunakan HTTP Method PUT","4431","resendOtpGoogleWithPutMethod","Surefire suite","Fri Oct 02 07:41:53 UTC 2026","passed","Fri Oct 02 07:41:57 UTC 2026","testcases.backoffice.googleauth.ResendOtpGoogleTest","Surefire test","testcases.backoffice.googleauth.ResendOtpGoogleTest","resendOtpGoogleWithPutMethod"
"Inquiry Favorite Account Dengan Token Kadaluarsa","1450","inquiryFavoriteAccountWithExpiredToken","Surefire suite","Fri Oct 02 07:37:00 UTC 2026","passed","Fri Oct 02 07:37:02 UTC 2026","testcases.settings.favoriteaccount.InquiryFavoriteAccountTest","Surefire test","testcases.settings.favoriteaccount.InquiryFavoriteAccountTest","inquiryFavoriteAccountWithExpiredToken"
"List Currency USDT Menggunakan HTTP Method PUT","1478","getCurrencyWithPutMethod","Surefire suite","Fri Oct 02 07:32:23 UTC 2026","passed","Fri Oct 02 07:32:24 UTC 2026","testcases.backoffice.currency.GetCurrencyTest","Surefire test","testcases.backoffice.currency.GetCurrencyTest","getCurrencyWithPutMethod"
"Delete Favorite Account Dengan Header companyId Salah","1506","deleteFavoriteAccountWithWrongCompanyIdHeader","Surefire suite","Fri Oct 02 07:10:48 UTC 2026","failed","Fri Oct 02 07:10:49 UTC 2026","testcases.settings.favoriteaccount.DeleteFavoriteAccountTest","Surefire test","testcases.settings.favoriteaccount.DeleteFavoriteAccountTest","deleteFavoriteAccountWithWrongCompanyIdHeader"
"Refund Summary Dengan Token Backoffice Valid Tapi Tanpa Header pbyv","2502","getRefundWithoutPbyvHeader","Surefire suite","Fri Oct 02 07:46:51 UTC 2026","passed","Fri Oct 02 07:46:54 UTC 2026","testcases.backoffice.refund.GetRefundTest","Surefire test","testcases.backoffice.refund.GetRefundTest","getRefundWithoutPbyvHeader"
"Get List Group Company BO Menggunakan HTTP Method DELETE","4536","getListGroupCompanyWithDeleteMethod","Surefire suite","Fri Oct 02 07:11:03 UTC 2026","passed","Fri Oct 02 07:11:07 UTC 2026","testcases.backoffice.settlement.GetListGroupCompanyTest","Surefire test","testcases.backoffice.settlement.GetListGroupCompanyTest","getListGroupCompanyWithDeleteMethod"
"Delete Manage Settlement BO Menggunakan HTTP Method PATCH","4670","deleteManageSettlementWithPatchMethod","Surefire suite","Fri Oct 02 07:15:51 UTC 2026","passed","Fri Oct 02 07:15:56 UTC 2026","testcases.backoffice.settlement.DeleteManageSettlementTest","Surefire test","testcases.backoffice.settlement.DeleteManageSettlementTest","deleteManageSettlementWithPatchMethod"
"Delete Favorite Account Dengan Header Authorization Tanpa Skema Bearer","1491","deleteFavoriteAccountWithMalformedAuthorizationHeader","Surefire suite","Fri Oct 02 07:10:04 UTC 2026","passed","Fri Oct 02 07:10:06 UTC 2026","testcases.settings.favoriteaccount.DeleteFavoriteAccountTest","Surefire test","testcases.settings.favoriteaccount.DeleteFavoriteAccountTest","deleteFavoriteAccountWithMalformedAuthorizationHeader"
"Created Favorite Account Dengan Token Kadaluarsa","1483","createdFavoriteAccountWithExpiredToken","Surefire suite","Fri Oct 02 07:34:59 UTC 2026","passed","Fri Oct 02 07:35:01 UTC 2026","testcases.settings.favoriteaccount.CreatedFavoriteAccountTest","Surefire test","testcases.settings.favoriteaccount.CreatedFavoriteAccountTest","createdFavoriteAccountWithExpiredToken"
"Get List Favorite Account Dengan Body Berupa JSON Array ([])","5763","getListFavoriteAccountWithArrayBody","Surefire suite","Fri Oct 02 09:10:33 UTC 2026","passed","Fri Oct 02 09:10:39 UTC 2026","testcases.settings.favoriteaccount.GetListFavoriteAccountTest","Surefire test","testcases.settings.favoriteaccount.GetListFavoriteAccountTest","getListFavoriteAccountWithArrayBody"
"List Company Backoffice Tanpa Body Sama Sekali","4312","listCompanyWithoutBody","Surefire suite","Fri Oct 02 07:37:05 UTC 2026","passed","Fri Oct 02 07:37:09 UTC 2026","testcases.backoffice.ListCompanyTest","Surefire test","testcases.backoffice.ListCompanyTest","listCompanyWithoutBody"
"Get History QR CS Success Paid","10596","historyQRTestPaidCS","Surefire suite","Fri Oct 02 07:52:36 UTC 2026","passed","Fri Oct 02 07:52:46 UTC 2026","testcases.history.HistoryQRTest","Surefire test","testcases.history.HistoryQRTest","historyQRTestPaidCS"
"Add Group Backoffice Menggunakan Login Customer Service","4411","addGroupWithCSLogin","Surefire suite","Fri Oct 02 07:04:29 UTC 2026","passed","Fri Oct 02 07:04:33 UTC 2026","testcases.backoffice.group.AddGroupTest","Surefire test","testcases.backoffice.group.AddGroupTest","addGroupWithCSLogin"
"Delete Group Backoffice Tanpa Field name","1481","deleteGroupWithoutNameField","Surefire suite","Fri Oct 02 07:00:28 UTC 2026","passed","Fri Oct 02 07:00:29 UTC 2026","testcases.backoffice.group.DeleteGroupTest","Surefire test","testcases.backoffice.group.DeleteGroupTest","deleteGroupWithoutNameField"
"Get Detail Waiting Company Backoffice Dengan Header Authorization Tanpa Skema Bearer","1443","getDetailWaitingCompanyWithMalformedAuthorizationHeader","Surefire suite","Fri Oct 02 07:26:22 UTC 2026","passed","Fri Oct 02 07:26:24 UTC 2026","testcases.backoffice.GetDetailWaitingCompanyTest","Surefire test","testcases.backoffice.GetDetailWaitingCompanyTest","getDetailWaitingCompanyWithMalformedAuthorizationHeader"
"Get List Group Ke Path yang Tidak Ada (Typo)","1710","getListGroupWithWrongPath","Surefire suite","Fri Oct 02 07:03:15 UTC 2026","passed","Fri Oct 02 07:03:16 UTC 2026","testcases.backoffice.group.GetListGroupTest","Surefire test","testcases.backoffice.group.GetListGroupTest","getListGroupWithWrongPath"
"Add Currency CS Admin Path Dengan Karakter SQL Injection pada rate","1446","addCurrencyWithSqlInjectionRate","Surefire suite","Fri Oct 02 08:29:29 UTC 2026","passed","Fri Oct 02 08:29:31 UTC 2026","testcases.backoffice.currency.AddCurrencyTest","Surefire test","testcases.backoffice.currency.AddCurrencyTest","addCurrencyWithSqlInjectionRate"
"List User Backoffice Dengan Tipe Data Salah pada Field Limit (String, Bukan Integer)","4632","listUsersWithInvalidFieldType","Surefire suite","Fri Oct 02 07:48:36 UTC 2026","passed","Fri Oct 02 07:48:41 UTC 2026","testcases.backoffice.users.ListUsersTest","Surefire test","testcases.backoffice.users.ListUsersTest","listUsersWithInvalidFieldType"
"Get Group Detail Backoffice Tanpa Login/Header Auth","1420","getGroupDetailWithoutAuth","Surefire suite","Fri Oct 02 07:10:20 UTC 2026","passed","Fri Oct 02 07:10:22 UTC 2026","testcases.backoffice.group.GetGroupTest","Surefire test","testcases.backoffice.group.GetGroupTest","getGroupDetailWithoutAuth"
"Delete Manage Settlement BO Menggunakan Login Marketing","4739","deleteManageSettlementWithMarketingLogin","Surefire suite","Fri Oct 02 07:15:20 UTC 2026","passed","Fri Oct 02 07:15:25 UTC 2026","testcases.backoffice.settlement.DeleteManageSettlementTest","Surefire test","testcases.backoffice.settlement.DeleteManageSettlementTest","deleteManageSettlementWithMarketingLogin"
"Get List Group Company BO Dengan Token Backoffice Valid Tapi Tanpa Header pbyv","4468","getListGroupCompanyWithoutPbyvHeader","Surefire suite","Fri Oct 02 07:13:33 UTC 2026","passed","Fri Oct 02 07:13:38 UTC 2026","testcases.backoffice.settlement.GetListGroupCompanyTest","Surefire test","testcases.backoffice.settlement.GetListGroupCompanyTest","getListGroupCompanyWithoutPbyvHeader"
"Get Notification Sender Menggunakan HTTP Method PATCH","4460","getNotificationSenderWithPatchMethod","Surefire suite","Fri Oct 02 07:37:32 UTC 2026","passed","Fri Oct 02 07:37:37 UTC 2026","testcases.backoffice.notifsender.NotificationSenderTest","Surefire test","testcases.backoffice.notifsender.NotificationSenderTest","getNotificationSenderWithPatchMethod"
"Get List Group Company BO Menggunakan HTTP Method POST","4448","getListGroupCompanyWithPostMethod","Surefire suite","Fri Oct 02 07:12:24 UTC 2026","passed","Fri Oct 02 07:12:28 UTC 2026","testcases.backoffice.settlement.GetListGroupCompanyTest","Surefire test","testcases.backoffice.settlement.GetListGroupCompanyTest","getListGroupCompanyWithPostMethod"
"Mutasi Special Transfer Balance Supervisor CS","26809","mutasiSpecialTransferBalanceSupervisorCS","Surefire suite","Fri Oct 02 08:59:06 UTC 2026","passed","Fri Oct 02 08:59:32 UTC 2026","testcases.mutasi.MutasiTransferTest","Surefire test","testcases.mutasi.MutasiTransferTest","mutasiSpecialTransferBalanceSupervisorCS"
"Create Manage Settlement BO Dengan Karakter SQL Injection pada groupName","4631","addManageSettlementWithSqlInjectionGroupName","Surefire suite","Fri Oct 02 07:20:34 UTC 2026","passed","Fri Oct 02 07:20:39 UTC 2026","testcases.backoffice.settlement.AddManageSettlementTest","Surefire test","testcases.backoffice.settlement.AddManageSettlementTest","addManageSettlementWithSqlInjectionGroupName"
"Get List Favorite Account Menggunakan HTTP Method PUT","2763","getListFavoriteAccountWithPutMethod","Surefire suite","Fri Oct 02 09:11:37 UTC 2026","passed","Fri Oct 02 09:11:40 UTC 2026","testcases.settings.favoriteaccount.GetListFavoriteAccountTest","Surefire test","testcases.settings.favoriteaccount.GetListFavoriteAccountTest","getListFavoriteAccountWithPutMethod"
"Generate QR Code Merchant","5106","generateQRCode","Surefire suite","Fri Oct 02 07:43:29 UTC 2026","passed","Fri Oct 02 07:43:35 UTC 2026","testcases.QR.GenerateQRTest","Surefire test","testcases.QR.GenerateQRTest","generateQRCode"
"List Currency USDT Menggunakan HTTP Method DELETE","1422","getCurrencyWithDeleteMethod","Surefire suite","Fri Oct 02 07:31:04 UTC 2026","passed","Fri Oct 02 07:31:05 UTC 2026","testcases.backoffice.currency.GetCurrencyTest","Surefire test","testcases.backoffice.currency.GetCurrencyTest","getCurrencyWithDeleteMethod"
"Mutasi Special Transfer Balance CS","25892","mutasiSpecialTransferBalanceCS","Surefire suite","Fri Oct 02 08:58:09 UTC 2026","passed","Fri Oct 02 08:58:35 UTC 2026","testcases.mutasi.MutasiTransferTest","Surefire test","testcases.mutasi.MutasiTransferTest","mutasiSpecialTransferBalanceCS"
"Inquiry Test Special Transfer Admin Crypto","5007","inquirySpecialTransferAdminCrypto","Surefire suite","Fri Oct 02 06:57:59 UTC 2026","passed","Fri Oct 02 06:58:04 UTC 2026","testcases.transfer.InquirySpecialTransferTest","Surefire test","testcases.transfer.InquirySpecialTransferTest","inquirySpecialTransferAdminCrypto"
"Resend Google Authenticator Dengan Body Berupa Literal null","4656","resendOtpGoogleWithNullLiteralBody","Surefire suite","Fri Oct 02 07:41:22 UTC 2026","passed","Fri Oct 02 07:41:27 UTC 2026","testcases.backoffice.googleauth.ResendOtpGoogleTest","Surefire test","testcases.backoffice.googleauth.ResendOtpGoogleTest","resendOtpGoogleWithNullLiteralBody"
"List User Backoffice","4470","listUsersBO","Surefire suite","Fri Oct 02 07:47:57 UTC 2026","passed","Fri Oct 02 07:48:01 UTC 2026","testcases.backoffice.users.ListUsersTest","Surefire test","testcases.backoffice.users.ListUsersTest","listUsersBO"
"Test Rejected Manual Transfer Supervisor","17972","rejectedCashDepositSupervisor","Surefire suite","Fri Oct 02 08:20:11 UTC 2026","passed","Fri Oct 02 08:20:29 UTC 2026","testcases.backoffice.ApprovalTransferTest","Surefire test","testcases.backoffice.ApprovalTransferTest","rejectedCashDepositSupervisor"
"Get User Backoffice Menggunakan Login Merchant","4538","getUserWithMerchantLogin","Surefire suite","Fri Oct 02 07:30:05 UTC 2026","passed","Fri Oct 02 07:30:10 UTC 2026","testcases.backoffice.GetDashboardTest","Surefire test","testcases.backoffice.GetDashboardTest","getUserWithMerchantLogin"
"Delete Manage Settlement BO Dengan id Milik Entitas Lain (Group Id)","4758","deleteManageSettlementWithForeignEntityId","Surefire suite","Fri Oct 02 07:14:55 UTC 2026","passed","Fri Oct 02 07:15:00 UTC 2026","testcases.backoffice.settlement.DeleteManageSettlementTest","Surefire test","testcases.backoffice.settlement.DeleteManageSettlementTest","deleteManageSettlementWithForeignEntityId"
"List Currency USDT Dengan Body Berupa Literal null","1426","getCurrencyWithNullLiteralBody","Surefire suite","Fri Oct 02 07:32:14 UTC 2026","passed","Fri Oct 02 07:32:15 UTC 2026","testcases.backoffice.currency.GetCurrencyTest","Surefire test","testcases.backoffice.currency.GetCurrencyTest","getCurrencyWithNullLiteralBody"
"Created Favorite Account Dengan Body Berupa Literal null","1586","createdFavoriteAccountWithNullLiteralBody","Surefire suite","Fri Oct 02 07:35:22 UTC 2026","passed","Fri Oct 02 07:35:24 UTC 2026","testcases.settings.favoriteaccount.CreatedFavoriteAccountTest","Surefire test","testcases.settings.favoriteaccount.CreatedFavoriteAccountTest","createdFavoriteAccountWithNullLiteralBody"
"List Company Backoffice Dengan Content-Type text/plain","4444","listCompanyWithWrongContentType","Surefire suite","Fri Oct 02 07:36:53 UTC 2026","passed","Fri Oct 02 07:36:57 UTC 2026","testcases.backoffice.ListCompanyTest","Surefire test","testcases.backoffice.ListCompanyTest","listCompanyWithWrongContentType"
"Get List Google Authenticator Ke Path yang Tidak Ada (Typo)","4902","listOtpGoogleWithWrongPath","Surefire suite","Fri Oct 02 07:43:03 UTC 2026","passed","Fri Oct 02 07:43:08 UTC 2026","testcases.backoffice.googleauth.ListOtpGoogleTest","Surefire test","testcases.backoffice.googleauth.ListOtpGoogleTest","listOtpGoogleWithWrongPath"
"Create Manage Settlement BO Dengan Payload XSS pada companyName","4506","addManageSettlementWithXssCompanyName","Surefire suite","Fri Oct 02 07:21:05 UTC 2026","passed","Fri Oct 02 07:21:10 UTC 2026","testcases.backoffice.settlement.AddManageSettlementTest","Surefire test","testcases.backoffice.settlement.AddManageSettlementTest","addManageSettlementWithXssCompanyName"
"List Waiting Company Backoffice Menggunakan Login Admin Crypto","4520","listWaitingCompanyWithAdminCryptoLogin","Surefire suite","Fri Oct 02 07:37:35 UTC 2026","passed","Fri Oct 02 07:37:39 UTC 2026","testcases.backoffice.ListWaitingCompanyTest","Surefire test","testcases.backoffice.ListWaitingCompanyTest","listWaitingCompanyWithAdminCryptoLogin"
"Refund Summary Dengan startDate null","1521","getRefundWithNullStartDate","Surefire suite","Fri Oct 02 07:45:34 UTC 2026","passed","Fri Oct 02 07:45:36 UTC 2026","testcases.backoffice.refund.GetRefundTest","Surefire test","testcases.backoffice.refund.GetRefundTest","getRefundWithNullStartDate"
"Mutasi USDT Transfer","26720","mutasiUSDTTransfer","Surefire suite","Fri Oct 02 09:02:54 UTC 2026","passed","Fri Oct 02 09:03:21 UTC 2026","testcases.mutasi.MutasiTransferTest","Surefire test","testcases.mutasi.MutasiTransferTest","mutasiUSDTTransfer"
"Resend Google Authenticator Dengan Token Kadaluarsa","1425","resendOtpGoogleWithExpiredToken","Surefire suite","Fri Oct 02 07:40:17 UTC 2026","passed","Fri Oct 02 07:40:18 UTC 2026","testcases.backoffice.googleauth.ResendOtpGoogleTest","Surefire test","testcases.backoffice.googleauth.ResendOtpGoogleTest","resendOtpGoogleWithExpiredToken"
"List Manage Settlement Backoffice Dengan Tipe Data Salah pada Field Limit (String, Bukan Integer)","4931","listManageSettlementWithInvalidFieldType","Surefire suite","Fri Oct 02 07:44:24 UTC 2026","passed","Fri Oct 02 07:44:29 UTC 2026","testcases.backoffice.settlement.ManageSettlementTest","Surefire test","testcases.backoffice.settlement.ManageSettlementTest","listManageSettlementWithInvalidFieldType"
"Delete Manage Settlement BO Dengan Token Backoffice Valid Tapi Tanpa Header pbyv","4358","deleteManageSettlementWithoutPbyvHeader","Surefire suite","Fri Oct 02 07:17:08 UTC 2026","passed","Fri Oct 02 07:17:13 UTC 2026","testcases.backoffice.settlement.DeleteManageSettlementTest","Surefire test","testcases.backoffice.settlement.DeleteManageSettlementTest","deleteManageSettlementWithoutPbyvHeader"
"List Refund Menggunakan Login Admin Biasa","7114","listRefundAdmin","Surefire suite","Fri Oct 02 08:33:49 UTC 2026","passed","Fri Oct 02 08:33:56 UTC 2026","testcases.backoffice.ListRefundTest","Surefire test","testcases.backoffice.ListRefundTest","listRefundAdmin"
"List Manage Settlement Backoffice","4348","listManageSettlementTest","Surefire suite","Fri Oct 02 07:43:05 UTC 2026","passed","Fri Oct 02 07:43:09 UTC 2026","testcases.backoffice.settlement.ManageSettlementTest","Surefire test","testcases.backoffice.settlement.ManageSettlementTest","listManageSettlementTest"
"Delete Manage Settlement BO Ke Path yang Tidak Ada (Typo)","4681","deleteManageSettlementWithWrongPath","Surefire suite","Fri Oct 02 07:16:37 UTC 2026","passed","Fri Oct 02 07:16:41 UTC 2026","testcases.backoffice.settlement.DeleteManageSettlementTest","Surefire test","testcases.backoffice.settlement.DeleteManageSettlementTest","deleteManageSettlementWithWrongPath"
"Create Manage Settlement BO Menggunakan HTTP Method PUT","4668","addManageSettlementWithPutMethod","Surefire suite","Fri Oct 02 07:20:27 UTC 2026","passed","Fri Oct 02 07:20:31 UTC 2026","testcases.backoffice.settlement.AddManageSettlementTest","Surefire test","testcases.backoffice.settlement.AddManageSettlementTest","addManageSettlementWithPutMethod"
"Create Manage Settlement BO Dengan Body Berupa JSON Array ([])","4827","addManageSettlementWithArrayBody","Surefire suite","Fri Oct 02 07:17:44 UTC 2026","passed","Fri Oct 02 07:17:49 UTC 2026","testcases.backoffice.settlement.AddManageSettlementTest","Surefire test","testcases.backoffice.settlement.AddManageSettlementTest","addManageSettlementWithArrayBody"
"Add Group Backoffice Tanpa Field feeBankPercent","1477","addGroupWithMissingFeeField","Surefire suite","Fri Oct 02 07:06:03 UTC 2026","passed","Fri Oct 02 07:06:05 UTC 2026","testcases.backoffice.group.AddGroupTest","Surefire test","testcases.backoffice.group.AddGroupTest","addGroupWithMissingFeeField"
"Delete Favorite Account Dengan id yang Tidak Pernah Ada","1671","deleteFavoriteAccountWithNonExistentId","Surefire suite","Fri Oct 02 07:10:13 UTC 2026","passed","Fri Oct 02 07:10:15 UTC 2026","testcases.settings.favoriteaccount.DeleteFavoriteAccountTest","Surefire test","testcases.settings.favoriteaccount.DeleteFavoriteAccountTest","deleteFavoriteAccountWithNonExistentId"
"Delete Manage Settlement BO Dengan Header Authorization Tanpa Skema Bearer","1708","deleteManageSettlementWithMalformedAuthorizationHeader","Surefire suite","Fri Oct 02 07:15:08 UTC 2026","passed","Fri Oct 02 07:15:10 UTC 2026","testcases.backoffice.settlement.DeleteManageSettlementTest","Surefire test","testcases.backoffice.settlement.DeleteManageSettlementTest","deleteManageSettlementWithMalformedAuthorizationHeader"
"Mutasi Special Transfer Balance","25523","mutasiSpecialTransferBalance","Surefire suite","Fri Oct 02 08:57:41 UTC 2026","passed","Fri Oct 02 08:58:06 UTC 2026","testcases.mutasi.MutasiTransferTest","Surefire test","testcases.mutasi.MutasiTransferTest","mutasiSpecialTransferBalance"
"Inquiry Favorite Account Dengan Karakter SQL Injection pada beneficiaryAccountNo","1459","inquiryFavoriteAccountWithSqlInjectionAccountNo","Surefire suite","Fri Oct 02 07:37:41 UTC 2026","failed","Fri Oct 02 07:37:42 UTC 2026","testcases.settings.favoriteaccount.InquiryFavoriteAccountTest","Surefire test","testcases.settings.favoriteaccount.InquiryFavoriteAccountTest","inquiryFavoriteAccountWithSqlInjectionAccountNo"
"Normal Transfer USDT Supervisor Success","6639","usdtTransferSupervisor","Surefire suite","Fri Oct 02 06:59:42 UTC 2026","passed","Fri Oct 02 06:59:49 UTC 2026","testcases.transfer.TransferUSDTTest","Surefire test","testcases.transfer.TransferUSDTTest","usdtTransferSupervisor"
"Refund Summary Dengan Token Tidak Valid","1424","getRefundWithInvalidToken","Surefire suite","Fri Oct 02 07:44:56 UTC 2026","passed","Fri Oct 02 07:44:58 UTC 2026","testcases.backoffice.refund.GetRefundTest","Surefire test","testcases.backoffice.refund.GetRefundTest","getRefundWithInvalidToken"
"Delete session Merchant on CS Admin","5003","deleteSessionCsAdmin","Surefire suite","Fri Oct 02 06:57:46 UTC 2026","broken","Fri Oct 02 06:57:51 UTC 2026","testcases.backoffice.users.EditUserTest","Surefire test","testcases.backoffice.users.EditUserTest","deleteSessionCsAdmin"
"Get History QR Open Merchant on login CS Admin","13272","historyQROpenMerchantCSAdmin","Surefire suite","Fri Oct 02 07:51:24 UTC 2026","passed","Fri Oct 02 07:51:37 UTC 2026","testcases.history.HistoryQRTest","Surefire test","testcases.history.HistoryQRTest","historyQROpenMerchantCSAdmin"
"Transfer Success with before and after Balanced","10366","transferBalance","Surefire suite","Fri Oct 02 06:57:03 UTC 2026","passed","Fri Oct 02 06:57:13 UTC 2026","testcases.transfer.TransferTest","Surefire test","testcases.transfer.TransferTest","transferBalance"
"Get Notification Sender Dengan pinValidasi Kosong","4516","getNotificationSenderWithEmptyPinValidasi","Surefire suite","Fri Oct 02 07:35:29 UTC 2026","passed","Fri Oct 02 07:35:34 UTC 2026","testcases.backoffice.notifsender.NotificationSenderTest","Surefire test","testcases.backoffice.notifsender.NotificationSenderTest","getNotificationSenderWithEmptyPinValidasi"
"Get Detail User Backoffice Menggunakan Login Merchant","4503","getUsersWithMerchantLogin","Surefire suite","Fri Oct 02 07:47:37 UTC 2026","passed","Fri Oct 02 07:47:42 UTC 2026","testcases.backoffice.users.ListUsersTest","Surefire test","testcases.backoffice.users.ListUsersTest","getUsersWithMerchantLogin"
"Transfer Different Partner Reference, Transfer to Special Transfer","47926","trfPartnerRefTransferFailed","Surefire suite","Fri Oct 02 07:02:48 UTC 2026","passed","Fri Oct 02 07:03:35 UTC 2026","testcases.transfer.SpecialTransferTest","Surefire test","testcases.transfer.SpecialTransferTest","trfPartnerRefTransferFailed"
"Add Group Backoffice Dengan name Sangat Panjang","1472","addGroupWithVeryLongName","Surefire suite","Fri Oct 02 07:06:52 UTC 2026","passed","Fri Oct 02 07:06:53 UTC 2026","testcases.backoffice.group.AddGroupTest","Surefire test","testcases.backoffice.group.AddGroupTest","addGroupWithVeryLongName"
"Success Login Admin","3175","testLoginAdmin","Surefire suite","Fri Oct 02 06:57:29 UTC 2026","passed","Fri Oct 02 06:57:33 UTC 2026","testcases.auth.LoginTest","Surefire test","testcases.auth.LoginTest","testLoginAdmin"
"Get History Manual Transfer Merchant on Login CS Admin","10832","historyManualTransferMerchantTestCSAdmin","Surefire suite","Fri Oct 02 08:41:41 UTC 2026","passed","Fri Oct 02 08:41:52 UTC 2026","testcases.history.HistoryTransferTest","Surefire test","testcases.history.HistoryTransferTest","historyManualTransferMerchantTestCSAdmin"
"Get Notification Sender Dengan Body Kosong ({})","4851","getNotificationSenderWithEmptyBody","Surefire suite","Fri Oct 02 07:35:22 UTC 2026","passed","Fri Oct 02 07:35:26 UTC 2026","testcases.backoffice.notifsender.NotificationSenderTest","Surefire test","testcases.backoffice.notifsender.NotificationSenderTest","getNotificationSenderWithEmptyBody"
"List Manage Settlement Backoffice Dengan Body Berupa JSON Array ([])","4449","listManageSettlementWithArrayBody","Surefire suite","Fri Oct 02 07:43:27 UTC 2026","passed","Fri Oct 02 07:43:32 UTC 2026","testcases.backoffice.settlement.ManageSettlementTest","Surefire test","testcases.backoffice.settlement.ManageSettlementTest","listManageSettlementWithArrayBody"
"Get Group Detail Backoffice","4589","getGroupDetail","Surefire suite","Fri Oct 02 07:07:43 UTC 2026","passed","Fri Oct 02 07:07:48 UTC 2026","testcases.backoffice.group.GetGroupTest","Surefire test","testcases.backoffice.group.GetGroupTest","getGroupDetail"
"Delete Group Backoffice Menggunakan HTTP Method GET","1474","deleteGroupWithGetMethod","Surefire suite","Fri Oct 02 06:58:18 UTC 2026","passed","Fri Oct 02 06:58:19 UTC 2026","testcases.backoffice.group.DeleteGroupTest","Surefire test","testcases.backoffice.group.DeleteGroupTest","deleteGroupWithGetMethod"
"List Refund Menggunakan Login Customer Service","4511","listRefundWithCSLogin","Surefire suite","Fri Oct 02 08:34:37 UTC 2026","passed","Fri Oct 02 08:34:42 UTC 2026","testcases.backoffice.ListRefundTest","Surefire test","testcases.backoffice.ListRefundTest","listRefundWithCSLogin"
"Refund Summary Backoffice","4469","getRefundSummaryBO","Surefire suite","Fri Oct 02 07:43:30 UTC 2026","passed","Fri Oct 02 07:43:34 UTC 2026","testcases.backoffice.refund.GetRefundTest","Surefire test","testcases.backoffice.refund.GetRefundTest","getRefundSummaryBO"
"Delete Google Authenticator Menggunakan Login Customer Service","4762","deleteOtpGoogleWithCSLogin","Surefire suite","Fri Oct 02 07:22:25 UTC 2026","passed","Fri Oct 02 07:22:30 UTC 2026","testcases.backoffice.googleauth.DeleteOtpGoogleTest","Surefire test","testcases.backoffice.googleauth.DeleteOtpGoogleTest","deleteOtpGoogleWithCSLogin"
"Get List Favorite Account Dengan size Bertipe String","1482","getListFavoriteAccountWithSizeAsString","Surefire suite","Fri Oct 02 09:11:43 UTC 2026","passed","Fri Oct 02 09:11:44 UTC 2026","testcases.settings.favoriteaccount.GetListFavoriteAccountTest","Surefire test","testcases.settings.favoriteaccount.GetListFavoriteAccountTest","getListFavoriteAccountWithSizeAsString"
"Add Currency CS Admin Path Dengan Key rate Terduplikasi","1539","addCurrencyWithDuplicateRateKeys","Surefire suite","Fri Oct 02 08:28:01 UTC 2026","passed","Fri Oct 02 08:28:03 UTC 2026","testcases.backoffice.currency.AddCurrencyTest","Surefire test","testcases.backoffice.currency.AddCurrencyTest","addCurrencyWithDuplicateRateKeys"
"Get Notification Sender Dengan pinValidasi Berupa null","4396","getNotificationSenderWithNullPinValidasi","Surefire suite","Fri Oct 02 07:37:17 UTC 2026","passed","Fri Oct 02 07:37:21 UTC 2026","testcases.backoffice.notifsender.NotificationSenderTest","Surefire test","testcases.backoffice.notifsender.NotificationSenderTest","getNotificationSenderWithNullPinValidasi"
"Get List Favorite Account Tanpa Login/Header Auth","1429","getListFavoriteAccountWithoutAuth","Surefire suite","Fri Oct 02 09:12:15 UTC 2026","passed","Fri Oct 02 09:12:16 UTC 2026","testcases.settings.favoriteaccount.GetListFavoriteAccountTest","Surefire test","testcases.settings.favoriteaccount.GetListFavoriteAccountTest","getListFavoriteAccountWithoutAuth"
"Delete Google Authenticator Menggunakan HTTP Method DELETE","4484","deleteOtpGoogleWithDeleteMethod","Surefire suite","Fri Oct 02 07:22:33 UTC 2026","passed","Fri Oct 02 07:22:38 UTC 2026","testcases.backoffice.googleauth.DeleteOtpGoogleTest","Surefire test","testcases.backoffice.googleauth.DeleteOtpGoogleTest","deleteOtpGoogleWithDeleteMethod"
"Add Currency CS Admin Path Menggunakan Login Marketing","4916","addCurrencyWithMarketingLogin","Surefire suite","Fri Oct 02 08:28:42 UTC 2026","passed","Fri Oct 02 08:28:47 UTC 2026","testcases.backoffice.currency.AddCurrencyTest","Surefire test","testcases.backoffice.currency.AddCurrencyTest","addCurrencyWithMarketingLogin"
"Get Group Detail Backoffice Menggunakan Login Supervisor","4752","getGroupDetailWithSupervisorLogin","Surefire suite","Fri Oct 02 07:09:57 UTC 2026","passed","Fri Oct 02 07:10:02 UTC 2026","testcases.backoffice.group.GetGroupTest","Surefire test","testcases.backoffice.group.GetGroupTest","getGroupDetailWithSupervisorLogin"
"Get Detail Waiting Company Backoffice Dengan Path Traversal pada Id","4954","getDetailWaitingCompanyWithPathTraversalId","Surefire suite","Fri Oct 02 07:27:05 UTC 2026","passed","Fri Oct 02 07:27:10 UTC 2026","testcases.backoffice.GetDetailWaitingCompanyTest","Surefire test","testcases.backoffice.GetDetailWaitingCompanyTest","getDetailWaitingCompanyWithPathTraversalId"
"Success Login CS Admin","3082","testLoginCSAdmin","Surefire suite","Fri Oct 02 06:56:53 UTC 2026","passed","Fri Oct 02 06:56:56 UTC 2026","testcases.auth.LoginTest","Surefire test","testcases.auth.LoginTest","testLoginCSAdmin"
"Delete Favorite Account Dengan id Sangat Panjang","1702","deleteFavoriteAccountWithVeryLongId","Surefire suite","Fri Oct 02 07:10:43 UTC 2026","passed","Fri Oct 02 07:10:45 UTC 2026","testcases.settings.favoriteaccount.DeleteFavoriteAccountTest","Surefire test","testcases.settings.favoriteaccount.DeleteFavoriteAccountTest","deleteFavoriteAccountWithVeryLongId"
"Get Notification Sender Dengan Body JSON Tidak Valid (Malformed)","4355","getNotificationSenderWithMalformedJson","Surefire suite","Fri Oct 02 07:36:32 UTC 2026","passed","Fri Oct 02 07:36:36 UTC 2026","testcases.backoffice.notifsender.NotificationSenderTest","Surefire test","testcases.backoffice.notifsender.NotificationSenderTest","getNotificationSenderWithMalformedJson"
"Created Favorite Account Tanpa Field pin","1576","createdFavoriteAccountWithoutPinField","Surefire suite","Fri Oct 02 07:36:26 UTC 2026","failed","Fri Oct 02 07:36:28 UTC 2026","testcases.settings.favoriteaccount.CreatedFavoriteAccountTest","Surefire test","testcases.settings.favoriteaccount.CreatedFavoriteAccountTest","createdFavoriteAccountWithoutPinField"
"Delete Google Authenticator Menggunakan Login Admin","4467","deleteOtpGoogleWithAdminLogin","Surefire suite","Fri Oct 02 07:22:10 UTC 2026","passed","Fri Oct 02 07:22:15 UTC 2026","testcases.backoffice.googleauth.DeleteOtpGoogleTest","Surefire test","testcases.backoffice.googleauth.DeleteOtpGoogleTest","deleteOtpGoogleWithAdminLogin"
"List Company Backoffice","4908","getListCompany","Surefire suite","Fri Oct 02 07:34:49 UTC 2026","passed","Fri Oct 02 07:34:54 UTC 2026","testcases.backoffice.ListCompanyTest","Surefire test","testcases.backoffice.ListCompanyTest","getListCompany"
"Add Currency CS Admin Path Dengan Content-Type text/plain","1432","addCurrencyWithWrongContentType","Surefire suite","Fri Oct 02 08:29:50 UTC 2026","passed","Fri Oct 02 08:29:51 UTC 2026","testcases.backoffice.currency.AddCurrencyTest","Surefire test","testcases.backoffice.currency.AddCurrencyTest","addCurrencyWithWrongContentType"
"List Manage Settlement Backoffice Dengan Ukuran Halaman Sangat Besar","4542","listManageSettlementWithHugeSize","Surefire suite","Fri Oct 02 07:44:17 UTC 2026","passed","Fri Oct 02 07:44:21 UTC 2026","testcases.backoffice.settlement.ManageSettlementTest","Surefire test","testcases.backoffice.settlement.ManageSettlementTest","listManageSettlementWithHugeSize"
"Get Group Detail Backoffice Menggunakan Login Marketing","4966","getGroupDetailWithMarketingLogin","Surefire suite","Fri Oct 02 07:08:56 UTC 2026","passed","Fri Oct 02 07:09:01 UTC 2026","testcases.backoffice.group.GetGroupTest","Surefire test","testcases.backoffice.group.GetGroupTest","getGroupDetailWithMarketingLogin"
"Delete Favorite Account Menggunakan HTTP Method GET","1791","deleteFavoriteAccountWithGetMethod","Surefire suite","Fri Oct 02 07:09:46 UTC 2026","passed","Fri Oct 02 07:09:47 UTC 2026","testcases.settings.favoriteaccount.DeleteFavoriteAccountTest","Surefire test","testcases.settings.favoriteaccount.DeleteFavoriteAccountTest","deleteFavoriteAccountWithGetMethod"
"List Manage Settlement Backoffice Dengan Body JSON Tidak Valid (Malformed)","4524","listManageSettlementWithMalformedJson","Surefire suite","Fri Oct 02 07:44:49 UTC 2026","passed","Fri Oct 02 07:44:53 UTC 2026","testcases.backoffice.settlement.ManageSettlementTest","Surefire test","testcases.backoffice.settlement.ManageSettlementTest","listManageSettlementWithMalformedJson"
"Get Group Detail Backoffice Dengan Group Id yang Tidak Ada","4436","getGroupDetailWithNonExistentId","Surefire suite","Fri Oct 02 07:09:12 UTC 2026","passed","Fri Oct 02 07:09:16 UTC 2026","testcases.backoffice.group.GetGroupTest","Surefire test","testcases.backoffice.group.GetGroupTest","getGroupDetailWithNonExistentId"
"Get History Manual Transfer Test","7930","historyManualTransferTest","Surefire suite","Fri Oct 02 08:42:10 UTC 2026","passed","Fri Oct 02 08:42:17 UTC 2026","testcases.history.HistoryTransferTest","Surefire test","testcases.history.HistoryTransferTest","historyManualTransferTest"
"Get List Google Authenticator Dengan Content-Type text/plain","4346","listOtpGoogleWithWrongContentType","Surefire suite","Fri Oct 02 07:42:55 UTC 2026","passed","Fri Oct 02 07:43:00 UTC 2026","testcases.backoffice.googleauth.ListOtpGoogleTest","Surefire test","testcases.backoffice.googleauth.ListOtpGoogleTest","listOtpGoogleWithWrongContentType"
"List Manage Settlement Backoffice Menggunakan Login Marketing","4559","listManageSettlementWithMarketingLogin","Surefire suite","Fri Oct 02 07:45:04 UTC 2026","passed","Fri Oct 02 07:45:08 UTC 2026","testcases.backoffice.settlement.ManageSettlementTest","Surefire test","testcases.backoffice.settlement.ManageSettlementTest","listManageSettlementWithMarketingLogin"
"Delete Manage Settlement BO Menggunakan Login Customer Service","4459","deleteManageSettlementWithCSLogin","Surefire suite","Fri Oct 02 07:14:29 UTC 2026","passed","Fri Oct 02 07:14:33 UTC 2026","testcases.backoffice.settlement.DeleteManageSettlementTest","Surefire test","testcases.backoffice.settlement.DeleteManageSettlementTest","deleteManageSettlementWithCSLogin"
"Mutasi Special Transfer Supervisor","22006","mutasiSpecialTransferSupervisor","Surefire suite","Fri Oct 02 08:59:59 UTC 2026","passed","Fri Oct 02 09:00:21 UTC 2026","testcases.mutasi.MutasiTransferTest","Surefire test","testcases.mutasi.MutasiTransferTest","mutasiSpecialTransferSupervisor"
"Test Rejected Special Transfer","11742","rejectedSpecialTransfer","Surefire suite","Fri Oct 02 08:20:32 UTC 2026","passed","Fri Oct 02 08:20:44 UTC 2026","testcases.backoffice.ApprovalTransferTest","Surefire test","testcases.backoffice.ApprovalTransferTest","rejectedSpecialTransfer"
"Get Notification Sender Menggunakan HTTP Method DELETE","4611","getNotificationSenderWithDeleteMethod","Surefire suite","Fri Oct 02 07:35:14 UTC 2026","passed","Fri Oct 02 07:35:19 UTC 2026","testcases.backoffice.notifsender.NotificationSenderTest","Surefire test","testcases.backoffice.notifsender.NotificationSenderTest","getNotificationSenderWithDeleteMethod"
"Reset Password CS Admin","4758","resetPasswordCSAdmin","Surefire suite","Fri Oct 02 06:57:07 UTC 2026","passed","Fri Oct 02 06:57:12 UTC 2026","testcases.settings.ResetPasswordTest","Surefire test","testcases.settings.ResetPasswordTest","resetPasswordCSAdmin"
"Test Approved USDT Supervisor","17128","approvedUSDTSupervisor","Surefire suite","Fri Oct 02 08:17:28 UTC 2026","passed","Fri Oct 02 08:17:45 UTC 2026","testcases.backoffice.ApprovalTransferTest","Surefire test","testcases.backoffice.ApprovalTransferTest","approvedUSDTSupervisor"
"Get Group User Backoffice","5297","getGroupSuperBO","Surefire suite","Fri Oct 02 07:29:14 UTC 2026","passed","Fri Oct 02 07:29:19 UTC 2026","testcases.backoffice.GetDashboardTest","Surefire test","testcases.backoffice.GetDashboardTest","getGroupSuperBO"
"Resend Google Authenticator Menggunakan HTTP Method GET","4371","resendOtpGoogleWithGetMethod","Surefire suite","Fri Oct 02 07:40:21 UTC 2026","passed","Fri Oct 02 07:40:26 UTC 2026","testcases.backoffice.googleauth.ResendOtpGoogleTest","Surefire test","testcases.backoffice.googleauth.ResendOtpGoogleTest","resendOtpGoogleWithGetMethod"
"Get List Group Company BO Menggunakan Login CS Admin","4690","getListGroupCompanyWithCSAdminLogin","Surefire suite","Fri Oct 02 07:10:47 UTC 2026","passed","Fri Oct 02 07:10:52 UTC 2026","testcases.backoffice.settlement.GetListGroupCompanyTest","Surefire test","testcases.backoffice.settlement.GetListGroupCompanyTest","getListGroupCompanyWithCSAdminLogin"
"List User Backoffice Tanpa Body Sama Sekali","4490","listUsersWithoutBody","Surefire suite","Fri Oct 02 07:49:47 UTC 2026","passed","Fri Oct 02 07:49:51 UTC 2026","testcases.backoffice.users.ListUsersTest","Surefire test","testcases.backoffice.users.ListUsersTest","listUsersWithoutBody"
"List User Backoffice Menggunakan Login Merchant","4905","listUsersWithMerchantLogin","Surefire suite","Fri Oct 02 07:49:11 UTC 2026","passed","Fri Oct 02 07:49:16 UTC 2026","testcases.backoffice.users.ListUsersTest","Surefire test","testcases.backoffice.users.ListUsersTest","listUsersWithMerchantLogin"
"Get List Group Company BO Dengan groupName Tidak Terdaftar","4578","getListGroupCompanyWithNonExistentGroupName","Surefire suite","Fri Oct 02 07:12:01 UTC 2026","passed","Fri Oct 02 07:12:06 UTC 2026","testcases.backoffice.settlement.GetListGroupCompanyTest","Surefire test","testcases.backoffice.settlement.GetListGroupCompanyTest","getListGroupCompanyWithNonExistentGroupName"
"Refund Summary Dengan Header Authorization Tanpa Skema Bearer","1576","getRefundWithMalformedAuthorizationHeader","Surefire suite","Fri Oct 02 07:45:06 UTC 2026","passed","Fri Oct 02 07:45:07 UTC 2026","testcases.backoffice.refund.GetRefundTest","Surefire test","testcases.backoffice.refund.GetRefundTest","getRefundWithMalformedAuthorizationHeader"
"Refund Summary Dengan startDate Bukan Format Tanggal","1440","getRefundWithInvalidStartDate","Surefire suite","Fri Oct 02 07:44:52 UTC 2026","passed","Fri Oct 02 07:44:53 UTC 2026","testcases.backoffice.refund.GetRefundTest","Surefire test","testcases.backoffice.refund.GetRefundTest","getRefundWithInvalidStartDate"
"Generate QR Success with before and after Balance","11080","generateQRTestPaidBalance","Surefire suite","Fri Oct 02 07:12:37 UTC 2026","passed","Fri Oct 02 07:12:48 UTC 2026","testcases.QR.GenerateQRPaidTest","Surefire test","testcases.QR.GenerateQRPaidTest","generateQRTestPaidBalance"
"Delete Group Backoffice Dengan id Valid Tapi name Tidak Cocok","15041","deleteGroupWithMismatchedName","Surefire suite","Fri Oct 02 06:58:59 UTC 2026","passed","Fri Oct 02 06:59:14 UTC 2026","testcases.backoffice.group.DeleteGroupTest","Surefire test","testcases.backoffice.group.DeleteGroupTest","deleteGroupWithMismatchedName"
"Get Group Detail Backoffice Dengan Path Traversal pada Group Id","4534","getGroupDetailWithPathTraversalId","Surefire suite","Fri Oct 02 07:09:27 UTC 2026","passed","Fri Oct 02 07:09:31 UTC 2026","testcases.backoffice.group.GetGroupTest","Surefire test","testcases.backoffice.group.GetGroupTest","getGroupDetailWithPathTraversalId"
"List Manage Settlement Backoffice Dengan Field Sort Merujuk ke Kolom yang Tidak Ada","4536","listManageSettlementWithInvalidSortField","Surefire suite","Fri Oct 02 07:44:32 UTC 2026","passed","Fri Oct 02 07:44:37 UTC 2026","testcases.backoffice.settlement.ManageSettlementTest","Surefire test","testcases.backoffice.settlement.ManageSettlementTest","listManageSettlementWithInvalidSortField"
"Get Notification Sender Dengan pinValidasi Berisi Karakter SQL Injection","4532","getNotificationSenderWithSqlInjectionPinValidasi","Surefire suite","Fri Oct 02 07:37:55 UTC 2026","passed","Fri Oct 02 07:37:59 UTC 2026","testcases.backoffice.notifsender.NotificationSenderTest","Surefire test","testcases.backoffice.notifsender.NotificationSenderTest","getNotificationSenderWithSqlInjectionPinValidasi"
"Delete Manage Settlement BO Dengan Token Kadaluarsa","1419","deleteManageSettlementWithExpiredToken","Surefire suite","Fri Oct 02 07:14:51 UTC 2026","passed","Fri Oct 02 07:14:52 UTC 2026","testcases.backoffice.settlement.DeleteManageSettlementTest","Surefire test","testcases.backoffice.settlement.DeleteManageSettlementTest","deleteManageSettlementWithExpiredToken"
"Get Notification Sender Dengan Body Berupa Literal null","4706","getNotificationSenderWithNullLiteralBody","Surefire suite","Fri Oct 02 07:37:09 UTC 2026","passed","Fri Oct 02 07:37:14 UTC 2026","testcases.backoffice.notifsender.NotificationSenderTest","Surefire test","testcases.backoffice.notifsender.NotificationSenderTest","getNotificationSenderWithNullLiteralBody"
"Get List Group Backoffice Dengan Token Backoffice Valid Tapi Tanpa Header pbyv","1524","getListGroupWithoutPbyvHeader","Surefire suite","Fri Oct 02 07:03:42 UTC 2026","passed","Fri Oct 02 07:03:44 UTC 2026","testcases.backoffice.group.GetListGroupTest","Surefire test","testcases.backoffice.group.GetListGroupTest","getListGroupWithoutPbyvHeader"
"Get List Group Company BO Dengan groupName Sangat Panjang (10.000 karakter)","4551","getListGroupCompanyWithOverlongGroupName","Surefire suite","Fri Oct 02 07:12:09 UTC 2026","passed","Fri Oct 02 07:12:13 UTC 2026","testcases.backoffice.settlement.GetListGroupCompanyTest","Surefire test","testcases.backoffice.settlement.GetListGroupCompanyTest","getListGroupCompanyWithOverlongGroupName"
"Success Assignment Cash Deposit","16388","assignCashDepositTest","Surefire suite","Fri Oct 02 07:47:10 UTC 2026","passed","Fri Oct 02 07:47:27 UTC 2026","testcases.backoffice.TransferAssignmentTest","Surefire test","testcases.backoffice.TransferAssignmentTest","assignCashDepositTest"
"Get History USDT Transfer Test Supervisor","8062","historyUSDTTransferTestSupervisor","Surefire suite","Fri Oct 02 08:48:22 UTC 2026","passed","Fri Oct 02 08:48:30 UTC 2026","testcases.history.HistoryTransferTest","Surefire test","testcases.history.HistoryTransferTest","historyUSDTTransferTestSupervisor"
"Add Group Backoffice Dengan Karakter SQL Injection pada name","1548","addGroupWithSqlInjectionName","Surefire suite","Fri Oct 02 07:06:35 UTC 2026","passed","Fri Oct 02 07:06:36 UTC 2026","testcases.backoffice.group.AddGroupTest","Surefire test","testcases.backoffice.group.AddGroupTest","addGroupWithSqlInjectionName"
"List Currency USDT Menggunakan HTTP Method GET","1486","getCurrencyWithGetMethod","Surefire suite","Fri Oct 02 07:31:17 UTC 2026","passed","Fri Oct 02 07:31:19 UTC 2026","testcases.backoffice.currency.GetCurrencyTest","Surefire test","testcases.backoffice.currency.GetCurrencyTest","getCurrencyWithGetMethod"
"Refund Summary Dengan Payload XSS pada Field type","1456","getRefundWithXssType","Surefire suite","Fri Oct 02 07:46:34 UTC 2026","passed","Fri Oct 02 07:46:35 UTC 2026","testcases.backoffice.refund.GetRefundTest","Surefire test","testcases.backoffice.refund.GetRefundTest","getRefundWithXssType"
"Delete Manage Settlement BO Menggunakan Login Admin Crypto","4757","deleteManageSettlementWithAdminCryptoLogin","Surefire suite","Fri Oct 02 07:13:52 UTC 2026","passed","Fri Oct 02 07:13:57 UTC 2026","testcases.backoffice.settlement.DeleteManageSettlementTest","Surefire test","testcases.backoffice.settlement.DeleteManageSettlementTest","deleteManageSettlementWithAdminCryptoLogin"
"Test Rejected Special Transfer Supervisor","11224","rejectedSpecialTransferSupervisor","Surefire suite","Fri Oct 02 08:20:47 UTC 2026","passed","Fri Oct 02 08:20:58 UTC 2026","testcases.backoffice.ApprovalTransferTest","Surefire test","testcases.backoffice.ApprovalTransferTest","rejectedSpecialTransferSupervisor"
"Transfer Different Parner Reference Supervisor, Manual Transfer to Transfer","47744","trfPartnerRefManualSpvFailed","Surefire suite","Fri Oct 02 06:57:10 UTC 2026","passed","Fri Oct 02 06:57:58 UTC 2026","testcases.transfer.TransferTest","Surefire test","testcases.transfer.TransferTest","trfPartnerRefManualSpvFailed"
"Delete Manage Settlement BO Dengan id Sangat Panjang (10.000 karakter)","4536","deleteManageSettlementWithOverlongId","Surefire suite","Fri Oct 02 07:15:44 UTC 2026","passed","Fri Oct 02 07:15:48 UTC 2026","testcases.backoffice.settlement.DeleteManageSettlementTest","Surefire test","testcases.backoffice.settlement.DeleteManageSettlementTest","deleteManageSettlementWithOverlongId"
"Get Balance Merchant with Login Marketing","4727","getFailedBalanceMerchantLoginMarketing","Surefire suite","Fri Oct 02 06:56:49 UTC 2026","passed","Fri Oct 02 06:56:54 UTC 2026","testcases.balance.GetBalanceQrisTest","Surefire test","testcases.balance.GetBalanceQrisTest","getFailedBalanceMerchantLoginMarketing"
"Get Detail Waiting Company Backoffice","4567","getDetailWaitingCompany","Surefire suite","Fri Oct 02 07:25:28 UTC 2026","passed","Fri Oct 02 07:25:32 UTC 2026","testcases.backoffice.GetDetailWaitingCompanyTest","Surefire test","testcases.backoffice.GetDetailWaitingCompanyTest","getDetailWaitingCompany"
"Reset Password Group","5405","resetPasswordGroup","Surefire suite","Fri Oct 02 06:57:13 UTC 2026","passed","Fri Oct 02 06:57:18 UTC 2026","testcases.settings.ResetPasswordTest","Surefire test","testcases.settings.ResetPasswordTest","resetPasswordGroup"
"Get Detail Waiting Company Backoffice Menggunakan HTTP Method DELETE","4394","getDetailWaitingCompanyWithDeleteMethod","Surefire suite","Fri Oct 02 07:25:50 UTC 2026","passed","Fri Oct 02 07:25:55 UTC 2026","testcases.backoffice.GetDetailWaitingCompanyTest","Surefire test","testcases.backoffice.GetDetailWaitingCompanyTest","getDetailWaitingCompanyWithDeleteMethod"
"Get List Google Authenticator Dengan Token Kadaluarsa","1433","listOtpGoogleWithExpiredToken","Surefire suite","Fri Oct 02 07:40:49 UTC 2026","passed","Fri Oct 02 07:40:50 UTC 2026","testcases.backoffice.googleauth.ListOtpGoogleTest","Surefire test","testcases.backoffice.googleauth.ListOtpGoogleTest","listOtpGoogleWithExpiredToken"
"List Manage Settlement Backoffice Dengan Token Backoffice Valid Tapi Tanpa Header pbyv","4632","listManageSettlementWithoutPbyvHeader","Surefire suite","Fri Oct 02 07:46:47 UTC 2026","passed","Fri Oct 02 07:46:51 UTC 2026","testcases.backoffice.settlement.ManageSettlementTest","Surefire test","testcases.backoffice.settlement.ManageSettlementTest","listManageSettlementWithoutPbyvHeader"
"Mutasi Transfer Supervisor Balance","11487","mutasiTransferSupervisorBalance","Surefire suite","Fri Oct 02 09:02:09 UTC 2026","passed","Fri Oct 02 09:02:21 UTC 2026","testcases.mutasi.MutasiTransferTest","Surefire test","testcases.mutasi.MutasiTransferTest","mutasiTransferSupervisorBalance"
"Delete Google Authenticator Tanpa id (Path Kosong)","4627","deleteOtpGoogleWithEmptyId","Surefire suite","Fri Oct 02 07:22:41 UTC 2026","passed","Fri Oct 02 07:22:45 UTC 2026","testcases.backoffice.googleauth.DeleteOtpGoogleTest","Surefire test","testcases.backoffice.googleauth.DeleteOtpGoogleTest","deleteOtpGoogleWithEmptyId"
"Success Login Marketing","3138","testLoginMarketing","Surefire suite","Fri Oct 02 06:57:35 UTC 2026","passed","Fri Oct 02 06:57:38 UTC 2026","testcases.auth.LoginTest","Surefire test","testcases.auth.LoginTest","testLoginMarketing"
"List Currency USDT Dengan Body Kosong ({})","1642","getCurrencyWithEmptyBody","Surefire suite","Fri Oct 02 07:31:08 UTC 2026","passed","Fri Oct 02 07:31:10 UTC 2026","testcases.backoffice.currency.GetCurrencyTest","Surefire test","testcases.backoffice.currency.GetCurrencyTest","getCurrencyWithEmptyBody"
"Get Group Backoffice Dengan Token Tidak Valid","1517","getGroupWithInvalidToken","Surefire suite","Fri Oct 02 07:29:29 UTC 2026","passed","Fri Oct 02 07:29:31 UTC 2026","testcases.backoffice.GetDashboardTest","Surefire test","testcases.backoffice.GetDashboardTest","getGroupWithInvalidToken"
"Delete Group Backoffice Dengan Payload XSS pada name","1564","deleteGroupWithXssName","Surefire suite","Fri Oct 02 07:00:10 UTC 2026","passed","Fri Oct 02 07:00:11 UTC 2026","testcases.backoffice.group.DeleteGroupTest","Surefire test","testcases.backoffice.group.DeleteGroupTest","deleteGroupWithXssName"
"Get Balance Merchant","8741","getBalanceMerchant","Surefire suite","Fri Oct 02 06:56:31 UTC 2026","passed","Fri Oct 02 06:56:39 UTC 2026","testcases.balance.GetBalanceQrisTest","Surefire test","testcases.balance.GetBalanceQrisTest","getBalanceMerchant"
"List Manage Settlement Backoffice Dengan Payload XSS pada Field Param","4760","listManageSettlementWithXssParam","Surefire suite","Fri Oct 02 07:46:27 UTC 2026","passed","Fri Oct 02 07:46:32 UTC 2026","testcases.backoffice.settlement.ManageSettlementTest","Surefire test","testcases.backoffice.settlement.ManageSettlementTest","listManageSettlementWithXssParam"
"Mutasi Manual Transfer CS","26560","mutasiManualTransferCS","Surefire suite","Fri Oct 02 08:55:47 UTC 2026","passed","Fri Oct 02 08:56:14 UTC 2026","testcases.mutasi.MutasiTransferTest","Surefire test","testcases.mutasi.MutasiTransferTest","mutasiManualTransferCS"
"Add Merchant From Backoffice","6418","addCompanyBackoffice","Surefire suite","Fri Oct 02 07:25:18 UTC 2026","passed","Fri Oct 02 07:25:25 UTC 2026","testcases.backoffice.AddCompanyTest","Surefire test","testcases.backoffice.AddCompanyTest","addCompanyBackoffice"
"Delete Group Backoffice yang Sama Dipanggil Dua Kali (Sudah Terhapus)","21000","deleteGroupAlreadyDeleted","Surefire suite","Fri Oct 02 06:56:40 UTC 2026","passed","Fri Oct 02 06:57:01 UTC 2026","testcases.backoffice.group.DeleteGroupTest","Surefire test","testcases.backoffice.group.DeleteGroupTest","deleteGroupAlreadyDeleted"
"Delete Group Backoffice Dengan name String Kosong","1468","deleteGroupWithEmptyName","Surefire suite","Fri Oct 02 06:58:09 UTC 2026","passed","Fri Oct 02 06:58:10 UTC 2026","testcases.backoffice.group.DeleteGroupTest","Surefire test","testcases.backoffice.group.DeleteGroupTest","deleteGroupWithEmptyName"
"Transfer Different Partner Reference, USDT Transfer to Transfer","47880","trfPartnerRefUSDTFailed","Surefire suite","Fri Oct 02 06:59:50 UTC 2026","passed","Fri Oct 02 07:00:38 UTC 2026","testcases.transfer.TransferTest","Surefire test","testcases.transfer.TransferTest","trfPartnerRefUSDTFailed"
"Create Manage Settlement BO Menggunakan HTTP Method DELETE","4542","addManageSettlementWithDeleteMethod","Surefire suite","Fri Oct 02 07:18:07 UTC 2026","passed","Fri Oct 02 07:18:11 UTC 2026","testcases.backoffice.settlement.AddManageSettlementTest","Surefire test","testcases.backoffice.settlement.AddManageSettlementTest","addManageSettlementWithDeleteMethod"
"List Manage Settlement Backoffice Menggunakan HTTP Method PUT","4427","listManageSettlementWithPutMethod","Surefire suite","Fri Oct 02 07:45:41 UTC 2026","passed","Fri Oct 02 07:45:46 UTC 2026","testcases.backoffice.settlement.ManageSettlementTest","Surefire test","testcases.backoffice.settlement.ManageSettlementTest","listManageSettlementWithPutMethod"
"Generate QR Success with Fee Admin","29492","generateQRBalanceFeeAdmin","Surefire suite","Fri Oct 02 07:11:34 UTC 2026","passed","Fri Oct 02 07:12:03 UTC 2026","testcases.QR.GenerateQRPaidTest","Surefire test","testcases.QR.GenerateQRPaidTest","generateQRBalanceFeeAdmin"
"Generate QR Success with before and after Balance","28118","generateQRBalanceFeeMarketing","Surefire suite","Fri Oct 02 07:12:06 UTC 2026","passed","Fri Oct 02 07:12:34 UTC 2026","testcases.QR.GenerateQRPaidTest","Surefire test","testcases.QR.GenerateQRPaidTest","generateQRBalanceFeeMarketing"
"Delete Google Authenticator Menggunakan Login Merchant","4556","deleteOtpGoogleWithMerchantLogin","Surefire suite","Fri Oct 02 07:23:25 UTC 2026","passed","Fri Oct 02 07:23:29 UTC 2026","testcases.backoffice.googleauth.DeleteOtpGoogleTest","Surefire test","testcases.backoffice.googleauth.DeleteOtpGoogleTest","deleteOtpGoogleWithMerchantLogin"
"Transfer Different Parner Reference Supervisor, Special Transfer to Transfer","47416","trfPartnerRefSpecialSpvFailed","Surefire suite","Fri Oct 02 06:58:01 UTC 2026","passed","Fri Oct 02 06:58:48 UTC 2026","testcases.transfer.TransferTest","Surefire test","testcases.transfer.TransferTest","trfPartnerRefSpecialSpvFailed"
"Delete Manage Settlement BO Dengan id Berisi Spasi","4347","deleteManageSettlementWithWhitespaceId","Surefire suite","Fri Oct 02 07:16:29 UTC 2026","passed","Fri Oct 02 07:16:34 UTC 2026","testcases.backoffice.settlement.DeleteManageSettlementTest","Surefire test","testcases.backoffice.settlement.DeleteManageSettlementTest","deleteManageSettlementWithWhitespaceId"
"Get Group Backoffice Tanpa Login/Header Auth","1425","getGroupWithoutAuth","Surefire suite","Fri Oct 02 07:29:41 UTC 2026","passed","Fri Oct 02 07:29:43 UTC 2026","testcases.backoffice.GetDashboardTest","Surefire test","testcases.backoffice.GetDashboardTest","getGroupWithoutAuth"
"Get Detail User Backoffice Dengan Format User Id Tidak Valid (Bukan ObjectId)","4404","getUsersWithMalformedId","Surefire suite","Fri Oct 02 07:47:30 UTC 2026","passed","Fri Oct 02 07:47:34 UTC 2026","testcases.backoffice.users.ListUsersTest","Surefire test","testcases.backoffice.users.ListUsersTest","getUsersWithMalformedId"
"Get History Flop Transfer Test","8829","historyFlopTransferTest","Surefire suite","Fri Oct 02 08:40:37 UTC 2026","passed","Fri Oct 02 08:40:46 UTC 2026","testcases.history.HistoryTransferTest","Surefire test","testcases.history.HistoryTransferTest","historyFlopTransferTest"
"Test Approved USDT Supervisor Tanpa URL","58502","approvedUSDTSupervisorWithoutURL","Surefire suite","Fri Oct 02 08:17:48 UTC 2026","passed","Fri Oct 02 08:18:46 UTC 2026","testcases.backoffice.ApprovalTransferTest","Surefire test","testcases.backoffice.ApprovalTransferTest","approvedUSDTSupervisorWithoutURL"
"Add Group Backoffice Dengan name Hanya Spasi","1524","addGroupWithWhitespaceName","Surefire suite","Fri Oct 02 07:06:56 UTC 2026","passed","Fri Oct 02 07:06:58 UTC 2026","testcases.backoffice.group.AddGroupTest","Surefire test","testcases.backoffice.group.AddGroupTest","addGroupWithWhitespaceName"
"Delete Google Authenticator Menggunakan Login Marketing","4506","deleteOtpGoogleWithMarketingLogin","Surefire suite","Fri Oct 02 07:23:17 UTC 2026","passed","Fri Oct 02 07:23:22 UTC 2026","testcases.backoffice.googleauth.DeleteOtpGoogleTest","Surefire test","testcases.backoffice.googleauth.DeleteOtpGoogleTest","deleteOtpGoogleWithMarketingLogin"
"List Company Backoffice Dengan Token Tidak Valid","1435","listCompanyWithInvalidToken","Surefire suite","Fri Oct 02 07:35:59 UTC 2026","passed","Fri Oct 02 07:36:00 UTC 2026","testcases.backoffice.ListCompanyTest","Surefire test","testcases.backoffice.ListCompanyTest","listCompanyWithInvalidToken"
"Delete Favorite Account Dengan Header credentialId Salah","1677","deleteFavoriteAccountWithWrongCredentialIdHeader","Surefire suite","Fri Oct 02 07:10:57 UTC 2026","failed","Fri Oct 02 07:10:58 UTC 2026","testcases.settings.favoriteaccount.DeleteFavoriteAccountTest","Surefire test","testcases.settings.favoriteaccount.DeleteFavoriteAccountTest","deleteFavoriteAccountWithWrongCredentialIdHeader"
"Delete Google Authenticator Menggunakan HTTP Method PATCH","4664","deleteOtpGoogleWithPatchMethod","Surefire suite","Fri Oct 02 07:23:48 UTC 2026","passed","Fri Oct 02 07:23:53 UTC 2026","testcases.backoffice.googleauth.DeleteOtpGoogleTest","Surefire test","testcases.backoffice.googleauth.DeleteOtpGoogleTest","deleteOtpGoogleWithPatchMethod"
"Inquiry Favorite Account Dengan Content-Type text/plain","1421","inquiryFavoriteAccountWithWrongContentType","Surefire suite","Fri Oct 02 07:37:54 UTC 2026","passed","Fri Oct 02 07:37:56 UTC 2026","testcases.settings.favoriteaccount.InquiryFavoriteAccountTest","Surefire test","testcases.settings.favoriteaccount.InquiryFavoriteAccountTest","inquiryFavoriteAccountWithWrongContentType"
"Mutasi USDT Transfer CS","26689","mutasiUSDTTransferCS","Surefire suite","Fri Oct 02 09:05:05 UTC 2026","passed","Fri Oct 02 09:05:32 UTC 2026","testcases.mutasi.MutasiTransferTest","Surefire test","testcases.mutasi.MutasiTransferTest","mutasiUSDTTransferCS"
"Get History Transfer Test Admin Crypto","7808","historyTransferTestAdminCrypto","Surefire suite","Fri Oct 02 08:46:14 UTC 2026","passed","Fri Oct 02 08:46:22 UTC 2026","testcases.history.HistoryTransferTest","Surefire test","testcases.history.HistoryTransferTest","historyTransferTestAdminCrypto"
"Add Group Backoffice Dengan feeBankPercent Melebihi 100","1633","addGroupWithFeeOver100","Surefire suite","Fri Oct 02 07:05:17 UTC 2026","passed","Fri Oct 02 07:05:19 UTC 2026","testcases.backoffice.group.AddGroupTest","Surefire test","testcases.backoffice.group.AddGroupTest","addGroupWithFeeOver100"
"Get List Google Authenticator Dengan Sort Tanpa Operator '=='","4481","listOtpGoogleWithMalformedSortOperator","Surefire suite","Fri Oct 02 07:41:40 UTC 2026","passed","Fri Oct 02 07:41:45 UTC 2026","testcases.backoffice.googleauth.ListOtpGoogleTest","Surefire test","testcases.backoffice.googleauth.ListOtpGoogleTest","listOtpGoogleWithMalformedSortOperator"
"Delete Group Backoffice Menggunakan Login CS Admin","4582","deleteGroupWithCSAdminLogin","Surefire suite","Fri Oct 02 06:57:40 UTC 2026","passed","Fri Oct 02 06:57:45 UTC 2026","testcases.backoffice.group.DeleteGroupTest","Surefire test","testcases.backoffice.group.DeleteGroupTest","deleteGroupWithCSAdminLogin"
"Delete Manage Settlement BO Dengan id Valid Secara Format Tapi Tidak Ada","4910","deleteManageSettlementWithNonExistentId","Surefire suite","Fri Oct 02 07:15:36 UTC 2026","passed","Fri Oct 02 07:15:41 UTC 2026","testcases.backoffice.settlement.DeleteManageSettlementTest","Surefire test","testcases.backoffice.settlement.DeleteManageSettlementTest","deleteManageSettlementWithNonExistentId"
"Reset Password Merchant","5212","resetPasswordMerchant","Surefire suite","Fri Oct 02 07:08:49 UTC 2026","passed","Fri Oct 02 07:08:54 UTC 2026","testcases.settings.ResetPasswordTest","Surefire test","testcases.settings.ResetPasswordTest","resetPasswordMerchant"
"Create Manage Settlement BO Menggunakan Login Supervisor","4587","addManageSettlementWithSupervisorLogin","Surefire suite","Fri Oct 02 07:20:42 UTC 2026","passed","Fri Oct 02 07:20:47 UTC 2026","testcases.backoffice.settlement.AddManageSettlementTest","Surefire test","testcases.backoffice.settlement.AddManageSettlementTest","addManageSettlementWithSupervisorLogin"
"List Manage Settlement Backoffice Menggunakan Login Admin Crypto","4441","listManageSettlementWithAdminCryptoLogin","Surefire suite","Fri Oct 02 07:43:12 UTC 2026","passed","Fri Oct 02 07:43:16 UTC 2026","testcases.backoffice.settlement.ManageSettlementTest","Surefire test","testcases.backoffice.settlement.ManageSettlementTest","listManageSettlementWithAdminCryptoLogin"
"Get History Transfer Supervisor on Login CS Admin","12234","historyTransferSupervisorTestCSAdmin","Surefire suite","Fri Oct 02 08:45:33 UTC 2026","passed","Fri Oct 02 08:45:45 UTC 2026","testcases.history.HistoryTransferTest","Surefire test","testcases.history.HistoryTransferTest","historyTransferSupervisorTestCSAdmin"
"Add Group Backoffice Dengan Body Berupa Literal null","1407","addGroupWithNullLiteralBody","Surefire suite","Fri Oct 02 07:06:12 UTC 2026","passed","Fri Oct 02 07:06:14 UTC 2026","testcases.backoffice.group.AddGroupTest","Surefire test","testcases.backoffice.group.AddGroupTest","addGroupWithNullLiteralBody"
"Add Currency CS Admin Path Dengan Body Berupa Literal null","1537","addCurrencyWithNullLiteralBody","Surefire suite","Fri Oct 02 08:29:07 UTC 2026","passed","Fri Oct 02 08:29:08 UTC 2026","testcases.backoffice.currency.AddCurrencyTest","Surefire test","testcases.backoffice.currency.AddCurrencyTest","addCurrencyWithNullLiteralBody"
"Created Favorite Account Dengan Body Berupa JSON Array ([])","5394","createdFavoriteAccountWithArrayBody","Surefire suite","Fri Oct 02 07:34:37 UTC 2026","passed","Fri Oct 02 07:34:43 UTC 2026","testcases.settings.favoriteaccount.CreatedFavoriteAccountTest","Surefire test","testcases.settings.favoriteaccount.CreatedFavoriteAccountTest","createdFavoriteAccountWithArrayBody"
"Get List Favorite Account Menggunakan HTTP Method DELETE","1442","getListFavoriteAccountWithDeleteMethod","Surefire suite","Fri Oct 02 09:10:42 UTC 2026","passed","Fri Oct 02 09:10:43 UTC 2026","testcases.settings.favoriteaccount.GetListFavoriteAccountTest","Surefire test","testcases.settings.favoriteaccount.GetListFavoriteAccountTest","getListFavoriteAccountWithDeleteMethod"
"Get History Flop Transfer Test Admin Crypto","8606","historyFlopTransferTestAdminCrypto","Surefire suite","Fri Oct 02 08:41:03 UTC 2026","passed","Fri Oct 02 08:41:12 UTC 2026","testcases.history.HistoryTransferTest","Surefire test","testcases.history.HistoryTransferTest","historyFlopTransferTestAdminCrypto"
"Get List Google Authenticator Menggunakan HTTP Method DELETE","4576","listOtpGoogleWithDeleteMethod","Surefire suite","Fri Oct 02 07:40:34 UTC 2026","passed","Fri Oct 02 07:40:38 UTC 2026","testcases.backoffice.googleauth.ListOtpGoogleTest","Surefire test","testcases.backoffice.googleauth.ListOtpGoogleTest","listOtpGoogleWithDeleteMethod"
"Add Group Backoffice Dengan Payload XSS pada name","1459","addGroupWithXssName","Surefire suite","Fri Oct 02 07:07:20 UTC 2026","passed","Fri Oct 02 07:07:22 UTC 2026","testcases.backoffice.group.AddGroupTest","Surefire test","testcases.backoffice.group.AddGroupTest","addGroupWithXssName"
"Delete Manage Settlement BO Dengan id Berisi Payload XSS","4734","deleteManageSettlementWithXssId","Surefire suite","Fri Oct 02 07:16:44 UTC 2026","passed","Fri Oct 02 07:16:49 UTC 2026","testcases.backoffice.settlement.DeleteManageSettlementTest","Surefire test","testcases.backoffice.settlement.DeleteManageSettlementTest","deleteManageSettlementWithXssId"
"Get History QR Supervisor","9862","historyQRTestSupervisor","Surefire suite","Fri Oct 02 07:53:04 UTC 2026","passed","Fri Oct 02 07:53:13 UTC 2026","testcases.history.HistoryQRTest","Surefire test","testcases.history.HistoryQRTest","historyQRTestSupervisor"
"Test Settlement USDT dengan check Fee di Admin Crypto dan Admin Fee","44579","settlementUSDT","Surefire suite","Fri Oct 02 08:21:42 UTC 2026","passed","Fri Oct 02 08:22:26 UTC 2026","testcases.backoffice.ApprovalTransferTest","Surefire test","testcases.backoffice.ApprovalTransferTest","settlementUSDT"
"List Refund Menggunakan Login Merchant","4537","listRefundMerchant","Surefire suite","Fri Oct 02 08:34:15 UTC 2026","passed","Fri Oct 02 08:34:19 UTC 2026","testcases.backoffice.ListRefundTest","Surefire test","testcases.backoffice.ListRefundTest","listRefundMerchant"
"Get List Group","4560","getListGroup","Surefire suite","Fri Oct 02 07:00:37 UTC 2026","passed","Fri Oct 02 07:00:41 UTC 2026","testcases.backoffice.group.GetListGroupTest","Surefire test","testcases.backoffice.group.GetListGroupTest","getListGroup"
"Get List Group Company BO Menggunakan Login Admin Crypto","4466","getListGroupCompanyWithAdminCryptoLogin","Surefire suite","Fri Oct 02 07:10:32 UTC 2026","passed","Fri Oct 02 07:10:37 UTC 2026","testcases.backoffice.settlement.GetListGroupCompanyTest","Surefire test","testcases.backoffice.settlement.GetListGroupCompanyTest","getListGroupCompanyWithAdminCryptoLogin"
"Get History Flop Transfer Merchant on Login CS Admin","18777","historyFlopTransferMerchantTestCSAdmin","Surefire suite","Fri Oct 02 08:40:00 UTC 2026","passed","Fri Oct 02 08:40:19 UTC 2026","testcases.history.HistoryTransferTest","Surefire test","testcases.history.HistoryTransferTest","historyFlopTransferMerchantTestCSAdmin"
"List Currency USDT Dengan Header Authorization Tanpa Skema Bearer","1446","getCurrencyWithMalformedAuthorizationHeader","Surefire suite","Fri Oct 02 07:31:40 UTC 2026","passed","Fri Oct 02 07:31:41 UTC 2026","testcases.backoffice.currency.GetCurrencyTest","Surefire test","testcases.backoffice.currency.GetCurrencyTest","getCurrencyWithMalformedAuthorizationHeader"
"Inquiry Test Manual Transfer Merchant","4613","inquiryManualTransfer","Surefire suite","Fri Oct 02 07:42:44 UTC 2026","passed","Fri Oct 02 07:42:49 UTC 2026","testcases.transfer.InquiryManualTransferTest","Surefire test","testcases.transfer.InquiryManualTransferTest","inquiryManualTransfer"
"Login Merchant tanpa Parameter Password","2972","testLoginMissingPasswordParam","Surefire suite","Fri Oct 02 07:13:19 UTC 2026","passed","Fri Oct 02 07:13:22 UTC 2026","testcases.auth.LoginTest","Surefire test","testcases.auth.LoginTest","testLoginMissingPasswordParam"
"Get List Group Backoffice Dengan Header pbyv Salah","1583","getListGroupWithWrongPbyvHeader","Surefire suite","Fri Oct 02 07:03:19 UTC 2026","passed","Fri Oct 02 07:03:21 UTC 2026","testcases.backoffice.group.GetListGroupTest","Surefire test","testcases.backoffice.group.GetListGroupTest","getListGroupWithWrongPbyvHeader"
"Delete Google Authenticator Dengan id Berisi Payload XSS","4812","deleteOtpGoogleWithXssId","Surefire suite","Fri Oct 02 07:24:43 UTC 2026","passed","Fri Oct 02 07:24:47 UTC 2026","testcases.backoffice.googleauth.DeleteOtpGoogleTest","Surefire test","testcases.backoffice.googleauth.DeleteOtpGoogleTest","deleteOtpGoogleWithXssId"
"Test Reject USDT Supervisor","17660","rejectedUSDTSupervisor","Surefire suite","Fri Oct 02 08:21:21 UTC 2026","passed","Fri Oct 02 08:21:39 UTC 2026","testcases.backoffice.ApprovalTransferTest","Surefire test","testcases.backoffice.ApprovalTransferTest","rejectedUSDTSupervisor"
"Get List Group Backoffice Dengan enablePage Bertipe String","1582","getListGroupWithEnablePageAsString","Surefire suite","Fri Oct 02 07:01:31 UTC 2026","passed","Fri Oct 02 07:01:33 UTC 2026","testcases.backoffice.group.GetListGroupTest","Surefire test","testcases.backoffice.group.GetListGroupTest","getListGroupWithEnablePageAsString"
"Mutasi USDT Transfer Balance CS","30855","mutasiUSDTTransferBalanceCS","Surefire suite","Fri Oct 02 09:03:58 UTC 2026","passed","Fri Oct 02 09:04:28 UTC 2026","testcases.mutasi.MutasiTransferTest","Surefire test","testcases.mutasi.MutasiTransferTest","mutasiUSDTTransferBalanceCS"
"Get List Group Backoffice Menggunakan Login Marketing","4558","getListGroupWithMarketingLogin","Surefire suite","Fri Oct 02 07:02:03 UTC 2026","passed","Fri Oct 02 07:02:07 UTC 2026","testcases.backoffice.group.GetListGroupTest","Surefire test","testcases.backoffice.group.GetListGroupTest","getListGroupWithMarketingLogin"
"List Refund Dengan Karakter SQL Injection pada Field Param - Menemukan Bug Internal Server Error","4660","listRefundWithSqlInjectionParam","Surefire suite","Fri Oct 02 08:35:58 UTC 2026","passed","Fri Oct 02 08:36:02 UTC 2026","testcases.backoffice.ListRefundTest","Surefire test","testcases.backoffice.ListRefundTest","listRefundWithSqlInjectionParam"
"Mutasi USDT Transfer Supervisor","26163","mutasiUSDTTransferSupervisor","Surefire suite","Fri Oct 02 09:05:35 UTC 2026","passed","Fri Oct 02 09:06:01 UTC 2026","testcases.mutasi.MutasiTransferTest","Surefire test","testcases.mutasi.MutasiTransferTest","mutasiUSDTTransferSupervisor"
"Mutasi Transfer Supervisor","8547","mutasiTransferSupervisor","Surefire suite","Fri Oct 02 09:01:58 UTC 2026","passed","Fri Oct 02 09:02:06 UTC 2026","testcases.mutasi.MutasiTransferTest","Surefire test","testcases.mutasi.MutasiTransferTest","mutasiTransferSupervisor"
"Get List Group Backoffice Dengan Body Berupa JSON Array ([])","4570","getListGroupWithArrayBody","Surefire suite","Fri Oct 02 07:00:59 UTC 2026","passed","Fri Oct 02 07:01:04 UTC 2026","testcases.backoffice.group.GetListGroupTest","Surefire test","testcases.backoffice.group.GetListGroupTest","getListGroupWithArrayBody"
"Generate Open QR Code Merchant","5066","generateOpenQRCode","Surefire suite","Fri Oct 02 07:43:21 UTC 2026","passed","Fri Oct 02 07:43:26 UTC 2026","testcases.QR.GenerateQRTest","Surefire test","testcases.QR.GenerateQRTest","generateOpenQRCode"
"Delete Manage Settlement BO Menggunakan Login Merchant","4810","deleteManageSettlementWithMerchantLogin","Surefire suite","Fri Oct 02 07:15:28 UTC 2026","passed","Fri Oct 02 07:15:33 UTC 2026","testcases.backoffice.settlement.DeleteManageSettlementTest","Surefire test","testcases.backoffice.settlement.DeleteManageSettlementTest","deleteManageSettlementWithMerchantLogin"
"Get Group Detail Backoffice Menggunakan Login CS Admin","4535","getGroupDetailWithCSAdminLogin","Surefire suite","Fri Oct 02 07:07:58 UTC 2026","passed","Fri Oct 02 07:08:03 UTC 2026","testcases.backoffice.group.GetGroupTest","Surefire test","testcases.backoffice.group.GetGroupTest","getGroupDetailWithCSAdminLogin"
"Delete Manage Settlement BO Tanpa Header id","8833","deleteManageSettlementWithoutIdHeader","Surefire suite","Fri Oct 02 07:16:57 UTC 2026","passed","Fri Oct 02 07:17:05 UTC 2026","testcases.backoffice.settlement.DeleteManageSettlementTest","Surefire test","testcases.backoffice.settlement.DeleteManageSettlementTest","deleteManageSettlementWithoutIdHeader"
"Success Assignment USDT Supervisor","12710","assignUSDTSupervisorTest","Surefire suite","Fri Oct 02 07:47:30 UTC 2026","passed","Fri Oct 02 07:47:42 UTC 2026","testcases.backoffice.TransferAssignmentTest","Surefire test","testcases.backoffice.TransferAssignmentTest","assignUSDTSupervisorTest"
"Inquiry Favorite Account Dengan Body Berupa Literal null","1416","inquiryFavoriteAccountWithNullLiteralBody","Surefire suite","Fri Oct 02 07:37:28 UTC 2026","passed","Fri Oct 02 07:37:29 UTC 2026","testcases.settings.favoriteaccount.InquiryFavoriteAccountTest","Surefire test","testcases.settings.favoriteaccount.InquiryFavoriteAccountTest","inquiryFavoriteAccountWithNullLiteralBody"
"Add Currency CS Admin Path Menggunakan HTTP Method PATCH","1425","addCurrencyWithPatchMethod","Surefire suite","Fri Oct 02 08:29:20 UTC 2026","passed","Fri Oct 02 08:29:22 UTC 2026","testcases.backoffice.currency.AddCurrencyTest","Surefire test","testcases.backoffice.currency.AddCurrencyTest","addCurrencyWithPatchMethod"
"Delete Group Backoffice Tanpa Body Sama Sekali","1447","deleteGroupWithoutBody","Surefire suite","Fri Oct 02 07:00:19 UTC 2026","passed","Fri Oct 02 07:00:20 UTC 2026","testcases.backoffice.group.DeleteGroupTest","Surefire test","testcases.backoffice.group.DeleteGroupTest","deleteGroupWithoutBody"
"List Refund Tanpa Login/Header Auth","1429","listRefundWithoutAuth","Surefire suite","Fri Oct 02 08:36:13 UTC 2026","passed","Fri Oct 02 08:36:14 UTC 2026","testcases.backoffice.ListRefundTest","Surefire test","testcases.backoffice.ListRefundTest","listRefundWithoutAuth"
"Add Group Backoffice Menggunakan Login Marketing","4614","addGroupWithMarketingLogin","Surefire suite","Fri Oct 02 07:05:48 UTC 2026","passed","Fri Oct 02 07:05:53 UTC 2026","testcases.backoffice.group.AddGroupTest","Surefire test","testcases.backoffice.group.AddGroupTest","addGroupWithMarketingLogin"
"Get List Google Authenticator Dengan Header Authorization Tanpa Skema Bearer","1429","listOtpGoogleWithMalformedAuthorizationHeader","Surefire suite","Fri Oct 02 07:41:28 UTC 2026","passed","Fri Oct 02 07:41:29 UTC 2026","testcases.backoffice.googleauth.ListOtpGoogleTest","Surefire test","testcases.backoffice.googleauth.ListOtpGoogleTest","listOtpGoogleWithMalformedAuthorizationHeader"
"Get Notification Sender Dengan Content-Type text/plain","4441","getNotificationSenderWithWrongContentType","Surefire suite","Fri Oct 02 07:38:18 UTC 2026","passed","Fri Oct 02 07:38:22 UTC 2026","testcases.backoffice.notifsender.NotificationSenderTest","Surefire test","testcases.backoffice.notifsender.NotificationSenderTest","getNotificationSenderWithWrongContentType"
"Create Manage Settlement BO Dengan Token Backoffice Valid Tapi Tanpa Header pbyv","4557","addManageSettlementWithoutPbyvHeader","Surefire suite","Fri Oct 02 07:21:48 UTC 2026","passed","Fri Oct 02 07:21:52 UTC 2026","testcases.backoffice.settlement.AddManageSettlementTest","Surefire test","testcases.backoffice.settlement.AddManageSettlementTest","addManageSettlementWithoutPbyvHeader"
"Get List Group Backoffice Menggunakan HTTP Method GET","1598","getListGroupWithGetMethod","Surefire suite","Fri Oct 02 07:01:40 UTC 2026","passed","Fri Oct 02 07:01:42 UTC 2026","testcases.backoffice.group.GetListGroupTest","Surefire test","testcases.backoffice.group.GetListGroupTest","getListGroupWithGetMethod"
"Get Detail Waiting Company Backoffice Tanpa Login/Header Auth","1429","getDetailWaitingCompanyWithoutAuth","Surefire suite","Fri Oct 02 07:27:59 UTC 2026","passed","Fri Oct 02 07:28:01 UTC 2026","testcases.backoffice.GetDetailWaitingCompanyTest","Surefire test","testcases.backoffice.GetDetailWaitingCompanyTest","getDetailWaitingCompanyWithoutAuth"
"Get List Favorite Account Menggunakan HTTP Method GET","1713","getListFavoriteAccountWithGetMethod","Surefire suite","Fri Oct 02 09:10:56 UTC 2026","passed","Fri Oct 02 09:10:57 UTC 2026","testcases.settings.favoriteaccount.GetListFavoriteAccountTest","Surefire test","testcases.settings.favoriteaccount.GetListFavoriteAccountTest","getListFavoriteAccountWithGetMethod"
"Normal Manual Transfer Balance Success","9564","manualTransferBalanceAdminCrypto","Surefire suite","Fri Oct 02 06:57:46 UTC 2026","passed","Fri Oct 02 06:57:56 UTC 2026","testcases.transfer.ManualTransferTest","Surefire test","testcases.transfer.ManualTransferTest","manualTransferBalanceAdminCrypto"
"Resend Google Authenticator Dengan Body Berupa JSON Array ([])","4480","resendOtpGoogleWithArrayBody","Surefire suite","Fri Oct 02 07:39:30 UTC 2026","passed","Fri Oct 02 07:39:35 UTC 2026","testcases.backoffice.googleauth.ResendOtpGoogleTest","Surefire test","testcases.backoffice.googleauth.ResendOtpGoogleTest","resendOtpGoogleWithArrayBody"
"List Company Backoffice Dengan Tipe Data Salah pada Field Limit (String, Bukan Integer)","4405","listCompanyWithInvalidFieldType","Surefire suite","Fri Oct 02 07:35:44 UTC 2026","passed","Fri Oct 02 07:35:48 UTC 2026","testcases.backoffice.ListCompanyTest","Surefire test","testcases.backoffice.ListCompanyTest","listCompanyWithInvalidFieldType"
"Created Favorite Account Tanpa Body Sama Sekali","1429","createdFavoriteAccountWithoutBody","Surefire suite","Fri Oct 02 07:36:17 UTC 2026","passed","Fri Oct 02 07:36:18 UTC 2026","testcases.settings.favoriteaccount.CreatedFavoriteAccountTest","Surefire test","testcases.settings.favoriteaccount.CreatedFavoriteAccountTest","createdFavoriteAccountWithoutBody"
"Get List Group Backoffice Menggunakan HTTP Method DELETE","1499","getListGroupWithDeleteMethod","Surefire suite","Fri Oct 02 07:01:22 UTC 2026","passed","Fri Oct 02 07:01:24 UTC 2026","testcases.backoffice.group.GetListGroupTest","Surefire test","testcases.backoffice.group.GetListGroupTest","getListGroupWithDeleteMethod"
"Delete Google Authenticator Dengan Token Tidak Valid","1436","deleteOtpGoogleWithInvalidToken","Surefire suite","Fri Oct 02 07:23:01 UTC 2026","passed","Fri Oct 02 07:23:02 UTC 2026","testcases.backoffice.googleauth.DeleteOtpGoogleTest","Surefire test","testcases.backoffice.googleauth.DeleteOtpGoogleTest","deleteOtpGoogleWithInvalidToken"
"List Currency USDT Backoffice","5019","getCurrencyBO","Surefire suite","Fri Oct 02 07:30:17 UTC 2026","passed","Fri Oct 02 07:30:22 UTC 2026","testcases.backoffice.currency.GetCurrencyTest","Surefire test","testcases.backoffice.currency.GetCurrencyTest","getCurrencyBO"
"Get Notification Sender Dengan Header Authorization Tanpa Skema Bearer","1416","getNotificationSenderWithMalformedAuthorizationHeader","Surefire suite","Fri Oct 02 07:36:27 UTC 2026","passed","Fri Oct 02 07:36:29 UTC 2026","testcases.backoffice.notifsender.NotificationSenderTest","Surefire test","testcases.backoffice.notifsender.NotificationSenderTest","getNotificationSenderWithMalformedAuthorizationHeader"
"Get List Google Authenticator Menggunakan Login Admin","4671","listOtpGoogleWithAdminLogin","Surefire suite","Fri Oct 02 07:40:03 UTC 2026","passed","Fri Oct 02 07:40:08 UTC 2026","testcases.backoffice.googleauth.ListOtpGoogleTest","Surefire test","testcases.backoffice.googleauth.ListOtpGoogleTest","listOtpGoogleWithAdminLogin"
"Get User Backoffice Tanpa Login/Header Auth","1446","getUserWithoutAuth","Surefire suite","Fri Oct 02 07:30:13 UTC 2026","passed","Fri Oct 02 07:30:14 UTC 2026","testcases.backoffice.GetDashboardTest","Surefire test","testcases.backoffice.GetDashboardTest","getUserWithoutAuth"
"Get Group Detail Backoffice Menggunakan Login Admin Crypto","4433","getGroupDetailWithAdminCryptoLogin","Surefire suite","Fri Oct 02 07:07:51 UTC 2026","passed","Fri Oct 02 07:07:55 UTC 2026","testcases.backoffice.group.GetGroupTest","Surefire test","testcases.backoffice.group.GetGroupTest","getGroupDetailWithAdminCryptoLogin"
"Add Currency CS Admin Path Dengan Header Authorization Tanpa Skema Bearer","1427","addCurrencyWithMalformedAuthorizationHeader","Surefire suite","Fri Oct 02 08:28:33 UTC 2026","passed","Fri Oct 02 08:28:35 UTC 2026","testcases.backoffice.currency.AddCurrencyTest","Surefire test","testcases.backoffice.currency.AddCurrencyTest","addCurrencyWithMalformedAuthorizationHeader"
"List Manage Settlement Backoffice Dengan Field Tidak Dikenal pada Body","4635","listManageSettlementWithUnknownField","Surefire suite","Fri Oct 02 07:46:04 UTC 2026","passed","Fri Oct 02 07:46:09 UTC 2026","testcases.backoffice.settlement.ManageSettlementTest","Surefire test","testcases.backoffice.settlement.ManageSettlementTest","listManageSettlementWithUnknownField"
"Delete Favorite Account Dengan Content-Type text/plain","1532","deleteFavoriteAccountWithWrongContentType","Surefire suite","Fri Oct 02 07:10:52 UTC 2026","passed","Fri Oct 02 07:10:54 UTC 2026","testcases.settings.favoriteaccount.DeleteFavoriteAccountTest","Surefire test","testcases.settings.favoriteaccount.DeleteFavoriteAccountTest","deleteFavoriteAccountWithWrongContentType"
"Inquiry Favorite Account Menggunakan HTTP Method DELETE","1422","inquiryFavoriteAccountWithDeleteMethod","Surefire suite","Fri Oct 02 07:36:46 UTC 2026","passed","Fri Oct 02 07:36:48 UTC 2026","testcases.settings.favoriteaccount.InquiryFavoriteAccountTest","Surefire test","testcases.settings.favoriteaccount.InquiryFavoriteAccountTest","inquiryFavoriteAccountWithDeleteMethod"
"Delete Manage Settlement BO Menggunakan Login CS Admin","4804","deleteManageSettlementWithCSAdminLogin","Surefire suite","Fri Oct 02 07:14:21 UTC 2026","passed","Fri Oct 02 07:14:26 UTC 2026","testcases.backoffice.settlement.DeleteManageSettlementTest","Surefire test","testcases.backoffice.settlement.DeleteManageSettlementTest","deleteManageSettlementWithCSAdminLogin"
"Resend Google Authenticator Dengan Token Backoffice Valid Tapi Tanpa Header pbyv","4411","resendOtpGoogleWithoutPbyvHeader","Surefire suite","Fri Oct 02 07:42:57 UTC 2026","passed","Fri Oct 02 07:43:02 UTC 2026","testcases.backoffice.googleauth.ResendOtpGoogleTest","Surefire test","testcases.backoffice.googleauth.ResendOtpGoogleTest","resendOtpGoogleWithoutPbyvHeader"
"Resend Google Authenticator Dengan email Sangat Panjang (10.000 karakter)","4513","resendOtpGoogleWithOverlongEmail","Surefire suite","Fri Oct 02 07:41:37 UTC 2026","passed","Fri Oct 02 07:41:42 UTC 2026","testcases.backoffice.googleauth.ResendOtpGoogleTest","Surefire test","testcases.backoffice.googleauth.ResendOtpGoogleTest","resendOtpGoogleWithOverlongEmail"
"Add Group Backoffice Menggunakan Login Admin","4549","addGroupWithAdminLogin","Surefire suite","Fri Oct 02 07:04:06 UTC 2026","passed","Fri Oct 02 07:04:11 UTC 2026","testcases.backoffice.group.AddGroupTest","Surefire test","testcases.backoffice.group.AddGroupTest","addGroupWithAdminLogin"
"Add Currency CS Admin Path Menggunakan Login Customer Service","4457","addCurrencyWithCSLogin","Surefire suite","Fri Oct 02 08:27:45 UTC 2026","passed","Fri Oct 02 08:27:49 UTC 2026","testcases.backoffice.currency.AddCurrencyTest","Surefire test","testcases.backoffice.currency.AddCurrencyTest","addCurrencyWithCSLogin"
"Get Group Detail Backoffice Menggunakan HTTP Method POST","4558","getGroupDetailWithPostMethod","Surefire suite","Fri Oct 02 07:09:34 UTC 2026","passed","Fri Oct 02 07:09:39 UTC 2026","testcases.backoffice.group.GetGroupTest","Surefire test","testcases.backoffice.group.GetGroupTest","getGroupDetailWithPostMethod"
"Reset Password Backoffice","4493","resetPasswordBackoffice","Surefire suite","Fri Oct 02 07:34:19 UTC 2026","passed","Fri Oct 02 07:34:23 UTC 2026","testcases.settings.ResetPasswordTest","Surefire test","testcases.settings.ResetPasswordTest","resetPasswordBackoffice"
"Inquiry Test USDT Transfer Merchant","4705","inquiryUSDT","Surefire suite","Fri Oct 02 07:00:41 UTC 2026","passed","Fri Oct 02 07:00:46 UTC 2026","testcases.transfer.InquiryUSDTTest","Surefire test","testcases.transfer.InquiryUSDTTest","inquiryUSDT"
"Resend Google Authenticator Dengan Format email Tidak Valid","4522","resendOtpGoogleWithMalformedEmail","Surefire suite","Fri Oct 02 07:40:37 UTC 2026","passed","Fri Oct 02 07:40:42 UTC 2026","testcases.backoffice.googleauth.ResendOtpGoogleTest","Surefire test","testcases.backoffice.googleauth.ResendOtpGoogleTest","resendOtpGoogleWithMalformedEmail"
"List User Backoffice Menggunakan Login Admin Crypto","4800","listUsersWithAdminCryptoLogin","Surefire suite","Fri Oct 02 07:48:04 UTC 2026","passed","Fri Oct 02 07:48:09 UTC 2026","testcases.backoffice.users.ListUsersTest","Surefire test","testcases.backoffice.users.ListUsersTest","listUsersWithAdminCryptoLogin"
"Created Favorite Account Dengan Header Authorization Tanpa Skema Bearer","1450","createdFavoriteAccountWithMalformedAuthorizationHeader","Surefire suite","Fri Oct 02 07:35:13 UTC 2026","passed","Fri Oct 02 07:35:15 UTC 2026","testcases.settings.favoriteaccount.CreatedFavoriteAccountTest","Surefire test","testcases.settings.favoriteaccount.CreatedFavoriteAccountTest","createdFavoriteAccountWithMalformedAuthorizationHeader"
"Inquiry Favorite Account Dengan Header companyId Salah","1553","inquiryFavoriteAccountWithWrongCompanyIdHeader","Surefire suite","Fri Oct 02 07:37:50 UTC 2026","failed","Fri Oct 02 07:37:51 UTC 2026","testcases.settings.favoriteaccount.InquiryFavoriteAccountTest","Surefire test","testcases.settings.favoriteaccount.InquiryFavoriteAccountTest","inquiryFavoriteAccountWithWrongCompanyIdHeader"
"Get Detail Waiting Company Backoffice Dengan Id Sangat Panjang (10.000 karakter)","4479","getDetailWaitingCompanyWithOverlongId","Surefire suite","Fri Oct 02 07:26:58 UTC 2026","passed","Fri Oct 02 07:27:02 UTC 2026","testcases.backoffice.GetDetailWaitingCompanyTest","Surefire test","testcases.backoffice.GetDetailWaitingCompanyTest","getDetailWaitingCompanyWithOverlongId"
"List Company Backoffice Dengan Body Berupa JSON Array ([])","4540","listCompanyWithArrayBody","Surefire suite","Fri Oct 02 07:35:05 UTC 2026","passed","Fri Oct 02 07:35:09 UTC 2026","testcases.backoffice.ListCompanyTest","Surefire test","testcases.backoffice.ListCompanyTest","listCompanyWithArrayBody"
"Get List Group Backoffice Dengan Content-Type text/plain","1461","getListGroupWithWrongContentType","Surefire suite","Fri Oct 02 07:03:10 UTC 2026","passed","Fri Oct 02 07:03:12 UTC 2026","testcases.backoffice.group.GetListGroupTest","Surefire test","testcases.backoffice.group.GetListGroupTest","getListGroupWithWrongContentType"
"Delete Group Backoffice Dengan Field Tidak Dikenal pada Body","1533","deleteGroupWithUnknownField","Surefire suite","Fri Oct 02 06:59:47 UTC 2026","passed","Fri Oct 02 06:59:49 UTC 2026","testcases.backoffice.group.DeleteGroupTest","Surefire test","testcases.backoffice.group.DeleteGroupTest","deleteGroupWithUnknownField"
"Get Notification Sender Dengan pinValidasi Salah","4563","getNotificationSenderWithWrongPinValidasi","Surefire suite","Fri Oct 02 07:38:33 UTC 2026","passed","Fri Oct 02 07:38:37 UTC 2026","testcases.backoffice.notifsender.NotificationSenderTest","Surefire test","testcases.backoffice.notifsender.NotificationSenderTest","getNotificationSenderWithWrongPinValidasi"
"Add Currency Ke Path yang Tidak Ada (Typo)","1831","addCurrencyWithWrongPath","Surefire suite","Fri Oct 02 08:29:54 UTC 2026","passed","Fri Oct 02 08:29:56 UTC 2026","testcases.backoffice.currency.AddCurrencyTest","Surefire test","testcases.backoffice.currency.AddCurrencyTest","addCurrencyWithWrongPath"
"Refund Summary Dengan Field Tidak Dikenal pada Body","2501","getRefundWithUnknownField","Surefire suite","Fri Oct 02 07:46:14 UTC 2026","passed","Fri Oct 02 07:46:17 UTC 2026","testcases.backoffice.refund.GetRefundTest","Surefire test","testcases.backoffice.refund.GetRefundTest","getRefundWithUnknownField"
