"DESCRIPTION","DURATION IN MS","NAME","PARENT SUITE","START TIME","STATUS","STOP TIME","SUB SUITE","SUITE","TEST CLASS","TEST METHOD"
"Resend Google Authenticator Dengan Token Tidak Valid","1584","resendOtpGoogleWithInvalidToken","Surefire suite","Mon Sep 28 08:46:08 UTC 2026","passed","Mon Sep 28 08:46:09 UTC 2026","testcases.backoffice.googleauth.ResendOtpGoogleTest","Surefire test","testcases.backoffice.googleauth.ResendOtpGoogleTest","resendOtpGoogleWithInvalidToken"
"Get Dashboard Backoffice Menggunakan Login Admin","13704","getDashboardWithAdminLogin","Surefire suite","Mon Sep 28 08:28:55 UTC 2026","passed","Mon Sep 28 08:29:08 UTC 2026","testcases.backoffice.GetDashboardTest","Surefire test","testcases.backoffice.GetDashboardTest","getDashboardWithAdminLogin"
"Add Currency CS Admin Path Menggunakan HTTP Method PUT","1620","addCurrencyWithPutMethod","Surefire suite","Mon Sep 28 09:37:20 UTC 2026","passed","Mon Sep 28 09:37:22 UTC 2026","testcases.backoffice.currency.AddCurrencyTest","Surefire test","testcases.backoffice.currency.AddCurrencyTest","addCurrencyWithPutMethod"
"Get List Group Backoffice Dengan Token Kadaluarsa","2066","getListGroupWithExpiredToken","Surefire suite","Mon Sep 28 08:06:45 UTC 2026","passed","Mon Sep 28 08:06:47 UTC 2026","testcases.backoffice.group.GetListGroupTest","Surefire test","testcases.backoffice.group.GetListGroupTest","getListGroupWithExpiredToken"
"Get Notification Sender Tanpa Body Sama Sekali","4372","getNotificationSenderWithoutBody","Surefire suite","Mon Sep 28 08:44:24 UTC 2026","passed","Mon Sep 28 08:44:28 UTC 2026","testcases.backoffice.notifsender.NotificationSenderTest","Surefire test","testcases.backoffice.notifsender.NotificationSenderTest","getNotificationSenderWithoutBody"
"Create Manage Settlement BO Menggunakan Login CS Admin","4705","addManageSettlementWithCSAdminLogin","Surefire suite","Mon Sep 28 08:09:53 UTC 2026","passed","Mon Sep 28 08:09:58 UTC 2026","testcases.backoffice.settlement.AddManageSettlementTest","Surefire test","testcases.backoffice.settlement.AddManageSettlementTest","addManageSettlementWithCSAdminLogin"
"Check Status QR Supervisor","10439","checkStatusQRSupervisor","Surefire suite","Mon Sep 28 08:58:02 UTC 2026","passed","Mon Sep 28 08:58:13 UTC 2026","testcases.QR.CheckStatusQRTest","Surefire test","testcases.QR.CheckStatusQRTest","checkStatusQRSupervisor"
"Inquiry Test Transfer Admin Crypto","8318","inquiryTransferAdminCrypto","Surefire suite","Mon Sep 28 07:54:22 UTC 2026","passed","Mon Sep 28 07:54:30 UTC 2026","testcases.transfer.InquiryTransferTest","Surefire test","testcases.transfer.InquiryTransferTest","inquiryTransferAdminCrypto"
"Get List Group Company BO Dengan groupName Berbeda Kapitalisasi","4745","getListGroupCompanyWithDifferentCaseGroupName","Surefire suite","Mon Sep 28 08:18:32 UTC 2026","passed","Mon Sep 28 08:18:37 UTC 2026","testcases.backoffice.settlement.GetListGroupCompanyTest","Surefire test","testcases.backoffice.settlement.GetListGroupCompanyTest","getListGroupCompanyWithDifferentCaseGroupName"
"List Currency USDT Menggunakan Login Merchant","4749","getCurrencyWithMerchantLogin","Surefire suite","Mon Sep 28 08:27:15 UTC 2026","passed","Mon Sep 28 08:27:20 UTC 2026","testcases.backoffice.currency.GetCurrencyTest","Surefire test","testcases.backoffice.currency.GetCurrencyTest","getCurrencyWithMerchantLogin"
"Refund Summary Dengan type String Kosong","1600","getRefundWithEmptyType","Surefire suite","Mon Sep 28 08:37:26 UTC 2026","passed","Mon Sep 28 08:37:28 UTC 2026","testcases.backoffice.refund.GetRefundTest","Surefire test","testcases.backoffice.refund.GetRefundTest","getRefundWithEmptyType"
"Test Get Report Transfer Merchant","5153","getReportBatchAdmin","Surefire suite","Mon Sep 28 07:55:59 UTC 2026","passed","Mon Sep 28 07:56:04 UTC 2026","testcases.report.ReportTransactionTest","Surefire test","testcases.report.ReportTransactionTest","getReportBatchAdmin"
"Normal Transfer Success","7670","transferAdminCrypto","Surefire suite","Mon Sep 28 07:56:22 UTC 2026","passed","Mon Sep 28 07:56:30 UTC 2026","testcases.transfer.TransferTest","Surefire test","testcases.transfer.TransferTest","transferAdminCrypto"
"Add Group Backoffice Dengan Body Berupa JSON Array ([])","4496","addGroupWithArrayBody","Surefire suite","Mon Sep 28 07:59:09 UTC 2026","passed","Mon Sep 28 07:59:13 UTC 2026","testcases.backoffice.group.AddGroupTest","Surefire test","testcases.backoffice.group.AddGroupTest","addGroupWithArrayBody"
"Resend Google Authenticator Dengan Field Tidak Dikenal pada Body","4648","resendOtpGoogleWithUnknownField","Surefire suite","Mon Sep 28 08:47:57 UTC 2026","passed","Mon Sep 28 08:48:01 UTC 2026","testcases.backoffice.googleauth.ResendOtpGoogleTest","Surefire test","testcases.backoffice.googleauth.ResendOtpGoogleTest","resendOtpGoogleWithUnknownField"
"Delete Google Authenticator Dengan Header Authorization Tanpa Skema Bearer","1491","deleteOtpGoogleWithMalformedAuthorizationHeader","Surefire suite","Mon Sep 28 08:23:19 UTC 2026","passed","Mon Sep 28 08:23:20 UTC 2026","testcases.backoffice.googleauth.DeleteOtpGoogleTest","Surefire test","testcases.backoffice.googleauth.DeleteOtpGoogleTest","deleteOtpGoogleWithMalformedAuthorizationHeader"
"Refund Summary Tanpa Login/Header Auth","1531","getRefundWithoutAuth","Surefire suite","Mon Sep 28 08:39:39 UTC 2026","passed","Mon Sep 28 08:39:41 UTC 2026","testcases.backoffice.refund.GetRefundTest","Surefire test","testcases.backoffice.refund.GetRefundTest","getRefundWithoutAuth"
"List Manage Settlement Backoffice Dengan Body Berupa JSON Array ([])","4824","listManageSettlementWithArrayBody","Surefire suite","Mon Sep 28 08:35:19 UTC 2026","passed","Mon Sep 28 08:35:24 UTC 2026","testcases.backoffice.settlement.ManageSettlementTest","Surefire test","testcases.backoffice.settlement.ManageSettlementTest","listManageSettlementWithArrayBody"
"Create Manage Settlement BO Dengan groupName Berupa null","4701","addManageSettlementWithNullGroupName","Surefire suite","Mon Sep 28 08:12:14 UTC 2026","passed","Mon Sep 28 08:12:18 UTC 2026","testcases.backoffice.settlement.AddManageSettlementTest","Surefire test","testcases.backoffice.settlement.AddManageSettlementTest","addManageSettlementWithNullGroupName"
"Add Group Backoffice Menggunakan HTTP Method PUT","1469","addGroupWithPutMethod","Surefire suite","Mon Sep 28 08:01:26 UTC 2026","passed","Mon Sep 28 08:01:28 UTC 2026","testcases.backoffice.group.AddGroupTest","Surefire test","testcases.backoffice.group.AddGroupTest","addGroupWithPutMethod"
"List Currency USDT Dengan Body Berupa JSON Array ([])","4668","getCurrencyWithArrayBody","Surefire suite","Mon Sep 28 08:25:54 UTC 2026","passed","Mon Sep 28 08:25:58 UTC 2026","testcases.backoffice.currency.GetCurrencyTest","Surefire test","testcases.backoffice.currency.GetCurrencyTest","getCurrencyWithArrayBody"
"Create Manage Settlement BO Dengan Payload XSS pada companyName","4505","addManageSettlementWithXssCompanyName","Surefire suite","Mon Sep 28 08:13:22 UTC 2026","passed","Mon Sep 28 08:13:27 UTC 2026","testcases.backoffice.settlement.AddManageSettlementTest","Surefire test","testcases.backoffice.settlement.AddManageSettlementTest","addManageSettlementWithXssCompanyName"
"Normal Transfer USDT Balance Success","10806","transferBalance","Surefire suite","Mon Sep 28 08:03:12 UTC 2026","passed","Mon Sep 28 08:03:22 UTC 2026","testcases.transfer.TransferUSDTTest","Surefire test","testcases.transfer.TransferUSDTTest","transferBalance"
"Reset Password CS Admin","5001","resetPasswordCSAdmin","Surefire suite","Mon Sep 28 07:55:56 UTC 2026","passed","Mon Sep 28 07:56:01 UTC 2026","testcases.settings.ResetPasswordTest","Surefire test","testcases.settings.ResetPasswordTest","resetPasswordCSAdmin"
"Add Group Backoffice Menggunakan Login Merchant","4664","addGroupWithMerchantLogin","Surefire suite","Mon Sep 28 08:00:51 UTC 2026","passed","Mon Sep 28 08:00:56 UTC 2026","testcases.backoffice.group.AddGroupTest","Surefire test","testcases.backoffice.group.AddGroupTest","addGroupWithMerchantLogin"
"Refund Summary Menggunakan Login Admin","4731","getRefundWithAdminLogin","Surefire suite","Mon Sep 28 08:36:42 UTC 2026","passed","Mon Sep 28 08:36:47 UTC 2026","testcases.backoffice.refund.GetRefundTest","Surefire test","testcases.backoffice.refund.GetRefundTest","getRefundWithAdminLogin"
"Get List Group Company BO Dengan Header Authorization Tanpa Skema Bearer","1459","getListGroupCompanyWithMalformedAuthorizationHeader","Surefire suite","Mon Sep 28 08:18:57 UTC 2026","passed","Mon Sep 28 08:18:58 UTC 2026","testcases.backoffice.settlement.GetListGroupCompanyTest","Surefire test","testcases.backoffice.settlement.GetListGroupCompanyTest","getListGroupCompanyWithMalformedAuthorizationHeader"
"Add Group Backoffice Dengan Token Kadaluarsa","1499","addGroupWithExpiredToken","Surefire suite","Mon Sep 28 08:00:03 UTC 2026","passed","Mon Sep 28 08:00:05 UTC 2026","testcases.backoffice.group.AddGroupTest","Surefire test","testcases.backoffice.group.AddGroupTest","addGroupWithExpiredToken"
"Inquiry Favorite Account Dengan Token Tidak Valid","1638","inquiryFavoriteAccountWithInvalidToken","Surefire suite","Mon Sep 28 08:35:27 UTC 2026","passed","Mon Sep 28 08:35:28 UTC 2026","testcases.settings.favoriteaccount.InquiryFavoriteAccountTest","Surefire test","testcases.settings.favoriteaccount.InquiryFavoriteAccountTest","inquiryFavoriteAccountWithInvalidToken"
"Delete Manage Settlement BO Dengan id Sangat Panjang (10.000 karakter)","4780","deleteManageSettlementWithOverlongId","Surefire suite","Mon Sep 28 08:16:13 UTC 2026","passed","Mon Sep 28 08:16:18 UTC 2026","testcases.backoffice.settlement.DeleteManageSettlementTest","Surefire test","testcases.backoffice.settlement.DeleteManageSettlementTest","deleteManageSettlementWithOverlongId"
"Delete Google Authenticator Dengan id Berisi Spasi","5048","deleteOtpGoogleWithWhitespaceId","Surefire suite","Mon Sep 28 08:24:54 UTC 2026","passed","Mon Sep 28 08:24:59 UTC 2026","testcases.backoffice.googleauth.DeleteOtpGoogleTest","Surefire test","testcases.backoffice.googleauth.DeleteOtpGoogleTest","deleteOtpGoogleWithWhitespaceId"
"Reset Pin Admin Crypto","5386","resetPinAdminCrypto","Surefire suite","Mon Sep 28 07:57:53 UTC 2026","passed","Mon Sep 28 07:57:58 UTC 2026","testcases.settings.ResetPinTest","Surefire test","testcases.settings.ResetPinTest","resetPinAdminCrypto"
"Delete Favorite Account Tanpa Body Sama Sekali","1547","deleteFavoriteAccountWithoutBody","Surefire suite","Mon Sep 28 08:11:47 UTC 2026","passed","Mon Sep 28 08:11:48 UTC 2026","testcases.settings.favoriteaccount.DeleteFavoriteAccountTest","Surefire test","testcases.settings.favoriteaccount.DeleteFavoriteAccountTest","deleteFavoriteAccountWithoutBody"
"Add Merchant From CS Admin","4995","addCompanyCsAdmin","Surefire suite","Mon Sep 28 07:54:45 UTC 2026","passed","Mon Sep 28 07:54:50 UTC 2026","testcases.backoffice.AddCompanyTest","Surefire test","testcases.backoffice.AddCompanyTest","addCompanyCsAdmin"
"Get List Group Backoffice Dengan size Negatif","1594","getListGroupWithNegativeSize","Surefire suite","Mon Sep 28 08:07:39 UTC 2026","passed","Mon Sep 28 08:07:41 UTC 2026","testcases.backoffice.group.GetListGroupTest","Surefire test","testcases.backoffice.group.GetListGroupTest","getListGroupWithNegativeSize"
"Get Group Detail Backoffice Dengan Group Id Berisi Payload XSS","4876","getGroupDetailWithXssId","Surefire suite","Mon Sep 28 08:05:29 UTC 2026","passed","Mon Sep 28 08:05:34 UTC 2026","testcases.backoffice.group.GetGroupTest","Surefire test","testcases.backoffice.group.GetGroupTest","getGroupDetailWithXssId"
"Get List Google Authenticator Menggunakan HTTP Method GET","4772","listOtpGoogleWithGetMethod","Surefire suite","Mon Sep 28 08:44:09 UTC 2026","passed","Mon Sep 28 08:44:14 UTC 2026","testcases.backoffice.googleauth.ListOtpGoogleTest","Surefire test","testcases.backoffice.googleauth.ListOtpGoogleTest","listOtpGoogleWithGetMethod"
"Create Manage Settlement BO Dengan companyList Kosong ([])","4617","addManageSettlementWithEmptyCompanyList","Surefire suite","Mon Sep 28 08:10:38 UTC 2026","passed","Mon Sep 28 08:10:43 UTC 2026","testcases.backoffice.settlement.AddManageSettlementTest","Surefire test","testcases.backoffice.settlement.AddManageSettlementTest","addManageSettlementWithEmptyCompanyList"
"Add Currency CS Admin Path Dengan Content-Type text/plain","1602","addCurrencyWithWrongContentType","Surefire suite","Mon Sep 28 09:37:46 UTC 2026","passed","Mon Sep 28 09:37:48 UTC 2026","testcases.backoffice.currency.AddCurrencyTest","Surefire test","testcases.backoffice.currency.AddCurrencyTest","addCurrencyWithWrongContentType"
"Refund Summary Menggunakan Login CS Admin","4737","getRefundWithCSAdminLogin","Surefire suite","Mon Sep 28 08:36:57 UTC 2026","passed","Mon Sep 28 08:37:02 UTC 2026","testcases.backoffice.refund.GetRefundTest","Surefire test","testcases.backoffice.refund.GetRefundTest","getRefundWithCSAdminLogin"
"Transfer Different Partner Reference, Manual Transfer to Transfer","47530","trfPartnerRefManualFailed","Surefire suite","Mon Sep 28 07:56:35 UTC 2026","failed","Mon Sep 28 07:57:23 UTC 2026","testcases.transfer.TransferTest","Surefire test","testcases.transfer.TransferTest","trfPartnerRefManualFailed"
"Transfer with Wrong Pin","51357","transferWrongPin","Surefire suite","Mon Sep 28 07:55:41 UTC 2026","passed","Mon Sep 28 07:56:32 UTC 2026","testcases.transfer.TransferTest","Surefire test","testcases.transfer.TransferTest","transferWrongPin"
"Delete Group Backoffice Tanpa Field name","1520","deleteGroupWithoutNameField","Surefire suite","Mon Sep 28 07:58:37 UTC 2026","passed","Mon Sep 28 07:58:38 UTC 2026","testcases.backoffice.group.DeleteGroupTest","Surefire test","testcases.backoffice.group.DeleteGroupTest","deleteGroupWithoutNameField"
"Mutasi USDT Transfer Balance","32400","mutasiUSDTTransferBalance","Surefire suite","Mon Sep 28 10:13:48 UTC 2026","passed","Mon Sep 28 10:14:20 UTC 2026","testcases.mutasi.MutasiTransferTest","Surefire test","testcases.mutasi.MutasiTransferTest","mutasiUSDTTransferBalance"
"List Refund Menggunakan Login Merchant","4851","listRefundMarketing","Surefire suite","Mon Sep 28 09:41:47 UTC 2026","passed","Mon Sep 28 09:41:52 UTC 2026","testcases.backoffice.ListRefundTest","Surefire test","testcases.backoffice.ListRefundTest","listRefundMarketing"
"List Company Backoffice Dengan Body JSON Tidak Valid (Malformed)","4716","listCompanyWithMalformedJson","Surefire suite","Mon Sep 28 08:50:52 UTC 2026","passed","Mon Sep 28 08:50:56 UTC 2026","testcases.backoffice.ListCompanyTest","Surefire test","testcases.backoffice.ListCompanyTest","listCompanyWithMalformedJson"
"Delete Group Backoffice Menggunakan Login Admin","4676","deleteGroupWithAdminLogin","Surefire suite","Mon Sep 28 07:55:16 UTC 2026","passed","Mon Sep 28 07:55:20 UTC 2026","testcases.backoffice.group.DeleteGroupTest","Surefire test","testcases.backoffice.group.DeleteGroupTest","deleteGroupWithAdminLogin"
"Get Group Detail Backoffice Dengan Group Id Berisi Karakter SQL Injection","4577","getGroupDetailWithSqlInjectionId","Surefire suite","Mon Sep 28 08:05:06 UTC 2026","passed","Mon Sep 28 08:05:11 UTC 2026","testcases.backoffice.group.GetGroupTest","Surefire test","testcases.backoffice.group.GetGroupTest","getGroupDetailWithSqlInjectionId"
"Refund Summary Tanpa Field startDate","1539","getRefundWithoutStartDate","Surefire suite","Mon Sep 28 08:39:58 UTC 2026","passed","Mon Sep 28 08:40:00 UTC 2026","testcases.backoffice.refund.GetRefundTest","Surefire test","testcases.backoffice.refund.GetRefundTest","getRefundWithoutStartDate"
"Refund Summary Dengan Content-Type text/plain","2766","getRefundWithWrongContentType","Surefire suite","Mon Sep 28 08:39:20 UTC 2026","passed","Mon Sep 28 08:39:23 UTC 2026","testcases.backoffice.refund.GetRefundTest","Surefire test","testcases.backoffice.refund.GetRefundTest","getRefundWithWrongContentType"
"Generate QR Code Closed Merchant","5266","generateQRCodeClosed","Surefire suite","Mon Sep 28 08:44:08 UTC 2026","passed","Mon Sep 28 08:44:13 UTC 2026","testcases.QR.GenerateQRTest","Surefire test","testcases.QR.GenerateQRTest","generateQRCodeClosed"
"Get List Group Company BO Menggunakan HTTP Method PATCH","4568","getListGroupCompanyWithPatchMethod","Surefire suite","Mon Sep 28 08:19:39 UTC 2026","passed","Mon Sep 28 08:19:44 UTC 2026","testcases.backoffice.settlement.GetListGroupCompanyTest","Surefire test","testcases.backoffice.settlement.GetListGroupCompanyTest","getListGroupCompanyWithPatchMethod"
"Inquiry Test Special Transfer Merchant Supervisor","4972","inquirySpecialTransferSupervisor","Surefire suite","Mon Sep 28 07:58:14 UTC 2026","passed","Mon Sep 28 07:58:19 UTC 2026","testcases.transfer.InquirySpecialTransferTest","Surefire test","testcases.transfer.InquirySpecialTransferTest","inquirySpecialTransferSupervisor"
"Get Notification Sender Dengan Body Berupa JSON Array ([])","4648","getNotificationSenderWithArrayBody","Surefire suite","Mon Sep 28 08:40:22 UTC 2026","passed","Mon Sep 28 08:40:27 UTC 2026","testcases.backoffice.notifsender.NotificationSenderTest","Surefire test","testcases.backoffice.notifsender.NotificationSenderTest","getNotificationSenderWithArrayBody"
"Transfer Success with before and after Balanced","11320","transferBalance","Surefire suite","Mon Sep 28 07:55:26 UTC 2026","failed","Mon Sep 28 07:55:38 UTC 2026","testcases.transfer.TransferTest","Surefire test","testcases.transfer.TransferTest","transferBalance"
"Test Settlement USDT dengan check Fee di Admin Crypto dan Admin Fee","49704","settlementUSDT","Surefire suite","Mon Sep 28 09:29:46 UTC 2026","passed","Mon Sep 28 09:30:36 UTC 2026","testcases.backoffice.ApprovalTransferTest","Surefire test","testcases.backoffice.ApprovalTransferTest","settlementUSDT"
"List Company Backoffice Dengan Body Berupa JSON Array ([])","4438","listCompanyWithArrayBody","Surefire suite","Mon Sep 28 08:49:41 UTC 2026","passed","Mon Sep 28 08:49:46 UTC 2026","testcases.backoffice.ListCompanyTest","Surefire test","testcases.backoffice.ListCompanyTest","listCompanyWithArrayBody"
"Get History Flop Transfer Test","9303","historyFlopTransferTest","Surefire suite","Mon Sep 28 09:50:36 UTC 2026","passed","Mon Sep 28 09:50:45 UTC 2026","testcases.history.HistoryTransferTest","Surefire test","testcases.history.HistoryTransferTest","historyFlopTransferTest"
"Get Balance Merchant Transfer","4972","getBalanceMerchant","Surefire suite","Mon Sep 28 08:43:32 UTC 2026","passed","Mon Sep 28 08:43:37 UTC 2026","testcases.balance.GetBalanceTransferTest","Surefire test","testcases.balance.GetBalanceTransferTest","getBalanceMerchant"
"Get List Favorite Account Dengan Body Berupa JSON Array ([])","4686","getListFavoriteAccountWithArrayBody","Surefire suite","Mon Sep 28 10:21:13 UTC 2026","passed","Mon Sep 28 10:21:18 UTC 2026","testcases.settings.favoriteaccount.GetListFavoriteAccountTest","Surefire test","testcases.settings.favoriteaccount.GetListFavoriteAccountTest","getListFavoriteAccountWithArrayBody"
"Test Approve Special Transfer dengan check Fee di Admin Fee","26098","approvedSpecialTransferBalance","Surefire suite","Mon Sep 28 09:23:30 UTC 2026","passed","Mon Sep 28 09:23:56 UTC 2026","testcases.backoffice.ApprovalTransferTest","Surefire test","testcases.backoffice.ApprovalTransferTest","approvedSpecialTransferBalance"
"Get Group Detail Backoffice Tanpa Login/Header Auth","1531","getGroupDetailWithoutAuth","Surefire suite","Mon Sep 28 08:05:37 UTC 2026","passed","Mon Sep 28 08:05:39 UTC 2026","testcases.backoffice.group.GetGroupTest","Surefire test","testcases.backoffice.group.GetGroupTest","getGroupDetailWithoutAuth"
"Delete Favorite Account Dengan Karakter SQL Injection pada id","1742","deleteFavoriteAccountWithSqlInjectionId","Surefire suite","Mon Sep 28 08:11:02 UTC 2026","failed","Mon Sep 28 08:11:04 UTC 2026","testcases.settings.favoriteaccount.DeleteFavoriteAccountTest","Surefire test","testcases.settings.favoriteaccount.DeleteFavoriteAccountTest","deleteFavoriteAccountWithSqlInjectionId"
"Delete Google Authenticator Tanpa id (Path Kosong)","4963","deleteOtpGoogleWithEmptyId","Surefire suite","Mon Sep 28 08:22:54 UTC 2026","passed","Mon Sep 28 08:22:59 UTC 2026","testcases.backoffice.googleauth.DeleteOtpGoogleTest","Surefire test","testcases.backoffice.googleauth.DeleteOtpGoogleTest","deleteOtpGoogleWithEmptyId"
"Delete Google Authenticator Dengan id Valid Secara Format Tapi Tidak Ada","11528","deleteOtpGoogleWithNonExistentId","Surefire suite","Mon Sep 28 08:23:47 UTC 2026","passed","Mon Sep 28 08:23:58 UTC 2026","testcases.backoffice.googleauth.DeleteOtpGoogleTest","Surefire test","testcases.backoffice.googleauth.DeleteOtpGoogleTest","deleteOtpGoogleWithNonExistentId"
"List Waiting Company Backoffice Menggunakan HTTP Method GET","7439","listWaitingCompanyWithGetMethod","Surefire suite","Mon Sep 28 08:47:36 UTC 2026","passed","Mon Sep 28 08:47:43 UTC 2026","testcases.backoffice.ListWaitingCompanyTest","Surefire test","testcases.backoffice.ListWaitingCompanyTest","listWaitingCompanyWithGetMethod"
"Add Group Backoffice Dengan name null","1496","addGroupWithNullName","Surefire suite","Mon Sep 28 08:01:13 UTC 2026","passed","Mon Sep 28 08:01:14 UTC 2026","testcases.backoffice.group.AddGroupTest","Surefire test","testcases.backoffice.group.AddGroupTest","addGroupWithNullName"
"Success Assignment Cash Deposit Supervisor","14222","assignCashDepositSupervisorTest","Surefire suite","Mon Sep 28 08:38:51 UTC 2026","passed","Mon Sep 28 08:39:05 UTC 2026","testcases.backoffice.TransferAssignmentTest","Surefire test","testcases.backoffice.TransferAssignmentTest","assignCashDepositSupervisorTest"
"Mutasi Transfer Supervisor CS","11841","mutasiTransferSupervisorCS","Surefire suite","Mon Sep 28 10:13:02 UTC 2026","passed","Mon Sep 28 10:13:14 UTC 2026","testcases.mutasi.MutasiTransferTest","Surefire test","testcases.mutasi.MutasiTransferTest","mutasiTransferSupervisorCS"
"Add Currency CS Admin Path Menggunakan Login Admin Crypto","5297","addCurrencyWithAdminCryptoLogin","Surefire suite","Mon Sep 28 09:34:58 UTC 2026","passed","Mon Sep 28 09:35:04 UTC 2026","testcases.backoffice.currency.AddCurrencyTest","Surefire test","testcases.backoffice.currency.AddCurrencyTest","addCurrencyWithAdminCryptoLogin"
"List Manage Settlement Backoffice Menggunakan HTTP Method PUT","4644","listManageSettlementWithPutMethod","Surefire suite","Mon Sep 28 08:37:37 UTC 2026","passed","Mon Sep 28 08:37:42 UTC 2026","testcases.backoffice.settlement.ManageSettlementTest","Surefire test","testcases.backoffice.settlement.ManageSettlementTest","listManageSettlementWithPutMethod"
"Get List Group Backoffice Tanpa Field size","1573","getListGroupWithoutSizeField","Surefire suite","Mon Sep 28 08:09:05 UTC 2026","passed","Mon Sep 28 08:09:07 UTC 2026","testcases.backoffice.group.GetListGroupTest","Surefire test","testcases.backoffice.group.GetListGroupTest","getListGroupWithoutSizeField"
"Add Group Backoffice","4481","addGroupBO","Surefire suite","Mon Sep 28 07:58:46 UTC 2026","passed","Mon Sep 28 07:58:50 UTC 2026","testcases.backoffice.group.AddGroupTest","Surefire test","testcases.backoffice.group.AddGroupTest","addGroupBO"
"Add Currency USDT Backoffice","7541","addCurrencyBO","Surefire suite","Mon Sep 28 09:34:40 UTC 2026","passed","Mon Sep 28 09:34:47 UTC 2026","testcases.backoffice.currency.AddCurrencyTest","Surefire test","testcases.backoffice.currency.AddCurrencyTest","addCurrencyBO"
"Delete Manage Settlement BO Menggunakan Login CS Admin","4553","deleteManageSettlementWithCSAdminLogin","Surefire suite","Mon Sep 28 08:14:51 UTC 2026","passed","Mon Sep 28 08:14:55 UTC 2026","testcases.backoffice.settlement.DeleteManageSettlementTest","Surefire test","testcases.backoffice.settlement.DeleteManageSettlementTest","deleteManageSettlementWithCSAdminLogin"
"List Manage Settlement Backoffice","8446","listManageSettlementTest","Surefire suite","Mon Sep 28 08:34:52 UTC 2026","passed","Mon Sep 28 08:35:01 UTC 2026","testcases.backoffice.settlement.ManageSettlementTest","Surefire test","testcases.backoffice.settlement.ManageSettlementTest","listManageSettlementTest"
"Add Group Backoffice Dengan feeBankPercent Melebihi 100","1601","addGroupWithFeeOver100","Surefire suite","Mon Sep 28 08:00:12 UTC 2026","passed","Mon Sep 28 08:00:14 UTC 2026","testcases.backoffice.group.AddGroupTest","Surefire test","testcases.backoffice.group.AddGroupTest","addGroupWithFeeOver100"
"Get List Google Authenticator Dengan Sort Tanpa Operator '=='","4874","listOtpGoogleWithMalformedSortOperator","Surefire suite","Mon Sep 28 08:44:57 UTC 2026","passed","Mon Sep 28 08:45:02 UTC 2026","testcases.backoffice.googleauth.ListOtpGoogleTest","Surefire test","testcases.backoffice.googleauth.ListOtpGoogleTest","listOtpGoogleWithMalformedSortOperator"
"Test Get Bank Statement","4674","getReportBankStatementAdmin","Surefire suite","Mon Sep 28 07:55:51 UTC 2026","passed","Mon Sep 28 07:55:56 UTC 2026","testcases.report.ReportTransactionTest","Surefire test","testcases.report.ReportTransactionTest","getReportBankStatementAdmin"
"","13340","getCompanyDetail","Surefire suite","Mon Sep 28 09:05:00 UTC 2026","passed","Mon Sep 28 09:05:13 UTC 2026","testcases.backoffice.CheckCompanyDetailTest","Surefire test","testcases.backoffice.CheckCompanyDetailTest","getCompanyDetail"
"List Manage Settlement Backoffice Dengan Body Berupa Literal null","4710","listManageSettlementWithNullLiteralBody","Surefire suite","Mon Sep 28 08:37:22 UTC 2026","passed","Mon Sep 28 08:37:26 UTC 2026","testcases.backoffice.settlement.ManageSettlementTest","Surefire test","testcases.backoffice.settlement.ManageSettlementTest","listManageSettlementWithNullLiteralBody"
"Get Detail Waiting Company Backoffice Dengan Id Berisi Payload XSS","4971","getDetailWaitingCompanyWithXssId","Surefire suite","Mon Sep 28 08:33:39 UTC 2026","passed","Mon Sep 28 08:33:43 UTC 2026","testcases.backoffice.GetDetailWaitingCompanyTest","Surefire test","testcases.backoffice.GetDetailWaitingCompanyTest","getDetailWaitingCompanyWithXssId"
"Test Approved Special Transfer Supervisor","11910","approvedSpecialTransferSupervisor","Surefire suite","Mon Sep 28 09:23:59 UTC 2026","passed","Mon Sep 28 09:24:11 UTC 2026","testcases.backoffice.ApprovalTransferTest","Surefire test","testcases.backoffice.ApprovalTransferTest","approvedSpecialTransferSupervisor"
"Get Detail Waiting Company Backoffice Dengan Header Authorization Tanpa Skema Bearer","1519","getDetailWaitingCompanyWithMalformedAuthorizationHeader","Surefire suite","Mon Sep 28 08:32:08 UTC 2026","passed","Mon Sep 28 08:32:10 UTC 2026","testcases.backoffice.GetDetailWaitingCompanyTest","Surefire test","testcases.backoffice.GetDetailWaitingCompanyTest","getDetailWaitingCompanyWithMalformedAuthorizationHeader"
"Get List Group Backoffice Dengan Field sort Tidak Valid","1507","getListGroupWithInvalidSortField","Surefire suite","Mon Sep 28 08:06:55 UTC 2026","passed","Mon Sep 28 08:06:57 UTC 2026","testcases.backoffice.group.GetListGroupTest","Surefire test","testcases.backoffice.group.GetListGroupTest","getListGroupWithInvalidSortField"
"List Currency USDT Dengan Karakter SQL Injection pada Field Param","1542","getCurrencyWithSqlInjectionParam","Surefire suite","Mon Sep 28 08:27:41 UTC 2026","passed","Mon Sep 28 08:27:43 UTC 2026","testcases.backoffice.currency.GetCurrencyTest","Surefire test","testcases.backoffice.currency.GetCurrencyTest","getCurrencyWithSqlInjectionParam"
"Get List Group Backoffice Dengan Body Kosong ({})","3917","getListGroupWithEmptyBody","Surefire suite","Mon Sep 28 08:06:33 UTC 2026","passed","Mon Sep 28 08:06:37 UTC 2026","testcases.backoffice.group.GetListGroupTest","Surefire test","testcases.backoffice.group.GetListGroupTest","getListGroupWithEmptyBody"
"Delete Manage Settlement BO Menggunakan HTTP Method POST","4652","deleteManageSettlementWithPostMethod","Surefire suite","Mon Sep 28 08:16:28 UTC 2026","passed","Mon Sep 28 08:16:33 UTC 2026","testcases.backoffice.settlement.DeleteManageSettlementTest","Surefire test","testcases.backoffice.settlement.DeleteManageSettlementTest","deleteManageSettlementWithPostMethod"
"Get User Backoffice Menggunakan Login Admin Crypto","4666","getUserWithAdminCryptoLogin","Surefire suite","Mon Sep 28 08:30:48 UTC 2026","passed","Mon Sep 28 08:30:53 UTC 2026","testcases.backoffice.GetDashboardTest","Surefire test","testcases.backoffice.GetDashboardTest","getUserWithAdminCryptoLogin"
"List User Backoffice Dengan Page/Size Negatif - Menemukan Bug Gateway Timeout","4516","listUsersWithNegativePageSize","Surefire suite","Mon Sep 28 08:42:27 UTC 2026","passed","Mon Sep 28 08:42:31 UTC 2026","testcases.backoffice.users.ListUsersTest","Surefire test","testcases.backoffice.users.ListUsersTest","listUsersWithNegativePageSize"
"Get Detail Waiting Company Backoffice Menggunakan HTTP Method POST","4748","getDetailWaitingCompanyWithPostMethod","Surefire suite","Mon Sep 28 08:33:00 UTC 2026","passed","Mon Sep 28 08:33:04 UTC 2026","testcases.backoffice.GetDetailWaitingCompanyTest","Surefire test","testcases.backoffice.GetDetailWaitingCompanyTest","getDetailWaitingCompanyWithPostMethod"
"List Company Backoffice Menggunakan Login Merchant","4533","listCompanyWithMerchantLogin","Surefire suite","Mon Sep 28 08:51:08 UTC 2026","passed","Mon Sep 28 08:51:12 UTC 2026","testcases.backoffice.ListCompanyTest","Surefire test","testcases.backoffice.ListCompanyTest","listCompanyWithMerchantLogin"
"Edit Company Cs Admin","5119","editCompanyCsAdmin","Surefire suite","Mon Sep 28 07:54:37 UTC 2026","passed","Mon Sep 28 07:54:42 UTC 2026","testcases.backoffice.users.EditUserTest","Surefire test","testcases.backoffice.users.EditUserTest","editCompanyCsAdmin"
"Resend Google Authenticator Tanpa Login/Header Auth","1581","resendOtpGoogleWithoutAuth","Surefire suite","Mon Sep 28 08:48:28 UTC 2026","passed","Mon Sep 28 08:48:29 UTC 2026","testcases.backoffice.googleauth.ResendOtpGoogleTest","Surefire test","testcases.backoffice.googleauth.ResendOtpGoogleTest","resendOtpGoogleWithoutAuth"
"Delete Manage Settlement BO Menggunakan HTTP Method DELETE","4650","deleteManageSettlementWithDeleteMethod","Surefire suite","Mon Sep 28 08:15:06 UTC 2026","passed","Mon Sep 28 08:15:11 UTC 2026","testcases.backoffice.settlement.DeleteManageSettlementTest","Surefire test","testcases.backoffice.settlement.DeleteManageSettlementTest","deleteManageSettlementWithDeleteMethod"
"Get List Google Authenticator","4500","getListOtpGoogle","Surefire suite","Mon Sep 28 08:43:02 UTC 2026","passed","Mon Sep 28 08:43:07 UTC 2026","testcases.backoffice.googleauth.ListOtpGoogleTest","Surefire test","testcases.backoffice.googleauth.ListOtpGoogleTest","getListOtpGoogle"
"Delete Group Backoffice Dengan Token Backoffice Valid Tapi Tanpa Header pbyv","1564","deleteGroupWithoutPbyvHeader","Surefire suite","Mon Sep 28 07:58:41 UTC 2026","passed","Mon Sep 28 07:58:43 UTC 2026","testcases.backoffice.group.DeleteGroupTest","Surefire test","testcases.backoffice.group.DeleteGroupTest","deleteGroupWithoutPbyvHeader"
"Get List Group","4710","getListGroup","Surefire suite","Mon Sep 28 08:05:42 UTC 2026","passed","Mon Sep 28 08:05:46 UTC 2026","testcases.backoffice.group.GetListGroupTest","Surefire test","testcases.backoffice.group.GetListGroupTest","getListGroup"
"Inquiry Test USDT Transfer Merchant","5166","inquiryUSDT","Surefire suite","Mon Sep 28 07:54:59 UTC 2026","passed","Mon Sep 28 07:55:04 UTC 2026","testcases.transfer.InquiryUSDTTest","Surefire test","testcases.transfer.InquiryUSDTTest","inquiryUSDT"
"Get Group User Backoffice","4776","getGroupSuperBO","Surefire suite","Mon Sep 28 08:30:08 UTC 2026","passed","Mon Sep 28 08:30:13 UTC 2026","testcases.backoffice.GetDashboardTest","Surefire test","testcases.backoffice.GetDashboardTest","getGroupSuperBO"
"List Manage Settlement Backoffice Dengan Karakter SQL Injection pada Field Param","4777","listManageSettlementWithSqlInjectionParam","Surefire suite","Mon Sep 28 08:37:45 UTC 2026","passed","Mon Sep 28 08:37:49 UTC 2026","testcases.backoffice.settlement.ManageSettlementTest","Surefire test","testcases.backoffice.settlement.ManageSettlementTest","listManageSettlementWithSqlInjectionParam"
"Add Group Backoffice Dengan Karakter SQL Injection pada name","1590","addGroupWithSqlInjectionName","Surefire suite","Mon Sep 28 08:01:31 UTC 2026","passed","Mon Sep 28 08:01:32 UTC 2026","testcases.backoffice.group.AddGroupTest","Surefire test","testcases.backoffice.group.AddGroupTest","addGroupWithSqlInjectionName"
"Delete Group Backoffice Tanpa Body Sama Sekali","1525","deleteGroupWithoutBody","Surefire suite","Mon Sep 28 07:58:28 UTC 2026","passed","Mon Sep 28 07:58:29 UTC 2026","testcases.backoffice.group.DeleteGroupTest","Surefire test","testcases.backoffice.group.DeleteGroupTest","deleteGroupWithoutBody"
"Delete Favorite Account Menggunakan HTTP Method GET","1784","deleteFavoriteAccountWithGetMethod","Surefire suite","Mon Sep 28 08:10:15 UTC 2026","passed","Mon Sep 28 08:10:17 UTC 2026","testcases.settings.favoriteaccount.DeleteFavoriteAccountTest","Surefire test","testcases.settings.favoriteaccount.DeleteFavoriteAccountTest","deleteFavoriteAccountWithGetMethod"
"Normal Manual Transfer Success with Account Supervisor","10577","manualTransferSupervisor","Surefire suite","Mon Sep 28 07:58:38 UTC 2026","passed","Mon Sep 28 07:58:49 UTC 2026","testcases.transfer.ManualTransferTest","Surefire test","testcases.transfer.ManualTransferTest","manualTransferSupervisor"
"Delete Group Backoffice Dengan Body Berupa Literal null","1635","deleteGroupWithNullLiteralBody","Surefire suite","Mon Sep 28 07:57:28 UTC 2026","passed","Mon Sep 28 07:57:29 UTC 2026","testcases.backoffice.group.DeleteGroupTest","Surefire test","testcases.backoffice.group.DeleteGroupTest","deleteGroupWithNullLiteralBody"
"Test Rejected Special Transfer","11789","rejectedSpecialTransfer","Surefire suite","Mon Sep 28 09:28:35 UTC 2026","passed","Mon Sep 28 09:28:47 UTC 2026","testcases.backoffice.ApprovalTransferTest","Surefire test","testcases.backoffice.ApprovalTransferTest","rejectedSpecialTransfer"
"Get History QR Supervisor Success Paid","11441","historyQRTestPaidSupervisor","Surefire suite","Mon Sep 28 08:55:29 UTC 2026","passed","Mon Sep 28 08:55:40 UTC 2026","testcases.history.HistoryQRTest","Surefire test","testcases.history.HistoryQRTest","historyQRTestPaidSupervisor"
"Inquiry Favorite Account Dengan Body JSON Tidak Valid (Malformed)","1415","inquiryFavoriteAccountWithMalformedJson","Surefire suite","Mon Sep 28 08:35:36 UTC 2026","passed","Mon Sep 28 08:35:37 UTC 2026","testcases.settings.favoriteaccount.InquiryFavoriteAccountTest","Surefire test","testcases.settings.favoriteaccount.InquiryFavoriteAccountTest","inquiryFavoriteAccountWithMalformedJson"
"Delete Google Authenticator Menggunakan Login Admin Crypto","4739","deleteOtpGoogleWithAdminCryptoLogin","Surefire suite","Mon Sep 28 08:22:16 UTC 2026","passed","Mon Sep 28 08:22:20 UTC 2026","testcases.backoffice.googleauth.DeleteOtpGoogleTest","Surefire test","testcases.backoffice.googleauth.DeleteOtpGoogleTest","deleteOtpGoogleWithAdminCryptoLogin"
"Get List Google Authenticator Menggunakan HTTP Method PATCH","5678","listOtpGoogleWithPatchMethod","Surefire suite","Mon Sep 28 08:45:38 UTC 2026","passed","Mon Sep 28 08:45:44 UTC 2026","testcases.backoffice.googleauth.ListOtpGoogleTest","Surefire test","testcases.backoffice.googleauth.ListOtpGoogleTest","listOtpGoogleWithPatchMethod"
"List Refund Dengan Field Range Berisi Nilai Tidak Valid","4800","listRefundWithInvalidRange","Surefire suite","Mon Sep 28 09:42:51 UTC 2026","passed","Mon Sep 28 09:42:55 UTC 2026","testcases.backoffice.ListRefundTest","Surefire test","testcases.backoffice.ListRefundTest","listRefundWithInvalidRange"
"Reset Password Customer Service","5198","resetPasswordCS","Surefire suite","Mon Sep 28 07:55:48 UTC 2026","passed","Mon Sep 28 07:55:53 UTC 2026","testcases.settings.ResetPasswordTest","Surefire test","testcases.settings.ResetPasswordTest","resetPasswordCS"
"Create Manage Settlement BO Dengan Body Berupa JSON Array ([])","4507","addManageSettlementWithArrayBody","Surefire suite","Mon Sep 28 08:09:46 UTC 2026","passed","Mon Sep 28 08:09:50 UTC 2026","testcases.backoffice.settlement.AddManageSettlementTest","Surefire test","testcases.backoffice.settlement.AddManageSettlementTest","addManageSettlementWithArrayBody"
"Add Currency CS Admin Path Dengan rate Negatif","1476","addCurrencyWithNegativeRate","Surefire suite","Mon Sep 28 09:36:57 UTC 2026","passed","Mon Sep 28 09:36:59 UTC 2026","testcases.backoffice.currency.AddCurrencyTest","Surefire test","testcases.backoffice.currency.AddCurrencyTest","addCurrencyWithNegativeRate"
"Login Backoffice dengan Password Salah","4665","testLoginBackofficeWrongPassword","Surefire suite","Mon Sep 28 08:36:17 UTC 2026","passed","Mon Sep 28 08:36:22 UTC 2026","testcases.auth.LoginTest","Surefire test","testcases.auth.LoginTest","testLoginBackofficeWrongPassword"
"Mutasi Manual Transfer CS","28062","mutasiManualTransferCS","Surefire suite","Mon Sep 28 10:06:05 UTC 2026","passed","Mon Sep 28 10:06:33 UTC 2026","testcases.mutasi.MutasiTransferTest","Surefire test","testcases.mutasi.MutasiTransferTest","mutasiManualTransferCS"
"Mutasi USDT Transfer Balance","33239","mutasiUSDTTransferBalanceSupervisor","Surefire suite","Mon Sep 28 10:14:58 UTC 2026","passed","Mon Sep 28 10:15:32 UTC 2026","testcases.mutasi.MutasiTransferTest","Surefire test","testcases.mutasi.MutasiTransferTest","mutasiUSDTTransferBalanceSupervisor"
"Get History Flop Transfer Test Supervisor","9151","historyFlopTransferTestSupervisor","Surefire suite","Mon Sep 28 09:51:32 UTC 2026","passed","Mon Sep 28 09:51:41 UTC 2026","testcases.history.HistoryTransferTest","Surefire test","testcases.history.HistoryTransferTest","historyFlopTransferTestSupervisor"
"Get List Group Backoffice Tanpa Body Sama Sekali","1492","getListGroupWithoutBody","Surefire suite","Mon Sep 28 08:08:52 UTC 2026","passed","Mon Sep 28 08:08:53 UTC 2026","testcases.backoffice.group.GetListGroupTest","Surefire test","testcases.backoffice.group.GetListGroupTest","getListGroupWithoutBody"
"Transfer Different Partner Reference, Special Transfer to Manual Transfer","47388","trfPartnerRefManualFailed","Surefire suite","Mon Sep 28 08:40:28 UTC 2026","failed","Mon Sep 28 08:41:16 UTC 2026","testcases.transfer.ManualTransferTest","Surefire test","testcases.transfer.ManualTransferTest","trfPartnerRefManualFailed"
"Refund Summary Dengan endDate Bukan Format Tanggal","1483","getRefundWithInvalidEndDate","Surefire suite","Mon Sep 28 08:37:44 UTC 2026","passed","Mon Sep 28 08:37:46 UTC 2026","testcases.backoffice.refund.GetRefundTest","Surefire test","testcases.backoffice.refund.GetRefundTest","getRefundWithInvalidEndDate"
"Created Favorite Account Dengan Header credentialId Salah","1568","createdFavoriteAccountWithWrongCredentialIdHeader","Surefire suite","Mon Sep 28 08:38:10 UTC 2026","failed","Mon Sep 28 08:38:11 UTC 2026","testcases.settings.favoriteaccount.CreatedFavoriteAccountTest","Surefire test","testcases.settings.favoriteaccount.CreatedFavoriteAccountTest","createdFavoriteAccountWithWrongCredentialIdHeader"
"Get List Group Backoffice Dengan size Bertipe String","1561","getListGroupWithSizeAsString","Surefire suite","Mon Sep 28 08:08:07 UTC 2026","passed","Mon Sep 28 08:08:08 UTC 2026","testcases.backoffice.group.GetListGroupTest","Surefire test","testcases.backoffice.group.GetListGroupTest","getListGroupWithSizeAsString"
"Transfer Different Partner Reference, Manual Transfer to Transfer","49146","trfPartnerRefManualFailed","Surefire suite","Mon Sep 28 08:00:17 UTC 2026","failed","Mon Sep 28 08:01:06 UTC 2026","testcases.transfer.SpecialTransferTest","Surefire test","testcases.transfer.SpecialTransferTest","trfPartnerRefManualFailed"
"Success Login Supervisor With Captcha","3192","testLoginSupervisor","Surefire suite","Mon Sep 28 07:54:35 UTC 2026","passed","Mon Sep 28 07:54:39 UTC 2026","testcases.auth.LoginTest","Surefire test","testcases.auth.LoginTest","testLoginSupervisor"
"List Company Backoffice Menggunakan HTTP Method GET","5596","listCompanyWithGetMethod","Surefire suite","Mon Sep 28 08:50:06 UTC 2026","passed","Mon Sep 28 08:50:11 UTC 2026","testcases.backoffice.ListCompanyTest","Surefire test","testcases.backoffice.ListCompanyTest","listCompanyWithGetMethod"
"List Manage Settlement Backoffice Dengan Field Tidak Dikenal pada Body","4701","listManageSettlementWithUnknownField","Surefire suite","Mon Sep 28 08:38:00 UTC 2026","passed","Mon Sep 28 08:38:05 UTC 2026","testcases.backoffice.settlement.ManageSettlementTest","Surefire test","testcases.backoffice.settlement.ManageSettlementTest","listManageSettlementWithUnknownField"
"Get Detail Waiting Company Backoffice Tanpa Id (Path Kosong)","4938","getDetailWaitingCompanyWithEmptyId","Surefire suite","Mon Sep 28 08:31:43 UTC 2026","passed","Mon Sep 28 08:31:48 UTC 2026","testcases.backoffice.GetDetailWaitingCompanyTest","Surefire test","testcases.backoffice.GetDetailWaitingCompanyTest","getDetailWaitingCompanyWithEmptyId"
"Success Login Admin Crypto","3409","testLoginAdminCrypto","Surefire suite","Mon Sep 28 07:58:17 UTC 2026","passed","Mon Sep 28 07:58:20 UTC 2026","testcases.auth.LoginTest","Surefire test","testcases.auth.LoginTest","testLoginAdminCrypto"
"Generate QR Code Merchant","5235","generateQRCode","Surefire suite","Mon Sep 28 08:44:00 UTC 2026","passed","Mon Sep 28 08:44:05 UTC 2026","testcases.QR.GenerateQRTest","Surefire test","testcases.QR.GenerateQRTest","generateQRCode"
"Add Currency CS Admin Path Menggunakan Login Customer Service","4875","addCurrencyWithCSLogin","Surefire suite","Mon Sep 28 09:35:39 UTC 2026","passed","Mon Sep 28 09:35:44 UTC 2026","testcases.backoffice.currency.AddCurrencyTest","Surefire test","testcases.backoffice.currency.AddCurrencyTest","addCurrencyWithCSLogin"
"Delete Group Backoffice Tanpa Field id","1546","deleteGroupWithoutIdField","Surefire suite","Mon Sep 28 07:58:32 UTC 2026","passed","Mon Sep 28 07:58:34 UTC 2026","testcases.backoffice.group.DeleteGroupTest","Surefire test","testcases.backoffice.group.DeleteGroupTest","deleteGroupWithoutIdField"
"Created Favorite Account Merchant","5072","createdFavoriteAccount","Surefire suite","Mon Sep 28 08:36:50 UTC 2026","passed","Mon Sep 28 08:36:55 UTC 2026","testcases.settings.favoriteaccount.CreatedFavoriteAccountTest","Surefire test","testcases.settings.favoriteaccount.CreatedFavoriteAccountTest","createdFavoriteAccount"
"Get History USDT Transfer Test Admin","11738","historyUSDTTransferTestFeeAdmin","Surefire suite","Mon Sep 28 09:58:29 UTC 2026","passed","Mon Sep 28 09:58:41 UTC 2026","testcases.history.HistoryTransferTest","Surefire test","testcases.history.HistoryTransferTest","historyUSDTTransferTestFeeAdmin"
"Create Manage Settlement BO Ke Path yang Tidak Ada (Typo)","4772","addManageSettlementWithWrongPath","Surefire suite","Mon Sep 28 08:13:15 UTC 2026","passed","Mon Sep 28 08:13:19 UTC 2026","testcases.backoffice.settlement.AddManageSettlementTest","Surefire test","testcases.backoffice.settlement.AddManageSettlementTest","addManageSettlementWithWrongPath"
"Success Login CS Admin","3313","testLoginCSAdmin","Surefire suite","Mon Sep 28 07:54:59 UTC 2026","passed","Mon Sep 28 07:55:03 UTC 2026","testcases.auth.LoginTest","Surefire test","testcases.auth.LoginTest","testLoginCSAdmin"
"Get Group Detail Backoffice Menggunakan Login Marketing","5144","getGroupDetailWithMarketingLogin","Surefire suite","Mon Sep 28 08:03:52 UTC 2026","passed","Mon Sep 28 08:03:57 UTC 2026","testcases.backoffice.group.GetGroupTest","Surefire test","testcases.backoffice.group.GetGroupTest","getGroupDetailWithMarketingLogin"
"Resend Google Authenticator Menggunakan Login Admin","4703","resendOtpGoogleWithAdminLogin","Surefire suite","Mon Sep 28 08:45:02 UTC 2026","passed","Mon Sep 28 08:45:06 UTC 2026","testcases.backoffice.googleauth.ResendOtpGoogleTest","Surefire test","testcases.backoffice.googleauth.ResendOtpGoogleTest","resendOtpGoogleWithAdminLogin"
"Create Manage Settlement BO Menggunakan Login Admin Crypto","4481","addManageSettlementWithAdminCryptoLogin","Surefire suite","Mon Sep 28 08:09:31 UTC 2026","passed","Mon Sep 28 08:09:35 UTC 2026","testcases.backoffice.settlement.AddManageSettlementTest","Surefire test","testcases.backoffice.settlement.AddManageSettlementTest","addManageSettlementWithAdminCryptoLogin"
"Get History USDT Transfer Test Supervisor","8178","historyUSDTTransferTestSupervisor","Surefire suite","Mon Sep 28 09:58:44 UTC 2026","passed","Mon Sep 28 09:58:52 UTC 2026","testcases.history.HistoryTransferTest","Surefire test","testcases.history.HistoryTransferTest","historyUSDTTransferTestSupervisor"
"Create Manage Settlement BO Menggunakan Login Marketing","6771","addManageSettlementWithMarketingLogin","Surefire suite","Mon Sep 28 08:11:46 UTC 2026","passed","Mon Sep 28 08:11:52 UTC 2026","testcases.backoffice.settlement.AddManageSettlementTest","Surefire test","testcases.backoffice.settlement.AddManageSettlementTest","addManageSettlementWithMarketingLogin"
"Delete session Merchant on CS Admin","5219","deleteSessionCsAdmin","Surefire suite","Mon Sep 28 07:54:29 UTC 2026","broken","Mon Sep 28 07:54:34 UTC 2026","testcases.backoffice.users.EditUserTest","Surefire test","testcases.backoffice.users.EditUserTest","deleteSessionCsAdmin"
"Get List Google Authenticator Ke Path yang Tidak Ada (Typo)","4945","listOtpGoogleWithWrongPath","Surefire suite","Mon Sep 28 08:46:29 UTC 2026","passed","Mon Sep 28 08:46:34 UTC 2026","testcases.backoffice.googleauth.ListOtpGoogleTest","Surefire test","testcases.backoffice.googleauth.ListOtpGoogleTest","listOtpGoogleWithWrongPath"
"Test Approved USDT Supervisor","18268","approvedUSDTSupervisor","Surefire suite","Mon Sep 28 09:25:26 UTC 2026","passed","Mon Sep 28 09:25:44 UTC 2026","testcases.backoffice.ApprovalTransferTest","Surefire test","testcases.backoffice.ApprovalTransferTest","approvedUSDTSupervisor"
"Get Dashboard Backoffice Menggunakan Login Marketing","4796","getDashboardWithMarketingLogin","Surefire suite","Mon Sep 28 08:29:40 UTC 2026","passed","Mon Sep 28 08:29:45 UTC 2026","testcases.backoffice.GetDashboardTest","Surefire test","testcases.backoffice.GetDashboardTest","getDashboardWithMarketingLogin"
"List Refund Dengan Body Kosong ({})","4822","listRefundWithEmptyBody","Surefire suite","Mon Sep 28 09:42:26 UTC 2026","passed","Mon Sep 28 09:42:31 UTC 2026","testcases.backoffice.ListRefundTest","Surefire test","testcases.backoffice.ListRefundTest","listRefundWithEmptyBody"
"Create Manage Settlement BO Menggunakan Login Admin","4605","addManageSettlementWithAdminLogin","Surefire suite","Mon Sep 28 08:09:38 UTC 2026","passed","Mon Sep 28 08:09:43 UTC 2026","testcases.backoffice.settlement.AddManageSettlementTest","Surefire test","testcases.backoffice.settlement.AddManageSettlementTest","addManageSettlementWithAdminLogin"
"List Currency USDT Tanpa Body Sama Sekali","6659","getCurrencyWithoutBody","Surefire suite","Mon Sep 28 08:28:21 UTC 2026","passed","Mon Sep 28 08:28:28 UTC 2026","testcases.backoffice.currency.GetCurrencyTest","Surefire test","testcases.backoffice.currency.GetCurrencyTest","getCurrencyWithoutBody"
"Delete Manage Settlement BO Dengan Token Backoffice Valid Tapi Tanpa Header pbyv","4658","deleteManageSettlementWithoutPbyvHeader","Surefire suite","Mon Sep 28 08:17:39 UTC 2026","passed","Mon Sep 28 08:17:43 UTC 2026","testcases.backoffice.settlement.DeleteManageSettlementTest","Surefire test","testcases.backoffice.settlement.DeleteManageSettlementTest","deleteManageSettlementWithoutPbyvHeader"
"Create Manage Settlement BO Dengan Item companyList Tanpa companyId","4732","addManageSettlementWithoutCompanyId","Surefire suite","Mon Sep 28 08:13:42 UTC 2026","passed","Mon Sep 28 08:13:46 UTC 2026","testcases.backoffice.settlement.AddManageSettlementTest","Surefire test","testcases.backoffice.settlement.AddManageSettlementTest","addManageSettlementWithoutCompanyId"
"List Refund Menggunakan Login Supervisor","4729","listRefundWithSupervisorLogin","Surefire suite","Mon Sep 28 09:43:50 UTC 2026","passed","Mon Sep 28 09:43:54 UTC 2026","testcases.backoffice.ListRefundTest","Surefire test","testcases.backoffice.ListRefundTest","listRefundWithSupervisorLogin"
"Mutasi Transfer Supervisor Balance","10228","mutasiTransferSupervisorBalance","Surefire suite","Mon Sep 28 10:12:32 UTC 2026","passed","Mon Sep 28 10:12:42 UTC 2026","testcases.mutasi.MutasiTransferTest","Surefire test","testcases.mutasi.MutasiTransferTest","mutasiTransferSupervisorBalance"
"Inquiry Test Manual Transfer Merchant Supervisor","5374","inquiryManualTransferSupervisor","Surefire suite","Mon Sep 28 07:55:01 UTC 2026","passed","Mon Sep 28 07:55:06 UTC 2026","testcases.transfer.InquiryManualTransferTest","Surefire test","testcases.transfer.InquiryManualTransferTest","inquiryManualTransferSupervisor"
"Get History Special Transfer Merchant on Login CS Admin","11963","historySpecialTransferMerchantTestCSAdmin","Surefire suite","Mon Sep 28 09:53:41 UTC 2026","passed","Mon Sep 28 09:53:53 UTC 2026","testcases.history.HistoryTransferTest","Surefire test","testcases.history.HistoryTransferTest","historySpecialTransferMerchantTestCSAdmin"
"Create Manage Settlement BO Dengan Tipe Data Salah pada companyList (String, Bukan Array)","5948","addManageSettlementWithInvalidFieldType","Surefire suite","Mon Sep 28 08:11:07 UTC 2026","passed","Mon Sep 28 08:11:13 UTC 2026","testcases.backoffice.settlement.AddManageSettlementTest","Surefire test","testcases.backoffice.settlement.AddManageSettlementTest","addManageSettlementWithInvalidFieldType"
"List Manage Settlement Backoffice Dengan Ukuran Halaman Sangat Besar","4624","listManageSettlementWithHugeSize","Surefire suite","Mon Sep 28 08:36:11 UTC 2026","passed","Mon Sep 28 08:36:16 UTC 2026","testcases.backoffice.settlement.ManageSettlementTest","Surefire test","testcases.backoffice.settlement.ManageSettlementTest","listManageSettlementWithHugeSize"
"Test Approved Manual Transfer","17963","rejectedCashDeposit","Surefire suite","Mon Sep 28 09:27:53 UTC 2026","passed","Mon Sep 28 09:28:11 UTC 2026","testcases.backoffice.ApprovalTransferTest","Surefire test","testcases.backoffice.ApprovalTransferTest","rejectedCashDeposit"
"Normal Manual Transfer Success Admin Crypto","6879","manualTransferAdminCrypto","Surefire suite","Mon Sep 28 07:55:28 UTC 2026","passed","Mon Sep 28 07:55:35 UTC 2026","testcases.transfer.ManualTransferTest","Surefire test","testcases.transfer.ManualTransferTest","manualTransferAdminCrypto"
"Created Favorite Account Dengan pin String Kosong","1591","createdFavoriteAccountWithEmptyPin","Surefire suite","Mon Sep 28 08:37:15 UTC 2026","failed","Mon Sep 28 08:37:16 UTC 2026","testcases.settings.favoriteaccount.CreatedFavoriteAccountTest","Surefire test","testcases.settings.favoriteaccount.CreatedFavoriteAccountTest","createdFavoriteAccountWithEmptyPin"
"Generate QR Code Failed Merchant","5061","generateQRCodeFailed","Surefire suite","Mon Sep 28 08:44:16 UTC 2026","passed","Mon Sep 28 08:44:21 UTC 2026","testcases.QR.GenerateQRTest","Surefire test","testcases.QR.GenerateQRTest","generateQRCodeFailed"
"List Waiting Company Backoffice Dengan Content-Type text/plain","4642","listWaitingCompanyWithWrongContentType","Surefire suite","Mon Sep 28 08:49:06 UTC 2026","passed","Mon Sep 28 08:49:10 UTC 2026","testcases.backoffice.ListWaitingCompanyTest","Surefire test","testcases.backoffice.ListWaitingCompanyTest","listWaitingCompanyWithWrongContentType"
"Delete Google Authenticator","10791","deleteOtpGoogleBO","Surefire suite","Mon Sep 28 08:22:02 UTC 2026","passed","Mon Sep 28 08:22:13 UTC 2026","testcases.backoffice.googleauth.DeleteOtpGoogleTest","Surefire test","testcases.backoffice.googleauth.DeleteOtpGoogleTest","deleteOtpGoogleBO"
"Delete Favorite Account CS","56694","deleteFavoriteAccountCS","Surefire suite","Mon Sep 28 09:15:19 UTC 2026","failed","Mon Sep 28 09:16:16 UTC 2026","testcases.settings.favoriteaccount.DeleteFavoriteAccountTest","Surefire test","testcases.settings.favoriteaccount.DeleteFavoriteAccountTest","deleteFavoriteAccountCS"
"Get List Favorite Account Dengan Header companyId Salah","1480","getListFavoriteAccountWithWrongCompanyIdHeader","Surefire suite","Mon Sep 28 10:22:34 UTC 2026","passed","Mon Sep 28 10:22:36 UTC 2026","testcases.settings.favoriteaccount.GetListFavoriteAccountTest","Surefire test","testcases.settings.favoriteaccount.GetListFavoriteAccountTest","getListFavoriteAccountWithWrongCompanyIdHeader"
"Get List Group Backoffice Menggunakan Login Admin Crypto","4803","getListGroupWithAdminCryptoLogin","Surefire suite","Mon Sep 28 08:05:49 UTC 2026","passed","Mon Sep 28 08:05:54 UTC 2026","testcases.backoffice.group.GetListGroupTest","Surefire test","testcases.backoffice.group.GetListGroupTest","getListGroupWithAdminCryptoLogin"
"Get Notification Sender Dengan Header Authorization Tanpa Skema Bearer","1495","getNotificationSenderWithMalformedAuthorizationHeader","Surefire suite","Mon Sep 28 08:42:02 UTC 2026","passed","Mon Sep 28 08:42:04 UTC 2026","testcases.backoffice.notifsender.NotificationSenderTest","Surefire test","testcases.backoffice.notifsender.NotificationSenderTest","getNotificationSenderWithMalformedAuthorizationHeader"
"Get List Favorite Account Dengan Body JSON Tidak Valid (Malformed)","1513","getListFavoriteAccountWithMalformedJson","Surefire suite","Mon Sep 28 10:21:48 UTC 2026","passed","Mon Sep 28 10:21:50 UTC 2026","testcases.settings.favoriteaccount.GetListFavoriteAccountTest","Surefire test","testcases.settings.favoriteaccount.GetListFavoriteAccountTest","getListFavoriteAccountWithMalformedJson"
"Get List Favorite Account Dengan Token Tidak Valid","1599","getListFavoriteAccountWithInvalidToken","Surefire suite","Mon Sep 28 10:21:39 UTC 2026","passed","Mon Sep 28 10:21:41 UTC 2026","testcases.settings.favoriteaccount.GetListFavoriteAccountTest","Surefire test","testcases.settings.favoriteaccount.GetListFavoriteAccountTest","getListFavoriteAccountWithInvalidToken"
"Create Manage Settlement BO Dengan Header Authorization Tanpa Skema Bearer","1742","addManageSettlementWithMalformedAuthorizationHeader","Surefire suite","Mon Sep 28 08:11:20 UTC 2026","passed","Mon Sep 28 08:11:22 UTC 2026","testcases.backoffice.settlement.AddManageSettlementTest","Surefire test","testcases.backoffice.settlement.AddManageSettlementTest","addManageSettlementWithMalformedAuthorizationHeader"
"List Waiting Company Backoffice Dengan Ukuran Halaman Sangat Besar","4523","listWaitingCompanyWithHugeSize","Surefire suite","Mon Sep 28 08:47:46 UTC 2026","passed","Mon Sep 28 08:47:51 UTC 2026","testcases.backoffice.ListWaitingCompanyTest","Surefire test","testcases.backoffice.ListWaitingCompanyTest","listWaitingCompanyWithHugeSize"
"Delete Google Authenticator Dengan id Berisi Karakter SQL Injection","4900","deleteOtpGoogleWithSqlInjectionId","Surefire suite","Mon Sep 28 08:24:39 UTC 2026","passed","Mon Sep 28 08:24:43 UTC 2026","testcases.backoffice.googleauth.DeleteOtpGoogleTest","Surefire test","testcases.backoffice.googleauth.DeleteOtpGoogleTest","deleteOtpGoogleWithSqlInjectionId"
"Mutasi Manual Transfer Balance CS","33060","mutasiManualTransferBalanceCS","Surefire suite","Mon Sep 28 10:04:15 UTC 2026","passed","Mon Sep 28 10:04:48 UTC 2026","testcases.mutasi.MutasiTransferTest","Surefire test","testcases.mutasi.MutasiTransferTest","mutasiManualTransferBalanceCS"
"Get List Google Authenticator Dengan Header Authorization Tanpa Skema Bearer","1472","listOtpGoogleWithMalformedAuthorizationHeader","Surefire suite","Mon Sep 28 08:44:44 UTC 2026","passed","Mon Sep 28 08:44:46 UTC 2026","testcases.backoffice.googleauth.ListOtpGoogleTest","Surefire test","testcases.backoffice.googleauth.ListOtpGoogleTest","listOtpGoogleWithMalformedAuthorizationHeader"
"Mutasi Company Admin","8201","mutasiCompanyAdmin","Surefire suite","Mon Sep 28 10:02:51 UTC 2026","passed","Mon Sep 28 10:02:59 UTC 2026","testcases.mutasi.MutasiTransferTest","Surefire test","testcases.mutasi.MutasiTransferTest","mutasiCompanyAdmin"
"List Currency USDT Dengan Sort Tanpa Operator '=='","1583","getCurrencyWithMalformedSortOperator","Surefire suite","Mon Sep 28 08:27:03 UTC 2026","passed","Mon Sep 28 08:27:04 UTC 2026","testcases.backoffice.currency.GetCurrencyTest","Surefire test","testcases.backoffice.currency.GetCurrencyTest","getCurrencyWithMalformedSortOperator"
"Test Reject USDT","17725","rejectedUSDT","Surefire suite","Mon Sep 28 09:29:05 UTC 2026","passed","Mon Sep 28 09:29:22 UTC 2026","testcases.backoffice.ApprovalTransferTest","Surefire test","testcases.backoffice.ApprovalTransferTest","rejectedUSDT"
"Get List Google Authenticator Menggunakan Login Merchant","4800","listOtpGoogleWithMerchantLogin","Surefire suite","Mon Sep 28 08:45:12 UTC 2026","passed","Mon Sep 28 08:45:17 UTC 2026","testcases.backoffice.googleauth.ListOtpGoogleTest","Surefire test","testcases.backoffice.googleauth.ListOtpGoogleTest","listOtpGoogleWithMerchantLogin"
"Get List Favorite Account Merchant","8122","getListFavoriteAccount","Surefire suite","Mon Sep 28 10:20:46 UTC 2026","passed","Mon Sep 28 10:20:54 UTC 2026","testcases.settings.favoriteaccount.GetListFavoriteAccountTest","Surefire test","testcases.settings.favoriteaccount.GetListFavoriteAccountTest","getListFavoriteAccount"
"List Currency USDT Dengan Body Kosong ({})","1661","getCurrencyWithEmptyBody","Surefire suite","Mon Sep 28 08:26:21 UTC 2026","passed","Mon Sep 28 08:26:23 UTC 2026","testcases.backoffice.currency.GetCurrencyTest","Surefire test","testcases.backoffice.currency.GetCurrencyTest","getCurrencyWithEmptyBody"
"Delete Manage Settlement BO Dengan id Berisi Payload XSS","4499","deleteManageSettlementWithXssId","Surefire suite","Mon Sep 28 08:17:14 UTC 2026","passed","Mon Sep 28 08:17:19 UTC 2026","testcases.backoffice.settlement.DeleteManageSettlementTest","Surefire test","testcases.backoffice.settlement.DeleteManageSettlementTest","deleteManageSettlementWithXssId"
"List Company Backoffice Dengan Content-Type text/plain","4531","listCompanyWithWrongContentType","Surefire suite","Mon Sep 28 08:51:42 UTC 2026","passed","Mon Sep 28 08:51:46 UTC 2026","testcases.backoffice.ListCompanyTest","Surefire test","testcases.backoffice.ListCompanyTest","listCompanyWithWrongContentType"
"Test Get Report Transaction Merchant","5126","getReportTransactionMerchant","Surefire suite","Mon Sep 28 08:44:24 UTC 2026","passed","Mon Sep 28 08:44:29 UTC 2026","testcases.report.ReportTransactionTest","Surefire test","testcases.report.ReportTransactionTest","getReportTransactionMerchant"
"Get Detail Waiting Company Backoffice","4604","getDetailWaitingCompany","Surefire suite","Mon Sep 28 08:31:13 UTC 2026","passed","Mon Sep 28 08:31:17 UTC 2026","testcases.backoffice.GetDetailWaitingCompanyTest","Surefire test","testcases.backoffice.GetDetailWaitingCompanyTest","getDetailWaitingCompany"
"Mutasi USDT Transfer Supervisor","27522","mutasiUSDTTransferSupervisor","Surefire suite","Mon Sep 28 10:16:06 UTC 2026","passed","Mon Sep 28 10:16:33 UTC 2026","testcases.mutasi.MutasiTransferTest","Surefire test","testcases.mutasi.MutasiTransferTest","mutasiUSDTTransferSupervisor"
"Get List Favorite Account Ke Path yang Tidak Ada (Typo)","1890","getListFavoriteAccountWithWrongPath","Surefire suite","Mon Sep 28 10:22:43 UTC 2026","passed","Mon Sep 28 10:22:45 UTC 2026","testcases.settings.favoriteaccount.GetListFavoriteAccountTest","Surefire test","testcases.settings.favoriteaccount.GetListFavoriteAccountTest","getListFavoriteAccountWithWrongPath"
"Created Favorite Account Dengan Content-Type text/plain","1509","createdFavoriteAccountWithWrongContentType","Surefire suite","Mon Sep 28 08:38:05 UTC 2026","passed","Mon Sep 28 08:38:07 UTC 2026","testcases.settings.favoriteaccount.CreatedFavoriteAccountTest","Surefire test","testcases.settings.favoriteaccount.CreatedFavoriteAccountTest","createdFavoriteAccountWithWrongContentType"
"Create Manage Settlement BO","9326","addManageSettlementBO","Surefire suite","Mon Sep 28 08:09:18 UTC 2026","passed","Mon Sep 28 08:09:28 UTC 2026","testcases.backoffice.settlement.AddManageSettlementTest","Surefire test","testcases.backoffice.settlement.AddManageSettlementTest","addManageSettlementBO"
"Get List Group Company BO Dengan Multiple Header groupName","4694","getListGroupCompanyWithMultipleGroupNameHeaders","Surefire suite","Mon Sep 28 08:19:16 UTC 2026","passed","Mon Sep 28 08:19:21 UTC 2026","testcases.backoffice.settlement.GetListGroupCompanyTest","Surefire test","testcases.backoffice.settlement.GetListGroupCompanyTest","getListGroupCompanyWithMultipleGroupNameHeaders"
"Special Transfer Success with before and after Balance","10470","specialTransferSupervisor","Surefire suite","Mon Sep 28 07:58:52 UTC 2026","passed","Mon Sep 28 07:59:02 UTC 2026","testcases.transfer.SpecialTransferTest","Surefire test","testcases.transfer.SpecialTransferTest","specialTransferSupervisor"
"List Currency USDT Tanpa Login/Header Auth","1565","getCurrencyWithoutAuth","Surefire suite","Mon Sep 28 08:28:16 UTC 2026","passed","Mon Sep 28 08:28:18 UTC 2026","testcases.backoffice.currency.GetCurrencyTest","Surefire test","testcases.backoffice.currency.GetCurrencyTest","getCurrencyWithoutAuth"
"Normal Flop Transfer Success Admin Crypto","8918","flopTransferAdminCrypto","Surefire suite","Mon Sep 28 07:54:34 UTC 2026","passed","Mon Sep 28 07:54:42 UTC 2026","testcases.transfer.TransferFlopTest","Surefire test","testcases.transfer.TransferFlopTest","flopTransferAdminCrypto"
"Delete Manage Settlement BO Dengan Header Authorization Tanpa Skema Bearer","1517","deleteManageSettlementWithMalformedAuthorizationHeader","Surefire suite","Mon Sep 28 08:15:38 UTC 2026","passed","Mon Sep 28 08:15:39 UTC 2026","testcases.backoffice.settlement.DeleteManageSettlementTest","Surefire test","testcases.backoffice.settlement.DeleteManageSettlementTest","deleteManageSettlementWithMalformedAuthorizationHeader"
"Approval Refund Special Transfer Merchant","9934","approveRefundSpecialTransferMerchant","Surefire suite","Mon Sep 28 09:20:32 UTC 2026","passed","Mon Sep 28 09:20:42 UTC 2026","testcases.backoffice.ApprovalRefundTest","Surefire test","testcases.backoffice.ApprovalRefundTest","approveRefundSpecialTransferMerchant"
"Get List Group Company BO Dengan Header groupName Kosong","4709","getListGroupCompanyWithEmptyGroupNameHeader","Surefire suite","Mon Sep 28 08:18:40 UTC 2026","passed","Mon Sep 28 08:18:45 UTC 2026","testcases.backoffice.settlement.GetListGroupCompanyTest","Surefire test","testcases.backoffice.settlement.GetListGroupCompanyTest","getListGroupCompanyWithEmptyGroupNameHeader"
"Delete Favorite Account Tanpa Login/Header Auth","1538","deleteFavoriteAccountWithoutAuth","Surefire suite","Mon Sep 28 08:11:42 UTC 2026","passed","Mon Sep 28 08:11:44 UTC 2026","testcases.settings.favoriteaccount.DeleteFavoriteAccountTest","Surefire test","testcases.settings.favoriteaccount.DeleteFavoriteAccountTest","deleteFavoriteAccountWithoutAuth"
"Get Notification Sender Dengan Content-Type text/plain","4656","getNotificationSenderWithWrongContentType","Surefire suite","Mon Sep 28 08:43:56 UTC 2026","passed","Mon Sep 28 08:44:01 UTC 2026","testcases.backoffice.notifsender.NotificationSenderTest","Surefire test","testcases.backoffice.notifsender.NotificationSenderTest","getNotificationSenderWithWrongContentType"
"Get List Group Backoffice Menggunakan Login Admin","4695","getListGroupWithAdminLogin","Surefire suite","Mon Sep 28 08:05:57 UTC 2026","passed","Mon Sep 28 08:06:02 UTC 2026","testcases.backoffice.group.GetListGroupTest","Surefire test","testcases.backoffice.group.GetListGroupTest","getListGroupWithAdminLogin"
"Get Notification Sender Menggunakan Login Customer Service","4753","getNotificationSenderWithCSLogin","Surefire suite","Mon Sep 28 08:40:38 UTC 2026","passed","Mon Sep 28 08:40:42 UTC 2026","testcases.backoffice.notifsender.NotificationSenderTest","Surefire test","testcases.backoffice.notifsender.NotificationSenderTest","getNotificationSenderWithCSLogin"
"Get List Group Company BO Dengan Token Kadaluarsa","1522","getListGroupCompanyWithExpiredToken","Surefire suite","Mon Sep 28 08:18:48 UTC 2026","passed","Mon Sep 28 08:18:49 UTC 2026","testcases.backoffice.settlement.GetListGroupCompanyTest","Surefire test","testcases.backoffice.settlement.GetListGroupCompanyTest","getListGroupCompanyWithExpiredToken"
"Get Notification Sender Menggunakan HTTP Method PATCH","4681","getNotificationSenderWithPatchMethod","Surefire suite","Mon Sep 28 08:43:09 UTC 2026","passed","Mon Sep 28 08:43:14 UTC 2026","testcases.backoffice.notifsender.NotificationSenderTest","Surefire test","testcases.backoffice.notifsender.NotificationSenderTest","getNotificationSenderWithPatchMethod"
"Delete Group Ke Path yang Tidak Ada (Typo)","1454","deleteGroupWithWrongPath","Surefire suite","Mon Sep 28 07:58:10 UTC 2026","passed","Mon Sep 28 07:58:11 UTC 2026","testcases.backoffice.group.DeleteGroupTest","Surefire test","testcases.backoffice.group.DeleteGroupTest","deleteGroupWithWrongPath"
"List Manage Settlement Backoffice Menggunakan Login Admin","4763","listManageSettlementWithAdminLogin","Surefire suite","Mon Sep 28 08:35:12 UTC 2026","passed","Mon Sep 28 08:35:16 UTC 2026","testcases.backoffice.settlement.ManageSettlementTest","Surefire test","testcases.backoffice.settlement.ManageSettlementTest","listManageSettlementWithAdminLogin"
"Transfer Different Partner Reference, Manual Transfer to USDT Transfer","14146","trfPartnerRefManualFailed","Surefire suite","Mon Sep 28 08:04:18 UTC 2026","failed","Mon Sep 28 08:04:32 UTC 2026","testcases.transfer.TransferUSDTTest","Surefire test","testcases.transfer.TransferUSDTTest","trfPartnerRefManualFailed"
"Resend Google Authenticator Dengan Body Berupa JSON Array ([])","4681","resendOtpGoogleWithArrayBody","Surefire suite","Mon Sep 28 08:45:09 UTC 2026","passed","Mon Sep 28 08:45:14 UTC 2026","testcases.backoffice.googleauth.ResendOtpGoogleTest","Surefire test","testcases.backoffice.googleauth.ResendOtpGoogleTest","resendOtpGoogleWithArrayBody"
"Add Currency CS Admin Path Menggunakan Login Merchant","4606","addCurrencyWithMerchantLogin","Surefire suite","Mon Sep 28 09:36:45 UTC 2026","passed","Mon Sep 28 09:36:50 UTC 2026","testcases.backoffice.currency.AddCurrencyTest","Surefire test","testcases.backoffice.currency.AddCurrencyTest","addCurrencyWithMerchantLogin"
"Request Refund Transfer CS","4967","refundTransferCS","Surefire suite","Mon Sep 28 07:55:23 UTC 2026","passed","Mon Sep 28 07:55:28 UTC 2026","testcases.transfer.RefundTransferTest","Surefire test","testcases.transfer.RefundTransferTest","refundTransferCS"
"List Company Backoffice Menggunakan Login Supervisor","7923","listCompanyWithSupervisorLogin","Surefire suite","Mon Sep 28 08:51:31 UTC 2026","passed","Mon Sep 28 08:51:39 UTC 2026","testcases.backoffice.ListCompanyTest","Surefire test","testcases.backoffice.ListCompanyTest","listCompanyWithSupervisorLogin"
"List Company Backoffice Dengan Page/Size Negatif - Menemukan Bug Gateway Timeout","4547","listCompanyWithNegativePageSize","Surefire suite","Mon Sep 28 08:51:15 UTC 2026","passed","Mon Sep 28 08:51:20 UTC 2026","testcases.backoffice.ListCompanyTest","Surefire test","testcases.backoffice.ListCompanyTest","listCompanyWithNegativePageSize"
"Refund Summary Menggunakan Login Admin Crypto","4624","getRefundWithAdminCryptoLogin","Surefire suite","Mon Sep 28 08:36:34 UTC 2026","passed","Mon Sep 28 08:36:39 UTC 2026","testcases.backoffice.refund.GetRefundTest","Surefire test","testcases.backoffice.refund.GetRefundTest","getRefundWithAdminCryptoLogin"
"Delete Favorite Account Dengan Token Valid Tapi Tanpa Header credentialId","1779","deleteFavoriteAccountWithoutCredentialIdHeader","Surefire suite","Mon Sep 28 08:11:51 UTC 2026","failed","Mon Sep 28 08:11:53 UTC 2026","testcases.settings.favoriteaccount.DeleteFavoriteAccountTest","Surefire test","testcases.settings.favoriteaccount.DeleteFavoriteAccountTest","deleteFavoriteAccountWithoutCredentialIdHeader"
"Add Group Backoffice Dengan name Bertipe Angka (Bukan String)","1592","addGroupWithNumericName","Surefire suite","Mon Sep 28 08:01:17 UTC 2026","passed","Mon Sep 28 08:01:19 UTC 2026","testcases.backoffice.group.AddGroupTest","Surefire test","testcases.backoffice.group.AddGroupTest","addGroupWithNumericName"
"Get List Group Company BO Dengan groupName Berisi Karakter SQL Injection","9426","getListGroupCompanyWithSqlInjectionGroupName","Surefire suite","Mon Sep 28 08:20:17 UTC 2026","passed","Mon Sep 28 08:20:27 UTC 2026","testcases.backoffice.settlement.GetListGroupCompanyTest","Surefire test","testcases.backoffice.settlement.GetListGroupCompanyTest","getListGroupCompanyWithSqlInjectionGroupName"
"List User Backoffice Tanpa Login/Header Auth","1514","listUsersWithoutAuth","Surefire suite","Mon Sep 28 08:42:49 UTC 2026","passed","Mon Sep 28 08:42:51 UTC 2026","testcases.backoffice.users.ListUsersTest","Surefire test","testcases.backoffice.users.ListUsersTest","listUsersWithoutAuth"
"Get List Favorite Account Dengan size 0","1499","getListFavoriteAccountWithZeroSize","Surefire suite","Mon Sep 28 10:22:48 UTC 2026","passed","Mon Sep 28 10:22:50 UTC 2026","testcases.settings.favoriteaccount.GetListFavoriteAccountTest","Surefire test","testcases.settings.favoriteaccount.GetListFavoriteAccountTest","getListFavoriteAccountWithZeroSize"
"Resend Google Authenticator Dengan Token Backoffice Valid Tapi Tanpa Header pbyv","4718","resendOtpGoogleWithoutPbyvHeader","Surefire suite","Mon Sep 28 08:48:40 UTC 2026","passed","Mon Sep 28 08:48:45 UTC 2026","testcases.backoffice.googleauth.ResendOtpGoogleTest","Surefire test","testcases.backoffice.googleauth.ResendOtpGoogleTest","resendOtpGoogleWithoutPbyvHeader"
"Test Get Report Transfer Merchant","12828","getReportTransferAdmin","Surefire suite","Mon Sep 28 07:56:39 UTC 2026","passed","Mon Sep 28 07:56:52 UTC 2026","testcases.report.ReportTransactionTest","Surefire test","testcases.report.ReportTransactionTest","getReportTransferAdmin"
"Login Merchant dengan Password Kosong","3211","testLoginEmptyPassword","Surefire suite","Mon Sep 28 08:08:10 UTC 2026","passed","Mon Sep 28 08:08:13 UTC 2026","testcases.auth.LoginTest","Surefire test","testcases.auth.LoginTest","testLoginEmptyPassword"
"Generate QR Success with before and after Balance","11619","generateQRTestPaidBalance","Surefire suite","Mon Sep 28 08:07:37 UTC 2026","passed","Mon Sep 28 08:07:49 UTC 2026","testcases.QR.GenerateQRPaidTest","Surefire test","testcases.QR.GenerateQRPaidTest","generateQRTestPaidBalance"
"Created Favorite Account Dengan Body Berupa JSON Array ([])","4990","createdFavoriteAccountWithArrayBody","Surefire suite","Mon Sep 28 08:36:58 UTC 2026","passed","Mon Sep 28 08:37:03 UTC 2026","testcases.settings.favoriteaccount.CreatedFavoriteAccountTest","Surefire test","testcases.settings.favoriteaccount.CreatedFavoriteAccountTest","createdFavoriteAccountWithArrayBody"
"Delete Google Authenticator Menggunakan Login Merchant","4663","deleteOtpGoogleWithMerchantLogin","Surefire suite","Mon Sep 28 08:23:39 UTC 2026","passed","Mon Sep 28 08:23:44 UTC 2026","testcases.backoffice.googleauth.DeleteOtpGoogleTest","Surefire test","testcases.backoffice.googleauth.DeleteOtpGoogleTest","deleteOtpGoogleWithMerchantLogin"
"List Refund Dengan Ukuran Halaman Sangat Besar","5602","listRefundWithHugeSize","Surefire suite","Mon Sep 28 09:42:34 UTC 2026","passed","Mon Sep 28 09:42:40 UTC 2026","testcases.backoffice.ListRefundTest","Surefire test","testcases.backoffice.ListRefundTest","listRefundWithHugeSize"
"Reset Pin Supervisor","5374","resetPinSupervisor","Surefire suite","Mon Sep 28 07:59:14 UTC 2026","passed","Mon Sep 28 07:59:19 UTC 2026","testcases.settings.ResetPinTest","Surefire test","testcases.settings.ResetPinTest","resetPinSupervisor"
"Transfer Different Partner Reference, Special Transfer to Transfer","48781","trfPartnerRefSpecialFailed","Surefire suite","Mon Sep 28 07:57:26 UTC 2026","passed","Mon Sep 28 07:58:15 UTC 2026","testcases.transfer.TransferTest","Surefire test","testcases.transfer.TransferTest","trfPartnerRefSpecialFailed"
"Inquiry Favorite Account Dengan Body Berupa Literal null","1659","inquiryFavoriteAccountWithNullLiteralBody","Surefire suite","Mon Sep 28 08:35:45 UTC 2026","passed","Mon Sep 28 08:35:47 UTC 2026","testcases.settings.favoriteaccount.InquiryFavoriteAccountTest","Surefire test","testcases.settings.favoriteaccount.InquiryFavoriteAccountTest","inquiryFavoriteAccountWithNullLiteralBody"
"Get Balance Merchant with Login Admin Crypto","4871","getFailedBalanceMerchantLoginAdminCrypto","Surefire suite","Mon Sep 28 07:58:35 UTC 2026","passed","Mon Sep 28 07:58:40 UTC 2026","testcases.balance.GetBalanceQrisTest","Surefire test","testcases.balance.GetBalanceQrisTest","getFailedBalanceMerchantLoginAdminCrypto"
"List Company Backoffice Dengan Body Kosong ({})","5546","listCompanyWithEmptyBody","Surefire suite","Mon Sep 28 08:49:57 UTC 2026","passed","Mon Sep 28 08:50:03 UTC 2026","testcases.backoffice.ListCompanyTest","Surefire test","testcases.backoffice.ListCompanyTest","listCompanyWithEmptyBody"
"Get List Favorite Account Dengan page Negatif","1570","getListFavoriteAccountWithNegativePage","Surefire suite","Mon Sep 28 10:21:53 UTC 2026","passed","Mon Sep 28 10:21:55 UTC 2026","testcases.settings.favoriteaccount.GetListFavoriteAccountTest","Surefire test","testcases.settings.favoriteaccount.GetListFavoriteAccountTest","getListFavoriteAccountWithNegativePage"
"Delete Favorite Account Menggunakan HTTP Method DELETE","1525","deleteFavoriteAccountWithDeleteMethod","Surefire suite","Mon Sep 28 08:09:52 UTC 2026","passed","Mon Sep 28 08:09:53 UTC 2026","testcases.settings.favoriteaccount.DeleteFavoriteAccountTest","Surefire test","testcases.settings.favoriteaccount.DeleteFavoriteAccountTest","deleteFavoriteAccountWithDeleteMethod"
"Refund Summary Dengan Body Berupa JSON Array ([])","4739","getRefundWithArrayBody","Surefire suite","Mon Sep 28 08:36:50 UTC 2026","passed","Mon Sep 28 08:36:54 UTC 2026","testcases.backoffice.refund.GetRefundTest","Surefire test","testcases.backoffice.refund.GetRefundTest","getRefundWithArrayBody"
"Normal Flop Transfer Balance Admin Crypto Success","16246","flopTransferBalanceAdminCrypto","Surefire suite","Mon Sep 28 07:54:45 UTC 2026","passed","Mon Sep 28 07:55:02 UTC 2026","testcases.transfer.TransferFlopTest","Surefire test","testcases.transfer.TransferFlopTest","flopTransferBalanceAdminCrypto"
"Test Approved Manual Transfer Supervisor","18513","approvedCashDepositSupervisor","Surefire suite","Mon Sep 28 09:22:54 UTC 2026","passed","Mon Sep 28 09:23:12 UTC 2026","testcases.backoffice.ApprovalTransferTest","Surefire test","testcases.backoffice.ApprovalTransferTest","approvedCashDepositSupervisor"
"Get History Transfer Test Admin Crypto","8306","historyTransferTestAdminCrypto","Surefire suite","Mon Sep 28 09:56:30 UTC 2026","passed","Mon Sep 28 09:56:38 UTC 2026","testcases.history.HistoryTransferTest","Surefire test","testcases.history.HistoryTransferTest","historyTransferTestAdminCrypto"
"Normal Flop Transfer Balance Success","18283","flopTransferBalance","Surefire suite","Mon Sep 28 07:54:27 UTC 2026","passed","Mon Sep 28 07:54:45 UTC 2026","testcases.transfer.TransferFlopTest","Surefire test","testcases.transfer.TransferFlopTest","flopTransferBalance"
"Add Group Backoffice Menggunakan Login Admin","4624","addGroupWithAdminLogin","Surefire suite","Mon Sep 28 07:59:01 UTC 2026","passed","Mon Sep 28 07:59:06 UTC 2026","testcases.backoffice.group.AddGroupTest","Surefire test","testcases.backoffice.group.AddGroupTest","addGroupWithAdminLogin"
"Add Currency CS Admin Path Menggunakan Login Supervisor","4536","addCurrencyWithSupervisorLogin","Surefire suite","Mon Sep 28 09:37:34 UTC 2026","passed","Mon Sep 28 09:37:38 UTC 2026","testcases.backoffice.currency.AddCurrencyTest","Surefire test","testcases.backoffice.currency.AddCurrencyTest","addCurrencyWithSupervisorLogin"
"List Waiting Company Backoffice Menggunakan Login CS Admin","4846","listWaitingCompanyWithCSAdminLogin","Surefire suite","Mon Sep 28 08:47:20 UTC 2026","passed","Mon Sep 28 08:47:25 UTC 2026","testcases.backoffice.ListWaitingCompanyTest","Surefire test","testcases.backoffice.ListWaitingCompanyTest","listWaitingCompanyWithCSAdminLogin"
"Request Refund Special Transfer Merchant","4756","refundSpecialTransferMerchant","Surefire suite","Mon Sep 28 08:43:09 UTC 2026","passed","Mon Sep 28 08:43:13 UTC 2026","testcases.transfer.RefundTransferTest","Surefire test","testcases.transfer.RefundTransferTest","refundSpecialTransferMerchant"
"Delete Manage Settlement BO Dengan id yang Sama Dua Kali (Sudah Terhapus)","9283","deleteManageSettlementWithAlreadyDeletedId","Surefire suite","Mon Sep 28 08:14:38 UTC 2026","passed","Mon Sep 28 08:14:48 UTC 2026","testcases.backoffice.settlement.DeleteManageSettlementTest","Surefire test","testcases.backoffice.settlement.DeleteManageSettlementTest","deleteManageSettlementWithAlreadyDeletedId"
"Transfer Different Partner Reference, Transfer to USDT Transfer","49412","trfPartnerRefTransferFailed","Surefire suite","Mon Sep 28 08:05:28 UTC 2026","passed","Mon Sep 28 08:06:17 UTC 2026","testcases.transfer.TransferUSDTTest","Surefire test","testcases.transfer.TransferUSDTTest","trfPartnerRefTransferFailed"
"Test Get Report Transfer Company","8270","getReportTransferAdminCrypto","Surefire suite","Mon Sep 28 07:58:23 UTC 2026","passed","Mon Sep 28 07:58:32 UTC 2026","testcases.report.ReportTransferTest","Surefire test","testcases.report.ReportTransferTest","getReportTransferAdminCrypto"
"Login Backoffice dengan Username Tidak Terdaftar","2970","testLoginBackofficeNonExistentUsername","Surefire suite","Mon Sep 28 08:36:05 UTC 2026","passed","Mon Sep 28 08:36:08 UTC 2026","testcases.auth.LoginTest","Surefire test","testcases.auth.LoginTest","testLoginBackofficeNonExistentUsername"
"Add Currency CS Admin Path Dengan Token Tidak Valid","1501","addCurrencyWithInvalidToken","Surefire suite","Mon Sep 28 09:36:24 UTC 2026","passed","Mon Sep 28 09:36:25 UTC 2026","testcases.backoffice.currency.AddCurrencyTest","Surefire test","testcases.backoffice.currency.AddCurrencyTest","addCurrencyWithInvalidToken"
"Get Detail Waiting Company Backoffice Dengan Token Tidak Valid","1545","getDetailWaitingCompanyWithInvalidToken","Surefire suite","Mon Sep 28 08:32:04 UTC 2026","passed","Mon Sep 28 08:32:05 UTC 2026","testcases.backoffice.GetDetailWaitingCompanyTest","Surefire test","testcases.backoffice.GetDetailWaitingCompanyTest","getDetailWaitingCompanyWithInvalidToken"
"Get Balance Admin Crypto Transfer","4892","getBalanceAdminCrypto","Surefire suite","Mon Sep 28 07:58:43 UTC 2026","passed","Mon Sep 28 07:58:47 UTC 2026","testcases.balance.GetBalanceTransferTest","Surefire test","testcases.balance.GetBalanceTransferTest","getBalanceAdminCrypto"
"","5887","listSettlement","Surefire suite","Mon Sep 28 08:52:01 UTC 2026","passed","Mon Sep 28 08:52:07 UTC 2026","testcases.backoffice.ListTransferTest","Surefire test","testcases.backoffice.ListTransferTest","listSettlement"
"List Currency USDT Dengan Ukuran Halaman Sangat Besar","2033","getCurrencyWithHugeSize","Surefire suite","Mon Sep 28 08:26:35 UTC 2026","passed","Mon Sep 28 08:26:37 UTC 2026","testcases.backoffice.currency.GetCurrencyTest","Surefire test","testcases.backoffice.currency.GetCurrencyTest","getCurrencyWithHugeSize"
"Resend Google Authenticator Dengan email Berupa Angka (Bukan String)","4674","resendOtpGoogleWithNumericEmail","Surefire suite","Mon Sep 28 08:47:11 UTC 2026","passed","Mon Sep 28 08:47:15 UTC 2026","testcases.backoffice.googleauth.ResendOtpGoogleTest","Surefire test","testcases.backoffice.googleauth.ResendOtpGoogleTest","resendOtpGoogleWithNumericEmail"
"Get History Manual Transfer Merchant on Login CS Admin","11665","historyManualTransferMerchantTestCSAdmin","Surefire suite","Mon Sep 28 09:51:44 UTC 2026","passed","Mon Sep 28 09:51:55 UTC 2026","testcases.history.HistoryTransferTest","Surefire test","testcases.history.HistoryTransferTest","historyManualTransferMerchantTestCSAdmin"
"Add Group Backoffice Dengan Nama Sama Namun Beda Kapitalisasi","3071","addGroupWithDuplicateNameDifferentCase","Surefire suite","Mon Sep 28 07:59:36 UTC 2026","passed","Mon Sep 28 07:59:39 UTC 2026","testcases.backoffice.group.AddGroupTest","Surefire test","testcases.backoffice.group.AddGroupTest","addGroupWithDuplicateNameDifferentCase"
"Get Detail Waiting Company Backoffice Menggunakan Login Supervisor","4710","getDetailWaitingCompanyWithSupervisorLogin","Surefire suite","Mon Sep 28 08:33:23 UTC 2026","passed","Mon Sep 28 08:33:28 UTC 2026","testcases.backoffice.GetDetailWaitingCompanyTest","Surefire test","testcases.backoffice.GetDetailWaitingCompanyTest","getDetailWaitingCompanyWithSupervisorLogin"
"Get Group Backoffice Dengan Token Tidak Valid","1520","getGroupWithInvalidToken","Surefire suite","Mon Sep 28 08:30:23 UTC 2026","passed","Mon Sep 28 08:30:25 UTC 2026","testcases.backoffice.GetDashboardTest","Surefire test","testcases.backoffice.GetDashboardTest","getGroupWithInvalidToken"
"Created Favorite Account Dengan Token Kadaluarsa","1641","createdFavoriteAccountWithExpiredToken","Surefire suite","Mon Sep 28 08:37:19 UTC 2026","passed","Mon Sep 28 08:37:21 UTC 2026","testcases.settings.favoriteaccount.CreatedFavoriteAccountTest","Surefire test","testcases.settings.favoriteaccount.CreatedFavoriteAccountTest","createdFavoriteAccountWithExpiredToken"
"Check Status QR CS","13333","checkStatusQRCS","Surefire suite","Mon Sep 28 08:57:46 UTC 2026","passed","Mon Sep 28 08:57:59 UTC 2026","testcases.QR.CheckStatusQRTest","Surefire test","testcases.QR.CheckStatusQRTest","checkStatusQRCS"
"Get List Favorite Account Dengan Header Authorization Tanpa Skema Bearer","1659","getListFavoriteAccountWithMalformedAuthorizationHeader","Surefire suite","Mon Sep 28 10:21:44 UTC 2026","passed","Mon Sep 28 10:21:45 UTC 2026","testcases.settings.favoriteaccount.GetListFavoriteAccountTest","Surefire test","testcases.settings.favoriteaccount.GetListFavoriteAccountTest","getListFavoriteAccountWithMalformedAuthorizationHeader"
"Mutasi Manual Transfer Supervisor","27386","mutasiManualTransferSupervisor","Surefire suite","Mon Sep 28 10:06:36 UTC 2026","passed","Mon Sep 28 10:07:03 UTC 2026","testcases.mutasi.MutasiTransferTest","Surefire test","testcases.mutasi.MutasiTransferTest","mutasiManualTransferSupervisor"
"Resend Google Authenticator Dengan email Berisi Payload XSS","4694","resendOtpGoogleWithXssEmail","Surefire suite","Mon Sep 28 08:48:20 UTC 2026","passed","Mon Sep 28 08:48:25 UTC 2026","testcases.backoffice.googleauth.ResendOtpGoogleTest","Surefire test","testcases.backoffice.googleauth.ResendOtpGoogleTest","resendOtpGoogleWithXssEmail"
"Get Group Backoffice Menggunakan Login Admin Crypto","4739","getGroupWithAdminCryptoLogin","Surefire suite","Mon Sep 28 08:30:16 UTC 2026","passed","Mon Sep 28 08:30:20 UTC 2026","testcases.backoffice.GetDashboardTest","Surefire test","testcases.backoffice.GetDashboardTest","getGroupWithAdminCryptoLogin"
"Get Detail Waiting Company Backoffice Menggunakan HTTP Method DELETE","4627","getDetailWaitingCompanyWithDeleteMethod","Surefire suite","Mon Sep 28 08:31:36 UTC 2026","passed","Mon Sep 28 08:31:40 UTC 2026","testcases.backoffice.GetDetailWaitingCompanyTest","Surefire test","testcases.backoffice.GetDetailWaitingCompanyTest","getDetailWaitingCompanyWithDeleteMethod"
"Create Manage Settlement BO Dengan companyId Format Tidak Valid (Bukan ObjectId)","7188","addManageSettlementWithMalformedCompanyId","Surefire suite","Mon Sep 28 08:11:25 UTC 2026","passed","Mon Sep 28 08:11:32 UTC 2026","testcases.backoffice.settlement.AddManageSettlementTest","Surefire test","testcases.backoffice.settlement.AddManageSettlementTest","addManageSettlementWithMalformedCompanyId"
"Resend Google Authenticator Dengan Body JSON Tidak Valid (Malformed)","4559","resendOtpGoogleWithMalformedJson","Surefire suite","Mon Sep 28 08:46:24 UTC 2026","passed","Mon Sep 28 08:46:29 UTC 2026","testcases.backoffice.googleauth.ResendOtpGoogleTest","Surefire test","testcases.backoffice.googleauth.ResendOtpGoogleTest","resendOtpGoogleWithMalformedJson"
"Get List Google Authenticator Dengan Ukuran Halaman Sangat Besar","4724","listOtpGoogleWithHugeSize","Surefire suite","Mon Sep 28 08:44:17 UTC 2026","passed","Mon Sep 28 08:44:22 UTC 2026","testcases.backoffice.googleauth.ListOtpGoogleTest","Surefire test","testcases.backoffice.googleauth.ListOtpGoogleTest","listOtpGoogleWithHugeSize"
"Resend Google Authenticator Menggunakan Login Supervisor","4692","resendOtpGoogleWithSupervisorLogin","Surefire suite","Mon Sep 28 08:47:49 UTC 2026","passed","Mon Sep 28 08:47:54 UTC 2026","testcases.backoffice.googleauth.ResendOtpGoogleTest","Surefire test","testcases.backoffice.googleauth.ResendOtpGoogleTest","resendOtpGoogleWithSupervisorLogin"
"Get Notification Sender Dengan pinValidasi Kosong","4745","getNotificationSenderWithEmptyPinValidasi","Surefire suite","Mon Sep 28 08:41:01 UTC 2026","passed","Mon Sep 28 08:41:05 UTC 2026","testcases.backoffice.notifsender.NotificationSenderTest","Surefire test","testcases.backoffice.notifsender.NotificationSenderTest","getNotificationSenderWithEmptyPinValidasi"
"Resend Google Authenticator Dengan Header Authorization Tanpa Skema Bearer","1430","resendOtpGoogleWithMalformedAuthorizationHeader","Surefire suite","Mon Sep 28 08:46:12 UTC 2026","passed","Mon Sep 28 08:46:14 UTC 2026","testcases.backoffice.googleauth.ResendOtpGoogleTest","Surefire test","testcases.backoffice.googleauth.ResendOtpGoogleTest","resendOtpGoogleWithMalformedAuthorizationHeader"
"Get Dashboard Backoffice Dengan Token Tidak Valid","1498","getDashboardWithInvalidToken","Surefire suite","Mon Sep 28 08:29:35 UTC 2026","passed","Mon Sep 28 08:29:37 UTC 2026","testcases.backoffice.GetDashboardTest","Surefire test","testcases.backoffice.GetDashboardTest","getDashboardWithInvalidToken"
"Refund Summary Dengan Header pbyv Salah","1439","getRefundWithWrongPbyvHeader","Surefire suite","Mon Sep 28 08:39:31 UTC 2026","passed","Mon Sep 28 08:39:32 UTC 2026","testcases.backoffice.refund.GetRefundTest","Surefire test","testcases.backoffice.refund.GetRefundTest","getRefundWithWrongPbyvHeader"
"Refund Summary Dengan Field Tidak Dikenal pada Body","1565","getRefundWithUnknownField","Surefire suite","Mon Sep 28 08:39:15 UTC 2026","passed","Mon Sep 28 08:39:17 UTC 2026","testcases.backoffice.refund.GetRefundTest","Surefire test","testcases.backoffice.refund.GetRefundTest","getRefundWithUnknownField"
"Get List Group Backoffice Dengan page Negatif","1487","getListGroupWithNegativePage","Surefire suite","Mon Sep 28 08:07:35 UTC 2026","passed","Mon Sep 28 08:07:36 UTC 2026","testcases.backoffice.group.GetListGroupTest","Surefire test","testcases.backoffice.group.GetListGroupTest","getListGroupWithNegativePage"
"Add Currency CS Admin Path Dengan Body Berupa JSON Array ([])","4812","addCurrencyWithArrayBody","Surefire suite","Mon Sep 28 09:35:14 UTC 2026","passed","Mon Sep 28 09:35:19 UTC 2026","testcases.backoffice.currency.AddCurrencyTest","Surefire test","testcases.backoffice.currency.AddCurrencyTest","addCurrencyWithArrayBody"
"Get List Group Ke Path yang Tidak Ada (Typo)","1876","getListGroupWithWrongPath","Surefire suite","Mon Sep 28 08:08:33 UTC 2026","passed","Mon Sep 28 08:08:35 UTC 2026","testcases.backoffice.group.GetListGroupTest","Surefire test","testcases.backoffice.group.GetListGroupTest","getListGroupWithWrongPath"
"Get Notification Sender Menggunakan HTTP Method PUT","4697","getNotificationSenderWithPutMethod","Surefire suite","Mon Sep 28 08:43:17 UTC 2026","passed","Mon Sep 28 08:43:22 UTC 2026","testcases.backoffice.notifsender.NotificationSenderTest","Surefire test","testcases.backoffice.notifsender.NotificationSenderTest","getNotificationSenderWithPutMethod"
"Get Dashboard Backoffice Menggunakan Login Merchant","4804","getDashboardWithMerchantLogin","Surefire suite","Mon Sep 28 08:29:48 UTC 2026","passed","Mon Sep 28 08:29:53 UTC 2026","testcases.backoffice.GetDashboardTest","Surefire test","testcases.backoffice.GetDashboardTest","getDashboardWithMerchantLogin"
"Get Notification Sender Dengan Field Sort Merujuk ke Kolom yang Tidak Ada","5948","getNotificationSenderWithInvalidSortField","Surefire suite","Mon Sep 28 08:41:49 UTC 2026","passed","Mon Sep 28 08:41:55 UTC 2026","testcases.backoffice.notifsender.NotificationSenderTest","Surefire test","testcases.backoffice.notifsender.NotificationSenderTest","getNotificationSenderWithInvalidSortField"
"Success Login Backoffice","6221","testLoginBackoffice","Surefire suite","Mon Sep 28 08:35:56 UTC 2026","passed","Mon Sep 28 08:36:02 UTC 2026","testcases.auth.LoginTest","Surefire test","testcases.auth.LoginTest","testLoginBackoffice"
"Delete Group Backoffice Menggunakan Login Marketing","4589","deleteGroupWithMarketingLogin","Surefire suite","Mon Sep 28 07:56:33 UTC 2026","passed","Mon Sep 28 07:56:38 UTC 2026","testcases.backoffice.group.DeleteGroupTest","Surefire test","testcases.backoffice.group.DeleteGroupTest","deleteGroupWithMarketingLogin"
"Add Currency CS Admin Path Dengan rate Berupa JSON Object","1596","addCurrencyWithObjectRate","Surefire suite","Mon Sep 28 09:37:11 UTC 2026","passed","Mon Sep 28 09:37:12 UTC 2026","testcases.backoffice.currency.AddCurrencyTest","Surefire test","testcases.backoffice.currency.AddCurrencyTest","addCurrencyWithObjectRate"
"Get List Google Authenticator Menggunakan HTTP Method DELETE","4675","listOtpGoogleWithDeleteMethod","Surefire suite","Mon Sep 28 08:43:48 UTC 2026","passed","Mon Sep 28 08:43:53 UTC 2026","testcases.backoffice.googleauth.ListOtpGoogleTest","Surefire test","testcases.backoffice.googleauth.ListOtpGoogleTest","listOtpGoogleWithDeleteMethod"
"Test Approve Manual Transfer Supervisor dengan check Fee di Admin Crypto dan Admin Fee","42823","approvedCashDepositBalanceSupervisor","Surefire suite","Mon Sep 28 09:22:08 UTC 2026","passed","Mon Sep 28 09:22:51 UTC 2026","testcases.backoffice.ApprovalTransferTest","Surefire test","testcases.backoffice.ApprovalTransferTest","approvedCashDepositBalanceSupervisor"
"Delete Manage Settlement BO Dengan id Milik Entitas Lain (Group Id)","4534","deleteManageSettlementWithForeignEntityId","Surefire suite","Mon Sep 28 08:15:26 UTC 2026","passed","Mon Sep 28 08:15:30 UTC 2026","testcases.backoffice.settlement.DeleteManageSettlementTest","Surefire test","testcases.backoffice.settlement.DeleteManageSettlementTest","deleteManageSettlementWithForeignEntityId"
"Get List Google Authenticator Dengan Field Sort Merujuk ke Kolom yang Tidak Ada","4592","listOtpGoogleWithInvalidSortField","Surefire suite","Mon Sep 28 08:44:32 UTC 2026","passed","Mon Sep 28 08:44:37 UTC 2026","testcases.backoffice.googleauth.ListOtpGoogleTest","Surefire test","testcases.backoffice.googleauth.ListOtpGoogleTest","listOtpGoogleWithInvalidSortField"
"Inquiry Test USDT Transfer Merchant Supervisor","6657","inquiryUSDTSupervisor","Surefire suite","Mon Sep 28 07:55:09 UTC 2026","passed","Mon Sep 28 07:55:16 UTC 2026","testcases.transfer.InquiryUSDTTest","Surefire test","testcases.transfer.InquiryUSDTTest","inquiryUSDTSupervisor"
"Login Merchant dengan Username Mengandung SQL Injection","3067","testLoginSqlInjectionUsername","Surefire suite","Mon Sep 28 08:08:54 UTC 2026","passed","Mon Sep 28 08:08:57 UTC 2026","testcases.auth.LoginTest","Surefire test","testcases.auth.LoginTest","testLoginSqlInjectionUsername"
"Get List Group Company BO Menggunakan Login CS Admin","4620","getListGroupCompanyWithCSAdminLogin","Surefire suite","Mon Sep 28 08:18:09 UTC 2026","passed","Mon Sep 28 08:18:14 UTC 2026","testcases.backoffice.settlement.GetListGroupCompanyTest","Surefire test","testcases.backoffice.settlement.GetListGroupCompanyTest","getListGroupCompanyWithCSAdminLogin"
"Transfer Success Admin Crypto with before and after Balanced","10163","transferBalanceAdminCrypto","Surefire suite","Mon Sep 28 07:56:33 UTC 2026","passed","Mon Sep 28 07:56:43 UTC 2026","testcases.transfer.TransferTest","Surefire test","testcases.transfer.TransferTest","transferBalanceAdminCrypto"
"Get Detail User Backoffice Tanpa Login/Header Auth","1417","getUsersWithoutAuth","Surefire suite","Mon Sep 28 08:40:58 UTC 2026","passed","Mon Sep 28 08:40:59 UTC 2026","testcases.backoffice.users.ListUsersTest","Surefire test","testcases.backoffice.users.ListUsersTest","getUsersWithoutAuth"
"Transfer with Wrong Pin","49783","transferWrongPin","Surefire suite","Mon Sep 28 08:03:25 UTC 2026","passed","Mon Sep 28 08:04:15 UTC 2026","testcases.transfer.TransferUSDTTest","Surefire test","testcases.transfer.TransferUSDTTest","transferWrongPin"
"Get Detail Waiting Company Backoffice Dengan Id Berisi Spasi","4980","getDetailWaitingCompanyWithWhitespaceId","Surefire suite","Mon Sep 28 08:33:31 UTC 2026","passed","Mon Sep 28 08:33:36 UTC 2026","testcases.backoffice.GetDetailWaitingCompanyTest","Surefire test","testcases.backoffice.GetDetailWaitingCompanyTest","getDetailWaitingCompanyWithWhitespaceId"
"Mutasi Special Transfer Balance Supervisor CS","26590","mutasiSpecialTransferBalanceSupervisorCS","Surefire suite","Mon Sep 28 10:09:29 UTC 2026","passed","Mon Sep 28 10:09:56 UTC 2026","testcases.mutasi.MutasiTransferTest","Surefire test","testcases.mutasi.MutasiTransferTest","mutasiSpecialTransferBalanceSupervisorCS"
"Inquiry Favorite Account Merchant","7606","inquiryFavoriteAccountMerchant","Surefire suite","Mon Sep 28 08:34:45 UTC 2026","passed","Mon Sep 28 08:34:53 UTC 2026","testcases.settings.favoriteaccount.InquiryFavoriteAccountTest","Surefire test","testcases.settings.favoriteaccount.InquiryFavoriteAccountTest","inquiryFavoriteAccountMerchant"
"Refund Summary Menggunakan HTTP Method PUT","1683","getRefundWithPutMethod","Surefire suite","Mon Sep 28 08:38:52 UTC 2026","passed","Mon Sep 28 08:38:54 UTC 2026","testcases.backoffice.refund.GetRefundTest","Surefire test","testcases.backoffice.refund.GetRefundTest","getRefundWithPutMethod"
"Get History QR Paid Merchant on login CS Admin","12005","historyQRPaidMerchantCSAdmin","Surefire suite","Mon Sep 28 08:54:17 UTC 2026","passed","Mon Sep 28 08:54:29 UTC 2026","testcases.history.HistoryQRTest","Surefire test","testcases.history.HistoryQRTest","historyQRPaidMerchantCSAdmin"
"Get List Group Backoffice Dengan Header pbyv Salah","1491","getListGroupWithWrongPbyvHeader","Surefire suite","Mon Sep 28 08:08:38 UTC 2026","passed","Mon Sep 28 08:08:40 UTC 2026","testcases.backoffice.group.GetListGroupTest","Surefire test","testcases.backoffice.group.GetListGroupTest","getListGroupWithWrongPbyvHeader"
"Get Notification Sender Menggunakan Login CS Admin","4566","getNotificationSenderWithCSAdminLogin","Surefire suite","Mon Sep 28 08:40:30 UTC 2026","passed","Mon Sep 28 08:40:35 UTC 2026","testcases.backoffice.notifsender.NotificationSenderTest","Surefire test","testcases.backoffice.notifsender.NotificationSenderTest","getNotificationSenderWithCSAdminLogin"
"Delete Group Backoffice","14379","deleteGroupBO","Surefire suite","Mon Sep 28 07:54:50 UTC 2026","passed","Mon Sep 28 07:55:05 UTC 2026","testcases.backoffice.group.DeleteGroupTest","Surefire test","testcases.backoffice.group.DeleteGroupTest","deleteGroupBO"
"Refund Summary Dengan Body Kosong ({})","1478","getRefundWithEmptyBody","Surefire suite","Mon Sep 28 08:37:22 UTC 2026","passed","Mon Sep 28 08:37:23 UTC 2026","testcases.backoffice.refund.GetRefundTest","Surefire test","testcases.backoffice.refund.GetRefundTest","getRefundWithEmptyBody"
"Get List Favorite Account Tanpa Field page","1606","getListFavoriteAccountWithoutPageField","Surefire suite","Mon Sep 28 10:23:06 UTC 2026","passed","Mon Sep 28 10:23:08 UTC 2026","testcases.settings.favoriteaccount.GetListFavoriteAccountTest","Surefire test","testcases.settings.favoriteaccount.GetListFavoriteAccountTest","getListFavoriteAccountWithoutPageField"
"Get List Group Company BO Menggunakan Login Merchant","4697","getListGroupCompanyWithMerchantLogin","Surefire suite","Mon Sep 28 08:19:09 UTC 2026","passed","Mon Sep 28 08:19:13 UTC 2026","testcases.backoffice.settlement.GetListGroupCompanyTest","Surefire test","testcases.backoffice.settlement.GetListGroupCompanyTest","getListGroupCompanyWithMerchantLogin"
"List Waiting Company Backoffice Dengan Karakter SQL Injection pada Field Param","4675","listWaitingCompanyWithSqlInjectionParam","Surefire suite","Mon Sep 28 08:48:50 UTC 2026","passed","Mon Sep 28 08:48:55 UTC 2026","testcases.backoffice.ListWaitingCompanyTest","Surefire test","testcases.backoffice.ListWaitingCompanyTest","listWaitingCompanyWithSqlInjectionParam"
"Get Notification Sender Dengan Body Kosong ({})","4658","getNotificationSenderWithEmptyBody","Surefire suite","Mon Sep 28 08:40:53 UTC 2026","passed","Mon Sep 28 08:40:58 UTC 2026","testcases.backoffice.notifsender.NotificationSenderTest","Surefire test","testcases.backoffice.notifsender.NotificationSenderTest","getNotificationSenderWithEmptyBody"
"Test Get Report Transfer Merchant","4897","getReportMutationAdmin","Surefire suite","Mon Sep 28 07:56:15 UTC 2026","passed","Mon Sep 28 07:56:20 UTC 2026","testcases.report.ReportTransactionTest","Surefire test","testcases.report.ReportTransactionTest","getReportMutationAdmin"
"Get List Favorite Account Menggunakan HTTP Method GET","1889","getListFavoriteAccountWithGetMethod","Surefire suite","Mon Sep 28 10:21:34 UTC 2026","passed","Mon Sep 28 10:21:36 UTC 2026","testcases.settings.favoriteaccount.GetListFavoriteAccountTest","Surefire test","testcases.settings.favoriteaccount.GetListFavoriteAccountTest","getListFavoriteAccountWithGetMethod"
"Add Currency CS Admin Path Dengan Header powis Salah","1474","addCurrencyWithWrongPowisHeader","Surefire suite","Mon Sep 28 09:37:55 UTC 2026","passed","Mon Sep 28 09:37:57 UTC 2026","testcases.backoffice.currency.AddCurrencyTest","Surefire test","testcases.backoffice.currency.AddCurrencyTest","addCurrencyWithWrongPowisHeader"
"Create Manage Settlement BO Dengan Token Tidak Valid","1528","addManageSettlementWithInvalidToken","Surefire suite","Mon Sep 28 08:11:16 UTC 2026","passed","Mon Sep 28 08:11:17 UTC 2026","testcases.backoffice.settlement.AddManageSettlementTest","Surefire test","testcases.backoffice.settlement.AddManageSettlementTest","addManageSettlementWithInvalidToken"
"Create Manage Settlement BO Dengan Content-Type text/plain","4508","addManageSettlementWithWrongContentType","Surefire suite","Mon Sep 28 08:13:07 UTC 2026","passed","Mon Sep 28 08:13:12 UTC 2026","testcases.backoffice.settlement.AddManageSettlementTest","Surefire test","testcases.backoffice.settlement.AddManageSettlementTest","addManageSettlementWithWrongContentType"
"List Manage Settlement Backoffice Menggunakan Login Supervisor","4597","listManageSettlementWithSupervisorLogin","Surefire suite","Mon Sep 28 08:37:52 UTC 2026","passed","Mon Sep 28 08:37:57 UTC 2026","testcases.backoffice.settlement.ManageSettlementTest","Surefire test","testcases.backoffice.settlement.ManageSettlementTest","listManageSettlementWithSupervisorLogin"
"List Currency USDT Menggunakan Login Admin","4747","getCurrencyWithAdminLogin","Surefire suite","Mon Sep 28 08:25:46 UTC 2026","passed","Mon Sep 28 08:25:51 UTC 2026","testcases.backoffice.currency.GetCurrencyTest","Surefire test","testcases.backoffice.currency.GetCurrencyTest","getCurrencyWithAdminLogin"
"Get Group Detail Backoffice Menggunakan Login Merchant","24464","getGroupDetailWithMerchantLogin","Surefire suite","Mon Sep 28 08:04:00 UTC 2026","passed","Mon Sep 28 08:04:25 UTC 2026","testcases.backoffice.group.GetGroupTest","Surefire test","testcases.backoffice.group.GetGroupTest","getGroupDetailWithMerchantLogin"
"List Manage Settlement Backoffice Menggunakan Login Merchant","4746","listManageSettlementWithMerchantLogin","Surefire suite","Mon Sep 28 08:37:06 UTC 2026","passed","Mon Sep 28 08:37:11 UTC 2026","testcases.backoffice.settlement.ManageSettlementTest","Surefire test","testcases.backoffice.settlement.ManageSettlementTest","listManageSettlementWithMerchantLogin"
"List Waiting Company Backoffice","5505","getListWaitingCompany","Surefire suite","Mon Sep 28 08:46:56 UTC 2026","passed","Mon Sep 28 08:47:02 UTC 2026","testcases.backoffice.ListWaitingCompanyTest","Surefire test","testcases.backoffice.ListWaitingCompanyTest","getListWaitingCompany"
"Get Notification Sender Dengan Ukuran Halaman Sangat Besar","17566","getNotificationSenderWithHugeSize","Surefire suite","Mon Sep 28 08:41:21 UTC 2026","passed","Mon Sep 28 08:41:38 UTC 2026","testcases.backoffice.notifsender.NotificationSenderTest","Surefire test","testcases.backoffice.notifsender.NotificationSenderTest","getNotificationSenderWithHugeSize"
"List Refund Dengan Token Tidak Valid","1619","listRefundWithInvalidToken","Surefire suite","Mon Sep 28 09:43:06 UTC 2026","passed","Mon Sep 28 09:43:08 UTC 2026","testcases.backoffice.ListRefundTest","Surefire test","testcases.backoffice.ListRefundTest","listRefundWithInvalidToken"
"Get Notification Sender Menggunakan Login Merchant","4733","getNotificationSenderWithMerchantLogin","Surefire suite","Mon Sep 28 08:42:30 UTC 2026","passed","Mon Sep 28 08:42:35 UTC 2026","testcases.backoffice.notifsender.NotificationSenderTest","Surefire test","testcases.backoffice.notifsender.NotificationSenderTest","getNotificationSenderWithMerchantLogin"
"Get Group Detail Backoffice Dengan Group Id yang Tidak Ada","4687","getGroupDetailWithNonExistentId","Surefire suite","Mon Sep 28 08:04:28 UTC 2026","passed","Mon Sep 28 08:04:33 UTC 2026","testcases.backoffice.group.GetGroupTest","Surefire test","testcases.backoffice.group.GetGroupTest","getGroupDetailWithNonExistentId"
"Get List Group Backoffice Dengan Token Tidak Valid","3923","getListGroupWithInvalidToken","Surefire suite","Mon Sep 28 08:07:00 UTC 2026","passed","Mon Sep 28 08:07:03 UTC 2026","testcases.backoffice.group.GetListGroupTest","Surefire test","testcases.backoffice.group.GetListGroupTest","getListGroupWithInvalidToken"
"List Currency USDT Menggunakan HTTP Method PUT","1649","getCurrencyWithPutMethod","Surefire suite","Mon Sep 28 08:27:36 UTC 2026","passed","Mon Sep 28 08:27:38 UTC 2026","testcases.backoffice.currency.GetCurrencyTest","Surefire test","testcases.backoffice.currency.GetCurrencyTest","getCurrencyWithPutMethod"
"Add Group Backoffice Menggunakan HTTP Method GET","1515","addGroupWithGetMethod","Surefire suite","Mon Sep 28 08:00:21 UTC 2026","passed","Mon Sep 28 08:00:23 UTC 2026","testcases.backoffice.group.AddGroupTest","Surefire test","testcases.backoffice.group.AddGroupTest","addGroupWithGetMethod"
"Inquiry Test Manual Transfer Merchant","5478","inquiryManualTransfer","Surefire suite","Mon Sep 28 08:38:59 UTC 2026","passed","Mon Sep 28 08:39:04 UTC 2026","testcases.transfer.InquiryManualTransferTest","Surefire test","testcases.transfer.InquiryManualTransferTest","inquiryManualTransfer"
"Get Dashboard Backoffice Tanpa Login/Header Auth","1590","getDashboardWithoutAuth","Surefire suite","Mon Sep 28 08:30:03 UTC 2026","passed","Mon Sep 28 08:30:05 UTC 2026","testcases.backoffice.GetDashboardTest","Surefire test","testcases.backoffice.GetDashboardTest","getDashboardWithoutAuth"
"Get List Group Company BO Menggunakan Login Supervisor","6025","getListGroupCompanyWithSupervisorLogin","Surefire suite","Mon Sep 28 08:20:30 UTC 2026","passed","Mon Sep 28 08:20:36 UTC 2026","testcases.backoffice.settlement.GetListGroupCompanyTest","Surefire test","testcases.backoffice.settlement.GetListGroupCompanyTest","getListGroupCompanyWithSupervisorLogin"
"Login Backoffice dengan Captcha Salah","3044","testLoginBackofficeWrongCaptcha","Surefire suite","Mon Sep 28 08:36:11 UTC 2026","passed","Mon Sep 28 08:36:14 UTC 2026","testcases.auth.LoginTest","Surefire test","testcases.auth.LoginTest","testLoginBackofficeWrongCaptcha"
"Get History QR CS","10551","historyQRTestCS","Surefire suite","Mon Sep 28 08:54:45 UTC 2026","passed","Mon Sep 28 08:54:56 UTC 2026","testcases.history.HistoryQRTest","Surefire test","testcases.history.HistoryQRTest","historyQRTestCS"
"Mutasi Manual Transfer","31872","mutasiManualTransfer","Surefire suite","Mon Sep 28 10:03:02 UTC 2026","passed","Mon Sep 28 10:03:34 UTC 2026","testcases.mutasi.MutasiTransferTest","Surefire test","testcases.mutasi.MutasiTransferTest","mutasiManualTransfer"
"Delete Manage Settlement BO Menggunakan HTTP Method PATCH","4523","deleteManageSettlementWithPatchMethod","Surefire suite","Mon Sep 28 08:16:21 UTC 2026","passed","Mon Sep 28 08:16:25 UTC 2026","testcases.backoffice.settlement.DeleteManageSettlementTest","Surefire test","testcases.backoffice.settlement.DeleteManageSettlementTest","deleteManageSettlementWithPatchMethod"
"List Refund Tanpa Body Sama Sekali","4700","listRefundWithoutBody","Surefire suite","Mon Sep 28 09:44:02 UTC 2026","passed","Mon Sep 28 09:44:06 UTC 2026","testcases.backoffice.ListRefundTest","Surefire test","testcases.backoffice.ListRefundTest","listRefundWithoutBody"
"Create Manage Settlement BO Menggunakan HTTP Method DELETE","4571","addManageSettlementWithDeleteMethod","Surefire suite","Mon Sep 28 08:10:09 UTC 2026","passed","Mon Sep 28 08:10:14 UTC 2026","testcases.backoffice.settlement.AddManageSettlementTest","Surefire test","testcases.backoffice.settlement.AddManageSettlementTest","addManageSettlementWithDeleteMethod"
"List Currency USDT Menggunakan HTTP Method GET","1516","getCurrencyWithGetMethod","Surefire suite","Mon Sep 28 08:26:31 UTC 2026","passed","Mon Sep 28 08:26:32 UTC 2026","testcases.backoffice.currency.GetCurrencyTest","Surefire test","testcases.backoffice.currency.GetCurrencyTest","getCurrencyWithGetMethod"
"Add Group Backoffice Dengan name String Kosong","1543","addGroupWithEmptyName","Surefire suite","Mon Sep 28 07:59:59 UTC 2026","passed","Mon Sep 28 08:00:00 UTC 2026","testcases.backoffice.group.AddGroupTest","Surefire test","testcases.backoffice.group.AddGroupTest","addGroupWithEmptyName"
"Refund Summary Dengan type Tidak Dikenal","2576","getRefundWithInvalidType","Surefire suite","Mon Sep 28 08:37:58 UTC 2026","passed","Mon Sep 28 08:38:00 UTC 2026","testcases.backoffice.refund.GetRefundTest","Surefire test","testcases.backoffice.refund.GetRefundTest","getRefundWithInvalidType"
"Add Currency CS Admin Path Dengan rate Berupa JSON Array","1527","addCurrencyWithArrayRate","Surefire suite","Mon Sep 28 09:35:22 UTC 2026","passed","Mon Sep 28 09:35:24 UTC 2026","testcases.backoffice.currency.AddCurrencyTest","Surefire test","testcases.backoffice.currency.AddCurrencyTest","addCurrencyWithArrayRate"
"Get History Manual Transfer Test CS","11649","historyManualTransferTestCS","Surefire suite","Mon Sep 28 09:52:51 UTC 2026","passed","Mon Sep 28 09:53:03 UTC 2026","testcases.history.HistoryTransferTest","Surefire test","testcases.history.HistoryTransferTest","historyManualTransferTestCS"
"Get Notification Sender Dengan Body JSON Tidak Valid (Malformed)","4523","getNotificationSenderWithMalformedJson","Surefire suite","Mon Sep 28 08:42:07 UTC 2026","passed","Mon Sep 28 08:42:11 UTC 2026","testcases.backoffice.notifsender.NotificationSenderTest","Surefire test","testcases.backoffice.notifsender.NotificationSenderTest","getNotificationSenderWithMalformedJson"
"List Manage Settlement Backoffice Dengan Sort Tanpa Operator '=='","4649","listManageSettlementWithMalformedSortOperator","Surefire suite","Mon Sep 28 08:36:51 UTC 2026","passed","Mon Sep 28 08:36:56 UTC 2026","testcases.backoffice.settlement.ManageSettlementTest","Surefire test","testcases.backoffice.settlement.ManageSettlementTest","listManageSettlementWithMalformedSortOperator"
"Get Detail User Backoffice Tanpa User Id (Path Kosong) - Menemukan Bug Bad Gateway","5068","getUsersWithEmptyId","Surefire suite","Mon Sep 28 08:40:15 UTC 2026","passed","Mon Sep 28 08:40:20 UTC 2026","testcases.backoffice.users.ListUsersTest","Surefire test","testcases.backoffice.users.ListUsersTest","getUsersWithEmptyId"
"List Manage Settlement Backoffice Menggunakan Login Admin Crypto","4911","listManageSettlementWithAdminCryptoLogin","Surefire suite","Mon Sep 28 08:35:04 UTC 2026","passed","Mon Sep 28 08:35:09 UTC 2026","testcases.backoffice.settlement.ManageSettlementTest","Surefire test","testcases.backoffice.settlement.ManageSettlementTest","listManageSettlementWithAdminCryptoLogin"
"Delete Google Authenticator Tanpa Login/Header Auth","1610","deleteOtpGoogleWithoutAuth","Surefire suite","Mon Sep 28 08:25:18 UTC 2026","passed","Mon Sep 28 08:25:20 UTC 2026","testcases.backoffice.googleauth.DeleteOtpGoogleTest","Surefire test","testcases.backoffice.googleauth.DeleteOtpGoogleTest","deleteOtpGoogleWithoutAuth"
"Get History QR Admin Success Paid","11608","historyQRTestPaidAdmin","Surefire suite","Mon Sep 28 08:54:59 UTC 2026","broken","Mon Sep 28 08:55:11 UTC 2026","testcases.history.HistoryQRTest","Surefire test","testcases.history.HistoryQRTest","historyQRTestPaidAdmin"
"Mutasi Special Transfer Supervisor CS","21500","mutasiSpecialTransferSupervisorCS","Surefire suite","Mon Sep 28 10:10:48 UTC 2026","passed","Mon Sep 28 10:11:09 UTC 2026","testcases.mutasi.MutasiTransferTest","Surefire test","testcases.mutasi.MutasiTransferTest","mutasiSpecialTransferSupervisorCS"
"List Waiting Company Backoffice Dengan Body JSON Tidak Valid (Malformed)","4622","listWaitingCompanyWithMalformedJson","Surefire suite","Mon Sep 28 08:48:18 UTC 2026","passed","Mon Sep 28 08:48:23 UTC 2026","testcases.backoffice.ListWaitingCompanyTest","Surefire test","testcases.backoffice.ListWaitingCompanyTest","listWaitingCompanyWithMalformedJson"
"Get History QR CS Success Paid","12232","historyQRTestPaidCS","Surefire suite","Mon Sep 28 08:55:14 UTC 2026","passed","Mon Sep 28 08:55:26 UTC 2026","testcases.history.HistoryQRTest","Surefire test","testcases.history.HistoryQRTest","historyQRTestPaidCS"
"Reset Pin Admin","4875","resetPinAdmin","Surefire suite","Mon Sep 28 07:55:35 UTC 2026","passed","Mon Sep 28 07:55:40 UTC 2026","testcases.settings.ResetPinTest","Surefire test","testcases.settings.ResetPinTest","resetPinAdmin"
"Add Group Backoffice Menggunakan HTTP Method PATCH","1498","addGroupWithPatchMethod","Surefire suite","Mon Sep 28 08:01:22 UTC 2026","passed","Mon Sep 28 08:01:23 UTC 2026","testcases.backoffice.group.AddGroupTest","Surefire test","testcases.backoffice.group.AddGroupTest","addGroupWithPatchMethod"
"Login Merchant tanpa Parameter Captcha","3061","testLoginMissingCaptchaParam","Surefire suite","Mon Sep 28 08:08:22 UTC 2026","passed","Mon Sep 28 08:08:25 UTC 2026","testcases.auth.LoginTest","Surefire test","testcases.auth.LoginTest","testLoginMissingCaptchaParam"
"Delete Manage Settlement BO Dengan Header id Kosong","4550","deleteManageSettlementWithEmptyIdHeader","Surefire suite","Mon Sep 28 08:15:14 UTC 2026","passed","Mon Sep 28 08:15:18 UTC 2026","testcases.backoffice.settlement.DeleteManageSettlementTest","Surefire test","testcases.backoffice.settlement.DeleteManageSettlementTest","deleteManageSettlementWithEmptyIdHeader"
"Add Group Backoffice Dengan Field Tidak Dikenal pada Body","1578","addGroupWithUnknownField","Surefire suite","Mon Sep 28 08:01:43 UTC 2026","passed","Mon Sep 28 08:01:44 UTC 2026","testcases.backoffice.group.AddGroupTest","Surefire test","testcases.backoffice.group.AddGroupTest","addGroupWithUnknownField"
"Create Manage Settlement BO Dengan Body Berupa Literal null","4686","addManageSettlementWithNullLiteralBody","Surefire suite","Mon Sep 28 08:12:21 UTC 2026","passed","Mon Sep 28 08:12:26 UTC 2026","testcases.backoffice.settlement.AddManageSettlementTest","Surefire test","testcases.backoffice.settlement.AddManageSettlementTest","addManageSettlementWithNullLiteralBody"
"Normal Special Transfer Success Admin Crypto","7174","specialTransferAdminCrypto","Surefire suite","Mon Sep 28 07:55:05 UTC 2026","passed","Mon Sep 28 07:55:12 UTC 2026","testcases.transfer.SpecialTransferTest","Surefire test","testcases.transfer.SpecialTransferTest","specialTransferAdminCrypto"
"Delete Google Authenticator Dengan Token Kadaluarsa","1530","deleteOtpGoogleWithExpiredToken","Surefire suite","Mon Sep 28 08:23:02 UTC 2026","passed","Mon Sep 28 08:23:04 UTC 2026","testcases.backoffice.googleauth.DeleteOtpGoogleTest","Surefire test","testcases.backoffice.googleauth.DeleteOtpGoogleTest","deleteOtpGoogleWithExpiredToken"
"List User Backoffice Menggunakan Login Marketing","4700","listUsersWithMarketingLogin","Surefire suite","Mon Sep 28 08:42:09 UTC 2026","passed","Mon Sep 28 08:42:14 UTC 2026","testcases.backoffice.users.ListUsersTest","Surefire test","testcases.backoffice.users.ListUsersTest","listUsersWithMarketingLogin"
"Get Group Detail Backoffice Dengan Path Traversal pada Group Id","4538","getGroupDetailWithPathTraversalId","Surefire suite","Mon Sep 28 08:04:43 UTC 2026","passed","Mon Sep 28 08:04:48 UTC 2026","testcases.backoffice.group.GetGroupTest","Surefire test","testcases.backoffice.group.GetGroupTest","getGroupDetailWithPathTraversalId"
"Inquiry Test USDT Transfer Admin Crypto","9785","inquiryUSDTAdminCrypto","Surefire suite","Mon Sep 28 07:57:07 UTC 2026","passed","Mon Sep 28 07:57:17 UTC 2026","testcases.transfer.InquiryUSDTTest","Surefire test","testcases.transfer.InquiryUSDTTest","inquiryUSDTAdminCrypto"
"Delete Google Authenticator Menggunakan Login Supervisor","4729","deleteOtpGoogleWithSupervisorLogin","Surefire suite","Mon Sep 28 08:24:47 UTC 2026","passed","Mon Sep 28 08:24:51 UTC 2026","testcases.backoffice.googleauth.DeleteOtpGoogleTest","Surefire test","testcases.backoffice.googleauth.DeleteOtpGoogleTest","deleteOtpGoogleWithSupervisorLogin"
"Get List Group Company BO Menggunakan Login Admin","4677","getListGroupCompanyWithAdminLogin","Surefire suite","Mon Sep 28 08:18:01 UTC 2026","passed","Mon Sep 28 08:18:06 UTC 2026","testcases.backoffice.settlement.GetListGroupCompanyTest","Surefire test","testcases.backoffice.settlement.GetListGroupCompanyTest","getListGroupCompanyWithAdminLogin"
"List Currency USDT Menggunakan Login CS Admin","4827","getCurrencyWithCSAdminLogin","Surefire suite","Mon Sep 28 08:26:01 UTC 2026","passed","Mon Sep 28 08:26:06 UTC 2026","testcases.backoffice.currency.GetCurrencyTest","Surefire test","testcases.backoffice.currency.GetCurrencyTest","getCurrencyWithCSAdminLogin"
"Get Dashboard Backoffice Menggunakan Login Customer Service","4716","getDashboardWithCSLogin","Surefire suite","Mon Sep 28 08:29:28 UTC 2026","passed","Mon Sep 28 08:29:32 UTC 2026","testcases.backoffice.GetDashboardTest","Surefire test","testcases.backoffice.GetDashboardTest","getDashboardWithCSLogin"
"List Currency USDT Dengan Token Backoffice Valid Tapi Tanpa Header pbyv","1538","getCurrencyWithoutPbyvHeader","Surefire suite","Mon Sep 28 08:28:31 UTC 2026","passed","Mon Sep 28 08:28:32 UTC 2026","testcases.backoffice.currency.GetCurrencyTest","Surefire test","testcases.backoffice.currency.GetCurrencyTest","getCurrencyWithoutPbyvHeader"
"List Currency USDT Dengan Payload XSS pada Field Param","1543","getCurrencyWithXssParam","Surefire suite","Mon Sep 28 08:28:12 UTC 2026","passed","Mon Sep 28 08:28:13 UTC 2026","testcases.backoffice.currency.GetCurrencyTest","Surefire test","testcases.backoffice.currency.GetCurrencyTest","getCurrencyWithXssParam"
"Get List Group Backoffice Dengan Content-Type text/plain","1553","getListGroupWithWrongContentType","Surefire suite","Mon Sep 28 08:08:29 UTC 2026","passed","Mon Sep 28 08:08:30 UTC 2026","testcases.backoffice.group.GetListGroupTest","Surefire test","testcases.backoffice.group.GetListGroupTest","getListGroupWithWrongContentType"
"Get List Favorite Account Dengan size Negatif","1612","getListFavoriteAccountWithNegativeSize","Surefire suite","Mon Sep 28 10:21:58 UTC 2026","passed","Mon Sep 28 10:21:59 UTC 2026","testcases.settings.favoriteaccount.GetListFavoriteAccountTest","Surefire test","testcases.settings.favoriteaccount.GetListFavoriteAccountTest","getListFavoriteAccountWithNegativeSize"
"Mutasi Transfer Supervisor","8504","mutasiTransferSupervisor","Surefire suite","Mon Sep 28 10:12:21 UTC 2026","passed","Mon Sep 28 10:12:29 UTC 2026","testcases.mutasi.MutasiTransferTest","Surefire test","testcases.mutasi.MutasiTransferTest","mutasiTransferSupervisor"
"Get Notification Sender Dengan pinValidasi Berisi Karakter SQL Injection","4605","getNotificationSenderWithSqlInjectionPinValidasi","Surefire suite","Mon Sep 28 08:43:32 UTC 2026","passed","Mon Sep 28 08:43:37 UTC 2026","testcases.backoffice.notifsender.NotificationSenderTest","Surefire test","testcases.backoffice.notifsender.NotificationSenderTest","getNotificationSenderWithSqlInjectionPinValidasi"
"Add Group Backoffice Dengan feePlatformPercent Bertipe String","1496","addGroupWithFeeAsString","Surefire suite","Mon Sep 28 08:00:08 UTC 2026","passed","Mon Sep 28 08:00:09 UTC 2026","testcases.backoffice.group.AddGroupTest","Surefire test","testcases.backoffice.group.AddGroupTest","addGroupWithFeeAsString"
"Delete Group Backoffice Dengan name String Kosong","1482","deleteGroupWithEmptyName","Surefire suite","Mon Sep 28 07:55:57 UTC 2026","passed","Mon Sep 28 07:55:58 UTC 2026","testcases.backoffice.group.DeleteGroupTest","Surefire test","testcases.backoffice.group.DeleteGroupTest","deleteGroupWithEmptyName"
"Get Notification Sender Dengan Tipe Data Salah pada Field limit (String, Bukan Integer)","4683","getNotificationSenderWithInvalidFieldType","Surefire suite","Mon Sep 28 08:41:41 UTC 2026","passed","Mon Sep 28 08:41:46 UTC 2026","testcases.backoffice.notifsender.NotificationSenderTest","Surefire test","testcases.backoffice.notifsender.NotificationSenderTest","getNotificationSenderWithInvalidFieldType"
"Delete Group Backoffice Dengan id Sangat Panjang","1602","deleteGroupWithVeryLongId","Surefire suite","Mon Sep 28 07:58:01 UTC 2026","passed","Mon Sep 28 07:58:02 UTC 2026","testcases.backoffice.group.DeleteGroupTest","Surefire test","testcases.backoffice.group.DeleteGroupTest","deleteGroupWithVeryLongId"
"Delete Favorite Account Dengan id Bertipe Angka (Bukan String)","1950","deleteFavoriteAccountWithIdAsNumber","Surefire suite","Mon Sep 28 08:10:20 UTC 2026","failed","Mon Sep 28 08:10:22 UTC 2026","testcases.settings.favoriteaccount.DeleteFavoriteAccountTest","Surefire test","testcases.settings.favoriteaccount.DeleteFavoriteAccountTest","deleteFavoriteAccountWithIdAsNumber"
"Test Approved USDT","18370","approvedUSDT","Surefire suite","Mon Sep 28 09:24:43 UTC 2026","passed","Mon Sep 28 09:25:02 UTC 2026","testcases.backoffice.ApprovalTransferTest","Surefire test","testcases.backoffice.ApprovalTransferTest","approvedUSDT"
"Get History Transfer Test CS","12047","historyTransferTestCS","Surefire suite","Mon Sep 28 09:56:41 UTC 2026","passed","Mon Sep 28 09:56:53 UTC 2026","testcases.history.HistoryTransferTest","Surefire test","testcases.history.HistoryTransferTest","historyTransferTestCS"
"Transfer Different Partner Reference, Transfer to Special Transfer","48871","trfPartnerRefTransferFailed","Surefire suite","Mon Sep 28 08:01:09 UTC 2026","passed","Mon Sep 28 08:01:58 UTC 2026","testcases.transfer.SpecialTransferTest","Surefire test","testcases.transfer.SpecialTransferTest","trfPartnerRefTransferFailed"
"Get Balance Company on Login Admin","5152","getBalanceCompanyAdmin","Surefire suite","Mon Sep 28 07:55:20 UTC 2026","passed","Mon Sep 28 07:55:25 UTC 2026","testcases.balance.GetBalanceQrisTest","Surefire test","testcases.balance.GetBalanceQrisTest","getBalanceCompanyAdmin"
"Mutasi USDT Transfer Balance CS","32377","mutasiUSDTTransferBalanceCS","Surefire suite","Mon Sep 28 10:14:23 UTC 2026","passed","Mon Sep 28 10:14:55 UTC 2026","testcases.mutasi.MutasiTransferTest","Surefire test","testcases.mutasi.MutasiTransferTest","mutasiUSDTTransferBalanceCS"
"Mutasi Special Transfer Balance CS","26182","mutasiSpecialTransferBalanceCS","Surefire suite","Mon Sep 28 10:08:31 UTC 2026","passed","Mon Sep 28 10:08:57 UTC 2026","testcases.mutasi.MutasiTransferTest","Surefire test","testcases.mutasi.MutasiTransferTest","mutasiSpecialTransferBalanceCS"
"Get List Group Company BO Dengan groupName Berisi Payload XSS","4865","getListGroupCompanyWithXssGroupName","Surefire suite","Mon Sep 28 08:20:57 UTC 2026","passed","Mon Sep 28 08:21:02 UTC 2026","testcases.backoffice.settlement.GetListGroupCompanyTest","Surefire test","testcases.backoffice.settlement.GetListGroupCompanyTest","getListGroupCompanyWithXssGroupName"
"Reset Password Admin","5087","resetPasswordAdmin","Surefire suite","Mon Sep 28 07:55:43 UTC 2026","passed","Mon Sep 28 07:55:48 UTC 2026","testcases.settings.ResetPasswordTest","Surefire test","testcases.settings.ResetPasswordTest","resetPasswordAdmin"
"Get Group Detail Backoffice Menggunakan HTTP Method POST","4583","getGroupDetailWithPostMethod","Surefire suite","Mon Sep 28 08:04:51 UTC 2026","passed","Mon Sep 28 08:04:55 UTC 2026","testcases.backoffice.group.GetGroupTest","Surefire test","testcases.backoffice.group.GetGroupTest","getGroupDetailWithPostMethod"
"Add Group Backoffice Dengan flagLock Bertipe String","1565","addGroupWithFlagLockAsString","Surefire suite","Mon Sep 28 08:00:17 UTC 2026","passed","Mon Sep 28 08:00:18 UTC 2026","testcases.backoffice.group.AddGroupTest","Surefire test","testcases.backoffice.group.AddGroupTest","addGroupWithFlagLockAsString"
"Delete Group Backoffice Dengan Payload XSS pada name","1599","deleteGroupWithXssName","Surefire suite","Mon Sep 28 07:58:19 UTC 2026","passed","Mon Sep 28 07:58:20 UTC 2026","testcases.backoffice.group.DeleteGroupTest","Surefire test","testcases.backoffice.group.DeleteGroupTest","deleteGroupWithXssName"
"Delete Group Backoffice Menggunakan Login Customer Service","4696","deleteGroupWithCSLogin","Surefire suite","Mon Sep 28 07:55:35 UTC 2026","passed","Mon Sep 28 07:55:40 UTC 2026","testcases.backoffice.group.DeleteGroupTest","Surefire test","testcases.backoffice.group.DeleteGroupTest","deleteGroupWithCSLogin"
"Get List Google Authenticator Dengan Body JSON Tidak Valid (Malformed)","4495","listOtpGoogleWithMalformedJson","Surefire suite","Mon Sep 28 08:44:49 UTC 2026","passed","Mon Sep 28 08:44:53 UTC 2026","testcases.backoffice.googleauth.ListOtpGoogleTest","Surefire test","testcases.backoffice.googleauth.ListOtpGoogleTest","listOtpGoogleWithMalformedJson"
"List Company Backoffice Dengan Ukuran Halaman Sangat Besar","5243","listCompanyWithHugeSize","Surefire suite","Mon Sep 28 08:50:14 UTC 2026","passed","Mon Sep 28 08:50:20 UTC 2026","testcases.backoffice.ListCompanyTest","Surefire test","testcases.backoffice.ListCompanyTest","listCompanyWithHugeSize"
"List Currency USDT Dengan Header pbyv Salah","1602","getCurrencyWithWrongPbyvHeader","Surefire suite","Mon Sep 28 08:28:07 UTC 2026","passed","Mon Sep 28 08:28:09 UTC 2026","testcases.backoffice.currency.GetCurrencyTest","Surefire test","testcases.backoffice.currency.GetCurrencyTest","getCurrencyWithWrongPbyvHeader"
"Get History Flop Transfer Supervisor on Login CS Admin","12846","historyFlopTransferSupervisorTestCSAdmin","Surefire suite","Mon Sep 28 09:50:20 UTC 2026","passed","Mon Sep 28 09:50:33 UTC 2026","testcases.history.HistoryTransferTest","Surefire test","testcases.history.HistoryTransferTest","historyFlopTransferSupervisorTestCSAdmin"
"List Company Backoffice Dengan Tipe Data Salah pada Field Limit (String, Bukan Integer)","5488","listCompanyWithInvalidFieldType","Surefire suite","Mon Sep 28 08:50:23 UTC 2026","passed","Mon Sep 28 08:50:28 UTC 2026","testcases.backoffice.ListCompanyTest","Surefire test","testcases.backoffice.ListCompanyTest","listCompanyWithInvalidFieldType"
"Get History Manual Transfer Supervisor on Login CS Admin","12701","historyManualTransferSupervisorTestCSAdmin","Surefire suite","Mon Sep 28 09:51:58 UTC 2026","passed","Mon Sep 28 09:52:11 UTC 2026","testcases.history.HistoryTransferTest","Surefire test","testcases.history.HistoryTransferTest","historyManualTransferSupervisorTestCSAdmin"
"Login Merchant tanpa Parameter Password","3021","testLoginMissingPasswordParam","Surefire suite","Mon Sep 28 08:08:28 UTC 2026","passed","Mon Sep 28 08:08:31 UTC 2026","testcases.auth.LoginTest","Surefire test","testcases.auth.LoginTest","testLoginMissingPasswordParam"
"Get List Favorite Account Dengan Field Tidak Dikenal pada Body","1582","getListFavoriteAccountWithUnknownField","Surefire suite","Mon Sep 28 10:22:30 UTC 2026","passed","Mon Sep 28 10:22:31 UTC 2026","testcases.settings.favoriteaccount.GetListFavoriteAccountTest","Surefire test","testcases.settings.favoriteaccount.GetListFavoriteAccountTest","getListFavoriteAccountWithUnknownField"
"Add Currency CS Admin Path Dengan Body Berupa Literal null","1481","addCurrencyWithNullLiteralBody","Surefire suite","Mon Sep 28 09:37:02 UTC 2026","passed","Mon Sep 28 09:37:03 UTC 2026","testcases.backoffice.currency.AddCurrencyTest","Surefire test","testcases.backoffice.currency.AddCurrencyTest","addCurrencyWithNullLiteralBody"
"Inquiry Test Special Transfer Admin Crypto","4965","inquirySpecialTransferAdminCrypto","Surefire suite","Mon Sep 28 07:55:51 UTC 2026","passed","Mon Sep 28 07:55:56 UTC 2026","testcases.transfer.InquirySpecialTransferTest","Surefire test","testcases.transfer.InquirySpecialTransferTest","inquirySpecialTransferAdminCrypto"
"Add Currency CS Admin Path Dengan Field Tidak Dikenal pada Body","1606","addCurrencyWithUnknownField","Surefire suite","Mon Sep 28 09:37:41 UTC 2026","passed","Mon Sep 28 09:37:43 UTC 2026","testcases.backoffice.currency.AddCurrencyTest","Surefire test","testcases.backoffice.currency.AddCurrencyTest","addCurrencyWithUnknownField"
"Resend Google Authenticator Menggunakan HTTP Method DELETE","4696","resendOtpGoogleWithDeleteMethod","Surefire suite","Mon Sep 28 08:45:33 UTC 2026","passed","Mon Sep 28 08:45:37 UTC 2026","testcases.backoffice.googleauth.ResendOtpGoogleTest","Surefire test","testcases.backoffice.googleauth.ResendOtpGoogleTest","resendOtpGoogleWithDeleteMethod"
"Get List Group Backoffice Menggunakan HTTP Method PATCH","1460","getListGroupWithPatchMethod","Surefire suite","Mon Sep 28 08:07:58 UTC 2026","passed","Mon Sep 28 08:07:59 UTC 2026","testcases.backoffice.group.GetListGroupTest","Surefire test","testcases.backoffice.group.GetListGroupTest","getListGroupWithPatchMethod"
"List Waiting Company Backoffice Dengan Token Tidak Valid","1515","listWaitingCompanyWithInvalidToken","Surefire suite","Mon Sep 28 08:48:09 UTC 2026","passed","Mon Sep 28 08:48:11 UTC 2026","testcases.backoffice.ListWaitingCompanyTest","Surefire test","testcases.backoffice.ListWaitingCompanyTest","listWaitingCompanyWithInvalidToken"
"Resend Google Authenticator Menggunakan Login Customer Service","4875","resendOtpGoogleWithCSLogin","Surefire suite","Mon Sep 28 08:45:25 UTC 2026","passed","Mon Sep 28 08:45:30 UTC 2026","testcases.backoffice.googleauth.ResendOtpGoogleTest","Surefire test","testcases.backoffice.googleauth.ResendOtpGoogleTest","resendOtpGoogleWithCSLogin"
"Get Group Detail Backoffice Menggunakan Login Group","5795","getGroupDetailWithGroupLogin","Surefire suite","Mon Sep 28 08:03:23 UTC 2026","passed","Mon Sep 28 08:03:29 UTC 2026","testcases.backoffice.group.GetGroupTest","Surefire test","testcases.backoffice.group.GetGroupTest","getGroupDetailWithGroupLogin"
"Get List Group Backoffice Dengan Body Berupa Literal null","1501","getListGroupWithNullLiteralBody","Surefire suite","Mon Sep 28 08:07:44 UTC 2026","passed","Mon Sep 28 08:07:46 UTC 2026","testcases.backoffice.group.GetListGroupTest","Surefire test","testcases.backoffice.group.GetListGroupTest","getListGroupWithNullLiteralBody"
"List Manage Settlement Backoffice Dengan Token Tidak Valid","1406","listManageSettlementWithInvalidToken","Surefire suite","Mon Sep 28 08:36:35 UTC 2026","passed","Mon Sep 28 08:36:36 UTC 2026","testcases.backoffice.settlement.ManageSettlementTest","Surefire test","testcases.backoffice.settlement.ManageSettlementTest","listManageSettlementWithInvalidToken"
"Get List Google Authenticator Dengan Karakter SQL Injection pada Field param","4986","listOtpGoogleWithSqlInjectionParam","Surefire suite","Mon Sep 28 08:45:56 UTC 2026","passed","Mon Sep 28 08:46:01 UTC 2026","testcases.backoffice.googleauth.ListOtpGoogleTest","Surefire test","testcases.backoffice.googleauth.ListOtpGoogleTest","listOtpGoogleWithSqlInjectionParam"
"Delete Group Backoffice Dengan Body Kosong ({})","1551","deleteGroupWithEmptyBody","Surefire suite","Mon Sep 28 07:55:48 UTC 2026","passed","Mon Sep 28 07:55:49 UTC 2026","testcases.backoffice.group.DeleteGroupTest","Surefire test","testcases.backoffice.group.DeleteGroupTest","deleteGroupWithEmptyBody"
"Get Group Detail Backoffice Dengan Token Kadaluarsa","1509","getGroupDetailWithExpiredToken","Surefire suite","Mon Sep 28 08:03:11 UTC 2026","passed","Mon Sep 28 08:03:12 UTC 2026","testcases.backoffice.group.GetGroupTest","Surefire test","testcases.backoffice.group.GetGroupTest","getGroupDetailWithExpiredToken"
"Inquiry Favorite Account Dengan Token Valid Tapi Tanpa Header credentialId","1612","inquiryFavoriteAccountWithoutCredentialIdHeader","Surefire suite","Mon Sep 28 08:36:45 UTC 2026","passed","Mon Sep 28 08:36:47 UTC 2026","testcases.settings.favoriteaccount.InquiryFavoriteAccountTest","Surefire test","testcases.settings.favoriteaccount.InquiryFavoriteAccountTest","inquiryFavoriteAccountWithoutCredentialIdHeader"
"Mutasi Manual Transfer Balance CS","33283","mutasiManualTransferBalanceSupervisorCS","Surefire suite","Mon Sep 28 10:05:29 UTC 2026","passed","Mon Sep 28 10:06:02 UTC 2026","testcases.mutasi.MutasiTransferTest","Surefire test","testcases.mutasi.MutasiTransferTest","mutasiManualTransferBalanceSupervisorCS"
"Reset Pin Merchant","5333","resetPinMerchant","Surefire suite","Mon Sep 28 08:38:50 UTC 2026","passed","Mon Sep 28 08:38:56 UTC 2026","testcases.settings.ResetPinTest","Surefire test","testcases.settings.ResetPinTest","resetPinMerchant"
"Delete Group Backoffice Dengan id yang Tidak Pernah Ada","1645","deleteGroupWithNonExistentId","Surefire suite","Mon Sep 28 07:57:23 UTC 2026","passed","Mon Sep 28 07:57:24 UTC 2026","testcases.backoffice.group.DeleteGroupTest","Surefire test","testcases.backoffice.group.DeleteGroupTest","deleteGroupWithNonExistentId"
"Inquiry Favorite Account Dengan Karakter SQL Injection pada beneficiaryAccountNo","1720","inquiryFavoriteAccountWithSqlInjectionAccountNo","Surefire suite","Mon Sep 28 08:35:59 UTC 2026","passed","Mon Sep 28 08:36:01 UTC 2026","testcases.settings.favoriteaccount.InquiryFavoriteAccountTest","Surefire test","testcases.settings.favoriteaccount.InquiryFavoriteAccountTest","inquiryFavoriteAccountWithSqlInjectionAccountNo"
"Add Currency CS Admin Path Dengan rate Berupa String Non-Numerik","1557","addCurrencyWithStringRate","Surefire suite","Mon Sep 28 09:37:29 UTC 2026","passed","Mon Sep 28 09:37:31 UTC 2026","testcases.backoffice.currency.AddCurrencyTest","Surefire test","testcases.backoffice.currency.AddCurrencyTest","addCurrencyWithStringRate"
"Mutasi Special Transfer Balance","26224","mutasiSpecialTransferBalance","Surefire suite","Mon Sep 28 10:08:01 UTC 2026","passed","Mon Sep 28 10:08:28 UTC 2026","testcases.mutasi.MutasiTransferTest","Surefire test","testcases.mutasi.MutasiTransferTest","mutasiSpecialTransferBalance"
"Normal Flop Transfer Success","7822","transfer","Surefire suite","Mon Sep 28 07:54:48 UTC 2026","passed","Mon Sep 28 07:54:56 UTC 2026","testcases.transfer.TransferFlopTest","Surefire test","testcases.transfer.TransferFlopTest","transfer"
"Delete Favorite Account Dengan Body Berupa Literal null","1558","deleteFavoriteAccountWithNullLiteralBody","Surefire suite","Mon Sep 28 08:10:48 UTC 2026","passed","Mon Sep 28 08:10:50 UTC 2026","testcases.settings.favoriteaccount.DeleteFavoriteAccountTest","Surefire test","testcases.settings.favoriteaccount.DeleteFavoriteAccountTest","deleteFavoriteAccountWithNullLiteralBody"
"Reset Pin Customer Service","5650","resetPinCS","Surefire suite","Mon Sep 28 07:55:31 UTC 2026","passed","Mon Sep 28 07:55:36 UTC 2026","testcases.settings.ResetPinTest","Surefire test","testcases.settings.ResetPinTest","resetPinCS"
"Created Favorite Account Dengan Body Kosong ({})","1516","createdFavoriteAccountWithEmptyBody","Surefire suite","Mon Sep 28 08:37:10 UTC 2026","failed","Mon Sep 28 08:37:12 UTC 2026","testcases.settings.favoriteaccount.CreatedFavoriteAccountTest","Surefire test","testcases.settings.favoriteaccount.CreatedFavoriteAccountTest","createdFavoriteAccountWithEmptyBody"
"Get List Google Authenticator Menggunakan Login Admin","4667","listOtpGoogleWithAdminLogin","Surefire suite","Mon Sep 28 08:43:17 UTC 2026","passed","Mon Sep 28 08:43:22 UTC 2026","testcases.backoffice.googleauth.ListOtpGoogleTest","Surefire test","testcases.backoffice.googleauth.ListOtpGoogleTest","listOtpGoogleWithAdminLogin"
"Get List Group Backoffice Dengan enablePage Bertipe String","2517","getListGroupWithEnablePageAsString","Surefire suite","Mon Sep 28 08:06:40 UTC 2026","passed","Mon Sep 28 08:06:42 UTC 2026","testcases.backoffice.group.GetListGroupTest","Surefire test","testcases.backoffice.group.GetListGroupTest","getListGroupWithEnablePageAsString"
"Get Group Backoffice Tanpa Login/Header Auth","1525","getGroupWithoutAuth","Surefire suite","Mon Sep 28 08:30:36 UTC 2026","passed","Mon Sep 28 08:30:37 UTC 2026","testcases.backoffice.GetDashboardTest","Surefire test","testcases.backoffice.GetDashboardTest","getGroupWithoutAuth"
"Refund Summary Tanpa Field endDate","1490","getRefundWithoutEndDate","Surefire suite","Mon Sep 28 08:39:49 UTC 2026","passed","Mon Sep 28 08:39:51 UTC 2026","testcases.backoffice.refund.GetRefundTest","Surefire test","testcases.backoffice.refund.GetRefundTest","getRefundWithoutEndDate"
"Resend Google Authenticator Menggunakan Login Admin Crypto","4620","resendOtpGoogleWithAdminCryptoLogin","Surefire suite","Mon Sep 28 08:44:54 UTC 2026","passed","Mon Sep 28 08:44:59 UTC 2026","testcases.backoffice.googleauth.ResendOtpGoogleTest","Surefire test","testcases.backoffice.googleauth.ResendOtpGoogleTest","resendOtpGoogleWithAdminCryptoLogin"
"Resend Google Authenticator Menggunakan HTTP Method GET","4678","resendOtpGoogleWithGetMethod","Surefire suite","Mon Sep 28 08:46:00 UTC 2026","passed","Mon Sep 28 08:46:05 UTC 2026","testcases.backoffice.googleauth.ResendOtpGoogleTest","Surefire test","testcases.backoffice.googleauth.ResendOtpGoogleTest","resendOtpGoogleWithGetMethod"
"Normal Transfer Success","7768","transfer","Surefire suite","Mon Sep 28 07:55:16 UTC 2026","passed","Mon Sep 28 07:55:23 UTC 2026","testcases.transfer.TransferTest","Surefire test","testcases.transfer.TransferTest","transfer"
"Test Rejected Special Transfer Supervisor","11861","rejectedSpecialTransferSupervisor","Surefire suite","Mon Sep 28 09:28:50 UTC 2026","passed","Mon Sep 28 09:29:02 UTC 2026","testcases.backoffice.ApprovalTransferTest","Surefire test","testcases.backoffice.ApprovalTransferTest","rejectedSpecialTransferSupervisor"
"Refund Summary Dengan Header Authorization Tanpa Skema Bearer","1507","getRefundWithMalformedAuthorizationHeader","Surefire suite","Mon Sep 28 08:38:03 UTC 2026","passed","Mon Sep 28 08:38:05 UTC 2026","testcases.backoffice.refund.GetRefundTest","Surefire test","testcases.backoffice.refund.GetRefundTest","getRefundWithMalformedAuthorizationHeader"
"Add Group Backoffice Menggunakan Login Customer Service","4678","addGroupWithCSLogin","Surefire suite","Mon Sep 28 07:59:24 UTC 2026","passed","Mon Sep 28 07:59:28 UTC 2026","testcases.backoffice.group.AddGroupTest","Surefire test","testcases.backoffice.group.AddGroupTest","addGroupWithCSLogin"
"Delete Favorite Account Dengan Body Berupa JSON Array ([])","1600","deleteFavoriteAccountWithArrayBody","Surefire suite","Mon Sep 28 08:09:47 UTC 2026","passed","Mon Sep 28 08:09:49 UTC 2026","testcases.settings.favoriteaccount.DeleteFavoriteAccountTest","Surefire test","testcases.settings.favoriteaccount.DeleteFavoriteAccountTest","deleteFavoriteAccountWithArrayBody"
"Delete Favorite Account Dengan pin Salah","1642","deleteFavoriteAccountWithWrongPin","Surefire suite","Mon Sep 28 08:11:37 UTC 2026","passed","Mon Sep 28 08:11:39 UTC 2026","testcases.settings.favoriteaccount.DeleteFavoriteAccountTest","Surefire test","testcases.settings.favoriteaccount.DeleteFavoriteAccountTest","deleteFavoriteAccountWithWrongPin"
"Create Manage Settlement BO Dengan Body Kosong ({})","4692","addManageSettlementWithEmptyBody","Surefire suite","Mon Sep 28 08:10:31 UTC 2026","passed","Mon Sep 28 08:10:35 UTC 2026","testcases.backoffice.settlement.AddManageSettlementTest","Surefire test","testcases.backoffice.settlement.AddManageSettlementTest","addManageSettlementWithEmptyBody"
"Request Refund Transfer Merchant","5095","refundTransferMerchant","Surefire suite","Mon Sep 28 08:43:16 UTC 2026","passed","Mon Sep 28 08:43:22 UTC 2026","testcases.transfer.RefundTransferTest","Surefire test","testcases.transfer.RefundTransferTest","refundTransferMerchant"
"Get Detail User Backoffice Dengan Format User Id Tidak Valid (Bukan ObjectId)","5357","getUsersWithMalformedId","Surefire suite","Mon Sep 28 08:40:28 UTC 2026","passed","Mon Sep 28 08:40:33 UTC 2026","testcases.backoffice.users.ListUsersTest","Surefire test","testcases.backoffice.users.ListUsersTest","getUsersWithMalformedId"
"Refund Summary Tanpa Field type","1689","getRefundWithoutType","Surefire suite","Mon Sep 28 08:40:03 UTC 2026","passed","Mon Sep 28 08:40:04 UTC 2026","testcases.backoffice.refund.GetRefundTest","Surefire test","testcases.backoffice.refund.GetRefundTest","getRefundWithoutType"
"Get Dashboard Backoffice Menggunakan Login Supervisor","4795","getDashboardWithSupervisorLogin","Surefire suite","Mon Sep 28 08:29:56 UTC 2026","passed","Mon Sep 28 08:30:00 UTC 2026","testcases.backoffice.GetDashboardTest","Surefire test","testcases.backoffice.GetDashboardTest","getDashboardWithSupervisorLogin"
"Resend Google Authenticator Menggunakan Login CS Admin","4682","resendOtpGoogleWithCSAdminLogin","Surefire suite","Mon Sep 28 08:45:17 UTC 2026","passed","Mon Sep 28 08:45:22 UTC 2026","testcases.backoffice.googleauth.ResendOtpGoogleTest","Surefire test","testcases.backoffice.googleauth.ResendOtpGoogleTest","resendOtpGoogleWithCSAdminLogin"
"List Refund Menggunakan Login CS Admin","4734","listRefundWithCSAdminLogin","Surefire suite","Mon Sep 28 09:42:11 UTC 2026","passed","Mon Sep 28 09:42:16 UTC 2026","testcases.backoffice.ListRefundTest","Surefire test","testcases.backoffice.ListRefundTest","listRefundWithCSAdminLogin"
"Resend Google Authenticator Dengan Body Berupa Literal null","4516","resendOtpGoogleWithNullLiteralBody","Surefire suite","Mon Sep 28 08:47:03 UTC 2026","passed","Mon Sep 28 08:47:08 UTC 2026","testcases.backoffice.googleauth.ResendOtpGoogleTest","Surefire test","testcases.backoffice.googleauth.ResendOtpGoogleTest","resendOtpGoogleWithNullLiteralBody"
"Delete Group Backoffice yang Sama Dipanggil Dua Kali (Sudah Terhapus)","21326","deleteGroupAlreadyDeleted","Surefire suite","Mon Sep 28 07:54:26 UTC 2026","passed","Mon Sep 28 07:54:47 UTC 2026","testcases.backoffice.group.DeleteGroupTest","Surefire test","testcases.backoffice.group.DeleteGroupTest","deleteGroupAlreadyDeleted"
"Test Approved USDT Tanpa URL","59720","approvedUSDTwithoutURL","Surefire suite","Mon Sep 28 09:26:50 UTC 2026","passed","Mon Sep 28 09:27:50 UTC 2026","testcases.backoffice.ApprovalTransferTest","Surefire test","testcases.backoffice.ApprovalTransferTest","approvedUSDTwithoutURL"
"Resend Google Authenticator Tanpa Body Sama Sekali","4404","resendOtpGoogleWithoutBody","Surefire suite","Mon Sep 28 08:48:32 UTC 2026","passed","Mon Sep 28 08:48:37 UTC 2026","testcases.backoffice.googleauth.ResendOtpGoogleTest","Surefire test","testcases.backoffice.googleauth.ResendOtpGoogleTest","resendOtpGoogleWithoutBody"
"Get Notification Sender Dengan pinValidasi Berupa null","4603","getNotificationSenderWithNullPinValidasi","Surefire suite","Mon Sep 28 08:42:53 UTC 2026","passed","Mon Sep 28 08:42:58 UTC 2026","testcases.backoffice.notifsender.NotificationSenderTest","Surefire test","testcases.backoffice.notifsender.NotificationSenderTest","getNotificationSenderWithNullPinValidasi"
"Add Group Backoffice Tanpa Login/Header Auth","1476","addGroupWithoutAuth","Surefire suite","Mon Sep 28 08:02:15 UTC 2026","passed","Mon Sep 28 08:02:16 UTC 2026","testcases.backoffice.group.AddGroupTest","Surefire test","testcases.backoffice.group.AddGroupTest","addGroupWithoutAuth"
"List Refund Dengan Karakter SQL Injection pada Field Param - Menemukan Bug Internal Server Error","4918","listRefundWithSqlInjectionParam","Surefire suite","Mon Sep 28 09:43:42 UTC 2026","passed","Mon Sep 28 09:43:47 UTC 2026","testcases.backoffice.ListRefundTest","Surefire test","testcases.backoffice.ListRefundTest","listRefundWithSqlInjectionParam"
"Add Currency CS Admin Path Menggunakan Login Marketing","4675","addCurrencyWithMarketingLogin","Surefire suite","Mon Sep 28 09:36:38 UTC 2026","passed","Mon Sep 28 09:36:42 UTC 2026","testcases.backoffice.currency.AddCurrencyTest","Surefire test","testcases.backoffice.currency.AddCurrencyTest","addCurrencyWithMarketingLogin"
"Test Reject USDT Supervisor","17875","rejectedUSDTSupervisor","Surefire suite","Mon Sep 28 09:29:25 UTC 2026","passed","Mon Sep 28 09:29:43 UTC 2026","testcases.backoffice.ApprovalTransferTest","Surefire test","testcases.backoffice.ApprovalTransferTest","rejectedUSDTSupervisor"
"Delete Favorite Account Dengan Field Tidak Dikenal pada Body","3676","deleteFavoriteAccountWithUnknownField","Surefire suite","Mon Sep 28 08:11:07 UTC 2026","passed","Mon Sep 28 08:11:10 UTC 2026","testcases.settings.favoriteaccount.DeleteFavoriteAccountTest","Surefire test","testcases.settings.favoriteaccount.DeleteFavoriteAccountTest","deleteFavoriteAccountWithUnknownField"
"Created Favorite Account Dengan Header Authorization Tanpa Skema Bearer","1545","createdFavoriteAccountWithMalformedAuthorizationHeader","Surefire suite","Mon Sep 28 08:37:33 UTC 2026","passed","Mon Sep 28 08:37:35 UTC 2026","testcases.settings.favoriteaccount.CreatedFavoriteAccountTest","Surefire test","testcases.settings.favoriteaccount.CreatedFavoriteAccountTest","createdFavoriteAccountWithMalformedAuthorizationHeader"
"Create Manage Settlement BO Dengan groupName Kosong","4655","addManageSettlementWithEmptyGroupName","Surefire suite","Mon Sep 28 08:10:46 UTC 2026","passed","Mon Sep 28 08:10:51 UTC 2026","testcases.backoffice.settlement.AddManageSettlementTest","Surefire test","testcases.backoffice.settlement.AddManageSettlementTest","addManageSettlementWithEmptyGroupName"
"Request Refund Transfer Supervisor","4932","refundTransferSupervisor","Surefire suite","Mon Sep 28 07:58:30 UTC 2026","passed","Mon Sep 28 07:58:35 UTC 2026","testcases.transfer.RefundTransferTest","Surefire test","testcases.transfer.RefundTransferTest","refundTransferSupervisor"
"Test Get Report Transaction Group","4779","getReportTransactionAdmin","Surefire suite","Mon Sep 28 07:56:31 UTC 2026","passed","Mon Sep 28 07:56:36 UTC 2026","testcases.report.ReportTransactionTest","Surefire test","testcases.report.ReportTransactionTest","getReportTransactionAdmin"
"Approval Refund Special Transfer Merchant","14490","approveRefundManualTransferMerchant","Surefire suite","Mon Sep 28 09:20:15 UTC 2026","passed","Mon Sep 28 09:20:29 UTC 2026","testcases.backoffice.ApprovalRefundTest","Surefire test","testcases.backoffice.ApprovalRefundTest","approveRefundManualTransferMerchant"
"Delete Manage Settlement BO Dengan Token Kadaluarsa","1500","deleteManageSettlementWithExpiredToken","Surefire suite","Mon Sep 28 08:15:21 UTC 2026","passed","Mon Sep 28 08:15:23 UTC 2026","testcases.backoffice.settlement.DeleteManageSettlementTest","Surefire test","testcases.backoffice.settlement.DeleteManageSettlementTest","deleteManageSettlementWithExpiredToken"
"Success Login Merchant","3465","testLoginWithCaptcha","Surefire suite","Mon Sep 28 08:09:06 UTC 2026","passed","Mon Sep 28 08:09:10 UTC 2026","testcases.auth.LoginTest","Surefire test","testcases.auth.LoginTest","testLoginWithCaptcha"
"Mutasi Manual Transfer Supervisor CS","27516","mutasiManualTransferSupervisorCS","Surefire suite","Mon Sep 28 10:07:06 UTC 2026","passed","Mon Sep 28 10:07:34 UTC 2026","testcases.mutasi.MutasiTransferTest","Surefire test","testcases.mutasi.MutasiTransferTest","mutasiManualTransferSupervisorCS"
"Get History Manual Transfer Test Supervisor","8247","historyManualTransferTestSupervisor","Surefire suite","Mon Sep 28 09:53:21 UTC 2026","passed","Mon Sep 28 09:53:29 UTC 2026","testcases.history.HistoryTransferTest","Surefire test","testcases.history.HistoryTransferTest","historyManualTransferTestSupervisor"
"Refund Summary Menggunakan HTTP Method DELETE","1454","getRefundWithDeleteMethod","Surefire suite","Mon Sep 28 08:37:17 UTC 2026","passed","Mon Sep 28 08:37:19 UTC 2026","testcases.backoffice.refund.GetRefundTest","Surefire test","testcases.backoffice.refund.GetRefundTest","getRefundWithDeleteMethod"
"Get Notification Sender Menggunakan Login Admin","4957","getNotificationSenderWithAdminLogin","Surefire suite","Mon Sep 28 08:40:14 UTC 2026","passed","Mon Sep 28 08:40:19 UTC 2026","testcases.backoffice.notifsender.NotificationSenderTest","Surefire test","testcases.backoffice.notifsender.NotificationSenderTest","getNotificationSenderWithAdminLogin"
"Add Group Backoffice Dengan Payload XSS pada name","1493","addGroupWithXssName","Surefire suite","Mon Sep 28 08:02:10 UTC 2026","passed","Mon Sep 28 08:02:12 UTC 2026","testcases.backoffice.group.AddGroupTest","Surefire test","testcases.backoffice.group.AddGroupTest","addGroupWithXssName"
"Mutasi Transfer Supervisor Balance CS","13535","mutasiTransferSupervisorBalanceCS","Surefire suite","Mon Sep 28 10:12:45 UTC 2026","passed","Mon Sep 28 10:12:59 UTC 2026","testcases.mutasi.MutasiTransferTest","Surefire test","testcases.mutasi.MutasiTransferTest","mutasiTransferSupervisorBalanceCS"
"Get Notification Sender Menggunakan HTTP Method DELETE","4689","getNotificationSenderWithDeleteMethod","Surefire suite","Mon Sep 28 08:40:45 UTC 2026","passed","Mon Sep 28 08:40:50 UTC 2026","testcases.backoffice.notifsender.NotificationSenderTest","Surefire test","testcases.backoffice.notifsender.NotificationSenderTest","getNotificationSenderWithDeleteMethod"
"Get List Group Company BO Tanpa Header groupName","9203","getListGroupCompanyWithoutGroupNameHeader","Surefire suite","Mon Sep 28 08:21:09 UTC 2026","passed","Mon Sep 28 08:21:18 UTC 2026","testcases.backoffice.settlement.GetListGroupCompanyTest","Surefire test","testcases.backoffice.settlement.GetListGroupCompanyTest","getListGroupCompanyWithoutGroupNameHeader"
"Add Currency CS Admin Path Dengan Token CS Admin Valid Tapi Tanpa Header powis","1598","addCurrencyWithoutPowisHeader","Surefire suite","Mon Sep 28 09:38:14 UTC 2026","passed","Mon Sep 28 09:38:15 UTC 2026","testcases.backoffice.currency.AddCurrencyTest","Surefire test","testcases.backoffice.currency.AddCurrencyTest","addCurrencyWithoutPowisHeader"
"Refund Summary Dengan Rentang Tanggal Sangat Lebar","1512","getRefundWithHugeRange","Surefire suite","Mon Sep 28 08:37:40 UTC 2026","passed","Mon Sep 28 08:37:41 UTC 2026","testcases.backoffice.refund.GetRefundTest","Surefire test","testcases.backoffice.refund.GetRefundTest","getRefundWithHugeRange"
"Add Currency CS Admin Path Dengan Body Kosong ({})","1583","addCurrencyWithEmptyBody","Surefire suite","Mon Sep 28 09:36:05 UTC 2026","passed","Mon Sep 28 09:36:07 UTC 2026","testcases.backoffice.currency.AddCurrencyTest","Surefire test","testcases.backoffice.currency.AddCurrencyTest","addCurrencyWithEmptyBody"
"Get History Manual Transfer Test Admin Crypto","8338","historyManualTransferTestAdminCrypto","Surefire suite","Mon Sep 28 09:52:40 UTC 2026","passed","Mon Sep 28 09:52:48 UTC 2026","testcases.history.HistoryTransferTest","Surefire test","testcases.history.HistoryTransferTest","historyManualTransferTestAdminCrypto"
"Delete Google Authenticator Dengan Token Tidak Valid","1440","deleteOtpGoogleWithInvalidToken","Surefire suite","Mon Sep 28 08:23:15 UTC 2026","passed","Mon Sep 28 08:23:16 UTC 2026","testcases.backoffice.googleauth.DeleteOtpGoogleTest","Surefire test","testcases.backoffice.googleauth.DeleteOtpGoogleTest","deleteOtpGoogleWithInvalidToken"
"Get History QR Admin","10036","historyQRTestAdmin","Surefire suite","Mon Sep 28 08:54:32 UTC 2026","passed","Mon Sep 28 08:54:42 UTC 2026","testcases.history.HistoryQRTest","Surefire test","testcases.history.HistoryQRTest","historyQRTestAdmin"
"Get User Backoffice Dengan Token Tidak Valid","1610","getUserWithInvalidToken","Surefire suite","Mon Sep 28 08:30:56 UTC 2026","passed","Mon Sep 28 08:30:57 UTC 2026","testcases.backoffice.GetDashboardTest","Surefire test","testcases.backoffice.GetDashboardTest","getUserWithInvalidToken"
"List Company Backoffice Tanpa Login/Header Auth","1554","listCompanyWithoutAuth","Surefire suite","Mon Sep 28 08:51:49 UTC 2026","passed","Mon Sep 28 08:51:51 UTC 2026","testcases.backoffice.ListCompanyTest","Surefire test","testcases.backoffice.ListCompanyTest","listCompanyWithoutAuth"
"Delete Google Authenticator Menggunakan Login Admin","4822","deleteOtpGoogleWithAdminLogin","Surefire suite","Mon Sep 28 08:22:23 UTC 2026","passed","Mon Sep 28 08:22:28 UTC 2026","testcases.backoffice.googleauth.DeleteOtpGoogleTest","Surefire test","testcases.backoffice.googleauth.DeleteOtpGoogleTest","deleteOtpGoogleWithAdminLogin"
"Test Approved Manual Transfer","20415","approvedCashDeposit","Surefire suite","Mon Sep 28 09:20:58 UTC 2026","passed","Mon Sep 28 09:21:19 UTC 2026","testcases.backoffice.ApprovalTransferTest","Surefire test","testcases.backoffice.ApprovalTransferTest","approvedCashDeposit"
"List Currency USDT Menggunakan Login Customer Service","4770","getCurrencyWithCSLogin","Surefire suite","Mon Sep 28 08:26:09 UTC 2026","passed","Mon Sep 28 08:26:14 UTC 2026","testcases.backoffice.currency.GetCurrencyTest","Surefire test","testcases.backoffice.currency.GetCurrencyTest","getCurrencyWithCSLogin"
"Delete Group Backoffice Menggunakan Login Merchant","4793","deleteGroupWithMerchantLogin","Surefire suite","Mon Sep 28 07:56:41 UTC 2026","passed","Mon Sep 28 07:56:45 UTC 2026","testcases.backoffice.group.DeleteGroupTest","Surefire test","testcases.backoffice.group.DeleteGroupTest","deleteGroupWithMerchantLogin"
"List User Backoffice Dengan Token Tidak Valid","1466","listUsersWithInvalidToken","Surefire suite","Mon Sep 28 08:41:57 UTC 2026","passed","Mon Sep 28 08:41:59 UTC 2026","testcases.backoffice.users.ListUsersTest","Surefire test","testcases.backoffice.users.ListUsersTest","listUsersWithInvalidToken"
"Delete Manage Settlement BO Dengan id Berisi Spasi","4746","deleteManageSettlementWithWhitespaceId","Surefire suite","Mon Sep 28 08:16:59 UTC 2026","passed","Mon Sep 28 08:17:03 UTC 2026","testcases.backoffice.settlement.DeleteManageSettlementTest","Surefire test","testcases.backoffice.settlement.DeleteManageSettlementTest","deleteManageSettlementWithWhitespaceId"
"Get List Google Authenticator Dengan Body Kosong ({})","4572","listOtpGoogleWithEmptyBody","Surefire suite","Mon Sep 28 08:43:56 UTC 2026","passed","Mon Sep 28 08:44:01 UTC 2026","testcases.backoffice.googleauth.ListOtpGoogleTest","Surefire test","testcases.backoffice.googleauth.ListOtpGoogleTest","listOtpGoogleWithEmptyBody"
"Get List Group Backoffice Dengan page Melebihi Total Halaman","1517","getListGroupWithPageBeyondTotalPages","Surefire suite","Mon Sep 28 08:07:53 UTC 2026","passed","Mon Sep 28 08:07:55 UTC 2026","testcases.backoffice.group.GetListGroupTest","Surefire test","testcases.backoffice.group.GetListGroupTest","getListGroupWithPageBeyondTotalPages"
"List Manage Settlement Backoffice Menggunakan Login Customer Service","4775","listManageSettlementWithCSLogin","Surefire suite","Mon Sep 28 08:35:35 UTC 2026","passed","Mon Sep 28 08:35:40 UTC 2026","testcases.backoffice.settlement.ManageSettlementTest","Surefire test","testcases.backoffice.settlement.ManageSettlementTest","listManageSettlementWithCSLogin"
"Delete Google Authenticator Dengan id Sangat Panjang (10.000 karakter)","6242","deleteOtpGoogleWithOverlongId","Surefire suite","Mon Sep 28 08:24:01 UTC 2026","passed","Mon Sep 28 08:24:07 UTC 2026","testcases.backoffice.googleauth.DeleteOtpGoogleTest","Surefire test","testcases.backoffice.googleauth.DeleteOtpGoogleTest","deleteOtpGoogleWithOverlongId"
"Delete Favorite Account Dengan Content-Type text/plain","1535","deleteFavoriteAccountWithWrongContentType","Surefire suite","Mon Sep 28 08:11:23 UTC 2026","passed","Mon Sep 28 08:11:25 UTC 2026","testcases.settings.favoriteaccount.DeleteFavoriteAccountTest","Surefire test","testcases.settings.favoriteaccount.DeleteFavoriteAccountTest","deleteFavoriteAccountWithWrongContentType"
"Delete Group Backoffice Menggunakan Login CS Admin","4642","deleteGroupWithCSAdminLogin","Surefire suite","Mon Sep 28 07:55:28 UTC 2026","passed","Mon Sep 28 07:55:32 UTC 2026","testcases.backoffice.group.DeleteGroupTest","Surefire test","testcases.backoffice.group.DeleteGroupTest","deleteGroupWithCSAdminLogin"
"Get List Favorite Account Dengan Body Berupa Literal null","1533","getListFavoriteAccountWithNullLiteralBody","Surefire suite","Mon Sep 28 10:22:02 UTC 2026","passed","Mon Sep 28 10:22:04 UTC 2026","testcases.settings.favoriteaccount.GetListFavoriteAccountTest","Surefire test","testcases.settings.favoriteaccount.GetListFavoriteAccountTest","getListFavoriteAccountWithNullLiteralBody"
"List Waiting Company Backoffice Dengan Body Kosong ({})","4633","listWaitingCompanyWithEmptyBody","Surefire suite","Mon Sep 28 08:47:28 UTC 2026","passed","Mon Sep 28 08:47:33 UTC 2026","testcases.backoffice.ListWaitingCompanyTest","Surefire test","testcases.backoffice.ListWaitingCompanyTest","listWaitingCompanyWithEmptyBody"
"Delete session Merchant on Backoffice","8245","deleteSessionBackoffice","Surefire suite","Mon Sep 28 08:21:38 UTC 2026","passed","Mon Sep 28 08:21:46 UTC 2026","testcases.backoffice.users.EditUserTest","Surefire test","testcases.backoffice.users.EditUserTest","deleteSessionBackoffice"
"Refund Summary Menggunakan HTTP Method PATCH","1424","getRefundWithPatchMethod","Surefire suite","Mon Sep 28 08:38:48 UTC 2026","passed","Mon Sep 28 08:38:49 UTC 2026","testcases.backoffice.refund.GetRefundTest","Surefire test","testcases.backoffice.refund.GetRefundTest","getRefundWithPatchMethod"
"Get Detail User Backoffice Dengan User Id yang Tidak Ada","6604","getUsersWithNonExistentId","Surefire suite","Mon Sep 28 08:40:47 UTC 2026","passed","Mon Sep 28 08:40:53 UTC 2026","testcases.backoffice.users.ListUsersTest","Surefire test","testcases.backoffice.users.ListUsersTest","getUsersWithNonExistentId"
"Add Group Backoffice Tanpa Field name","1495","addGroupWithoutNameField","Surefire suite","Mon Sep 28 08:02:24 UTC 2026","passed","Mon Sep 28 08:02:25 UTC 2026","testcases.backoffice.group.AddGroupTest","Surefire test","testcases.backoffice.group.AddGroupTest","addGroupWithoutNameField"
"Delete Manage Settlement BO Dengan id Valid Secara Format Tapi Tidak Ada","4693","deleteManageSettlementWithNonExistentId","Surefire suite","Mon Sep 28 08:16:05 UTC 2026","passed","Mon Sep 28 08:16:10 UTC 2026","testcases.backoffice.settlement.DeleteManageSettlementTest","Surefire test","testcases.backoffice.settlement.DeleteManageSettlementTest","deleteManageSettlementWithNonExistentId"
"Created Favorite Account Customer Service","11143","createdFavoriteAccountCS","Surefire suite","Mon Sep 28 09:07:30 UTC 2026","failed","Mon Sep 28 09:07:42 UTC 2026","testcases.settings.favoriteaccount.CreatedFavoriteAccountTest","Surefire test","testcases.settings.favoriteaccount.CreatedFavoriteAccountTest","createdFavoriteAccountCS"
"Add Currency CS Admin Path Dengan rate Desimal","1531","addCurrencyWithDecimalRate","Surefire suite","Mon Sep 28 09:35:47 UTC 2026","passed","Mon Sep 28 09:35:49 UTC 2026","testcases.backoffice.currency.AddCurrencyTest","Surefire test","testcases.backoffice.currency.AddCurrencyTest","addCurrencyWithDecimalRate"
"Get History Transfer Test Supervisor","8917","historyTransferTestSupervisor","Surefire suite","Mon Sep 28 09:56:56 UTC 2026","passed","Mon Sep 28 09:57:05 UTC 2026","testcases.history.HistoryTransferTest","Surefire test","testcases.history.HistoryTransferTest","historyTransferTestSupervisor"
"List Refund Dengan Page/Size Negatif - Menemukan Bug Internal Server Error","4805","listRefundWithNegativePageSize","Surefire suite","Mon Sep 28 09:43:34 UTC 2026","passed","Mon Sep 28 09:43:39 UTC 2026","testcases.backoffice.ListRefundTest","Surefire test","testcases.backoffice.ListRefundTest","listRefundWithNegativePageSize"
"Delete Google Authenticator Ke Path yang Tidak Ada (Typo)","5041","deleteOtpGoogleWithWrongPath","Surefire suite","Mon Sep 28 08:25:02 UTC 2026","passed","Mon Sep 28 08:25:07 UTC 2026","testcases.backoffice.googleauth.DeleteOtpGoogleTest","Surefire test","testcases.backoffice.googleauth.DeleteOtpGoogleTest","deleteOtpGoogleWithWrongPath"
"Add Group Ke Path yang Tidak Ada (Typo)","1506","addGroupWithWrongPath","Surefire suite","Mon Sep 28 08:02:01 UTC 2026","passed","Mon Sep 28 08:02:03 UTC 2026","testcases.backoffice.group.AddGroupTest","Surefire test","testcases.backoffice.group.AddGroupTest","addGroupWithWrongPath"
"Add Currency CS Admin Path Dengan rate Berupa Boolean","1664","addCurrencyWithBooleanRate","Surefire suite","Mon Sep 28 09:35:34 UTC 2026","passed","Mon Sep 28 09:35:36 UTC 2026","testcases.backoffice.currency.AddCurrencyTest","Surefire test","testcases.backoffice.currency.AddCurrencyTest","addCurrencyWithBooleanRate"
"List Currency USDT Menggunakan Login Admin Crypto","4706","getCurrencyWithAdminCryptoLogin","Surefire suite","Mon Sep 28 08:25:38 UTC 2026","passed","Mon Sep 28 08:25:43 UTC 2026","testcases.backoffice.currency.GetCurrencyTest","Surefire test","testcases.backoffice.currency.GetCurrencyTest","getCurrencyWithAdminCryptoLogin"
"Get Balance Merchant with Login Supervisor","6165","getBalanceMerchantLoginSupervisor","Surefire suite","Mon Sep 28 07:54:42 UTC 2026","passed","Mon Sep 28 07:54:48 UTC 2026","testcases.balance.GetBalanceQrisTest","Surefire test","testcases.balance.GetBalanceQrisTest","getBalanceMerchantLoginSupervisor"
"Mutasi Transfer Balance","10300","mutasiTransferBalance","Surefire suite","Mon Sep 28 10:11:36 UTC 2026","passed","Mon Sep 28 10:11:46 UTC 2026","testcases.mutasi.MutasiTransferTest","Surefire test","testcases.mutasi.MutasiTransferTest","mutasiTransferBalance"
"Add Currency CS Admin Path Dengan Bearer Token Kosong","1578","addCurrencyWithEmptyBearerToken","Surefire suite","Mon Sep 28 09:36:01 UTC 2026","passed","Mon Sep 28 09:36:02 UTC 2026","testcases.backoffice.currency.AddCurrencyTest","Surefire test","testcases.backoffice.currency.AddCurrencyTest","addCurrencyWithEmptyBearerToken"
"List Refund Menggunakan Login Backoffice","4975","listRefundWithBackofficeLogin","Surefire suite","Mon Sep 28 09:42:03 UTC 2026","passed","Mon Sep 28 09:42:08 UTC 2026","testcases.backoffice.ListRefundTest","Surefire test","testcases.backoffice.ListRefundTest","listRefundWithBackofficeLogin"
"Get Notification Sender Tanpa Login/Header Auth","1409","getNotificationSenderWithoutAuth","Surefire suite","Mon Sep 28 08:44:19 UTC 2026","passed","Mon Sep 28 08:44:21 UTC 2026","testcases.backoffice.notifsender.NotificationSenderTest","Surefire test","testcases.backoffice.notifsender.NotificationSenderTest","getNotificationSenderWithoutAuth"
"Delete Group Backoffice Dengan Format id Tidak Valid (Bukan ObjectId)","1551","deleteGroupWithInvalidIdFormat","Surefire suite","Mon Sep 28 07:56:15 UTC 2026","passed","Mon Sep 28 07:56:17 UTC 2026","testcases.backoffice.group.DeleteGroupTest","Surefire test","testcases.backoffice.group.DeleteGroupTest","deleteGroupWithInvalidIdFormat"
"Delete Google Authenticator Dengan Token Backoffice Valid Tapi Tanpa Header pbyv","4582","deleteOtpGoogleWithoutPbyvHeader","Surefire suite","Mon Sep 28 08:25:23 UTC 2026","passed","Mon Sep 28 08:25:27 UTC 2026","testcases.backoffice.googleauth.DeleteOtpGoogleTest","Surefire test","testcases.backoffice.googleauth.DeleteOtpGoogleTest","deleteOtpGoogleWithoutPbyvHeader"
"Wrong Password Login Merchant","3238","testLoginWrongPassword","Surefire suite","Mon Sep 28 08:09:19 UTC 2026","passed","Mon Sep 28 08:09:22 UTC 2026","testcases.auth.LoginTest","Surefire test","testcases.auth.LoginTest","testLoginWrongPassword"
"List Currency USDT Dengan Token Kadaluarsa","1468","getCurrencyWithExpiredToken","Surefire suite","Mon Sep 28 08:26:26 UTC 2026","passed","Mon Sep 28 08:26:28 UTC 2026","testcases.backoffice.currency.GetCurrencyTest","Surefire test","testcases.backoffice.currency.GetCurrencyTest","getCurrencyWithExpiredToken"
"Get List Group Backoffice Menggunakan Login Customer Service","4651","getListGroupWithCSLogin","Surefire suite","Mon Sep 28 08:06:20 UTC 2026","passed","Mon Sep 28 08:06:25 UTC 2026","testcases.backoffice.group.GetListGroupTest","Surefire test","testcases.backoffice.group.GetListGroupTest","getListGroupWithCSLogin"
"Delete Group Backoffice Dengan Body JSON Tidak Valid (Malformed)","1527","deleteGroupWithMalformedJson","Surefire suite","Mon Sep 28 07:56:29 UTC 2026","passed","Mon Sep 28 07:56:30 UTC 2026","testcases.backoffice.group.DeleteGroupTest","Surefire test","testcases.backoffice.group.DeleteGroupTest","deleteGroupWithMalformedJson"
"Reset Pin Marketing","4887","resetPinMarketing","Surefire suite","Mon Sep 28 07:54:39 UTC 2026","passed","Mon Sep 28 07:54:44 UTC 2026","testcases.settings.ResetPinTest","Surefire test","testcases.settings.ResetPinTest","resetPinMarketing"
"Delete Group Backoffice Dengan Token Tidak Valid","1505","deleteGroupWithInvalidToken","Surefire suite","Mon Sep 28 07:56:20 UTC 2026","passed","Mon Sep 28 07:56:21 UTC 2026","testcases.backoffice.group.DeleteGroupTest","Surefire test","testcases.backoffice.group.DeleteGroupTest","deleteGroupWithInvalidToken"
"Normal Transfer with Account Supervisor","7515","transferSupervisor","Surefire suite","Mon Sep 28 07:55:30 UTC 2026","passed","Mon Sep 28 07:55:37 UTC 2026","testcases.transfer.TransferTest","Surefire test","testcases.transfer.TransferTest","transferSupervisor"
"List Company Backoffice","4691","getListCompany","Surefire suite","Mon Sep 28 08:49:25 UTC 2026","passed","Mon Sep 28 08:49:30 UTC 2026","testcases.backoffice.ListCompanyTest","Surefire test","testcases.backoffice.ListCompanyTest","getListCompany"
"Delete Group Backoffice Menggunakan Login Supervisor","4675","deleteGroupWithSupervisorLogin","Surefire suite","Mon Sep 28 07:57:48 UTC 2026","passed","Mon Sep 28 07:57:53 UTC 2026","testcases.backoffice.group.DeleteGroupTest","Surefire test","testcases.backoffice.group.DeleteGroupTest","deleteGroupWithSupervisorLogin"
"Get History USDT Transfer Merchant on Login CS Admin","11639","historyUSDTTransferMerchantTestCSAdmin","Surefire suite","Mon Sep 28 09:57:08 UTC 2026","passed","Mon Sep 28 09:57:20 UTC 2026","testcases.history.HistoryTransferTest","Surefire test","testcases.history.HistoryTransferTest","historyUSDTTransferMerchantTestCSAdmin"
"Get Group Detail Backoffice Dengan Token Tidak Valid","1672","getGroupDetailWithInvalidToken","Surefire suite","Mon Sep 28 08:03:32 UTC 2026","passed","Mon Sep 28 08:03:33 UTC 2026","testcases.backoffice.group.GetGroupTest","Surefire test","testcases.backoffice.group.GetGroupTest","getGroupDetailWithInvalidToken"
"List Currency USDT Dengan Content-Type text/plain","1553","getCurrencyWithWrongContentType","Surefire suite","Mon Sep 28 08:27:58 UTC 2026","passed","Mon Sep 28 08:27:59 UTC 2026","testcases.backoffice.currency.GetCurrencyTest","Surefire test","testcases.backoffice.currency.GetCurrencyTest","getCurrencyWithWrongContentType"
"List User Backoffice Menggunakan Login Supervisor","4674","listUsersWithSupervisorLogin","Surefire suite","Mon Sep 28 08:42:42 UTC 2026","passed","Mon Sep 28 08:42:46 UTC 2026","testcases.backoffice.users.ListUsersTest","Surefire test","testcases.backoffice.users.ListUsersTest","listUsersWithSupervisorLogin"
"Refund Summary Dengan Body JSON Tidak Valid (Malformed)","1508","getRefundWithMalformedJson","Surefire suite","Mon Sep 28 08:38:08 UTC 2026","passed","Mon Sep 28 08:38:09 UTC 2026","testcases.backoffice.refund.GetRefundTest","Surefire test","testcases.backoffice.refund.GetRefundTest","getRefundWithMalformedJson"
"Get List Group Backoffice Menggunakan Login CS Admin","4699","getListGroupWithCSAdminLogin","Surefire suite","Mon Sep 28 08:06:13 UTC 2026","passed","Mon Sep 28 08:06:17 UTC 2026","testcases.backoffice.group.GetListGroupTest","Surefire test","testcases.backoffice.group.GetListGroupTest","getListGroupWithCSAdminLogin"
"Inquiry Test Flop Transfer Merchant","5719","inquiryTransfer","Surefire suite","Mon Sep 28 07:55:07 UTC 2026","passed","Mon Sep 28 07:55:13 UTC 2026","testcases.transfer.InquiryFlopTransferTest","Surefire test","testcases.transfer.InquiryFlopTransferTest","inquiryTransfer"
"Create Manage Settlement BO Menggunakan Login Merchant","7778","addManageSettlementWithMerchantLogin","Surefire suite","Mon Sep 28 08:11:55 UTC 2026","passed","Mon Sep 28 08:12:03 UTC 2026","testcases.backoffice.settlement.AddManageSettlementTest","Surefire test","testcases.backoffice.settlement.AddManageSettlementTest","addManageSettlementWithMerchantLogin"
"Delete Favorite Account Tanpa Field id","1769","deleteFavoriteAccountWithoutIdField","Surefire suite","Mon Sep 28 08:11:56 UTC 2026","failed","Mon Sep 28 08:11:58 UTC 2026","testcases.settings.favoriteaccount.DeleteFavoriteAccountTest","Surefire test","testcases.settings.favoriteaccount.DeleteFavoriteAccountTest","deleteFavoriteAccountWithoutIdField"
"List Currency USDT Ke Path yang Tidak Ada (Typo)","1754","getCurrencyWithWrongPath","Surefire suite","Mon Sep 28 08:28:02 UTC 2026","passed","Mon Sep 28 08:28:04 UTC 2026","testcases.backoffice.currency.GetCurrencyTest","Surefire test","testcases.backoffice.currency.GetCurrencyTest","getCurrencyWithWrongPath"
"Get List Favorite Account Dengan page Melebihi Total Halaman","1593","getListFavoriteAccountWithPageBeyondTotalPages","Surefire suite","Mon Sep 28 10:22:07 UTC 2026","passed","Mon Sep 28 10:22:08 UTC 2026","testcases.settings.favoriteaccount.GetListFavoriteAccountTest","Surefire test","testcases.settings.favoriteaccount.GetListFavoriteAccountTest","getListFavoriteAccountWithPageBeyondTotalPages"
"List Company Backoffice Dengan Token Tidak Valid","1844","listCompanyWithInvalidToken","Surefire suite","Mon Sep 28 08:50:42 UTC 2026","passed","Mon Sep 28 08:50:44 UTC 2026","testcases.backoffice.ListCompanyTest","Surefire test","testcases.backoffice.ListCompanyTest","listCompanyWithInvalidToken"
"List Manage Settlement Backoffice Menggunakan Login CS Admin","4811","listManageSettlementWithCSAdminLogin","Surefire suite","Mon Sep 28 08:35:27 UTC 2026","passed","Mon Sep 28 08:35:32 UTC 2026","testcases.backoffice.settlement.ManageSettlementTest","Surefire test","testcases.backoffice.settlement.ManageSettlementTest","listManageSettlementWithCSAdminLogin"
"Add Group Backoffice Dengan Payload Persis Sama (Dikirim Dua Kali)","3085","addGroupWithDuplicatePayload","Surefire suite","Mon Sep 28 07:59:48 UTC 2026","passed","Mon Sep 28 07:59:51 UTC 2026","testcases.backoffice.group.AddGroupTest","Surefire test","testcases.backoffice.group.AddGroupTest","addGroupWithDuplicatePayload"
"Add Group Backoffice Menggunakan Login Admin Crypto","4609","addGroupWithAdminCryptoLogin","Surefire suite","Mon Sep 28 07:58:53 UTC 2026","passed","Mon Sep 28 07:58:58 UTC 2026","testcases.backoffice.group.AddGroupTest","Surefire test","testcases.backoffice.group.AddGroupTest","addGroupWithAdminCryptoLogin"
"Get List Group Company BO Menggunakan HTTP Method PUT","8893","getListGroupCompanyWithPutMethod","Surefire suite","Mon Sep 28 08:20:05 UTC 2026","passed","Mon Sep 28 08:20:14 UTC 2026","testcases.backoffice.settlement.GetListGroupCompanyTest","Surefire test","testcases.backoffice.settlement.GetListGroupCompanyTest","getListGroupCompanyWithPutMethod"
"Get Dashboard Backoffice Menggunakan Login CS Admin","13318","getDashboardWithCSAdminLogin","Surefire suite","Mon Sep 28 08:29:11 UTC 2026","passed","Mon Sep 28 08:29:25 UTC 2026","testcases.backoffice.GetDashboardTest","Surefire test","testcases.backoffice.GetDashboardTest","getDashboardWithCSAdminLogin"
"Get Group Detail Backoffice Menggunakan HTTP Method PUT","4794","getGroupDetailWithPutMethod","Surefire suite","Mon Sep 28 08:04:58 UTC 2026","passed","Mon Sep 28 08:05:03 UTC 2026","testcases.backoffice.group.GetGroupTest","Surefire test","testcases.backoffice.group.GetGroupTest","getGroupDetailWithPutMethod"
"Delete Manage Settlement BO Menggunakan Login Admin Crypto","4537","deleteManageSettlementWithAdminCryptoLogin","Surefire suite","Mon Sep 28 08:14:23 UTC 2026","passed","Mon Sep 28 08:14:28 UTC 2026","testcases.backoffice.settlement.DeleteManageSettlementTest","Surefire test","testcases.backoffice.settlement.DeleteManageSettlementTest","deleteManageSettlementWithAdminCryptoLogin"
"Transfer with Wrong Pin","51483","transferWrongPin","Surefire suite","Mon Sep 28 07:59:22 UTC 2026","passed","Mon Sep 28 08:00:14 UTC 2026","testcases.transfer.SpecialTransferTest","Surefire test","testcases.transfer.SpecialTransferTest","transferWrongPin"
"Get History USDT Transfer Test CS","11951","historyUSDTTransferTestAdmin","Surefire suite","Mon Sep 28 09:57:49 UTC 2026","passed","Mon Sep 28 09:58:01 UTC 2026","testcases.history.HistoryTransferTest","Surefire test","testcases.history.HistoryTransferTest","historyUSDTTransferTestAdmin"
"Add Group Backoffice Dengan name Hanya Spasi","1514","addGroupWithWhitespaceName","Surefire suite","Mon Sep 28 08:01:52 UTC 2026","passed","Mon Sep 28 08:01:53 UTC 2026","testcases.backoffice.group.AddGroupTest","Surefire test","testcases.backoffice.group.AddGroupTest","addGroupWithWhitespaceName"
"Success Assignment Cash Deposit","13298","assignCashDepositTest","Surefire suite","Mon Sep 28 08:39:08 UTC 2026","passed","Mon Sep 28 08:39:21 UTC 2026","testcases.backoffice.TransferAssignmentTest","Surefire test","testcases.backoffice.TransferAssignmentTest","assignCashDepositTest"
"Refund Summary Menggunakan HTTP Method GET","1568","getRefundWithGetMethod","Surefire suite","Mon Sep 28 08:37:35 UTC 2026","passed","Mon Sep 28 08:37:37 UTC 2026","testcases.backoffice.refund.GetRefundTest","Surefire test","testcases.backoffice.refund.GetRefundTest","getRefundWithGetMethod"
"Success Login Admin","9170","testLoginAdmin","Surefire suite","Mon Sep 28 07:54:50 UTC 2026","passed","Mon Sep 28 07:54:59 UTC 2026","testcases.auth.LoginTest","Surefire test","testcases.auth.LoginTest","testLoginAdmin"
"Test Approve Special Transfer Supervisor dengan check Fee di Admin Fee","26293","approvedSpecialTransferSupervisorBalance","Surefire suite","Mon Sep 28 09:24:14 UTC 2026","passed","Mon Sep 28 09:24:40 UTC 2026","testcases.backoffice.ApprovalTransferTest","Surefire test","testcases.backoffice.ApprovalTransferTest","approvedSpecialTransferSupervisorBalance"
"Get History Manual Transfer Test Admin","11522","historyManualTransferTestAdmin","Surefire suite","Mon Sep 28 09:52:26 UTC 2026","passed","Mon Sep 28 09:52:37 UTC 2026","testcases.history.HistoryTransferTest","Surefire test","testcases.history.HistoryTransferTest","historyManualTransferTestAdmin"
"Normal Manual Transfer Balance Success","9882","manualTransferBalanceAdminCrypto","Surefire suite","Mon Sep 28 07:55:38 UTC 2026","passed","Mon Sep 28 07:55:48 UTC 2026","testcases.transfer.ManualTransferTest","Surefire test","testcases.transfer.ManualTransferTest","manualTransferBalanceAdminCrypto"
"Add Merchant From Backoffice","5389","addCompanyBackoffice","Surefire suite","Mon Sep 28 08:09:10 UTC 2026","passed","Mon Sep 28 08:09:15 UTC 2026","testcases.backoffice.AddCompanyTest","Surefire test","testcases.backoffice.AddCompanyTest","addCompanyBackoffice"
"Resend Google Authenticator Ke Path yang Tidak Ada (Typo)","5123","resendOtpGoogleWithWrongPath","Surefire suite","Mon Sep 28 08:48:12 UTC 2026","passed","Mon Sep 28 08:48:17 UTC 2026","testcases.backoffice.googleauth.ResendOtpGoogleTest","Surefire test","testcases.backoffice.googleauth.ResendOtpGoogleTest","resendOtpGoogleWithWrongPath"
"Add Currency CS Admin Path Menggunakan Login Admin","4876","addCurrencyWithAdminLogin","Surefire suite","Mon Sep 28 09:35:07 UTC 2026","passed","Mon Sep 28 09:35:11 UTC 2026","testcases.backoffice.currency.AddCurrencyTest","Surefire test","testcases.backoffice.currency.AddCurrencyTest","addCurrencyWithAdminLogin"
"Delete Google Authenticator Dengan id Milik Entitas Lain (Group Id)","4613","deleteOtpGoogleWithForeignEntityId","Surefire suite","Mon Sep 28 08:23:07 UTC 2026","passed","Mon Sep 28 08:23:12 UTC 2026","testcases.backoffice.googleauth.DeleteOtpGoogleTest","Surefire test","testcases.backoffice.googleauth.DeleteOtpGoogleTest","deleteOtpGoogleWithForeignEntityId"
"Add Group Backoffice Dengan feeBankPercent Negatif","1501","addGroupWithNegativeFee","Surefire suite","Mon Sep 28 08:01:04 UTC 2026","passed","Mon Sep 28 08:01:05 UTC 2026","testcases.backoffice.group.AddGroupTest","Surefire test","testcases.backoffice.group.AddGroupTest","addGroupWithNegativeFee"
"List Refund Dengan Body JSON Tidak Valid (Malformed)","4453","listRefundWithMalformedJson","Surefire suite","Mon Sep 28 09:43:11 UTC 2026","passed","Mon Sep 28 09:43:15 UTC 2026","testcases.backoffice.ListRefundTest","Surefire test","testcases.backoffice.ListRefundTest","listRefundWithMalformedJson"
"List Refund Menggunakan Login Admin Biasa","7720","listRefundAdmin","Surefire suite","Mon Sep 28 09:41:28 UTC 2026","passed","Mon Sep 28 09:41:36 UTC 2026","testcases.backoffice.ListRefundTest","Surefire test","testcases.backoffice.ListRefundTest","listRefundAdmin"
"Delete Manage Settlement BO Tanpa Header id","9198","deleteManageSettlementWithoutIdHeader","Surefire suite","Mon Sep 28 08:17:26 UTC 2026","passed","Mon Sep 28 08:17:36 UTC 2026","testcases.backoffice.settlement.DeleteManageSettlementTest","Surefire test","testcases.backoffice.settlement.DeleteManageSettlementTest","deleteManageSettlementWithoutIdHeader"
"Get List Google Authenticator Tanpa Login/Header Auth","1522","listOtpGoogleWithoutAuth","Surefire suite","Mon Sep 28 08:46:37 UTC 2026","passed","Mon Sep 28 08:46:38 UTC 2026","testcases.backoffice.googleauth.ListOtpGoogleTest","Surefire test","testcases.backoffice.googleauth.ListOtpGoogleTest","listOtpGoogleWithoutAuth"
"Add Group Backoffice Menggunakan Login Marketing","4526","addGroupWithMarketingLogin","Surefire suite","Mon Sep 28 08:00:44 UTC 2026","passed","Mon Sep 28 08:00:48 UTC 2026","testcases.backoffice.group.AddGroupTest","Surefire test","testcases.backoffice.group.AddGroupTest","addGroupWithMarketingLogin"
"Get Notification Sender","6746","getNotificationSender","Surefire suite","Mon Sep 28 08:39:57 UTC 2026","passed","Mon Sep 28 08:40:04 UTC 2026","testcases.backoffice.notifsender.NotificationSenderTest","Surefire test","testcases.backoffice.notifsender.NotificationSenderTest","getNotificationSender"
"Get History Flop Transfer Merchant on Login CS Admin","17703","historyFlopTransferMerchantTestCSAdmin","Surefire suite","Mon Sep 28 09:49:59 UTC 2026","passed","Mon Sep 28 09:50:17 UTC 2026","testcases.history.HistoryTransferTest","Surefire test","testcases.history.HistoryTransferTest","historyFlopTransferMerchantTestCSAdmin"
"List Refund Dengan Field Sort Merujuk ke Kolom yang Tidak Ada","4772","listRefundWithInvalidSortField","Surefire suite","Mon Sep 28 09:42:58 UTC 2026","passed","Mon Sep 28 09:43:03 UTC 2026","testcases.backoffice.ListRefundTest","Surefire test","testcases.backoffice.ListRefundTest","listRefundWithInvalidSortField"
"Inquiry Favorite Account Menggunakan HTTP Method DELETE","1585","inquiryFavoriteAccountWithDeleteMethod","Surefire suite","Mon Sep 28 08:35:04 UTC 2026","passed","Mon Sep 28 08:35:05 UTC 2026","testcases.settings.favoriteaccount.InquiryFavoriteAccountTest","Surefire test","testcases.settings.favoriteaccount.InquiryFavoriteAccountTest","inquiryFavoriteAccountWithDeleteMethod"
"Delete Group Backoffice Menggunakan HTTP Method DELETE","1542","deleteGroupWithDeleteMethod","Surefire suite","Mon Sep 28 07:55:43 UTC 2026","passed","Mon Sep 28 07:55:45 UTC 2026","testcases.backoffice.group.DeleteGroupTest","Surefire test","testcases.backoffice.group.DeleteGroupTest","deleteGroupWithDeleteMethod"
"Get List Group Backoffice Dengan Header Authorization Tanpa Skema Bearer","3074","getListGroupWithMalformedAuthorizationHeader","Surefire suite","Mon Sep 28 08:07:06 UTC 2026","passed","Mon Sep 28 08:07:10 UTC 2026","testcases.backoffice.group.GetListGroupTest","Surefire test","testcases.backoffice.group.GetListGroupTest","getListGroupWithMalformedAuthorizationHeader"
"Get History Transfer Merchant on Login CS Admin","12718","historyTransferMerchantTestCSAdmin","Surefire suite","Mon Sep 28 09:55:32 UTC 2026","passed","Mon Sep 28 09:55:45 UTC 2026","testcases.history.HistoryTransferTest","Surefire test","testcases.history.HistoryTransferTest","historyTransferMerchantTestCSAdmin"
"Get List Favorite Account Menggunakan HTTP Method DELETE","1423","getListFavoriteAccountWithDeleteMethod","Surefire suite","Mon Sep 28 10:21:21 UTC 2026","passed","Mon Sep 28 10:21:22 UTC 2026","testcases.settings.favoriteaccount.GetListFavoriteAccountTest","Surefire test","testcases.settings.favoriteaccount.GetListFavoriteAccountTest","getListFavoriteAccountWithDeleteMethod"
"Delete Favorite Account Supervisor","51190","deleteFavoriteAccountSupervisor","Surefire suite","Mon Sep 28 09:16:19 UTC 2026","failed","Mon Sep 28 09:17:10 UTC 2026","testcases.settings.favoriteaccount.DeleteFavoriteAccountTest","Surefire test","testcases.settings.favoriteaccount.DeleteFavoriteAccountTest","deleteFavoriteAccountSupervisor"
"Get List Favorite Account Tanpa Login/Header Auth","1539","getListFavoriteAccountWithoutAuth","Surefire suite","Mon Sep 28 10:22:53 UTC 2026","passed","Mon Sep 28 10:22:54 UTC 2026","testcases.settings.favoriteaccount.GetListFavoriteAccountTest","Surefire test","testcases.settings.favoriteaccount.GetListFavoriteAccountTest","getListFavoriteAccountWithoutAuth"
"Reset Pin Backoffice","4860","resetPinBackoffice","Surefire suite","Mon Sep 28 08:48:56 UTC 2026","passed","Mon Sep 28 08:49:01 UTC 2026","testcases.settings.ResetPinTest","Surefire test","testcases.settings.ResetPinTest","resetPinBackoffice"
"Success Assignment USDT Supervisor","13356","assignUSDTSupervisorTest","Surefire suite","Mon Sep 28 08:39:24 UTC 2026","passed","Mon Sep 28 08:39:38 UTC 2026","testcases.backoffice.TransferAssignmentTest","Surefire test","testcases.backoffice.TransferAssignmentTest","assignUSDTSupervisorTest"
"Created Favorite Account Menggunakan HTTP Method GET","1517","createdFavoriteAccountWithGetMethod","Surefire suite","Mon Sep 28 08:37:24 UTC 2026","failed","Mon Sep 28 08:37:26 UTC 2026","testcases.settings.favoriteaccount.CreatedFavoriteAccountTest","Surefire test","testcases.settings.favoriteaccount.CreatedFavoriteAccountTest","createdFavoriteAccountWithGetMethod"
"Add Group Backoffice Dengan Nama Sama Namun Field Fee Berbeda","3059","addGroupWithDuplicateNameDifferentFees","Surefire suite","Mon Sep 28 07:59:42 UTC 2026","passed","Mon Sep 28 07:59:45 UTC 2026","testcases.backoffice.group.AddGroupTest","Surefire test","testcases.backoffice.group.AddGroupTest","addGroupWithDuplicateNameDifferentFees"
"Mutasi Transfer","8624","mutasiTransfer","Surefire suite","Mon Sep 28 10:11:12 UTC 2026","passed","Mon Sep 28 10:11:21 UTC 2026","testcases.mutasi.MutasiTransferTest","Surefire test","testcases.mutasi.MutasiTransferTest","mutasiTransfer"
"Get History Transfer Test Admin","11801","historyTransferTestAdmin","Surefire suite","Mon Sep 28 09:56:15 UTC 2026","passed","Mon Sep 28 09:56:27 UTC 2026","testcases.history.HistoryTransferTest","Surefire test","testcases.history.HistoryTransferTest","historyTransferTestAdmin"
"Get Notification Sender Dengan Karakter SQL Injection pada Field param","4781","getNotificationSenderWithSqlInjectionParam","Surefire suite","Mon Sep 28 08:43:25 UTC 2026","passed","Mon Sep 28 08:43:29 UTC 2026","testcases.backoffice.notifsender.NotificationSenderTest","Surefire test","testcases.backoffice.notifsender.NotificationSenderTest","getNotificationSenderWithSqlInjectionParam"
"Get List Group Backoffice Menggunakan Login Merchant","4798","getListGroupWithMerchantLogin","Surefire suite","Mon Sep 28 08:07:27 UTC 2026","passed","Mon Sep 28 08:07:32 UTC 2026","testcases.backoffice.group.GetListGroupTest","Surefire test","testcases.backoffice.group.GetListGroupTest","getListGroupWithMerchantLogin"
"Inquiry Test Flop Transfer Admin Crypto","5831","inquiryFlopTransferAdminCrypto","Surefire suite","Mon Sep 28 07:57:20 UTC 2026","passed","Mon Sep 28 07:57:26 UTC 2026","testcases.transfer.InquiryFlopTransferTest","Surefire test","testcases.transfer.InquiryFlopTransferTest","inquiryFlopTransferAdminCrypto"
"Created Favorite Account Dengan Header companyId Salah","1488","createdFavoriteAccountWithWrongCompanyIdHeader","Surefire suite","Mon Sep 28 08:38:01 UTC 2026","failed","Mon Sep 28 08:38:02 UTC 2026","testcases.settings.favoriteaccount.CreatedFavoriteAccountTest","Surefire test","testcases.settings.favoriteaccount.CreatedFavoriteAccountTest","createdFavoriteAccountWithWrongCompanyIdHeader"
"Get List Google Authenticator Dengan Page/Size Negatif","6135","listOtpGoogleWithNegativePageSize","Surefire suite","Mon Sep 28 08:45:20 UTC 2026","passed","Mon Sep 28 08:45:26 UTC 2026","testcases.backoffice.googleauth.ListOtpGoogleTest","Surefire test","testcases.backoffice.googleauth.ListOtpGoogleTest","listOtpGoogleWithNegativePageSize"
"Get History Manual Transfer Test","8467","historyManualTransferTest","Surefire suite","Mon Sep 28 09:52:14 UTC 2026","passed","Mon Sep 28 09:52:23 UTC 2026","testcases.history.HistoryTransferTest","Surefire test","testcases.history.HistoryTransferTest","historyManualTransferTest"
"Add Currency CS Admin Path Dengan Karakter SQL Injection pada rate","1541","addCurrencyWithSqlInjectionRate","Surefire suite","Mon Sep 28 09:37:25 UTC 2026","passed","Mon Sep 28 09:37:26 UTC 2026","testcases.backoffice.currency.AddCurrencyTest","Surefire test","testcases.backoffice.currency.AddCurrencyTest","addCurrencyWithSqlInjectionRate"
"Success Login Customer Service","3160","testLoginCS","Surefire suite","Mon Sep 28 07:54:53 UTC 2026","passed","Mon Sep 28 07:54:56 UTC 2026","testcases.auth.LoginTest","Surefire test","testcases.auth.LoginTest","testLoginCS"
"Delete Google Authenticator Menggunakan HTTP Method POST","5186","deleteOtpGoogleWithPostMethod","Surefire suite","Mon Sep 28 08:24:21 UTC 2026","passed","Mon Sep 28 08:24:26 UTC 2026","testcases.backoffice.googleauth.DeleteOtpGoogleTest","Surefire test","testcases.backoffice.googleauth.DeleteOtpGoogleTest","deleteOtpGoogleWithPostMethod"
"Delete Group Backoffice Dengan Content-Type text/plain","1560","deleteGroupWithWrongContentType","Surefire suite","Mon Sep 28 07:58:05 UTC 2026","passed","Mon Sep 28 07:58:07 UTC 2026","testcases.backoffice.group.DeleteGroupTest","Surefire test","testcases.backoffice.group.DeleteGroupTest","deleteGroupWithWrongContentType"
"Test Get Report Transaction CS","5072","getReportTransactionCS","Surefire suite","Mon Sep 28 07:55:15 UTC 2026","passed","Mon Sep 28 07:55:20 UTC 2026","testcases.report.ReportTransactionTest","Surefire test","testcases.report.ReportTransactionTest","getReportTransactionCS"
"Delete Group Backoffice Dengan id Bertipe Angka (Bukan String)","1488","deleteGroupWithIdAsNumber","Surefire suite","Mon Sep 28 07:56:10 UTC 2026","passed","Mon Sep 28 07:56:12 UTC 2026","testcases.backoffice.group.DeleteGroupTest","Surefire test","testcases.backoffice.group.DeleteGroupTest","deleteGroupWithIdAsNumber"
"Get Notification Sender Dengan Token Kadaluarsa","1562","getNotificationSenderWithExpiredToken","Surefire suite","Mon Sep 28 08:41:08 UTC 2026","passed","Mon Sep 28 08:41:10 UTC 2026","testcases.backoffice.notifsender.NotificationSenderTest","Surefire test","testcases.backoffice.notifsender.NotificationSenderTest","getNotificationSenderWithExpiredToken"
"Get Balance Merchant with Login Admin","5268","getBalanceAdmin","Surefire suite","Mon Sep 28 07:55:11 UTC 2026","passed","Mon Sep 28 07:55:17 UTC 2026","testcases.balance.GetBalanceQrisTest","Surefire test","testcases.balance.GetBalanceQrisTest","getBalanceAdmin"
"Get Balance Merchant","5242","getBalanceMerchant","Surefire suite","Mon Sep 28 08:08:02 UTC 2026","passed","Mon Sep 28 08:08:07 UTC 2026","testcases.balance.GetBalanceQrisTest","Surefire test","testcases.balance.GetBalanceQrisTest","getBalanceMerchant"
"List User Backoffice Dengan Body JSON Tidak Valid (Malformed)","4584","listUsersWithMalformedJson","Surefire suite","Mon Sep 28 08:42:02 UTC 2026","passed","Mon Sep 28 08:42:06 UTC 2026","testcases.backoffice.users.ListUsersTest","Surefire test","testcases.backoffice.users.ListUsersTest","listUsersWithMalformedJson"
"List Manage Settlement Backoffice Tanpa Body Sama Sekali","4659","listManageSettlementWithoutBody","Surefire suite","Mon Sep 28 08:38:36 UTC 2026","passed","Mon Sep 28 08:38:40 UTC 2026","testcases.backoffice.settlement.ManageSettlementTest","Surefire test","testcases.backoffice.settlement.ManageSettlementTest","listManageSettlementWithoutBody"
"Test Get Report Company Merchant","5045","getReportCompanyAdmin","Surefire suite","Mon Sep 28 07:56:07 UTC 2026","passed","Mon Sep 28 07:56:12 UTC 2026","testcases.report.ReportTransactionTest","Surefire test","testcases.report.ReportTransactionTest","getReportCompanyAdmin"
"List Currency USDT Menggunakan Login Marketing","4716","getCurrencyWithMarketingLogin","Surefire suite","Mon Sep 28 08:27:07 UTC 2026","passed","Mon Sep 28 08:27:12 UTC 2026","testcases.backoffice.currency.GetCurrencyTest","Surefire test","testcases.backoffice.currency.GetCurrencyTest","getCurrencyWithMarketingLogin"
"Test Get Report Transaction Supervisor","8420","getReportTransactionSupervisor","Surefire suite","Mon Sep 28 07:54:24 UTC 2026","passed","Mon Sep 28 07:54:32 UTC 2026","testcases.report.ReportTransactionTest","Surefire test","testcases.report.ReportTransactionTest","getReportTransactionSupervisor"
"List Manage Settlement Backoffice Dengan Token Kadaluarsa","1655","listManageSettlementWithExpiredToken","Surefire suite","Mon Sep 28 08:35:58 UTC 2026","passed","Mon Sep 28 08:36:00 UTC 2026","testcases.backoffice.settlement.ManageSettlementTest","Surefire test","testcases.backoffice.settlement.ManageSettlementTest","listManageSettlementWithExpiredToken"
"Mutasi Special Transfer Supervisor","21384","mutasiSpecialTransferSupervisor","Surefire suite","Mon Sep 28 10:10:24 UTC 2026","passed","Mon Sep 28 10:10:45 UTC 2026","testcases.mutasi.MutasiTransferTest","Surefire test","testcases.mutasi.MutasiTransferTest","mutasiSpecialTransferSupervisor"
"Get Notification Sender Dengan pinValidasi Berupa Angka (Bukan String)","5159","getNotificationSenderWithNumericPinValidasi","Surefire suite","Mon Sep 28 08:43:01 UTC 2026","passed","Mon Sep 28 08:43:06 UTC 2026","testcases.backoffice.notifsender.NotificationSenderTest","Surefire test","testcases.backoffice.notifsender.NotificationSenderTest","getNotificationSenderWithNumericPinValidasi"
"Get Balance Admin Transfer","5958","getBalanceAdmin","Surefire suite","Mon Sep 28 07:55:02 UTC 2026","passed","Mon Sep 28 07:55:08 UTC 2026","testcases.balance.GetBalanceTransferTest","Surefire test","testcases.balance.GetBalanceTransferTest","getBalanceAdmin"
"Get Group Detail Backoffice Menggunakan Login CS Admin","4574","getGroupDetailWithCSAdminLogin","Surefire suite","Mon Sep 28 08:02:48 UTC 2026","passed","Mon Sep 28 08:02:52 UTC 2026","testcases.backoffice.group.GetGroupTest","Surefire test","testcases.backoffice.group.GetGroupTest","getGroupDetailWithCSAdminLogin"
"Get History USDT Transfer Test Admin Crypto","8185","historyUSDTTransferTestAdminCrypto","Surefire suite","Mon Sep 28 09:58:04 UTC 2026","passed","Mon Sep 28 09:58:12 UTC 2026","testcases.history.HistoryTransferTest","Surefire test","testcases.history.HistoryTransferTest","historyUSDTTransferTestAdminCrypto"
"Refund Summary Dengan startDate Bukan Format Tanggal","1473","getRefundWithInvalidStartDate","Surefire suite","Mon Sep 28 08:37:49 UTC 2026","passed","Mon Sep 28 08:37:50 UTC 2026","testcases.backoffice.refund.GetRefundTest","Surefire test","testcases.backoffice.refund.GetRefundTest","getRefundWithInvalidStartDate"
"Get List Group Backoffice Tanpa Login/Header Auth","1501","getListGroupWithoutAuth","Surefire suite","Mon Sep 28 08:08:47 UTC 2026","passed","Mon Sep 28 08:08:49 UTC 2026","testcases.backoffice.group.GetListGroupTest","Surefire test","testcases.backoffice.group.GetListGroupTest","getListGroupWithoutAuth"
"Delete Group Backoffice Tanpa Login/Header Auth","1524","deleteGroupWithoutAuth","Surefire suite","Mon Sep 28 07:58:23 UTC 2026","passed","Mon Sep 28 07:58:25 UTC 2026","testcases.backoffice.group.DeleteGroupTest","Surefire test","testcases.backoffice.group.DeleteGroupTest","deleteGroupWithoutAuth"
"Get Group Detail Backoffice Dengan Group Id Milik Entitas Lain (User Id)","4543","getGroupDetailWithForeignEntityId","Surefire suite","Mon Sep 28 08:03:15 UTC 2026","passed","Mon Sep 28 08:03:20 UTC 2026","testcases.backoffice.group.GetGroupTest","Surefire test","testcases.backoffice.group.GetGroupTest","getGroupDetailWithForeignEntityId"
"Delete Favorite Account Ke Path yang Tidak Ada (Typo)","1929","deleteFavoriteAccountWithWrongPath","Surefire suite","Mon Sep 28 08:11:33 UTC 2026","passed","Mon Sep 28 08:11:34 UTC 2026","testcases.settings.favoriteaccount.DeleteFavoriteAccountTest","Surefire test","testcases.settings.favoriteaccount.DeleteFavoriteAccountTest","deleteFavoriteAccountWithWrongPath"
"List User Backoffice Menggunakan Login Admin Crypto","4763","listUsersWithAdminCryptoLogin","Surefire suite","Mon Sep 28 08:41:10 UTC 2026","passed","Mon Sep 28 08:41:15 UTC 2026","testcases.backoffice.users.ListUsersTest","Surefire test","testcases.backoffice.users.ListUsersTest","listUsersWithAdminCryptoLogin"
"Get Group Detail Backoffice Dengan Group Id Sangat Panjang (10.000 karakter)","4588","getGroupDetailWithOverlongId","Surefire suite","Mon Sep 28 08:04:36 UTC 2026","passed","Mon Sep 28 08:04:40 UTC 2026","testcases.backoffice.group.GetGroupTest","Surefire test","testcases.backoffice.group.GetGroupTest","getGroupDetailWithOverlongId"
"List Currency USDT Dengan Body Berupa Literal null","1512","getCurrencyWithNullLiteralBody","Surefire suite","Mon Sep 28 08:27:27 UTC 2026","passed","Mon Sep 28 08:27:29 UTC 2026","testcases.backoffice.currency.GetCurrencyTest","Surefire test","testcases.backoffice.currency.GetCurrencyTest","getCurrencyWithNullLiteralBody"
"Delete Google Authenticator Dengan Format id Tidak Valid (Bukan ObjectId)","4728","deleteOtpGoogleWithMalformedId","Surefire suite","Mon Sep 28 08:23:23 UTC 2026","passed","Mon Sep 28 08:23:28 UTC 2026","testcases.backoffice.googleauth.DeleteOtpGoogleTest","Surefire test","testcases.backoffice.googleauth.DeleteOtpGoogleTest","deleteOtpGoogleWithMalformedId"
"Login Merchant dengan Username Tidak Terdaftar","3048","testLoginNonExistentUsername","Surefire suite","Mon Sep 28 08:08:41 UTC 2026","passed","Mon Sep 28 08:08:44 UTC 2026","testcases.auth.LoginTest","Surefire test","testcases.auth.LoginTest","testLoginNonExistentUsername"
"Test Approved Special Transfer","12053","approvedSpecialTransfer","Surefire suite","Mon Sep 28 09:23:15 UTC 2026","passed","Mon Sep 28 09:23:27 UTC 2026","testcases.backoffice.ApprovalTransferTest","Surefire test","testcases.backoffice.ApprovalTransferTest","approvedSpecialTransfer"
"Delete Favorite Account Dengan Header companyId Salah","1544","deleteFavoriteAccountWithWrongCompanyIdHeader","Surefire suite","Mon Sep 28 08:11:19 UTC 2026","failed","Mon Sep 28 08:11:20 UTC 2026","testcases.settings.favoriteaccount.DeleteFavoriteAccountTest","Surefire test","testcases.settings.favoriteaccount.DeleteFavoriteAccountTest","deleteFavoriteAccountWithWrongCompanyIdHeader"
"Get Detail Waiting Company Backoffice Dengan Id yang Tidak Ada","4597","getDetailWaitingCompanyWithNonExistentId","Surefire suite","Mon Sep 28 08:32:36 UTC 2026","passed","Mon Sep 28 08:32:41 UTC 2026","testcases.backoffice.GetDetailWaitingCompanyTest","Surefire test","testcases.backoffice.GetDetailWaitingCompanyTest","getDetailWaitingCompanyWithNonExistentId"
"","5078","listUSDT","Surefire suite","Mon Sep 28 07:58:09 UTC 2026","passed","Mon Sep 28 07:58:14 UTC 2026","testcases.backoffice.ListTransferTest","Surefire test","testcases.backoffice.ListTransferTest","listUSDT"
"Add Currency CS Admin Path Dengan Token Kadaluarsa","1543","addCurrencyWithExpiredToken","Surefire suite","Mon Sep 28 09:36:10 UTC 2026","passed","Mon Sep 28 09:36:11 UTC 2026","testcases.backoffice.currency.AddCurrencyTest","Surefire test","testcases.backoffice.currency.AddCurrencyTest","addCurrencyWithExpiredToken"
"List Refund Menggunakan Login Admin Crypto","5017","listRefundAdminCrypto","Surefire suite","Mon Sep 28 09:41:39 UTC 2026","passed","Mon Sep 28 09:41:44 UTC 2026","testcases.backoffice.ListRefundTest","Surefire test","testcases.backoffice.ListRefundTest","listRefundAdminCrypto"
"Get List Group Company BO Menggunakan HTTP Method DELETE","4629","getListGroupCompanyWithDeleteMethod","Surefire suite","Mon Sep 28 08:18:24 UTC 2026","passed","Mon Sep 28 08:18:29 UTC 2026","testcases.backoffice.settlement.GetListGroupCompanyTest","Surefire test","testcases.backoffice.settlement.GetListGroupCompanyTest","getListGroupCompanyWithDeleteMethod"
"Get Balance Marketing","6179","getBalanceMarketing","Surefire suite","Mon Sep 28 07:55:16 UTC 2026","passed","Mon Sep 28 07:55:22 UTC 2026","testcases.balance.GetBalanceQrisTest","Surefire test","testcases.balance.GetBalanceQrisTest","getBalanceMarketing"
"Delete Manage Settlement BO Dengan Token Tidak Valid","1489","deleteManageSettlementWithInvalidToken","Surefire suite","Mon Sep 28 08:15:33 UTC 2026","passed","Mon Sep 28 08:15:35 UTC 2026","testcases.backoffice.settlement.DeleteManageSettlementTest","Surefire test","testcases.backoffice.settlement.DeleteManageSettlementTest","deleteManageSettlementWithInvalidToken"
"Get Detail Waiting Company Backoffice Menggunakan Login Merchant","4797","getDetailWaitingCompanyWithMerchantLogin","Surefire suite","Mon Sep 28 08:32:28 UTC 2026","passed","Mon Sep 28 08:32:33 UTC 2026","testcases.backoffice.GetDetailWaitingCompanyTest","Surefire test","testcases.backoffice.GetDetailWaitingCompanyTest","getDetailWaitingCompanyWithMerchantLogin"
"Get Group Detail Backoffice Dengan Group Id Berisi Spasi","4922","getGroupDetailWithWhitespaceId","Surefire suite","Mon Sep 28 08:05:21 UTC 2026","passed","Mon Sep 28 08:05:26 UTC 2026","testcases.backoffice.group.GetGroupTest","Surefire test","testcases.backoffice.group.GetGroupTest","getGroupDetailWithWhitespaceId"
"Resend Google Authenticator Menggunakan Login Merchant","4836","resendOtpGoogleWithMerchantLogin","Surefire suite","Mon Sep 28 08:46:40 UTC 2026","passed","Mon Sep 28 08:46:45 UTC 2026","testcases.backoffice.googleauth.ResendOtpGoogleTest","Surefire test","testcases.backoffice.googleauth.ResendOtpGoogleTest","resendOtpGoogleWithMerchantLogin"
"Refund Summary Dengan startDate null","1648","getRefundWithNullStartDate","Surefire suite","Mon Sep 28 08:38:34 UTC 2026","passed","Mon Sep 28 08:38:35 UTC 2026","testcases.backoffice.refund.GetRefundTest","Surefire test","testcases.backoffice.refund.GetRefundTest","getRefundWithNullStartDate"
"Get List Favorite Account Dengan Token Valid Tapi Tanpa Header credentialId","1625","getListFavoriteAccountWithoutCredentialIdHeader","Surefire suite","Mon Sep 28 10:23:02 UTC 2026","passed","Mon Sep 28 10:23:03 UTC 2026","testcases.settings.favoriteaccount.GetListFavoriteAccountTest","Surefire test","testcases.settings.favoriteaccount.GetListFavoriteAccountTest","getListFavoriteAccountWithoutCredentialIdHeader"
"Created Favorite Account Dengan Token Valid Tapi Tanpa Header credentialId","1526","createdFavoriteAccountWithoutCredentialIdHeader","Surefire suite","Mon Sep 28 08:38:41 UTC 2026","failed","Mon Sep 28 08:38:43 UTC 2026","testcases.settings.favoriteaccount.CreatedFavoriteAccountTest","Surefire test","testcases.settings.favoriteaccount.CreatedFavoriteAccountTest","createdFavoriteAccountWithoutCredentialIdHeader"
"Inquiry Test Transfer Merchant","13749","inquiryTransfer","Surefire suite","Mon Sep 28 08:39:07 UTC 2026","failed","Mon Sep 28 08:39:21 UTC 2026","testcases.transfer.InquiryTransferTest","Surefire test","testcases.transfer.InquiryTransferTest","inquiryTransfer"
"Delete Google Authenticator Menggunakan Login CS Admin","4711","deleteOtpGoogleWithCSAdminLogin","Surefire suite","Mon Sep 28 08:22:31 UTC 2026","passed","Mon Sep 28 08:22:36 UTC 2026","testcases.backoffice.googleauth.DeleteOtpGoogleTest","Surefire test","testcases.backoffice.googleauth.DeleteOtpGoogleTest","deleteOtpGoogleWithCSAdminLogin"
"Get List Google Authenticator Menggunakan Login Customer Service","5169","listOtpGoogleWithCSLogin","Surefire suite","Mon Sep 28 08:43:40 UTC 2026","passed","Mon Sep 28 08:43:45 UTC 2026","testcases.backoffice.googleauth.ListOtpGoogleTest","Surefire test","testcases.backoffice.googleauth.ListOtpGoogleTest","listOtpGoogleWithCSLogin"
"Delete Favorite Account Dengan Format id Tidak Valid (Bukan ObjectId)","1855","deleteFavoriteAccountWithInvalidIdFormat","Surefire suite","Mon Sep 28 08:10:25 UTC 2026","failed","Mon Sep 28 08:10:27 UTC 2026","testcases.settings.favoriteaccount.DeleteFavoriteAccountTest","Surefire test","testcases.settings.favoriteaccount.DeleteFavoriteAccountTest","deleteFavoriteAccountWithInvalidIdFormat"
"Add Currency CS Admin Path Dengan Key rate Terduplikasi","1633","addCurrencyWithDuplicateRateKeys","Surefire suite","Mon Sep 28 09:35:56 UTC 2026","passed","Mon Sep 28 09:35:58 UTC 2026","testcases.backoffice.currency.AddCurrencyTest","Surefire test","testcases.backoffice.currency.AddCurrencyTest","addCurrencyWithDuplicateRateKeys"
"List User Backoffice Menggunakan Login Merchant","6452","listUsersWithMerchantLogin","Surefire suite","Mon Sep 28 08:42:17 UTC 2026","passed","Mon Sep 28 08:42:24 UTC 2026","testcases.backoffice.users.ListUsersTest","Surefire test","testcases.backoffice.users.ListUsersTest","listUsersWithMerchantLogin"
"Create Manage Settlement BO Menggunakan Login Supervisor","4640","addManageSettlementWithSupervisorLogin","Surefire suite","Mon Sep 28 08:12:59 UTC 2026","passed","Mon Sep 28 08:13:04 UTC 2026","testcases.backoffice.settlement.AddManageSettlementTest","Surefire test","testcases.backoffice.settlement.AddManageSettlementTest","addManageSettlementWithSupervisorLogin"
"Create Manage Settlement BO Dengan companyId Duplikat (Sudah Terdaftar)","11252","addManageSettlementWithDuplicateCompanyId","Surefire suite","Mon Sep 28 08:10:17 UTC 2026","passed","Mon Sep 28 08:10:28 UTC 2026","testcases.backoffice.settlement.AddManageSettlementTest","Surefire test","testcases.backoffice.settlement.AddManageSettlementTest","addManageSettlementWithDuplicateCompanyId"
"Get History Special Transfer Test Supervisor","8866","historySpecialTransferTestSupervisor","Surefire suite","Mon Sep 28 09:55:20 UTC 2026","passed","Mon Sep 28 09:55:29 UTC 2026","testcases.history.HistoryTransferTest","Surefire test","testcases.history.HistoryTransferTest","historySpecialTransferTestSupervisor"
"Delete Group Backoffice Dengan id String Kosong","1560","deleteGroupWithEmptyId","Surefire suite","Mon Sep 28 07:55:52 UTC 2026","passed","Mon Sep 28 07:55:54 UTC 2026","testcases.backoffice.group.DeleteGroupTest","Surefire test","testcases.backoffice.group.DeleteGroupTest","deleteGroupWithEmptyId"
"Get History Special Transfer Test CS","11743","historySpecialTransferTestCS","Surefire suite","Mon Sep 28 09:54:50 UTC 2026","passed","Mon Sep 28 09:55:02 UTC 2026","testcases.history.HistoryTransferTest","Surefire test","testcases.history.HistoryTransferTest","historySpecialTransferTestCS"
"Normal Special Transfer Success","10523","transfer","Surefire suite","Mon Sep 28 07:59:09 UTC 2026","passed","Mon Sep 28 07:59:19 UTC 2026","testcases.transfer.SpecialTransferTest","Surefire test","testcases.transfer.SpecialTransferTest","transfer"
"Get Group Backoffice Menggunakan Login Merchant","4786","getGroupWithMerchantLogin","Surefire suite","Mon Sep 28 08:30:28 UTC 2026","passed","Mon Sep 28 08:30:33 UTC 2026","testcases.backoffice.GetDashboardTest","Surefire test","testcases.backoffice.GetDashboardTest","getGroupWithMerchantLogin"
"Get List Favorite Account Dengan Token Kadaluarsa","1545","getListFavoriteAccountWithExpiredToken","Surefire suite","Mon Sep 28 10:21:30 UTC 2026","passed","Mon Sep 28 10:21:31 UTC 2026","testcases.settings.favoriteaccount.GetListFavoriteAccountTest","Surefire test","testcases.settings.favoriteaccount.GetListFavoriteAccountTest","getListFavoriteAccountWithExpiredToken"
"Get Dashboard User Backoffice","8615","getDashboardSuperBO","Surefire suite","Mon Sep 28 08:28:35 UTC 2026","passed","Mon Sep 28 08:28:44 UTC 2026","testcases.backoffice.GetDashboardTest","Surefire test","testcases.backoffice.GetDashboardTest","getDashboardSuperBO"
"Get History QR Success Paid","8968","historyQRTestPaid","Surefire suite","Mon Sep 28 08:44:42 UTC 2026","passed","Mon Sep 28 08:44:51 UTC 2026","testcases.history.HistoryQRTest","Surefire test","testcases.history.HistoryQRTest","historyQRTestPaid"
"Add Group Backoffice Dengan Token Backoffice Valid Tapi Tanpa Header pbyv","1554","addGroupWithoutPbyvHeader","Surefire suite","Mon Sep 28 08:02:28 UTC 2026","passed","Mon Sep 28 08:02:30 UTC 2026","testcases.backoffice.group.AddGroupTest","Surefire test","testcases.backoffice.group.AddGroupTest","addGroupWithoutPbyvHeader"
"Refund Summary Dengan Body Berupa Literal null","1544","getRefundWithNullLiteralBody","Surefire suite","Mon Sep 28 08:38:29 UTC 2026","passed","Mon Sep 28 08:38:31 UTC 2026","testcases.backoffice.refund.GetRefundTest","Surefire test","testcases.backoffice.refund.GetRefundTest","getRefundWithNullLiteralBody"
"Get List Group Backoffice Dengan size 0","1555","getListGroupWithZeroSize","Surefire suite","Mon Sep 28 08:08:43 UTC 2026","passed","Mon Sep 28 08:08:44 UTC 2026","testcases.backoffice.group.GetListGroupTest","Surefire test","testcases.backoffice.group.GetListGroupTest","getListGroupWithZeroSize"
"Get Notification Sender Menggunakan HTTP Method GET","4691","getNotificationSenderWithGetMethod","Surefire suite","Mon Sep 28 08:41:13 UTC 2026","passed","Mon Sep 28 08:41:18 UTC 2026","testcases.backoffice.notifsender.NotificationSenderTest","Surefire test","testcases.backoffice.notifsender.NotificationSenderTest","getNotificationSenderWithGetMethod"
"Delete Group Backoffice Dengan Header pbyv Salah","1441","deleteGroupWithWrongPbyvHeader","Surefire suite","Mon Sep 28 07:58:14 UTC 2026","passed","Mon Sep 28 07:58:16 UTC 2026","testcases.backoffice.group.DeleteGroupTest","Surefire test","testcases.backoffice.group.DeleteGroupTest","deleteGroupWithWrongPbyvHeader"
"Inquiry Favorite Account Tanpa Field beneficiaryAccountNo","1619","inquiryFavoriteAccountWithoutBeneficiaryAccountNoField","Surefire suite","Mon Sep 28 08:36:31 UTC 2026","passed","Mon Sep 28 08:36:33 UTC 2026","testcases.settings.favoriteaccount.InquiryFavoriteAccountTest","Surefire test","testcases.settings.favoriteaccount.InquiryFavoriteAccountTest","inquiryFavoriteAccountWithoutBeneficiaryAccountNoField"
"Normal Manual Transfer Success","11070","transfer","Surefire suite","Mon Sep 28 08:39:24 UTC 2026","failed","Mon Sep 28 08:39:35 UTC 2026","testcases.transfer.ManualTransferTest","Surefire test","testcases.transfer.ManualTransferTest","transfer"
"Add Currency Ke Path yang Tidak Ada (Typo)","1809","addCurrencyWithWrongPath","Surefire suite","Mon Sep 28 09:37:51 UTC 2026","passed","Mon Sep 28 09:37:52 UTC 2026","testcases.backoffice.currency.AddCurrencyTest","Surefire test","testcases.backoffice.currency.AddCurrencyTest","addCurrencyWithWrongPath"
"List Waiting Company Backoffice Dengan Tipe Data Salah pada Field Limit (String, Bukan Integer)","4605","listWaitingCompanyWithInvalidFieldType","Surefire suite","Mon Sep 28 08:47:54 UTC 2026","passed","Mon Sep 28 08:47:58 UTC 2026","testcases.backoffice.ListWaitingCompanyTest","Surefire test","testcases.backoffice.ListWaitingCompanyTest","listWaitingCompanyWithInvalidFieldType"
"Create Manage Settlement BO Tanpa Login/Header Auth","1494","addManageSettlementWithoutAuth","Surefire suite","Mon Sep 28 08:13:30 UTC 2026","passed","Mon Sep 28 08:13:31 UTC 2026","testcases.backoffice.settlement.AddManageSettlementTest","Surefire test","testcases.backoffice.settlement.AddManageSettlementTest","addManageSettlementWithoutAuth"
"List User Backoffice","4645","listUsersBO","Surefire suite","Mon Sep 28 08:41:02 UTC 2026","passed","Mon Sep 28 08:41:07 UTC 2026","testcases.backoffice.users.ListUsersTest","Surefire test","testcases.backoffice.users.ListUsersTest","listUsersBO"
"Get History USDT Transfer Test","8322","historyUSDTTransferTest","Surefire suite","Mon Sep 28 09:57:37 UTC 2026","passed","Mon Sep 28 09:57:46 UTC 2026","testcases.history.HistoryTransferTest","Surefire test","testcases.history.HistoryTransferTest","historyUSDTTransferTest"
"Get History Special Transfer Test Admin Crypto","9111","historySpecialTransferTestAdminCrypto","Surefire suite","Mon Sep 28 09:54:38 UTC 2026","passed","Mon Sep 28 09:54:47 UTC 2026","testcases.history.HistoryTransferTest","Surefire test","testcases.history.HistoryTransferTest","historySpecialTransferTestAdminCrypto"
"List Manage Settlement Backoffice Dengan Page/Size Negatif","4610","listManageSettlementWithNegativePageSize","Surefire suite","Mon Sep 28 08:37:14 UTC 2026","passed","Mon Sep 28 08:37:19 UTC 2026","testcases.backoffice.settlement.ManageSettlementTest","Surefire test","testcases.backoffice.settlement.ManageSettlementTest","listManageSettlementWithNegativePageSize"
"Resend Google Authenticator Dengan email Tidak Terdaftar","4657","resendOtpGoogleWithNonExistentEmail","Surefire suite","Mon Sep 28 08:46:48 UTC 2026","passed","Mon Sep 28 08:46:52 UTC 2026","testcases.backoffice.googleauth.ResendOtpGoogleTest","Surefire test","testcases.backoffice.googleauth.ResendOtpGoogleTest","resendOtpGoogleWithNonExistentEmail"
"List Waiting Company Backoffice Menggunakan Login Supervisor","4779","listWaitingCompanyWithSupervisorLogin","Surefire suite","Mon Sep 28 08:48:58 UTC 2026","passed","Mon Sep 28 08:49:03 UTC 2026","testcases.backoffice.ListWaitingCompanyTest","Surefire test","testcases.backoffice.ListWaitingCompanyTest","listWaitingCompanyWithSupervisorLogin"
"Login Merchant dengan Username Kosong","3326","testLoginEmptyUsername","Surefire suite","Mon Sep 28 08:08:16 UTC 2026","passed","Mon Sep 28 08:08:19 UTC 2026","testcases.auth.LoginTest","Surefire test","testcases.auth.LoginTest","testLoginEmptyUsername"
"Inquiry Favorite Account Supervisor","7904","inquiryFavoriteAccountSupervisor","Surefire suite","Mon Sep 28 09:10:29 UTC 2026","passed","Mon Sep 28 09:10:36 UTC 2026","testcases.settings.favoriteaccount.InquiryFavoriteAccountTest","Surefire test","testcases.settings.favoriteaccount.InquiryFavoriteAccountTest","inquiryFavoriteAccountSupervisor"
"List Waiting Company Backoffice Dengan Body Berupa JSON Array ([])","4609","listWaitingCompanyWithArrayBody","Surefire suite","Mon Sep 28 08:47:12 UTC 2026","passed","Mon Sep 28 08:47:17 UTC 2026","testcases.backoffice.ListWaitingCompanyTest","Surefire test","testcases.backoffice.ListWaitingCompanyTest","listWaitingCompanyWithArrayBody"
"Mutasi Transfer CS","12204","mutasiTransferCS","Surefire suite","Mon Sep 28 10:12:05 UTC 2026","passed","Mon Sep 28 10:12:18 UTC 2026","testcases.mutasi.MutasiTransferTest","Surefire test","testcases.mutasi.MutasiTransferTest","mutasiTransferCS"
"Get Notification Sender Dengan Field Tidak Dikenal pada Body","5353","getNotificationSenderWithUnknownField","Surefire suite","Mon Sep 28 08:43:48 UTC 2026","passed","Mon Sep 28 08:43:53 UTC 2026","testcases.backoffice.notifsender.NotificationSenderTest","Surefire test","testcases.backoffice.notifsender.NotificationSenderTest","getNotificationSenderWithUnknownField"
"List Manage Settlement Backoffice Dengan Content-Type text/plain","4596","listManageSettlementWithWrongContentType","Surefire suite","Mon Sep 28 08:38:08 UTC 2026","passed","Mon Sep 28 08:38:12 UTC 2026","testcases.backoffice.settlement.ManageSettlementTest","Surefire test","testcases.backoffice.settlement.ManageSettlementTest","listManageSettlementWithWrongContentType"
"Refund Summary Ke Path yang Tidak Ada (Typo)","1968","getRefundWithWrongPath","Surefire suite","Mon Sep 28 08:39:26 UTC 2026","passed","Mon Sep 28 08:39:27 UTC 2026","testcases.backoffice.refund.GetRefundTest","Surefire test","testcases.backoffice.refund.GetRefundTest","getRefundWithWrongPath"
"Get Notification Sender Tanpa Field pinValidasi","4735","getNotificationSenderWithoutPinValidasi","Surefire suite","Mon Sep 28 08:44:39 UTC 2026","passed","Mon Sep 28 08:44:43 UTC 2026","testcases.backoffice.notifsender.NotificationSenderTest","Surefire test","testcases.backoffice.notifsender.NotificationSenderTest","getNotificationSenderWithoutPinValidasi"
"List Currency USDT Backoffice","4899","getCurrencyBO","Surefire suite","Mon Sep 28 08:25:30 UTC 2026","passed","Mon Sep 28 08:25:35 UTC 2026","testcases.backoffice.currency.GetCurrencyTest","Surefire test","testcases.backoffice.currency.GetCurrencyTest","getCurrencyBO"
"List Company Backoffice Dengan Header Authorization Tanpa Skema Bearer","1427","listCompanyWithMalformedAuthorizationHeader","Surefire suite","Mon Sep 28 08:50:47 UTC 2026","passed","Mon Sep 28 08:50:49 UTC 2026","testcases.backoffice.ListCompanyTest","Surefire test","testcases.backoffice.ListCompanyTest","listCompanyWithMalformedAuthorizationHeader"
"Get History Special Transfer Test Fee Admin","12410","historySpecialTransferTestFeeAdmin","Surefire suite","Mon Sep 28 09:55:05 UTC 2026","passed","Mon Sep 28 09:55:17 UTC 2026","testcases.history.HistoryTransferTest","Surefire test","testcases.history.HistoryTransferTest","historySpecialTransferTestFeeAdmin"
"Get List Favorite Account CS","4898","getListFavoriteAccountCS","Surefire suite","Mon Sep 28 10:20:57 UTC 2026","failed","Mon Sep 28 10:21:02 UTC 2026","testcases.settings.favoriteaccount.GetListFavoriteAccountTest","Surefire test","testcases.settings.favoriteaccount.GetListFavoriteAccountTest","getListFavoriteAccountCS"
"Get List Group Company BO Ke Path yang Tidak Ada (Typo)","5145","getListGroupCompanyWithWrongPath","Surefire suite","Mon Sep 28 08:20:49 UTC 2026","passed","Mon Sep 28 08:20:54 UTC 2026","testcases.backoffice.settlement.GetListGroupCompanyTest","Surefire test","testcases.backoffice.settlement.GetListGroupCompanyTest","getListGroupCompanyWithWrongPath"
"Normal Flop Supervisor Transfer Success","7913","flopTransferSupervisor","Surefire suite","Mon Sep 28 07:55:19 UTC 2026","passed","Mon Sep 28 07:55:27 UTC 2026","testcases.transfer.TransferFlopTest","Surefire test","testcases.transfer.TransferFlopTest","flopTransferSupervisor"
"Refund Summary Dengan Token Kadaluarsa","1448","getRefundWithExpiredToken","Surefire suite","Mon Sep 28 08:37:31 UTC 2026","passed","Mon Sep 28 08:37:32 UTC 2026","testcases.backoffice.refund.GetRefundTest","Surefire test","testcases.backoffice.refund.GetRefundTest","getRefundWithExpiredToken"
"Create Manage Settlement BO Dengan Token Backoffice Valid Tapi Tanpa Header pbyv","4702","addManageSettlementWithoutPbyvHeader","Surefire suite","Mon Sep 28 08:14:05 UTC 2026","passed","Mon Sep 28 08:14:09 UTC 2026","testcases.backoffice.settlement.AddManageSettlementTest","Surefire test","testcases.backoffice.settlement.AddManageSettlementTest","addManageSettlementWithoutPbyvHeader"
"List Manage Settlement Backoffice Ke Path yang Tidak Ada (Typo)","4871","listManageSettlementWithWrongPath","Surefire suite","Mon Sep 28 08:38:15 UTC 2026","passed","Mon Sep 28 08:38:20 UTC 2026","testcases.backoffice.settlement.ManageSettlementTest","Surefire test","testcases.backoffice.settlement.ManageSettlementTest","listManageSettlementWithWrongPath"
"Login Merchant dengan Captcha yang Dipakai Ulang","4610","testLoginReusedCaptcha","Surefire suite","Mon Sep 28 08:08:47 UTC 2026","passed","Mon Sep 28 08:08:51 UTC 2026","testcases.auth.LoginTest","Surefire test","testcases.auth.LoginTest","testLoginReusedCaptcha"
"List Refund Menggunakan Login Marketing","4692","listRefundWithMarketingLogin","Surefire suite","Mon Sep 28 09:43:18 UTC 2026","passed","Mon Sep 28 09:43:23 UTC 2026","testcases.backoffice.ListRefundTest","Surefire test","testcases.backoffice.ListRefundTest","listRefundWithMarketingLogin"
"Created Favorite Account Tanpa Field beneficiaryBankCode","1478","createdFavoriteAccountWithoutBeneficiaryBankCodeField","Surefire suite","Mon Sep 28 08:38:32 UTC 2026","failed","Mon Sep 28 08:38:34 UTC 2026","testcases.settings.favoriteaccount.CreatedFavoriteAccountTest","Surefire test","testcases.settings.favoriteaccount.CreatedFavoriteAccountTest","createdFavoriteAccountWithoutBeneficiaryBankCodeField"
"Add Group Backoffice Tanpa Field feeBankPercent","1499","addGroupWithMissingFeeField","Surefire suite","Mon Sep 28 08:00:59 UTC 2026","passed","Mon Sep 28 08:01:01 UTC 2026","testcases.backoffice.group.AddGroupTest","Surefire test","testcases.backoffice.group.AddGroupTest","addGroupWithMissingFeeField"
"Get List Favorite Account Dengan Body Kosong ({})","1693","getListFavoriteAccountWithEmptyBody","Surefire suite","Mon Sep 28 10:21:25 UTC 2026","passed","Mon Sep 28 10:21:27 UTC 2026","testcases.settings.favoriteaccount.GetListFavoriteAccountTest","Surefire test","testcases.settings.favoriteaccount.GetListFavoriteAccountTest","getListFavoriteAccountWithEmptyBody"
"Created Favorite Account Dengan pin Salah","1550","createdFavoriteAccountWithWrongPin","Surefire suite","Mon Sep 28 08:38:19 UTC 2026","failed","Mon Sep 28 08:38:20 UTC 2026","testcases.settings.favoriteaccount.CreatedFavoriteAccountTest","Surefire test","testcases.settings.favoriteaccount.CreatedFavoriteAccountTest","createdFavoriteAccountWithWrongPin"
"Refund Summary Menggunakan Login Customer Service","4729","getRefundWithCSLogin","Surefire suite","Mon Sep 28 08:37:05 UTC 2026","passed","Mon Sep 28 08:37:10 UTC 2026","testcases.backoffice.refund.GetRefundTest","Surefire test","testcases.backoffice.refund.GetRefundTest","getRefundWithCSLogin"
"Delete Group Backoffice Dengan Karakter SQL Injection pada id","3613","deleteGroupWithSqlInjectionId","Surefire suite","Mon Sep 28 07:57:42 UTC 2026","passed","Mon Sep 28 07:57:45 UTC 2026","testcases.backoffice.group.DeleteGroupTest","Surefire test","testcases.backoffice.group.DeleteGroupTest","deleteGroupWithSqlInjectionId"
"Get List Google Authenticator Menggunakan Login Admin Crypto","4851","listOtpGoogleWithAdminCryptoLogin","Surefire suite","Mon Sep 28 08:43:10 UTC 2026","passed","Mon Sep 28 08:43:14 UTC 2026","testcases.backoffice.googleauth.ListOtpGoogleTest","Surefire test","testcases.backoffice.googleauth.ListOtpGoogleTest","listOtpGoogleWithAdminCryptoLogin"
"Create Manage Settlement BO Tanpa Field groupName","4711","addManageSettlementWithoutGroupName","Surefire suite","Mon Sep 28 08:13:57 UTC 2026","passed","Mon Sep 28 08:14:02 UTC 2026","testcases.backoffice.settlement.AddManageSettlementTest","Surefire test","testcases.backoffice.settlement.AddManageSettlementTest","addManageSettlementWithoutGroupName"
"Get History QR Supervisor","9876","historyQRTestSupervisor","Surefire suite","Mon Sep 28 08:55:43 UTC 2026","passed","Mon Sep 28 08:55:53 UTC 2026","testcases.history.HistoryQRTest","Surefire test","testcases.history.HistoryQRTest","historyQRTestSupervisor"
"Created Favorite Account Ke Path yang Tidak Ada (Typo)","1626","createdFavoriteAccountWithWrongPath","Surefire suite","Mon Sep 28 08:38:14 UTC 2026","failed","Mon Sep 28 08:38:16 UTC 2026","testcases.settings.favoriteaccount.CreatedFavoriteAccountTest","Surefire test","testcases.settings.favoriteaccount.CreatedFavoriteAccountTest","createdFavoriteAccountWithWrongPath"
"Create Manage Settlement BO Tanpa Body Sama Sekali","4457","addManageSettlementWithoutBody","Surefire suite","Mon Sep 28 08:13:34 UTC 2026","passed","Mon Sep 28 08:13:39 UTC 2026","testcases.backoffice.settlement.AddManageSettlementTest","Surefire test","testcases.backoffice.settlement.AddManageSettlementTest","addManageSettlementWithoutBody"
"Delete Favorite Account Dengan Header Authorization Tanpa Skema Bearer","1591","deleteFavoriteAccountWithMalformedAuthorizationHeader","Surefire suite","Mon Sep 28 08:10:34 UTC 2026","passed","Mon Sep 28 08:10:36 UTC 2026","testcases.settings.favoriteaccount.DeleteFavoriteAccountTest","Surefire test","testcases.settings.favoriteaccount.DeleteFavoriteAccountTest","deleteFavoriteAccountWithMalformedAuthorizationHeader"
"Add Group Backoffice Dengan Body Berupa Literal null","1488","addGroupWithNullLiteralBody","Surefire suite","Mon Sep 28 08:01:08 UTC 2026","passed","Mon Sep 28 08:01:10 UTC 2026","testcases.backoffice.group.AddGroupTest","Surefire test","testcases.backoffice.group.AddGroupTest","addGroupWithNullLiteralBody"
"List Waiting Company Backoffice Dengan Field Sort Merujuk ke Kolom yang Tidak Ada","4882","listWaitingCompanyWithInvalidSortField","Surefire suite","Mon Sep 28 08:48:01 UTC 2026","passed","Mon Sep 28 08:48:06 UTC 2026","testcases.backoffice.ListWaitingCompanyTest","Surefire test","testcases.backoffice.ListWaitingCompanyTest","listWaitingCompanyWithInvalidSortField"
"Delete Manage Settlement BO Menggunakan Login Supervisor","4581","deleteManageSettlementWithSupervisorLogin","Surefire suite","Mon Sep 28 08:16:51 UTC 2026","passed","Mon Sep 28 08:16:56 UTC 2026","testcases.backoffice.settlement.DeleteManageSettlementTest","Surefire test","testcases.backoffice.settlement.DeleteManageSettlementTest","deleteManageSettlementWithSupervisorLogin"
"Get User Backoffice Menggunakan Login Merchant","4800","getUserWithMerchantLogin","Surefire suite","Mon Sep 28 08:31:00 UTC 2026","passed","Mon Sep 28 08:31:05 UTC 2026","testcases.backoffice.GetDashboardTest","Surefire test","testcases.backoffice.GetDashboardTest","getUserWithMerchantLogin"
"Test Get Report RRN Dispute","4803","getReportRRNAdmin","Surefire suite","Mon Sep 28 07:56:23 UTC 2026","passed","Mon Sep 28 07:56:28 UTC 2026","testcases.report.ReportTransactionTest","Surefire test","testcases.report.ReportTransactionTest","getReportRRNAdmin"
"Get Detail Waiting Company Backoffice Dengan Id Milik Entitas Lain (Group Id)","4718","getDetailWaitingCompanyWithForeignEntityId","Surefire suite","Mon Sep 28 08:31:56 UTC 2026","passed","Mon Sep 28 08:32:01 UTC 2026","testcases.backoffice.GetDetailWaitingCompanyTest","Surefire test","testcases.backoffice.GetDetailWaitingCompanyTest","getDetailWaitingCompanyWithForeignEntityId"
"List Currency USDT Menggunakan HTTP Method PATCH","1418","getCurrencyWithPatchMethod","Surefire suite","Mon Sep 28 08:27:32 UTC 2026","passed","Mon Sep 28 08:27:33 UTC 2026","testcases.backoffice.currency.GetCurrencyTest","Surefire test","testcases.backoffice.currency.GetCurrencyTest","getCurrencyWithPatchMethod"
"Get List Favorite Account Supervisor","4953","getListFavoriteAccountSupervisor","Surefire suite","Mon Sep 28 10:21:05 UTC 2026","failed","Mon Sep 28 10:21:10 UTC 2026","testcases.settings.favoriteaccount.GetListFavoriteAccountTest","Surefire test","testcases.settings.favoriteaccount.GetListFavoriteAccountTest","getListFavoriteAccountSupervisor"
"List User Backoffice Dengan Karakter SQL Injection pada Field Param - Menemukan Bug Gateway Timeout","4489","listUsersWithSqlInjectionParam","Surefire suite","Mon Sep 28 08:42:34 UTC 2026","passed","Mon Sep 28 08:42:39 UTC 2026","testcases.backoffice.users.ListUsersTest","Surefire test","testcases.backoffice.users.ListUsersTest","listUsersWithSqlInjectionParam"
"Reset Password Supervisor","4937","resetPasswordSupervisor","Surefire suite","Mon Sep 28 07:59:22 UTC 2026","passed","Mon Sep 28 07:59:27 UTC 2026","testcases.settings.ResetPasswordTest","Surefire test","testcases.settings.ResetPasswordTest","resetPasswordSupervisor"
"Resend Google Authenticator Dengan Body Kosong ({}) - Tanpa email","4577","resendOtpGoogleWithEmptyBody","Surefire suite","Mon Sep 28 08:45:40 UTC 2026","passed","Mon Sep 28 08:45:45 UTC 2026","testcases.backoffice.googleauth.ResendOtpGoogleTest","Surefire test","testcases.backoffice.googleauth.ResendOtpGoogleTest","resendOtpGoogleWithEmptyBody"
"Approval Refund Transfer Merchant","9886","approveRefundTransferMerchant","Surefire suite","Mon Sep 28 09:20:45 UTC 2026","passed","Mon Sep 28 09:20:55 UTC 2026","testcases.backoffice.ApprovalRefundTest","Surefire test","testcases.backoffice.ApprovalRefundTest","approveRefundTransferMerchant"
"Delete Group Backoffice Dengan Header Authorization Tanpa Skema Bearer","1533","deleteGroupWithMalformedAuthorizationHeader","Surefire suite","Mon Sep 28 07:56:24 UTC 2026","passed","Mon Sep 28 07:56:26 UTC 2026","testcases.backoffice.group.DeleteGroupTest","Surefire test","testcases.backoffice.group.DeleteGroupTest","deleteGroupWithMalformedAuthorizationHeader"
"Delete Group Backoffice Menggunakan HTTP Method GET","1613","deleteGroupWithGetMethod","Surefire suite","Mon Sep 28 07:56:06 UTC 2026","passed","Mon Sep 28 07:56:07 UTC 2026","testcases.backoffice.group.DeleteGroupTest","Surefire test","testcases.backoffice.group.DeleteGroupTest","deleteGroupWithGetMethod"
"Get Notification Sender Dengan Body Berupa Literal null","4805","getNotificationSenderWithNullLiteralBody","Surefire suite","Mon Sep 28 08:42:46 UTC 2026","passed","Mon Sep 28 08:42:50 UTC 2026","testcases.backoffice.notifsender.NotificationSenderTest","Surefire test","testcases.backoffice.notifsender.NotificationSenderTest","getNotificationSenderWithNullLiteralBody"
"Add Group Backoffice Menggunakan HTTP Method DELETE","1429","addGroupWithDeleteMethod","Surefire suite","Mon Sep 28 07:59:31 UTC 2026","passed","Mon Sep 28 07:59:33 UTC 2026","testcases.backoffice.group.AddGroupTest","Surefire test","testcases.backoffice.group.AddGroupTest","addGroupWithDeleteMethod"
"Test Approved USDT","18115","approvedUSDTAdminCrypto","Surefire suite","Mon Sep 28 09:25:05 UTC 2026","passed","Mon Sep 28 09:25:23 UTC 2026","testcases.backoffice.ApprovalTransferTest","Surefire test","testcases.backoffice.ApprovalTransferTest","approvedUSDTAdminCrypto"
"List Manage Settlement Backoffice Dengan Header Authorization Tanpa Skema Bearer","1521","listManageSettlementWithMalformedAuthorizationHeader","Surefire suite","Mon Sep 28 08:36:39 UTC 2026","passed","Mon Sep 28 08:36:40 UTC 2026","testcases.backoffice.settlement.ManageSettlementTest","Surefire test","testcases.backoffice.settlement.ManageSettlementTest","listManageSettlementWithMalformedAuthorizationHeader"
"Delete Favorite Account Dengan Header credentialId Salah","1742","deleteFavoriteAccountWithWrongCredentialIdHeader","Surefire suite","Mon Sep 28 08:11:28 UTC 2026","failed","Mon Sep 28 08:11:29 UTC 2026","testcases.settings.favoriteaccount.DeleteFavoriteAccountTest","Surefire test","testcases.settings.favoriteaccount.DeleteFavoriteAccountTest","deleteFavoriteAccountWithWrongCredentialIdHeader"
"Get Notification Sender Menggunakan Login Supervisor","4715","getNotificationSenderWithSupervisorLogin","Surefire suite","Mon Sep 28 08:43:40 UTC 2026","passed","Mon Sep 28 08:43:45 UTC 2026","testcases.backoffice.notifsender.NotificationSenderTest","Surefire test","testcases.backoffice.notifsender.NotificationSenderTest","getNotificationSenderWithSupervisorLogin"
"Add Currency CS Admin Path Tanpa Field rate (Field Lain Saja)","1591","addCurrencyWithMissingRateField","Surefire suite","Mon Sep 28 09:36:53 UTC 2026","passed","Mon Sep 28 09:36:54 UTC 2026","testcases.backoffice.currency.AddCurrencyTest","Surefire test","testcases.backoffice.currency.AddCurrencyTest","addCurrencyWithMissingRateField"
"Created Favorite Account Dengan Body JSON Tidak Valid (Malformed)","1599","createdFavoriteAccountWithMalformedJson","Surefire suite","Mon Sep 28 08:37:38 UTC 2026","passed","Mon Sep 28 08:37:39 UTC 2026","testcases.settings.favoriteaccount.CreatedFavoriteAccountTest","Surefire test","testcases.settings.favoriteaccount.CreatedFavoriteAccountTest","createdFavoriteAccountWithMalformedJson"
"List Waiting Company Backoffice Dengan Header Authorization Tanpa Skema Bearer","1519","listWaitingCompanyWithMalformedAuthorizationHeader","Surefire suite","Mon Sep 28 08:48:14 UTC 2026","passed","Mon Sep 28 08:48:15 UTC 2026","testcases.backoffice.ListWaitingCompanyTest","Surefire test","testcases.backoffice.ListWaitingCompanyTest","listWaitingCompanyWithMalformedAuthorizationHeader"
"List Refund Menggunakan Login Merchant","4805","listRefundWithMerchantLogin","Surefire suite","Mon Sep 28 09:43:26 UTC 2026","passed","Mon Sep 28 09:43:31 UTC 2026","testcases.backoffice.ListRefundTest","Surefire test","testcases.backoffice.ListRefundTest","listRefundWithMerchantLogin"
"Inquiry Test Flop Transfer Merchant Supervisor","5562","inquiryFlopTransferSupervisor","Surefire suite","Mon Sep 28 07:59:05 UTC 2026","passed","Mon Sep 28 07:59:11 UTC 2026","testcases.transfer.InquiryFlopTransferTest","Surefire test","testcases.transfer.InquiryFlopTransferTest","inquiryFlopTransferSupervisor"
"Inquiry Favorite Account Dengan Token Kadaluarsa","1450","inquiryFavoriteAccountWithExpiredToken","Surefire suite","Mon Sep 28 08:35:18 UTC 2026","passed","Mon Sep 28 08:35:19 UTC 2026","testcases.settings.favoriteaccount.InquiryFavoriteAccountTest","Surefire test","testcases.settings.favoriteaccount.InquiryFavoriteAccountTest","inquiryFavoriteAccountWithExpiredToken"
"Get Group Detail Backoffice Menggunakan HTTP Method DELETE","4464","getGroupDetailWithDeleteMethod","Surefire suite","Mon Sep 28 08:02:55 UTC 2026","passed","Mon Sep 28 08:03:00 UTC 2026","testcases.backoffice.group.GetGroupTest","Surefire test","testcases.backoffice.group.GetGroupTest","getGroupDetailWithDeleteMethod"
"Get History QR","6685","historyQRTest","Surefire suite","Mon Sep 28 08:44:32 UTC 2026","passed","Mon Sep 28 08:44:39 UTC 2026","testcases.history.HistoryQRTest","Surefire test","testcases.history.HistoryQRTest","historyQRTest"
"Refund Summary Dengan Karakter SQL Injection pada Field type","2003","getRefundWithSqlInjectionType","Surefire suite","Mon Sep 28 08:39:02 UTC 2026","passed","Mon Sep 28 08:39:04 UTC 2026","testcases.backoffice.refund.GetRefundTest","Surefire test","testcases.backoffice.refund.GetRefundTest","getRefundWithSqlInjectionType"
"Delete Favorite Account Dengan Token Kadaluarsa","1534","deleteFavoriteAccountWithExpiredToken","Surefire suite","Mon Sep 28 08:10:11 UTC 2026","passed","Mon Sep 28 08:10:12 UTC 2026","testcases.settings.favoriteaccount.DeleteFavoriteAccountTest","Surefire test","testcases.settings.favoriteaccount.DeleteFavoriteAccountTest","deleteFavoriteAccountWithExpiredToken"
"Resend Google Authenticator","4516","resendOtpGoogleBO","Surefire suite","Mon Sep 28 08:44:46 UTC 2026","passed","Mon Sep 28 08:44:51 UTC 2026","testcases.backoffice.googleauth.ResendOtpGoogleTest","Surefire test","testcases.backoffice.googleauth.ResendOtpGoogleTest","resendOtpGoogleBO"
"Get List Group Backoffice Tanpa Field page","1580","getListGroupWithoutPageField","Surefire suite","Mon Sep 28 08:08:56 UTC 2026","passed","Mon Sep 28 08:08:58 UTC 2026","testcases.backoffice.group.GetListGroupTest","Surefire test","testcases.backoffice.group.GetListGroupTest","getListGroupWithoutPageField"
"Inquiry Favorite Account Tanpa Login/Header Auth","1438","inquiryFavoriteAccountWithoutAuth","Surefire suite","Mon Sep 28 08:36:27 UTC 2026","passed","Mon Sep 28 08:36:28 UTC 2026","testcases.settings.favoriteaccount.InquiryFavoriteAccountTest","Surefire test","testcases.settings.favoriteaccount.InquiryFavoriteAccountTest","inquiryFavoriteAccountWithoutAuth"
"Refund Summary Menggunakan Login Supervisor","4751","getRefundWithSupervisorLogin","Surefire suite","Mon Sep 28 08:39:07 UTC 2026","passed","Mon Sep 28 08:39:12 UTC 2026","testcases.backoffice.refund.GetRefundTest","Surefire test","testcases.backoffice.refund.GetRefundTest","getRefundWithSupervisorLogin"
"Get List Google Authenticator Menggunakan Login Supervisor","4551","listOtpGoogleWithSupervisorLogin","Surefire suite","Mon Sep 28 08:46:04 UTC 2026","passed","Mon Sep 28 08:46:08 UTC 2026","testcases.backoffice.googleauth.ListOtpGoogleTest","Surefire test","testcases.backoffice.googleauth.ListOtpGoogleTest","listOtpGoogleWithSupervisorLogin"
"Delete Manage Settlement BO Menggunakan HTTP Method PUT","4677","deleteManageSettlementWithPutMethod","Surefire suite","Mon Sep 28 08:16:36 UTC 2026","passed","Mon Sep 28 08:16:40 UTC 2026","testcases.backoffice.settlement.DeleteManageSettlementTest","Surefire test","testcases.backoffice.settlement.DeleteManageSettlementTest","deleteManageSettlementWithPutMethod"
"Add Group Backoffice Dengan Content-Type text/plain","1525","addGroupWithWrongContentType","Surefire suite","Mon Sep 28 08:01:56 UTC 2026","passed","Mon Sep 28 08:01:58 UTC 2026","testcases.backoffice.group.AddGroupTest","Surefire test","testcases.backoffice.group.AddGroupTest","addGroupWithWrongContentType"
"Add Group Backoffice Dengan Body JSON Tidak Valid (Malformed)","1506","addGroupWithMalformedJson","Surefire suite","Mon Sep 28 08:00:39 UTC 2026","passed","Mon Sep 28 08:00:41 UTC 2026","testcases.backoffice.group.AddGroupTest","Surefire test","testcases.backoffice.group.AddGroupTest","addGroupWithMalformedJson"
"Reset Password Admin Crypto","20760","resetPasswordAdminCrypto","Surefire suite","Mon Sep 28 07:57:29 UTC 2026","passed","Mon Sep 28 07:57:50 UTC 2026","testcases.settings.ResetPasswordTest","Surefire test","testcases.settings.ResetPasswordTest","resetPasswordAdminCrypto"
"Delete Favorite Account Dengan Token Tidak Valid","1493","deleteFavoriteAccountWithInvalidToken","Surefire suite","Mon Sep 28 08:10:30 UTC 2026","passed","Mon Sep 28 08:10:31 UTC 2026","testcases.settings.favoriteaccount.DeleteFavoriteAccountTest","Surefire test","testcases.settings.favoriteaccount.DeleteFavoriteAccountTest","deleteFavoriteAccountWithInvalidToken"
"Create Manage Settlement BO Tanpa Field companyList","4492","addManageSettlementWithoutCompanyList","Surefire suite","Mon Sep 28 08:13:49 UTC 2026","passed","Mon Sep 28 08:13:54 UTC 2026","testcases.backoffice.settlement.AddManageSettlementTest","Surefire test","testcases.backoffice.settlement.AddManageSettlementTest","addManageSettlementWithoutCompanyList"
"Get Detail Waiting Company Backoffice Dengan Path Traversal pada Id","5205","getDetailWaitingCompanyWithPathTraversalId","Surefire suite","Mon Sep 28 08:32:51 UTC 2026","passed","Mon Sep 28 08:32:57 UTC 2026","testcases.backoffice.GetDetailWaitingCompanyTest","Surefire test","testcases.backoffice.GetDetailWaitingCompanyTest","getDetailWaitingCompanyWithPathTraversalId"
"Created Favorite Account Tanpa Login/Header Auth","1502","createdFavoriteAccountWithoutAuth","Surefire suite","Mon Sep 28 08:38:23 UTC 2026","passed","Mon Sep 28 08:38:25 UTC 2026","testcases.settings.favoriteaccount.CreatedFavoriteAccountTest","Surefire test","testcases.settings.favoriteaccount.CreatedFavoriteAccountTest","createdFavoriteAccountWithoutAuth"
"Test Approve Manual Transfer dengan check Fee di Admin Crypto dan Admin Fee","43137","approvedCashDepositBalance","Surefire suite","Mon Sep 28 09:21:22 UTC 2026","passed","Mon Sep 28 09:22:05 UTC 2026","testcases.backoffice.ApprovalTransferTest","Surefire test","testcases.backoffice.ApprovalTransferTest","approvedCashDepositBalance"
"Get History Special Transfer Test","8613","historySpecialTransferTest","Surefire suite","Mon Sep 28 09:54:11 UTC 2026","passed","Mon Sep 28 09:54:20 UTC 2026","testcases.history.HistoryTransferTest","Surefire test","testcases.history.HistoryTransferTest","historySpecialTransferTest"
"List User Backoffice Dengan Tipe Data Salah pada Field Limit (String, Bukan Integer)","4600","listUsersWithInvalidFieldType","Surefire suite","Mon Sep 28 08:41:42 UTC 2026","passed","Mon Sep 28 08:41:46 UTC 2026","testcases.backoffice.users.ListUsersTest","Surefire test","testcases.backoffice.users.ListUsersTest","listUsersWithInvalidFieldType"
"Create Manage Settlement BO Menggunakan Login Customer Service","4961","addManageSettlementWithCSLogin","Surefire suite","Mon Sep 28 08:10:01 UTC 2026","passed","Mon Sep 28 08:10:06 UTC 2026","testcases.backoffice.settlement.AddManageSettlementTest","Surefire test","testcases.backoffice.settlement.AddManageSettlementTest","addManageSettlementWithCSLogin"
"Reset Password Group","4909","resetPasswordGroup","Surefire suite","Mon Sep 28 07:54:47 UTC 2026","passed","Mon Sep 28 07:54:51 UTC 2026","testcases.settings.ResetPasswordTest","Surefire test","testcases.settings.ResetPasswordTest","resetPasswordGroup"
"Get History Flop Transfer Test Admin","12291","historyFlopTransferTestAdmin","Surefire suite","Mon Sep 28 09:50:48 UTC 2026","passed","Mon Sep 28 09:51:00 UTC 2026","testcases.history.HistoryTransferTest","Surefire test","testcases.history.HistoryTransferTest","historyFlopTransferTestAdmin"
"List Manage Settlement Backoffice Menggunakan HTTP Method DELETE","4784","listManageSettlementWithDeleteMethod","Surefire suite","Mon Sep 28 08:35:43 UTC 2026","passed","Mon Sep 28 08:35:48 UTC 2026","testcases.backoffice.settlement.ManageSettlementTest","Surefire test","testcases.backoffice.settlement.ManageSettlementTest","listManageSettlementWithDeleteMethod"
"Inquiry Favorite Account Dengan beneficiaryAccountNo Tidak Pernah Ada","1729","inquiryFavoriteAccountWithNonExistentBeneficiaryAccountNo","Surefire suite","Mon Sep 28 08:35:40 UTC 2026","passed","Mon Sep 28 08:35:42 UTC 2026","testcases.settings.favoriteaccount.InquiryFavoriteAccountTest","Surefire test","testcases.settings.favoriteaccount.InquiryFavoriteAccountTest","inquiryFavoriteAccountWithNonExistentBeneficiaryAccountNo"
"List Manage Settlement Backoffice Dengan Body Kosong ({})","4868","listManageSettlementWithEmptyBody","Surefire suite","Mon Sep 28 08:35:51 UTC 2026","passed","Mon Sep 28 08:35:55 UTC 2026","testcases.backoffice.settlement.ManageSettlementTest","Surefire test","testcases.backoffice.settlement.ManageSettlementTest","listManageSettlementWithEmptyBody"
"Success Login Marketing","3405","testLoginMarketing","Surefire suite","Mon Sep 28 07:55:10 UTC 2026","passed","Mon Sep 28 07:55:13 UTC 2026","testcases.auth.LoginTest","Surefire test","testcases.auth.LoginTest","testLoginMarketing"
"Delete Favorite Account Merchant","7146","deleteFavoriteAccount","Surefire suite","Mon Sep 28 08:09:25 UTC 2026","passed","Mon Sep 28 08:09:32 UTC 2026","testcases.settings.favoriteaccount.DeleteFavoriteAccountTest","Surefire test","testcases.settings.favoriteaccount.DeleteFavoriteAccountTest","deleteFavoriteAccount"
"Normal Balance Special Transfer Success","10152","specialTransferBalanceAdminCrypto","Surefire suite","Mon Sep 28 07:55:15 UTC 2026","passed","Mon Sep 28 07:55:25 UTC 2026","testcases.transfer.SpecialTransferTest","Surefire test","testcases.transfer.SpecialTransferTest","specialTransferBalanceAdminCrypto"
"Refund Summary Dengan type Bertipe Angka (Bukan String)","1566","getRefundWithNumericType","Surefire suite","Mon Sep 28 08:38:43 UTC 2026","passed","Mon Sep 28 08:38:45 UTC 2026","testcases.backoffice.refund.GetRefundTest","Surefire test","testcases.backoffice.refund.GetRefundTest","getRefundWithNumericType"
"Get List Google Authenticator Dengan Field Tidak Dikenal pada Body","4762","listOtpGoogleWithUnknownField","Surefire suite","Mon Sep 28 08:46:13 UTC 2026","passed","Mon Sep 28 08:46:18 UTC 2026","testcases.backoffice.googleauth.ListOtpGoogleTest","Surefire test","testcases.backoffice.googleauth.ListOtpGoogleTest","listOtpGoogleWithUnknownField"
"Refund Summary Dengan Token Tidak Valid","1502","getRefundWithInvalidToken","Surefire suite","Mon Sep 28 08:37:53 UTC 2026","passed","Mon Sep 28 08:37:55 UTC 2026","testcases.backoffice.refund.GetRefundTest","Surefire test","testcases.backoffice.refund.GetRefundTest","getRefundWithInvalidToken"
"List Currency USDT Dengan Body JSON Tidak Valid (Malformed)","1510","getCurrencyWithMalformedJson","Surefire suite","Mon Sep 28 08:26:58 UTC 2026","passed","Mon Sep 28 08:27:00 UTC 2026","testcases.backoffice.currency.GetCurrencyTest","Surefire test","testcases.backoffice.currency.GetCurrencyTest","getCurrencyWithMalformedJson"
"Get Detail User Backoffice Dengan Token Tidak Valid","1533","getUsersWithInvalidToken","Surefire suite","Mon Sep 28 08:40:23 UTC 2026","passed","Mon Sep 28 08:40:25 UTC 2026","testcases.backoffice.users.ListUsersTest","Surefire test","testcases.backoffice.users.ListUsersTest","getUsersWithInvalidToken"
"Mutasi Transfer","8611","mutasiTransferAdminCrypto","Surefire suite","Mon Sep 28 10:11:24 UTC 2026","passed","Mon Sep 28 10:11:33 UTC 2026","testcases.mutasi.MutasiTransferTest","Surefire test","testcases.mutasi.MutasiTransferTest","mutasiTransferAdminCrypto"
"Get List Group Backoffice Menggunakan HTTP Method DELETE","1671","getListGroupWithDeleteMethod","Surefire suite","Mon Sep 28 08:06:28 UTC 2026","passed","Mon Sep 28 08:06:30 UTC 2026","testcases.backoffice.group.GetListGroupTest","Surefire test","testcases.backoffice.group.GetListGroupTest","getListGroupWithDeleteMethod"
"Refund Summary Dengan startDate Hanya Tanggal (Tanpa Waktu/Zona)","1456","getRefundWithDateOnlyFormat","Surefire suite","Mon Sep 28 08:37:13 UTC 2026","passed","Mon Sep 28 08:37:14 UTC 2026","testcases.backoffice.refund.GetRefundTest","Surefire test","testcases.backoffice.refund.GetRefundTest","getRefundWithDateOnlyFormat"
"Delete Favorite Account yang Sama Dipanggil Dua Kali (Sudah Terhapus)","8585","deleteFavoriteAccountAlreadyDeleted","Surefire suite","Mon Sep 28 08:09:36 UTC 2026","passed","Mon Sep 28 08:09:44 UTC 2026","testcases.settings.favoriteaccount.DeleteFavoriteAccountTest","Surefire test","testcases.settings.favoriteaccount.DeleteFavoriteAccountTest","deleteFavoriteAccountAlreadyDeleted"
"Delete Google Authenticator Dengan id Berisi Payload XSS","4682","deleteOtpGoogleWithXssId","Surefire suite","Mon Sep 28 08:25:10 UTC 2026","passed","Mon Sep 28 08:25:15 UTC 2026","testcases.backoffice.googleauth.DeleteOtpGoogleTest","Surefire test","testcases.backoffice.googleauth.DeleteOtpGoogleTest","deleteOtpGoogleWithXssId"
"Add Group Backoffice Dengan Header pbyv Salah","1506","addGroupWithWrongPbyvHeader","Surefire suite","Mon Sep 28 08:02:06 UTC 2026","passed","Mon Sep 28 08:02:07 UTC 2026","testcases.backoffice.group.AddGroupTest","Surefire test","testcases.backoffice.group.AddGroupTest","addGroupWithWrongPbyvHeader"
"List Currency USDT Dengan Field Tidak Dikenal pada Body","1525","getCurrencyWithUnknownField","Surefire suite","Mon Sep 28 08:27:53 UTC 2026","passed","Mon Sep 28 08:27:55 UTC 2026","testcases.backoffice.currency.GetCurrencyTest","Surefire test","testcases.backoffice.currency.GetCurrencyTest","getCurrencyWithUnknownField"
"Get Notification Sender Dengan Token Tidak Valid","1531","getNotificationSenderWithInvalidToken","Surefire suite","Mon Sep 28 08:41:58 UTC 2026","passed","Mon Sep 28 08:41:59 UTC 2026","testcases.backoffice.notifsender.NotificationSenderTest","Surefire test","testcases.backoffice.notifsender.NotificationSenderTest","getNotificationSenderWithInvalidToken"
"Reset Password Backoffice","5083","resetPasswordBackoffice","Surefire suite","Mon Sep 28 08:48:48 UTC 2026","passed","Mon Sep 28 08:48:53 UTC 2026","testcases.settings.ResetPasswordTest","Surefire test","testcases.settings.ResetPasswordTest","resetPasswordBackoffice"
"Created Favorite Account Tanpa Field beneficiaryAccountNo","1462","createdFavoriteAccountWithoutBeneficiaryAccountNoField","Surefire suite","Mon Sep 28 08:38:28 UTC 2026","failed","Mon Sep 28 08:38:29 UTC 2026","testcases.settings.favoriteaccount.CreatedFavoriteAccountTest","Surefire test","testcases.settings.favoriteaccount.CreatedFavoriteAccountTest","createdFavoriteAccountWithoutBeneficiaryAccountNoField"
"Add Currency CS Admin Path Dengan rate Nol","1567","addCurrencyWithZeroRate","Surefire suite","Mon Sep 28 09:38:00 UTC 2026","passed","Mon Sep 28 09:38:01 UTC 2026","testcases.backoffice.currency.AddCurrencyTest","Surefire test","testcases.backoffice.currency.AddCurrencyTest","addCurrencyWithZeroRate"
"Created Favorite Account Dengan Body Berupa Literal null","1518","createdFavoriteAccountWithNullLiteralBody","Surefire suite","Mon Sep 28 08:37:42 UTC 2026","passed","Mon Sep 28 08:37:44 UTC 2026","testcases.settings.favoriteaccount.CreatedFavoriteAccountTest","Surefire test","testcases.settings.favoriteaccount.CreatedFavoriteAccountTest","createdFavoriteAccountWithNullLiteralBody"
"Add Currency CS Admin Path Dengan Header Authorization Tanpa Skema Bearer","1469","addCurrencyWithMalformedAuthorizationHeader","Surefire suite","Mon Sep 28 09:36:28 UTC 2026","passed","Mon Sep 28 09:36:30 UTC 2026","testcases.backoffice.currency.AddCurrencyTest","Surefire test","testcases.backoffice.currency.AddCurrencyTest","addCurrencyWithMalformedAuthorizationHeader"
"Get Detail Waiting Company Backoffice Dengan Id Sangat Panjang (10.000 karakter)","4801","getDetailWaitingCompanyWithOverlongId","Surefire suite","Mon Sep 28 08:32:44 UTC 2026","passed","Mon Sep 28 08:32:48 UTC 2026","testcases.backoffice.GetDetailWaitingCompanyTest","Surefire test","testcases.backoffice.GetDetailWaitingCompanyTest","getDetailWaitingCompanyWithOverlongId"
"Delete Group Backoffice Dengan Token Kadaluarsa","1552","deleteGroupWithExpiredToken","Surefire suite","Mon Sep 28 07:56:01 UTC 2026","passed","Mon Sep 28 07:56:03 UTC 2026","testcases.backoffice.group.DeleteGroupTest","Surefire test","testcases.backoffice.group.DeleteGroupTest","deleteGroupWithExpiredToken"
"Get History QR Open Merchant on login CS Admin","14851","historyQROpenMerchantCSAdmin","Surefire suite","Mon Sep 28 08:53:59 UTC 2026","passed","Mon Sep 28 08:54:14 UTC 2026","testcases.history.HistoryQRTest","Surefire test","testcases.history.HistoryQRTest","historyQROpenMerchantCSAdmin"
"Add Currency CS Admin Path Menggunakan HTTP Method PATCH","1553","addCurrencyWithPatchMethod","Surefire suite","Mon Sep 28 09:37:15 UTC 2026","passed","Mon Sep 28 09:37:17 UTC 2026","testcases.backoffice.currency.AddCurrencyTest","Surefire test","testcases.backoffice.currency.AddCurrencyTest","addCurrencyWithPatchMethod"
"Get List Google Authenticator Menggunakan Login Marketing","4632","listOtpGoogleWithMarketingLogin","Surefire suite","Mon Sep 28 08:45:05 UTC 2026","passed","Mon Sep 28 08:45:09 UTC 2026","testcases.backoffice.googleauth.ListOtpGoogleTest","Surefire test","testcases.backoffice.googleauth.ListOtpGoogleTest","listOtpGoogleWithMarketingLogin"
"List Waiting Company Backoffice Menggunakan Login Merchant","4476","listWaitingCompanyWithMerchantLogin","Surefire suite","Mon Sep 28 08:48:33 UTC 2026","passed","Mon Sep 28 08:48:38 UTC 2026","testcases.backoffice.ListWaitingCompanyTest","Surefire test","testcases.backoffice.ListWaitingCompanyTest","listWaitingCompanyWithMerchantLogin"
"List Manage Settlement Backoffice Tanpa Login/Header Auth","1573","listManageSettlementWithoutAuth","Surefire suite","Mon Sep 28 08:38:31 UTC 2026","passed","Mon Sep 28 08:38:33 UTC 2026","testcases.backoffice.settlement.ManageSettlementTest","Surefire test","testcases.backoffice.settlement.ManageSettlementTest","listManageSettlementWithoutAuth"
"Delete Group Backoffice Dengan Body Berupa JSON Array ([])","1503","deleteGroupWithArrayBody","Surefire suite","Mon Sep 28 07:55:23 UTC 2026","passed","Mon Sep 28 07:55:25 UTC 2026","testcases.backoffice.group.DeleteGroupTest","Surefire test","testcases.backoffice.group.DeleteGroupTest","deleteGroupWithArrayBody"
"Request Refund Transfer Admin Crypto","10588","refundTransferAdminCrypto","Surefire suite","Mon Sep 28 07:56:54 UTC 2026","passed","Mon Sep 28 07:57:04 UTC 2026","testcases.transfer.RefundTransferTest","Surefire test","testcases.transfer.RefundTransferTest","refundTransferAdminCrypto"
"Delete Group Backoffice Menggunakan HTTP Method PUT","1911","deleteGroupWithPutMethod","Surefire suite","Mon Sep 28 07:57:37 UTC 2026","passed","Mon Sep 28 07:57:39 UTC 2026","testcases.backoffice.group.DeleteGroupTest","Surefire test","testcases.backoffice.group.DeleteGroupTest","deleteGroupWithPutMethod"
"Login Merchant tanpa Parameter Username","3071","testLoginMissingUsernameParam","Surefire suite","Mon Sep 28 08:08:34 UTC 2026","passed","Mon Sep 28 08:08:38 UTC 2026","testcases.auth.LoginTest","Surefire test","testcases.auth.LoginTest","testLoginMissingUsernameParam"
"Test Rejected Manual Transfer Supervisor","18080","rejectedCashDepositSupervisor","Surefire suite","Mon Sep 28 09:28:14 UTC 2026","passed","Mon Sep 28 09:28:32 UTC 2026","testcases.backoffice.ApprovalTransferTest","Surefire test","testcases.backoffice.ApprovalTransferTest","rejectedCashDepositSupervisor"
"Mutasi Special Transfer CS","21837","mutasiSpecialTransferCS","Surefire suite","Mon Sep 28 10:09:59 UTC 2026","passed","Mon Sep 28 10:10:21 UTC 2026","testcases.mutasi.MutasiTransferTest","Surefire test","testcases.mutasi.MutasiTransferTest","mutasiSpecialTransferCS"
"Delete Manage Settlement BO","7841","deleteManageSettlementBO","Surefire suite","Mon Sep 28 08:14:12 UTC 2026","passed","Mon Sep 28 08:14:20 UTC 2026","testcases.backoffice.settlement.DeleteManageSettlementTest","Surefire test","testcases.backoffice.settlement.DeleteManageSettlementTest","deleteManageSettlementBO"
"List Manage Settlement Backoffice Dengan Payload XSS pada Field Param","4668","listManageSettlementWithXssParam","Surefire suite","Mon Sep 28 08:38:23 UTC 2026","passed","Mon Sep 28 08:38:28 UTC 2026","testcases.backoffice.settlement.ManageSettlementTest","Surefire test","testcases.backoffice.settlement.ManageSettlementTest","listManageSettlementWithXssParam"
"Reset Pin Group","8639","resetPinGroup","Surefire suite","Mon Sep 28 07:54:27 UTC 2026","passed","Mon Sep 28 07:54:35 UTC 2026","testcases.settings.ResetPinTest","Surefire test","testcases.settings.ResetPinTest","resetPinGroup"
"Add Group Backoffice Dengan Token Tidak Valid","1477","addGroupWithInvalidToken","Surefire suite","Mon Sep 28 08:00:26 UTC 2026","passed","Mon Sep 28 08:00:27 UTC 2026","testcases.backoffice.group.AddGroupTest","Surefire test","testcases.backoffice.group.AddGroupTest","addGroupWithInvalidToken"
"Refund Summary Dengan Payload XSS pada Field type","1501","getRefundWithXssType","Surefire suite","Mon Sep 28 08:39:35 UTC 2026","passed","Mon Sep 28 08:39:36 UTC 2026","testcases.backoffice.refund.GetRefundTest","Surefire test","testcases.backoffice.refund.GetRefundTest","getRefundWithXssType"
"Inquiry Favorite Account Dengan Content-Type text/plain","1620","inquiryFavoriteAccountWithWrongContentType","Surefire suite","Mon Sep 28 08:36:13 UTC 2026","passed","Mon Sep 28 08:36:15 UTC 2026","testcases.settings.favoriteaccount.InquiryFavoriteAccountTest","Surefire test","testcases.settings.favoriteaccount.InquiryFavoriteAccountTest","inquiryFavoriteAccountWithWrongContentType"
"Inquiry Favorite Account Dengan Body Kosong ({})","1625","inquiryFavoriteAccountWithEmptyBody","Surefire suite","Mon Sep 28 08:35:13 UTC 2026","passed","Mon Sep 28 08:35:15 UTC 2026","testcases.settings.favoriteaccount.InquiryFavoriteAccountTest","Surefire test","testcases.settings.favoriteaccount.InquiryFavoriteAccountTest","inquiryFavoriteAccountWithEmptyBody"
"List User Backoffice Dengan Body Kosong ({})","4867","listUsersWithEmptyBody","Surefire suite","Mon Sep 28 08:41:25 UTC 2026","passed","Mon Sep 28 08:41:30 UTC 2026","testcases.backoffice.users.ListUsersTest","Surefire test","testcases.backoffice.users.ListUsersTest","listUsersWithEmptyBody"
"Generate QR Success with Fee Admin","41189","generateQRBalanceFeeAdmin","Surefire suite","Mon Sep 28 08:06:20 UTC 2026","passed","Mon Sep 28 08:07:01 UTC 2026","testcases.QR.GenerateQRPaidTest","Surefire test","testcases.QR.GenerateQRPaidTest","generateQRBalanceFeeAdmin"
"Add Group Backoffice Dengan Nama yang Sudah Ada Sejak Test Lama (""testzulma1"")","1560","addGroupWithLegacyDuplicateName","Surefire suite","Mon Sep 28 08:00:30 UTC 2026","passed","Mon Sep 28 08:00:32 UTC 2026","testcases.backoffice.group.AddGroupTest","Surefire test","testcases.backoffice.group.AddGroupTest","addGroupWithLegacyDuplicateName"
"Created Favorite Account Menggunakan HTTP Method PATCH","1471","createdFavoriteAccountWithPatchMethod","Surefire suite","Mon Sep 28 08:37:47 UTC 2026","passed","Mon Sep 28 08:37:48 UTC 2026","testcases.settings.favoriteaccount.CreatedFavoriteAccountTest","Surefire test","testcases.settings.favoriteaccount.CreatedFavoriteAccountTest","createdFavoriteAccountWithPatchMethod"
"List Company Backoffice Dengan Field Sort Merujuk ke Kolom yang Tidak Ada","5580","listCompanyWithInvalidSortField","Surefire suite","Mon Sep 28 08:50:34 UTC 2026","passed","Mon Sep 28 08:50:39 UTC 2026","testcases.backoffice.ListCompanyTest","Surefire test","testcases.backoffice.ListCompanyTest","listCompanyWithInvalidSortField"
"Add Currency CS Admin Path Tanpa Body Sama Sekali","1526","addCurrencyWithoutBody","Surefire suite","Mon Sep 28 09:38:09 UTC 2026","passed","Mon Sep 28 09:38:11 UTC 2026","testcases.backoffice.currency.AddCurrencyTest","Surefire test","testcases.backoffice.currency.AddCurrencyTest","addCurrencyWithoutBody"
"Refund Summary Dengan type null","1714","getRefundWithNullType","Surefire suite","Mon Sep 28 08:38:38 UTC 2026","passed","Mon Sep 28 08:38:40 UTC 2026","testcases.backoffice.refund.GetRefundTest","Surefire test","testcases.backoffice.refund.GetRefundTest","getRefundWithNullType"
"Mutasi USDT Transfer","27812","mutasiUSDTTransfer","Surefire suite","Mon Sep 28 10:13:17 UTC 2026","passed","Mon Sep 28 10:13:45 UTC 2026","testcases.mutasi.MutasiTransferTest","Surefire test","testcases.mutasi.MutasiTransferTest","mutasiUSDTTransfer"
"Transfer Different Parner Reference Supervisor, USDT Transfer to Transfer","47391","trfPartnerRefUSDTSpvFailed","Surefire suite","Mon Sep 28 07:57:24 UTC 2026","failed","Mon Sep 28 07:58:11 UTC 2026","testcases.transfer.TransferTest","Surefire test","testcases.transfer.TransferTest","trfPartnerRefUSDTSpvFailed"
"Inquiry Favorite Account Dengan Header credentialId Salah","1560","inquiryFavoriteAccountWithWrongCredentialIdHeader","Surefire suite","Mon Sep 28 08:36:18 UTC 2026","passed","Mon Sep 28 08:36:19 UTC 2026","testcases.settings.favoriteaccount.InquiryFavoriteAccountTest","Surefire test","testcases.settings.favoriteaccount.InquiryFavoriteAccountTest","inquiryFavoriteAccountWithWrongCredentialIdHeader"
"Resend Google Authenticator Menggunakan Login Marketing","4868","resendOtpGoogleWithMarketingLogin","Surefire suite","Mon Sep 28 08:46:32 UTC 2026","passed","Mon Sep 28 08:46:37 UTC 2026","testcases.backoffice.googleauth.ResendOtpGoogleTest","Surefire test","testcases.backoffice.googleauth.ResendOtpGoogleTest","resendOtpGoogleWithMarketingLogin"
"Get Group Detail Backoffice Menggunakan Login Supervisor","4761","getGroupDetailWithSupervisorLogin","Surefire suite","Mon Sep 28 08:05:14 UTC 2026","passed","Mon Sep 28 08:05:18 UTC 2026","testcases.backoffice.group.GetGroupTest","Surefire test","testcases.backoffice.group.GetGroupTest","getGroupDetailWithSupervisorLogin"
"Get Group Detail Backoffice","4678","getGroupDetail","Surefire suite","Mon Sep 28 08:02:33 UTC 2026","passed","Mon Sep 28 08:02:37 UTC 2026","testcases.backoffice.group.GetGroupTest","Surefire test","testcases.backoffice.group.GetGroupTest","getGroupDetail"
"Inquiry Favorite Account Menggunakan HTTP Method GET","1767","inquiryFavoriteAccountWithGetMethod","Surefire suite","Mon Sep 28 08:35:22 UTC 2026","passed","Mon Sep 28 08:35:24 UTC 2026","testcases.settings.favoriteaccount.InquiryFavoriteAccountTest","Surefire test","testcases.settings.favoriteaccount.InquiryFavoriteAccountTest","inquiryFavoriteAccountWithGetMethod"
"List Waiting Company Backoffice Menggunakan Login Admin Crypto","4698","listWaitingCompanyWithAdminCryptoLogin","Surefire suite","Mon Sep 28 08:47:05 UTC 2026","passed","Mon Sep 28 08:47:09 UTC 2026","testcases.backoffice.ListWaitingCompanyTest","Surefire test","testcases.backoffice.ListWaitingCompanyTest","listWaitingCompanyWithAdminCryptoLogin"
"Create Manage Settlement BO Dengan groupName Sangat Panjang (10.000 karakter)","4582","addManageSettlementWithOverlongGroupName","Surefire suite","Mon Sep 28 08:12:29 UTC 2026","passed","Mon Sep 28 08:12:34 UTC 2026","testcases.backoffice.settlement.AddManageSettlementTest","Surefire test","testcases.backoffice.settlement.AddManageSettlementTest","addManageSettlementWithOverlongGroupName"
"Add Group Backoffice Dengan Body Kosong ({})","1515","addGroupWithEmptyBody","Surefire suite","Mon Sep 28 07:59:54 UTC 2026","passed","Mon Sep 28 07:59:56 UTC 2026","testcases.backoffice.group.AddGroupTest","Surefire test","testcases.backoffice.group.AddGroupTest","addGroupWithEmptyBody"
"Mutasi Transfer Balance CS","13470","mutasiTransferBalanceCS","Surefire suite","Mon Sep 28 10:11:49 UTC 2026","passed","Mon Sep 28 10:12:02 UTC 2026","testcases.mutasi.MutasiTransferTest","Surefire test","testcases.mutasi.MutasiTransferTest","mutasiTransferBalanceCS"
"Create Manage Settlement BO Dengan Karakter SQL Injection pada groupName","4488","addManageSettlementWithSqlInjectionGroupName","Surefire suite","Mon Sep 28 08:12:52 UTC 2026","passed","Mon Sep 28 08:12:56 UTC 2026","testcases.backoffice.settlement.AddManageSettlementTest","Surefire test","testcases.backoffice.settlement.AddManageSettlementTest","addManageSettlementWithSqlInjectionGroupName"
"Delete Manage Settlement BO Menggunakan Login Marketing","4657","deleteManageSettlementWithMarketingLogin","Surefire suite","Mon Sep 28 08:15:50 UTC 2026","passed","Mon Sep 28 08:15:54 UTC 2026","testcases.backoffice.settlement.DeleteManageSettlementTest","Surefire test","testcases.backoffice.settlement.DeleteManageSettlementTest","deleteManageSettlementWithMarketingLogin"
"Inquiry Favorite Account Menggunakan HTTP Method PUT","1690","inquiryFavoriteAccountWithPutMethod","Surefire suite","Mon Sep 28 08:35:54 UTC 2026","passed","Mon Sep 28 08:35:56 UTC 2026","testcases.settings.favoriteaccount.InquiryFavoriteAccountTest","Surefire test","testcases.settings.favoriteaccount.InquiryFavoriteAccountTest","inquiryFavoriteAccountWithPutMethod"
"List Currency USDT Menggunakan Login Supervisor","4846","getCurrencyWithSupervisorLogin","Surefire suite","Mon Sep 28 08:27:46 UTC 2026","passed","Mon Sep 28 08:27:50 UTC 2026","testcases.backoffice.currency.GetCurrencyTest","Surefire test","testcases.backoffice.currency.GetCurrencyTest","getCurrencyWithSupervisorLogin"
"Resend Google Authenticator Dengan email Sangat Panjang (10.000 karakter)","4653","resendOtpGoogleWithOverlongEmail","Surefire suite","Mon Sep 28 08:47:18 UTC 2026","passed","Mon Sep 28 08:47:23 UTC 2026","testcases.backoffice.googleauth.ResendOtpGoogleTest","Surefire test","testcases.backoffice.googleauth.ResendOtpGoogleTest","resendOtpGoogleWithOverlongEmail"
"List Company Backoffice Menggunakan Login Admin Crypto","4653","listCompanyWithAdminCryptoLogin","Surefire suite","Mon Sep 28 08:49:33 UTC 2026","passed","Mon Sep 28 08:49:38 UTC 2026","testcases.backoffice.ListCompanyTest","Surefire test","testcases.backoffice.ListCompanyTest","listCompanyWithAdminCryptoLogin"
"Inquiry Favorite Account Dengan Body Berupa JSON Array ([])","4774","inquiryFavoriteAccountWithArrayBody","Surefire suite","Mon Sep 28 08:34:56 UTC 2026","passed","Mon Sep 28 08:35:00 UTC 2026","testcases.settings.favoriteaccount.InquiryFavoriteAccountTest","Surefire test","testcases.settings.favoriteaccount.InquiryFavoriteAccountTest","inquiryFavoriteAccountWithArrayBody"
"Get History Special Transfer Supervisor on Login CS Admin","11775","historySpecialTransferSupervisorTestCSAdmin","Surefire suite","Mon Sep 28 09:53:56 UTC 2026","passed","Mon Sep 28 09:54:08 UTC 2026","testcases.history.HistoryTransferTest","Surefire test","testcases.history.HistoryTransferTest","historySpecialTransferSupervisorTestCSAdmin"
"Get List Group Backoffice Dengan Body JSON Tidak Valid (Malformed)","3271","getListGroupWithMalformedJson","Surefire suite","Mon Sep 28 08:07:13 UTC 2026","passed","Mon Sep 28 08:07:16 UTC 2026","testcases.backoffice.group.GetListGroupTest","Surefire test","testcases.backoffice.group.GetListGroupTest","getListGroupWithMalformedJson"
"List Refund Menggunakan Login Merchant","4913","listRefundMerchant","Surefire suite","Mon Sep 28 09:41:55 UTC 2026","passed","Mon Sep 28 09:42:00 UTC 2026","testcases.backoffice.ListRefundTest","Surefire test","testcases.backoffice.ListRefundTest","listRefundMerchant"
"Get Detail Waiting Company Backoffice Menggunakan Login Admin Crypto","4737","getDetailWaitingCompanyWithAdminCryptoLogin","Surefire suite","Mon Sep 28 08:31:20 UTC 2026","passed","Mon Sep 28 08:31:25 UTC 2026","testcases.backoffice.GetDetailWaitingCompanyTest","Surefire test","testcases.backoffice.GetDetailWaitingCompanyTest","getDetailWaitingCompanyWithAdminCryptoLogin"
"Delete Favorite Account Menggunakan HTTP Method PATCH","1571","deleteFavoriteAccountWithPatchMethod","Surefire suite","Mon Sep 28 08:10:53 UTC 2026","passed","Mon Sep 28 08:10:54 UTC 2026","testcases.settings.favoriteaccount.DeleteFavoriteAccountTest","Surefire test","testcases.settings.favoriteaccount.DeleteFavoriteAccountTest","deleteFavoriteAccountWithPatchMethod"
"Get List Group Company BO Dengan Token Backoffice Valid Tapi Tanpa Header pbyv","13687","getListGroupCompanyWithoutPbyvHeader","Surefire suite","Mon Sep 28 08:21:21 UTC 2026","passed","Mon Sep 28 08:21:35 UTC 2026","testcases.backoffice.settlement.GetListGroupCompanyTest","Surefire test","testcases.backoffice.settlement.GetListGroupCompanyTest","getListGroupCompanyWithoutPbyvHeader"
"Created Favorite Account Menggunakan HTTP Method DELETE","1466","createdFavoriteAccountWithDeleteMethod","Surefire suite","Mon Sep 28 08:37:06 UTC 2026","passed","Mon Sep 28 08:37:07 UTC 2026","testcases.settings.favoriteaccount.CreatedFavoriteAccountTest","Surefire test","testcases.settings.favoriteaccount.CreatedFavoriteAccountTest","createdFavoriteAccountWithDeleteMethod"
"Refund Summary Menggunakan Login Marketing","4825","getRefundWithMarketingLogin","Surefire suite","Mon Sep 28 08:38:14 UTC 2026","passed","Mon Sep 28 08:38:18 UTC 2026","testcases.backoffice.refund.GetRefundTest","Surefire test","testcases.backoffice.refund.GetRefundTest","getRefundWithMarketingLogin"
"Add Group Backoffice Menggunakan Login Supervisor","4594","addGroupWithSupervisorLogin","Surefire suite","Mon Sep 28 08:01:35 UTC 2026","passed","Mon Sep 28 08:01:40 UTC 2026","testcases.backoffice.group.AddGroupTest","Surefire test","testcases.backoffice.group.AddGroupTest","addGroupWithSupervisorLogin"
"Get User Marketing Backoffice","4793","getUserSuperBO","Surefire suite","Mon Sep 28 08:30:40 UTC 2026","passed","Mon Sep 28 08:30:45 UTC 2026","testcases.backoffice.GetDashboardTest","Surefire test","testcases.backoffice.GetDashboardTest","getUserSuperBO"
"Delete Google Authenticator Menggunakan HTTP Method DELETE","4640","deleteOtpGoogleWithDeleteMethod","Surefire suite","Mon Sep 28 08:22:47 UTC 2026","passed","Mon Sep 28 08:22:51 UTC 2026","testcases.backoffice.googleauth.DeleteOtpGoogleTest","Surefire test","testcases.backoffice.googleauth.DeleteOtpGoogleTest","deleteOtpGoogleWithDeleteMethod"
"List Company Backoffice Menggunakan Login CS Admin","4623","listCompanyWithCSAdminLogin","Surefire suite","Mon Sep 28 08:49:49 UTC 2026","passed","Mon Sep 28 08:49:53 UTC 2026","testcases.backoffice.ListCompanyTest","Surefire test","testcases.backoffice.ListCompanyTest","listCompanyWithCSAdminLogin"
"Delete Google Authenticator Menggunakan Login Customer Service","4736","deleteOtpGoogleWithCSLogin","Surefire suite","Mon Sep 28 08:22:39 UTC 2026","passed","Mon Sep 28 08:22:44 UTC 2026","testcases.backoffice.googleauth.DeleteOtpGoogleTest","Surefire test","testcases.backoffice.googleauth.DeleteOtpGoogleTest","deleteOtpGoogleWithCSLogin"
"Get List Group Backoffice Dengan page Bertipe String","1501","getListGroupWithPageAsString","Surefire suite","Mon Sep 28 08:07:49 UTC 2026","passed","Mon Sep 28 08:07:50 UTC 2026","testcases.backoffice.group.GetListGroupTest","Surefire test","testcases.backoffice.group.GetListGroupTest","getListGroupWithPageAsString"
"","4933","listCashDeposit","Surefire suite","Mon Sep 28 07:58:01 UTC 2026","passed","Mon Sep 28 07:58:06 UTC 2026","testcases.backoffice.ListTransferTest","Surefire test","testcases.backoffice.ListTransferTest","listCashDeposit"
"Get Notification Sender Menggunakan Login Marketing","4752","getNotificationSenderWithMarketingLogin","Surefire suite","Mon Sep 28 08:42:22 UTC 2026","passed","Mon Sep 28 08:42:27 UTC 2026","testcases.backoffice.notifsender.NotificationSenderTest","Surefire test","testcases.backoffice.notifsender.NotificationSenderTest","getNotificationSenderWithMarketingLogin"
"List Manage Settlement Backoffice Dengan Field Sort Merujuk ke Kolom yang Tidak Ada","4955","listManageSettlementWithInvalidSortField","Surefire suite","Mon Sep 28 08:36:27 UTC 2026","passed","Mon Sep 28 08:36:32 UTC 2026","testcases.backoffice.settlement.ManageSettlementTest","Surefire test","testcases.backoffice.settlement.ManageSettlementTest","listManageSettlementWithInvalidSortField"
"Resend Google Authenticator Dengan email Berupa null","4713","resendOtpGoogleWithNullEmail","Surefire suite","Mon Sep 28 08:46:55 UTC 2026","passed","Mon Sep 28 08:47:00 UTC 2026","testcases.backoffice.googleauth.ResendOtpGoogleTest","Surefire test","testcases.backoffice.googleauth.ResendOtpGoogleTest","resendOtpGoogleWithNullEmail"
"Create Manage Settlement BO Dengan companyId Valid Secara Format Tapi Tidak Ada","4582","addManageSettlementWithNonExistentCompanyId","Surefire suite","Mon Sep 28 08:12:06 UTC 2026","passed","Mon Sep 28 08:12:11 UTC 2026","testcases.backoffice.settlement.AddManageSettlementTest","Surefire test","testcases.backoffice.settlement.AddManageSettlementTest","addManageSettlementWithNonExistentCompanyId"
"Delete Favorite Account Dengan id yang Tidak Pernah Ada","1822","deleteFavoriteAccountWithNonExistentId","Surefire suite","Mon Sep 28 08:10:43 UTC 2026","failed","Mon Sep 28 08:10:45 UTC 2026","testcases.settings.favoriteaccount.DeleteFavoriteAccountTest","Surefire test","testcases.settings.favoriteaccount.DeleteFavoriteAccountTest","deleteFavoriteAccountWithNonExistentId"
"Get Detail Waiting Company Backoffice Tanpa Login/Header Auth","1581","getDetailWaitingCompanyWithoutAuth","Surefire suite","Mon Sep 28 08:33:47 UTC 2026","passed","Mon Sep 28 08:33:48 UTC 2026","testcases.backoffice.GetDetailWaitingCompanyTest","Surefire test","testcases.backoffice.GetDetailWaitingCompanyTest","getDetailWaitingCompanyWithoutAuth"
"List Manage Settlement Backoffice Menggunakan HTTP Method GET","5111","listManageSettlementWithGetMethod","Surefire suite","Mon Sep 28 08:36:03 UTC 2026","passed","Mon Sep 28 08:36:08 UTC 2026","testcases.backoffice.settlement.ManageSettlementTest","Surefire test","testcases.backoffice.settlement.ManageSettlementTest","listManageSettlementWithGetMethod"
"Created Favorite Account Tanpa Field pin","1562","createdFavoriteAccountWithoutPinField","Surefire suite","Mon Sep 28 08:38:46 UTC 2026","failed","Mon Sep 28 08:38:47 UTC 2026","testcases.settings.favoriteaccount.CreatedFavoriteAccountTest","Surefire test","testcases.settings.favoriteaccount.CreatedFavoriteAccountTest","createdFavoriteAccountWithoutPinField"
"Delete Favorite Account Dengan pin String Kosong","1850","deleteFavoriteAccountWithEmptyPin","Surefire suite","Mon Sep 28 08:10:06 UTC 2026","passed","Mon Sep 28 08:10:08 UTC 2026","testcases.settings.favoriteaccount.DeleteFavoriteAccountTest","Surefire test","testcases.settings.favoriteaccount.DeleteFavoriteAccountTest","deleteFavoriteAccountWithEmptyPin"
"Get Group Detail Backoffice Dengan Header Authorization Tanpa Skema Bearer","2429","getGroupDetailWithMalformedAuthorizationHeader","Surefire suite","Mon Sep 28 08:03:36 UTC 2026","passed","Mon Sep 28 08:03:39 UTC 2026","testcases.backoffice.group.GetGroupTest","Surefire test","testcases.backoffice.group.GetGroupTest","getGroupDetailWithMalformedAuthorizationHeader"
"Get List Group Backoffice Menggunakan HTTP Method PUT","1535","getListGroupWithPutMethod","Surefire suite","Mon Sep 28 08:08:02 UTC 2026","passed","Mon Sep 28 08:08:04 UTC 2026","testcases.backoffice.group.GetListGroupTest","Surefire test","testcases.backoffice.group.GetListGroupTest","getListGroupWithPutMethod"
"Get List Google Authenticator Dengan Content-Type text/plain","4585","listOtpGoogleWithWrongContentType","Surefire suite","Mon Sep 28 08:46:21 UTC 2026","passed","Mon Sep 28 08:46:26 UTC 2026","testcases.backoffice.googleauth.ListOtpGoogleTest","Surefire test","testcases.backoffice.googleauth.ListOtpGoogleTest","listOtpGoogleWithWrongContentType"
"List Company Backoffice Menggunakan Login Marketing","4722","listCompanyWithMarketingLogin","Surefire suite","Mon Sep 28 08:51:00 UTC 2026","passed","Mon Sep 28 08:51:05 UTC 2026","testcases.backoffice.ListCompanyTest","Surefire test","testcases.backoffice.ListCompanyTest","listCompanyWithMarketingLogin"
"Check Status QR Merchant","7934","checkStatusQRMerchant","Surefire suite","Mon Sep 28 08:43:40 UTC 2026","passed","Mon Sep 28 08:43:48 UTC 2026","testcases.QR.CheckStatusQRTest","Surefire test","testcases.QR.CheckStatusQRTest","checkStatusQRMerchant"
"Get List Favorite Account Tanpa Field size","1667","getListFavoriteAccountWithoutSizeField","Surefire suite","Mon Sep 28 10:23:11 UTC 2026","passed","Mon Sep 28 10:23:13 UTC 2026","testcases.settings.favoriteaccount.GetListFavoriteAccountTest","Surefire test","testcases.settings.favoriteaccount.GetListFavoriteAccountTest","getListFavoriteAccountWithoutSizeField"
"Create Manage Settlement BO Dengan Token Kadaluarsa","1476","addManageSettlementWithExpiredToken","Surefire suite","Mon Sep 28 08:10:54 UTC 2026","passed","Mon Sep 28 08:10:55 UTC 2026","testcases.backoffice.settlement.AddManageSettlementTest","Surefire test","testcases.backoffice.settlement.AddManageSettlementTest","addManageSettlementWithExpiredToken"
"Normal Transfer USDT Success","7600","transfer","Surefire suite","Mon Sep 28 08:03:01 UTC 2026","passed","Mon Sep 28 08:03:09 UTC 2026","testcases.transfer.TransferUSDTTest","Surefire test","testcases.transfer.TransferUSDTTest","transfer"
"List User Backoffice Menggunakan Login CS Admin","4885","listUsersWithCSAdminLogin","Surefire suite","Mon Sep 28 08:41:18 UTC 2026","passed","Mon Sep 28 08:41:22 UTC 2026","testcases.backoffice.users.ListUsersTest","Surefire test","testcases.backoffice.users.ListUsersTest","listUsersWithCSAdminLogin"
"List Waiting Company Backoffice Tanpa Login/Header Auth","1467","listWaitingCompanyWithoutAuth","Surefire suite","Mon Sep 28 08:49:13 UTC 2026","passed","Mon Sep 28 08:49:15 UTC 2026","testcases.backoffice.ListWaitingCompanyTest","Surefire test","testcases.backoffice.ListWaitingCompanyTest","listWaitingCompanyWithoutAuth"
"Get Notification Sender Menggunakan Login Admin Crypto","4539","getNotificationSenderWithAdminCryptoLogin","Surefire suite","Mon Sep 28 08:40:07 UTC 2026","passed","Mon Sep 28 08:40:11 UTC 2026","testcases.backoffice.notifsender.NotificationSenderTest","Surefire test","testcases.backoffice.notifsender.NotificationSenderTest","getNotificationSenderWithAdminCryptoLogin"
"List Manage Settlement Backoffice Menggunakan HTTP Method PATCH","4612","listManageSettlementWithPatchMethod","Surefire suite","Mon Sep 28 08:37:29 UTC 2026","passed","Mon Sep 28 08:37:34 UTC 2026","testcases.backoffice.settlement.ManageSettlementTest","Surefire test","testcases.backoffice.settlement.ManageSettlementTest","listManageSettlementWithPatchMethod"
"Create Manage Settlement BO Dengan Body JSON Tidak Valid (Malformed)","7348","addManageSettlementWithMalformedJson","Surefire suite","Mon Sep 28 08:11:35 UTC 2026","passed","Mon Sep 28 08:11:43 UTC 2026","testcases.backoffice.settlement.AddManageSettlementTest","Surefire test","testcases.backoffice.settlement.AddManageSettlementTest","addManageSettlementWithMalformedJson"
"Get Notification Sender Ke Path yang Tidak Ada (Typo)","4986","getNotificationSenderWithWrongPath","Surefire suite","Mon Sep 28 08:44:04 UTC 2026","passed","Mon Sep 28 08:44:09 UTC 2026","testcases.backoffice.notifsender.NotificationSenderTest","Surefire test","testcases.backoffice.notifsender.NotificationSenderTest","getNotificationSenderWithWrongPath"
"Mutasi Special Transfer Balance Supervisor","26365","mutasiSpecialTransferBalanceSupervisor","Surefire suite","Mon Sep 28 10:09:00 UTC 2026","passed","Mon Sep 28 10:09:26 UTC 2026","testcases.mutasi.MutasiTransferTest","Surefire test","testcases.mutasi.MutasiTransferTest","mutasiSpecialTransferBalanceSupervisor"
"Get History Refund Test Admin Crypto","6325","historyRefundTestAdminCrypto","Surefire suite","Mon Sep 28 09:53:32 UTC 2026","passed","Mon Sep 28 09:53:38 UTC 2026","testcases.history.HistoryTransferTest","Surefire test","testcases.history.HistoryTransferTest","historyRefundTestAdminCrypto"
"Success Assignment USDT","13342","assignUSDTTest","Surefire suite","Mon Sep 28 08:39:41 UTC 2026","passed","Mon Sep 28 08:39:54 UTC 2026","testcases.backoffice.TransferAssignmentTest","Surefire test","testcases.backoffice.TransferAssignmentTest","assignUSDTTest"
"Transfer Different Partner Reference, USDT Transfer to Transfer","49111","trfPartnerRefUSDTFailed","Surefire suite","Mon Sep 28 08:02:01 UTC 2026","passed","Mon Sep 28 08:02:50 UTC 2026","testcases.transfer.SpecialTransferTest","Surefire test","testcases.transfer.SpecialTransferTest","trfPartnerRefUSDTFailed"
"Get List Group Backoffice Menggunakan HTTP Method GET","1782","getListGroupWithGetMethod","Surefire suite","Mon Sep 28 08:06:50 UTC 2026","passed","Mon Sep 28 08:06:52 UTC 2026","testcases.backoffice.group.GetListGroupTest","Surefire test","testcases.backoffice.group.GetListGroupTest","getListGroupWithGetMethod"
"Add Group Backoffice Dengan Header Authorization Tanpa Skema Bearer","1419","addGroupWithMalformedAuthorizationHeader","Surefire suite","Mon Sep 28 08:00:35 UTC 2026","passed","Mon Sep 28 08:00:36 UTC 2026","testcases.backoffice.group.AddGroupTest","Surefire test","testcases.backoffice.group.AddGroupTest","addGroupWithMalformedAuthorizationHeader"
"Created Favorite Account Supervisor","8356","createdFavoriteAccountSupervisor","Surefire suite","Mon Sep 28 09:07:45 UTC 2026","failed","Mon Sep 28 09:07:53 UTC 2026","testcases.settings.favoriteaccount.CreatedFavoriteAccountTest","Surefire test","testcases.settings.favoriteaccount.CreatedFavoriteAccountTest","createdFavoriteAccountSupervisor"
"Get Detail User Backoffice Menggunakan Login Merchant","7591","getUsersWithMerchantLogin","Surefire suite","Mon Sep 28 08:40:36 UTC 2026","passed","Mon Sep 28 08:40:44 UTC 2026","testcases.backoffice.users.ListUsersTest","Surefire test","testcases.backoffice.users.ListUsersTest","getUsersWithMerchantLogin"
"Delete Manage Settlement BO Tanpa Login/Header Auth","1529","deleteManageSettlementWithoutAuth","Surefire suite","Mon Sep 28 08:17:22 UTC 2026","passed","Mon Sep 28 08:17:23 UTC 2026","testcases.backoffice.settlement.DeleteManageSettlementTest","Surefire test","testcases.backoffice.settlement.DeleteManageSettlementTest","deleteManageSettlementWithoutAuth"
"Add Group Backoffice Dengan name Sangat Panjang","1474","addGroupWithVeryLongName","Surefire suite","Mon Sep 28 08:01:47 UTC 2026","passed","Mon Sep 28 08:01:49 UTC 2026","testcases.backoffice.group.AddGroupTest","Surefire test","testcases.backoffice.group.AddGroupTest","addGroupWithVeryLongName"
"","5765","listSpecialTransfer","Surefire suite","Mon Sep 28 08:52:10 UTC 2026","passed","Mon Sep 28 08:52:16 UTC 2026","testcases.backoffice.ListTransferTest","Surefire test","testcases.backoffice.ListTransferTest","listSpecialTransfer"
"Get Group Detail Backoffice Dengan Format Group Id Tidak Valid (Bukan ObjectId)","7602","getGroupDetailWithMalformedId","Surefire suite","Mon Sep 28 08:03:42 UTC 2026","passed","Mon Sep 28 08:03:49 UTC 2026","testcases.backoffice.group.GetGroupTest","Surefire test","testcases.backoffice.group.GetGroupTest","getGroupDetailWithMalformedId"
"Refund Summary Backoffice","6092","getRefundSummaryBO","Surefire suite","Mon Sep 28 08:36:25 UTC 2026","passed","Mon Sep 28 08:36:31 UTC 2026","testcases.backoffice.refund.GetRefundTest","Surefire test","testcases.backoffice.refund.GetRefundTest","getRefundSummaryBO"
"Add Currency CS Admin Path Menggunakan HTTP Method DELETE","1530","addCurrencyWithDeleteMethod","Surefire suite","Mon Sep 28 09:35:52 UTC 2026","passed","Mon Sep 28 09:35:53 UTC 2026","testcases.backoffice.currency.AddCurrencyTest","Surefire test","testcases.backoffice.currency.AddCurrencyTest","addCurrencyWithDeleteMethod"
"Get History Flop Transfer Test Admin Crypto","9441","historyFlopTransferTestAdminCrypto","Surefire suite","Mon Sep 28 09:51:03 UTC 2026","passed","Mon Sep 28 09:51:13 UTC 2026","testcases.history.HistoryTransferTest","Surefire test","testcases.history.HistoryTransferTest","historyFlopTransferTestAdminCrypto"
"Normal Transfer USDT Balance Success","9862","usdtTransferBalanceAdminCrypto","Surefire suite","Mon Sep 28 07:56:09 UTC 2026","passed","Mon Sep 28 07:56:19 UTC 2026","testcases.transfer.TransferUSDTTest","Surefire test","testcases.transfer.TransferUSDTTest","usdtTransferBalanceAdminCrypto"
"Created Favorite Account Menggunakan HTTP Method PUT","1622","createdFavoriteAccountWithPutMethod","Surefire suite","Mon Sep 28 08:37:51 UTC 2026","failed","Mon Sep 28 08:37:53 UTC 2026","testcases.settings.favoriteaccount.CreatedFavoriteAccountTest","Surefire test","testcases.settings.favoriteaccount.CreatedFavoriteAccountTest","createdFavoriteAccountWithPutMethod"
"Resend Google Authenticator Menggunakan HTTP Method PUT","4697","resendOtpGoogleWithPutMethod","Surefire suite","Mon Sep 28 08:47:34 UTC 2026","passed","Mon Sep 28 08:47:38 UTC 2026","testcases.backoffice.googleauth.ResendOtpGoogleTest","Surefire test","testcases.backoffice.googleauth.ResendOtpGoogleTest","resendOtpGoogleWithPutMethod"
"Normal Transfer USDT Supervisor Success","6936","usdtTransferSupervisor","Surefire suite","Mon Sep 28 07:54:51 UTC 2026","passed","Mon Sep 28 07:54:58 UTC 2026","testcases.transfer.TransferUSDTTest","Surefire test","testcases.transfer.TransferUSDTTest","usdtTransferSupervisor"
"Mutasi Manual Transfer Balance","35067","mutasiManualTransferBalanceSupervisor","Surefire suite","Mon Sep 28 10:04:51 UTC 2026","passed","Mon Sep 28 10:05:26 UTC 2026","testcases.mutasi.MutasiTransferTest","Surefire test","testcases.mutasi.MutasiTransferTest","mutasiManualTransferBalanceSupervisor"
"Add Currency CS Admin Path Dengan Field rate Bernilai null","1476","addCurrencyWithNullRate","Surefire suite","Mon Sep 28 09:37:06 UTC 2026","passed","Mon Sep 28 09:37:08 UTC 2026","testcases.backoffice.currency.AddCurrencyTest","Surefire test","testcases.backoffice.currency.AddCurrencyTest","addCurrencyWithNullRate"
"Add Group Backoffice Tanpa Body Sama Sekali","1493","addGroupWithoutBody","Surefire suite","Mon Sep 28 08:02:19 UTC 2026","passed","Mon Sep 28 08:02:21 UTC 2026","testcases.backoffice.group.AddGroupTest","Surefire test","testcases.backoffice.group.AddGroupTest","addGroupWithoutBody"
"Get Detail Waiting Company Backoffice Dengan Id Berisi Karakter SQL Injection","4645","getDetailWaitingCompanyWithSqlInjectionId","Surefire suite","Mon Sep 28 08:33:15 UTC 2026","passed","Mon Sep 28 08:33:20 UTC 2026","testcases.backoffice.GetDetailWaitingCompanyTest","Surefire test","testcases.backoffice.GetDetailWaitingCompanyTest","getDetailWaitingCompanyWithSqlInjectionId"
"Normal Transfer USDT Success Admin Crypto","7117","usdtTransferAdminCrypto","Surefire suite","Mon Sep 28 07:55:59 UTC 2026","passed","Mon Sep 28 07:56:06 UTC 2026","testcases.transfer.TransferUSDTTest","Surefire test","testcases.transfer.TransferUSDTTest","usdtTransferAdminCrypto"
"List Manage Settlement Backoffice Dengan Body JSON Tidak Valid (Malformed)","4503","listManageSettlementWithMalformedJson","Surefire suite","Mon Sep 28 08:36:43 UTC 2026","passed","Mon Sep 28 08:36:48 UTC 2026","testcases.backoffice.settlement.ManageSettlementTest","Surefire test","testcases.backoffice.settlement.ManageSettlementTest","listManageSettlementWithMalformedJson"
"Get List Google Authenticator Dengan Token Kadaluarsa","2265","listOtpGoogleWithExpiredToken","Surefire suite","Mon Sep 28 08:44:04 UTC 2026","passed","Mon Sep 28 08:44:06 UTC 2026","testcases.backoffice.googleauth.ListOtpGoogleTest","Surefire test","testcases.backoffice.googleauth.ListOtpGoogleTest","listOtpGoogleWithExpiredToken"
"Get List Favorite Account Tanpa Body Sama Sekali","1468","getListFavoriteAccountWithoutBody","Surefire suite","Mon Sep 28 10:22:57 UTC 2026","passed","Mon Sep 28 10:22:59 UTC 2026","testcases.settings.favoriteaccount.GetListFavoriteAccountTest","Surefire test","testcases.settings.favoriteaccount.GetListFavoriteAccountTest","getListFavoriteAccountWithoutBody"
"Get List Google Authenticator Dengan Tipe Data Salah pada Field limit (String, Bukan Integer)","4521","listOtpGoogleWithInvalidFieldType","Surefire suite","Mon Sep 28 08:44:25 UTC 2026","passed","Mon Sep 28 08:44:29 UTC 2026","testcases.backoffice.googleauth.ListOtpGoogleTest","Surefire test","testcases.backoffice.googleauth.ListOtpGoogleTest","listOtpGoogleWithInvalidFieldType"
"Transfer Different Parner Reference Supervisor, Special Transfer to Transfer","48774","trfPartnerRefSpecialSpvFailed","Surefire suite","Mon Sep 28 07:56:32 UTC 2026","passed","Mon Sep 28 07:57:21 UTC 2026","testcases.transfer.TransferTest","Surefire test","testcases.transfer.TransferTest","trfPartnerRefSpecialSpvFailed"
"Delete Group Backoffice Menggunakan HTTP Method PATCH","1571","deleteGroupWithPatchMethod","Surefire suite","Mon Sep 28 07:57:32 UTC 2026","passed","Mon Sep 28 07:57:34 UTC 2026","testcases.backoffice.group.DeleteGroupTest","Surefire test","testcases.backoffice.group.DeleteGroupTest","deleteGroupWithPatchMethod"
"Transfer Different Partner Reference, USDT Transfer to Transfer","48207","trfPartnerRefUSDTFailed","Surefire suite","Mon Sep 28 07:58:18 UTC 2026","passed","Mon Sep 28 07:59:06 UTC 2026","testcases.transfer.TransferTest","Surefire test","testcases.transfer.TransferTest","trfPartnerRefUSDTFailed"
"List User Backoffice Dengan Ukuran Halaman Sangat Besar","5178","listUsersWithHugeSize","Surefire suite","Mon Sep 28 08:41:33 UTC 2026","passed","Mon Sep 28 08:41:39 UTC 2026","testcases.backoffice.users.ListUsersTest","Surefire test","testcases.backoffice.users.ListUsersTest","listUsersWithHugeSize"
"List Waiting Company Backoffice Tanpa Body Sama Sekali","4635","listWaitingCompanyWithoutBody","Surefire suite","Mon Sep 28 08:49:18 UTC 2026","passed","Mon Sep 28 08:49:22 UTC 2026","testcases.backoffice.ListWaitingCompanyTest","Surefire test","testcases.backoffice.ListWaitingCompanyTest","listWaitingCompanyWithoutBody"
"Get Balance Merchant with Login Marketing","4698","getFailedBalanceMerchantLoginMarketing","Surefire suite","Mon Sep 28 07:55:25 UTC 2026","passed","Mon Sep 28 07:55:30 UTC 2026","testcases.balance.GetBalanceQrisTest","Surefire test","testcases.balance.GetBalanceQrisTest","getFailedBalanceMerchantLoginMarketing"
"Get Detail Waiting Company Backoffice Menggunakan Login Marketing","4795","getDetailWaitingCompanyWithMarketingLogin","Surefire suite","Mon Sep 28 08:32:20 UTC 2026","passed","Mon Sep 28 08:32:25 UTC 2026","testcases.backoffice.GetDetailWaitingCompanyTest","Surefire test","testcases.backoffice.GetDetailWaitingCompanyTest","getDetailWaitingCompanyWithMarketingLogin"
"Get List Group Company BO Dengan Token Tidak Valid","1438","getListGroupCompanyWithInvalidToken","Surefire suite","Mon Sep 28 08:18:52 UTC 2026","passed","Mon Sep 28 08:18:54 UTC 2026","testcases.backoffice.settlement.GetListGroupCompanyTest","Surefire test","testcases.backoffice.settlement.GetListGroupCompanyTest","getListGroupCompanyWithInvalidToken"
"Get List Group Backoffice Menggunakan Login Supervisor","5405","getListGroupWithSupervisorLogin","Surefire suite","Mon Sep 28 08:08:16 UTC 2026","passed","Mon Sep 28 08:08:21 UTC 2026","testcases.backoffice.group.GetListGroupTest","Surefire test","testcases.backoffice.group.GetListGroupTest","getListGroupWithSupervisorLogin"
"Get History Special Transfer Test Admin","11946","historySpecialTransferTestAdmin","Surefire suite","Mon Sep 28 09:54:23 UTC 2026","passed","Mon Sep 28 09:54:35 UTC 2026","testcases.history.HistoryTransferTest","Surefire test","testcases.history.HistoryTransferTest","historySpecialTransferTestAdmin"
"Inquiry Favorite Account Dengan beneficiaryAccountNo String Kosong","1873","inquiryFavoriteAccountWithEmptyBeneficiaryAccountNo","Surefire suite","Mon Sep 28 08:35:08 UTC 2026","passed","Mon Sep 28 08:35:10 UTC 2026","testcases.settings.favoriteaccount.InquiryFavoriteAccountTest","Surefire test","testcases.settings.favoriteaccount.InquiryFavoriteAccountTest","inquiryFavoriteAccountWithEmptyBeneficiaryAccountNo"
"List Currency USDT Dengan Field Sort Merujuk ke Kolom yang Tidak Ada","1671","getCurrencyWithInvalidSortField","Surefire suite","Mon Sep 28 08:26:45 UTC 2026","passed","Mon Sep 28 08:26:46 UTC 2026","testcases.backoffice.currency.GetCurrencyTest","Surefire test","testcases.backoffice.currency.GetCurrencyTest","getCurrencyWithInvalidSortField"
"Get Detail User Backoffice","4800","getUsersBO","Surefire suite","Mon Sep 28 08:40:07 UTC 2026","passed","Mon Sep 28 08:40:12 UTC 2026","testcases.backoffice.users.ListUsersTest","Surefire test","testcases.backoffice.users.ListUsersTest","getUsersBO"
"Mutasi Special Transfer","21316","mutasiSpecialTransfer","Surefire suite","Mon Sep 28 10:07:37 UTC 2026","passed","Mon Sep 28 10:07:58 UTC 2026","testcases.mutasi.MutasiTransferTest","Surefire test","testcases.mutasi.MutasiTransferTest","mutasiSpecialTransfer"
"Test Approved USDT Supervisor Tanpa URL","59906","approvedUSDTSupervisorWithoutURL","Surefire suite","Mon Sep 28 09:25:47 UTC 2026","passed","Mon Sep 28 09:26:47 UTC 2026","testcases.backoffice.ApprovalTransferTest","Surefire test","testcases.backoffice.ApprovalTransferTest","approvedUSDTSupervisorWithoutURL"
"Resend Google Authenticator Dengan Token Kadaluarsa","1437","resendOtpGoogleWithExpiredToken","Surefire suite","Mon Sep 28 08:45:56 UTC 2026","passed","Mon Sep 28 08:45:57 UTC 2026","testcases.backoffice.googleauth.ResendOtpGoogleTest","Surefire test","testcases.backoffice.googleauth.ResendOtpGoogleTest","resendOtpGoogleWithExpiredToken"
"List User Backoffice Tanpa Body Sama Sekali","4638","listUsersWithoutBody","Surefire suite","Mon Sep 28 08:42:54 UTC 2026","passed","Mon Sep 28 08:42:58 UTC 2026","testcases.backoffice.users.ListUsersTest","Surefire test","testcases.backoffice.users.ListUsersTest","listUsersWithoutBody"
"Get Group Detail Backoffice Menggunakan Login Admin Crypto","4623","getGroupDetailWithAdminCryptoLogin","Surefire suite","Mon Sep 28 08:02:40 UTC 2026","passed","Mon Sep 28 08:02:45 UTC 2026","testcases.backoffice.group.GetGroupTest","Surefire test","testcases.backoffice.group.GetGroupTest","getGroupDetailWithAdminCryptoLogin"
"Get List Group Company BO Tanpa Login/Header Auth","1516","getListGroupCompanyWithoutAuth","Surefire suite","Mon Sep 28 08:21:05 UTC 2026","passed","Mon Sep 28 08:21:06 UTC 2026","testcases.backoffice.settlement.GetListGroupCompanyTest","Surefire test","testcases.backoffice.settlement.GetListGroupCompanyTest","getListGroupCompanyWithoutAuth"
"Transfer Different Partner Reference, Transfer to Manual Transfer","48616","trfPartnerRefTransferFailed","Surefire suite","Mon Sep 28 08:41:19 UTC 2026","passed","Mon Sep 28 08:42:07 UTC 2026","testcases.transfer.ManualTransferTest","Surefire test","testcases.transfer.ManualTransferTest","trfPartnerRefTransferFailed"
"Get List Group Backoffice Dengan Karakter SQL Injection pada sort","1597","getListGroupWithSqlInjectionSort","Surefire suite","Mon Sep 28 08:08:11 UTC 2026","passed","Mon Sep 28 08:08:13 UTC 2026","testcases.backoffice.group.GetListGroupTest","Surefire test","testcases.backoffice.group.GetListGroupTest","getListGroupWithSqlInjectionSort"
"Get History USDT Transfer Supervisor on Login CS Admin","11450","historyUSDTTransferSupervisorTestCSAdmin","Surefire suite","Mon Sep 28 09:57:23 UTC 2026","passed","Mon Sep 28 09:57:34 UTC 2026","testcases.history.HistoryTransferTest","Surefire test","testcases.history.HistoryTransferTest","historyUSDTTransferSupervisorTestCSAdmin"
"Inquiry Favorite Account Dengan Field Tidak Dikenal pada Body","1615","inquiryFavoriteAccountWithUnknownField","Surefire suite","Mon Sep 28 08:36:04 UTC 2026","passed","Mon Sep 28 08:36:05 UTC 2026","testcases.settings.favoriteaccount.InquiryFavoriteAccountTest","Surefire test","testcases.settings.favoriteaccount.InquiryFavoriteAccountTest","inquiryFavoriteAccountWithUnknownField"
"Mutasi USDT Transfer CS","27871","mutasiUSDTTransferCS","Surefire suite","Mon Sep 28 10:15:35 UTC 2026","passed","Mon Sep 28 10:16:03 UTC 2026","testcases.mutasi.MutasiTransferTest","Surefire test","testcases.mutasi.MutasiTransferTest","mutasiUSDTTransferCS"
"Transfer Different Partner Reference, USDT Transfer to Transfer","49421","trfPartnerRefSpecialFailed","Surefire suite","Mon Sep 28 08:04:35 UTC 2026","passed","Mon Sep 28 08:05:25 UTC 2026","testcases.transfer.TransferUSDTTest","Surefire test","testcases.transfer.TransferUSDTTest","trfPartnerRefSpecialFailed"
"Delete Manage Settlement BO Ke Path yang Tidak Ada (Typo)","5024","deleteManageSettlementWithWrongPath","Surefire suite","Mon Sep 28 08:17:06 UTC 2026","passed","Mon Sep 28 08:17:11 UTC 2026","testcases.backoffice.settlement.DeleteManageSettlementTest","Surefire test","testcases.backoffice.settlement.DeleteManageSettlementTest","deleteManageSettlementWithWrongPath"
"Inquiry Favorite Account Tanpa Field beneficiaryBankCode","1505","inquiryFavoriteAccountWithoutBeneficiaryBankCodeField","Surefire suite","Mon Sep 28 08:36:36 UTC 2026","passed","Mon Sep 28 08:36:38 UTC 2026","testcases.settings.favoriteaccount.InquiryFavoriteAccountTest","Surefire test","testcases.settings.favoriteaccount.InquiryFavoriteAccountTest","inquiryFavoriteAccountWithoutBeneficiaryBankCodeField"
"Add Currency USDT Cs Admin","4728","addCurrencyCsAdmin","Surefire suite","Mon Sep 28 09:34:51 UTC 2026","passed","Mon Sep 28 09:34:55 UTC 2026","testcases.backoffice.currency.AddCurrencyTest","Surefire test","testcases.backoffice.currency.AddCurrencyTest","addCurrencyCsAdmin"
"Add Group Backoffice Menggunakan Login CS Admin","4623","addGroupWithCSAdminLogin","Surefire suite","Mon Sep 28 07:59:16 UTC 2026","passed","Mon Sep 28 07:59:21 UTC 2026","testcases.backoffice.group.AddGroupTest","Surefire test","testcases.backoffice.group.AddGroupTest","addGroupWithCSAdminLogin"
"Get Notification Sender Dengan pinValidasi Salah","4600","getNotificationSenderWithWrongPinValidasi","Surefire suite","Mon Sep 28 08:44:12 UTC 2026","passed","Mon Sep 28 08:44:16 UTC 2026","testcases.backoffice.notifsender.NotificationSenderTest","Surefire test","testcases.backoffice.notifsender.NotificationSenderTest","getNotificationSenderWithWrongPinValidasi"
"Request Refund Manual Transfer Merchant","5036","refundManualTransferMerchant","Surefire suite","Mon Sep 28 08:43:01 UTC 2026","passed","Mon Sep 28 08:43:06 UTC 2026","testcases.transfer.RefundTransferTest","Surefire test","testcases.transfer.RefundTransferTest","refundManualTransferMerchant"
"Create Manage Settlement BO Menggunakan HTTP Method PUT","4576","addManageSettlementWithPutMethod","Surefire suite","Mon Sep 28 08:12:44 UTC 2026","passed","Mon Sep 28 08:12:49 UTC 2026","testcases.backoffice.settlement.AddManageSettlementTest","Surefire test","testcases.backoffice.settlement.AddManageSettlementTest","addManageSettlementWithPutMethod"
"Get History Transfer Test","8858","historyTransferTest","Surefire suite","Mon Sep 28 09:56:03 UTC 2026","passed","Mon Sep 28 09:56:12 UTC 2026","testcases.history.HistoryTransferTest","Surefire test","testcases.history.HistoryTransferTest","historyTransferTest"
"Get Notification Sender Dengan Token Backoffice Valid Tapi Tanpa Header pbyv","4538","getNotificationSenderWithoutPbyvHeader","Surefire suite","Mon Sep 28 08:44:31 UTC 2026","passed","Mon Sep 28 08:44:36 UTC 2026","testcases.backoffice.notifsender.NotificationSenderTest","Surefire test","testcases.backoffice.notifsender.NotificationSenderTest","getNotificationSenderWithoutPbyvHeader"
"Resend Google Authenticator Dengan email Berisi Karakter SQL Injection","4594","resendOtpGoogleWithSqlInjectionEmail","Surefire suite","Mon Sep 28 08:47:41 UTC 2026","passed","Mon Sep 28 08:47:46 UTC 2026","testcases.backoffice.googleauth.ResendOtpGoogleTest","Surefire test","testcases.backoffice.googleauth.ResendOtpGoogleTest","resendOtpGoogleWithSqlInjectionEmail"
"Transfer Different Partner Reference, USDT Transfer to Manual Transfer","47166","trfPartnerRefUSDTFailed","Surefire suite","Mon Sep 28 08:42:10 UTC 2026","failed","Mon Sep 28 08:42:58 UTC 2026","testcases.transfer.ManualTransferTest","Surefire test","testcases.transfer.ManualTransferTest","trfPartnerRefUSDTFailed"
"Get User Backoffice Tanpa Login/Header Auth","1465","getUserWithoutAuth","Surefire suite","Mon Sep 28 08:31:08 UTC 2026","passed","Mon Sep 28 08:31:10 UTC 2026","testcases.backoffice.GetDashboardTest","Surefire test","testcases.backoffice.GetDashboardTest","getUserWithoutAuth"
"Delete Google Authenticator Menggunakan HTTP Method PATCH","7934","deleteOtpGoogleWithPatchMethod","Surefire suite","Mon Sep 28 08:24:10 UTC 2026","passed","Mon Sep 28 08:24:18 UTC 2026","testcases.backoffice.googleauth.DeleteOtpGoogleTest","Surefire test","testcases.backoffice.googleauth.DeleteOtpGoogleTest","deleteOtpGoogleWithPatchMethod"
"Create Manage Settlement BO Menggunakan HTTP Method GET","5545","addManageSettlementWithGetMethod","Surefire suite","Mon Sep 28 08:10:58 UTC 2026","passed","Mon Sep 28 08:11:04 UTC 2026","testcases.backoffice.settlement.AddManageSettlementTest","Surefire test","testcases.backoffice.settlement.AddManageSettlementTest","addManageSettlementWithGetMethod"
"Get List Group Backoffice Dengan Body Berupa JSON Array ([])","4678","getListGroupWithArrayBody","Surefire suite","Mon Sep 28 08:06:05 UTC 2026","passed","Mon Sep 28 08:06:10 UTC 2026","testcases.backoffice.group.GetListGroupTest","Surefire test","testcases.backoffice.group.GetListGroupTest","getListGroupWithArrayBody"
"Reset Pin CS Admin","5279","resetPinCSAdmin","Surefire suite","Mon Sep 28 07:55:39 UTC 2026","passed","Mon Sep 28 07:55:45 UTC 2026","testcases.settings.ResetPinTest","Surefire test","testcases.settings.ResetPinTest","resetPinCSAdmin"
"List Company Backoffice Tanpa Body Sama Sekali","4582","listCompanyWithoutBody","Surefire suite","Mon Sep 28 08:51:54 UTC 2026","passed","Mon Sep 28 08:51:58 UTC 2026","testcases.backoffice.ListCompanyTest","Surefire test","testcases.backoffice.ListCompanyTest","listCompanyWithoutBody"
"Add Whitelist Ip User CS Admin","6996","addWhitelistIpUserCsAdmin","Surefire suite","Mon Sep 28 07:54:19 UTC 2026","passed","Mon Sep 28 07:54:26 UTC 2026","testcases.backoffice.users.EditUserTest","Surefire test","testcases.backoffice.users.EditUserTest","addWhitelistIpUserCsAdmin"
"Add Currency CS Admin Path Dengan rate Sangat Besar (Overflow)","1509","addCurrencyWithHugeRate","Surefire suite","Mon Sep 28 09:36:19 UTC 2026","passed","Mon Sep 28 09:36:21 UTC 2026","testcases.backoffice.currency.AddCurrencyTest","Surefire test","testcases.backoffice.currency.AddCurrencyTest","addCurrencyWithHugeRate"
"Resend Google Authenticator Dengan Format email Tidak Valid","4691","resendOtpGoogleWithMalformedEmail","Surefire suite","Mon Sep 28 08:46:17 UTC 2026","passed","Mon Sep 28 08:46:21 UTC 2026","testcases.backoffice.googleauth.ResendOtpGoogleTest","Surefire test","testcases.backoffice.googleauth.ResendOtpGoogleTest","resendOtpGoogleWithMalformedEmail"
"Refund Summary Menggunakan Login Merchant","4649","getRefundWithMerchantLogin","Surefire suite","Mon Sep 28 08:38:21 UTC 2026","passed","Mon Sep 28 08:38:26 UTC 2026","testcases.backoffice.refund.GetRefundTest","Surefire test","testcases.backoffice.refund.GetRefundTest","getRefundWithMerchantLogin"
"Generate QR Success with before and after Balance","29614","generateQRBalanceFeeMarketing","Surefire suite","Mon Sep 28 08:07:04 UTC 2026","passed","Mon Sep 28 08:07:34 UTC 2026","testcases.QR.GenerateQRPaidTest","Surefire test","testcases.QR.GenerateQRPaidTest","generateQRBalanceFeeMarketing"
"Add Currency CS Admin Path Tanpa Login/Header Auth","1600","addCurrencyWithoutAuth","Surefire suite","Mon Sep 28 09:38:04 UTC 2026","passed","Mon Sep 28 09:38:06 UTC 2026","testcases.backoffice.currency.AddCurrencyTest","Surefire test","testcases.backoffice.currency.AddCurrencyTest","addCurrencyWithoutAuth"
"Generate Open QR Code Merchant","5384","generateOpenQRCode","Surefire suite","Mon Sep 28 08:43:51 UTC 2026","passed","Mon Sep 28 08:43:57 UTC 2026","testcases.QR.GenerateQRTest","Surefire test","testcases.QR.GenerateQRTest","generateOpenQRCode"
"Inquiry Test Manual Transfer Admin Crypto","4833","inquiryManualTransferAdminCrypto","Surefire suite","Mon Sep 28 07:56:46 UTC 2026","passed","Mon Sep 28 07:56:51 UTC 2026","testcases.transfer.InquiryManualTransferTest","Surefire test","testcases.transfer.InquiryManualTransferTest","inquiryManualTransferAdminCrypto"
"Login Merchant dengan Username Berisi Spasi Saja","3144","testLoginWhitespaceUsername","Surefire suite","Mon Sep 28 08:09:00 UTC 2026","passed","Mon Sep 28 08:09:03 UTC 2026","testcases.auth.LoginTest","Surefire test","testcases.auth.LoginTest","testLoginWhitespaceUsername"
"Get History USDT Transfer Test CS","11337","historyUSDTTransferTestCS","Surefire suite","Mon Sep 28 09:58:15 UTC 2026","passed","Mon Sep 28 09:58:26 UTC 2026","testcases.history.HistoryTransferTest","Surefire test","testcases.history.HistoryTransferTest","historyUSDTTransferTestCS"
"Get List Favorite Account Dengan Karakter SQL Injection pada sort","1580","getListFavoriteAccountWithSqlInjectionSort","Surefire suite","Mon Sep 28 10:22:25 UTC 2026","passed","Mon Sep 28 10:22:27 UTC 2026","testcases.settings.favoriteaccount.GetListFavoriteAccountTest","Surefire test","testcases.settings.favoriteaccount.GetListFavoriteAccountTest","getListFavoriteAccountWithSqlInjectionSort"
"Resend Google Authenticator Dengan Content-Type text/plain","4772","resendOtpGoogleWithWrongContentType","Surefire suite","Mon Sep 28 08:48:04 UTC 2026","passed","Mon Sep 28 08:48:09 UTC 2026","testcases.backoffice.googleauth.ResendOtpGoogleTest","Surefire test","testcases.backoffice.googleauth.ResendOtpGoogleTest","resendOtpGoogleWithWrongContentType"
"List Manage Settlement Backoffice Menggunakan Login Marketing","4700","listManageSettlementWithMarketingLogin","Surefire suite","Mon Sep 28 08:36:59 UTC 2026","passed","Mon Sep 28 08:37:03 UTC 2026","testcases.backoffice.settlement.ManageSettlementTest","Surefire test","testcases.backoffice.settlement.ManageSettlementTest","listManageSettlementWithMarketingLogin"
"Inquiry Favorite Account Tanpa Body Sama Sekali","1541","inquiryFavoriteAccountWithoutBody","Surefire suite","Mon Sep 28 08:36:41 UTC 2026","passed","Mon Sep 28 08:36:42 UTC 2026","testcases.settings.favoriteaccount.InquiryFavoriteAccountTest","Surefire test","testcases.settings.favoriteaccount.InquiryFavoriteAccountTest","inquiryFavoriteAccountWithoutBody"
"Inquiry Test Transfer Merchant Supervisor","5016","inquiryTransferSupervisor","Surefire suite","Mon Sep 28 07:58:22 UTC 2026","passed","Mon Sep 28 07:58:27 UTC 2026","testcases.transfer.InquiryTransferTest","Surefire test","testcases.transfer.InquiryTransferTest","inquiryTransferSupervisor"
"Inquiry Favorite Account CS","10598","inquiryFavoriteAccountCS","Surefire suite","Mon Sep 28 09:10:15 UTC 2026","passed","Mon Sep 28 09:10:25 UTC 2026","testcases.settings.favoriteaccount.InquiryFavoriteAccountTest","Surefire test","testcases.settings.favoriteaccount.InquiryFavoriteAccountTest","inquiryFavoriteAccountCS"
"Get List Google Authenticator Menggunakan HTTP Method PUT","5960","listOtpGoogleWithPutMethod","Surefire suite","Mon Sep 28 08:45:47 UTC 2026","passed","Mon Sep 28 08:45:53 UTC 2026","testcases.backoffice.googleauth.ListOtpGoogleTest","Surefire test","testcases.backoffice.googleauth.ListOtpGoogleTest","listOtpGoogleWithPutMethod"
"List Currency USDT Dengan Header Authorization Tanpa Skema Bearer","1499","getCurrencyWithMalformedAuthorizationHeader","Surefire suite","Mon Sep 28 08:26:54 UTC 2026","passed","Mon Sep 28 08:26:55 UTC 2026","testcases.backoffice.currency.GetCurrencyTest","Surefire test","testcases.backoffice.currency.GetCurrencyTest","getCurrencyWithMalformedAuthorizationHeader"
"Add Currency CS Admin Path Menggunakan Login Backoffice","4629","addCurrencyWithBackofficeLogin","Surefire suite","Mon Sep 28 09:35:27 UTC 2026","passed","Mon Sep 28 09:35:31 UTC 2026","testcases.backoffice.currency.AddCurrencyTest","Surefire test","testcases.backoffice.currency.AddCurrencyTest","addCurrencyWithBackofficeLogin"
"Inquiry Favorite Account Dengan Header companyId Salah","1557","inquiryFavoriteAccountWithWrongCompanyIdHeader","Surefire suite","Mon Sep 28 08:36:08 UTC 2026","passed","Mon Sep 28 08:36:10 UTC 2026","testcases.settings.favoriteaccount.InquiryFavoriteAccountTest","Surefire test","testcases.settings.favoriteaccount.InquiryFavoriteAccountTest","inquiryFavoriteAccountWithWrongCompanyIdHeader"
"Inquiry Favorite Account Ke Path yang Tidak Ada (Typo)","1789","inquiryFavoriteAccountWithWrongPath","Surefire suite","Mon Sep 28 08:36:22 UTC 2026","passed","Mon Sep 28 08:36:24 UTC 2026","testcases.settings.favoriteaccount.InquiryFavoriteAccountTest","Surefire test","testcases.settings.favoriteaccount.InquiryFavoriteAccountTest","inquiryFavoriteAccountWithWrongPath"
"List Currency USDT Menggunakan HTTP Method DELETE","1513","getCurrencyWithDeleteMethod","Surefire suite","Mon Sep 28 08:26:17 UTC 2026","passed","Mon Sep 28 08:26:18 UTC 2026","testcases.backoffice.currency.GetCurrencyTest","Surefire test","testcases.backoffice.currency.GetCurrencyTest","getCurrencyWithDeleteMethod"
"Transfer with Wrong Pin","47342","transferWrongPin","Surefire suite","Mon Sep 28 08:39:38 UTC 2026","failed","Mon Sep 28 08:40:25 UTC 2026","testcases.transfer.ManualTransferTest","Surefire test","testcases.transfer.ManualTransferTest","transferWrongPin"
"Get List Google Authenticator Dengan Token Backoffice Valid Tapi Tanpa Header pbyv","4628","listOtpGoogleWithoutPbyvHeader","Surefire suite","Mon Sep 28 08:46:49 UTC 2026","passed","Mon Sep 28 08:46:53 UTC 2026","testcases.backoffice.googleauth.ListOtpGoogleTest","Surefire test","testcases.backoffice.googleauth.ListOtpGoogleTest","listOtpGoogleWithoutPbyvHeader"
"Delete Group Backoffice Menggunakan Login Admin Crypto","4939","deleteGroupWithAdminCryptoLogin","Surefire suite","Mon Sep 28 07:55:08 UTC 2026","passed","Mon Sep 28 07:55:13 UTC 2026","testcases.backoffice.group.DeleteGroupTest","Surefire test","testcases.backoffice.group.DeleteGroupTest","deleteGroupWithAdminCryptoLogin"
"Delete Google Authenticator Menggunakan HTTP Method PUT","6152","deleteOtpGoogleWithPutMethod","Surefire suite","Mon Sep 28 08:24:29 UTC 2026","passed","Mon Sep 28 08:24:36 UTC 2026","testcases.backoffice.googleauth.DeleteOtpGoogleTest","Surefire test","testcases.backoffice.googleauth.DeleteOtpGoogleTest","deleteOtpGoogleWithPutMethod"
"Mutasi Manual Transfer Balance","34782","mutasiManualTransferBalance","Surefire suite","Mon Sep 28 10:03:37 UTC 2026","passed","Mon Sep 28 10:04:12 UTC 2026","testcases.mutasi.MutasiTransferTest","Surefire test","testcases.mutasi.MutasiTransferTest","mutasiManualTransferBalance"
"Get List Group Company BO Menggunakan Login Marketing","4739","getListGroupCompanyWithMarketingLogin","Surefire suite","Mon Sep 28 08:19:01 UTC 2026","passed","Mon Sep 28 08:19:06 UTC 2026","testcases.backoffice.settlement.GetListGroupCompanyTest","Surefire test","testcases.backoffice.settlement.GetListGroupCompanyTest","getListGroupCompanyWithMarketingLogin"
"Get Balance Merchant with Login Admin Crypto","7422","getBalanceAdminLoginAdminCrypto","Surefire suite","Mon Sep 28 09:00:17 UTC 2026","passed","Mon Sep 28 09:00:24 UTC 2026","testcases.balance.GetBalanceQrisTest","Surefire test","testcases.balance.GetBalanceQrisTest","getBalanceAdminLoginAdminCrypto"
"Get Dashboard Backoffice Menggunakan Login Admin Crypto","4863","getDashboardWithAdminCryptoLogin","Surefire suite","Mon Sep 28 08:28:47 UTC 2026","passed","Mon Sep 28 08:28:52 UTC 2026","testcases.backoffice.GetDashboardTest","Surefire test","testcases.backoffice.GetDashboardTest","getDashboardWithAdminCryptoLogin"
"List Waiting Company Backoffice Menggunakan Login Marketing","4576","listWaitingCompanyWithMarketingLogin","Surefire suite","Mon Sep 28 08:48:26 UTC 2026","passed","Mon Sep 28 08:48:30 UTC 2026","testcases.backoffice.ListWaitingCompanyTest","Surefire test","testcases.backoffice.ListWaitingCompanyTest","listWaitingCompanyWithMarketingLogin"
"List Manage Settlement Backoffice Dengan Tipe Data Salah pada Field Limit (String, Bukan Integer)","4650","listManageSettlementWithInvalidFieldType","Surefire suite","Mon Sep 28 08:36:19 UTC 2026","passed","Mon Sep 28 08:36:24 UTC 2026","testcases.backoffice.settlement.ManageSettlementTest","Surefire test","testcases.backoffice.settlement.ManageSettlementTest","listManageSettlementWithInvalidFieldType"
"Reset Password Merchant","5396","resetPasswordMerchant","Surefire suite","Mon Sep 28 08:12:46 UTC 2026","passed","Mon Sep 28 08:12:52 UTC 2026","testcases.settings.ResetPasswordTest","Surefire test","testcases.settings.ResetPasswordTest","resetPasswordMerchant"
"Get List Group Company BO Menggunakan Login Admin Crypto","4615","getListGroupCompanyWithAdminCryptoLogin","Surefire suite","Mon Sep 28 08:17:54 UTC 2026","passed","Mon Sep 28 08:17:58 UTC 2026","testcases.backoffice.settlement.GetListGroupCompanyTest","Surefire test","testcases.backoffice.settlement.GetListGroupCompanyTest","getListGroupCompanyWithAdminCryptoLogin"
"Delete Group Backoffice Dengan id Valid Tapi name Tidak Cocok","31340","deleteGroupWithMismatchedName","Surefire suite","Mon Sep 28 07:56:49 UTC 2026","passed","Mon Sep 28 07:57:20 UTC 2026","testcases.backoffice.group.DeleteGroupTest","Surefire test","testcases.backoffice.group.DeleteGroupTest","deleteGroupWithMismatchedName"
"List Refund Dengan Tipe Data Salah pada Field Limit (String, Bukan Integer)","4639","listRefundWithInvalidFieldType","Surefire suite","Mon Sep 28 09:42:43 UTC 2026","passed","Mon Sep 28 09:42:48 UTC 2026","testcases.backoffice.ListRefundTest","Surefire test","testcases.backoffice.ListRefundTest","listRefundWithInvalidFieldType"
"Get Detail Waiting Company Backoffice Dengan Token Kadaluarsa","1546","getDetailWaitingCompanyWithExpiredToken","Surefire suite","Mon Sep 28 08:31:51 UTC 2026","passed","Mon Sep 28 08:31:53 UTC 2026","testcases.backoffice.GetDetailWaitingCompanyTest","Surefire test","testcases.backoffice.GetDetailWaitingCompanyTest","getDetailWaitingCompanyWithExpiredToken"
"List User Backoffice Dengan Field Sort Merujuk ke Kolom yang Tidak Ada","5154","listUsersWithInvalidSortField","Surefire suite","Mon Sep 28 08:41:49 UTC 2026","failed","Mon Sep 28 08:41:54 UTC 2026","testcases.backoffice.users.ListUsersTest","Surefire test","testcases.backoffice.users.ListUsersTest","listUsersWithInvalidSortField"
"Get List Google Authenticator Dengan Body Berupa Literal null","5739","listOtpGoogleWithNullLiteralBody","Surefire suite","Mon Sep 28 08:45:29 UTC 2026","passed","Mon Sep 28 08:45:35 UTC 2026","testcases.backoffice.googleauth.ListOtpGoogleTest","Surefire test","testcases.backoffice.googleauth.ListOtpGoogleTest","listOtpGoogleWithNullLiteralBody"
"Generate QR Success paid","6871","paidQR","Surefire suite","Mon Sep 28 08:07:52 UTC 2026","passed","Mon Sep 28 08:07:59 UTC 2026","testcases.QR.GenerateQRPaidTest","Surefire test","testcases.QR.GenerateQRPaidTest","paidQR"
"Get Group Detail Backoffice Tanpa Group Id (Path Kosong)","4693","getGroupDetailWithEmptyId","Surefire suite","Mon Sep 28 08:03:03 UTC 2026","passed","Mon Sep 28 08:03:08 UTC 2026","testcases.backoffice.group.GetGroupTest","Surefire test","testcases.backoffice.group.GetGroupTest","getGroupDetailWithEmptyId"
"List Refund Menggunakan Login Customer Service","4754","listRefundWithCSLogin","Surefire suite","Mon Sep 28 09:42:19 UTC 2026","passed","Mon Sep 28 09:42:23 UTC 2026","testcases.backoffice.ListRefundTest","Surefire test","testcases.backoffice.ListRefundTest","listRefundWithCSLogin"
"Get Notification Sender Dengan Sort Tanpa Operator '=='","4750","getNotificationSenderWithMalformedSortOperator","Surefire suite","Mon Sep 28 08:42:15 UTC 2026","passed","Mon Sep 28 08:42:19 UTC 2026","testcases.backoffice.notifsender.NotificationSenderTest","Surefire test","testcases.backoffice.notifsender.NotificationSenderTest","getNotificationSenderWithMalformedSortOperator"
"Delete Favorite Account Dengan Body Kosong ({})","1801","deleteFavoriteAccountWithEmptyBody","Surefire suite","Mon Sep 28 08:09:56 UTC 2026","passed","Mon Sep 28 08:09:58 UTC 2026","testcases.settings.favoriteaccount.DeleteFavoriteAccountTest","Surefire test","testcases.settings.favoriteaccount.DeleteFavoriteAccountTest","deleteFavoriteAccountWithEmptyBody"
"Delete Group Backoffice Dengan Field Tidak Dikenal pada Body","1605","deleteGroupWithUnknownField","Surefire suite","Mon Sep 28 07:57:56 UTC 2026","passed","Mon Sep 28 07:57:58 UTC 2026","testcases.backoffice.group.DeleteGroupTest","Surefire test","testcases.backoffice.group.DeleteGroupTest","deleteGroupWithUnknownField"
"Delete Favorite Account Menggunakan HTTP Method PUT","1588","deleteFavoriteAccountWithPutMethod","Surefire suite","Mon Sep 28 08:10:57 UTC 2026","passed","Mon Sep 28 08:10:59 UTC 2026","testcases.settings.favoriteaccount.DeleteFavoriteAccountTest","Surefire test","testcases.settings.favoriteaccount.DeleteFavoriteAccountTest","deleteFavoriteAccountWithPutMethod"
"Delete Manage Settlement BO Menggunakan Login Admin","4484","deleteManageSettlementWithAdminLogin","Surefire suite","Mon Sep 28 08:14:31 UTC 2026","passed","Mon Sep 28 08:14:35 UTC 2026","testcases.backoffice.settlement.DeleteManageSettlementTest","Surefire test","testcases.backoffice.settlement.DeleteManageSettlementTest","deleteManageSettlementWithAdminLogin"
"Get History Manual Transfer Test Admin","11815","historyManualTransferTestFeeAdmin","Surefire suite","Mon Sep 28 09:53:06 UTC 2026","passed","Mon Sep 28 09:53:18 UTC 2026","testcases.history.HistoryTransferTest","Surefire test","testcases.history.HistoryTransferTest","historyManualTransferTestFeeAdmin"
"Delete Manage Settlement BO Dengan id Berisi Karakter SQL Injection","4521","deleteManageSettlementWithSqlInjectionId","Surefire suite","Mon Sep 28 08:16:43 UTC 2026","passed","Mon Sep 28 08:16:48 UTC 2026","testcases.backoffice.settlement.DeleteManageSettlementTest","Surefire test","testcases.backoffice.settlement.DeleteManageSettlementTest","deleteManageSettlementWithSqlInjectionId"
"List Waiting Company Backoffice Dengan Page/Size Negatif","6456","listWaitingCompanyWithNegativePageSize","Surefire suite","Mon Sep 28 08:48:41 UTC 2026","passed","Mon Sep 28 08:48:47 UTC 2026","testcases.backoffice.ListWaitingCompanyTest","Surefire test","testcases.backoffice.ListWaitingCompanyTest","listWaitingCompanyWithNegativePageSize"
"Get List Favorite Account Menggunakan HTTP Method PATCH","1552","getListFavoriteAccountWithPatchMethod","Surefire suite","Mon Sep 28 10:22:11 UTC 2026","passed","Mon Sep 28 10:22:13 UTC 2026","testcases.settings.favoriteaccount.GetListFavoriteAccountTest","Surefire test","testcases.settings.favoriteaccount.GetListFavoriteAccountTest","getListFavoriteAccountWithPatchMethod"
"Get List Group Backoffice Dengan Token Backoffice Valid Tapi Tanpa Header pbyv","1602","getListGroupWithoutPbyvHeader","Surefire suite","Mon Sep 28 08:09:01 UTC 2026","passed","Mon Sep 28 08:09:02 UTC 2026","testcases.backoffice.group.GetListGroupTest","Surefire test","testcases.backoffice.group.GetListGroupTest","getListGroupWithoutPbyvHeader"
"Get Detail Waiting Company Backoffice Dengan Format Id Tidak Valid (Bukan ObjectId)","4746","getDetailWaitingCompanyWithMalformedId","Surefire suite","Mon Sep 28 08:32:13 UTC 2026","passed","Mon Sep 28 08:32:17 UTC 2026","testcases.backoffice.GetDetailWaitingCompanyTest","Surefire test","testcases.backoffice.GetDetailWaitingCompanyTest","getDetailWaitingCompanyWithMalformedId"
"Get List Favorite Account Dengan size Bertipe String","1484","getListFavoriteAccountWithSizeAsString","Surefire suite","Mon Sep 28 10:22:21 UTC 2026","passed","Mon Sep 28 10:22:22 UTC 2026","testcases.settings.favoriteaccount.GetListFavoriteAccountTest","Surefire test","testcases.settings.favoriteaccount.GetListFavoriteAccountTest","getListFavoriteAccountWithSizeAsString"
"Get Detail Waiting Company Backoffice Menggunakan HTTP Method PUT","4861","getDetailWaitingCompanyWithPutMethod","Surefire suite","Mon Sep 28 08:33:07 UTC 2026","passed","Mon Sep 28 08:33:12 UTC 2026","testcases.backoffice.GetDetailWaitingCompanyTest","Surefire test","testcases.backoffice.GetDetailWaitingCompanyTest","getDetailWaitingCompanyWithPutMethod"
"Get List Group Company BO Dengan groupName Sangat Panjang (10.000 karakter)","4474","getListGroupCompanyWithOverlongGroupName","Surefire suite","Mon Sep 28 08:19:32 UTC 2026","passed","Mon Sep 28 08:19:36 UTC 2026","testcases.backoffice.settlement.GetListGroupCompanyTest","Surefire test","testcases.backoffice.settlement.GetListGroupCompanyTest","getListGroupCompanyWithOverlongGroupName"
"Get List Group Backoffice Dengan Field Tidak Dikenal pada Body","1528","getListGroupWithUnknownField","Surefire suite","Mon Sep 28 08:08:24 UTC 2026","passed","Mon Sep 28 08:08:26 UTC 2026","testcases.backoffice.group.GetListGroupTest","Surefire test","testcases.backoffice.group.GetListGroupTest","getListGroupWithUnknownField"
"Delete Google Authenticator Menggunakan Login Marketing","4659","deleteOtpGoogleWithMarketingLogin","Surefire suite","Mon Sep 28 08:23:31 UTC 2026","passed","Mon Sep 28 08:23:36 UTC 2026","testcases.backoffice.googleauth.DeleteOtpGoogleTest","Surefire test","testcases.backoffice.googleauth.DeleteOtpGoogleTest","deleteOtpGoogleWithMarketingLogin"
"List Currency USDT Dengan Tipe Data Salah pada Field limit (String, Bukan Integer)","1461","getCurrencyWithInvalidFieldType","Surefire suite","Mon Sep 28 08:26:40 UTC 2026","passed","Mon Sep 28 08:26:42 UTC 2026","testcases.backoffice.currency.GetCurrencyTest","Surefire test","testcases.backoffice.currency.GetCurrencyTest","getCurrencyWithInvalidFieldType"
"Delete Manage Settlement BO Menggunakan Login Customer Service","4738","deleteManageSettlementWithCSLogin","Surefire suite","Mon Sep 28 08:14:58 UTC 2026","passed","Mon Sep 28 08:15:03 UTC 2026","testcases.backoffice.settlement.DeleteManageSettlementTest","Surefire test","testcases.backoffice.settlement.DeleteManageSettlementTest","deleteManageSettlementWithCSLogin"
"Reset Password Marketing","5173","resetPasswordMarketing","Surefire suite","Mon Sep 28 07:54:54 UTC 2026","passed","Mon Sep 28 07:55:00 UTC 2026","testcases.settings.ResetPasswordTest","Surefire test","testcases.settings.ResetPasswordTest","resetPasswordMarketing"
"Get List Group Backoffice Menggunakan Login Marketing","5285","getListGroupWithMarketingLogin","Surefire suite","Mon Sep 28 08:07:19 UTC 2026","passed","Mon Sep 28 08:07:24 UTC 2026","testcases.backoffice.group.GetListGroupTest","Surefire test","testcases.backoffice.group.GetListGroupTest","getListGroupWithMarketingLogin"
"List Refund Tanpa Login/Header Auth","1497","listRefundWithoutAuth","Surefire suite","Mon Sep 28 09:43:57 UTC 2026","passed","Mon Sep 28 09:43:59 UTC 2026","testcases.backoffice.ListRefundTest","Surefire test","testcases.backoffice.ListRefundTest","listRefundWithoutAuth"
"Created Favorite Account Dengan Field Tidak Dikenal pada Body","1703","createdFavoriteAccountWithUnknownField","Surefire suite","Mon Sep 28 08:37:56 UTC 2026","failed","Mon Sep 28 08:37:58 UTC 2026","testcases.settings.favoriteaccount.CreatedFavoriteAccountTest","Surefire test","testcases.settings.favoriteaccount.CreatedFavoriteAccountTest","createdFavoriteAccountWithUnknownField"
"Transfer Different Parner Reference Supervisor, Manual Transfer to Transfer","48800","trfPartnerRefManualSpvFailed","Surefire suite","Mon Sep 28 07:55:40 UTC 2026","passed","Mon Sep 28 07:56:29 UTC 2026","testcases.transfer.TransferTest","Surefire test","testcases.transfer.TransferTest","trfPartnerRefManualSpvFailed"
"Get List Group Company BO","4618","getListGroupCompanyBO","Surefire suite","Mon Sep 28 08:17:46 UTC 2026","passed","Mon Sep 28 08:17:51 UTC 2026","testcases.backoffice.settlement.GetListGroupCompanyTest","Surefire test","testcases.backoffice.settlement.GetListGroupCompanyTest","getListGroupCompanyBO"
"Refund Summary Dengan Token Backoffice Valid Tapi Tanpa Header pbyv","1508","getRefundWithoutPbyvHeader","Surefire suite","Mon Sep 28 08:39:54 UTC 2026","passed","Mon Sep 28 08:39:55 UTC 2026","testcases.backoffice.refund.GetRefundTest","Surefire test","testcases.backoffice.refund.GetRefundTest","getRefundWithoutPbyvHeader"
"Created Favorite Account Dengan Token Tidak Valid","1590","createdFavoriteAccountWithInvalidToken","Surefire suite","Mon Sep 28 08:37:29 UTC 2026","passed","Mon Sep 28 08:37:30 UTC 2026","testcases.settings.favoriteaccount.CreatedFavoriteAccountTest","Surefire test","testcases.settings.favoriteaccount.CreatedFavoriteAccountTest","createdFavoriteAccountWithInvalidToken"
"Request Refund Transfer Waiting Merchant","4803","refundTransferWaitingMerchant","Surefire suite","Mon Sep 28 08:43:25 UTC 2026","passed","Mon Sep 28 08:43:29 UTC 2026","testcases.transfer.RefundTransferTest","Surefire test","testcases.transfer.RefundTransferTest","refundTransferWaitingMerchant"
"Refund Summary Tanpa Body Sama Sekali","2202","getRefundWithoutBody","Surefire suite","Mon Sep 28 08:39:44 UTC 2026","passed","Mon Sep 28 08:39:46 UTC 2026","testcases.backoffice.refund.GetRefundTest","Surefire test","testcases.backoffice.refund.GetRefundTest","getRefundWithoutBody"
"Get List Google Authenticator Dengan Token Tidak Valid","1416","listOtpGoogleWithInvalidToken","Surefire suite","Mon Sep 28 08:44:40 UTC 2026","passed","Mon Sep 28 08:44:41 UTC 2026","testcases.backoffice.googleauth.ListOtpGoogleTest","Surefire test","testcases.backoffice.googleauth.ListOtpGoogleTest","listOtpGoogleWithInvalidToken"
"Test Settlement USDT CS Admin dengan check Fee di Admin Crypto dan Admin Fee","46622","settlementUSDTCSAdmin","Surefire suite","Mon Sep 28 09:30:39 UTC 2026","passed","Mon Sep 28 09:31:26 UTC 2026","testcases.backoffice.ApprovalTransferTest","Surefire test","testcases.backoffice.ApprovalTransferTest","settlementUSDTCSAdmin"
"Get Detail Waiting Company Backoffice Menggunakan Login CS Admin","4664","getDetailWaitingCompanyWithCSAdminLogin","Surefire suite","Mon Sep 28 08:31:28 UTC 2026","passed","Mon Sep 28 08:31:33 UTC 2026","testcases.backoffice.GetDetailWaitingCompanyTest","Surefire test","testcases.backoffice.GetDetailWaitingCompanyTest","getDetailWaitingCompanyWithCSAdminLogin"
"Get Balance Merchant with Login CS","5946","getBalanceMerchantLoginCS","Surefire suite","Mon Sep 28 07:55:06 UTC 2026","passed","Mon Sep 28 07:55:12 UTC 2026","testcases.balance.GetBalanceQrisTest","Surefire test","testcases.balance.GetBalanceQrisTest","getBalanceMerchantLoginCS"
"Mutasi Transaction Admin","7761","mutasiAdmin","Surefire suite","Mon Sep 28 10:02:40 UTC 2026","passed","Mon Sep 28 10:02:48 UTC 2026","testcases.mutasi.MutasiTransferTest","Surefire test","testcases.mutasi.MutasiTransferTest","mutasiAdmin"
"Success Login Group","4157","testLoginGroup","Surefire suite","Mon Sep 28 07:55:03 UTC 2026","passed","Mon Sep 28 07:55:07 UTC 2026","testcases.auth.LoginTest","Surefire test","testcases.auth.LoginTest","testLoginGroup"
"Get List Google Authenticator Dengan Body Berupa JSON Array ([])","4582","listOtpGoogleWithArrayBody","Surefire suite","Mon Sep 28 08:43:25 UTC 2026","passed","Mon Sep 28 08:43:30 UTC 2026","testcases.backoffice.googleauth.ListOtpGoogleTest","Surefire test","testcases.backoffice.googleauth.ListOtpGoogleTest","listOtpGoogleWithArrayBody"
"Create Manage Settlement BO Menggunakan HTTP Method PATCH","4578","addManageSettlementWithPatchMethod","Surefire suite","Mon Sep 28 08:12:37 UTC 2026","passed","Mon Sep 28 08:12:41 UTC 2026","testcases.backoffice.settlement.AddManageSettlementTest","Surefire test","testcases.backoffice.settlement.AddManageSettlementTest","addManageSettlementWithPatchMethod"
"Add Currency CS Admin Path Dengan Body JSON Tidak Valid (Malformed)","1548","addCurrencyWithMalformedJson","Surefire suite","Mon Sep 28 09:36:33 UTC 2026","passed","Mon Sep 28 09:36:35 UTC 2026","testcases.backoffice.currency.AddCurrencyTest","Surefire test","testcases.backoffice.currency.AddCurrencyTest","addCurrencyWithMalformedJson"
"Resend Google Authenticator Dengan email Kosong","4809","resendOtpGoogleWithEmptyEmail","Surefire suite","Mon Sep 28 08:45:48 UTC 2026","passed","Mon Sep 28 08:45:53 UTC 2026","testcases.backoffice.googleauth.ResendOtpGoogleTest","Surefire test","testcases.backoffice.googleauth.ResendOtpGoogleTest","resendOtpGoogleWithEmptyEmail"
"Delete Favorite Account Dengan id Sangat Panjang","2178","deleteFavoriteAccountWithVeryLongId","Surefire suite","Mon Sep 28 08:11:13 UTC 2026","failed","Mon Sep 28 08:11:16 UTC 2026","testcases.settings.favoriteaccount.DeleteFavoriteAccountTest","Surefire test","testcases.settings.favoriteaccount.DeleteFavoriteAccountTest","deleteFavoriteAccountWithVeryLongId"
"Delete Favorite Account Tanpa Field pin","42401","deleteFavoriteAccountWithoutPinField","Surefire suite","Mon Sep 28 08:12:01 UTC 2026","failed","Mon Sep 28 08:12:43 UTC 2026","testcases.settings.favoriteaccount.DeleteFavoriteAccountTest","Surefire test","testcases.settings.favoriteaccount.DeleteFavoriteAccountTest","deleteFavoriteAccountWithoutPinField"
"Delete Manage Settlement BO Menggunakan Login Merchant","4727","deleteManageSettlementWithMerchantLogin","Surefire suite","Mon Sep 28 08:15:57 UTC 2026","passed","Mon Sep 28 08:16:02 UTC 2026","testcases.backoffice.settlement.DeleteManageSettlementTest","Surefire test","testcases.backoffice.settlement.DeleteManageSettlementTest","deleteManageSettlementWithMerchantLogin"
"Inquiry Favorite Account Menggunakan HTTP Method PATCH","1502","inquiryFavoriteAccountWithPatchMethod","Surefire suite","Mon Sep 28 08:35:50 UTC 2026","passed","Mon Sep 28 08:35:51 UTC 2026","testcases.settings.favoriteaccount.InquiryFavoriteAccountTest","Surefire test","testcases.settings.favoriteaccount.InquiryFavoriteAccountTest","inquiryFavoriteAccountWithPatchMethod"
"Inquiry Favorite Account Dengan Header Authorization Tanpa Skema Bearer","1502","inquiryFavoriteAccountWithMalformedAuthorizationHeader","Surefire suite","Mon Sep 28 08:35:32 UTC 2026","passed","Mon Sep 28 08:35:33 UTC 2026","testcases.settings.favoriteaccount.InquiryFavoriteAccountTest","Surefire test","testcases.settings.favoriteaccount.InquiryFavoriteAccountTest","inquiryFavoriteAccountWithMalformedAuthorizationHeader"
"Get List Favorite Account Menggunakan HTTP Method PUT","1603","getListFavoriteAccountWithPutMethod","Surefire suite","Mon Sep 28 10:22:16 UTC 2026","passed","Mon Sep 28 10:22:18 UTC 2026","testcases.settings.favoriteaccount.GetListFavoriteAccountTest","Surefire test","testcases.settings.favoriteaccount.GetListFavoriteAccountTest","getListFavoriteAccountWithPutMethod"
"Refund Summary Dengan startDate Setelah endDate (Rentang Terbalik)","1586","getRefundWithReversedRange","Surefire suite","Mon Sep 28 08:38:57 UTC 2026","passed","Mon Sep 28 08:38:58 UTC 2026","testcases.backoffice.refund.GetRefundTest","Surefire test","testcases.backoffice.refund.GetRefundTest","getRefundWithReversedRange"
"Get List Group Company BO Menggunakan HTTP Method POST","15549","getListGroupCompanyWithPostMethod","Surefire suite","Mon Sep 28 08:19:47 UTC 2026","passed","Mon Sep 28 08:20:02 UTC 2026","testcases.backoffice.settlement.GetListGroupCompanyTest","Surefire test","testcases.backoffice.settlement.GetListGroupCompanyTest","getListGroupCompanyWithPostMethod"
"Get List Group Company BO Menggunakan Login Customer Service","4711","getListGroupCompanyWithCSLogin","Surefire suite","Mon Sep 28 08:18:17 UTC 2026","passed","Mon Sep 28 08:18:21 UTC 2026","testcases.backoffice.settlement.GetListGroupCompanyTest","Surefire test","testcases.backoffice.settlement.GetListGroupCompanyTest","getListGroupCompanyWithCSLogin"
"List Company Backoffice Dengan Karakter SQL Injection pada Field Param - Menemukan Bug Gateway Timeout","4568","listCompanyWithSqlInjectionParam","Surefire suite","Mon Sep 28 08:51:23 UTC 2026","passed","Mon Sep 28 08:51:28 UTC 2026","testcases.backoffice.ListCompanyTest","Surefire test","testcases.backoffice.ListCompanyTest","listCompanyWithSqlInjectionParam"
"List Currency USDT Dengan Token Tidak Valid","1530","getCurrencyWithInvalidToken","Surefire suite","Mon Sep 28 08:26:49 UTC 2026","passed","Mon Sep 28 08:26:51 UTC 2026","testcases.backoffice.currency.GetCurrencyTest","Surefire test","testcases.backoffice.currency.GetCurrencyTest","getCurrencyWithInvalidToken"
"Created Favorite Account Tanpa Body Sama Sekali","1459","createdFavoriteAccountWithoutBody","Surefire suite","Mon Sep 28 08:38:37 UTC 2026","passed","Mon Sep 28 08:38:38 UTC 2026","testcases.settings.favoriteaccount.CreatedFavoriteAccountTest","Surefire test","testcases.settings.favoriteaccount.CreatedFavoriteAccountTest","createdFavoriteAccountWithoutBody"
"Edit User Backoffice","9571","editUserBackoffice","Surefire suite","Mon Sep 28 08:21:49 UTC 2026","passed","Mon Sep 28 08:21:59 UTC 2026","testcases.backoffice.users.EditUserTest","Surefire test","testcases.backoffice.users.EditUserTest","editUserBackoffice"
"Resend Google Authenticator Menggunakan HTTP Method PATCH","4610","resendOtpGoogleWithPatchMethod","Surefire suite","Mon Sep 28 08:47:26 UTC 2026","passed","Mon Sep 28 08:47:31 UTC 2026","testcases.backoffice.googleauth.ResendOtpGoogleTest","Surefire test","testcases.backoffice.googleauth.ResendOtpGoogleTest","resendOtpGoogleWithPatchMethod"
"Delete Manage Settlement BO Dengan Format id Tidak Valid (Bukan ObjectId)","4521","deleteManageSettlementWithMalformedId","Surefire suite","Mon Sep 28 08:15:42 UTC 2026","passed","Mon Sep 28 08:15:47 UTC 2026","testcases.backoffice.settlement.DeleteManageSettlementTest","Surefire test","testcases.backoffice.settlement.DeleteManageSettlementTest","deleteManageSettlementWithMalformedId"
"Get Notification Sender Dengan Page/Size Negatif","4820","getNotificationSenderWithNegativePageSize","Surefire suite","Mon Sep 28 08:42:38 UTC 2026","passed","Mon Sep 28 08:42:43 UTC 2026","testcases.backoffice.notifsender.NotificationSenderTest","Surefire test","testcases.backoffice.notifsender.NotificationSenderTest","getNotificationSenderWithNegativePageSize"
"Get Balance Merchant with Login Admin","4672","getFailedBalanceMerchantLoginAdmin","Surefire suite","Mon Sep 28 07:55:28 UTC 2026","passed","Mon Sep 28 07:55:32 UTC 2026","testcases.balance.GetBalanceQrisTest","Surefire test","testcases.balance.GetBalanceQrisTest","getFailedBalanceMerchantLoginAdmin"
"Delete Favorite Account Dengan Body JSON Tidak Valid (Malformed)","1505","deleteFavoriteAccountWithMalformedJson","Surefire suite","Mon Sep 28 08:10:39 UTC 2026","passed","Mon Sep 28 08:10:40 UTC 2026","testcases.settings.favoriteaccount.DeleteFavoriteAccountTest","Surefire test","testcases.settings.favoriteaccount.DeleteFavoriteAccountTest","deleteFavoriteAccountWithMalformedJson"
"Delete Favorite Account Dengan id String Kosong","1830","deleteFavoriteAccountWithEmptyId","Surefire suite","Mon Sep 28 08:10:01 UTC 2026","failed","Mon Sep 28 08:10:03 UTC 2026","testcases.settings.favoriteaccount.DeleteFavoriteAccountTest","Surefire test","testcases.settings.favoriteaccount.DeleteFavoriteAccountTest","deleteFavoriteAccountWithEmptyId"
"Get List Group Company BO Dengan groupName Tidak Terdaftar","4542","getListGroupCompanyWithNonExistentGroupName","Surefire suite","Mon Sep 28 08:19:24 UTC 2026","passed","Mon Sep 28 08:19:29 UTC 2026","testcases.backoffice.settlement.GetListGroupCompanyTest","Surefire test","testcases.backoffice.settlement.GetListGroupCompanyTest","getListGroupCompanyWithNonExistentGroupName"
"Add Currency CS Admin Path Menggunakan HTTP Method GET","1935","addCurrencyWithGetMethod","Surefire suite","Mon Sep 28 09:36:15 UTC 2026","passed","Mon Sep 28 09:36:16 UTC 2026","testcases.backoffice.currency.AddCurrencyTest","Surefire test","testcases.backoffice.currency.AddCurrencyTest","addCurrencyWithGetMethod"
"Get List Google Authenticator Tanpa Body Sama Sekali","4527","listOtpGoogleWithoutBody","Surefire suite","Mon Sep 28 08:46:41 UTC 2026","passed","Mon Sep 28 08:46:46 UTC 2026","testcases.backoffice.googleauth.ListOtpGoogleTest","Surefire test","testcases.backoffice.googleauth.ListOtpGoogleTest","listOtpGoogleWithoutBody"
"List Manage Settlement Backoffice Dengan Token Backoffice Valid Tapi Tanpa Header pbyv","4597","listManageSettlementWithoutPbyvHeader","Surefire suite","Mon Sep 28 08:38:43 UTC 2026","passed","Mon Sep 28 08:38:48 UTC 2026","testcases.backoffice.settlement.ManageSettlementTest","Surefire test","testcases.backoffice.settlement.ManageSettlementTest","listManageSettlementWithoutPbyvHeader"
"Get List Group Company BO Dengan groupName Berisi Spasi","6962","getListGroupCompanyWithWhitespaceGroupName","Surefire suite","Mon Sep 28 08:20:39 UTC 2026","passed","Mon Sep 28 08:20:46 UTC 2026","testcases.backoffice.settlement.GetListGroupCompanyTest","Surefire test","testcases.backoffice.settlement.GetListGroupCompanyTest","getListGroupCompanyWithWhitespaceGroupName"
"Get List Favorite Account Dengan Content-Type text/plain","1599","getListFavoriteAccountWithWrongContentType","Surefire suite","Mon Sep 28 10:22:39 UTC 2026","passed","Mon Sep 28 10:22:40 UTC 2026","testcases.settings.favoriteaccount.GetListFavoriteAccountTest","Surefire test","testcases.settings.favoriteaccount.GetListFavoriteAccountTest","getListFavoriteAccountWithWrongContentType"
"Login Merchant dengan Captcha Salah","3164","testLoginWrongCaptcha","Surefire suite","Mon Sep 28 08:09:13 UTC 2026","passed","Mon Sep 28 08:09:16 UTC 2026","testcases.auth.LoginTest","Surefire test","testcases.auth.LoginTest","testLoginWrongCaptcha"
"Get History Flop Transfer Test CS","12616","historyFlopTransferTestCS","Surefire suite","Mon Sep 28 09:51:16 UTC 2026","passed","Mon Sep 28 09:51:29 UTC 2026","testcases.history.HistoryTransferTest","Surefire test","testcases.history.HistoryTransferTest","historyFlopTransferTestCS"
"Inquiry Test Special Transfer Merchant","5079","inquirySpecialTransfer","Surefire suite","Mon Sep 28 08:02:53 UTC 2026","passed","Mon Sep 28 08:02:58 UTC 2026","testcases.transfer.InquirySpecialTransferTest","Surefire test","testcases.transfer.InquirySpecialTransferTest","inquirySpecialTransfer"
"List Currency USDT Dengan Page/Size Negatif","1551","getCurrencyWithNegativePageSize","Surefire suite","Mon Sep 28 08:27:23 UTC 2026","passed","Mon Sep 28 08:27:24 UTC 2026","testcases.backoffice.currency.GetCurrencyTest","Surefire test","testcases.backoffice.currency.GetCurrencyTest","getCurrencyWithNegativePageSize"
"Get History Transfer Supervisor on Login CS Admin","12511","historyTransferSupervisorTestCSAdmin","Surefire suite","Mon Sep 28 09:55:48 UTC 2026","passed","Mon Sep 28 09:56:00 UTC 2026","testcases.history.HistoryTransferTest","Surefire test","testcases.history.HistoryTransferTest","historyTransferSupervisorTestCSAdmin"
"Get List Google Authenticator Menggunakan Login CS Admin","4556","listOtpGoogleWithCSAdminLogin","Surefire suite","Mon Sep 28 08:43:33 UTC 2026","passed","Mon Sep 28 08:43:37 UTC 2026","testcases.backoffice.googleauth.ListOtpGoogleTest","Surefire test","testcases.backoffice.googleauth.ListOtpGoogleTest","listOtpGoogleWithCSAdminLogin"
