"DESCRIPTION","DURATION IN MS","NAME","PARENT SUITE","START TIME","STATUS","STOP TIME","SUB SUITE","SUITE","TEST CLASS","TEST METHOD"
"Reset Pin Admin","7079","resetPinAdmin","Surefire suite","Tue Sep 01 07:56:30 UTC 2026","passed","Tue Sep 01 07:56:37 UTC 2026","testcases.settings.ResetPinTest","Surefire test","testcases.settings.ResetPinTest","resetPinAdmin"
"Mutasi Transfer CS","11525","mutasiTransferCS","Surefire suite","Tue Sep 01 07:01:28 UTC 2026","passed","Tue Sep 01 07:01:39 UTC 2026","testcases.mutasi.MutasiTransferTest","Surefire test","testcases.mutasi.MutasiTransferTest","mutasiTransferCS"
"Normal Transfer USDT Supervisor Success","6540","usdtTransferSupervisor","Surefire suite","Tue Sep 01 06:23:52 UTC 2026","passed","Tue Sep 01 06:23:58 UTC 2026","testcases.transfer.TransferUSDTTest","Surefire test","testcases.transfer.TransferUSDTTest","usdtTransferSupervisor"
"Get Group Detail Backoffice Dengan Group Id Berisi Payload XSS","4751","getGroupDetailWithXssId","Surefire suite","Tue Sep 01 07:31:24 UTC 2026","passed","Tue Sep 01 07:31:28 UTC 2026","testcases.backoffice.GetGroupTest","Surefire test","testcases.backoffice.GetGroupTest","getGroupDetailWithXssId"
"List User Backoffice Menggunakan Login Merchant","4500","listUsersWithMerchantLogin","Surefire suite","Tue Sep 01 07:26:42 UTC 2026","passed","Tue Sep 01 07:26:46 UTC 2026","testcases.backoffice.ListUsersTest","Surefire test","testcases.backoffice.ListUsersTest","listUsersWithMerchantLogin"
"Reset Password Supervisor","5610","resetPasswordSupervisor","Surefire suite","Tue Sep 01 07:54:39 UTC 2026","passed","Tue Sep 01 07:54:45 UTC 2026","testcases.settings.ResetPasswordTest","Surefire test","testcases.settings.ResetPasswordTest","resetPasswordSupervisor"
"List Manage Settlement Backoffice Dengan Content-Type text/plain","4372","listManageSettlementWithWrongContentType","Surefire suite","Tue Sep 01 07:47:49 UTC 2026","passed","Tue Sep 01 07:47:53 UTC 2026","testcases.backoffice.settlement.ManageSettlementTest","Surefire test","testcases.backoffice.settlement.ManageSettlementTest","listManageSettlementWithWrongContentType"
"","7455","listRefundAdmin","Surefire suite","Tue Sep 01 07:21:02 UTC 2026","passed","Tue Sep 01 07:21:09 UTC 2026","testcases.backoffice.ListRefundTest","Surefire test","testcases.backoffice.ListRefundTest","listRefundAdmin"
"List Manage Settlement Backoffice Tanpa Login/Header Auth","1422","listManageSettlementWithoutAuth","Surefire suite","Tue Sep 01 07:48:11 UTC 2026","passed","Tue Sep 01 07:48:13 UTC 2026","testcases.backoffice.settlement.ManageSettlementTest","Surefire test","testcases.backoffice.settlement.ManageSettlementTest","listManageSettlementWithoutAuth"
"Normal Transfer USDT Balance Success","10985","transferBalance","Surefire suite","Tue Sep 01 06:21:40 UTC 2026","passed","Tue Sep 01 06:21:51 UTC 2026","testcases.transfer.TransferUSDTTest","Surefire test","testcases.transfer.TransferUSDTTest","transferBalance"
"Transfer Different Partner Reference, USDT Transfer to Transfer","20341","trfPartnerRefUSDTFailed","Surefire suite","Tue Sep 01 06:06:56 UTC 2026","passed","Tue Sep 01 06:07:16 UTC 2026","testcases.transfer.TransferTest","Surefire test","testcases.transfer.TransferTest","trfPartnerRefUSDTFailed"
"Login Merchant tanpa Parameter Password","2825","testLoginMissingPasswordParam","Surefire suite","Tue Sep 01 05:46:44 UTC 2026","passed","Tue Sep 01 05:46:46 UTC 2026","testcases.auth.LoginTest","Surefire test","testcases.auth.LoginTest","testLoginMissingPasswordParam"
"Reset Password Backoffice","4741","resetPasswordBackoffice","Surefire suite","Tue Sep 01 07:53:52 UTC 2026","passed","Tue Sep 01 07:53:57 UTC 2026","testcases.settings.ResetPasswordTest","Surefire test","testcases.settings.ResetPasswordTest","resetPasswordBackoffice"
"Generate QR Success paid","6345","paidQR","Surefire suite","Tue Sep 01 06:29:23 UTC 2026","passed","Tue Sep 01 06:29:30 UTC 2026","testcases.QR.GenerateQRPaidTest","Surefire test","testcases.QR.GenerateQRPaidTest","paidQR"
"Get Detail Waiting Company Backoffice Dengan Token Kadaluarsa","1540","getDetailWaitingCompanyWithExpiredToken","Surefire suite","Tue Sep 01 07:41:17 UTC 2026","passed","Tue Sep 01 07:41:19 UTC 2026","testcases.backoffice.GetDetailWaitingCompanyTest","Surefire test","testcases.backoffice.GetDetailWaitingCompanyTest","getDetailWaitingCompanyWithExpiredToken"
"Get History Manual Transfer Test Admin","11442","historyManualTransferTestAdmin","Surefire suite","Tue Sep 01 05:53:57 UTC 2026","passed","Tue Sep 01 05:54:09 UTC 2026","testcases.history.HistoryTransferTest","Surefire test","testcases.history.HistoryTransferTest","historyManualTransferTestAdmin"
"Get Detail User Backoffice Dengan Token Tidak Valid","1553","getUsersWithInvalidToken","Surefire suite","Tue Sep 01 07:24:55 UTC 2026","passed","Tue Sep 01 07:24:57 UTC 2026","testcases.backoffice.ListUsersTest","Surefire test","testcases.backoffice.ListUsersTest","getUsersWithInvalidToken"
"Get History Transfer Merchant on Login CS Admin","12335","historyTransferMerchantTestCSAdmin","Surefire suite","Tue Sep 01 05:56:57 UTC 2026","passed","Tue Sep 01 05:57:09 UTC 2026","testcases.history.HistoryTransferTest","Surefire test","testcases.history.HistoryTransferTest","historyTransferMerchantTestCSAdmin"
"Get Dashboard Backoffice Menggunakan Login Marketing","4566","getDashboardWithMarketingLogin","Surefire suite","Tue Sep 01 06:35:40 UTC 2026","passed","Tue Sep 01 06:35:44 UTC 2026","testcases.backoffice.GetDashboardTest","Surefire test","testcases.backoffice.GetDashboardTest","getDashboardWithMarketingLogin"
"Generate QR Success with before and after Balance","12165","generateQRTestPaidBalance","Surefire suite","Tue Sep 01 06:29:08 UTC 2026","passed","Tue Sep 01 06:29:20 UTC 2026","testcases.QR.GenerateQRPaidTest","Surefire test","testcases.QR.GenerateQRPaidTest","generateQRTestPaidBalance"
"List Waiting Company Backoffice Dengan Page/Size Negatif","4620","listWaitingCompanyWithNegativePageSize","Surefire suite","Tue Sep 01 07:38:28 UTC 2026","passed","Tue Sep 01 07:38:32 UTC 2026","testcases.backoffice.ListWaitingCompanyTest","Surefire test","testcases.backoffice.ListWaitingCompanyTest","listWaitingCompanyWithNegativePageSize"
"Get History Special Transfer Supervisor on Login CS Admin","11057","historySpecialTransferSupervisorTestCSAdmin","Surefire suite","Tue Sep 01 05:55:27 UTC 2026","passed","Tue Sep 01 05:55:38 UTC 2026","testcases.history.HistoryTransferTest","Surefire test","testcases.history.HistoryTransferTest","historySpecialTransferSupervisorTestCSAdmin"
"Get History Flop Transfer Test CS","11934","historyFlopTransferTestCS","Surefire suite","Tue Sep 01 05:52:51 UTC 2026","passed","Tue Sep 01 05:53:03 UTC 2026","testcases.history.HistoryTransferTest","Surefire test","testcases.history.HistoryTransferTest","historyFlopTransferTestCS"
"Mutasi Transfer Balance CS","13656","mutasiTransferBalanceCS","Surefire suite","Tue Sep 01 07:01:11 UTC 2026","passed","Tue Sep 01 07:01:25 UTC 2026","testcases.mutasi.MutasiTransferTest","Surefire test","testcases.mutasi.MutasiTransferTest","mutasiTransferBalanceCS"
"Test Approve Special Transfer Supervisor dengan check Fee di Admin Fee","25359","approvedSpecialTransferSupervisorBalance","Surefire suite","Tue Sep 01 06:41:18 UTC 2026","passed","Tue Sep 01 06:41:44 UTC 2026","testcases.backoffice.ApprovalTransferTest","Surefire test","testcases.backoffice.ApprovalTransferTest","approvedSpecialTransferSupervisorBalance"
"Get Group Detail Backoffice Dengan Token Tidak Valid","1542","getGroupDetailWithInvalidToken","Surefire suite","Tue Sep 01 07:29:51 UTC 2026","passed","Tue Sep 01 07:29:53 UTC 2026","testcases.backoffice.GetGroupTest","Surefire test","testcases.backoffice.GetGroupTest","getGroupDetailWithInvalidToken"
"Get History Manual Transfer Test Supervisor","7998","historyManualTransferTestSupervisor","Surefire suite","Tue Sep 01 05:54:51 UTC 2026","passed","Tue Sep 01 05:54:59 UTC 2026","testcases.history.HistoryTransferTest","Surefire test","testcases.history.HistoryTransferTest","historyManualTransferTestSupervisor"
"Get Balance Merchant","4885","getBalanceMerchant","Surefire suite","Tue Sep 01 06:31:07 UTC 2026","passed","Tue Sep 01 06:31:12 UTC 2026","testcases.balance.GetBalanceQrisTest","Surefire test","testcases.balance.GetBalanceQrisTest","getBalanceMerchant"
"Normal Transfer with Account Supervisor","7100","transferSupervisor","Surefire suite","Tue Sep 01 06:04:43 UTC 2026","passed","Tue Sep 01 06:04:50 UTC 2026","testcases.transfer.TransferTest","Surefire test","testcases.transfer.TransferTest","transferSupervisor"
"Get Group Detail Backoffice Menggunakan Login Supervisor","4480","getGroupDetailWithSupervisorLogin","Surefire suite","Tue Sep 01 07:31:09 UTC 2026","passed","Tue Sep 01 07:31:13 UTC 2026","testcases.backoffice.GetGroupTest","Surefire test","testcases.backoffice.GetGroupTest","getGroupDetailWithSupervisorLogin"
"List Manage Settlement Backoffice Dengan Body Kosong ({})","4526","listManageSettlementWithEmptyBody","Surefire suite","Tue Sep 01 07:45:34 UTC 2026","passed","Tue Sep 01 07:45:38 UTC 2026","testcases.backoffice.settlement.ManageSettlementTest","Surefire test","testcases.backoffice.settlement.ManageSettlementTest","listManageSettlementWithEmptyBody"
"List Manage Settlement Backoffice Dengan Page/Size Negatif","4568","listManageSettlementWithNegativePageSize","Surefire suite","Tue Sep 01 07:46:56 UTC 2026","passed","Tue Sep 01 07:47:00 UTC 2026","testcases.backoffice.settlement.ManageSettlementTest","Surefire test","testcases.backoffice.settlement.ManageSettlementTest","listManageSettlementWithNegativePageSize"
"Test Get Report Transfer Company","9552","getReportTransferAdminCrypto","Surefire suite","Tue Sep 01 07:09:20 UTC 2026","passed","Tue Sep 01 07:09:30 UTC 2026","testcases.report.ReportTransferTest","Surefire test","testcases.report.ReportTransferTest","getReportTransferAdminCrypto"
"","4712","listRefundAdminCrypto","Surefire suite","Tue Sep 01 07:21:12 UTC 2026","passed","Tue Sep 01 07:21:17 UTC 2026","testcases.backoffice.ListRefundTest","Surefire test","testcases.backoffice.ListRefundTest","listRefundAdminCrypto"
"Get History Special Transfer Test Admin","11368","historySpecialTransferTestAdmin","Surefire suite","Tue Sep 01 05:55:52 UTC 2026","passed","Tue Sep 01 05:56:04 UTC 2026","testcases.history.HistoryTransferTest","Surefire test","testcases.history.HistoryTransferTest","historySpecialTransferTestAdmin"
"List Waiting Company Backoffice Tanpa Body Sama Sekali","4650","listWaitingCompanyWithoutBody","Surefire suite","Tue Sep 01 07:39:03 UTC 2026","passed","Tue Sep 01 07:39:07 UTC 2026","testcases.backoffice.ListWaitingCompanyTest","Surefire test","testcases.backoffice.ListWaitingCompanyTest","listWaitingCompanyWithoutBody"
"Get History QR Paid Merchant on login CS Admin","14738","historyQRPaidMerchantCSAdmin","Surefire suite","Tue Sep 01 05:48:46 UTC 2026","passed","Tue Sep 01 05:49:01 UTC 2026","testcases.history.HistoryQRTest","Surefire test","testcases.history.HistoryQRTest","historyQRPaidMerchantCSAdmin"
"Success Login Customer Service","3093","testLoginCS","Surefire suite","Tue Sep 01 05:46:01 UTC 2026","passed","Tue Sep 01 05:46:04 UTC 2026","testcases.auth.LoginTest","Surefire test","testcases.auth.LoginTest","testLoginCS"
"Success Assignment Cash Deposit","13175","assignCashDepositTest","Surefire suite","Tue Sep 01 06:50:11 UTC 2026","passed","Tue Sep 01 06:50:24 UTC 2026","testcases.backoffice.TransferAssignmentTest","Surefire test","testcases.backoffice.TransferAssignmentTest","assignCashDepositTest"
"Get Balance Merchant with Login Marketing","4732","getFailedBalanceMerchantLoginMarketing","Surefire suite","Tue Sep 01 06:31:46 UTC 2026","passed","Tue Sep 01 06:31:51 UTC 2026","testcases.balance.GetBalanceQrisTest","Surefire test","testcases.balance.GetBalanceQrisTest","getFailedBalanceMerchantLoginMarketing"
"Mutasi Manual Transfer Supervisor","26513","mutasiManualTransferSupervisor","Surefire suite","Tue Sep 01 06:55:42 UTC 2026","passed","Tue Sep 01 06:56:08 UTC 2026","testcases.mutasi.MutasiTransferTest","Surefire test","testcases.mutasi.MutasiTransferTest","mutasiManualTransferSupervisor"
"Mutasi USDT Transfer Balance","30765","mutasiUSDTTransferBalanceSupervisor","Surefire suite","Tue Sep 01 07:04:19 UTC 2026","passed","Tue Sep 01 07:04:49 UTC 2026","testcases.mutasi.MutasiTransferTest","Surefire test","testcases.mutasi.MutasiTransferTest","mutasiUSDTTransferBalanceSupervisor"
"Request Refund Transfer Admin Crypto","4692","refundTransferAdminCrypto","Surefire suite","Tue Sep 01 07:19:12 UTC 2026","failed","Tue Sep 01 07:19:16 UTC 2026","testcases.transfer.RefundTransferTest","Surefire test","testcases.transfer.RefundTransferTest","refundTransferAdminCrypto"
"Request Refund Transfer Merchant","4806","refundTransferMerchant","Surefire suite","Tue Sep 01 07:19:27 UTC 2026","passed","Tue Sep 01 07:19:32 UTC 2026","testcases.transfer.RefundTransferTest","Surefire test","testcases.transfer.RefundTransferTest","refundTransferMerchant"
"Get Dashboard User Backoffice","7745","getDashboardSuperBO","Surefire suite","Tue Sep 01 06:34:54 UTC 2026","passed","Tue Sep 01 06:35:01 UTC 2026","testcases.backoffice.GetDashboardTest","Surefire test","testcases.backoffice.GetDashboardTest","getDashboardSuperBO"
"List Company Backoffice Menggunakan Login Admin Crypto","4616","listCompanyWithAdminCryptoLogin","Surefire suite","Tue Sep 01 07:33:04 UTC 2026","passed","Tue Sep 01 07:33:09 UTC 2026","testcases.backoffice.ListCompanyTest","Surefire test","testcases.backoffice.ListCompanyTest","listCompanyWithAdminCryptoLogin"
"List Waiting Company Backoffice Dengan Ukuran Halaman Sangat Besar","4774","listWaitingCompanyWithHugeSize","Surefire suite","Tue Sep 01 07:37:33 UTC 2026","passed","Tue Sep 01 07:37:38 UTC 2026","testcases.backoffice.ListWaitingCompanyTest","Surefire test","testcases.backoffice.ListWaitingCompanyTest","listWaitingCompanyWithHugeSize"
"Mutasi Manual Transfer Balance","32560","mutasiManualTransferBalance","Surefire suite","Tue Sep 01 06:52:52 UTC 2026","passed","Tue Sep 01 06:53:25 UTC 2026","testcases.mutasi.MutasiTransferTest","Surefire test","testcases.mutasi.MutasiTransferTest","mutasiManualTransferBalance"
"Get Group Detail Backoffice Menggunakan Login Group","4762","getGroupDetailWithGroupLogin","Surefire suite","Tue Sep 01 07:29:43 UTC 2026","passed","Tue Sep 01 07:29:48 UTC 2026","testcases.backoffice.GetGroupTest","Surefire test","testcases.backoffice.GetGroupTest","getGroupDetailWithGroupLogin"
"Get History Special Transfer Test Supervisor","8191","historySpecialTransferTestSupervisor","Surefire suite","Tue Sep 01 05:56:46 UTC 2026","passed","Tue Sep 01 05:56:54 UTC 2026","testcases.history.HistoryTransferTest","Surefire test","testcases.history.HistoryTransferTest","historySpecialTransferTestSupervisor"
"Get Detail Waiting Company Backoffice Menggunakan HTTP Method DELETE","4644","getDetailWaitingCompanyWithDeleteMethod","Surefire suite","Tue Sep 01 07:41:02 UTC 2026","passed","Tue Sep 01 07:41:06 UTC 2026","testcases.backoffice.GetDetailWaitingCompanyTest","Surefire test","testcases.backoffice.GetDetailWaitingCompanyTest","getDetailWaitingCompanyWithDeleteMethod"
"","4738","listSpecialTransfer","Surefire suite","Tue Sep 01 06:48:37 UTC 2026","passed","Tue Sep 01 06:48:42 UTC 2026","testcases.backoffice.ListTransferTest","Surefire test","testcases.backoffice.ListTransferTest","listSpecialTransfer"
"Inquiry Test Manual Transfer Merchant","6892","inquiryManualTransfer","Surefire suite","Tue Sep 01 06:14:53 UTC 2026","passed","Tue Sep 01 06:15:00 UTC 2026","testcases.transfer.InquiryManualTransferTest","Surefire test","testcases.transfer.InquiryManualTransferTest","inquiryManualTransfer"
"Mutasi Special Transfer Balance CS","25712","mutasiSpecialTransferBalanceCS","Surefire suite","Tue Sep 01 06:57:40 UTC 2026","passed","Tue Sep 01 06:58:06 UTC 2026","testcases.mutasi.MutasiTransferTest","Surefire test","testcases.mutasi.MutasiTransferTest","mutasiSpecialTransferBalanceCS"
"Get History USDT Transfer Test Supervisor","9522","historyUSDTTransferTestSupervisor","Surefire suite","Tue Sep 01 06:00:01 UTC 2026","passed","Tue Sep 01 06:00:10 UTC 2026","testcases.history.HistoryTransferTest","Surefire test","testcases.history.HistoryTransferTest","historyUSDTTransferTestSupervisor"
"Mutasi Special Transfer CS","20328","mutasiSpecialTransferCS","Surefire suite","Tue Sep 01 06:59:05 UTC 2026","passed","Tue Sep 01 06:59:26 UTC 2026","testcases.mutasi.MutasiTransferTest","Surefire test","testcases.mutasi.MutasiTransferTest","mutasiSpecialTransferCS"
"Get History USDT Transfer Test Admin","10842","historyUSDTTransferTestFeeAdmin","Surefire suite","Tue Sep 01 05:59:47 UTC 2026","passed","Tue Sep 01 05:59:58 UTC 2026","testcases.history.HistoryTransferTest","Surefire test","testcases.history.HistoryTransferTest","historyUSDTTransferTestFeeAdmin"
"Normal Special Transfer Success Admin Crypto","9374","specialTransferAdminCrypto","Surefire suite","Tue Sep 01 06:09:32 UTC 2026","passed","Tue Sep 01 06:09:41 UTC 2026","testcases.transfer.SpecialTransferTest","Surefire test","testcases.transfer.SpecialTransferTest","specialTransferAdminCrypto"
"Test Get Report Transaction Merchant","4591","getReportTransactionMerchant","Surefire suite","Tue Sep 01 07:07:52 UTC 2026","passed","Tue Sep 01 07:07:56 UTC 2026","testcases.report.ReportTransactionTest","Surefire test","testcases.report.ReportTransactionTest","getReportTransactionMerchant"
"Get Group Detail Backoffice Tanpa Login/Header Auth","1434","getGroupDetailWithoutAuth","Surefire suite","Tue Sep 01 07:31:31 UTC 2026","passed","Tue Sep 01 07:31:33 UTC 2026","testcases.backoffice.GetGroupTest","Surefire test","testcases.backoffice.GetGroupTest","getGroupDetailWithoutAuth"
"Mutasi Transfer Supervisor","8522","mutasiTransferSupervisor","Surefire suite","Tue Sep 01 07:01:42 UTC 2026","passed","Tue Sep 01 07:01:51 UTC 2026","testcases.mutasi.MutasiTransferTest","Surefire test","testcases.mutasi.MutasiTransferTest","mutasiTransferSupervisor"
"Test Rejected Special Transfer","11734","rejectedSpecialTransfer","Surefire suite","Tue Sep 01 06:44:39 UTC 2026","passed","Tue Sep 01 06:44:51 UTC 2026","testcases.backoffice.ApprovalTransferTest","Surefire test","testcases.backoffice.ApprovalTransferTest","rejectedSpecialTransfer"
"List Company Backoffice Dengan Body Kosong ({})","5340","listCompanyWithEmptyBody","Surefire suite","Tue Sep 01 07:33:27 UTC 2026","passed","Tue Sep 01 07:33:32 UTC 2026","testcases.backoffice.ListCompanyTest","Surefire test","testcases.backoffice.ListCompanyTest","listCompanyWithEmptyBody"
"Get Group Detail Backoffice Tanpa Group Id (Path Kosong)","4703","getGroupDetailWithEmptyId","Surefire suite","Tue Sep 01 07:29:24 UTC 2026","passed","Tue Sep 01 07:29:28 UTC 2026","testcases.backoffice.GetGroupTest","Surefire test","testcases.backoffice.GetGroupTest","getGroupDetailWithEmptyId"
"Get History Transfer Test Admin Crypto","7839","historyTransferTestAdminCrypto","Surefire suite","Tue Sep 01 05:57:52 UTC 2026","passed","Tue Sep 01 05:58:00 UTC 2026","testcases.history.HistoryTransferTest","Surefire test","testcases.history.HistoryTransferTest","historyTransferTestAdminCrypto"
"Normal Flop Transfer Balance Success","11549","flopTransferBalance","Surefire suite","Tue Sep 01 06:26:26 UTC 2026","passed","Tue Sep 01 06:26:37 UTC 2026","testcases.transfer.TransferFlopTest","Surefire test","testcases.transfer.TransferFlopTest","flopTransferBalance"
"List Waiting Company Backoffice Dengan Content-Type text/plain","4442","listWaitingCompanyWithWrongContentType","Surefire suite","Tue Sep 01 07:38:51 UTC 2026","passed","Tue Sep 01 07:38:55 UTC 2026","testcases.backoffice.ListWaitingCompanyTest","Surefire test","testcases.backoffice.ListWaitingCompanyTest","listWaitingCompanyWithWrongContentType"
"List Manage Settlement Backoffice Menggunakan HTTP Method GET","4719","listManageSettlementWithGetMethod","Surefire suite","Tue Sep 01 07:45:46 UTC 2026","passed","Tue Sep 01 07:45:51 UTC 2026","testcases.backoffice.settlement.ManageSettlementTest","Surefire test","testcases.backoffice.settlement.ManageSettlementTest","listManageSettlementWithGetMethod"
"Get History Manual Transfer Test","8109","historyManualTransferTest","Surefire suite","Tue Sep 01 05:53:46 UTC 2026","passed","Tue Sep 01 05:53:54 UTC 2026","testcases.history.HistoryTransferTest","Surefire test","testcases.history.HistoryTransferTest","historyManualTransferTest"
"Mutasi USDT Transfer Balance CS","31307","mutasiUSDTTransferBalanceCS","Surefire suite","Tue Sep 01 07:03:44 UTC 2026","passed","Tue Sep 01 07:04:16 UTC 2026","testcases.mutasi.MutasiTransferTest","Surefire test","testcases.mutasi.MutasiTransferTest","mutasiUSDTTransferBalanceCS"
"List Manage Settlement Backoffice Menggunakan Login Merchant","4643","listManageSettlementWithMerchantLogin","Surefire suite","Tue Sep 01 07:46:48 UTC 2026","passed","Tue Sep 01 07:46:53 UTC 2026","testcases.backoffice.settlement.ManageSettlementTest","Surefire test","testcases.backoffice.settlement.ManageSettlementTest","listManageSettlementWithMerchantLogin"
"Login Merchant dengan Username Tidak Terdaftar","2863","testLoginNonExistentUsername","Surefire suite","Tue Sep 01 05:46:55 UTC 2026","passed","Tue Sep 01 05:46:58 UTC 2026","testcases.auth.LoginTest","Surefire test","testcases.auth.LoginTest","testLoginNonExistentUsername"
"Get History USDT Transfer Merchant on Login CS Admin","11059","historyUSDTTransferMerchantTestCSAdmin","Surefire suite","Tue Sep 01 05:58:29 UTC 2026","passed","Tue Sep 01 05:58:40 UTC 2026","testcases.history.HistoryTransferTest","Surefire test","testcases.history.HistoryTransferTest","historyUSDTTransferMerchantTestCSAdmin"
"Reset Pin Marketing","4802","resetPinMarketing","Surefire suite","Tue Sep 01 07:57:20 UTC 2026","passed","Tue Sep 01 07:57:24 UTC 2026","testcases.settings.ResetPinTest","Surefire test","testcases.settings.ResetPinTest","resetPinMarketing"
"Reset Pin Supervisor","5173","resetPinSupervisor","Surefire suite","Tue Sep 01 07:57:35 UTC 2026","passed","Tue Sep 01 07:57:41 UTC 2026","testcases.settings.ResetPinTest","Surefire test","testcases.settings.ResetPinTest","resetPinSupervisor"
"Get Detail Waiting Company Backoffice Menggunakan HTTP Method PUT","4682","getDetailWaitingCompanyWithPutMethod","Surefire suite","Tue Sep 01 07:42:32 UTC 2026","passed","Tue Sep 01 07:42:37 UTC 2026","testcases.backoffice.GetDetailWaitingCompanyTest","Surefire test","testcases.backoffice.GetDetailWaitingCompanyTest","getDetailWaitingCompanyWithPutMethod"
"Mutasi Special Transfer Balance Supervisor CS","25244","mutasiSpecialTransferBalanceSupervisorCS","Surefire suite","Tue Sep 01 06:58:37 UTC 2026","passed","Tue Sep 01 06:59:02 UTC 2026","testcases.mutasi.MutasiTransferTest","Surefire test","testcases.mutasi.MutasiTransferTest","mutasiSpecialTransferBalanceSupervisorCS"
"List Refund Menggunakan Login Merchant","4679","listRefundWithMerchantLogin","Surefire suite","Tue Sep 01 07:22:41 UTC 2026","passed","Tue Sep 01 07:22:46 UTC 2026","testcases.backoffice.ListRefundTest","Surefire test","testcases.backoffice.ListRefundTest","listRefundWithMerchantLogin"
"List User Backoffice Tanpa Login/Header Auth","1481","listUsersWithoutAuth","Surefire suite","Tue Sep 01 07:27:12 UTC 2026","passed","Tue Sep 01 07:27:14 UTC 2026","testcases.backoffice.ListUsersTest","Surefire test","testcases.backoffice.ListUsersTest","listUsersWithoutAuth"
"List Manage Settlement Backoffice Ke Path yang Tidak Ada (Typo)","4665","listManageSettlementWithWrongPath","Surefire suite","Tue Sep 01 07:47:56 UTC 2026","passed","Tue Sep 01 07:48:01 UTC 2026","testcases.backoffice.settlement.ManageSettlementTest","Surefire test","testcases.backoffice.settlement.ManageSettlementTest","listManageSettlementWithWrongPath"
"List Refund Menggunakan Login Supervisor","4672","listRefundWithSupervisorLogin","Surefire suite","Tue Sep 01 07:23:04 UTC 2026","passed","Tue Sep 01 07:23:09 UTC 2026","testcases.backoffice.ListRefundTest","Surefire test","testcases.backoffice.ListRefundTest","listRefundWithSupervisorLogin"
"Get Detail Waiting Company Backoffice Tanpa Id (Path Kosong)","5026","getDetailWaitingCompanyWithEmptyId","Surefire suite","Tue Sep 01 07:41:09 UTC 2026","passed","Tue Sep 01 07:41:14 UTC 2026","testcases.backoffice.GetDetailWaitingCompanyTest","Surefire test","testcases.backoffice.GetDetailWaitingCompanyTest","getDetailWaitingCompanyWithEmptyId"
"Success Login Supervisor With Captcha","2992","testLoginSupervisor","Surefire suite","Tue Sep 01 05:47:14 UTC 2026","passed","Tue Sep 01 05:47:17 UTC 2026","testcases.auth.LoginTest","Surefire test","testcases.auth.LoginTest","testLoginSupervisor"
"Get History Special Transfer Test Admin Crypto","7964","historySpecialTransferTestAdminCrypto","Surefire suite","Tue Sep 01 05:56:07 UTC 2026","passed","Tue Sep 01 05:56:15 UTC 2026","testcases.history.HistoryTransferTest","Surefire test","testcases.history.HistoryTransferTest","historySpecialTransferTestAdminCrypto"
"List Refund Dengan Ukuran Halaman Sangat Besar","4829","listRefundWithHugeSize","Surefire suite","Tue Sep 01 07:21:51 UTC 2026","passed","Tue Sep 01 07:21:55 UTC 2026","testcases.backoffice.ListRefundTest","Surefire test","testcases.backoffice.ListRefundTest","listRefundWithHugeSize"
"Mutasi Manual Transfer Balance CS","32022","mutasiManualTransferBalanceSupervisorCS","Surefire suite","Tue Sep 01 06:54:37 UTC 2026","passed","Tue Sep 01 06:55:09 UTC 2026","testcases.mutasi.MutasiTransferTest","Surefire test","testcases.mutasi.MutasiTransferTest","mutasiManualTransferBalanceSupervisorCS"
"Get Detail User Backoffice Tanpa Login/Header Auth","1536","getUsersWithoutAuth","Surefire suite","Tue Sep 01 07:25:23 UTC 2026","passed","Tue Sep 01 07:25:25 UTC 2026","testcases.backoffice.ListUsersTest","Surefire test","testcases.backoffice.ListUsersTest","getUsersWithoutAuth"
"Get History Special Transfer Test CS","10985","historySpecialTransferTestCS","Surefire suite","Tue Sep 01 05:56:18 UTC 2026","passed","Tue Sep 01 05:56:29 UTC 2026","testcases.history.HistoryTransferTest","Surefire test","testcases.history.HistoryTransferTest","historySpecialTransferTestCS"
"Test Settlement USDT CS Admin dengan check Fee di Admin Crypto dan Admin Fee","45084","settlementUSDTCSAdmin","Surefire suite","Tue Sep 01 06:46:41 UTC 2026","passed","Tue Sep 01 06:47:26 UTC 2026","testcases.backoffice.ApprovalTransferTest","Surefire test","testcases.backoffice.ApprovalTransferTest","settlementUSDTCSAdmin"
"Get History USDT Transfer Test CS","10898","historyUSDTTransferTestCS","Surefire suite","Tue Sep 01 05:59:33 UTC 2026","passed","Tue Sep 01 05:59:44 UTC 2026","testcases.history.HistoryTransferTest","Surefire test","testcases.history.HistoryTransferTest","historyUSDTTransferTestCS"
"Mutasi Transfer Supervisor Balance CS","13272","mutasiTransferSupervisorBalanceCS","Surefire suite","Tue Sep 01 07:02:08 UTC 2026","passed","Tue Sep 01 07:02:21 UTC 2026","testcases.mutasi.MutasiTransferTest","Surefire test","testcases.mutasi.MutasiTransferTest","mutasiTransferSupervisorBalanceCS"
"Mutasi USDT Transfer","28188","mutasiUSDTTransfer","Surefire suite","Tue Sep 01 07:02:39 UTC 2026","passed","Tue Sep 01 07:03:07 UTC 2026","testcases.mutasi.MutasiTransferTest","Surefire test","testcases.mutasi.MutasiTransferTest","mutasiUSDTTransfer"
"List Refund Dengan Page/Size Negatif - Menemukan Bug Internal Server Error","4640","listRefundWithNegativePageSize","Surefire suite","Tue Sep 01 07:22:49 UTC 2026","passed","Tue Sep 01 07:22:53 UTC 2026","testcases.backoffice.ListRefundTest","Surefire test","testcases.backoffice.ListRefundTest","listRefundWithNegativePageSize"
"Mutasi Manual Transfer Supervisor CS","26695","mutasiManualTransferSupervisorCS","Surefire suite","Tue Sep 01 06:56:11 UTC 2026","passed","Tue Sep 01 06:56:38 UTC 2026","testcases.mutasi.MutasiTransferTest","Surefire test","testcases.mutasi.MutasiTransferTest","mutasiManualTransferSupervisorCS"
"Get History QR","6717","historyQRTest","Surefire suite","Tue Sep 01 05:49:04 UTC 2026","passed","Tue Sep 01 05:49:11 UTC 2026","testcases.history.HistoryQRTest","Surefire test","testcases.history.HistoryQRTest","historyQRTest"
"Get History Transfer Test Supervisor","8325","historyTransferTestSupervisor","Surefire suite","Tue Sep 01 05:58:18 UTC 2026","passed","Tue Sep 01 05:58:26 UTC 2026","testcases.history.HistoryTransferTest","Surefire test","testcases.history.HistoryTransferTest","historyTransferTestSupervisor"
"Get Dashboard Backoffice Menggunakan Login CS Admin","4600","getDashboardWithCSAdminLogin","Surefire suite","Tue Sep 01 06:35:20 UTC 2026","passed","Tue Sep 01 06:35:24 UTC 2026","testcases.backoffice.GetDashboardTest","Surefire test","testcases.backoffice.GetDashboardTest","getDashboardWithCSAdminLogin"
"Test Reject USDT Supervisor","17790","rejectedUSDTSupervisor","Surefire suite","Tue Sep 01 06:45:30 UTC 2026","passed","Tue Sep 01 06:45:48 UTC 2026","testcases.backoffice.ApprovalTransferTest","Surefire test","testcases.backoffice.ApprovalTransferTest","rejectedUSDTSupervisor"
"Success Assignment USDT Supervisor","12590","assignUSDTSupervisorTest","Surefire suite","Tue Sep 01 06:50:27 UTC 2026","passed","Tue Sep 01 06:50:39 UTC 2026","testcases.backoffice.TransferAssignmentTest","Surefire test","testcases.backoffice.TransferAssignmentTest","assignUSDTSupervisorTest"
"Get Group Detail Backoffice Dengan Group Id Berisi Spasi","4549","getGroupDetailWithWhitespaceId","Surefire suite","Tue Sep 01 07:31:16 UTC 2026","passed","Tue Sep 01 07:31:21 UTC 2026","testcases.backoffice.GetGroupTest","Surefire test","testcases.backoffice.GetGroupTest","getGroupDetailWithWhitespaceId"
"Get Detail Waiting Company Backoffice Dengan Token Tidak Valid","1466","getDetailWaitingCompanyWithInvalidToken","Surefire suite","Tue Sep 01 07:41:30 UTC 2026","passed","Tue Sep 01 07:41:31 UTC 2026","testcases.backoffice.GetDetailWaitingCompanyTest","Surefire test","testcases.backoffice.GetDetailWaitingCompanyTest","getDetailWaitingCompanyWithInvalidToken"
"Test Get Report RRN Dispute","4772","getReportRRNAdmin","Surefire suite","Tue Sep 01 07:07:29 UTC 2026","passed","Tue Sep 01 07:07:33 UTC 2026","testcases.report.ReportTransactionTest","Surefire test","testcases.report.ReportTransactionTest","getReportRRNAdmin"
"Get Group Detail Backoffice Menggunakan HTTP Method POST","4700","getGroupDetailWithPostMethod","Surefire suite","Tue Sep 01 07:30:46 UTC 2026","passed","Tue Sep 01 07:30:51 UTC 2026","testcases.backoffice.GetGroupTest","Surefire test","testcases.backoffice.GetGroupTest","getGroupDetailWithPostMethod"
"List Refund Menggunakan Login Backoffice","4585","listRefundWithBackofficeLogin","Surefire suite","Tue Sep 01 07:21:20 UTC 2026","passed","Tue Sep 01 07:21:25 UTC 2026","testcases.backoffice.ListRefundTest","Surefire test","testcases.backoffice.ListRefundTest","listRefundWithBackofficeLogin"
"Transfer Different Partner Reference, Special Transfer to Manual Transfer","20932","trfPartnerRefManualFailed","Surefire suite","Tue Sep 01 06:17:59 UTC 2026","passed","Tue Sep 01 06:18:20 UTC 2026","testcases.transfer.ManualTransferTest","Surefire test","testcases.transfer.ManualTransferTest","trfPartnerRefManualFailed"
"List Refund Dengan Field Sort Merujuk ke Kolom yang Tidak Ada","4641","listRefundWithInvalidSortField","Surefire suite","Tue Sep 01 07:22:14 UTC 2026","passed","Tue Sep 01 07:22:18 UTC 2026","testcases.backoffice.ListRefundTest","Surefire test","testcases.backoffice.ListRefundTest","listRefundWithInvalidSortField"
"Get Group Detail Backoffice Menggunakan Login CS Admin","4590","getGroupDetailWithCSAdminLogin","Surefire suite","Tue Sep 01 07:29:08 UTC 2026","passed","Tue Sep 01 07:29:13 UTC 2026","testcases.backoffice.GetGroupTest","Surefire test","testcases.backoffice.GetGroupTest","getGroupDetailWithCSAdminLogin"
"Reset Pin Admin Crypto","5037","resetPinAdminCrypto","Surefire suite","Tue Sep 01 07:56:40 UTC 2026","passed","Tue Sep 01 07:56:45 UTC 2026","testcases.settings.ResetPinTest","Surefire test","testcases.settings.ResetPinTest","resetPinAdminCrypto"
"Login Merchant dengan Captcha yang Dipakai Ulang","4322","testLoginReusedCaptcha","Surefire suite","Tue Sep 01 05:47:01 UTC 2026","passed","Tue Sep 01 05:47:05 UTC 2026","testcases.auth.LoginTest","Surefire test","testcases.auth.LoginTest","testLoginReusedCaptcha"
"Test Get Report Transfer Merchant","4803","getReportBatchAdmin","Surefire suite","Tue Sep 01 07:07:03 UTC 2026","passed","Tue Sep 01 07:07:08 UTC 2026","testcases.report.ReportTransactionTest","Surefire test","testcases.report.ReportTransactionTest","getReportBatchAdmin"
"List User Backoffice Dengan Ukuran Halaman Sangat Besar","5531","listUsersWithHugeSize","Surefire suite","Tue Sep 01 07:25:59 UTC 2026","passed","Tue Sep 01 07:26:04 UTC 2026","testcases.backoffice.ListUsersTest","Surefire test","testcases.backoffice.ListUsersTest","listUsersWithHugeSize"
"Normal Transfer Success","7344","transferAdminCrypto","Surefire suite","Tue Sep 01 06:04:06 UTC 2026","passed","Tue Sep 01 06:04:13 UTC 2026","testcases.transfer.TransferTest","Surefire test","testcases.transfer.TransferTest","transferAdminCrypto"
"Delete session Merchant on CS Admin","5223","deleteSessionCsAdmin","Surefire suite","Tue Sep 01 07:12:20 UTC 2026","broken","Tue Sep 01 07:12:25 UTC 2026","testcases.backoffice.EditUserTest","Surefire test","testcases.backoffice.EditUserTest","deleteSessionCsAdmin"
"List Waiting Company Backoffice","7920","getListWaitingCompany","Surefire suite","Tue Sep 01 07:36:43 UTC 2026","passed","Tue Sep 01 07:36:51 UTC 2026","testcases.backoffice.ListWaitingCompanyTest","Surefire test","testcases.backoffice.ListWaitingCompanyTest","getListWaitingCompany"
"List Manage Settlement Backoffice Menggunakan HTTP Method DELETE","4602","listManageSettlementWithDeleteMethod","Surefire suite","Tue Sep 01 07:45:26 UTC 2026","passed","Tue Sep 01 07:45:31 UTC 2026","testcases.backoffice.settlement.ManageSettlementTest","Surefire test","testcases.backoffice.settlement.ManageSettlementTest","listManageSettlementWithDeleteMethod"
"Mutasi USDT Transfer Supervisor","26197","mutasiUSDTTransferSupervisor","Surefire suite","Tue Sep 01 07:05:23 UTC 2026","passed","Tue Sep 01 07:05:49 UTC 2026","testcases.mutasi.MutasiTransferTest","Surefire test","testcases.mutasi.MutasiTransferTest","mutasiUSDTTransferSupervisor"
"Login Merchant dengan Captcha Salah","2928","testLoginWrongCaptcha","Surefire suite","Tue Sep 01 05:47:32 UTC 2026","passed","Tue Sep 01 05:47:35 UTC 2026","testcases.auth.LoginTest","Surefire test","testcases.auth.LoginTest","testLoginWrongCaptcha"
"Test Approve Manual Transfer Supervisor dengan check Fee di Admin Crypto dan Admin Fee","40622","approvedCashDepositBalanceSupervisor","Surefire suite","Tue Sep 01 06:39:14 UTC 2026","passed","Tue Sep 01 06:39:55 UTC 2026","testcases.backoffice.ApprovalTransferTest","Surefire test","testcases.backoffice.ApprovalTransferTest","approvedCashDepositBalanceSupervisor"
"Test Approve Manual Transfer dengan check Fee di Admin Crypto dan Admin Fee","41550","approvedCashDepositBalance","Surefire suite","Tue Sep 01 06:38:30 UTC 2026","passed","Tue Sep 01 06:39:11 UTC 2026","testcases.backoffice.ApprovalTransferTest","Surefire test","testcases.backoffice.ApprovalTransferTest","approvedCashDepositBalance"
"List Manage Settlement Backoffice Tanpa Body Sama Sekali","4615","listManageSettlementWithoutBody","Surefire suite","Tue Sep 01 07:48:16 UTC 2026","passed","Tue Sep 01 07:48:21 UTC 2026","testcases.backoffice.settlement.ManageSettlementTest","Surefire test","testcases.backoffice.settlement.ManageSettlementTest","listManageSettlementWithoutBody"
"","4883","generateQRCode","Surefire suite","Tue Sep 01 06:01:25 UTC 2026","passed","Tue Sep 01 06:01:30 UTC 2026","testcases.QR.GenerateQRTest","Surefire test","testcases.QR.GenerateQRTest","generateQRCode"
"List Refund Menggunakan Login CS Admin","4582","listRefundWithCSAdminLogin","Surefire suite","Tue Sep 01 07:21:28 UTC 2026","passed","Tue Sep 01 07:21:32 UTC 2026","testcases.backoffice.ListRefundTest","Surefire test","testcases.backoffice.ListRefundTest","listRefundWithCSAdminLogin"
"Test Get Report Transaction Supervisor","4756","getReportTransactionSupervisor","Surefire suite","Tue Sep 01 07:07:59 UTC 2026","passed","Tue Sep 01 07:08:04 UTC 2026","testcases.report.ReportTransactionTest","Surefire test","testcases.report.ReportTransactionTest","getReportTransactionSupervisor"
"Request Refund Special Transfer Merchant","4697","refundSpecialTransferMerchant","Surefire suite","Tue Sep 01 07:19:04 UTC 2026","passed","Tue Sep 01 07:19:09 UTC 2026","testcases.transfer.RefundTransferTest","Surefire test","testcases.transfer.RefundTransferTest","refundSpecialTransferMerchant"
"Get Group Detail Backoffice Menggunakan Login Merchant","4528","getGroupDetailWithMerchantLogin","Surefire suite","Tue Sep 01 07:30:16 UTC 2026","passed","Tue Sep 01 07:30:20 UTC 2026","testcases.backoffice.GetGroupTest","Surefire test","testcases.backoffice.GetGroupTest","getGroupDetailWithMerchantLogin"
"Login Backoffice dengan Username Tidak Terdaftar","2960","testLoginBackofficeNonExistentUsername","Surefire suite","Tue Sep 01 05:45:42 UTC 2026","passed","Tue Sep 01 05:45:45 UTC 2026","testcases.auth.LoginTest","Surefire test","testcases.auth.LoginTest","testLoginBackofficeNonExistentUsername"
"Normal Transfer Success","11589","transfer","Surefire suite","Tue Sep 01 06:03:51 UTC 2026","passed","Tue Sep 01 06:04:03 UTC 2026","testcases.transfer.TransferTest","Surefire test","testcases.transfer.TransferTest","transfer"
"List Waiting Company Backoffice Menggunakan Login Marketing","4481","listWaitingCompanyWithMarketingLogin","Surefire suite","Tue Sep 01 07:38:13 UTC 2026","passed","Tue Sep 01 07:38:17 UTC 2026","testcases.backoffice.ListWaitingCompanyTest","Surefire test","testcases.backoffice.ListWaitingCompanyTest","listWaitingCompanyWithMarketingLogin"
"Mutasi Special Transfer","28458","mutasiSpecialTransfer","Surefire suite","Tue Sep 01 06:56:41 UTC 2026","passed","Tue Sep 01 06:57:09 UTC 2026","testcases.mutasi.MutasiTransferTest","Surefire test","testcases.mutasi.MutasiTransferTest","mutasiSpecialTransfer"
"Get History Special Transfer Test","8011","historySpecialTransferTest","Surefire suite","Tue Sep 01 05:55:41 UTC 2026","passed","Tue Sep 01 05:55:49 UTC 2026","testcases.history.HistoryTransferTest","Surefire test","testcases.history.HistoryTransferTest","historySpecialTransferTest"
"Mutasi USDT Transfer Balance","31394","mutasiUSDTTransferBalance","Surefire suite","Tue Sep 01 07:03:10 UTC 2026","passed","Tue Sep 01 07:03:41 UTC 2026","testcases.mutasi.MutasiTransferTest","Surefire test","testcases.mutasi.MutasiTransferTest","mutasiUSDTTransferBalance"
"","4620","listSettlement","Surefire suite","Tue Sep 01 06:48:30 UTC 2026","passed","Tue Sep 01 06:48:34 UTC 2026","testcases.backoffice.ListTransferTest","Surefire test","testcases.backoffice.ListTransferTest","listSettlement"
"Get History Transfer Test","8279","historyTransferTest","Surefire suite","Tue Sep 01 05:57:27 UTC 2026","passed","Tue Sep 01 05:57:35 UTC 2026","testcases.history.HistoryTransferTest","Surefire test","testcases.history.HistoryTransferTest","historyTransferTest"
"Mutasi Manual Transfer Balance","31272","mutasiManualTransferBalanceSupervisor","Surefire suite","Tue Sep 01 06:54:02 UTC 2026","passed","Tue Sep 01 06:54:34 UTC 2026","testcases.mutasi.MutasiTransferTest","Surefire test","testcases.mutasi.MutasiTransferTest","mutasiManualTransferBalanceSupervisor"
"List Refund Menggunakan Login Marketing","4557","listRefundWithMarketingLogin","Surefire suite","Tue Sep 01 07:22:33 UTC 2026","passed","Tue Sep 01 07:22:38 UTC 2026","testcases.backoffice.ListRefundTest","Surefire test","testcases.backoffice.ListRefundTest","listRefundWithMarketingLogin"
"Get Detail Waiting Company Backoffice Dengan Id yang Tidak Ada","4674","getDetailWaitingCompanyWithNonExistentId","Surefire suite","Tue Sep 01 07:42:01 UTC 2026","passed","Tue Sep 01 07:42:06 UTC 2026","testcases.backoffice.GetDetailWaitingCompanyTest","Surefire test","testcases.backoffice.GetDetailWaitingCompanyTest","getDetailWaitingCompanyWithNonExistentId"
"List Waiting Company Backoffice Dengan Tipe Data Salah pada Field Limit (String, Bukan Integer)","4437","listWaitingCompanyWithInvalidFieldType","Surefire suite","Tue Sep 01 07:37:41 UTC 2026","passed","Tue Sep 01 07:37:45 UTC 2026","testcases.backoffice.ListWaitingCompanyTest","Surefire test","testcases.backoffice.ListWaitingCompanyTest","listWaitingCompanyWithInvalidFieldType"
"Get Detail User Backoffice","7658","getUsersBO","Surefire suite","Tue Sep 01 07:24:36 UTC 2026","passed","Tue Sep 01 07:24:44 UTC 2026","testcases.backoffice.ListUsersTest","Surefire test","testcases.backoffice.ListUsersTest","getUsersBO"
"List Waiting Company Backoffice Dengan Body JSON Tidak Valid (Malformed)","4621","listWaitingCompanyWithMalformedJson","Surefire suite","Tue Sep 01 07:38:05 UTC 2026","passed","Tue Sep 01 07:38:10 UTC 2026","testcases.backoffice.ListWaitingCompanyTest","Surefire test","testcases.backoffice.ListWaitingCompanyTest","listWaitingCompanyWithMalformedJson"
"List Refund Dengan Body Kosong ({})","4802","listRefundWithEmptyBody","Surefire suite","Tue Sep 01 07:21:43 UTC 2026","passed","Tue Sep 01 07:21:48 UTC 2026","testcases.backoffice.ListRefundTest","Surefire test","testcases.backoffice.ListRefundTest","listRefundWithEmptyBody"
"List Waiting Company Backoffice Menggunakan Login Merchant","4526","listWaitingCompanyWithMerchantLogin","Surefire suite","Tue Sep 01 07:38:20 UTC 2026","passed","Tue Sep 01 07:38:25 UTC 2026","testcases.backoffice.ListWaitingCompanyTest","Surefire test","testcases.backoffice.ListWaitingCompanyTest","listWaitingCompanyWithMerchantLogin"
"Get Group Backoffice Tanpa Login/Header Auth","1464","getGroupWithoutAuth","Surefire suite","Tue Sep 01 06:36:35 UTC 2026","passed","Tue Sep 01 06:36:36 UTC 2026","testcases.backoffice.GetDashboardTest","Surefire test","testcases.backoffice.GetDashboardTest","getGroupWithoutAuth"
"Get Detail Waiting Company Backoffice Dengan Id Milik Entitas Lain (Group Id)","4589","getDetailWaitingCompanyWithForeignEntityId","Surefire suite","Tue Sep 01 07:41:22 UTC 2026","passed","Tue Sep 01 07:41:27 UTC 2026","testcases.backoffice.GetDetailWaitingCompanyTest","Surefire test","testcases.backoffice.GetDetailWaitingCompanyTest","getDetailWaitingCompanyWithForeignEntityId"
"Get Balance Merchant with Login Admin","9429","getBalanceAdmin","Surefire suite","Tue Sep 01 06:30:31 UTC 2026","passed","Tue Sep 01 06:30:40 UTC 2026","testcases.balance.GetBalanceQrisTest","Surefire test","testcases.balance.GetBalanceQrisTest","getBalanceAdmin"
"List User Backoffice Dengan Page/Size Negatif - Menemukan Bug Gateway Timeout","4782","listUsersWithNegativePageSize","Surefire suite","Tue Sep 01 07:26:49 UTC 2026","passed","Tue Sep 01 07:26:54 UTC 2026","testcases.backoffice.ListUsersTest","Surefire test","testcases.backoffice.ListUsersTest","listUsersWithNegativePageSize"
"Test Approved USDT Supervisor","17536","approvedUSDTSupervisor","Surefire suite","Tue Sep 01 06:42:28 UTC 2026","passed","Tue Sep 01 06:42:45 UTC 2026","testcases.backoffice.ApprovalTransferTest","Surefire test","testcases.backoffice.ApprovalTransferTest","approvedUSDTSupervisor"
"Get User Backoffice Menggunakan Login Admin Crypto","4529","getUserWithAdminCryptoLogin","Surefire suite","Tue Sep 01 06:36:47 UTC 2026","passed","Tue Sep 01 06:36:51 UTC 2026","testcases.backoffice.GetDashboardTest","Surefire test","testcases.backoffice.GetDashboardTest","getUserWithAdminCryptoLogin"
"List Company Backoffice Dengan Page/Size Negatif - Menemukan Bug Gateway Timeout","4598","listCompanyWithNegativePageSize","Surefire suite","Tue Sep 01 07:34:41 UTC 2026","passed","Tue Sep 01 07:34:46 UTC 2026","testcases.backoffice.ListCompanyTest","Surefire test","testcases.backoffice.ListCompanyTest","listCompanyWithNegativePageSize"
"Transfer Different Partner Reference, Transfer to Manual Transfer","20586","trfPartnerRefTransferFailed","Surefire suite","Tue Sep 01 06:18:23 UTC 2026","passed","Tue Sep 01 06:18:44 UTC 2026","testcases.transfer.ManualTransferTest","Surefire test","testcases.transfer.ManualTransferTest","trfPartnerRefTransferFailed"
"Get Dashboard Backoffice Tanpa Login/Header Auth","1562","getDashboardWithoutAuth","Surefire suite","Tue Sep 01 06:36:02 UTC 2026","passed","Tue Sep 01 06:36:04 UTC 2026","testcases.backoffice.GetDashboardTest","Surefire test","testcases.backoffice.GetDashboardTest","getDashboardWithoutAuth"
"Get History QR Open Merchant on login CS Admin","16678","historyQROpenMerchantCSAdmin","Surefire suite","Tue Sep 01 05:48:27 UTC 2026","passed","Tue Sep 01 05:48:43 UTC 2026","testcases.history.HistoryQRTest","Surefire test","testcases.history.HistoryQRTest","historyQROpenMerchantCSAdmin"
"Normal Transfer USDT Success Admin Crypto","7715","usdtTransferAdminCrypto","Surefire suite","Tue Sep 01 06:23:28 UTC 2026","passed","Tue Sep 01 06:23:36 UTC 2026","testcases.transfer.TransferUSDTTest","Surefire test","testcases.transfer.TransferUSDTTest","usdtTransferAdminCrypto"
"Get Balance Merchant Transfer","4831","getBalanceMerchant","Surefire suite","Tue Sep 01 06:33:10 UTC 2026","passed","Tue Sep 01 06:33:15 UTC 2026","testcases.balance.GetBalanceTransferTest","Surefire test","testcases.balance.GetBalanceTransferTest","getBalanceMerchant"
"List Manage Settlement Backoffice Dengan Token Kadaluarsa","1540","listManageSettlementWithExpiredToken","Surefire suite","Tue Sep 01 07:45:41 UTC 2026","passed","Tue Sep 01 07:45:43 UTC 2026","testcases.backoffice.settlement.ManageSettlementTest","Surefire test","testcases.backoffice.settlement.ManageSettlementTest","listManageSettlementWithExpiredToken"
"Get Dashboard Backoffice Menggunakan Login Admin","4590","getDashboardWithAdminLogin","Surefire suite","Tue Sep 01 06:35:12 UTC 2026","passed","Tue Sep 01 06:35:17 UTC 2026","testcases.backoffice.GetDashboardTest","Surefire test","testcases.backoffice.GetDashboardTest","getDashboardWithAdminLogin"
"List Manage Settlement Backoffice","7440","listManageSettlementTest","Surefire suite","Tue Sep 01 07:44:37 UTC 2026","passed","Tue Sep 01 07:44:45 UTC 2026","testcases.backoffice.settlement.ManageSettlementTest","Surefire test","testcases.backoffice.settlement.ManageSettlementTest","listManageSettlementTest"
"Get History USDT Transfer Test","8053","historyUSDTTransferTest","Surefire suite","Tue Sep 01 05:58:57 UTC 2026","passed","Tue Sep 01 05:59:05 UTC 2026","testcases.history.HistoryTransferTest","Surefire test","testcases.history.HistoryTransferTest","historyUSDTTransferTest"
"List Manage Settlement Backoffice Dengan Sort Tanpa Operator '=='","4537","listManageSettlementWithMalformedSortOperator","Surefire suite","Tue Sep 01 07:46:33 UTC 2026","passed","Tue Sep 01 07:46:37 UTC 2026","testcases.backoffice.settlement.ManageSettlementTest","Surefire test","testcases.backoffice.settlement.ManageSettlementTest","listManageSettlementWithMalformedSortOperator"
"Login Merchant dengan Username Mengandung SQL Injection","2872","testLoginSqlInjectionUsername","Surefire suite","Tue Sep 01 05:47:08 UTC 2026","passed","Tue Sep 01 05:47:11 UTC 2026","testcases.auth.LoginTest","Surefire test","testcases.auth.LoginTest","testLoginSqlInjectionUsername"
"Normal Manual Transfer Success Admin Crypto","12783","manualTransferAdminCrypto","Surefire suite","Tue Sep 01 06:16:38 UTC 2026","passed","Tue Sep 01 06:16:51 UTC 2026","testcases.transfer.ManualTransferTest","Surefire test","testcases.transfer.ManualTransferTest","manualTransferAdminCrypto"
"Test Get Report Transfer Merchant","6531","getReportMutationAdmin","Surefire suite","Tue Sep 01 07:07:19 UTC 2026","passed","Tue Sep 01 07:07:26 UTC 2026","testcases.report.ReportTransactionTest","Surefire test","testcases.report.ReportTransactionTest","getReportMutationAdmin"
"List Company Backoffice Dengan Body Berupa JSON Array ([])","4413","listCompanyWithArrayBody","Surefire suite","Tue Sep 01 07:33:12 UTC 2026","passed","Tue Sep 01 07:33:17 UTC 2026","testcases.backoffice.ListCompanyTest","Surefire test","testcases.backoffice.ListCompanyTest","listCompanyWithArrayBody"
"Generate QR Success with Fee Admin","32293","generateQRBalanceFeeAdmin","Surefire suite","Tue Sep 01 06:28:01 UTC 2026","passed","Tue Sep 01 06:28:33 UTC 2026","testcases.QR.GenerateQRPaidTest","Surefire test","testcases.QR.GenerateQRPaidTest","generateQRBalanceFeeAdmin"
"List Manage Settlement Backoffice Dengan Field Tidak Dikenal pada Body","4510","listManageSettlementWithUnknownField","Surefire suite","Tue Sep 01 07:47:41 UTC 2026","passed","Tue Sep 01 07:47:46 UTC 2026","testcases.backoffice.settlement.ManageSettlementTest","Surefire test","testcases.backoffice.settlement.ManageSettlementTest","listManageSettlementWithUnknownField"
"List User Backoffice Menggunakan Login Marketing","4557","listUsersWithMarketingLogin","Surefire suite","Tue Sep 01 07:26:34 UTC 2026","passed","Tue Sep 01 07:26:39 UTC 2026","testcases.backoffice.ListUsersTest","Surefire test","testcases.backoffice.ListUsersTest","listUsersWithMarketingLogin"
"List Manage Settlement Backoffice Menggunakan HTTP Method PATCH","4479","listManageSettlementWithPatchMethod","Surefire suite","Tue Sep 01 07:47:11 UTC 2026","passed","Tue Sep 01 07:47:15 UTC 2026","testcases.backoffice.settlement.ManageSettlementTest","Surefire test","testcases.backoffice.settlement.ManageSettlementTest","listManageSettlementWithPatchMethod"
"Mutasi Special Transfer Supervisor","20329","mutasiSpecialTransferSupervisor","Surefire suite","Tue Sep 01 06:59:29 UTC 2026","passed","Tue Sep 01 06:59:49 UTC 2026","testcases.mutasi.MutasiTransferTest","Surefire test","testcases.mutasi.MutasiTransferTest","mutasiSpecialTransferSupervisor"
"List User Backoffice Menggunakan Login Admin Crypto","4648","listUsersWithAdminCryptoLogin","Surefire suite","Tue Sep 01 07:25:35 UTC 2026","passed","Tue Sep 01 07:25:40 UTC 2026","testcases.backoffice.ListUsersTest","Surefire test","testcases.backoffice.ListUsersTest","listUsersWithAdminCryptoLogin"
"Transfer Different Partner Reference, Special Transfer to Transfer","20707","trfPartnerRefSpecialFailed","Surefire suite","Tue Sep 01 06:06:09 UTC 2026","passed","Tue Sep 01 06:06:30 UTC 2026","testcases.transfer.TransferTest","Surefire test","testcases.transfer.TransferTest","trfPartnerRefSpecialFailed"
"Get Dashboard Backoffice Dengan Token Tidak Valid","1510","getDashboardWithInvalidToken","Surefire suite","Tue Sep 01 06:35:35 UTC 2026","passed","Tue Sep 01 06:35:37 UTC 2026","testcases.backoffice.GetDashboardTest","Surefire test","testcases.backoffice.GetDashboardTest","getDashboardWithInvalidToken"
"Get Group Detail Backoffice Dengan Group Id Milik Entitas Lain (User Id)","4542","getGroupDetailWithForeignEntityId","Surefire suite","Tue Sep 01 07:29:36 UTC 2026","passed","Tue Sep 01 07:29:40 UTC 2026","testcases.backoffice.GetGroupTest","Surefire test","testcases.backoffice.GetGroupTest","getGroupDetailWithForeignEntityId"
"Test Approved USDT","17671","approvedUSDT","Surefire suite","Tue Sep 01 06:41:47 UTC 2026","passed","Tue Sep 01 06:42:04 UTC 2026","testcases.backoffice.ApprovalTransferTest","Surefire test","testcases.backoffice.ApprovalTransferTest","approvedUSDT"
"Transfer with Wrong Pin","22559","transferWrongPin","Surefire suite","Tue Sep 01 06:17:34 UTC 2026","passed","Tue Sep 01 06:17:56 UTC 2026","testcases.transfer.ManualTransferTest","Surefire test","testcases.transfer.ManualTransferTest","transferWrongPin"
"List Refund Dengan Field Range Berisi Nilai Tidak Valid","4641","listRefundWithInvalidRange","Surefire suite","Tue Sep 01 07:22:06 UTC 2026","passed","Tue Sep 01 07:22:11 UTC 2026","testcases.backoffice.ListRefundTest","Surefire test","testcases.backoffice.ListRefundTest","listRefundWithInvalidRange"
"List Waiting Company Backoffice Dengan Body Berupa JSON Array ([])","4759","listWaitingCompanyWithArrayBody","Surefire suite","Tue Sep 01 07:37:02 UTC 2026","passed","Tue Sep 01 07:37:07 UTC 2026","testcases.backoffice.ListWaitingCompanyTest","Surefire test","testcases.backoffice.ListWaitingCompanyTest","listWaitingCompanyWithArrayBody"
"Normal Transfer USDT Success","9255","transfer","Surefire suite","Tue Sep 01 06:21:28 UTC 2026","passed","Tue Sep 01 06:21:37 UTC 2026","testcases.transfer.TransferUSDTTest","Surefire test","testcases.transfer.TransferUSDTTest","transfer"
"Get Group Detail Backoffice Dengan Path Traversal pada Group Id","4469","getGroupDetailWithPathTraversalId","Surefire suite","Tue Sep 01 07:30:38 UTC 2026","passed","Tue Sep 01 07:30:43 UTC 2026","testcases.backoffice.GetGroupTest","Surefire test","testcases.backoffice.GetGroupTest","getGroupDetailWithPathTraversalId"
"Get Balance Admin Crypto Transfer","4824","getBalanceAdminCrypto","Surefire suite","Tue Sep 01 06:33:02 UTC 2026","passed","Tue Sep 01 06:33:07 UTC 2026","testcases.balance.GetBalanceTransferTest","Surefire test","testcases.balance.GetBalanceTransferTest","getBalanceAdminCrypto"
"List User Backoffice Dengan Karakter SQL Injection pada Field Param - Menemukan Bug Gateway Timeout","4655","listUsersWithSqlInjectionParam","Surefire suite","Tue Sep 01 07:26:57 UTC 2026","passed","Tue Sep 01 07:27:02 UTC 2026","testcases.backoffice.ListUsersTest","Surefire test","testcases.backoffice.ListUsersTest","listUsersWithSqlInjectionParam"
"List Waiting Company Backoffice Dengan Token Tidak Valid","1481","listWaitingCompanyWithInvalidToken","Surefire suite","Tue Sep 01 07:37:56 UTC 2026","passed","Tue Sep 01 07:37:57 UTC 2026","testcases.backoffice.ListWaitingCompanyTest","Surefire test","testcases.backoffice.ListWaitingCompanyTest","listWaitingCompanyWithInvalidToken"
"Test Approved Special Transfer Supervisor","11550","approvedSpecialTransferSupervisor","Surefire suite","Tue Sep 01 06:41:04 UTC 2026","passed","Tue Sep 01 06:41:15 UTC 2026","testcases.backoffice.ApprovalTransferTest","Surefire test","testcases.backoffice.ApprovalTransferTest","approvedSpecialTransferSupervisor"
"Inquiry Test Transfer Merchant Supervisor","5248","inquiryTransferSupervisor","Surefire suite","Tue Sep 01 06:02:58 UTC 2026","passed","Tue Sep 01 06:03:03 UTC 2026","testcases.transfer.InquiryTransferTest","Surefire test","testcases.transfer.InquiryTransferTest","inquiryTransferSupervisor"
"Normal Flop Transfer Success Admin Crypto","10036","flopTransferAdminCrypto","Surefire suite","Tue Sep 01 06:26:13 UTC 2026","passed","Tue Sep 01 06:26:23 UTC 2026","testcases.transfer.TransferFlopTest","Surefire test","testcases.transfer.TransferFlopTest","flopTransferAdminCrypto"
"Test Get Bank Statement","8065","getReportBankStatementAdmin","Surefire suite","Tue Sep 01 07:06:52 UTC 2026","passed","Tue Sep 01 07:07:00 UTC 2026","testcases.report.ReportTransactionTest","Surefire test","testcases.report.ReportTransactionTest","getReportBankStatementAdmin"
"Test Approved Manual Transfer","20726","approvedCashDeposit","Surefire suite","Tue Sep 01 06:38:06 UTC 2026","passed","Tue Sep 01 06:38:27 UTC 2026","testcases.backoffice.ApprovalTransferTest","Surefire test","testcases.backoffice.ApprovalTransferTest","approvedCashDeposit"
"Get Detail Waiting Company Backoffice Dengan Format Id Tidak Valid (Bukan ObjectId)","4612","getDetailWaitingCompanyWithMalformedId","Surefire suite","Tue Sep 01 07:41:39 UTC 2026","passed","Tue Sep 01 07:41:43 UTC 2026","testcases.backoffice.GetDetailWaitingCompanyTest","Surefire test","testcases.backoffice.GetDetailWaitingCompanyTest","getDetailWaitingCompanyWithMalformedId"
"Test Get Report Transaction CS","4723","getReportTransactionCS","Surefire suite","Tue Sep 01 07:07:44 UTC 2026","passed","Tue Sep 01 07:07:49 UTC 2026","testcases.report.ReportTransactionTest","Surefire test","testcases.report.ReportTransactionTest","getReportTransactionCS"
"List User Backoffice Menggunakan Login CS Admin","4980","listUsersWithCSAdminLogin","Surefire suite","Tue Sep 01 07:25:43 UTC 2026","passed","Tue Sep 01 07:25:48 UTC 2026","testcases.backoffice.ListUsersTest","Surefire test","testcases.backoffice.ListUsersTest","listUsersWithCSAdminLogin"
"List Waiting Company Backoffice Dengan Field Sort Merujuk ke Kolom yang Tidak Ada","4676","listWaitingCompanyWithInvalidSortField","Surefire suite","Tue Sep 01 07:37:48 UTC 2026","passed","Tue Sep 01 07:37:53 UTC 2026","testcases.backoffice.ListWaitingCompanyTest","Surefire test","testcases.backoffice.ListWaitingCompanyTest","listWaitingCompanyWithInvalidSortField"
"Login Backoffice dengan Captcha Salah","2906","testLoginBackofficeWrongCaptcha","Surefire suite","Tue Sep 01 05:45:48 UTC 2026","passed","Tue Sep 01 05:45:50 UTC 2026","testcases.auth.LoginTest","Surefire test","testcases.auth.LoginTest","testLoginBackofficeWrongCaptcha"
"Create Manage Settlement BO","11893","addManageSettlementBO","Surefire suite","Tue Sep 01 07:49:56 UTC 2026","passed","Tue Sep 01 07:50:08 UTC 2026","testcases.backoffice.settlement.AddManageSettlementTest","Surefire test","testcases.backoffice.settlement.AddManageSettlementTest","addManageSettlementBO"
"Get Group Detail Backoffice Dengan Group Id Sangat Panjang (10.000 karakter)","4435","getGroupDetailWithOverlongId","Surefire suite","Tue Sep 01 07:30:31 UTC 2026","passed","Tue Sep 01 07:30:35 UTC 2026","testcases.backoffice.GetGroupTest","Surefire test","testcases.backoffice.GetGroupTest","getGroupDetailWithOverlongId"
"Get History Transfer Test CS","11825","historyTransferTestCS","Surefire suite","Tue Sep 01 05:58:03 UTC 2026","passed","Tue Sep 01 05:58:15 UTC 2026","testcases.history.HistoryTransferTest","Surefire test","testcases.history.HistoryTransferTest","historyTransferTestCS"
"Get User Marketing Backoffice","4469","getUserSuperBO","Surefire suite","Tue Sep 01 06:36:39 UTC 2026","passed","Tue Sep 01 06:36:44 UTC 2026","testcases.backoffice.GetDashboardTest","Surefire test","testcases.backoffice.GetDashboardTest","getUserSuperBO"
"Get Balance Merchant with Login CS","4709","getBalanceMerchantLoginCS","Surefire suite","Tue Sep 01 06:31:15 UTC 2026","passed","Tue Sep 01 06:31:20 UTC 2026","testcases.balance.GetBalanceQrisTest","Surefire test","testcases.balance.GetBalanceQrisTest","getBalanceMerchantLoginCS"
"List Company Backoffice Menggunakan Login Merchant","4515","listCompanyWithMerchantLogin","Surefire suite","Tue Sep 01 07:34:33 UTC 2026","passed","Tue Sep 01 07:34:38 UTC 2026","testcases.backoffice.ListCompanyTest","Surefire test","testcases.backoffice.ListCompanyTest","listCompanyWithMerchantLogin"
"Inquiry Test Flop Transfer Merchant Supervisor","6162","inquiryFlopTransferSupervisor","Surefire suite","Tue Sep 01 06:25:05 UTC 2026","passed","Tue Sep 01 06:25:11 UTC 2026","testcases.transfer.InquiryFlopTransferTest","Surefire test","testcases.transfer.InquiryFlopTransferTest","inquiryFlopTransferSupervisor"
"Add Currency USDT Cs Admin","7800","addCurrencyCsAdmin","Surefire suite","Tue Sep 01 07:13:52 UTC 2026","passed","Tue Sep 01 07:13:59 UTC 2026","testcases.backoffice.AddCurrencyTest","Surefire test","testcases.backoffice.AddCurrencyTest","addCurrencyCsAdmin"
"Success Login Marketing","3054","testLoginMarketing","Surefire suite","Tue Sep 01 05:46:32 UTC 2026","passed","Tue Sep 01 05:46:35 UTC 2026","testcases.auth.LoginTest","Surefire test","testcases.auth.LoginTest","testLoginMarketing"
"Test Reject USDT","18042","rejectedUSDT","Surefire suite","Tue Sep 01 06:45:09 UTC 2026","passed","Tue Sep 01 06:45:27 UTC 2026","testcases.backoffice.ApprovalTransferTest","Surefire test","testcases.backoffice.ApprovalTransferTest","rejectedUSDT"
"List Company Backoffice Dengan Token Tidak Valid","1533","listCompanyWithInvalidToken","Surefire suite","Tue Sep 01 07:34:09 UTC 2026","passed","Tue Sep 01 07:34:11 UTC 2026","testcases.backoffice.ListCompanyTest","Surefire test","testcases.backoffice.ListCompanyTest","listCompanyWithInvalidToken"
"Get Detail Waiting Company Backoffice Dengan Id Berisi Spasi","4626","getDetailWaitingCompanyWithWhitespaceId","Surefire suite","Tue Sep 01 07:42:55 UTC 2026","passed","Tue Sep 01 07:43:00 UTC 2026","testcases.backoffice.GetDetailWaitingCompanyTest","Surefire test","testcases.backoffice.GetDetailWaitingCompanyTest","getDetailWaitingCompanyWithWhitespaceId"
"Test Get Report Transfer Merchant","11498","getReportTransferAdmin","Surefire suite","Tue Sep 01 07:08:07 UTC 2026","passed","Tue Sep 01 07:08:19 UTC 2026","testcases.report.ReportTransactionTest","Surefire test","testcases.report.ReportTransactionTest","getReportTransferAdmin"
"Get Group Detail Backoffice Menggunakan HTTP Method PUT","4437","getGroupDetailWithPutMethod","Surefire suite","Tue Sep 01 07:30:54 UTC 2026","passed","Tue Sep 01 07:30:58 UTC 2026","testcases.backoffice.GetGroupTest","Surefire test","testcases.backoffice.GetGroupTest","getGroupDetailWithPutMethod"
"Test Get Report Transaction Group","4557","getReportTransactionAdmin","Surefire suite","Tue Sep 01 07:07:36 UTC 2026","passed","Tue Sep 01 07:07:41 UTC 2026","testcases.report.ReportTransactionTest","Surefire test","testcases.report.ReportTransactionTest","getReportTransactionAdmin"
"List Manage Settlement Backoffice Dengan Body Berupa Literal null","4637","listManageSettlementWithNullLiteralBody","Surefire suite","Tue Sep 01 07:47:03 UTC 2026","passed","Tue Sep 01 07:47:08 UTC 2026","testcases.backoffice.settlement.ManageSettlementTest","Surefire test","testcases.backoffice.settlement.ManageSettlementTest","listManageSettlementWithNullLiteralBody"
"List Waiting Company Backoffice Menggunakan Login Supervisor","4674","listWaitingCompanyWithSupervisorLogin","Surefire suite","Tue Sep 01 07:38:43 UTC 2026","passed","Tue Sep 01 07:38:48 UTC 2026","testcases.backoffice.ListWaitingCompanyTest","Surefire test","testcases.backoffice.ListWaitingCompanyTest","listWaitingCompanyWithSupervisorLogin"
"Mutasi Manual Transfer","27387","mutasiManualTransfer","Surefire suite","Tue Sep 01 06:52:22 UTC 2026","passed","Tue Sep 01 06:52:49 UTC 2026","testcases.mutasi.MutasiTransferTest","Surefire test","testcases.mutasi.MutasiTransferTest","mutasiManualTransfer"
"Get User Backoffice Menggunakan Login Merchant","4641","getUserWithMerchantLogin","Surefire suite","Tue Sep 01 06:36:59 UTC 2026","passed","Tue Sep 01 06:37:03 UTC 2026","testcases.backoffice.GetDashboardTest","Surefire test","testcases.backoffice.GetDashboardTest","getUserWithMerchantLogin"
"Transfer with Wrong Pin","25504","transferWrongPin","Surefire suite","Tue Sep 01 06:04:53 UTC 2026","passed","Tue Sep 01 06:05:18 UTC 2026","testcases.transfer.TransferTest","Surefire test","testcases.transfer.TransferTest","transferWrongPin"
"Reset Password Customer Service","4902","resetPasswordCS","Surefire suite","Tue Sep 01 07:54:00 UTC 2026","passed","Tue Sep 01 07:54:05 UTC 2026","testcases.settings.ResetPasswordTest","Surefire test","testcases.settings.ResetPasswordTest","resetPasswordCS"
"List Waiting Company Backoffice Dengan Header Authorization Tanpa Skema Bearer","1562","listWaitingCompanyWithMalformedAuthorizationHeader","Surefire suite","Tue Sep 01 07:38:00 UTC 2026","passed","Tue Sep 01 07:38:02 UTC 2026","testcases.backoffice.ListWaitingCompanyTest","Surefire test","testcases.backoffice.ListWaitingCompanyTest","listWaitingCompanyWithMalformedAuthorizationHeader"
"List Manage Settlement Backoffice Menggunakan Login CS Admin","4777","listManageSettlementWithCSAdminLogin","Surefire suite","Tue Sep 01 07:45:11 UTC 2026","passed","Tue Sep 01 07:45:15 UTC 2026","testcases.backoffice.settlement.ManageSettlementTest","Surefire test","testcases.backoffice.settlement.ManageSettlementTest","listManageSettlementWithCSAdminLogin"
"Inquiry Test Transfer Admin Crypto","5045","inquiryTransferAdminCrypto","Surefire suite","Tue Sep 01 06:02:50 UTC 2026","passed","Tue Sep 01 06:02:55 UTC 2026","testcases.transfer.InquiryTransferTest","Surefire test","testcases.transfer.InquiryTransferTest","inquiryTransferAdminCrypto"
"List Manage Settlement Backoffice Dengan Karakter SQL Injection pada Field Param","4507","listManageSettlementWithSqlInjectionParam","Surefire suite","Tue Sep 01 07:47:26 UTC 2026","passed","Tue Sep 01 07:47:31 UTC 2026","testcases.backoffice.settlement.ManageSettlementTest","Surefire test","testcases.backoffice.settlement.ManageSettlementTest","listManageSettlementWithSqlInjectionParam"
"Transfer Different Partner Reference, Manual Transfer to Transfer","20579","trfPartnerRefManualFailed","Surefire suite","Tue Sep 01 06:05:21 UTC 2026","passed","Tue Sep 01 06:05:42 UTC 2026","testcases.transfer.TransferTest","Surefire test","testcases.transfer.TransferTest","trfPartnerRefManualFailed"
"Mutasi Transfer Supervisor Balance","11106","mutasiTransferSupervisorBalance","Surefire suite","Tue Sep 01 07:01:54 UTC 2026","passed","Tue Sep 01 07:02:05 UTC 2026","testcases.mutasi.MutasiTransferTest","Surefire test","testcases.mutasi.MutasiTransferTest","mutasiTransferSupervisorBalance"
"Mutasi Transfer","20832","mutasiTransfer","Surefire suite","Tue Sep 01 07:00:17 UTC 2026","failed","Tue Sep 01 07:00:38 UTC 2026","testcases.mutasi.MutasiTransferTest","Surefire test","testcases.mutasi.MutasiTransferTest","mutasiTransfer"
"Success Login Group","3085","testLoginGroup","Surefire suite","Tue Sep 01 05:46:25 UTC 2026","passed","Tue Sep 01 05:46:29 UTC 2026","testcases.auth.LoginTest","Surefire test","testcases.auth.LoginTest","testLoginGroup"
"Transfer Success with before and after Balanced","10683","transferBalance","Surefire suite","Tue Sep 01 06:04:16 UTC 2026","passed","Tue Sep 01 06:04:27 UTC 2026","testcases.transfer.TransferTest","Surefire test","testcases.transfer.TransferTest","transferBalance"
"Test Get Report Company Merchant","4984","getReportCompanyAdmin","Surefire suite","Tue Sep 01 07:07:11 UTC 2026","passed","Tue Sep 01 07:07:16 UTC 2026","testcases.report.ReportTransactionTest","Surefire test","testcases.report.ReportTransactionTest","getReportCompanyAdmin"
"Reset Pin Backoffice","4822","resetPinBackoffice","Surefire suite","Tue Sep 01 07:56:48 UTC 2026","passed","Tue Sep 01 07:56:53 UTC 2026","testcases.settings.ResetPinTest","Surefire test","testcases.settings.ResetPinTest","resetPinBackoffice"
"Inquiry Test USDT Transfer Merchant Supervisor","4802","inquiryUSDTSupervisor","Surefire suite","Tue Sep 01 06:20:25 UTC 2026","passed","Tue Sep 01 06:20:30 UTC 2026","testcases.transfer.InquiryUSDTTest","Surefire test","testcases.transfer.InquiryUSDTTest","inquiryUSDTSupervisor"
"Get History Transfer Test Admin","11117","historyTransferTestAdmin","Surefire suite","Tue Sep 01 05:57:38 UTC 2026","passed","Tue Sep 01 05:57:49 UTC 2026","testcases.history.HistoryTransferTest","Surefire test","testcases.history.HistoryTransferTest","historyTransferTestAdmin"
"List Refund Tanpa Body Sama Sekali","4638","listRefundWithoutBody","Surefire suite","Tue Sep 01 07:23:17 UTC 2026","passed","Tue Sep 01 07:23:21 UTC 2026","testcases.backoffice.ListRefundTest","Surefire test","testcases.backoffice.ListRefundTest","listRefundWithoutBody"
"Get Detail Waiting Company Backoffice Menggunakan Login Supervisor","4619","getDetailWaitingCompanyWithSupervisorLogin","Surefire suite","Tue Sep 01 07:42:48 UTC 2026","passed","Tue Sep 01 07:42:52 UTC 2026","testcases.backoffice.GetDetailWaitingCompanyTest","Surefire test","testcases.backoffice.GetDetailWaitingCompanyTest","getDetailWaitingCompanyWithSupervisorLogin"
"Delete session Merchant on Backoffice","4777","deleteSessionBackoffice","Surefire suite","Tue Sep 01 07:12:12 UTC 2026","passed","Tue Sep 01 07:12:17 UTC 2026","testcases.backoffice.EditUserTest","Surefire test","testcases.backoffice.EditUserTest","deleteSessionBackoffice"
"Test Rejected Special Transfer Supervisor","12508","rejectedSpecialTransferSupervisor","Surefire suite","Tue Sep 01 06:44:54 UTC 2026","passed","Tue Sep 01 06:45:06 UTC 2026","testcases.backoffice.ApprovalTransferTest","Surefire test","testcases.backoffice.ApprovalTransferTest","rejectedSpecialTransferSupervisor"
"Get Detail Waiting Company Backoffice Menggunakan HTTP Method POST","4582","getDetailWaitingCompanyWithPostMethod","Surefire suite","Tue Sep 01 07:42:25 UTC 2026","passed","Tue Sep 01 07:42:29 UTC 2026","testcases.backoffice.GetDetailWaitingCompanyTest","Surefire test","testcases.backoffice.GetDetailWaitingCompanyTest","getDetailWaitingCompanyWithPostMethod"
"Reset Pin Customer Service","4967","resetPinCS","Surefire suite","Tue Sep 01 07:56:56 UTC 2026","passed","Tue Sep 01 07:57:01 UTC 2026","testcases.settings.ResetPinTest","Surefire test","testcases.settings.ResetPinTest","resetPinCS"
"Reset Password Admin Crypto","4927","resetPasswordAdminCrypto","Surefire suite","Tue Sep 01 07:53:44 UTC 2026","passed","Tue Sep 01 07:53:49 UTC 2026","testcases.settings.ResetPasswordTest","Surefire test","testcases.settings.ResetPasswordTest","resetPasswordAdminCrypto"
"Mutasi Manual Transfer CS","26850","mutasiManualTransferCS","Surefire suite","Tue Sep 01 06:55:12 UTC 2026","passed","Tue Sep 01 06:55:39 UTC 2026","testcases.mutasi.MutasiTransferTest","Surefire test","testcases.mutasi.MutasiTransferTest","mutasiManualTransferCS"
"Inquiry Test Flop Transfer Merchant","5700","inquiryTransfer","Surefire suite","Tue Sep 01 06:25:14 UTC 2026","passed","Tue Sep 01 06:25:20 UTC 2026","testcases.transfer.InquiryFlopTransferTest","Surefire test","testcases.transfer.InquiryFlopTransferTest","inquiryTransfer"
"Inquiry Test Special Transfer Merchant Supervisor","4783","inquirySpecialTransferSupervisor","Surefire suite","Tue Sep 01 06:08:46 UTC 2026","passed","Tue Sep 01 06:08:50 UTC 2026","testcases.transfer.InquirySpecialTransferTest","Surefire test","testcases.transfer.InquirySpecialTransferTest","inquirySpecialTransferSupervisor"
"Get Group Backoffice Menggunakan Login Admin Crypto","4731","getGroupWithAdminCryptoLogin","Surefire suite","Tue Sep 01 06:36:15 UTC 2026","passed","Tue Sep 01 06:36:20 UTC 2026","testcases.backoffice.GetDashboardTest","Surefire test","testcases.backoffice.GetDashboardTest","getGroupWithAdminCryptoLogin"
"Success Login Backoffice","3233","testLoginBackoffice","Surefire suite","Tue Sep 01 05:45:35 UTC 2026","passed","Tue Sep 01 05:45:39 UTC 2026","testcases.auth.LoginTest","Surefire test","testcases.auth.LoginTest","testLoginBackoffice"
"List Company Backoffice Dengan Header Authorization Tanpa Skema Bearer","1435","listCompanyWithMalformedAuthorizationHeader","Surefire suite","Tue Sep 01 07:34:14 UTC 2026","passed","Tue Sep 01 07:34:15 UTC 2026","testcases.backoffice.ListCompanyTest","Surefire test","testcases.backoffice.ListCompanyTest","listCompanyWithMalformedAuthorizationHeader"
"Transfer Different Partner Reference, USDT Transfer to Manual Transfer","20415","trfPartnerRefUSDTFailed","Surefire suite","Tue Sep 01 06:18:47 UTC 2026","passed","Tue Sep 01 06:19:07 UTC 2026","testcases.transfer.ManualTransferTest","Surefire test","testcases.transfer.ManualTransferTest","trfPartnerRefUSDTFailed"
"Success Login Admin","7745","testLoginAdmin","Surefire suite","Tue Sep 01 05:45:18 UTC 2026","passed","Tue Sep 01 05:45:26 UTC 2026","testcases.auth.LoginTest","Surefire test","testcases.auth.LoginTest","testLoginAdmin"
"Mutasi USDT Transfer CS","27507","mutasiUSDTTransferCS","Surefire suite","Tue Sep 01 07:04:52 UTC 2026","passed","Tue Sep 01 07:05:20 UTC 2026","testcases.mutasi.MutasiTransferTest","Surefire test","testcases.mutasi.MutasiTransferTest","mutasiUSDTTransferCS"
"Get History Flop Transfer Test Admin Crypto","9122","historyFlopTransferTestAdminCrypto","Surefire suite","Tue Sep 01 05:52:39 UTC 2026","passed","Tue Sep 01 05:52:48 UTC 2026","testcases.history.HistoryTransferTest","Surefire test","testcases.history.HistoryTransferTest","historyFlopTransferTestAdminCrypto"
"Get Detail Waiting Company Backoffice Menggunakan Login CS Admin","4506","getDetailWaitingCompanyWithCSAdminLogin","Surefire suite","Tue Sep 01 07:40:54 UTC 2026","passed","Tue Sep 01 07:40:59 UTC 2026","testcases.backoffice.GetDetailWaitingCompanyTest","Surefire test","testcases.backoffice.GetDetailWaitingCompanyTest","getDetailWaitingCompanyWithCSAdminLogin"
"Get History QR Supervisor","9714","historyQRTestSupervisor","Surefire suite","Tue Sep 01 05:50:34 UTC 2026","passed","Tue Sep 01 05:50:44 UTC 2026","testcases.history.HistoryQRTest","Surefire test","testcases.history.HistoryQRTest","historyQRTestSupervisor"
"Get Balance Marketing","4952","getBalanceMarketing","Surefire suite","Tue Sep 01 06:30:59 UTC 2026","passed","Tue Sep 01 06:31:04 UTC 2026","testcases.balance.GetBalanceQrisTest","Surefire test","testcases.balance.GetBalanceQrisTest","getBalanceMarketing"
"List User Backoffice Dengan Body Kosong ({})","4550","listUsersWithEmptyBody","Surefire suite","Tue Sep 01 07:25:51 UTC 2026","passed","Tue Sep 01 07:25:56 UTC 2026","testcases.backoffice.ListUsersTest","Surefire test","testcases.backoffice.ListUsersTest","listUsersWithEmptyBody"
"Success Login Merchant","3054","testLoginWithCaptcha","Surefire suite","Tue Sep 01 05:47:26 UTC 2026","passed","Tue Sep 01 05:47:29 UTC 2026","testcases.auth.LoginTest","Surefire test","testcases.auth.LoginTest","testLoginWithCaptcha"
"Normal Manual Transfer Success with Account Supervisor","10722","manualTransferSupervisor","Surefire suite","Tue Sep 01 06:17:07 UTC 2026","passed","Tue Sep 01 06:17:18 UTC 2026","testcases.transfer.ManualTransferTest","Surefire test","testcases.transfer.ManualTransferTest","manualTransferSupervisor"
"Login Merchant tanpa Parameter Captcha","2921","testLoginMissingCaptchaParam","Surefire suite","Tue Sep 01 05:46:38 UTC 2026","passed","Tue Sep 01 05:46:41 UTC 2026","testcases.auth.LoginTest","Surefire test","testcases.auth.LoginTest","testLoginMissingCaptchaParam"
"Request Refund Transfer CS","4649","refundTransferCS","Surefire suite","Tue Sep 01 07:19:19 UTC 2026","passed","Tue Sep 01 07:19:24 UTC 2026","testcases.transfer.RefundTransferTest","Surefire test","testcases.transfer.RefundTransferTest","refundTransferCS"
"Get Balance Company on Login Admin","4861","getBalanceCompanyAdmin","Surefire suite","Tue Sep 01 06:30:51 UTC 2026","passed","Tue Sep 01 06:30:56 UTC 2026","testcases.balance.GetBalanceQrisTest","Surefire test","testcases.balance.GetBalanceQrisTest","getBalanceCompanyAdmin"
"Get User Backoffice Dengan Token Tidak Valid","1520","getUserWithInvalidToken","Surefire suite","Tue Sep 01 06:36:54 UTC 2026","passed","Tue Sep 01 06:36:56 UTC 2026","testcases.backoffice.GetDashboardTest","Surefire test","testcases.backoffice.GetDashboardTest","getUserWithInvalidToken"
"List Refund Tanpa Login/Header Auth","1532","listRefundWithoutAuth","Surefire suite","Tue Sep 01 07:23:12 UTC 2026","passed","Tue Sep 01 07:23:14 UTC 2026","testcases.backoffice.ListRefundTest","Surefire test","testcases.backoffice.ListRefundTest","listRefundWithoutAuth"
"Normal Flop Transfer Balance Admin Crypto Success","10548","flopTransferBalanceAdminCrypto","Surefire suite","Tue Sep 01 06:26:40 UTC 2026","passed","Tue Sep 01 06:26:51 UTC 2026","testcases.transfer.TransferFlopTest","Surefire test","testcases.transfer.TransferFlopTest","flopTransferBalanceAdminCrypto"
"","7209","listCashDeposit","Surefire suite","Tue Sep 01 06:48:19 UTC 2026","passed","Tue Sep 01 06:48:27 UTC 2026","testcases.backoffice.ListTransferTest","Surefire test","testcases.backoffice.ListTransferTest","listCashDeposit"
"List Manage Settlement Backoffice Menggunakan HTTP Method PUT","4591","listManageSettlementWithPutMethod","Surefire suite","Tue Sep 01 07:47:18 UTC 2026","passed","Tue Sep 01 07:47:23 UTC 2026","testcases.backoffice.settlement.ManageSettlementTest","Surefire test","testcases.backoffice.settlement.ManageSettlementTest","listManageSettlementWithPutMethod"
"Get Group Detail Backoffice Dengan Group Id Berisi Karakter SQL Injection","4598","getGroupDetailWithSqlInjectionId","Surefire suite","Tue Sep 01 07:31:01 UTC 2026","passed","Tue Sep 01 07:31:06 UTC 2026","testcases.backoffice.GetGroupTest","Surefire test","testcases.backoffice.GetGroupTest","getGroupDetailWithSqlInjectionId"
"Mutasi Special Transfer Supervisor CS","21835","mutasiSpecialTransferSupervisorCS","Surefire suite","Tue Sep 01 06:59:52 UTC 2026","passed","Tue Sep 01 07:00:14 UTC 2026","testcases.mutasi.MutasiTransferTest","Surefire test","testcases.mutasi.MutasiTransferTest","mutasiSpecialTransferSupervisorCS"
"List User Backoffice Dengan Field Sort Merujuk ke Kolom yang Tidak Ada","4540","listUsersWithInvalidSortField","Surefire suite","Tue Sep 01 07:26:15 UTC 2026","passed","Tue Sep 01 07:26:19 UTC 2026","testcases.backoffice.ListUsersTest","Surefire test","testcases.backoffice.ListUsersTest","listUsersWithInvalidSortField"
"List Manage Settlement Backoffice Dengan Tipe Data Salah pada Field Limit (String, Bukan Integer)","4567","listManageSettlementWithInvalidFieldType","Surefire suite","Tue Sep 01 07:46:01 UTC 2026","passed","Tue Sep 01 07:46:06 UTC 2026","testcases.backoffice.settlement.ManageSettlementTest","Surefire test","testcases.backoffice.settlement.ManageSettlementTest","listManageSettlementWithInvalidFieldType"
"List User Backoffice","4724","listUsersBO","Surefire suite","Tue Sep 01 07:25:28 UTC 2026","passed","Tue Sep 01 07:25:32 UTC 2026","testcases.backoffice.ListUsersTest","Surefire test","testcases.backoffice.ListUsersTest","listUsersBO"
"Add Merchant From Backoffice","10731","addCompanyBackoffice","Surefire suite","Tue Sep 01 07:10:36 UTC 2026","passed","Tue Sep 01 07:10:47 UTC 2026","testcases.backoffice.AddCompanyTest","Surefire test","testcases.backoffice.AddCompanyTest","addCompanyBackoffice"
"Normal Manual Transfer Balance Success","10030","manualTransferBalanceAdminCrypto","Surefire suite","Tue Sep 01 06:16:54 UTC 2026","passed","Tue Sep 01 06:17:04 UTC 2026","testcases.transfer.ManualTransferTest","Surefire test","testcases.transfer.ManualTransferTest","manualTransferBalanceAdminCrypto"
"Transfer Different Parner Reference Supervisor, Manual Transfer to Transfer","20808","trfPartnerRefManualSpvFailed","Surefire suite","Tue Sep 01 06:05:45 UTC 2026","passed","Tue Sep 01 06:06:06 UTC 2026","testcases.transfer.TransferTest","Surefire test","testcases.transfer.TransferTest","trfPartnerRefManualSpvFailed"
"Mutasi Company Admin","7997","mutasiCompanyAdmin","Surefire suite","Tue Sep 01 06:52:11 UTC 2026","passed","Tue Sep 01 06:52:19 UTC 2026","testcases.mutasi.MutasiTransferTest","Surefire test","testcases.mutasi.MutasiTransferTest","mutasiCompanyAdmin"
"Get Balance Merchant with Login Admin","4657","getFailedBalanceMerchantLoginAdmin","Surefire suite","Tue Sep 01 06:31:31 UTC 2026","passed","Tue Sep 01 06:31:36 UTC 2026","testcases.balance.GetBalanceQrisTest","Surefire test","testcases.balance.GetBalanceQrisTest","getFailedBalanceMerchantLoginAdmin"
"Get Detail User Backoffice Dengan User Id yang Tidak Ada","4583","getUsersWithNonExistentId","Surefire suite","Tue Sep 01 07:25:16 UTC 2026","passed","Tue Sep 01 07:25:20 UTC 2026","testcases.backoffice.ListUsersTest","Surefire test","testcases.backoffice.ListUsersTest","getUsersWithNonExistentId"
"Edit User Backoffice","4770","editUserBackoffice","Surefire suite","Tue Sep 01 07:12:36 UTC 2026","passed","Tue Sep 01 07:12:41 UTC 2026","testcases.backoffice.EditUserTest","Surefire test","testcases.backoffice.EditUserTest","editUserBackoffice"
"Inquiry Test Special Transfer Admin Crypto","4779","inquirySpecialTransferAdminCrypto","Surefire suite","Tue Sep 01 06:08:38 UTC 2026","passed","Tue Sep 01 06:08:43 UTC 2026","testcases.transfer.InquirySpecialTransferTest","Surefire test","testcases.transfer.InquirySpecialTransferTest","inquirySpecialTransferAdminCrypto"
"Delete Manage Settlement BO","10642","deleteManageSettlementBO","Surefire suite","Tue Sep 01 07:51:52 UTC 2026","passed","Tue Sep 01 07:52:02 UTC 2026","testcases.backoffice.settlement.DeleteManageSettlementTest","Surefire test","testcases.backoffice.settlement.DeleteManageSettlementTest","deleteManageSettlementBO"
"List Company Backoffice Dengan Field Sort Merujuk ke Kolom yang Tidak Ada","6883","listCompanyWithInvalidSortField","Surefire suite","Tue Sep 01 07:33:59 UTC 2026","passed","Tue Sep 01 07:34:06 UTC 2026","testcases.backoffice.ListCompanyTest","Surefire test","testcases.backoffice.ListCompanyTest","listCompanyWithInvalidSortField"
"","5051","generateQRCodeClosed","Surefire suite","Tue Sep 01 06:01:33 UTC 2026","passed","Tue Sep 01 06:01:38 UTC 2026","testcases.QR.GenerateQRTest","Surefire test","testcases.QR.GenerateQRTest","generateQRCodeClosed"
"Get Group Backoffice Menggunakan Login Merchant","4603","getGroupWithMerchantLogin","Surefire suite","Tue Sep 01 06:36:27 UTC 2026","passed","Tue Sep 01 06:36:32 UTC 2026","testcases.backoffice.GetDashboardTest","Surefire test","testcases.backoffice.GetDashboardTest","getGroupWithMerchantLogin"
"Approval Refund Transfer Merchant","9659","approveRefundTransferMerchant","Surefire suite","Tue Sep 01 07:17:28 UTC 2026","passed","Tue Sep 01 07:17:37 UTC 2026","testcases.backoffice.ApprovalRefundTest","Surefire test","testcases.backoffice.ApprovalRefundTest","approveRefundTransferMerchant"
"","8527","generateOpenQRCode","Surefire suite","Tue Sep 01 06:01:13 UTC 2026","passed","Tue Sep 01 06:01:22 UTC 2026","testcases.QR.GenerateQRTest","Surefire test","testcases.QR.GenerateQRTest","generateOpenQRCode"
"Transfer with Wrong Pin","20901","transferWrongPin","Surefire suite","Tue Sep 01 06:21:54 UTC 2026","passed","Tue Sep 01 06:22:15 UTC 2026","testcases.transfer.TransferUSDTTest","Surefire test","testcases.transfer.TransferUSDTTest","transferWrongPin"
"Mutasi Special Transfer Balance","25079","mutasiSpecialTransferBalance","Surefire suite","Tue Sep 01 06:57:12 UTC 2026","passed","Tue Sep 01 06:57:37 UTC 2026","testcases.mutasi.MutasiTransferTest","Surefire test","testcases.mutasi.MutasiTransferTest","mutasiSpecialTransferBalance"
"Get History Flop Transfer Supervisor on Login CS Admin","12302","historyFlopTransferSupervisorTestCSAdmin","Surefire suite","Tue Sep 01 05:51:57 UTC 2026","passed","Tue Sep 01 05:52:09 UTC 2026","testcases.history.HistoryTransferTest","Surefire test","testcases.history.HistoryTransferTest","historyFlopTransferSupervisorTestCSAdmin"
"Add Merchant From CS Admin","5206","addCompanyCsAdmin","Surefire suite","Tue Sep 01 07:10:50 UTC 2026","passed","Tue Sep 01 07:10:55 UTC 2026","testcases.backoffice.AddCompanyTest","Surefire test","testcases.backoffice.AddCompanyTest","addCompanyCsAdmin"
"Wrong Password Login Merchant","3033","testLoginWrongPassword","Surefire suite","Tue Sep 01 05:47:38 UTC 2026","passed","Tue Sep 01 05:47:41 UTC 2026","testcases.auth.LoginTest","Surefire test","testcases.auth.LoginTest","testLoginWrongPassword"
"Get Dashboard Backoffice Menggunakan Login Supervisor","4742","getDashboardWithSupervisorLogin","Surefire suite","Tue Sep 01 06:35:55 UTC 2026","passed","Tue Sep 01 06:35:59 UTC 2026","testcases.backoffice.GetDashboardTest","Surefire test","testcases.backoffice.GetDashboardTest","getDashboardWithSupervisorLogin"
"Normal Balance Special Transfer Success","10160","specialTransferBalanceAdminCrypto","Surefire suite","Tue Sep 01 06:09:44 UTC 2026","passed","Tue Sep 01 06:09:54 UTC 2026","testcases.transfer.SpecialTransferTest","Surefire test","testcases.transfer.SpecialTransferTest","specialTransferBalanceAdminCrypto"
"List Company Backoffice Menggunakan Login CS Admin","4502","listCompanyWithCSAdminLogin","Surefire suite","Tue Sep 01 07:33:20 UTC 2026","passed","Tue Sep 01 07:33:24 UTC 2026","testcases.backoffice.ListCompanyTest","Surefire test","testcases.backoffice.ListCompanyTest","listCompanyWithCSAdminLogin"
"Success Assignment USDT","12737","assignUSDTTest","Surefire suite","Tue Sep 01 06:50:42 UTC 2026","passed","Tue Sep 01 06:50:55 UTC 2026","testcases.backoffice.TransferAssignmentTest","Surefire test","testcases.backoffice.TransferAssignmentTest","assignUSDTTest"
"Get History QR Admin","10759","historyQRTestAdmin","Surefire suite","Tue Sep 01 05:49:14 UTC 2026","passed","Tue Sep 01 05:49:25 UTC 2026","testcases.history.HistoryQRTest","Surefire test","testcases.history.HistoryQRTest","historyQRTestAdmin"
"List Company Backoffice Tanpa Login/Header Auth","1532","listCompanyWithoutAuth","Surefire suite","Tue Sep 01 07:35:12 UTC 2026","passed","Tue Sep 01 07:35:13 UTC 2026","testcases.backoffice.ListCompanyTest","Surefire test","testcases.backoffice.ListCompanyTest","listCompanyWithoutAuth"
"Transfer Different Partner Reference, Manual Transfer to USDT Transfer","20812","trfPartnerRefManualFailed","Surefire suite","Tue Sep 01 06:22:18 UTC 2026","passed","Tue Sep 01 06:22:39 UTC 2026","testcases.transfer.TransferUSDTTest","Surefire test","testcases.transfer.TransferUSDTTest","trfPartnerRefManualFailed"
"Transfer Different Partner Reference, Transfer to Special Transfer","20167","trfPartnerRefTransferFailed","Surefire suite","Tue Sep 01 06:11:16 UTC 2026","passed","Tue Sep 01 06:11:36 UTC 2026","testcases.transfer.SpecialTransferTest","Surefire test","testcases.transfer.SpecialTransferTest","trfPartnerRefTransferFailed"
"List Manage Settlement Backoffice Menggunakan Login Customer Service","4761","listManageSettlementWithCSLogin","Surefire suite","Tue Sep 01 07:45:18 UTC 2026","passed","Tue Sep 01 07:45:23 UTC 2026","testcases.backoffice.settlement.ManageSettlementTest","Surefire test","testcases.backoffice.settlement.ManageSettlementTest","listManageSettlementWithCSLogin"
"Reset Password CS Admin","4984","resetPasswordCSAdmin","Surefire suite","Tue Sep 01 07:54:08 UTC 2026","passed","Tue Sep 01 07:54:13 UTC 2026","testcases.settings.ResetPasswordTest","Surefire test","testcases.settings.ResetPasswordTest","resetPasswordCSAdmin"
"List Manage Settlement Backoffice Dengan Header Authorization Tanpa Skema Bearer","1508","listManageSettlementWithMalformedAuthorizationHeader","Surefire suite","Tue Sep 01 07:46:21 UTC 2026","passed","Tue Sep 01 07:46:22 UTC 2026","testcases.backoffice.settlement.ManageSettlementTest","Surefire test","testcases.backoffice.settlement.ManageSettlementTest","listManageSettlementWithMalformedAuthorizationHeader"
"List Company Backoffice Menggunakan HTTP Method GET","5087","listCompanyWithGetMethod","Surefire suite","Tue Sep 01 07:33:35 UTC 2026","passed","Tue Sep 01 07:33:40 UTC 2026","testcases.backoffice.ListCompanyTest","Surefire test","testcases.backoffice.ListCompanyTest","listCompanyWithGetMethod"
"Test Rejected Manual Transfer Supervisor","17654","rejectedCashDepositSupervisor","Surefire suite","Tue Sep 01 06:44:18 UTC 2026","passed","Tue Sep 01 06:44:36 UTC 2026","testcases.backoffice.ApprovalTransferTest","Surefire test","testcases.backoffice.ApprovalTransferTest","rejectedCashDepositSupervisor"
"Transfer Success Admin Crypto with before and after Balanced","9674","transferBalanceAdminCrypto","Surefire suite","Tue Sep 01 06:04:30 UTC 2026","passed","Tue Sep 01 06:04:40 UTC 2026","testcases.transfer.TransferTest","Surefire test","testcases.transfer.TransferTest","transferBalanceAdminCrypto"
"Get Detail Waiting Company Backoffice","7852","getDetailWaitingCompany","Surefire suite","Tue Sep 01 07:40:35 UTC 2026","passed","Tue Sep 01 07:40:43 UTC 2026","testcases.backoffice.GetDetailWaitingCompanyTest","Surefire test","testcases.backoffice.GetDetailWaitingCompanyTest","getDetailWaitingCompany"
"Request Refund Manual Transfer Merchant","7452","refundManualTransferMerchant","Surefire suite","Tue Sep 01 07:18:53 UTC 2026","passed","Tue Sep 01 07:19:01 UTC 2026","testcases.transfer.RefundTransferTest","Surefire test","testcases.transfer.RefundTransferTest","refundManualTransferMerchant"
"List Company Backoffice Dengan Content-Type text/plain","4731","listCompanyWithWrongContentType","Surefire suite","Tue Sep 01 07:35:04 UTC 2026","passed","Tue Sep 01 07:35:09 UTC 2026","testcases.backoffice.ListCompanyTest","Surefire test","testcases.backoffice.ListCompanyTest","listCompanyWithWrongContentType"
"List User Backoffice Dengan Body JSON Tidak Valid (Malformed)","4463","listUsersWithMalformedJson","Surefire suite","Tue Sep 01 07:26:27 UTC 2026","passed","Tue Sep 01 07:26:31 UTC 2026","testcases.backoffice.ListUsersTest","Surefire test","testcases.backoffice.ListUsersTest","listUsersWithMalformedJson"
"Get History Manual Transfer Test Admin","11164","historyManualTransferTestFeeAdmin","Surefire suite","Tue Sep 01 05:54:37 UTC 2026","passed","Tue Sep 01 05:54:48 UTC 2026","testcases.history.HistoryTransferTest","Surefire test","testcases.history.HistoryTransferTest","historyManualTransferTestFeeAdmin"
"Reset Password Group","4826","resetPasswordGroup","Surefire suite","Tue Sep 01 07:54:16 UTC 2026","passed","Tue Sep 01 07:54:21 UTC 2026","testcases.settings.ResetPasswordTest","Surefire test","testcases.settings.ResetPasswordTest","resetPasswordGroup"
"List Company Backoffice","7725","getListCompany","Surefire suite","Tue Sep 01 07:32:54 UTC 2026","passed","Tue Sep 01 07:33:01 UTC 2026","testcases.backoffice.ListCompanyTest","Surefire test","testcases.backoffice.ListCompanyTest","getListCompany"
"List Manage Settlement Backoffice Menggunakan Login Admin","4539","listManageSettlementWithAdminLogin","Surefire suite","Tue Sep 01 07:44:55 UTC 2026","passed","Tue Sep 01 07:45:00 UTC 2026","testcases.backoffice.settlement.ManageSettlementTest","Surefire test","testcases.backoffice.settlement.ManageSettlementTest","listManageSettlementWithAdminLogin"
"Normal Special Transfer Success","10267","transfer","Surefire suite","Tue Sep 01 06:10:13 UTC 2026","passed","Tue Sep 01 06:10:23 UTC 2026","testcases.transfer.SpecialTransferTest","Surefire test","testcases.transfer.SpecialTransferTest","transfer"
"Test Approved Manual Transfer Supervisor","18899","approvedCashDepositSupervisor","Surefire suite","Tue Sep 01 06:39:58 UTC 2026","passed","Tue Sep 01 06:40:17 UTC 2026","testcases.backoffice.ApprovalTransferTest","Surefire test","testcases.backoffice.ApprovalTransferTest","approvedCashDepositSupervisor"
"Transfer Different Parner Reference Supervisor, USDT Transfer to Transfer","20327","trfPartnerRefUSDTSpvFailed","Surefire suite","Tue Sep 01 06:07:19 UTC 2026","passed","Tue Sep 01 06:07:40 UTC 2026","testcases.transfer.TransferTest","Surefire test","testcases.transfer.TransferTest","trfPartnerRefUSDTSpvFailed"
"List Refund Menggunakan Login Customer Service","4543","listRefundWithCSLogin","Surefire suite","Tue Sep 01 07:21:35 UTC 2026","passed","Tue Sep 01 07:21:40 UTC 2026","testcases.backoffice.ListRefundTest","Surefire test","testcases.backoffice.ListRefundTest","listRefundWithCSLogin"
"Get Detail User Backoffice Tanpa User Id (Path Kosong) - Menemukan Bug Bad Gateway","5228","getUsersWithEmptyId","Surefire suite","Tue Sep 01 07:24:47 UTC 2026","passed","Tue Sep 01 07:24:52 UTC 2026","testcases.backoffice.ListUsersTest","Surefire test","testcases.backoffice.ListUsersTest","getUsersWithEmptyId"
"Inquiry Test Transfer Merchant","8441","inquiryTransfer","Surefire suite","Tue Sep 01 06:02:38 UTC 2026","passed","Tue Sep 01 06:02:46 UTC 2026","testcases.transfer.InquiryTransferTest","Surefire test","testcases.transfer.InquiryTransferTest","inquiryTransfer"
"List Company Backoffice Menggunakan Login Marketing","4637","listCompanyWithMarketingLogin","Surefire suite","Tue Sep 01 07:34:26 UTC 2026","passed","Tue Sep 01 07:34:30 UTC 2026","testcases.backoffice.ListCompanyTest","Surefire test","testcases.backoffice.ListCompanyTest","listCompanyWithMarketingLogin"
"List Refund Dengan Tipe Data Salah pada Field Limit (String, Bukan Integer)","4622","listRefundWithInvalidFieldType","Surefire suite","Tue Sep 01 07:21:58 UTC 2026","passed","Tue Sep 01 07:22:03 UTC 2026","testcases.backoffice.ListRefundTest","Surefire test","testcases.backoffice.ListRefundTest","listRefundWithInvalidFieldType"
"Get History Flop Transfer Merchant on Login CS Admin","22413","historyFlopTransferMerchantTestCSAdmin","Surefire suite","Tue Sep 01 05:51:31 UTC 2026","passed","Tue Sep 01 05:51:53 UTC 2026","testcases.history.HistoryTransferTest","Surefire test","testcases.history.HistoryTransferTest","historyFlopTransferMerchantTestCSAdmin"
"Get Detail User Backoffice Menggunakan Login Merchant","4818","getUsersWithMerchantLogin","Surefire suite","Tue Sep 01 07:25:08 UTC 2026","passed","Tue Sep 01 07:25:13 UTC 2026","testcases.backoffice.ListUsersTest","Surefire test","testcases.backoffice.ListUsersTest","getUsersWithMerchantLogin"
"Normal Flop Transfer Success","7520","transfer","Surefire suite","Tue Sep 01 06:27:05 UTC 2026","passed","Tue Sep 01 06:27:12 UTC 2026","testcases.transfer.TransferFlopTest","Surefire test","testcases.transfer.TransferFlopTest","transfer"
"List Manage Settlement Backoffice Menggunakan Login Admin Crypto","4684","listManageSettlementWithAdminCryptoLogin","Surefire suite","Tue Sep 01 07:44:48 UTC 2026","passed","Tue Sep 01 07:44:52 UTC 2026","testcases.backoffice.settlement.ManageSettlementTest","Surefire test","testcases.backoffice.settlement.ManageSettlementTest","listManageSettlementWithAdminCryptoLogin"
"List Manage Settlement Backoffice Menggunakan Login Supervisor","4682","listManageSettlementWithSupervisorLogin","Surefire suite","Tue Sep 01 07:47:34 UTC 2026","passed","Tue Sep 01 07:47:38 UTC 2026","testcases.backoffice.settlement.ManageSettlementTest","Surefire test","testcases.backoffice.settlement.ManageSettlementTest","listManageSettlementWithSupervisorLogin"
"Generate QR Success with before and after Balance","29169","generateQRBalanceFeeMarketing","Surefire suite","Tue Sep 01 06:28:36 UTC 2026","passed","Tue Sep 01 06:29:05 UTC 2026","testcases.QR.GenerateQRPaidTest","Surefire test","testcases.QR.GenerateQRPaidTest","generateQRBalanceFeeMarketing"
"Inquiry Test Manual Transfer Admin Crypto","5297","inquiryManualTransferAdminCrypto","Surefire suite","Tue Sep 01 06:15:03 UTC 2026","passed","Tue Sep 01 06:15:08 UTC 2026","testcases.transfer.InquiryManualTransferTest","Surefire test","testcases.transfer.InquiryManualTransferTest","inquiryManualTransferAdminCrypto"
"List Refund Dengan Karakter SQL Injection pada Field Param - Menemukan Bug Internal Server Error","4992","listRefundWithSqlInjectionParam","Surefire suite","Tue Sep 01 07:22:56 UTC 2026","passed","Tue Sep 01 07:23:01 UTC 2026","testcases.backoffice.ListRefundTest","Surefire test","testcases.backoffice.ListRefundTest","listRefundWithSqlInjectionParam"
"List Waiting Company Backoffice Menggunakan Login Admin Crypto","4734","listWaitingCompanyWithAdminCryptoLogin","Surefire suite","Tue Sep 01 07:36:54 UTC 2026","passed","Tue Sep 01 07:36:59 UTC 2026","testcases.backoffice.ListWaitingCompanyTest","Surefire test","testcases.backoffice.ListWaitingCompanyTest","listWaitingCompanyWithAdminCryptoLogin"
"Get Group Detail Backoffice Dengan Header Authorization Tanpa Skema Bearer","1461","getGroupDetailWithMalformedAuthorizationHeader","Surefire suite","Tue Sep 01 07:29:56 UTC 2026","passed","Tue Sep 01 07:29:57 UTC 2026","testcases.backoffice.GetGroupTest","Surefire test","testcases.backoffice.GetGroupTest","getGroupDetailWithMalformedAuthorizationHeader"
"Get History Flop Transfer Test Supervisor","8946","historyFlopTransferTestSupervisor","Surefire suite","Tue Sep 01 05:53:06 UTC 2026","passed","Tue Sep 01 05:53:15 UTC 2026","testcases.history.HistoryTransferTest","Surefire test","testcases.history.HistoryTransferTest","historyFlopTransferTestSupervisor"
"Get Detail Waiting Company Backoffice Dengan Id Sangat Panjang (10.000 karakter)","4614","getDetailWaitingCompanyWithOverlongId","Surefire suite","Tue Sep 01 07:42:09 UTC 2026","passed","Tue Sep 01 07:42:14 UTC 2026","testcases.backoffice.GetDetailWaitingCompanyTest","Surefire test","testcases.backoffice.GetDetailWaitingCompanyTest","getDetailWaitingCompanyWithOverlongId"
"List Manage Settlement Backoffice Dengan Field Sort Merujuk ke Kolom yang Tidak Ada","4661","listManageSettlementWithInvalidSortField","Surefire suite","Tue Sep 01 07:46:09 UTC 2026","passed","Tue Sep 01 07:46:13 UTC 2026","testcases.backoffice.settlement.ManageSettlementTest","Surefire test","testcases.backoffice.settlement.ManageSettlementTest","listManageSettlementWithInvalidSortField"
"Transfer Different Partner Reference, USDT Transfer to Transfer","20433","trfPartnerRefSpecialFailed","Surefire suite","Tue Sep 01 06:22:42 UTC 2026","passed","Tue Sep 01 06:23:02 UTC 2026","testcases.transfer.TransferUSDTTest","Surefire test","testcases.transfer.TransferUSDTTest","trfPartnerRefSpecialFailed"
"List Waiting Company Backoffice Menggunakan HTTP Method GET","4808","listWaitingCompanyWithGetMethod","Surefire suite","Tue Sep 01 07:37:25 UTC 2026","passed","Tue Sep 01 07:37:30 UTC 2026","testcases.backoffice.ListWaitingCompanyTest","Surefire test","testcases.backoffice.ListWaitingCompanyTest","listWaitingCompanyWithGetMethod"
"Test Approved Special Transfer","12329","approvedSpecialTransfer","Surefire suite","Tue Sep 01 06:40:20 UTC 2026","passed","Tue Sep 01 06:40:32 UTC 2026","testcases.backoffice.ApprovalTransferTest","Surefire test","testcases.backoffice.ApprovalTransferTest","approvedSpecialTransfer"
"Login Merchant tanpa Parameter Username","2927","testLoginMissingUsernameParam","Surefire suite","Tue Sep 01 05:46:49 UTC 2026","passed","Tue Sep 01 05:46:52 UTC 2026","testcases.auth.LoginTest","Surefire test","testcases.auth.LoginTest","testLoginMissingUsernameParam"
"Reset Pin Group","4812","resetPinGroup","Surefire suite","Tue Sep 01 07:57:12 UTC 2026","passed","Tue Sep 01 07:57:17 UTC 2026","testcases.settings.ResetPinTest","Surefire test","testcases.settings.ResetPinTest","resetPinGroup"
"Get History Manual Transfer Merchant on Login CS Admin","11028","historyManualTransferMerchantTestCSAdmin","Surefire suite","Tue Sep 01 05:53:18 UTC 2026","passed","Tue Sep 01 05:53:29 UTC 2026","testcases.history.HistoryTransferTest","Surefire test","testcases.history.HistoryTransferTest","historyManualTransferMerchantTestCSAdmin"
"Get Group Backoffice Dengan Token Tidak Valid","1437","getGroupWithInvalidToken","Surefire suite","Tue Sep 01 06:36:23 UTC 2026","passed","Tue Sep 01 06:36:24 UTC 2026","testcases.backoffice.GetDashboardTest","Surefire test","testcases.backoffice.GetDashboardTest","getGroupWithInvalidToken"
"List Company Backoffice Dengan Karakter SQL Injection pada Field Param - Menemukan Bug Gateway Timeout","4624","listCompanyWithSqlInjectionParam","Surefire suite","Tue Sep 01 07:34:49 UTC 2026","passed","Tue Sep 01 07:34:53 UTC 2026","testcases.backoffice.ListCompanyTest","Surefire test","testcases.backoffice.ListCompanyTest","listCompanyWithSqlInjectionParam"
"Mutasi Transfer","13484","mutasiTransferAdminCrypto","Surefire suite","Tue Sep 01 07:00:41 UTC 2026","passed","Tue Sep 01 07:00:54 UTC 2026","testcases.mutasi.MutasiTransferTest","Surefire test","testcases.mutasi.MutasiTransferTest","mutasiTransferAdminCrypto"
"Get Group Detail Backoffice Dengan Token Kadaluarsa","1496","getGroupDetailWithExpiredToken","Surefire suite","Tue Sep 01 07:29:31 UTC 2026","passed","Tue Sep 01 07:29:33 UTC 2026","testcases.backoffice.GetGroupTest","Surefire test","testcases.backoffice.GetGroupTest","getGroupDetailWithExpiredToken"
"Get Group Detail Backoffice Menggunakan HTTP Method DELETE","4640","getGroupDetailWithDeleteMethod","Surefire suite","Tue Sep 01 07:29:16 UTC 2026","passed","Tue Sep 01 07:29:21 UTC 2026","testcases.backoffice.GetGroupTest","Surefire test","testcases.backoffice.GetGroupTest","getGroupDetailWithDeleteMethod"
"List Company Backoffice Menggunakan Login Supervisor","4667","listCompanyWithSupervisorLogin","Surefire suite","Tue Sep 01 07:34:56 UTC 2026","passed","Tue Sep 01 07:35:01 UTC 2026","testcases.backoffice.ListCompanyTest","Surefire test","testcases.backoffice.ListCompanyTest","listCompanyWithSupervisorLogin"
"List Manage Settlement Backoffice Dengan Body Berupa JSON Array ([])","4646","listManageSettlementWithArrayBody","Surefire suite","Tue Sep 01 07:45:03 UTC 2026","passed","Tue Sep 01 07:45:08 UTC 2026","testcases.backoffice.settlement.ManageSettlementTest","Surefire test","testcases.backoffice.settlement.ManageSettlementTest","listManageSettlementWithArrayBody"
"List Waiting Company Backoffice Dengan Karakter SQL Injection pada Field Param","4752","listWaitingCompanyWithSqlInjectionParam","Surefire suite","Tue Sep 01 07:38:35 UTC 2026","passed","Tue Sep 01 07:38:40 UTC 2026","testcases.backoffice.ListWaitingCompanyTest","Surefire test","testcases.backoffice.ListWaitingCompanyTest","listWaitingCompanyWithSqlInjectionParam"
"Reset Pin CS Admin","5116","resetPinCSAdmin","Surefire suite","Tue Sep 01 07:57:04 UTC 2026","passed","Tue Sep 01 07:57:09 UTC 2026","testcases.settings.ResetPinTest","Surefire test","testcases.settings.ResetPinTest","resetPinCSAdmin"
"Mutasi Transfer Supervisor CS","11553","mutasiTransferSupervisorCS","Surefire suite","Tue Sep 01 07:02:24 UTC 2026","passed","Tue Sep 01 07:02:36 UTC 2026","testcases.mutasi.MutasiTransferTest","Surefire test","testcases.mutasi.MutasiTransferTest","mutasiTransferSupervisorCS"
"Transfer with Wrong Pin","22820","transferWrongPin","Surefire suite","Tue Sep 01 06:10:26 UTC 2026","passed","Tue Sep 01 06:10:49 UTC 2026","testcases.transfer.SpecialTransferTest","Surefire test","testcases.transfer.SpecialTransferTest","transferWrongPin"
"Get Group Detail Backoffice Dengan Format Group Id Tidak Valid (Bukan ObjectId)","4737","getGroupDetailWithMalformedId","Surefire suite","Tue Sep 01 07:30:00 UTC 2026","passed","Tue Sep 01 07:30:05 UTC 2026","testcases.backoffice.GetGroupTest","Surefire test","testcases.backoffice.GetGroupTest","getGroupDetailWithMalformedId"
"Mutasi Manual Transfer Balance CS","31458","mutasiManualTransferBalanceCS","Surefire suite","Tue Sep 01 06:53:28 UTC 2026","passed","Tue Sep 01 06:53:59 UTC 2026","testcases.mutasi.MutasiTransferTest","Surefire test","testcases.mutasi.MutasiTransferTest","mutasiManualTransferBalanceCS"
"Get History QR Supervisor Success Paid","10880","historyQRTestPaidSupervisor","Surefire suite","Tue Sep 01 05:50:20 UTC 2026","passed","Tue Sep 01 05:50:31 UTC 2026","testcases.history.HistoryQRTest","Surefire test","testcases.history.HistoryQRTest","historyQRTestPaidSupervisor"
"Edit Company Cs Admin","4944","editCompanyCsAdmin","Surefire suite","Tue Sep 01 07:12:28 UTC 2026","passed","Tue Sep 01 07:12:33 UTC 2026","testcases.backoffice.EditUserTest","Surefire test","testcases.backoffice.EditUserTest","editCompanyCsAdmin"
"Get Dashboard Backoffice Menggunakan Login Merchant","4471","getDashboardWithMerchantLogin","Surefire suite","Tue Sep 01 06:35:47 UTC 2026","passed","Tue Sep 01 06:35:52 UTC 2026","testcases.backoffice.GetDashboardTest","Surefire test","testcases.backoffice.GetDashboardTest","getDashboardWithMerchantLogin"
"List Waiting Company Backoffice Tanpa Login/Header Auth","1571","listWaitingCompanyWithoutAuth","Surefire suite","Tue Sep 01 07:38:58 UTC 2026","passed","Tue Sep 01 07:39:00 UTC 2026","testcases.backoffice.ListWaitingCompanyTest","Surefire test","testcases.backoffice.ListWaitingCompanyTest","listWaitingCompanyWithoutAuth"
"Get History USDT Transfer Test CS","10979","historyUSDTTransferTestAdmin","Surefire suite","Tue Sep 01 05:59:08 UTC 2026","passed","Tue Sep 01 05:59:19 UTC 2026","testcases.history.HistoryTransferTest","Surefire test","testcases.history.HistoryTransferTest","historyUSDTTransferTestAdmin"
"Mutasi Transfer Balance","11013","mutasiTransferBalance","Surefire suite","Tue Sep 01 07:00:57 UTC 2026","passed","Tue Sep 01 07:01:08 UTC 2026","testcases.mutasi.MutasiTransferTest","Surefire test","testcases.mutasi.MutasiTransferTest","mutasiTransferBalance"
"Get Group Detail Backoffice","7736","getGroupDetail","Surefire suite","Tue Sep 01 07:28:50 UTC 2026","passed","Tue Sep 01 07:28:58 UTC 2026","testcases.backoffice.GetGroupTest","Surefire test","testcases.backoffice.GetGroupTest","getGroupDetail"
"Mutasi Special Transfer Balance Supervisor","24888","mutasiSpecialTransferBalanceSupervisor","Surefire suite","Tue Sep 01 06:58:09 UTC 2026","passed","Tue Sep 01 06:58:34 UTC 2026","testcases.mutasi.MutasiTransferTest","Surefire test","testcases.mutasi.MutasiTransferTest","mutasiSpecialTransferBalanceSupervisor"
"Get Dashboard Backoffice Menggunakan Login Admin Crypto","4809","getDashboardWithAdminCryptoLogin","Surefire suite","Tue Sep 01 06:35:04 UTC 2026","passed","Tue Sep 01 06:35:09 UTC 2026","testcases.backoffice.GetDashboardTest","Surefire test","testcases.backoffice.GetDashboardTest","getDashboardWithAdminCryptoLogin"
"Get History QR CS Success Paid","11633","historyQRTestPaidCS","Surefire suite","Tue Sep 01 05:50:05 UTC 2026","passed","Tue Sep 01 05:50:17 UTC 2026","testcases.history.HistoryQRTest","Surefire test","testcases.history.HistoryQRTest","historyQRTestPaidCS"
"Get History USDT Transfer Supervisor on Login CS Admin","10882","historyUSDTTransferSupervisorTestCSAdmin","Surefire suite","Tue Sep 01 05:58:43 UTC 2026","passed","Tue Sep 01 05:58:54 UTC 2026","testcases.history.HistoryTransferTest","Surefire test","testcases.history.HistoryTransferTest","historyUSDTTransferSupervisorTestCSAdmin"
"Transfer Different Partner Reference, Transfer to USDT Transfer","20241","trfPartnerRefTransferFailed","Surefire suite","Tue Sep 01 06:23:05 UTC 2026","passed","Tue Sep 01 06:23:25 UTC 2026","testcases.transfer.TransferUSDTTest","Surefire test","testcases.transfer.TransferUSDTTest","trfPartnerRefTransferFailed"
"Normal Flop Supervisor Transfer Success","7818","flopTransferSupervisor","Surefire suite","Tue Sep 01 06:26:54 UTC 2026","passed","Tue Sep 01 06:27:02 UTC 2026","testcases.transfer.TransferFlopTest","Surefire test","testcases.transfer.TransferFlopTest","flopTransferSupervisor"
"List User Backoffice Dengan Token Tidak Valid","1552","listUsersWithInvalidToken","Surefire suite","Tue Sep 01 07:26:22 UTC 2026","passed","Tue Sep 01 07:26:24 UTC 2026","testcases.backoffice.ListUsersTest","Surefire test","testcases.backoffice.ListUsersTest","listUsersWithInvalidToken"
"List Waiting Company Backoffice Menggunakan Login CS Admin","4606","listWaitingCompanyWithCSAdminLogin","Surefire suite","Tue Sep 01 07:37:10 UTC 2026","passed","Tue Sep 01 07:37:14 UTC 2026","testcases.backoffice.ListWaitingCompanyTest","Surefire test","testcases.backoffice.ListWaitingCompanyTest","listWaitingCompanyWithCSAdminLogin"
"Transfer Different Partner Reference, USDT Transfer to Transfer","20121","trfPartnerRefUSDTFailed","Surefire suite","Tue Sep 01 06:11:39 UTC 2026","passed","Tue Sep 01 06:11:59 UTC 2026","testcases.transfer.SpecialTransferTest","Surefire test","testcases.transfer.SpecialTransferTest","trfPartnerRefUSDTFailed"
"List User Backoffice Tanpa Body Sama Sekali","4571","listUsersWithoutBody","Surefire suite","Tue Sep 01 07:27:17 UTC 2026","passed","Tue Sep 01 07:27:21 UTC 2026","testcases.backoffice.ListUsersTest","Surefire test","testcases.backoffice.ListUsersTest","listUsersWithoutBody"
"List Manage Settlement Backoffice Dengan Ukuran Halaman Sangat Besar","4695","listManageSettlementWithHugeSize","Surefire suite","Tue Sep 01 07:45:54 UTC 2026","passed","Tue Sep 01 07:45:58 UTC 2026","testcases.backoffice.settlement.ManageSettlementTest","Surefire test","testcases.backoffice.settlement.ManageSettlementTest","listManageSettlementWithHugeSize"
"Approval Refund Special Transfer Merchant","9504","approveRefundSpecialTransferMerchant","Surefire suite","Tue Sep 01 07:17:15 UTC 2026","passed","Tue Sep 01 07:17:25 UTC 2026","testcases.backoffice.ApprovalRefundTest","Surefire test","testcases.backoffice.ApprovalRefundTest","approveRefundSpecialTransferMerchant"
"List Manage Settlement Backoffice Dengan Body JSON Tidak Valid (Malformed)","4375","listManageSettlementWithMalformedJson","Surefire suite","Tue Sep 01 07:46:26 UTC 2026","passed","Tue Sep 01 07:46:30 UTC 2026","testcases.backoffice.settlement.ManageSettlementTest","Surefire test","testcases.backoffice.settlement.ManageSettlementTest","listManageSettlementWithMalformedJson"
"List User Backoffice Menggunakan Login Supervisor","4490","listUsersWithSupervisorLogin","Surefire suite","Tue Sep 01 07:27:05 UTC 2026","passed","Tue Sep 01 07:27:09 UTC 2026","testcases.backoffice.ListUsersTest","Surefire test","testcases.backoffice.ListUsersTest","listUsersWithSupervisorLogin"
"Get History Flop Transfer Test","9009","historyFlopTransferTest","Surefire suite","Tue Sep 01 05:52:12 UTC 2026","passed","Tue Sep 01 05:52:21 UTC 2026","testcases.history.HistoryTransferTest","Surefire test","testcases.history.HistoryTransferTest","historyFlopTransferTest"
"Get History Manual Transfer Test Admin Crypto","7940","historyManualTransferTestAdminCrypto","Surefire suite","Tue Sep 01 05:54:12 UTC 2026","passed","Tue Sep 01 05:54:20 UTC 2026","testcases.history.HistoryTransferTest","Surefire test","testcases.history.HistoryTransferTest","historyManualTransferTestAdminCrypto"
"","4593","listUSDT","Surefire suite","Tue Sep 01 06:48:45 UTC 2026","passed","Tue Sep 01 06:48:50 UTC 2026","testcases.backoffice.ListTransferTest","Surefire test","testcases.backoffice.ListTransferTest","listUSDT"
"List Manage Settlement Backoffice Dengan Payload XSS pada Field Param","4644","listManageSettlementWithXssParam","Surefire suite","Tue Sep 01 07:48:04 UTC 2026","passed","Tue Sep 01 07:48:08 UTC 2026","testcases.backoffice.settlement.ManageSettlementTest","Surefire test","testcases.backoffice.settlement.ManageSettlementTest","listManageSettlementWithXssParam"
"Get Detail Waiting Company Backoffice Menggunakan Login Merchant","4522","getDetailWaitingCompanyWithMerchantLogin","Surefire suite","Tue Sep 01 07:41:54 UTC 2026","passed","Tue Sep 01 07:41:58 UTC 2026","testcases.backoffice.GetDetailWaitingCompanyTest","Surefire test","testcases.backoffice.GetDetailWaitingCompanyTest","getDetailWaitingCompanyWithMerchantLogin"
"Get History Special Transfer Merchant on Login CS Admin","11507","historySpecialTransferMerchantTestCSAdmin","Surefire suite","Tue Sep 01 05:55:13 UTC 2026","passed","Tue Sep 01 05:55:24 UTC 2026","testcases.history.HistoryTransferTest","Surefire test","testcases.history.HistoryTransferTest","historySpecialTransferMerchantTestCSAdmin"
"Get Detail Waiting Company Backoffice Dengan Id Berisi Karakter SQL Injection","4631","getDetailWaitingCompanyWithSqlInjectionId","Surefire suite","Tue Sep 01 07:42:40 UTC 2026","passed","Tue Sep 01 07:42:45 UTC 2026","testcases.backoffice.GetDetailWaitingCompanyTest","Surefire test","testcases.backoffice.GetDetailWaitingCompanyTest","getDetailWaitingCompanyWithSqlInjectionId"
"Request Refund Transfer Waiting Merchant","4724","refundTransferWaitingMerchant","Surefire suite","Tue Sep 01 07:19:42 UTC 2026","passed","Tue Sep 01 07:19:47 UTC 2026","testcases.transfer.RefundTransferTest","Surefire test","testcases.transfer.RefundTransferTest","refundTransferWaitingMerchant"
"Get History USDT Transfer Test Admin Crypto","7785","historyUSDTTransferTestAdminCrypto","Surefire suite","Tue Sep 01 05:59:22 UTC 2026","passed","Tue Sep 01 05:59:30 UTC 2026","testcases.history.HistoryTransferTest","Surefire test","testcases.history.HistoryTransferTest","historyUSDTTransferTestAdminCrypto"
"List User Backoffice Dengan Tipe Data Salah pada Field Limit (String, Bukan Integer)","4509","listUsersWithInvalidFieldType","Surefire suite","Tue Sep 01 07:26:07 UTC 2026","passed","Tue Sep 01 07:26:12 UTC 2026","testcases.backoffice.ListUsersTest","Surefire test","testcases.backoffice.ListUsersTest","listUsersWithInvalidFieldType"
"Test Approved Manual Transfer","17645","rejectedCashDeposit","Surefire suite","Tue Sep 01 06:43:58 UTC 2026","passed","Tue Sep 01 06:44:15 UTC 2026","testcases.backoffice.ApprovalTransferTest","Surefire test","testcases.backoffice.ApprovalTransferTest","rejectedCashDeposit"
"Get Detail Waiting Company Backoffice Tanpa Login/Header Auth","1464","getDetailWaitingCompanyWithoutAuth","Surefire suite","Tue Sep 01 07:43:11 UTC 2026","passed","Tue Sep 01 07:43:12 UTC 2026","testcases.backoffice.GetDetailWaitingCompanyTest","Surefire test","testcases.backoffice.GetDetailWaitingCompanyTest","getDetailWaitingCompanyWithoutAuth"
"Get Balance Admin Transfer","7511","getBalanceAdmin","Surefire suite","Tue Sep 01 06:32:51 UTC 2026","passed","Tue Sep 01 06:32:59 UTC 2026","testcases.balance.GetBalanceTransferTest","Surefire test","testcases.balance.GetBalanceTransferTest","getBalanceAdmin"
"List Manage Settlement Backoffice Dengan Token Tidak Valid","1495","listManageSettlementWithInvalidToken","Surefire suite","Tue Sep 01 07:46:16 UTC 2026","passed","Tue Sep 01 07:46:18 UTC 2026","testcases.backoffice.settlement.ManageSettlementTest","Surefire test","testcases.backoffice.settlement.ManageSettlementTest","listManageSettlementWithInvalidToken"
"Mutasi Transaction Admin","8457","mutasiAdmin","Surefire suite","Tue Sep 01 06:51:59 UTC 2026","passed","Tue Sep 01 06:52:08 UTC 2026","testcases.mutasi.MutasiTransferTest","Surefire test","testcases.mutasi.MutasiTransferTest","mutasiAdmin"
"List Manage Settlement Backoffice Menggunakan Login Marketing","4618","listManageSettlementWithMarketingLogin","Surefire suite","Tue Sep 01 07:46:40 UTC 2026","passed","Tue Sep 01 07:46:45 UTC 2026","testcases.backoffice.settlement.ManageSettlementTest","Surefire test","testcases.backoffice.settlement.ManageSettlementTest","listManageSettlementWithMarketingLogin"
"Transfer Different Partner Reference, Manual Transfer to Transfer","20623","trfPartnerRefManualFailed","Surefire suite","Tue Sep 01 06:10:52 UTC 2026","passed","Tue Sep 01 06:11:13 UTC 2026","testcases.transfer.SpecialTransferTest","Surefire test","testcases.transfer.SpecialTransferTest","trfPartnerRefManualFailed"
"Success Login Admin Crypto","3412","testLoginAdminCrypto","Surefire suite","Tue Sep 01 05:45:29 UTC 2026","passed","Tue Sep 01 05:45:32 UTC 2026","testcases.auth.LoginTest","Surefire test","testcases.auth.LoginTest","testLoginAdminCrypto"
"Reset Password Merchant","4696","resetPasswordMerchant","Surefire suite","Tue Sep 01 07:54:31 UTC 2026","passed","Tue Sep 01 07:54:36 UTC 2026","testcases.settings.ResetPasswordTest","Surefire test","testcases.settings.ResetPasswordTest","resetPasswordMerchant"
"","4658","generateQRCodeFailed","Surefire suite","Tue Sep 01 06:01:41 UTC 2026","passed","Tue Sep 01 06:01:46 UTC 2026","testcases.QR.GenerateQRTest","Surefire test","testcases.QR.GenerateQRTest","generateQRCodeFailed"
"Get History Special Transfer Test Fee Admin","11416","historySpecialTransferTestFeeAdmin","Surefire suite","Tue Sep 01 05:56:32 UTC 2026","passed","Tue Sep 01 05:56:43 UTC 2026","testcases.history.HistoryTransferTest","Surefire test","testcases.history.HistoryTransferTest","historySpecialTransferTestFeeAdmin"
"Inquiry Test Flop Transfer Admin Crypto","8989","inquiryFlopTransferAdminCrypto","Surefire suite","Tue Sep 01 06:24:53 UTC 2026","passed","Tue Sep 01 06:25:02 UTC 2026","testcases.transfer.InquiryFlopTransferTest","Surefire test","testcases.transfer.InquiryFlopTransferTest","inquiryFlopTransferAdminCrypto"
"Get User Backoffice Tanpa Login/Header Auth","1421","getUserWithoutAuth","Surefire suite","Tue Sep 01 06:37:06 UTC 2026","passed","Tue Sep 01 06:37:08 UTC 2026","testcases.backoffice.GetDashboardTest","Surefire test","testcases.backoffice.GetDashboardTest","getUserWithoutAuth"
"Get Detail Waiting Company Backoffice Menggunakan Login Admin Crypto","4793","getDetailWaitingCompanyWithAdminCryptoLogin","Surefire suite","Tue Sep 01 07:40:46 UTC 2026","passed","Tue Sep 01 07:40:51 UTC 2026","testcases.backoffice.GetDetailWaitingCompanyTest","Surefire test","testcases.backoffice.GetDetailWaitingCompanyTest","getDetailWaitingCompanyWithAdminCryptoLogin"
"List Manage Settlement Backoffice Dengan Token Backoffice Valid Tapi Tanpa Header pbyv","4511","listManageSettlementWithoutPbyvHeader","Surefire suite","Tue Sep 01 07:48:24 UTC 2026","passed","Tue Sep 01 07:48:28 UTC 2026","testcases.backoffice.settlement.ManageSettlementTest","Surefire test","testcases.backoffice.settlement.ManageSettlementTest","listManageSettlementWithoutPbyvHeader"
"Get History QR Success Paid","7887","historyQRTestPaid","Surefire suite","Tue Sep 01 05:49:40 UTC 2026","passed","Tue Sep 01 05:49:48 UTC 2026","testcases.history.HistoryQRTest","Surefire test","testcases.history.HistoryQRTest","historyQRTestPaid"
"Get Group Detail Backoffice Menggunakan Login Marketing","4790","getGroupDetailWithMarketingLogin","Surefire suite","Tue Sep 01 07:30:08 UTC 2026","passed","Tue Sep 01 07:30:13 UTC 2026","testcases.backoffice.GetGroupTest","Surefire test","testcases.backoffice.GetGroupTest","getGroupDetailWithMarketingLogin"
"Get Group User Backoffice","4750","getGroupSuperBO","Surefire suite","Tue Sep 01 06:36:07 UTC 2026","passed","Tue Sep 01 06:36:12 UTC 2026","testcases.backoffice.GetDashboardTest","Surefire test","testcases.backoffice.GetDashboardTest","getGroupSuperBO"
"Get Dashboard Backoffice Menggunakan Login Customer Service","4638","getDashboardWithCSLogin","Surefire suite","Tue Sep 01 06:35:27 UTC 2026","passed","Tue Sep 01 06:35:32 UTC 2026","testcases.backoffice.GetDashboardTest","Surefire test","testcases.backoffice.GetDashboardTest","getDashboardWithCSLogin"
"List Refund Dengan Token Tidak Valid","1478","listRefundWithInvalidToken","Surefire suite","Tue Sep 01 07:22:21 UTC 2026","passed","Tue Sep 01 07:22:23 UTC 2026","testcases.backoffice.ListRefundTest","Surefire test","testcases.backoffice.ListRefundTest","listRefundWithInvalidToken"
"Reset Password Marketing","4855","resetPasswordMarketing","Surefire suite","Tue Sep 01 07:54:24 UTC 2026","passed","Tue Sep 01 07:54:28 UTC 2026","testcases.settings.ResetPasswordTest","Surefire test","testcases.settings.ResetPasswordTest","resetPasswordMarketing"
"Transfer Different Parner Reference Supervisor, Special Transfer to Transfer","20323","trfPartnerRefSpecialSpvFailed","Surefire suite","Tue Sep 01 06:06:33 UTC 2026","passed","Tue Sep 01 06:06:53 UTC 2026","testcases.transfer.TransferTest","Surefire test","testcases.transfer.TransferTest","trfPartnerRefSpecialSpvFailed"
"Test Approved USDT Supervisor Tanpa URL","31469","approvedUSDTSupervisorWithoutURL","Surefire suite","Tue Sep 01 06:42:48 UTC 2026","passed","Tue Sep 01 06:43:20 UTC 2026","testcases.backoffice.ApprovalTransferTest","Surefire test","testcases.backoffice.ApprovalTransferTest","approvedUSDTSupervisorWithoutURL"
"Get History Transfer Supervisor on Login CS Admin","11408","historyTransferSupervisorTestCSAdmin","Surefire suite","Tue Sep 01 05:57:12 UTC 2026","passed","Tue Sep 01 05:57:24 UTC 2026","testcases.history.HistoryTransferTest","Surefire test","testcases.history.HistoryTransferTest","historyTransferSupervisorTestCSAdmin"
"List Waiting Company Backoffice Dengan Body Kosong ({})","4710","listWaitingCompanyWithEmptyBody","Surefire suite","Tue Sep 01 07:37:17 UTC 2026","passed","Tue Sep 01 07:37:22 UTC 2026","testcases.backoffice.ListWaitingCompanyTest","Surefire test","testcases.backoffice.ListWaitingCompanyTest","listWaitingCompanyWithEmptyBody"
"Get History QR Admin Success Paid","11057","historyQRTestPaidAdmin","Surefire suite","Tue Sep 01 05:49:51 UTC 2026","broken","Tue Sep 01 05:50:02 UTC 2026","testcases.history.HistoryQRTest","Surefire test","testcases.history.HistoryQRTest","historyQRTestPaidAdmin"
"List Company Backoffice Dengan Body JSON Tidak Valid (Malformed)","4458","listCompanyWithMalformedJson","Surefire suite","Tue Sep 01 07:34:18 UTC 2026","passed","Tue Sep 01 07:34:23 UTC 2026","testcases.backoffice.ListCompanyTest","Surefire test","testcases.backoffice.ListCompanyTest","listCompanyWithMalformedJson"
"Request Refund Transfer Supervisor","4549","refundTransferSupervisor","Surefire suite","Tue Sep 01 07:19:35 UTC 2026","passed","Tue Sep 01 07:19:39 UTC 2026","testcases.transfer.RefundTransferTest","Surefire test","testcases.transfer.RefundTransferTest","refundTransferSupervisor"
"Get Detail Waiting Company Backoffice Dengan Id Berisi Payload XSS","4654","getDetailWaitingCompanyWithXssId","Surefire suite","Tue Sep 01 07:43:03 UTC 2026","passed","Tue Sep 01 07:43:08 UTC 2026","testcases.backoffice.GetDetailWaitingCompanyTest","Surefire test","testcases.backoffice.GetDetailWaitingCompanyTest","getDetailWaitingCompanyWithXssId"
"Login Merchant dengan Username Berisi Spasi Saja","2885","testLoginWhitespaceUsername","Surefire suite","Tue Sep 01 05:47:20 UTC 2026","passed","Tue Sep 01 05:47:23 UTC 2026","testcases.auth.LoginTest","Surefire test","testcases.auth.LoginTest","testLoginWhitespaceUsername"
"List Company Backoffice Dengan Tipe Data Salah pada Field Limit (String, Bukan Integer)","4846","listCompanyWithInvalidFieldType","Surefire suite","Tue Sep 01 07:33:52 UTC 2026","passed","Tue Sep 01 07:33:56 UTC 2026","testcases.backoffice.ListCompanyTest","Surefire test","testcases.backoffice.ListCompanyTest","listCompanyWithInvalidFieldType"
"Get Balance Merchant with Login Supervisor","5470","getBalanceMerchantLoginSupervisor","Surefire suite","Tue Sep 01 06:31:23 UTC 2026","passed","Tue Sep 01 06:31:28 UTC 2026","testcases.balance.GetBalanceQrisTest","Surefire test","testcases.balance.GetBalanceQrisTest","getBalanceMerchantLoginSupervisor"
"Get History Flop Transfer Test Admin","12074","historyFlopTransferTestAdmin","Surefire suite","Tue Sep 01 05:52:24 UTC 2026","passed","Tue Sep 01 05:52:36 UTC 2026","testcases.history.HistoryTransferTest","Surefire test","testcases.history.HistoryTransferTest","historyFlopTransferTestAdmin"
"Special Transfer Success with before and after Balance","12463","specialTransferSupervisor","Surefire suite","Tue Sep 01 06:09:57 UTC 2026","passed","Tue Sep 01 06:10:10 UTC 2026","testcases.transfer.SpecialTransferTest","Surefire test","testcases.transfer.SpecialTransferTest","specialTransferSupervisor"
"List Company Backoffice Tanpa Body Sama Sekali","4551","listCompanyWithoutBody","Surefire suite","Tue Sep 01 07:35:16 UTC 2026","passed","Tue Sep 01 07:35:21 UTC 2026","testcases.backoffice.ListCompanyTest","Surefire test","testcases.backoffice.ListCompanyTest","listCompanyWithoutBody"
"Get Detail Waiting Company Backoffice Dengan Header Authorization Tanpa Skema Bearer","1495","getDetailWaitingCompanyWithMalformedAuthorizationHeader","Surefire suite","Tue Sep 01 07:41:34 UTC 2026","passed","Tue Sep 01 07:41:36 UTC 2026","testcases.backoffice.GetDetailWaitingCompanyTest","Surefire test","testcases.backoffice.GetDetailWaitingCompanyTest","getDetailWaitingCompanyWithMalformedAuthorizationHeader"
"Reset Pin Merchant","4974","resetPinMerchant","Surefire suite","Tue Sep 01 07:57:27 UTC 2026","passed","Tue Sep 01 07:57:32 UTC 2026","testcases.settings.ResetPinTest","Surefire test","testcases.settings.ResetPinTest","resetPinMerchant"
"Get History Manual Transfer Supervisor on Login CS Admin","11362","historyManualTransferSupervisorTestCSAdmin","Surefire suite","Tue Sep 01 05:53:32 UTC 2026","passed","Tue Sep 01 05:53:43 UTC 2026","testcases.history.HistoryTransferTest","Surefire test","testcases.history.HistoryTransferTest","historyManualTransferSupervisorTestCSAdmin"
"Normal Manual Transfer Success","9915","transfer","Surefire suite","Tue Sep 01 06:17:21 UTC 2026","passed","Tue Sep 01 06:17:31 UTC 2026","testcases.transfer.ManualTransferTest","Surefire test","testcases.transfer.ManualTransferTest","transfer"
"Test Settlement USDT dengan check Fee di Admin Crypto dan Admin Fee","47088","settlementUSDT","Surefire suite","Tue Sep 01 06:45:51 UTC 2026","passed","Tue Sep 01 06:46:38 UTC 2026","testcases.backoffice.ApprovalTransferTest","Surefire test","testcases.backoffice.ApprovalTransferTest","settlementUSDT"
"Normal Transfer USDT Balance Success","9417","usdtTransferBalanceAdminCrypto","Surefire suite","Tue Sep 01 06:23:39 UTC 2026","passed","Tue Sep 01 06:23:49 UTC 2026","testcases.transfer.TransferUSDTTest","Surefire test","testcases.transfer.TransferUSDTTest","usdtTransferBalanceAdminCrypto"
"List Company Backoffice Dengan Ukuran Halaman Sangat Besar","5145","listCompanyWithHugeSize","Surefire suite","Tue Sep 01 07:33:43 UTC 2026","passed","Tue Sep 01 07:33:49 UTC 2026","testcases.backoffice.ListCompanyTest","Surefire test","testcases.backoffice.ListCompanyTest","listCompanyWithHugeSize"
"","10582","getCompanyDetail","Surefire suite","Tue Sep 01 07:15:44 UTC 2026","passed","Tue Sep 01 07:15:55 UTC 2026","testcases.backoffice.CheckCompanyDetailTest","Surefire test","testcases.backoffice.CheckCompanyDetailTest","getCompanyDetail"
"Reset Password Admin","7310","resetPasswordAdmin","Surefire suite","Tue Sep 01 07:53:34 UTC 2026","passed","Tue Sep 01 07:53:41 UTC 2026","testcases.settings.ResetPasswordTest","Surefire test","testcases.settings.ResetPasswordTest","resetPasswordAdmin"
"Get Balance Merchant with Login Admin Crypto","4700","getBalanceAdminLoginAdminCrypto","Surefire suite","Tue Sep 01 06:30:43 UTC 2026","passed","Tue Sep 01 06:30:48 UTC 2026","testcases.balance.GetBalanceQrisTest","Surefire test","testcases.balance.GetBalanceQrisTest","getBalanceAdminLoginAdminCrypto"
"Get Detail User Backoffice Dengan Format User Id Tidak Valid (Bukan ObjectId)","4863","getUsersWithMalformedId","Surefire suite","Tue Sep 01 07:25:00 UTC 2026","passed","Tue Sep 01 07:25:05 UTC 2026","testcases.backoffice.ListUsersTest","Surefire test","testcases.backoffice.ListUsersTest","getUsersWithMalformedId"
"Login Backoffice dengan Password Salah","4606","testLoginBackofficeWrongPassword","Surefire suite","Tue Sep 01 05:45:53 UTC 2026","passed","Tue Sep 01 05:45:58 UTC 2026","testcases.auth.LoginTest","Surefire test","testcases.auth.LoginTest","testLoginBackofficeWrongPassword"
"Get Detail Waiting Company Backoffice Dengan Path Traversal pada Id","4951","getDetailWaitingCompanyWithPathTraversalId","Surefire suite","Tue Sep 01 07:42:17 UTC 2026","passed","Tue Sep 01 07:42:22 UTC 2026","testcases.backoffice.GetDetailWaitingCompanyTest","Surefire test","testcases.backoffice.GetDetailWaitingCompanyTest","getDetailWaitingCompanyWithPathTraversalId"
"Get History Manual Transfer Test CS","11004","historyManualTransferTestCS","Surefire suite","Tue Sep 01 05:54:23 UTC 2026","passed","Tue Sep 01 05:54:34 UTC 2026","testcases.history.HistoryTransferTest","Surefire test","testcases.history.HistoryTransferTest","historyManualTransferTestCS"
"Login Merchant dengan Password Kosong","3064","testLoginEmptyPassword","Surefire suite","Tue Sep 01 05:46:13 UTC 2026","passed","Tue Sep 01 05:46:16 UTC 2026","testcases.auth.LoginTest","Surefire test","testcases.auth.LoginTest","testLoginEmptyPassword"
"Login Merchant dengan Username Kosong","3049","testLoginEmptyUsername","Surefire suite","Tue Sep 01 05:46:19 UTC 2026","passed","Tue Sep 01 05:46:22 UTC 2026","testcases.auth.LoginTest","Surefire test","testcases.auth.LoginTest","testLoginEmptyUsername"
"Approval Refund Special Transfer Merchant","12592","approveRefundManualTransferMerchant","Surefire suite","Tue Sep 01 07:16:59 UTC 2026","passed","Tue Sep 01 07:17:12 UTC 2026","testcases.backoffice.ApprovalRefundTest","Surefire test","testcases.backoffice.ApprovalRefundTest","approveRefundManualTransferMerchant"
"Get History QR CS","9632","historyQRTestCS","Surefire suite","Tue Sep 01 05:49:28 UTC 2026","passed","Tue Sep 01 05:49:37 UTC 2026","testcases.history.HistoryQRTest","Surefire test","testcases.history.HistoryQRTest","historyQRTestCS"
"Success Login CS Admin","3120","testLoginCSAdmin","Surefire suite","Tue Sep 01 05:46:07 UTC 2026","passed","Tue Sep 01 05:46:10 UTC 2026","testcases.auth.LoginTest","Surefire test","testcases.auth.LoginTest","testLoginCSAdmin"
"Test Approved USDT","17440","approvedUSDTAdminCrypto","Surefire suite","Tue Sep 01 06:42:07 UTC 2026","passed","Tue Sep 01 06:42:25 UTC 2026","testcases.backoffice.ApprovalTransferTest","Surefire test","testcases.backoffice.ApprovalTransferTest","approvedUSDTAdminCrypto"
"Inquiry Test Manual Transfer Merchant Supervisor","4790","inquiryManualTransferSupervisor","Surefire suite","Tue Sep 01 06:15:11 UTC 2026","passed","Tue Sep 01 06:15:16 UTC 2026","testcases.transfer.InquiryManualTransferTest","Surefire test","testcases.transfer.InquiryManualTransferTest","inquiryManualTransferSupervisor"
"Get Detail Waiting Company Backoffice Menggunakan Login Marketing","4692","getDetailWaitingCompanyWithMarketingLogin","Surefire suite","Tue Sep 01 07:41:46 UTC 2026","passed","Tue Sep 01 07:41:51 UTC 2026","testcases.backoffice.GetDetailWaitingCompanyTest","Surefire test","testcases.backoffice.GetDetailWaitingCompanyTest","getDetailWaitingCompanyWithMarketingLogin"
"Success Assignment Cash Deposit Supervisor","16700","assignCashDepositSupervisorTest","Surefire suite","Tue Sep 01 06:49:51 UTC 2026","passed","Tue Sep 01 06:50:08 UTC 2026","testcases.backoffice.TransferAssignmentTest","Surefire test","testcases.backoffice.TransferAssignmentTest","assignCashDepositSupervisorTest"
"Add Whitelist Ip User CS Admin","7852","addWhitelistIpUserCsAdmin","Surefire suite","Tue Sep 01 07:12:01 UTC 2026","passed","Tue Sep 01 07:12:09 UTC 2026","testcases.backoffice.EditUserTest","Surefire test","testcases.backoffice.EditUserTest","addWhitelistIpUserCsAdmin"
"Inquiry Test Special Transfer Merchant","7566","inquirySpecialTransfer","Surefire suite","Tue Sep 01 06:08:27 UTC 2026","passed","Tue Sep 01 06:08:35 UTC 2026","testcases.transfer.InquirySpecialTransferTest","Surefire test","testcases.transfer.InquirySpecialTransferTest","inquirySpecialTransfer"
"Get Group Detail Backoffice Dengan Group Id yang Tidak Ada","4607","getGroupDetailWithNonExistentId","Surefire suite","Tue Sep 01 07:30:23 UTC 2026","passed","Tue Sep 01 07:30:28 UTC 2026","testcases.backoffice.GetGroupTest","Surefire test","testcases.backoffice.GetGroupTest","getGroupDetailWithNonExistentId"
"Test Approve Special Transfer dengan check Fee di Admin Fee","25387","approvedSpecialTransferBalance","Surefire suite","Tue Sep 01 06:40:35 UTC 2026","passed","Tue Sep 01 06:41:01 UTC 2026","testcases.backoffice.ApprovalTransferTest","Surefire test","testcases.backoffice.ApprovalTransferTest","approvedSpecialTransferBalance"
"Get History Refund Test Admin Crypto","7494","historyRefundTestAdminCrypto","Surefire suite","Tue Sep 01 05:55:02 UTC 2026","passed","Tue Sep 01 05:55:10 UTC 2026","testcases.history.HistoryTransferTest","Surefire test","testcases.history.HistoryTransferTest","historyRefundTestAdminCrypto"
"Get Balance Merchant with Login Admin Crypto","4551","getFailedBalanceMerchantLoginAdminCrypto","Surefire suite","Tue Sep 01 06:31:39 UTC 2026","passed","Tue Sep 01 06:31:43 UTC 2026","testcases.balance.GetBalanceQrisTest","Surefire test","testcases.balance.GetBalanceQrisTest","getFailedBalanceMerchantLoginAdminCrypto"
"Test Approved USDT Tanpa URL","31781","approvedUSDTwithoutURL","Surefire suite","Tue Sep 01 06:43:23 UTC 2026","passed","Tue Sep 01 06:43:55 UTC 2026","testcases.backoffice.ApprovalTransferTest","Surefire test","testcases.backoffice.ApprovalTransferTest","approvedUSDTwithoutURL"
"Inquiry Test USDT Transfer Merchant","8139","inquiryUSDT","Surefire suite","Tue Sep 01 06:20:06 UTC 2026","passed","Tue Sep 01 06:20:14 UTC 2026","testcases.transfer.InquiryUSDTTest","Surefire test","testcases.transfer.InquiryUSDTTest","inquiryUSDT"
"List Refund Dengan Body JSON Tidak Valid (Malformed)","4631","listRefundWithMalformedJson","Surefire suite","Tue Sep 01 07:22:26 UTC 2026","passed","Tue Sep 01 07:22:30 UTC 2026","testcases.backoffice.ListRefundTest","Surefire test","testcases.backoffice.ListRefundTest","listRefundWithMalformedJson"
"Get Group Detail Backoffice Menggunakan Login Admin Crypto","4668","getGroupDetailWithAdminCryptoLogin","Surefire suite","Tue Sep 01 07:29:01 UTC 2026","passed","Tue Sep 01 07:29:05 UTC 2026","testcases.backoffice.GetGroupTest","Surefire test","testcases.backoffice.GetGroupTest","getGroupDetailWithAdminCryptoLogin"
"Inquiry Test USDT Transfer Admin Crypto","4813","inquiryUSDTAdminCrypto","Surefire suite","Tue Sep 01 06:20:17 UTC 2026","passed","Tue Sep 01 06:20:22 UTC 2026","testcases.transfer.InquiryUSDTTest","Surefire test","testcases.transfer.InquiryUSDTTest","inquiryUSDTAdminCrypto"
