"DESCRIPTION","DURATION IN MS","NAME","PARENT SUITE","START TIME","STATUS","STOP TIME","SUB SUITE","SUITE","TEST CLASS","TEST METHOD"
"Reset Password Group","5151","resetPasswordGroup","Surefire suite","Thu Oct 08 09:54:28 UTC 2026","passed","Thu Oct 08 09:54:34 UTC 2026","testcases.settings.ResetPasswordTest","Surefire test","testcases.settings.ResetPasswordTest","resetPasswordGroup"
"List Manage Settlement Backoffice Menggunakan Login Merchant","4712","listManageSettlementWithMerchantLogin","Surefire suite","Thu Oct 08 10:38:43 UTC 2026","passed","Thu Oct 08 10:38:48 UTC 2026","testcases.backoffice.settlement.ManageSettlementTest","Surefire test","testcases.backoffice.settlement.ManageSettlementTest","listManageSettlementWithMerchantLogin"
"Get List Favorite Account Dengan Karakter SQL Injection pada sort","1657","getListFavoriteAccountWithSqlInjectionSort","Surefire suite","Thu Oct 08 12:11:13 UTC 2026","passed","Thu Oct 08 12:11:15 UTC 2026","testcases.settings.favoriteaccount.GetListFavoriteAccountTest","Surefire test","testcases.settings.favoriteaccount.GetListFavoriteAccountTest","getListFavoriteAccountWithSqlInjectionSort"
"Get List Favorite Account Ke Path yang Tidak Ada (Typo)","1898","getListFavoriteAccountWithWrongPath","Surefire suite","Thu Oct 08 12:11:31 UTC 2026","passed","Thu Oct 08 12:11:33 UTC 2026","testcases.settings.favoriteaccount.GetListFavoriteAccountTest","Surefire test","testcases.settings.favoriteaccount.GetListFavoriteAccountTest","getListFavoriteAccountWithWrongPath"
"Get List Google Authenticator Menggunakan Login Supervisor","4561","listOtpGoogleWithSupervisorLogin","Surefire suite","Thu Oct 08 10:34:38 UTC 2026","passed","Thu Oct 08 10:34:43 UTC 2026","testcases.backoffice.googleauth.ListOtpGoogleTest","Surefire test","testcases.backoffice.googleauth.ListOtpGoogleTest","listOtpGoogleWithSupervisorLogin"
"Transfer Different Parner Reference Supervisor, Special Transfer to Transfer","14452","trfPartnerRefSpecialSpvFailed","Surefire suite","Thu Oct 08 09:55:53 UTC 2026","failed","Thu Oct 08 09:56:08 UTC 2026","testcases.transfer.TransferTest","Surefire test","testcases.transfer.TransferTest","trfPartnerRefSpecialSpvFailed"
"List Waiting Company Backoffice Menggunakan Login CS Admin","4501","listWaitingCompanyWithCSAdminLogin","Surefire suite","Thu Oct 08 10:38:12 UTC 2026","passed","Thu Oct 08 10:38:17 UTC 2026","testcases.backoffice.ListWaitingCompanyTest","Surefire test","testcases.backoffice.ListWaitingCompanyTest","listWaitingCompanyWithCSAdminLogin"
"Mutasi Manual Transfer Supervisor CS","26293","mutasiManualTransferSupervisorCS","Surefire suite","Thu Oct 08 11:57:35 UTC 2026","failed","Thu Oct 08 11:58:01 UTC 2026","testcases.mutasi.MutasiTransferTest","Surefire test","testcases.mutasi.MutasiTransferTest","mutasiManualTransferSupervisorCS"
"List Waiting Company Backoffice Menggunakan Login Supervisor","4525","listWaitingCompanyWithSupervisorLogin","Surefire suite","Thu Oct 08 10:39:44 UTC 2026","passed","Thu Oct 08 10:39:48 UTC 2026","testcases.backoffice.ListWaitingCompanyTest","Surefire test","testcases.backoffice.ListWaitingCompanyTest","listWaitingCompanyWithSupervisorLogin"
"Login Backoffice dengan Username Tidak Terdaftar","3106","testLoginBackofficeNonExistentUsername","Surefire suite","Thu Oct 08 10:31:27 UTC 2026","passed","Thu Oct 08 10:31:30 UTC 2026","testcases.auth.LoginTest","Surefire test","testcases.auth.LoginTest","testLoginBackofficeNonExistentUsername"
"Delete Group Ke Path yang Tidak Ada (Typo)","1474","deleteGroupWithWrongPath","Surefire suite","Thu Oct 08 10:19:46 UTC 2026","passed","Thu Oct 08 10:19:48 UTC 2026","testcases.backoffice.group.DeleteGroupTest","Surefire test","testcases.backoffice.group.DeleteGroupTest","deleteGroupWithWrongPath"
"Get Notification Sender Dengan pinValidasi Salah","4579","getNotificationSenderWithWrongPinValidasi","Surefire suite","Thu Oct 08 10:44:43 UTC 2026","passed","Thu Oct 08 10:44:48 UTC 2026","testcases.backoffice.notifsender.NotificationSenderTest","Surefire test","testcases.backoffice.notifsender.NotificationSenderTest","getNotificationSenderWithWrongPinValidasi"
"List Manage Settlement Backoffice Dengan Token Kadaluarsa","1533","listManageSettlementWithExpiredToken","Surefire suite","Thu Oct 08 10:37:37 UTC 2026","passed","Thu Oct 08 10:37:38 UTC 2026","testcases.backoffice.settlement.ManageSettlementTest","Surefire test","testcases.backoffice.settlement.ManageSettlementTest","listManageSettlementWithExpiredToken"
"Test Get Report Company Merchant","5005","getReportCompanyAdmin","Surefire suite","Thu Oct 08 09:54:08 UTC 2026","passed","Thu Oct 08 09:54:13 UTC 2026","testcases.report.ReportTransactionTest","Surefire test","testcases.report.ReportTransactionTest","getReportCompanyAdmin"
"List Waiting Company Backoffice Dengan Body Kosong ({})","4568","listWaitingCompanyWithEmptyBody","Surefire suite","Thu Oct 08 10:38:20 UTC 2026","passed","Thu Oct 08 10:38:25 UTC 2026","testcases.backoffice.ListWaitingCompanyTest","Surefire test","testcases.backoffice.ListWaitingCompanyTest","listWaitingCompanyWithEmptyBody"
"Get List Group Backoffice Dengan Token Tidak Valid","1407","getListGroupWithInvalidToken","Surefire suite","Thu Oct 08 10:14:25 UTC 2026","passed","Thu Oct 08 10:14:26 UTC 2026","testcases.backoffice.group.GetListGroupTest","Surefire test","testcases.backoffice.group.GetListGroupTest","getListGroupWithInvalidToken"
"List Waiting Company Backoffice Dengan Karakter SQL Injection pada Field Param","4419","listWaitingCompanyWithSqlInjectionParam","Surefire suite","Thu Oct 08 10:39:37 UTC 2026","passed","Thu Oct 08 10:39:41 UTC 2026","testcases.backoffice.ListWaitingCompanyTest","Surefire test","testcases.backoffice.ListWaitingCompanyTest","listWaitingCompanyWithSqlInjectionParam"
"Delete Manage Settlement BO Dengan Header Authorization Tanpa Skema Bearer","1548","deleteManageSettlementWithMalformedAuthorizationHeader","Surefire suite","Thu Oct 08 10:05:27 UTC 2026","passed","Thu Oct 08 10:05:29 UTC 2026","testcases.backoffice.settlement.DeleteManageSettlementTest","Surefire test","testcases.backoffice.settlement.DeleteManageSettlementTest","deleteManageSettlementWithMalformedAuthorizationHeader"
"Get List Favorite Account Dengan Body JSON Tidak Valid (Malformed)","1416","getListFavoriteAccountWithMalformedJson","Surefire suite","Thu Oct 08 12:10:37 UTC 2026","passed","Thu Oct 08 12:10:38 UTC 2026","testcases.settings.favoriteaccount.GetListFavoriteAccountTest","Surefire test","testcases.settings.favoriteaccount.GetListFavoriteAccountTest","getListFavoriteAccountWithMalformedJson"
"Inquiry Favorite Account Dengan Field Tidak Dikenal pada Body","1604","inquiryFavoriteAccountWithUnknownField","Surefire suite","Thu Oct 08 10:41:05 UTC 2026","passed","Thu Oct 08 10:41:07 UTC 2026","testcases.settings.favoriteaccount.InquiryFavoriteAccountTest","Surefire test","testcases.settings.favoriteaccount.InquiryFavoriteAccountTest","inquiryFavoriteAccountWithUnknownField"
"Success Login Backoffice","5855","testLoginBackoffice","Surefire suite","Thu Oct 08 10:31:18 UTC 2026","passed","Thu Oct 08 10:31:24 UTC 2026","testcases.auth.LoginTest","Surefire test","testcases.auth.LoginTest","testLoginBackoffice"
"Delete Manage Settlement BO Ke Path yang Tidak Ada (Typo)","4698","deleteManageSettlementWithWrongPath","Surefire suite","Thu Oct 08 10:06:55 UTC 2026","passed","Thu Oct 08 10:07:00 UTC 2026","testcases.backoffice.settlement.DeleteManageSettlementTest","Surefire test","testcases.backoffice.settlement.DeleteManageSettlementTest","deleteManageSettlementWithWrongPath"
"Create Manage Settlement BO Dengan companyList Kosong ([])","4490","addManageSettlementWithEmptyCompanyList","Surefire suite","Thu Oct 08 09:57:29 UTC 2026","passed","Thu Oct 08 09:57:34 UTC 2026","testcases.backoffice.settlement.AddManageSettlementTest","Surefire test","testcases.backoffice.settlement.AddManageSettlementTest","addManageSettlementWithEmptyCompanyList"
"Get List Favorite Account Dengan size Negatif","1618","getListFavoriteAccountWithNegativeSize","Surefire suite","Thu Oct 08 12:10:46 UTC 2026","passed","Thu Oct 08 12:10:47 UTC 2026","testcases.settings.favoriteaccount.GetListFavoriteAccountTest","Surefire test","testcases.settings.favoriteaccount.GetListFavoriteAccountTest","getListFavoriteAccountWithNegativeSize"
"Inquiry Test Special Transfer Admin Crypto","4906","inquirySpecialTransferAdminCrypto","Surefire suite","Thu Oct 08 09:57:10 UTC 2026","passed","Thu Oct 08 09:57:15 UTC 2026","testcases.transfer.InquirySpecialTransferTest","Surefire test","testcases.transfer.InquirySpecialTransferTest","inquirySpecialTransferAdminCrypto"
"Inquiry Favorite Account Tanpa Body Sama Sekali","1420","inquiryFavoriteAccountWithoutBody","Surefire suite","Thu Oct 08 10:41:41 UTC 2026","passed","Thu Oct 08 10:41:43 UTC 2026","testcases.settings.favoriteaccount.InquiryFavoriteAccountTest","Surefire test","testcases.settings.favoriteaccount.InquiryFavoriteAccountTest","inquiryFavoriteAccountWithoutBody"
"Get List Group Company BO Menggunakan Login Admin","4506","getListGroupCompanyWithAdminLogin","Surefire suite","Thu Oct 08 10:01:03 UTC 2026","passed","Thu Oct 08 10:01:08 UTC 2026","testcases.backoffice.settlement.GetListGroupCompanyTest","Surefire test","testcases.backoffice.settlement.GetListGroupCompanyTest","getListGroupCompanyWithAdminLogin"
"Get Balance Company on Login Admin","4843","getBalanceCompanyAdmin","Surefire suite","Thu Oct 08 09:55:04 UTC 2026","passed","Thu Oct 08 09:55:09 UTC 2026","testcases.balance.GetBalanceQrisTest","Surefire test","testcases.balance.GetBalanceQrisTest","getBalanceCompanyAdmin"
"Test Get Report RRN Dispute","4880","getReportRRNAdmin","Surefire suite","Thu Oct 08 09:54:25 UTC 2026","passed","Thu Oct 08 09:54:30 UTC 2026","testcases.report.ReportTransactionTest","Surefire test","testcases.report.ReportTransactionTest","getReportRRNAdmin"
"Mutasi Manual Transfer Supervisor","26251","mutasiManualTransferSupervisor","Surefire suite","Thu Oct 08 11:57:06 UTC 2026","failed","Thu Oct 08 11:57:32 UTC 2026","testcases.mutasi.MutasiTransferTest","Surefire test","testcases.mutasi.MutasiTransferTest","mutasiManualTransferSupervisor"
"Success Login Group","3076","testLoginGroup","Surefire suite","Thu Oct 08 09:54:44 UTC 2026","passed","Thu Oct 08 09:54:47 UTC 2026","testcases.auth.LoginTest","Surefire test","testcases.auth.LoginTest","testLoginGroup"
"Transfer with Wrong Pin","50605","transferWrongPin","Surefire suite","Thu Oct 08 10:12:30 UTC 2026","passed","Thu Oct 08 10:13:21 UTC 2026","testcases.transfer.SpecialTransferTest","Surefire test","testcases.transfer.SpecialTransferTest","transferWrongPin"
"Delete Manage Settlement BO Dengan id Sangat Panjang (10.000 karakter)","4534","deleteManageSettlementWithOverlongId","Surefire suite","Thu Oct 08 10:06:02 UTC 2026","passed","Thu Oct 08 10:06:07 UTC 2026","testcases.backoffice.settlement.DeleteManageSettlementTest","Surefire test","testcases.backoffice.settlement.DeleteManageSettlementTest","deleteManageSettlementWithOverlongId"
"Add Currency Ke Path yang Tidak Ada (Typo)","1948","addCurrencyWithWrongPath","Surefire suite","Thu Oct 08 11:27:58 UTC 2026","passed","Thu Oct 08 11:28:00 UTC 2026","testcases.backoffice.currency.AddCurrencyTest","Surefire test","testcases.backoffice.currency.AddCurrencyTest","addCurrencyWithWrongPath"
"Get List Group Backoffice Dengan enablePage Bertipe String","1444","getListGroupWithEnablePageAsString","Surefire suite","Thu Oct 08 10:14:07 UTC 2026","passed","Thu Oct 08 10:14:08 UTC 2026","testcases.backoffice.group.GetListGroupTest","Surefire test","testcases.backoffice.group.GetListGroupTest","getListGroupWithEnablePageAsString"
"Delete Google Authenticator Menggunakan HTTP Method DELETE","4362","deleteOtpGoogleWithDeleteMethod","Surefire suite","Thu Oct 08 10:27:27 UTC 2026","passed","Thu Oct 08 10:27:31 UTC 2026","testcases.backoffice.googleauth.DeleteOtpGoogleTest","Surefire test","testcases.backoffice.googleauth.DeleteOtpGoogleTest","deleteOtpGoogleWithDeleteMethod"
"Get List Google Authenticator Ke Path yang Tidak Ada (Typo)","4592","listOtpGoogleWithWrongPath","Surefire suite","Thu Oct 08 10:35:01 UTC 2026","passed","Thu Oct 08 10:35:05 UTC 2026","testcases.backoffice.googleauth.ListOtpGoogleTest","Surefire test","testcases.backoffice.googleauth.ListOtpGoogleTest","listOtpGoogleWithWrongPath"
"Inquiry Favorite Account Dengan Karakter SQL Injection pada beneficiaryAccountNo","1780","inquiryFavoriteAccountWithSqlInjectionAccountNo","Surefire suite","Thu Oct 08 10:41:00 UTC 2026","passed","Thu Oct 08 10:41:02 UTC 2026","testcases.settings.favoriteaccount.InquiryFavoriteAccountTest","Surefire test","testcases.settings.favoriteaccount.InquiryFavoriteAccountTest","inquiryFavoriteAccountWithSqlInjectionAccountNo"
"List Waiting Company Backoffice Dengan Ukuran Halaman Sangat Besar","4624","listWaitingCompanyWithHugeSize","Surefire suite","Thu Oct 08 10:38:35 UTC 2026","passed","Thu Oct 08 10:38:40 UTC 2026","testcases.backoffice.ListWaitingCompanyTest","Surefire test","testcases.backoffice.ListWaitingCompanyTest","listWaitingCompanyWithHugeSize"
"Get List Group Backoffice Dengan Token Kadaluarsa","1505","getListGroupWithExpiredToken","Surefire suite","Thu Oct 08 10:14:11 UTC 2026","passed","Thu Oct 08 10:14:12 UTC 2026","testcases.backoffice.group.GetListGroupTest","Surefire test","testcases.backoffice.group.GetListGroupTest","getListGroupWithExpiredToken"
"Test Reject USDT Supervisor","14430","rejectedUSDTSupervisor","Surefire suite","Thu Oct 08 11:19:58 UTC 2026","failed","Thu Oct 08 11:20:12 UTC 2026","testcases.backoffice.ApprovalTransferTest","Surefire test","testcases.backoffice.ApprovalTransferTest","rejectedUSDTSupervisor"
"Normal Transfer Success","14312","transfer","Surefire suite","Thu Oct 08 10:09:25 UTC 2026","failed","Thu Oct 08 10:09:39 UTC 2026","testcases.transfer.TransferTest","Surefire test","testcases.transfer.TransferTest","transfer"
"Success Login Customer Service","6455","testLoginCS","Surefire suite","Thu Oct 08 09:53:53 UTC 2026","passed","Thu Oct 08 09:53:59 UTC 2026","testcases.auth.LoginTest","Surefire test","testcases.auth.LoginTest","testLoginCS"
"Get Detail Waiting Company Backoffice Menggunakan Login Merchant","4598","getDetailWaitingCompanyWithMerchantLogin","Surefire suite","Thu Oct 08 10:11:44 UTC 2026","passed","Thu Oct 08 10:11:49 UTC 2026","testcases.backoffice.GetDetailWaitingCompanyTest","Surefire test","testcases.backoffice.GetDetailWaitingCompanyTest","getDetailWaitingCompanyWithMerchantLogin"
"Get List Group Backoffice Dengan Content-Type text/plain","1538","getListGroupWithWrongContentType","Surefire suite","Thu Oct 08 10:15:46 UTC 2026","passed","Thu Oct 08 10:15:47 UTC 2026","testcases.backoffice.group.GetListGroupTest","Surefire test","testcases.backoffice.group.GetListGroupTest","getListGroupWithWrongContentType"
"Delete Favorite Account Supervisor","6763","deleteFavoriteAccountSupervisor","Surefire suite","Thu Oct 08 11:09:05 UTC 2026","failed","Thu Oct 08 11:09:11 UTC 2026","testcases.settings.favoriteaccount.DeleteFavoriteAccountTest","Surefire test","testcases.settings.favoriteaccount.DeleteFavoriteAccountTest","deleteFavoriteAccountSupervisor"
"Login Merchant dengan Username Mengandung SQL Injection","2891","testLoginSqlInjectionUsername","Surefire suite","Thu Oct 08 10:17:52 UTC 2026","passed","Thu Oct 08 10:17:54 UTC 2026","testcases.auth.LoginTest","Surefire test","testcases.auth.LoginTest","testLoginSqlInjectionUsername"
"Delete Group Backoffice Dengan Body Berupa JSON Array ([])","1502","deleteGroupWithArrayBody","Surefire suite","Thu Oct 08 10:17:21 UTC 2026","passed","Thu Oct 08 10:17:22 UTC 2026","testcases.backoffice.group.DeleteGroupTest","Surefire test","testcases.backoffice.group.DeleteGroupTest","deleteGroupWithArrayBody"
"Get List Group Company BO Menggunakan Login Customer Service","4555","getListGroupCompanyWithCSLogin","Surefire suite","Thu Oct 08 10:01:18 UTC 2026","passed","Thu Oct 08 10:01:23 UTC 2026","testcases.backoffice.settlement.GetListGroupCompanyTest","Surefire test","testcases.backoffice.settlement.GetListGroupCompanyTest","getListGroupCompanyWithCSLogin"
"List User Backoffice Dengan Tipe Data Salah pada Field Limit (String, Bukan Integer)","4821","listUsersWithInvalidFieldType","Surefire suite","Thu Oct 08 10:45:09 UTC 2026","passed","Thu Oct 08 10:45:14 UTC 2026","testcases.backoffice.users.ListUsersTest","Surefire test","testcases.backoffice.users.ListUsersTest","listUsersWithInvalidFieldType"
"Get List Group Company BO Tanpa Header groupName","8754","getListGroupCompanyWithoutGroupNameHeader","Surefire suite","Thu Oct 08 10:03:44 UTC 2026","passed","Thu Oct 08 10:03:52 UTC 2026","testcases.backoffice.settlement.GetListGroupCompanyTest","Surefire test","testcases.backoffice.settlement.GetListGroupCompanyTest","getListGroupCompanyWithoutGroupNameHeader"
"Generate QR Success paid","6436","paidQR","Surefire suite","Thu Oct 08 10:16:59 UTC 2026","passed","Thu Oct 08 10:17:06 UTC 2026","testcases.QR.GenerateQRPaidTest","Surefire test","testcases.QR.GenerateQRPaidTest","paidQR"
"Test Approved USDT","14043","approvedUSDT","Surefire suite","Thu Oct 08 11:17:02 UTC 2026","failed","Thu Oct 08 11:17:16 UTC 2026","testcases.backoffice.ApprovalTransferTest","Surefire test","testcases.backoffice.ApprovalTransferTest","approvedUSDT"
"Refund Summary Tanpa Field endDate","1501","getRefundWithoutEndDate","Surefire suite","Thu Oct 08 10:43:25 UTC 2026","passed","Thu Oct 08 10:43:27 UTC 2026","testcases.backoffice.refund.GetRefundTest","Surefire test","testcases.backoffice.refund.GetRefundTest","getRefundWithoutEndDate"
"Refund Summary Dengan Body JSON Tidak Valid (Malformed)","1430","getRefundWithMalformedJson","Surefire suite","Thu Oct 08 10:41:51 UTC 2026","passed","Thu Oct 08 10:41:52 UTC 2026","testcases.backoffice.refund.GetRefundTest","Surefire test","testcases.backoffice.refund.GetRefundTest","getRefundWithMalformedJson"
"Get Detail Waiting Company Backoffice Dengan Token Kadaluarsa","1481","getDetailWaitingCompanyWithExpiredToken","Surefire suite","Thu Oct 08 10:11:08 UTC 2026","passed","Thu Oct 08 10:11:10 UTC 2026","testcases.backoffice.GetDetailWaitingCompanyTest","Surefire test","testcases.backoffice.GetDetailWaitingCompanyTest","getDetailWaitingCompanyWithExpiredToken"
"Delete Favorite Account Dengan Token Valid Tapi Tanpa Header credentialId","41232","deleteFavoriteAccountWithoutCredentialIdHeader","Surefire suite","Thu Oct 08 10:03:43 UTC 2026","failed","Thu Oct 08 10:04:24 UTC 2026","testcases.settings.favoriteaccount.DeleteFavoriteAccountTest","Surefire test","testcases.settings.favoriteaccount.DeleteFavoriteAccountTest","deleteFavoriteAccountWithoutCredentialIdHeader"
"Transfer Different Partner Reference, Transfer to Special Transfer","13798","trfPartnerRefTransferFailed","Surefire suite","Thu Oct 08 10:14:15 UTC 2026","failed","Thu Oct 08 10:14:28 UTC 2026","testcases.transfer.SpecialTransferTest","Surefire test","testcases.transfer.SpecialTransferTest","trfPartnerRefTransferFailed"
"Get List Group Backoffice Dengan Field sort Tidak Valid","1604","getListGroupWithInvalidSortField","Surefire suite","Thu Oct 08 10:14:20 UTC 2026","passed","Thu Oct 08 10:14:22 UTC 2026","testcases.backoffice.group.GetListGroupTest","Surefire test","testcases.backoffice.group.GetListGroupTest","getListGroupWithInvalidSortField"
"Check Status QR CS","14301","checkStatusQRCS","Surefire suite","Thu Oct 08 10:51:41 UTC 2026","failed","Thu Oct 08 10:51:56 UTC 2026","testcases.QR.CheckStatusQRTest","Surefire test","testcases.QR.CheckStatusQRTest","checkStatusQRCS"
"Mutasi USDT Transfer","14332","mutasiUSDTTransfer","Surefire suite","Thu Oct 08 12:03:48 UTC 2026","failed","Thu Oct 08 12:04:02 UTC 2026","testcases.mutasi.MutasiTransferTest","Surefire test","testcases.mutasi.MutasiTransferTest","mutasiUSDTTransfer"
"Get History Flop Transfer Test Admin Crypto","9683","historyFlopTransferTestAdminCrypto","Surefire suite","Thu Oct 08 11:40:45 UTC 2026","passed","Thu Oct 08 11:40:55 UTC 2026","testcases.history.HistoryTransferTest","Surefire test","testcases.history.HistoryTransferTest","historyFlopTransferTestAdminCrypto"
"List Currency USDT Dengan Karakter SQL Injection pada Field Param","1461","getCurrencyWithSqlInjectionParam","Surefire suite","Thu Oct 08 10:09:42 UTC 2026","passed","Thu Oct 08 10:09:44 UTC 2026","testcases.backoffice.currency.GetCurrencyTest","Surefire test","testcases.backoffice.currency.GetCurrencyTest","getCurrencyWithSqlInjectionParam"
"Mutasi Manual Transfer","27736","mutasiManualTransfer","Surefire suite","Thu Oct 08 11:53:44 UTC 2026","failed","Thu Oct 08 11:54:12 UTC 2026","testcases.mutasi.MutasiTransferTest","Surefire test","testcases.mutasi.MutasiTransferTest","mutasiManualTransfer"
"Inquiry Favorite Account Tanpa Field beneficiaryBankCode","1556","inquiryFavoriteAccountWithoutBeneficiaryBankCodeField","Surefire suite","Thu Oct 08 10:41:37 UTC 2026","passed","Thu Oct 08 10:41:38 UTC 2026","testcases.settings.favoriteaccount.InquiryFavoriteAccountTest","Surefire test","testcases.settings.favoriteaccount.InquiryFavoriteAccountTest","inquiryFavoriteAccountWithoutBeneficiaryBankCodeField"
"Test Approved Special Transfer","12895","approvedSpecialTransfer","Surefire suite","Thu Oct 08 11:15:48 UTC 2026","passed","Thu Oct 08 11:16:01 UTC 2026","testcases.backoffice.ApprovalTransferTest","Surefire test","testcases.backoffice.ApprovalTransferTest","approvedSpecialTransfer"
"Delete Favorite Account Dengan Body Berupa Literal null","1391","deleteFavoriteAccountWithNullLiteralBody","Surefire suite","Thu Oct 08 09:58:07 UTC 2026","passed","Thu Oct 08 09:58:08 UTC 2026","testcases.settings.favoriteaccount.DeleteFavoriteAccountTest","Surefire test","testcases.settings.favoriteaccount.DeleteFavoriteAccountTest","deleteFavoriteAccountWithNullLiteralBody"
"Add Currency CS Admin Path Dengan Token CS Admin Valid Tapi Tanpa Header powis","1491","addCurrencyWithoutPowisHeader","Surefire suite","Thu Oct 08 11:28:21 UTC 2026","passed","Thu Oct 08 11:28:23 UTC 2026","testcases.backoffice.currency.AddCurrencyTest","Surefire test","testcases.backoffice.currency.AddCurrencyTest","addCurrencyWithoutPowisHeader"
"Login Merchant dengan Captcha yang Dipakai Ulang","4314","testLoginReusedCaptcha","Surefire suite","Thu Oct 08 10:17:44 UTC 2026","passed","Thu Oct 08 10:17:49 UTC 2026","testcases.auth.LoginTest","Surefire test","testcases.auth.LoginTest","testLoginReusedCaptcha"
"Request Refund Special Transfer Merchant","4649","refundSpecialTransferMerchant","Surefire suite","Thu Oct 08 10:36:41 UTC 2026","passed","Thu Oct 08 10:36:46 UTC 2026","testcases.transfer.RefundTransferTest","Surefire test","testcases.transfer.RefundTransferTest","refundSpecialTransferMerchant"
"List Currency USDT Menggunakan Login CS Admin","4730","getCurrencyWithCSAdminLogin","Surefire suite","Thu Oct 08 10:08:04 UTC 2026","passed","Thu Oct 08 10:08:09 UTC 2026","testcases.backoffice.currency.GetCurrencyTest","Surefire test","testcases.backoffice.currency.GetCurrencyTest","getCurrencyWithCSAdminLogin"
"Get List Group Company BO Menggunakan Login Supervisor","4568","getListGroupCompanyWithSupervisorLogin","Surefire suite","Thu Oct 08 10:03:09 UTC 2026","passed","Thu Oct 08 10:03:13 UTC 2026","testcases.backoffice.settlement.GetListGroupCompanyTest","Surefire test","testcases.backoffice.settlement.GetListGroupCompanyTest","getListGroupCompanyWithSupervisorLogin"
"Check Status QR Menggunakan HTTP Method PATCH","3329","checkStatusQRWithPatchMethod","Surefire suite","Thu Oct 08 10:32:40 UTC 2026","passed","Thu Oct 08 10:32:43 UTC 2026","testcases.QR.CheckStatusQRTest","Surefire test","testcases.QR.CheckStatusQRTest","checkStatusQRWithPatchMethod"
"Get History Special Transfer Merchant on Login CS Admin","13937","historySpecialTransferMerchantTestCSAdmin","Surefire suite","Thu Oct 08 11:43:33 UTC 2026","failed","Thu Oct 08 11:43:47 UTC 2026","testcases.history.HistoryTransferTest","Surefire test","testcases.history.HistoryTransferTest","historySpecialTransferMerchantTestCSAdmin"
"Reset Pin Backoffice","4850","resetPinBackoffice","Surefire suite","Thu Oct 08 10:31:23 UTC 2026","passed","Thu Oct 08 10:31:28 UTC 2026","testcases.settings.ResetPinTest","Surefire test","testcases.settings.ResetPinTest","resetPinBackoffice"
"List Currency USDT Dengan Token Backoffice Valid Tapi Tanpa Header pbyv","1545","getCurrencyWithoutPbyvHeader","Surefire suite","Thu Oct 08 10:10:26 UTC 2026","passed","Thu Oct 08 10:10:28 UTC 2026","testcases.backoffice.currency.GetCurrencyTest","Surefire test","testcases.backoffice.currency.GetCurrencyTest","getCurrencyWithoutPbyvHeader"
"Transfer Different Partner Reference, USDT Transfer to Transfer","14067","trfPartnerRefUSDTFailed","Surefire suite","Thu Oct 08 10:12:00 UTC 2026","failed","Thu Oct 08 10:12:14 UTC 2026","testcases.transfer.TransferTest","Surefire test","testcases.transfer.TransferTest","trfPartnerRefUSDTFailed"
"Refund Summary Menggunakan HTTP Method PATCH","1507","getRefundWithPatchMethod","Surefire suite","Thu Oct 08 10:42:28 UTC 2026","passed","Thu Oct 08 10:42:30 UTC 2026","testcases.backoffice.refund.GetRefundTest","Surefire test","testcases.backoffice.refund.GetRefundTest","getRefundWithPatchMethod"
"List Manage Settlement Backoffice Dengan Content-Type text/plain","4464","listManageSettlementWithWrongContentType","Surefire suite","Thu Oct 08 10:39:43 UTC 2026","passed","Thu Oct 08 10:39:48 UTC 2026","testcases.backoffice.settlement.ManageSettlementTest","Surefire test","testcases.backoffice.settlement.ManageSettlementTest","listManageSettlementWithWrongContentType"
"Add Currency USDT Backoffice","8036","addCurrencyBO","Surefire suite","Thu Oct 08 11:24:48 UTC 2026","passed","Thu Oct 08 11:24:56 UTC 2026","testcases.backoffice.currency.AddCurrencyTest","Surefire test","testcases.backoffice.currency.AddCurrencyTest","addCurrencyBO"
"List Currency USDT Menggunakan HTTP Method PUT","1473","getCurrencyWithPutMethod","Surefire suite","Thu Oct 08 10:09:38 UTC 2026","passed","Thu Oct 08 10:09:39 UTC 2026","testcases.backoffice.currency.GetCurrencyTest","Surefire test","testcases.backoffice.currency.GetCurrencyTest","getCurrencyWithPutMethod"
"Get Detail Waiting Company Backoffice Dengan Id Berisi Spasi","4695","getDetailWaitingCompanyWithWhitespaceId","Surefire suite","Thu Oct 08 10:12:45 UTC 2026","passed","Thu Oct 08 10:12:50 UTC 2026","testcases.backoffice.GetDetailWaitingCompanyTest","Surefire test","testcases.backoffice.GetDetailWaitingCompanyTest","getDetailWaitingCompanyWithWhitespaceId"
"Add User Backoffice Menggunakan HTTP Method PUT","1517","addMerchantBackofficeWithPutMethod","Surefire suite","Thu Oct 08 09:55:24 UTC 2026","passed","Thu Oct 08 09:55:26 UTC 2026","testcases.backoffice.users.AddUserTest","Surefire test","testcases.backoffice.users.AddUserTest","addMerchantBackofficeWithPutMethod"
"Add Currency CS Admin Path Dengan Field Tidak Dikenal pada Body","1631","addCurrencyWithUnknownField","Surefire suite","Thu Oct 08 11:27:49 UTC 2026","passed","Thu Oct 08 11:27:51 UTC 2026","testcases.backoffice.currency.AddCurrencyTest","Surefire test","testcases.backoffice.currency.AddCurrencyTest","addCurrencyWithUnknownField"
"Add Group Backoffice Dengan name null","1521","addGroupWithNullName","Surefire suite","Thu Oct 08 10:25:30 UTC 2026","passed","Thu Oct 08 10:25:32 UTC 2026","testcases.backoffice.group.AddGroupTest","Surefire test","testcases.backoffice.group.AddGroupTest","addGroupWithNullName"
"Add Group Backoffice Dengan feeBankPercent Negatif","1521","addGroupWithNegativeFee","Surefire suite","Thu Oct 08 10:25:21 UTC 2026","passed","Thu Oct 08 10:25:23 UTC 2026","testcases.backoffice.group.AddGroupTest","Surefire test","testcases.backoffice.group.AddGroupTest","addGroupWithNegativeFee"
"Reset Pin Marketing","4863","resetPinMarketing","Surefire suite","Thu Oct 08 09:54:21 UTC 2026","passed","Thu Oct 08 09:54:25 UTC 2026","testcases.settings.ResetPinTest","Surefire test","testcases.settings.ResetPinTest","resetPinMarketing"
"Inquiry Test Transfer Merchant Supervisor","5056","inquiryTransferSupervisor","Surefire suite","Thu Oct 08 09:56:42 UTC 2026","passed","Thu Oct 08 09:56:47 UTC 2026","testcases.transfer.InquiryTransferTest","Surefire test","testcases.transfer.InquiryTransferTest","inquiryTransferSupervisor"
"List Company Backoffice Dengan Body Berupa JSON Array ([])","4424","listCompanyWithArrayBody","Surefire suite","Thu Oct 08 10:35:43 UTC 2026","passed","Thu Oct 08 10:35:47 UTC 2026","testcases.backoffice.ListCompanyTest","Surefire test","testcases.backoffice.ListCompanyTest","listCompanyWithArrayBody"
"Refund Summary Dengan Payload XSS pada Field type","1469","getRefundWithXssType","Surefire suite","Thu Oct 08 10:43:12 UTC 2026","passed","Thu Oct 08 10:43:13 UTC 2026","testcases.backoffice.refund.GetRefundTest","Surefire test","testcases.backoffice.refund.GetRefundTest","getRefundWithXssType"
"Delete Manage Settlement BO Menggunakan HTTP Method PUT","4507","deleteManageSettlementWithPutMethod","Surefire suite","Thu Oct 08 10:06:25 UTC 2026","passed","Thu Oct 08 10:06:29 UTC 2026","testcases.backoffice.settlement.DeleteManageSettlementTest","Surefire test","testcases.backoffice.settlement.DeleteManageSettlementTest","deleteManageSettlementWithPutMethod"
"Create Manage Settlement BO Ke Path yang Tidak Ada (Typo)","4600","addManageSettlementWithWrongPath","Surefire suite","Thu Oct 08 09:59:50 UTC 2026","passed","Thu Oct 08 09:59:55 UTC 2026","testcases.backoffice.settlement.AddManageSettlementTest","Surefire test","testcases.backoffice.settlement.AddManageSettlementTest","addManageSettlementWithWrongPath"
"List Currency USDT Dengan Field Sort Merujuk ke Kolom yang Tidak Ada","1486","getCurrencyWithInvalidSortField","Surefire suite","Thu Oct 08 10:08:47 UTC 2026","passed","Thu Oct 08 10:08:48 UTC 2026","testcases.backoffice.currency.GetCurrencyTest","Surefire test","testcases.backoffice.currency.GetCurrencyTest","getCurrencyWithInvalidSortField"
"Get Group Backoffice Dengan Token Tidak Valid","1464","getGroupWithInvalidToken","Surefire suite","Thu Oct 08 09:55:22 UTC 2026","passed","Thu Oct 08 09:55:24 UTC 2026","testcases.backoffice.GetDashboardTest","Surefire test","testcases.backoffice.GetDashboardTest","getGroupWithInvalidToken"
"Get List Group Company BO Dengan groupName Berisi Spasi","4467","getListGroupCompanyWithWhitespaceGroupName","Surefire suite","Thu Oct 08 10:03:16 UTC 2026","passed","Thu Oct 08 10:03:21 UTC 2026","testcases.backoffice.settlement.GetListGroupCompanyTest","Surefire test","testcases.backoffice.settlement.GetListGroupCompanyTest","getListGroupCompanyWithWhitespaceGroupName"
"Create Manage Settlement BO Dengan Token Tidak Valid","1445","addManageSettlementWithInvalidToken","Surefire suite","Thu Oct 08 09:58:04 UTC 2026","passed","Thu Oct 08 09:58:05 UTC 2026","testcases.backoffice.settlement.AddManageSettlementTest","Surefire test","testcases.backoffice.settlement.AddManageSettlementTest","addManageSettlementWithInvalidToken"
"Get Notification Sender Tanpa Field pinValidasi","4512","getNotificationSenderWithoutPinValidasi","Surefire suite","Thu Oct 08 10:45:11 UTC 2026","passed","Thu Oct 08 10:45:15 UTC 2026","testcases.backoffice.notifsender.NotificationSenderTest","Surefire test","testcases.backoffice.notifsender.NotificationSenderTest","getNotificationSenderWithoutPinValidasi"
"List Currency USDT Menggunakan HTTP Method GET","1502","getCurrencyWithGetMethod","Surefire suite","Thu Oct 08 10:08:33 UTC 2026","passed","Thu Oct 08 10:08:34 UTC 2026","testcases.backoffice.currency.GetCurrencyTest","Surefire test","testcases.backoffice.currency.GetCurrencyTest","getCurrencyWithGetMethod"
"Add Currency CS Admin Path Dengan Token Tidak Valid","1438","addCurrencyWithInvalidToken","Surefire suite","Thu Oct 08 11:26:32 UTC 2026","passed","Thu Oct 08 11:26:34 UTC 2026","testcases.backoffice.currency.AddCurrencyTest","Surefire test","testcases.backoffice.currency.AddCurrencyTest","addCurrencyWithInvalidToken"
"Check Status QR Dengan Token Valid Tapi Tanpa Header credentialId","3494","checkStatusQRWithoutCredentialIdHeader","Surefire suite","Thu Oct 08 10:33:43 UTC 2026","failed","Thu Oct 08 10:33:47 UTC 2026","testcases.QR.CheckStatusQRTest","Surefire test","testcases.QR.CheckStatusQRTest","checkStatusQRWithoutCredentialIdHeader"
"Success Assignment USDT","13967","assignUSDTTest","Surefire suite","Thu Oct 08 10:36:19 UTC 2026","failed","Thu Oct 08 10:36:33 UTC 2026","testcases.backoffice.TransferAssignmentTest","Surefire test","testcases.backoffice.TransferAssignmentTest","assignUSDTTest"
"Get Notification Sender Menggunakan HTTP Method PATCH","4492","getNotificationSenderWithPatchMethod","Surefire suite","Thu Oct 08 10:43:42 UTC 2026","passed","Thu Oct 08 10:43:47 UTC 2026","testcases.backoffice.notifsender.NotificationSenderTest","Surefire test","testcases.backoffice.notifsender.NotificationSenderTest","getNotificationSenderWithPatchMethod"
"Get List Group Backoffice Dengan Karakter SQL Injection pada sort","1614","getListGroupWithSqlInjectionSort","Surefire suite","Thu Oct 08 10:15:29 UTC 2026","passed","Thu Oct 08 10:15:31 UTC 2026","testcases.backoffice.group.GetListGroupTest","Surefire test","testcases.backoffice.group.GetListGroupTest","getListGroupWithSqlInjectionSort"
"Get Dashboard Backoffice Menggunakan Login Marketing","4485","getDashboardWithMarketingLogin","Surefire suite","Thu Oct 08 09:54:40 UTC 2026","passed","Thu Oct 08 09:54:44 UTC 2026","testcases.backoffice.GetDashboardTest","Surefire test","testcases.backoffice.GetDashboardTest","getDashboardWithMarketingLogin"
"Get List Google Authenticator Menggunakan Login CS Admin","4590","listOtpGoogleWithCSAdminLogin","Surefire suite","Thu Oct 08 10:32:17 UTC 2026","passed","Thu Oct 08 10:32:22 UTC 2026","testcases.backoffice.googleauth.ListOtpGoogleTest","Surefire test","testcases.backoffice.googleauth.ListOtpGoogleTest","listOtpGoogleWithCSAdminLogin"
"List Waiting Company Backoffice Menggunakan Login Admin Crypto","4567","listWaitingCompanyWithAdminCryptoLogin","Surefire suite","Thu Oct 08 10:37:58 UTC 2026","passed","Thu Oct 08 10:38:02 UTC 2026","testcases.backoffice.ListWaitingCompanyTest","Surefire test","testcases.backoffice.ListWaitingCompanyTest","listWaitingCompanyWithAdminCryptoLogin"
"Get List Group Backoffice Dengan size 0","1566","getListGroupWithZeroSize","Surefire suite","Thu Oct 08 10:15:59 UTC 2026","passed","Thu Oct 08 10:16:01 UTC 2026","testcases.backoffice.group.GetListGroupTest","Surefire test","testcases.backoffice.group.GetListGroupTest","getListGroupWithZeroSize"
"Reset Password Merchant","5003","resetPasswordMerchant","Surefire suite","Thu Oct 08 10:05:56 UTC 2026","passed","Thu Oct 08 10:06:01 UTC 2026","testcases.settings.ResetPasswordTest","Surefire test","testcases.settings.ResetPasswordTest","resetPasswordMerchant"
"Add Group Backoffice Dengan Token Tidak Valid","1517","addGroupWithInvalidToken","Surefire suite","Thu Oct 08 10:24:43 UTC 2026","passed","Thu Oct 08 10:24:44 UTC 2026","testcases.backoffice.group.AddGroupTest","Surefire test","testcases.backoffice.group.AddGroupTest","addGroupWithInvalidToken"
"Generate QR Success with before and after Balance","11327","generateQRTestPaidBalance","Surefire suite","Thu Oct 08 10:16:45 UTC 2026","passed","Thu Oct 08 10:16:56 UTC 2026","testcases.QR.GenerateQRPaidTest","Surefire test","testcases.QR.GenerateQRPaidTest","generateQRTestPaidBalance"
"Add Group Backoffice","4653","addGroupBO","Surefire suite","Thu Oct 08 10:23:04 UTC 2026","passed","Thu Oct 08 10:23:08 UTC 2026","testcases.backoffice.group.AddGroupTest","Surefire test","testcases.backoffice.group.AddGroupTest","addGroupBO"
"Get List Google Authenticator Dengan Ukuran Halaman Sangat Besar","4544","listOtpGoogleWithHugeSize","Surefire suite","Thu Oct 08 10:32:59 UTC 2026","passed","Thu Oct 08 10:33:04 UTC 2026","testcases.backoffice.googleauth.ListOtpGoogleTest","Surefire test","testcases.backoffice.googleauth.ListOtpGoogleTest","listOtpGoogleWithHugeSize"
"Refund Summary Dengan Field Tidak Dikenal pada Body","1526","getRefundWithUnknownField","Surefire suite","Thu Oct 08 10:42:54 UTC 2026","passed","Thu Oct 08 10:42:55 UTC 2026","testcases.backoffice.refund.GetRefundTest","Surefire test","testcases.backoffice.refund.GetRefundTest","getRefundWithUnknownField"
"Delete Google Authenticator Dengan id Berisi Karakter SQL Injection","4400","deleteOtpGoogleWithSqlInjectionId","Surefire suite","Thu Oct 08 10:29:02 UTC 2026","passed","Thu Oct 08 10:29:07 UTC 2026","testcases.backoffice.googleauth.DeleteOtpGoogleTest","Surefire test","testcases.backoffice.googleauth.DeleteOtpGoogleTest","deleteOtpGoogleWithSqlInjectionId"
"Delete Favorite Account Dengan Header Authorization Tanpa Skema Bearer","1398","deleteFavoriteAccountWithMalformedAuthorizationHeader","Surefire suite","Thu Oct 08 09:57:13 UTC 2026","passed","Thu Oct 08 09:57:15 UTC 2026","testcases.settings.favoriteaccount.DeleteFavoriteAccountTest","Surefire test","testcases.settings.favoriteaccount.DeleteFavoriteAccountTest","deleteFavoriteAccountWithMalformedAuthorizationHeader"
"Get History Manual Transfer Test Admin Crypto","8304","historyManualTransferTestAdminCrypto","Surefire suite","Thu Oct 08 11:42:32 UTC 2026","passed","Thu Oct 08 11:42:40 UTC 2026","testcases.history.HistoryTransferTest","Surefire test","testcases.history.HistoryTransferTest","historyManualTransferTestAdminCrypto"
"Delete Favorite Account Dengan Karakter SQL Injection pada id","41182","deleteFavoriteAccountWithSqlInjectionId","Surefire suite","Thu Oct 08 09:59:00 UTC 2026","failed","Thu Oct 08 09:59:41 UTC 2026","testcases.settings.favoriteaccount.DeleteFavoriteAccountTest","Surefire test","testcases.settings.favoriteaccount.DeleteFavoriteAccountTest","deleteFavoriteAccountWithSqlInjectionId"
"Delete Favorite Account Menggunakan HTTP Method GET","41430","deleteFavoriteAccountWithGetMethod","Surefire suite","Thu Oct 08 09:54:56 UTC 2026","failed","Thu Oct 08 09:55:37 UTC 2026","testcases.settings.favoriteaccount.DeleteFavoriteAccountTest","Surefire test","testcases.settings.favoriteaccount.DeleteFavoriteAccountTest","deleteFavoriteAccountWithGetMethod"
"Delete Favorite Account Ke Path yang Tidak Ada (Typo)","41089","deleteFavoriteAccountWithWrongPath","Surefire suite","Thu Oct 08 10:02:06 UTC 2026","failed","Thu Oct 08 10:02:47 UTC 2026","testcases.settings.favoriteaccount.DeleteFavoriteAccountTest","Surefire test","testcases.settings.favoriteaccount.DeleteFavoriteAccountTest","deleteFavoriteAccountWithWrongPath"
"Get History QR Admin","10602","historyQRTestAdmin","Surefire suite","Thu Oct 08 10:48:41 UTC 2026","passed","Thu Oct 08 10:48:51 UTC 2026","testcases.history.HistoryQRTest","Surefire test","testcases.history.HistoryQRTest","historyQRTestAdmin"
"Add Group Backoffice Dengan flagLock Bertipe String","1451","addGroupWithFlagLockAsString","Surefire suite","Thu Oct 08 10:24:34 UTC 2026","passed","Thu Oct 08 10:24:35 UTC 2026","testcases.backoffice.group.AddGroupTest","Surefire test","testcases.backoffice.group.AddGroupTest","addGroupWithFlagLockAsString"
"Delete Google Authenticator Tanpa id (Path Kosong)","4654","deleteOtpGoogleWithEmptyId","Surefire suite","Thu Oct 08 10:27:34 UTC 2026","passed","Thu Oct 08 10:27:39 UTC 2026","testcases.backoffice.googleauth.DeleteOtpGoogleTest","Surefire test","testcases.backoffice.googleauth.DeleteOtpGoogleTest","deleteOtpGoogleWithEmptyId"
"Get List Google Authenticator Menggunakan HTTP Method PATCH","4427","listOtpGoogleWithPatchMethod","Surefire suite","Thu Oct 08 10:34:16 UTC 2026","passed","Thu Oct 08 10:34:20 UTC 2026","testcases.backoffice.googleauth.ListOtpGoogleTest","Surefire test","testcases.backoffice.googleauth.ListOtpGoogleTest","listOtpGoogleWithPatchMethod"
"Add Currency CS Admin Path Dengan Header Authorization Tanpa Skema Bearer","1437","addCurrencyWithMalformedAuthorizationHeader","Surefire suite","Thu Oct 08 11:26:37 UTC 2026","passed","Thu Oct 08 11:26:38 UTC 2026","testcases.backoffice.currency.AddCurrencyTest","Surefire test","testcases.backoffice.currency.AddCurrencyTest","addCurrencyWithMalformedAuthorizationHeader"
"Get Notification Sender Dengan Field Sort Merujuk ke Kolom yang Tidak Ada","5119","getNotificationSenderWithInvalidSortField","Surefire suite","Thu Oct 08 10:42:24 UTC 2026","passed","Thu Oct 08 10:42:29 UTC 2026","testcases.backoffice.notifsender.NotificationSenderTest","Surefire test","testcases.backoffice.notifsender.NotificationSenderTest","getNotificationSenderWithInvalidSortField"
"Add Currency CS Admin Path Dengan Content-Type text/plain","1413","addCurrencyWithWrongContentType","Surefire suite","Thu Oct 08 11:27:54 UTC 2026","passed","Thu Oct 08 11:27:55 UTC 2026","testcases.backoffice.currency.AddCurrencyTest","Surefire test","testcases.backoffice.currency.AddCurrencyTest","addCurrencyWithWrongContentType"
"Get Notification Sender Tanpa Login/Header Auth","1433","getNotificationSenderWithoutAuth","Surefire suite","Thu Oct 08 10:44:51 UTC 2026","passed","Thu Oct 08 10:44:52 UTC 2026","testcases.backoffice.notifsender.NotificationSenderTest","Surefire test","testcases.backoffice.notifsender.NotificationSenderTest","getNotificationSenderWithoutAuth"
"Mutasi Special Transfer Balance Supervisor","24988","mutasiSpecialTransferBalanceSupervisor","Surefire suite","Thu Oct 08 11:59:24 UTC 2026","failed","Thu Oct 08 11:59:49 UTC 2026","testcases.mutasi.MutasiTransferTest","Surefire test","testcases.mutasi.MutasiTransferTest","mutasiSpecialTransferBalanceSupervisor"
"Add Group Backoffice Dengan Body Berupa Literal null","1408","addGroupWithNullLiteralBody","Surefire suite","Thu Oct 08 10:25:26 UTC 2026","passed","Thu Oct 08 10:25:27 UTC 2026","testcases.backoffice.group.AddGroupTest","Surefire test","testcases.backoffice.group.AddGroupTest","addGroupWithNullLiteralBody"
"Get List Favorite Account Tanpa Body Sama Sekali","1544","getListFavoriteAccountWithoutBody","Surefire suite","Thu Oct 08 12:11:45 UTC 2026","passed","Thu Oct 08 12:11:47 UTC 2026","testcases.settings.favoriteaccount.GetListFavoriteAccountTest","Surefire test","testcases.settings.favoriteaccount.GetListFavoriteAccountTest","getListFavoriteAccountWithoutBody"
"Test Get Report Transfer Merchant","6893","getReportMutationAdmin","Surefire suite","Thu Oct 08 09:54:16 UTC 2026","passed","Thu Oct 08 09:54:22 UTC 2026","testcases.report.ReportTransactionTest","Surefire test","testcases.report.ReportTransactionTest","getReportMutationAdmin"
"Inquiry Favorite Account Dengan Body Kosong ({})","1658","inquiryFavoriteAccountWithEmptyBody","Surefire suite","Thu Oct 08 10:40:15 UTC 2026","passed","Thu Oct 08 10:40:17 UTC 2026","testcases.settings.favoriteaccount.InquiryFavoriteAccountTest","Surefire test","testcases.settings.favoriteaccount.InquiryFavoriteAccountTest","inquiryFavoriteAccountWithEmptyBody"
"Delete Manage Settlement BO Dengan id Valid Secara Format Tapi Tidak Ada","4549","deleteManageSettlementWithNonExistentId","Surefire suite","Thu Oct 08 10:05:55 UTC 2026","passed","Thu Oct 08 10:05:59 UTC 2026","testcases.backoffice.settlement.DeleteManageSettlementTest","Surefire test","testcases.backoffice.settlement.DeleteManageSettlementTest","deleteManageSettlementWithNonExistentId"
"Get List Group Backoffice Menggunakan Login Customer Service","4579","getListGroupWithCSLogin","Surefire suite","Thu Oct 08 10:13:50 UTC 2026","passed","Thu Oct 08 10:13:55 UTC 2026","testcases.backoffice.group.GetListGroupTest","Surefire test","testcases.backoffice.group.GetListGroupTest","getListGroupWithCSLogin"
"Inquiry Favorite Account Dengan Content-Type text/plain","1424","inquiryFavoriteAccountWithWrongContentType","Surefire suite","Thu Oct 08 10:41:14 UTC 2026","passed","Thu Oct 08 10:41:15 UTC 2026","testcases.settings.favoriteaccount.InquiryFavoriteAccountTest","Surefire test","testcases.settings.favoriteaccount.InquiryFavoriteAccountTest","inquiryFavoriteAccountWithWrongContentType"
"Add Currency CS Admin Path Dengan rate Berupa String Non-Numerik","1502","addCurrencyWithStringRate","Surefire suite","Thu Oct 08 11:27:37 UTC 2026","passed","Thu Oct 08 11:27:39 UTC 2026","testcases.backoffice.currency.AddCurrencyTest","Surefire test","testcases.backoffice.currency.AddCurrencyTest","addCurrencyWithStringRate"
"Delete Favorite Account CS","12730","deleteFavoriteAccountCS","Surefire suite","Thu Oct 08 11:08:49 UTC 2026","passed","Thu Oct 08 11:09:01 UTC 2026","testcases.settings.favoriteaccount.DeleteFavoriteAccountTest","Surefire test","testcases.settings.favoriteaccount.DeleteFavoriteAccountTest","deleteFavoriteAccountCS"
"Check Status QR Dengan Header credentialId Salah","3557","checkStatusQRWithWrongCredentialIdHeader","Surefire suite","Thu Oct 08 10:33:19 UTC 2026","failed","Thu Oct 08 10:33:23 UTC 2026","testcases.QR.CheckStatusQRTest","Surefire test","testcases.QR.CheckStatusQRTest","checkStatusQRWithWrongCredentialIdHeader"
"Created Favorite Account Dengan Header credentialId Salah","1447","createdFavoriteAccountWithWrongCredentialIdHeader","Surefire suite","Thu Oct 08 10:39:10 UTC 2026","failed","Thu Oct 08 10:39:12 UTC 2026","testcases.settings.favoriteaccount.CreatedFavoriteAccountTest","Surefire test","testcases.settings.favoriteaccount.CreatedFavoriteAccountTest","createdFavoriteAccountWithWrongCredentialIdHeader"
"Transfer Success Admin Crypto with before and after Balanced","10669","transferBalanceAdminCrypto","Surefire suite","Thu Oct 08 09:55:50 UTC 2026","passed","Thu Oct 08 09:56:01 UTC 2026","testcases.transfer.TransferTest","Surefire test","testcases.transfer.TransferTest","transferBalanceAdminCrypto"
"Check Status QR Dengan Format id Tidak Valid (Bukan ObjectId)","1476","checkStatusQRWithMalformedId","Surefire suite","Thu Oct 08 10:32:26 UTC 2026","passed","Thu Oct 08 10:32:28 UTC 2026","testcases.QR.CheckStatusQRTest","Surefire test","testcases.QR.CheckStatusQRTest","checkStatusQRWithMalformedId"
"Get List Favorite Account Menggunakan HTTP Method PATCH","1453","getListFavoriteAccountWithPatchMethod","Surefire suite","Thu Oct 08 12:11:00 UTC 2026","passed","Thu Oct 08 12:11:01 UTC 2026","testcases.settings.favoriteaccount.GetListFavoriteAccountTest","Surefire test","testcases.settings.favoriteaccount.GetListFavoriteAccountTest","getListFavoriteAccountWithPatchMethod"
"Add Currency CS Admin Path Menggunakan HTTP Method DELETE","1470","addCurrencyWithDeleteMethod","Surefire suite","Thu Oct 08 11:26:00 UTC 2026","passed","Thu Oct 08 11:26:02 UTC 2026","testcases.backoffice.currency.AddCurrencyTest","Surefire test","testcases.backoffice.currency.AddCurrencyTest","addCurrencyWithDeleteMethod"
"Get History Transfer Test Admin Crypto","8408","historyTransferTestAdminCrypto","Surefire suite","Thu Oct 08 11:46:42 UTC 2026","passed","Thu Oct 08 11:46:50 UTC 2026","testcases.history.HistoryTransferTest","Surefire test","testcases.history.HistoryTransferTest","historyTransferTestAdminCrypto"
"List Manage Settlement Backoffice Menggunakan Login Admin Crypto","4606","listManageSettlementWithAdminCryptoLogin","Surefire suite","Thu Oct 08 10:36:44 UTC 2026","passed","Thu Oct 08 10:36:48 UTC 2026","testcases.backoffice.settlement.ManageSettlementTest","Surefire test","testcases.backoffice.settlement.ManageSettlementTest","listManageSettlementWithAdminCryptoLogin"
"Get List Group Backoffice Dengan size Bertipe String","1491","getListGroupWithSizeAsString","Surefire suite","Thu Oct 08 10:15:25 UTC 2026","passed","Thu Oct 08 10:15:26 UTC 2026","testcases.backoffice.group.GetListGroupTest","Surefire test","testcases.backoffice.group.GetListGroupTest","getListGroupWithSizeAsString"
"Add Currency CS Admin Path Dengan Body Berupa JSON Array ([])","4711","addCurrencyWithArrayBody","Surefire suite","Thu Oct 08 11:25:23 UTC 2026","passed","Thu Oct 08 11:25:28 UTC 2026","testcases.backoffice.currency.AddCurrencyTest","Surefire test","testcases.backoffice.currency.AddCurrencyTest","addCurrencyWithArrayBody"
"Add Currency CS Admin Path Dengan Token Kadaluarsa","1486","addCurrencyWithExpiredToken","Surefire suite","Thu Oct 08 11:26:18 UTC 2026","passed","Thu Oct 08 11:26:20 UTC 2026","testcases.backoffice.currency.AddCurrencyTest","Surefire test","testcases.backoffice.currency.AddCurrencyTest","addCurrencyWithExpiredToken"
"Inquiry Favorite Account Menggunakan HTTP Method PATCH","1420","inquiryFavoriteAccountWithPatchMethod","Surefire suite","Thu Oct 08 10:40:51 UTC 2026","passed","Thu Oct 08 10:40:53 UTC 2026","testcases.settings.favoriteaccount.InquiryFavoriteAccountTest","Surefire test","testcases.settings.favoriteaccount.InquiryFavoriteAccountTest","inquiryFavoriteAccountWithPatchMethod"
"Delete Google Authenticator Tanpa Login/Header Auth","1425","deleteOtpGoogleWithoutAuth","Surefire suite","Thu Oct 08 10:29:40 UTC 2026","passed","Thu Oct 08 10:29:42 UTC 2026","testcases.backoffice.googleauth.DeleteOtpGoogleTest","Surefire test","testcases.backoffice.googleauth.DeleteOtpGoogleTest","deleteOtpGoogleWithoutAuth"
"Delete Google Authenticator Menggunakan HTTP Method PATCH","4382","deleteOtpGoogleWithPatchMethod","Surefire suite","Thu Oct 08 10:28:40 UTC 2026","passed","Thu Oct 08 10:28:44 UTC 2026","testcases.backoffice.googleauth.DeleteOtpGoogleTest","Surefire test","testcases.backoffice.googleauth.DeleteOtpGoogleTest","deleteOtpGoogleWithPatchMethod"
"Get History QR Supervisor Success Paid","10969","historyQRTestPaidSupervisor","Surefire suite","Thu Oct 08 10:49:35 UTC 2026","passed","Thu Oct 08 10:49:46 UTC 2026","testcases.history.HistoryQRTest","Surefire test","testcases.history.HistoryQRTest","historyQRTestPaidSupervisor"
"Inquiry Favorite Account Ke Path yang Tidak Ada (Typo)","1744","inquiryFavoriteAccountWithWrongPath","Surefire suite","Thu Oct 08 10:41:23 UTC 2026","passed","Thu Oct 08 10:41:25 UTC 2026","testcases.settings.favoriteaccount.InquiryFavoriteAccountTest","Surefire test","testcases.settings.favoriteaccount.InquiryFavoriteAccountTest","inquiryFavoriteAccountWithWrongPath"
"Test Approve Special Transfer Supervisor dengan check Fee di Admin Fee","18633","approvedSpecialTransferSupervisorBalance","Surefire suite","Thu Oct 08 11:16:41 UTC 2026","failed","Thu Oct 08 11:16:59 UTC 2026","testcases.backoffice.ApprovalTransferTest","Surefire test","testcases.backoffice.ApprovalTransferTest","approvedSpecialTransferSupervisorBalance"
"Resend Google Authenticator Menggunakan HTTP Method DELETE","4461","resendOtpGoogleWithDeleteMethod","Surefire suite","Thu Oct 08 10:32:18 UTC 2026","passed","Thu Oct 08 10:32:23 UTC 2026","testcases.backoffice.googleauth.ResendOtpGoogleTest","Surefire test","testcases.backoffice.googleauth.ResendOtpGoogleTest","resendOtpGoogleWithDeleteMethod"
"Get List Google Authenticator Dengan Tipe Data Salah pada Field limit (String, Bukan Integer)","4482","listOtpGoogleWithInvalidFieldType","Surefire suite","Thu Oct 08 10:33:07 UTC 2026","passed","Thu Oct 08 10:33:11 UTC 2026","testcases.backoffice.googleauth.ListOtpGoogleTest","Surefire test","testcases.backoffice.googleauth.ListOtpGoogleTest","listOtpGoogleWithInvalidFieldType"
"Get Notification Sender Dengan Body Berupa JSON Array ([])","4403","getNotificationSenderWithArrayBody","Surefire suite","Thu Oct 08 10:40:50 UTC 2026","passed","Thu Oct 08 10:40:55 UTC 2026","testcases.backoffice.notifsender.NotificationSenderTest","Surefire test","testcases.backoffice.notifsender.NotificationSenderTest","getNotificationSenderWithArrayBody"
"Created Favorite Account Tanpa Login/Header Auth","1417","createdFavoriteAccountWithoutAuth","Surefire suite","Thu Oct 08 10:39:24 UTC 2026","passed","Thu Oct 08 10:39:25 UTC 2026","testcases.settings.favoriteaccount.CreatedFavoriteAccountTest","Surefire test","testcases.settings.favoriteaccount.CreatedFavoriteAccountTest","createdFavoriteAccountWithoutAuth"
"Get Notification Sender Menggunakan Login CS Admin","4571","getNotificationSenderWithCSAdminLogin","Surefire suite","Thu Oct 08 10:40:58 UTC 2026","passed","Thu Oct 08 10:41:02 UTC 2026","testcases.backoffice.notifsender.NotificationSenderTest","Surefire test","testcases.backoffice.notifsender.NotificationSenderTest","getNotificationSenderWithCSAdminLogin"
"Get Notification Sender Dengan pinValidasi Berupa Angka (Bukan String)","5101","getNotificationSenderWithNumericPinValidasi","Surefire suite","Thu Oct 08 10:43:34 UTC 2026","passed","Thu Oct 08 10:43:39 UTC 2026","testcases.backoffice.notifsender.NotificationSenderTest","Surefire test","testcases.backoffice.notifsender.NotificationSenderTest","getNotificationSenderWithNumericPinValidasi"
"List User Backoffice Tanpa Login/Header Auth","1528","listUsersWithoutAuth","Surefire suite","Thu Oct 08 10:46:14 UTC 2026","passed","Thu Oct 08 10:46:16 UTC 2026","testcases.backoffice.users.ListUsersTest","Surefire test","testcases.backoffice.users.ListUsersTest","listUsersWithoutAuth"
"Get List Google Authenticator Dengan Token Backoffice Valid Tapi Tanpa Header pbyv","4421","listOtpGoogleWithoutPbyvHeader","Surefire suite","Thu Oct 08 10:35:20 UTC 2026","passed","Thu Oct 08 10:35:25 UTC 2026","testcases.backoffice.googleauth.ListOtpGoogleTest","Surefire test","testcases.backoffice.googleauth.ListOtpGoogleTest","listOtpGoogleWithoutPbyvHeader"
"Get Balance Merchant Transfer","4614","getBalanceMerchant","Surefire suite","Thu Oct 08 10:37:12 UTC 2026","passed","Thu Oct 08 10:37:17 UTC 2026","testcases.balance.GetBalanceTransferTest","Surefire test","testcases.balance.GetBalanceTransferTest","getBalanceMerchant"
"Inquiry Test Special Transfer Merchant","13962","inquirySpecialTransfer","Surefire suite","Thu Oct 08 10:09:08 UTC 2026","failed","Thu Oct 08 10:09:22 UTC 2026","testcases.transfer.InquirySpecialTransferTest","Surefire test","testcases.transfer.InquirySpecialTransferTest","inquirySpecialTransfer"
"Mutasi Manual Transfer Balance","31951","mutasiManualTransferBalanceSupervisor","Surefire suite","Thu Oct 08 11:55:27 UTC 2026","failed","Thu Oct 08 11:55:59 UTC 2026","testcases.mutasi.MutasiTransferTest","Surefire test","testcases.mutasi.MutasiTransferTest","mutasiManualTransferBalanceSupervisor"
"Get Detail Waiting Company Backoffice Menggunakan HTTP Method POST","4375","getDetailWaitingCompanyWithPostMethod","Surefire suite","Thu Oct 08 10:12:15 UTC 2026","passed","Thu Oct 08 10:12:19 UTC 2026","testcases.backoffice.GetDetailWaitingCompanyTest","Surefire test","testcases.backoffice.GetDetailWaitingCompanyTest","getDetailWaitingCompanyWithPostMethod"
"Add Currency CS Admin Path Dengan Body JSON Tidak Valid (Malformed)","1445","addCurrencyWithMalformedJson","Surefire suite","Thu Oct 08 11:26:41 UTC 2026","passed","Thu Oct 08 11:26:43 UTC 2026","testcases.backoffice.currency.AddCurrencyTest","Surefire test","testcases.backoffice.currency.AddCurrencyTest","addCurrencyWithMalformedJson"
"List Currency USDT Dengan Content-Type text/plain","1432","getCurrencyWithWrongContentType","Surefire suite","Thu Oct 08 10:09:59 UTC 2026","passed","Thu Oct 08 10:10:00 UTC 2026","testcases.backoffice.currency.GetCurrencyTest","Surefire test","testcases.backoffice.currency.GetCurrencyTest","getCurrencyWithWrongContentType"
"Get Detail Waiting Company Backoffice Menggunakan Login Admin Crypto","4406","getDetailWaitingCompanyWithAdminCryptoLogin","Surefire suite","Thu Oct 08 10:10:38 UTC 2026","passed","Thu Oct 08 10:10:43 UTC 2026","testcases.backoffice.GetDetailWaitingCompanyTest","Surefire test","testcases.backoffice.GetDetailWaitingCompanyTest","getDetailWaitingCompanyWithAdminCryptoLogin"
"List User Backoffice Dengan Page/Size Negatif - Menemukan Bug Gateway Timeout","4482","listUsersWithNegativePageSize","Surefire suite","Thu Oct 08 10:45:51 UTC 2026","passed","Thu Oct 08 10:45:56 UTC 2026","testcases.backoffice.users.ListUsersTest","Surefire test","testcases.backoffice.users.ListUsersTest","listUsersWithNegativePageSize"
"Add User Backoffice Menggunakan Role Supervisor (Bukan Backoffice)","4855","addMerchantBackofficeWithWrongRoleSupervisor","Surefire suite","Thu Oct 08 10:54:27 UTC 2026","passed","Thu Oct 08 10:54:32 UTC 2026","testcases.backoffice.users.AddUserTest","Surefire test","testcases.backoffice.users.AddUserTest","addMerchantBackofficeWithWrongRoleSupervisor"
"Created Favorite Account Dengan Token Tidak Valid","1537","createdFavoriteAccountWithInvalidToken","Surefire suite","Thu Oct 08 10:38:30 UTC 2026","passed","Thu Oct 08 10:38:31 UTC 2026","testcases.settings.favoriteaccount.CreatedFavoriteAccountTest","Surefire test","testcases.settings.favoriteaccount.CreatedFavoriteAccountTest","createdFavoriteAccountWithInvalidToken"
"Created Favorite Account Merchant","4850","createdFavoriteAccount","Surefire suite","Thu Oct 08 10:37:52 UTC 2026","passed","Thu Oct 08 10:37:57 UTC 2026","testcases.settings.favoriteaccount.CreatedFavoriteAccountTest","Surefire test","testcases.settings.favoriteaccount.CreatedFavoriteAccountTest","createdFavoriteAccount"
"Get Notification Sender Ke Path yang Tidak Ada (Typo)","4776","getNotificationSenderWithWrongPath","Surefire suite","Thu Oct 08 10:44:36 UTC 2026","passed","Thu Oct 08 10:44:40 UTC 2026","testcases.backoffice.notifsender.NotificationSenderTest","Surefire test","testcases.backoffice.notifsender.NotificationSenderTest","getNotificationSenderWithWrongPath"
"Add Group Backoffice Dengan Nama Sama Namun Field Fee Berbeda","3111","addGroupWithDuplicateNameDifferentFees","Surefire suite","Thu Oct 08 10:24:00 UTC 2026","passed","Thu Oct 08 10:24:03 UTC 2026","testcases.backoffice.group.AddGroupTest","Surefire test","testcases.backoffice.group.AddGroupTest","addGroupWithDuplicateNameDifferentFees"
"Inquiry Favorite Account Dengan beneficiaryAccountNo String Kosong","1769","inquiryFavoriteAccountWithEmptyBeneficiaryAccountNo","Surefire suite","Thu Oct 08 10:40:10 UTC 2026","passed","Thu Oct 08 10:40:12 UTC 2026","testcases.settings.favoriteaccount.InquiryFavoriteAccountTest","Surefire test","testcases.settings.favoriteaccount.InquiryFavoriteAccountTest","inquiryFavoriteAccountWithEmptyBeneficiaryAccountNo"
"Get Group Detail Backoffice Menggunakan Login Marketing","4496","getGroupDetailWithMarketingLogin","Surefire suite","Thu Oct 08 10:21:36 UTC 2026","passed","Thu Oct 08 10:21:40 UTC 2026","testcases.backoffice.group.GetGroupTest","Surefire test","testcases.backoffice.group.GetGroupTest","getGroupDetailWithMarketingLogin"
"Transfer with Wrong Pin","49736","transferWrongPin","Surefire suite","Thu Oct 08 10:34:08 UTC 2026","passed","Thu Oct 08 10:34:58 UTC 2026","testcases.transfer.ManualTransferTest","Surefire test","testcases.transfer.ManualTransferTest","transferWrongPin"
"Transfer Different Partner Reference, Transfer to USDT Transfer","14554","trfPartnerRefTransferFailed","Surefire suite","Thu Oct 08 10:08:50 UTC 2026","failed","Thu Oct 08 10:09:05 UTC 2026","testcases.transfer.TransferUSDTTest","Surefire test","testcases.transfer.TransferUSDTTest","trfPartnerRefTransferFailed"
"List Company Backoffice Dengan Content-Type text/plain","4367","listCompanyWithWrongContentType","Surefire suite","Thu Oct 08 10:37:31 UTC 2026","passed","Thu Oct 08 10:37:35 UTC 2026","testcases.backoffice.ListCompanyTest","Surefire test","testcases.backoffice.ListCompanyTest","listCompanyWithWrongContentType"
"List Manage Settlement Backoffice Menggunakan HTTP Method DELETE","4390","listManageSettlementWithDeleteMethod","Surefire suite","Thu Oct 08 10:37:22 UTC 2026","passed","Thu Oct 08 10:37:26 UTC 2026","testcases.backoffice.settlement.ManageSettlementTest","Surefire test","testcases.backoffice.settlement.ManageSettlementTest","listManageSettlementWithDeleteMethod"
"Test Get Report Transaction Group","4726","getReportTransactionAdmin","Surefire suite","Thu Oct 08 09:54:33 UTC 2026","passed","Thu Oct 08 09:54:38 UTC 2026","testcases.report.ReportTransactionTest","Surefire test","testcases.report.ReportTransactionTest","getReportTransactionAdmin"
"Test Settlement USDT CS Admin dengan check Fee di Admin Crypto dan Admin Fee","13808","settlementUSDTCSAdmin","Surefire suite","Thu Oct 08 11:20:32 UTC 2026","failed","Thu Oct 08 11:20:46 UTC 2026","testcases.backoffice.ApprovalTransferTest","Surefire test","testcases.backoffice.ApprovalTransferTest","settlementUSDTCSAdmin"
"Delete Google Authenticator Menggunakan Login CS Admin","4532","deleteOtpGoogleWithCSAdminLogin","Surefire suite","Thu Oct 08 10:27:12 UTC 2026","passed","Thu Oct 08 10:27:16 UTC 2026","testcases.backoffice.googleauth.DeleteOtpGoogleTest","Surefire test","testcases.backoffice.googleauth.DeleteOtpGoogleTest","deleteOtpGoogleWithCSAdminLogin"
"Get List Group Backoffice Tanpa Login/Header Auth","1416","getListGroupWithoutAuth","Surefire suite","Thu Oct 08 10:16:04 UTC 2026","passed","Thu Oct 08 10:16:05 UTC 2026","testcases.backoffice.group.GetListGroupTest","Surefire test","testcases.backoffice.group.GetListGroupTest","getListGroupWithoutAuth"
"Delete Favorite Account Tanpa Login/Header Auth","1368","deleteFavoriteAccountWithoutAuth","Surefire suite","Thu Oct 08 10:03:34 UTC 2026","passed","Thu Oct 08 10:03:36 UTC 2026","testcases.settings.favoriteaccount.DeleteFavoriteAccountTest","Surefire test","testcases.settings.favoriteaccount.DeleteFavoriteAccountTest","deleteFavoriteAccountWithoutAuth"
"Resend Google Authenticator Tanpa Login/Header Auth","1469","resendOtpGoogleWithoutAuth","Surefire suite","Thu Oct 08 10:35:10 UTC 2026","passed","Thu Oct 08 10:35:11 UTC 2026","testcases.backoffice.googleauth.ResendOtpGoogleTest","Surefire test","testcases.backoffice.googleauth.ResendOtpGoogleTest","resendOtpGoogleWithoutAuth"
"Wrong Password Login Merchant","2934","testLoginWrongPassword","Surefire suite","Thu Oct 08 10:18:15 UTC 2026","passed","Thu Oct 08 10:18:18 UTC 2026","testcases.auth.LoginTest","Surefire test","testcases.auth.LoginTest","testLoginWrongPassword"
"Get List Google Authenticator Dengan Body JSON Tidak Valid (Malformed)","4547","listOtpGoogleWithMalformedJson","Surefire suite","Thu Oct 08 10:33:31 UTC 2026","passed","Thu Oct 08 10:33:35 UTC 2026","testcases.backoffice.googleauth.ListOtpGoogleTest","Surefire test","testcases.backoffice.googleauth.ListOtpGoogleTest","listOtpGoogleWithMalformedJson"
"Refund Summary Tanpa Field type","1658","getRefundWithoutType","Surefire suite","Thu Oct 08 10:43:39 UTC 2026","passed","Thu Oct 08 10:43:40 UTC 2026","testcases.backoffice.refund.GetRefundTest","Surefire test","testcases.backoffice.refund.GetRefundTest","getRefundWithoutType"
"Normal Flop Transfer Success","14120","transfer","Surefire suite","Thu Oct 08 10:15:24 UTC 2026","failed","Thu Oct 08 10:15:38 UTC 2026","testcases.transfer.TransferFlopTest","Surefire test","testcases.transfer.TransferFlopTest","transfer"
"Get List Group Company BO Dengan groupName Sangat Panjang (10.000 karakter)","4513","getListGroupCompanyWithOverlongGroupName","Surefire suite","Thu Oct 08 10:02:32 UTC 2026","passed","Thu Oct 08 10:02:36 UTC 2026","testcases.backoffice.settlement.GetListGroupCompanyTest","Surefire test","testcases.backoffice.settlement.GetListGroupCompanyTest","getListGroupCompanyWithOverlongGroupName"
"Get History Transfer Test Supervisor","8869","historyTransferTestSupervisor","Surefire suite","Thu Oct 08 11:47:08 UTC 2026","passed","Thu Oct 08 11:47:17 UTC 2026","testcases.history.HistoryTransferTest","Surefire test","testcases.history.HistoryTransferTest","historyTransferTestSupervisor"
"Get Group Detail Backoffice Dengan Group Id Berisi Payload XSS","4942","getGroupDetailWithXssId","Surefire suite","Thu Oct 08 10:22:51 UTC 2026","passed","Thu Oct 08 10:22:56 UTC 2026","testcases.backoffice.group.GetGroupTest","Surefire test","testcases.backoffice.group.GetGroupTest","getGroupDetailWithXssId"
"Add User Backoffice Dengan Format email Tidak Valid","1589","addMerchantBackofficeWithInvalidEmailFormat","Surefire suite","Thu Oct 08 09:54:47 UTC 2026","passed","Thu Oct 08 09:54:49 UTC 2026","testcases.backoffice.users.AddUserTest","Surefire test","testcases.backoffice.users.AddUserTest","addMerchantBackofficeWithInvalidEmailFormat"
"Add Group Backoffice Menggunakan Login Marketing","4751","addGroupWithMarketingLogin","Surefire suite","Thu Oct 08 10:25:01 UTC 2026","passed","Thu Oct 08 10:25:06 UTC 2026","testcases.backoffice.group.AddGroupTest","Surefire test","testcases.backoffice.group.AddGroupTest","addGroupWithMarketingLogin"
"Normal Manual Transfer Success Admin Crypto","6786","manualTransferAdminCrypto","Surefire suite","Thu Oct 08 09:56:12 UTC 2026","passed","Thu Oct 08 09:56:19 UTC 2026","testcases.transfer.ManualTransferTest","Surefire test","testcases.transfer.ManualTransferTest","manualTransferAdminCrypto"
"Get List Google Authenticator Dengan Field Tidak Dikenal pada Body","4458","listOtpGoogleWithUnknownField","Surefire suite","Thu Oct 08 10:34:46 UTC 2026","passed","Thu Oct 08 10:34:50 UTC 2026","testcases.backoffice.googleauth.ListOtpGoogleTest","Surefire test","testcases.backoffice.googleauth.ListOtpGoogleTest","listOtpGoogleWithUnknownField"
"Add Group Backoffice Dengan Body JSON Tidak Valid (Malformed)","1411","addGroupWithMalformedJson","Surefire suite","Thu Oct 08 10:24:56 UTC 2026","passed","Thu Oct 08 10:24:58 UTC 2026","testcases.backoffice.group.AddGroupTest","Surefire test","testcases.backoffice.group.AddGroupTest","addGroupWithMalformedJson"
"Refund Summary Menggunakan HTTP Method GET","1478","getRefundWithGetMethod","Surefire suite","Thu Oct 08 10:41:19 UTC 2026","passed","Thu Oct 08 10:41:21 UTC 2026","testcases.backoffice.refund.GetRefundTest","Surefire test","testcases.backoffice.refund.GetRefundTest","getRefundWithGetMethod"
"Refund Summary Dengan Karakter SQL Injection pada Field type","1459","getRefundWithSqlInjectionType","Surefire suite","Thu Oct 08 10:42:42 UTC 2026","passed","Thu Oct 08 10:42:43 UTC 2026","testcases.backoffice.refund.GetRefundTest","Surefire test","testcases.backoffice.refund.GetRefundTest","getRefundWithSqlInjectionType"
"Get List Favorite Account CS","4683","getListFavoriteAccountCS","Surefire suite","Thu Oct 08 12:09:46 UTC 2026","passed","Thu Oct 08 12:09:51 UTC 2026","testcases.settings.favoriteaccount.GetListFavoriteAccountTest","Surefire test","testcases.settings.favoriteaccount.GetListFavoriteAccountTest","getListFavoriteAccountCS"
"Get List Group Company BO Dengan Token Backoffice Valid Tapi Tanpa Header pbyv","4524","getListGroupCompanyWithoutPbyvHeader","Surefire suite","Thu Oct 08 10:03:55 UTC 2026","passed","Thu Oct 08 10:04:00 UTC 2026","testcases.backoffice.settlement.GetListGroupCompanyTest","Surefire test","testcases.backoffice.settlement.GetListGroupCompanyTest","getListGroupCompanyWithoutPbyvHeader"
"Delete Google Authenticator Dengan Format id Tidak Valid (Bukan ObjectId)","4486","deleteOtpGoogleWithMalformedId","Surefire suite","Thu Oct 08 10:28:02 UTC 2026","passed","Thu Oct 08 10:28:07 UTC 2026","testcases.backoffice.googleauth.DeleteOtpGoogleTest","Surefire test","testcases.backoffice.googleauth.DeleteOtpGoogleTest","deleteOtpGoogleWithMalformedId"
"Add User Backoffice Dengan Karakter SQL Injection pada email","1515","addMerchantBackofficeWithSqlInjectionEmail","Surefire suite","Thu Oct 08 09:55:29 UTC 2026","passed","Thu Oct 08 09:55:30 UTC 2026","testcases.backoffice.users.AddUserTest","Surefire test","testcases.backoffice.users.AddUserTest","addMerchantBackofficeWithSqlInjectionEmail"
"Refund Summary Menggunakan Login Supervisor","4535","getRefundWithSupervisorLogin","Surefire suite","Thu Oct 08 10:42:46 UTC 2026","passed","Thu Oct 08 10:42:51 UTC 2026","testcases.backoffice.refund.GetRefundTest","Surefire test","testcases.backoffice.refund.GetRefundTest","getRefundWithSupervisorLogin"
"Add Group Backoffice Dengan Header pbyv Salah","1469","addGroupWithWrongPbyvHeader","Surefire suite","Thu Oct 08 10:26:22 UTC 2026","passed","Thu Oct 08 10:26:24 UTC 2026","testcases.backoffice.group.AddGroupTest","Surefire test","testcases.backoffice.group.AddGroupTest","addGroupWithWrongPbyvHeader"
"Refund Summary Dengan Token Kadaluarsa","1549","getRefundWithExpiredToken","Surefire suite","Thu Oct 08 10:41:15 UTC 2026","passed","Thu Oct 08 10:41:16 UTC 2026","testcases.backoffice.refund.GetRefundTest","Surefire test","testcases.backoffice.refund.GetRefundTest","getRefundWithExpiredToken"
"Delete Group Backoffice Dengan Format id Tidak Valid (Bukan ObjectId)","1495","deleteGroupWithInvalidIdFormat","Surefire suite","Thu Oct 08 10:18:12 UTC 2026","passed","Thu Oct 08 10:18:13 UTC 2026","testcases.backoffice.group.DeleteGroupTest","Surefire test","testcases.backoffice.group.DeleteGroupTest","deleteGroupWithInvalidIdFormat"
"Get List Group Backoffice Menggunakan Login Merchant","4550","getListGroupWithMerchantLogin","Surefire suite","Thu Oct 08 10:14:45 UTC 2026","passed","Thu Oct 08 10:14:50 UTC 2026","testcases.backoffice.group.GetListGroupTest","Surefire test","testcases.backoffice.group.GetListGroupTest","getListGroupWithMerchantLogin"
"Resend Google Authenticator Menggunakan Login Supervisor","4470","resendOtpGoogleWithSupervisorLogin","Surefire suite","Thu Oct 08 10:34:32 UTC 2026","passed","Thu Oct 08 10:34:37 UTC 2026","testcases.backoffice.googleauth.ResendOtpGoogleTest","Surefire test","testcases.backoffice.googleauth.ResendOtpGoogleTest","resendOtpGoogleWithSupervisorLogin"
"Refund Summary Tanpa Login/Header Auth","1474","getRefundWithoutAuth","Surefire suite","Thu Oct 08 10:43:16 UTC 2026","passed","Thu Oct 08 10:43:18 UTC 2026","testcases.backoffice.refund.GetRefundTest","Surefire test","testcases.backoffice.refund.GetRefundTest","getRefundWithoutAuth"
"Generate QR Code Failed Merchant","4602","generateQRCodeFailed","Surefire suite","Thu Oct 08 10:31:34 UTC 2026","passed","Thu Oct 08 10:31:39 UTC 2026","testcases.QR.GenerateQRTest","Surefire test","testcases.QR.GenerateQRTest","generateQRCodeFailed"
"Create Manage Settlement BO Menggunakan Login Merchant","4442","addManageSettlementWithMerchantLogin","Surefire suite","Thu Oct 08 09:58:35 UTC 2026","passed","Thu Oct 08 09:58:40 UTC 2026","testcases.backoffice.settlement.AddManageSettlementTest","Surefire test","testcases.backoffice.settlement.AddManageSettlementTest","addManageSettlementWithMerchantLogin"
"Inquiry Favorite Account Menggunakan HTTP Method PUT","1497","inquiryFavoriteAccountWithPutMethod","Surefire suite","Thu Oct 08 10:40:56 UTC 2026","passed","Thu Oct 08 10:40:57 UTC 2026","testcases.settings.favoriteaccount.InquiryFavoriteAccountTest","Surefire test","testcases.settings.favoriteaccount.InquiryFavoriteAccountTest","inquiryFavoriteAccountWithPutMethod"
"Get History USDT Transfer Test CS","13952","historyUSDTTransferTestCS","Surefire suite","Thu Oct 08 11:48:29 UTC 2026","failed","Thu Oct 08 11:48:43 UTC 2026","testcases.history.HistoryTransferTest","Surefire test","testcases.history.HistoryTransferTest","historyUSDTTransferTestCS"
"Add User Backoffice Dengan email Bernilai null","1717","addMerchantBackofficeWithNullEmailValue","Surefire suite","Thu Oct 08 09:55:06 UTC 2026","passed","Thu Oct 08 09:55:07 UTC 2026","testcases.backoffice.users.AddUserTest","Surefire test","testcases.backoffice.users.AddUserTest","addMerchantBackofficeWithNullEmailValue"
"Get List Group Company BO Menggunakan HTTP Method DELETE","4367","getListGroupCompanyWithDeleteMethod","Surefire suite","Thu Oct 08 10:01:26 UTC 2026","passed","Thu Oct 08 10:01:30 UTC 2026","testcases.backoffice.settlement.GetListGroupCompanyTest","Surefire test","testcases.backoffice.settlement.GetListGroupCompanyTest","getListGroupCompanyWithDeleteMethod"
"Refund Summary Menggunakan HTTP Method PUT","1457","getRefundWithPutMethod","Surefire suite","Thu Oct 08 10:42:33 UTC 2026","passed","Thu Oct 08 10:42:34 UTC 2026","testcases.backoffice.refund.GetRefundTest","Surefire test","testcases.backoffice.refund.GetRefundTest","getRefundWithPutMethod"
"Test Get Report Transfer Merchant","4722","getReportBatchAdmin","Surefire suite","Thu Oct 08 09:54:00 UTC 2026","passed","Thu Oct 08 09:54:05 UTC 2026","testcases.report.ReportTransactionTest","Surefire test","testcases.report.ReportTransactionTest","getReportBatchAdmin"
"Get List Group Backoffice Menggunakan Login Admin","4436","getListGroupWithAdminLogin","Surefire suite","Thu Oct 08 10:13:28 UTC 2026","passed","Thu Oct 08 10:13:32 UTC 2026","testcases.backoffice.group.GetListGroupTest","Surefire test","testcases.backoffice.group.GetListGroupTest","getListGroupWithAdminLogin"
"Create Manage Settlement BO Tanpa Field companyList","4484","addManageSettlementWithoutCompanyList","Surefire suite","Thu Oct 08 10:00:26 UTC 2026","passed","Thu Oct 08 10:00:30 UTC 2026","testcases.backoffice.settlement.AddManageSettlementTest","Surefire test","testcases.backoffice.settlement.AddManageSettlementTest","addManageSettlementWithoutCompanyList"
"Resend Google Authenticator Ke Path yang Tidak Ada (Typo)","4627","resendOtpGoogleWithWrongPath","Surefire suite","Thu Oct 08 10:34:55 UTC 2026","passed","Thu Oct 08 10:34:59 UTC 2026","testcases.backoffice.googleauth.ResendOtpGoogleTest","Surefire test","testcases.backoffice.googleauth.ResendOtpGoogleTest","resendOtpGoogleWithWrongPath"
"Add Merchant From CS Admin","5916","addCompanyCsAdmin","Surefire suite","Thu Oct 08 09:54:48 UTC 2026","passed","Thu Oct 08 09:54:54 UTC 2026","testcases.backoffice.AddCompanyTest","Surefire test","testcases.backoffice.AddCompanyTest","addCompanyCsAdmin"
"Delete Google Authenticator Dengan id Sangat Panjang (10.000 karakter)","4483","deleteOtpGoogleWithOverlongId","Surefire suite","Thu Oct 08 10:28:32 UTC 2026","passed","Thu Oct 08 10:28:37 UTC 2026","testcases.backoffice.googleauth.DeleteOtpGoogleTest","Surefire test","testcases.backoffice.googleauth.DeleteOtpGoogleTest","deleteOtpGoogleWithOverlongId"
"Create Manage Settlement BO Dengan companyId Format Tidak Valid (Bukan ObjectId)","4467","addManageSettlementWithMalformedCompanyId","Surefire suite","Thu Oct 08 09:58:13 UTC 2026","passed","Thu Oct 08 09:58:17 UTC 2026","testcases.backoffice.settlement.AddManageSettlementTest","Surefire test","testcases.backoffice.settlement.AddManageSettlementTest","addManageSettlementWithMalformedCompanyId"
"Delete Group Backoffice Dengan Field Tidak Dikenal pada Body","1463","deleteGroupWithUnknownField","Surefire suite","Thu Oct 08 10:19:33 UTC 2026","passed","Thu Oct 08 10:19:34 UTC 2026","testcases.backoffice.group.DeleteGroupTest","Surefire test","testcases.backoffice.group.DeleteGroupTest","deleteGroupWithUnknownField"
"Mutasi Special Transfer Balance Supervisor CS","27718","mutasiSpecialTransferBalanceSupervisorCS","Surefire suite","Thu Oct 08 11:59:52 UTC 2026","passed","Thu Oct 08 12:00:20 UTC 2026","testcases.mutasi.MutasiTransferTest","Surefire test","testcases.mutasi.MutasiTransferTest","mutasiSpecialTransferBalanceSupervisorCS"
"Test Get Bank Statement","7355","getReportBankStatementAdmin","Surefire suite","Thu Oct 08 09:53:49 UTC 2026","passed","Thu Oct 08 09:53:57 UTC 2026","testcases.report.ReportTransactionTest","Surefire test","testcases.report.ReportTransactionTest","getReportBankStatementAdmin"
"Get History Flop Transfer Supervisor on Login CS Admin","14888","historyFlopTransferSupervisorTestCSAdmin","Surefire suite","Thu Oct 08 11:39:52 UTC 2026","failed","Thu Oct 08 11:40:07 UTC 2026","testcases.history.HistoryTransferTest","Surefire test","testcases.history.HistoryTransferTest","historyFlopTransferSupervisorTestCSAdmin"
"Get Notification Sender Menggunakan Login Customer Service","4528","getNotificationSenderWithCSLogin","Surefire suite","Thu Oct 08 10:41:05 UTC 2026","passed","Thu Oct 08 10:41:10 UTC 2026","testcases.backoffice.notifsender.NotificationSenderTest","Surefire test","testcases.backoffice.notifsender.NotificationSenderTest","getNotificationSenderWithCSLogin"
"Resend Google Authenticator Menggunakan HTTP Method GET","4731","resendOtpGoogleWithGetMethod","Surefire suite","Thu Oct 08 10:32:45 UTC 2026","passed","Thu Oct 08 10:32:50 UTC 2026","testcases.backoffice.googleauth.ResendOtpGoogleTest","Surefire test","testcases.backoffice.googleauth.ResendOtpGoogleTest","resendOtpGoogleWithGetMethod"
"Get Detail User Backoffice Dengan Format User Id Tidak Valid (Bukan ObjectId)","4480","getUsersWithMalformedId","Surefire suite","Thu Oct 08 10:44:03 UTC 2026","passed","Thu Oct 08 10:44:08 UTC 2026","testcases.backoffice.users.ListUsersTest","Surefire test","testcases.backoffice.users.ListUsersTest","getUsersWithMalformedId"
"Add Currency CS Admin Path Dengan rate Negatif","1521","addCurrencyWithNegativeRate","Surefire suite","Thu Oct 08 11:27:05 UTC 2026","passed","Thu Oct 08 11:27:07 UTC 2026","testcases.backoffice.currency.AddCurrencyTest","Surefire test","testcases.backoffice.currency.AddCurrencyTest","addCurrencyWithNegativeRate"
"Inquiry Test Flop Transfer Admin Crypto","6489","inquiryFlopTransferAdminCrypto","Surefire suite","Thu Oct 08 09:55:30 UTC 2026","passed","Thu Oct 08 09:55:37 UTC 2026","testcases.transfer.InquiryFlopTransferTest","Surefire test","testcases.transfer.InquiryFlopTransferTest","inquiryFlopTransferAdminCrypto"
"Inquiry Test Manual Transfer Merchant Supervisor","5088","inquiryManualTransferSupervisor","Surefire suite","Thu Oct 08 09:57:59 UTC 2026","passed","Thu Oct 08 09:58:04 UTC 2026","testcases.transfer.InquiryManualTransferTest","Surefire test","testcases.transfer.InquiryManualTransferTest","inquiryManualTransferSupervisor"
"Create Manage Settlement BO Menggunakan Login Customer Service","4476","addManageSettlementWithCSLogin","Surefire suite","Thu Oct 08 09:56:53 UTC 2026","passed","Thu Oct 08 09:56:58 UTC 2026","testcases.backoffice.settlement.AddManageSettlementTest","Surefire test","testcases.backoffice.settlement.AddManageSettlementTest","addManageSettlementWithCSLogin"
"Refund Summary Dengan startDate Setelah endDate (Rentang Terbalik)","1471","getRefundWithReversedRange","Surefire suite","Thu Oct 08 10:42:37 UTC 2026","passed","Thu Oct 08 10:42:39 UTC 2026","testcases.backoffice.refund.GetRefundTest","Surefire test","testcases.backoffice.refund.GetRefundTest","getRefundWithReversedRange"
"Normal Flop Transfer Balance Admin Crypto Success","10772","flopTransferBalanceAdminCrypto","Surefire suite","Thu Oct 08 09:56:48 UTC 2026","passed","Thu Oct 08 09:56:59 UTC 2026","testcases.transfer.TransferFlopTest","Surefire test","testcases.transfer.TransferFlopTest","flopTransferBalanceAdminCrypto"
"List Company Backoffice","4520","getListCompany","Surefire suite","Thu Oct 08 10:35:28 UTC 2026","passed","Thu Oct 08 10:35:32 UTC 2026","testcases.backoffice.ListCompanyTest","Surefire test","testcases.backoffice.ListCompanyTest","getListCompany"
"Refund Summary Dengan startDate Bukan Format Tanggal","1447","getRefundWithInvalidStartDate","Surefire suite","Thu Oct 08 10:41:33 UTC 2026","passed","Thu Oct 08 10:41:34 UTC 2026","testcases.backoffice.refund.GetRefundTest","Surefire test","testcases.backoffice.refund.GetRefundTest","getRefundWithInvalidStartDate"
"Get List Group Ke Path yang Tidak Ada (Typo)","1700","getListGroupWithWrongPath","Surefire suite","Thu Oct 08 10:15:50 UTC 2026","passed","Thu Oct 08 10:15:52 UTC 2026","testcases.backoffice.group.GetListGroupTest","Surefire test","testcases.backoffice.group.GetListGroupTest","getListGroupWithWrongPath"
"Request Refund Manual Transfer Merchant","4648","refundManualTransferMerchant","Surefire suite","Thu Oct 08 10:36:34 UTC 2026","passed","Thu Oct 08 10:36:38 UTC 2026","testcases.transfer.RefundTransferTest","Surefire test","testcases.transfer.RefundTransferTest","refundManualTransferMerchant"
"Transfer Different Partner Reference, USDT Transfer to Manual Transfer","13633","trfPartnerRefUSDTFailed","Surefire suite","Thu Oct 08 10:36:09 UTC 2026","failed","Thu Oct 08 10:36:23 UTC 2026","testcases.transfer.ManualTransferTest","Surefire test","testcases.transfer.ManualTransferTest","trfPartnerRefUSDTFailed"
"Mutasi USDT Transfer Balance CS","18164","mutasiUSDTTransferBalanceCS","Surefire suite","Thu Oct 08 12:04:26 UTC 2026","failed","Thu Oct 08 12:04:44 UTC 2026","testcases.mutasi.MutasiTransferTest","Surefire test","testcases.mutasi.MutasiTransferTest","mutasiUSDTTransferBalanceCS"
"Get List Favorite Account Dengan Body Berupa Literal null","1428","getListFavoriteAccountWithNullLiteralBody","Surefire suite","Thu Oct 08 12:10:50 UTC 2026","passed","Thu Oct 08 12:10:52 UTC 2026","testcases.settings.favoriteaccount.GetListFavoriteAccountTest","Surefire test","testcases.settings.favoriteaccount.GetListFavoriteAccountTest","getListFavoriteAccountWithNullLiteralBody"
"Get Dashboard Backoffice Menggunakan Login Merchant","4782","getDashboardWithMerchantLogin","Surefire suite","Thu Oct 08 09:54:47 UTC 2026","passed","Thu Oct 08 09:54:52 UTC 2026","testcases.backoffice.GetDashboardTest","Surefire test","testcases.backoffice.GetDashboardTest","getDashboardWithMerchantLogin"
"List Refund Dengan Field Sort Merujuk ke Kolom yang Tidak Ada","4766","listRefundWithInvalidSortField","Surefire suite","Thu Oct 08 11:33:59 UTC 2026","passed","Thu Oct 08 11:34:04 UTC 2026","testcases.backoffice.ListRefundTest","Surefire test","testcases.backoffice.ListRefundTest","listRefundWithInvalidSortField"
"Add User Backoffice Menggunakan HTTP Method GET","1751","addMerchantBackofficeWithGetMethod","Surefire suite","Thu Oct 08 09:54:43 UTC 2026","passed","Thu Oct 08 09:54:44 UTC 2026","testcases.backoffice.users.AddUserTest","Surefire test","testcases.backoffice.users.AddUserTest","addMerchantBackofficeWithGetMethod"
"Delete Group Backoffice Menggunakan HTTP Method PATCH","1422","deleteGroupWithPatchMethod","Surefire suite","Thu Oct 08 10:19:12 UTC 2026","passed","Thu Oct 08 10:19:13 UTC 2026","testcases.backoffice.group.DeleteGroupTest","Surefire test","testcases.backoffice.group.DeleteGroupTest","deleteGroupWithPatchMethod"
"Delete Google Authenticator Menggunakan HTTP Method POST","4515","deleteOtpGoogleWithPostMethod","Surefire suite","Thu Oct 08 10:28:47 UTC 2026","passed","Thu Oct 08 10:28:52 UTC 2026","testcases.backoffice.googleauth.DeleteOtpGoogleTest","Surefire test","testcases.backoffice.googleauth.DeleteOtpGoogleTest","deleteOtpGoogleWithPostMethod"
"Mutasi Transfer CS","13718","mutasiTransferCS","Surefire suite","Thu Oct 08 12:02:31 UTC 2026","failed","Thu Oct 08 12:02:45 UTC 2026","testcases.mutasi.MutasiTransferTest","Surefire test","testcases.mutasi.MutasiTransferTest","mutasiTransferCS"
"Add User Backoffice Ke Path yang Tidak Ada (Typo)","1763","addMerchantBackofficeWithWrongPath","Surefire suite","Thu Oct 08 09:55:47 UTC 2026","passed","Thu Oct 08 09:55:49 UTC 2026","testcases.backoffice.users.AddUserTest","Surefire test","testcases.backoffice.users.AddUserTest","addMerchantBackofficeWithWrongPath"
"Created Favorite Account Tanpa Field pin","1432","createdFavoriteAccountWithoutPinField","Surefire suite","Thu Oct 08 10:39:46 UTC 2026","failed","Thu Oct 08 10:39:47 UTC 2026","testcases.settings.favoriteaccount.CreatedFavoriteAccountTest","Surefire test","testcases.settings.favoriteaccount.CreatedFavoriteAccountTest","createdFavoriteAccountWithoutPinField"
"List Manage Settlement Backoffice Dengan Karakter SQL Injection pada Field Param","4615","listManageSettlementWithSqlInjectionParam","Surefire suite","Thu Oct 08 10:39:21 UTC 2026","passed","Thu Oct 08 10:39:25 UTC 2026","testcases.backoffice.settlement.ManageSettlementTest","Surefire test","testcases.backoffice.settlement.ManageSettlementTest","listManageSettlementWithSqlInjectionParam"
"List Currency USDT Dengan Field Tidak Dikenal pada Body","1570","getCurrencyWithUnknownField","Surefire suite","Thu Oct 08 10:09:54 UTC 2026","passed","Thu Oct 08 10:09:56 UTC 2026","testcases.backoffice.currency.GetCurrencyTest","Surefire test","testcases.backoffice.currency.GetCurrencyTest","getCurrencyWithUnknownField"
"Get Detail Waiting Company Backoffice Dengan Id Milik Entitas Lain (Group Id)","4528","getDetailWaitingCompanyWithForeignEntityId","Surefire suite","Thu Oct 08 10:11:13 UTC 2026","passed","Thu Oct 08 10:11:17 UTC 2026","testcases.backoffice.GetDetailWaitingCompanyTest","Surefire test","testcases.backoffice.GetDetailWaitingCompanyTest","getDetailWaitingCompanyWithForeignEntityId"
"Get Balance Merchant with Login CS","5552","getBalanceMerchantLoginCS","Surefire suite","Thu Oct 08 09:55:29 UTC 2026","passed","Thu Oct 08 09:55:34 UTC 2026","testcases.balance.GetBalanceQrisTest","Surefire test","testcases.balance.GetBalanceQrisTest","getBalanceMerchantLoginCS"
"Get History Manual Transfer Test CS","11616","historyManualTransferTestCS","Surefire suite","Thu Oct 08 11:42:43 UTC 2026","passed","Thu Oct 08 11:42:55 UTC 2026","testcases.history.HistoryTransferTest","Surefire test","testcases.history.HistoryTransferTest","historyManualTransferTestCS"
"Refund Summary Dengan Token Backoffice Valid Tapi Tanpa Header pbyv","1442","getRefundWithoutPbyvHeader","Surefire suite","Thu Oct 08 10:43:30 UTC 2026","passed","Thu Oct 08 10:43:31 UTC 2026","testcases.backoffice.refund.GetRefundTest","Surefire test","testcases.backoffice.refund.GetRefundTest","getRefundWithoutPbyvHeader"
"Get Detail User Backoffice Tanpa User Id (Path Kosong) - Menemukan Bug Bad Gateway","4738","getUsersWithEmptyId","Surefire suite","Thu Oct 08 10:43:51 UTC 2026","passed","Thu Oct 08 10:43:56 UTC 2026","testcases.backoffice.users.ListUsersTest","Surefire test","testcases.backoffice.users.ListUsersTest","getUsersWithEmptyId"
"List Waiting Company Backoffice","4521","getListWaitingCompany","Surefire suite","Thu Oct 08 10:37:50 UTC 2026","passed","Thu Oct 08 10:37:55 UTC 2026","testcases.backoffice.ListWaitingCompanyTest","Surefire test","testcases.backoffice.ListWaitingCompanyTest","getListWaitingCompany"
"Edit Company Cs Admin","4904","editCompanyCsAdmin","Surefire suite","Thu Oct 08 09:55:13 UTC 2026","passed","Thu Oct 08 09:55:18 UTC 2026","testcases.backoffice.users.EditUserTest","Surefire test","testcases.backoffice.users.EditUserTest","editCompanyCsAdmin"
"Delete Google Authenticator Menggunakan Login Merchant","4474","deleteOtpGoogleWithMerchantLogin","Surefire suite","Thu Oct 08 10:28:17 UTC 2026","passed","Thu Oct 08 10:28:22 UTC 2026","testcases.backoffice.googleauth.DeleteOtpGoogleTest","Surefire test","testcases.backoffice.googleauth.DeleteOtpGoogleTest","deleteOtpGoogleWithMerchantLogin"
"Delete Favorite Account Tanpa Field id","41055","deleteFavoriteAccountWithoutIdField","Surefire suite","Thu Oct 08 10:04:27 UTC 2026","failed","Thu Oct 08 10:05:08 UTC 2026","testcases.settings.favoriteaccount.DeleteFavoriteAccountTest","Surefire test","testcases.settings.favoriteaccount.DeleteFavoriteAccountTest","deleteFavoriteAccountWithoutIdField"
"Resend Google Authenticator Menggunakan Login Customer Service","4627","resendOtpGoogleWithCSLogin","Surefire suite","Thu Oct 08 10:32:10 UTC 2026","passed","Thu Oct 08 10:32:15 UTC 2026","testcases.backoffice.googleauth.ResendOtpGoogleTest","Surefire test","testcases.backoffice.googleauth.ResendOtpGoogleTest","resendOtpGoogleWithCSLogin"
"Mutasi Special Transfer Supervisor CS","20992","mutasiSpecialTransferSupervisorCS","Surefire suite","Thu Oct 08 12:01:11 UTC 2026","failed","Thu Oct 08 12:01:32 UTC 2026","testcases.mutasi.MutasiTransferTest","Surefire test","testcases.mutasi.MutasiTransferTest","mutasiSpecialTransferSupervisorCS"
"List Currency USDT Menggunakan Login Marketing","4517","getCurrencyWithMarketingLogin","Surefire suite","Thu Oct 08 10:09:09 UTC 2026","passed","Thu Oct 08 10:09:14 UTC 2026","testcases.backoffice.currency.GetCurrencyTest","Surefire test","testcases.backoffice.currency.GetCurrencyTest","getCurrencyWithMarketingLogin"
"Get List Google Authenticator Tanpa Body Sama Sekali","4397","listOtpGoogleWithoutBody","Surefire suite","Thu Oct 08 10:35:13 UTC 2026","passed","Thu Oct 08 10:35:17 UTC 2026","testcases.backoffice.googleauth.ListOtpGoogleTest","Surefire test","testcases.backoffice.googleauth.ListOtpGoogleTest","listOtpGoogleWithoutBody"
"Approval Refund Special Transfer Merchant","13997","approveRefundManualTransferMerchant","Surefire suite","Thu Oct 08 11:12:55 UTC 2026","passed","Thu Oct 08 11:13:09 UTC 2026","testcases.backoffice.ApprovalRefundTest","Surefire test","testcases.backoffice.ApprovalRefundTest","approveRefundManualTransferMerchant"
"Get List Group Backoffice Dengan page Melebihi Total Halaman","1615","getListGroupWithPageBeyondTotalPages","Surefire suite","Thu Oct 08 10:15:11 UTC 2026","passed","Thu Oct 08 10:15:13 UTC 2026","testcases.backoffice.group.GetListGroupTest","Surefire test","testcases.backoffice.group.GetListGroupTest","getListGroupWithPageBeyondTotalPages"
"Get User Backoffice Menggunakan Login Admin Crypto","4524","getUserWithAdminCryptoLogin","Surefire suite","Thu Oct 08 09:55:47 UTC 2026","passed","Thu Oct 08 09:55:51 UTC 2026","testcases.backoffice.GetDashboardTest","Surefire test","testcases.backoffice.GetDashboardTest","getUserWithAdminCryptoLogin"
"Create Manage Settlement BO Dengan companyId Duplikat (Sudah Terdaftar)","10512","addManageSettlementWithDuplicateCompanyId","Surefire suite","Thu Oct 08 09:57:08 UTC 2026","passed","Thu Oct 08 09:57:19 UTC 2026","testcases.backoffice.settlement.AddManageSettlementTest","Surefire test","testcases.backoffice.settlement.AddManageSettlementTest","addManageSettlementWithDuplicateCompanyId"
"Get Notification Sender Dengan Token Backoffice Valid Tapi Tanpa Header pbyv","4702","getNotificationSenderWithoutPbyvHeader","Surefire suite","Thu Oct 08 10:45:03 UTC 2026","passed","Thu Oct 08 10:45:08 UTC 2026","testcases.backoffice.notifsender.NotificationSenderTest","Surefire test","testcases.backoffice.notifsender.NotificationSenderTest","getNotificationSenderWithoutPbyvHeader"
"Transfer Different Partner Reference, USDT Transfer to Transfer","13829","trfPartnerRefUSDTFailed","Surefire suite","Thu Oct 08 10:14:31 UTC 2026","failed","Thu Oct 08 10:14:45 UTC 2026","testcases.transfer.SpecialTransferTest","Surefire test","testcases.transfer.SpecialTransferTest","trfPartnerRefUSDTFailed"
"Get Group Detail Backoffice Menggunakan HTTP Method PUT","4571","getGroupDetailWithPutMethod","Surefire suite","Thu Oct 08 10:22:22 UTC 2026","passed","Thu Oct 08 10:22:26 UTC 2026","testcases.backoffice.group.GetGroupTest","Surefire test","testcases.backoffice.group.GetGroupTest","getGroupDetailWithPutMethod"
"Get Notification Sender Dengan Field Tidak Dikenal pada Body","5189","getNotificationSenderWithUnknownField","Surefire suite","Thu Oct 08 10:44:20 UTC 2026","passed","Thu Oct 08 10:44:25 UTC 2026","testcases.backoffice.notifsender.NotificationSenderTest","Surefire test","testcases.backoffice.notifsender.NotificationSenderTest","getNotificationSenderWithUnknownField"
"Get List Group Company BO Menggunakan HTTP Method POST","4372","getListGroupCompanyWithPostMethod","Surefire suite","Thu Oct 08 10:02:46 UTC 2026","passed","Thu Oct 08 10:02:51 UTC 2026","testcases.backoffice.settlement.GetListGroupCompanyTest","Surefire test","testcases.backoffice.settlement.GetListGroupCompanyTest","getListGroupCompanyWithPostMethod"
"Normal Flop Transfer Balance Success","15748","flopTransferBalance","Surefire suite","Thu Oct 08 10:15:06 UTC 2026","passed","Thu Oct 08 10:15:21 UTC 2026","testcases.transfer.TransferFlopTest","Surefire test","testcases.transfer.TransferFlopTest","flopTransferBalance"
"Get History QR","6787","historyQRTest","Surefire suite","Thu Oct 08 10:37:20 UTC 2026","passed","Thu Oct 08 10:37:26 UTC 2026","testcases.history.HistoryQRTest","Surefire test","testcases.history.HistoryQRTest","historyQRTest"
"List Waiting Company Backoffice Dengan Page/Size Negatif","4544","listWaitingCompanyWithNegativePageSize","Surefire suite","Thu Oct 08 10:39:29 UTC 2026","passed","Thu Oct 08 10:39:34 UTC 2026","testcases.backoffice.ListWaitingCompanyTest","Surefire test","testcases.backoffice.ListWaitingCompanyTest","listWaitingCompanyWithNegativePageSize"
"Get History Special Transfer Test Fee Admin","14663","historySpecialTransferTestFeeAdmin","Surefire suite","Thu Oct 08 11:44:59 UTC 2026","failed","Thu Oct 08 11:45:14 UTC 2026","testcases.history.HistoryTransferTest","Surefire test","testcases.history.HistoryTransferTest","historySpecialTransferTestFeeAdmin"
"Mutasi USDT Transfer Balance","18261","mutasiUSDTTransferBalance","Surefire suite","Thu Oct 08 12:04:05 UTC 2026","failed","Thu Oct 08 12:04:23 UTC 2026","testcases.mutasi.MutasiTransferTest","Surefire test","testcases.mutasi.MutasiTransferTest","mutasiUSDTTransferBalance"
"Delete Favorite Account Dengan Field Tidak Dikenal pada Body","1405","deleteFavoriteAccountWithUnknownField","Surefire suite","Thu Oct 08 09:59:44 UTC 2026","failed","Thu Oct 08 09:59:45 UTC 2026","testcases.settings.favoriteaccount.DeleteFavoriteAccountTest","Surefire test","testcases.settings.favoriteaccount.DeleteFavoriteAccountTest","deleteFavoriteAccountWithUnknownField"
"Resend Google Authenticator Menggunakan Login Admin Crypto","4727","resendOtpGoogleWithAdminCryptoLogin","Surefire suite","Thu Oct 08 10:31:40 UTC 2026","passed","Thu Oct 08 10:31:45 UTC 2026","testcases.backoffice.googleauth.ResendOtpGoogleTest","Surefire test","testcases.backoffice.googleauth.ResendOtpGoogleTest","resendOtpGoogleWithAdminCryptoLogin"
"Get History Manual Transfer Supervisor on Login CS Admin","14237","historyManualTransferSupervisorTestCSAdmin","Surefire suite","Thu Oct 08 11:41:40 UTC 2026","failed","Thu Oct 08 11:41:54 UTC 2026","testcases.history.HistoryTransferTest","Surefire test","testcases.history.HistoryTransferTest","historyManualTransferSupervisorTestCSAdmin"
"List Waiting Company Backoffice Menggunakan HTTP Method GET","4487","listWaitingCompanyWithGetMethod","Surefire suite","Thu Oct 08 10:38:28 UTC 2026","passed","Thu Oct 08 10:38:32 UTC 2026","testcases.backoffice.ListWaitingCompanyTest","Surefire test","testcases.backoffice.ListWaitingCompanyTest","listWaitingCompanyWithGetMethod"
"Inquiry Favorite Account Menggunakan HTTP Method DELETE","1512","inquiryFavoriteAccountWithDeleteMethod","Surefire suite","Thu Oct 08 10:40:06 UTC 2026","passed","Thu Oct 08 10:40:07 UTC 2026","testcases.settings.favoriteaccount.InquiryFavoriteAccountTest","Surefire test","testcases.settings.favoriteaccount.InquiryFavoriteAccountTest","inquiryFavoriteAccountWithDeleteMethod"
"Resend Google Authenticator Dengan Token Tidak Valid","1448","resendOtpGoogleWithInvalidToken","Surefire suite","Thu Oct 08 10:32:53 UTC 2026","passed","Thu Oct 08 10:32:54 UTC 2026","testcases.backoffice.googleauth.ResendOtpGoogleTest","Surefire test","testcases.backoffice.googleauth.ResendOtpGoogleTest","resendOtpGoogleWithInvalidToken"
"Get Notification Sender Dengan Karakter SQL Injection pada Field param","4741","getNotificationSenderWithSqlInjectionParam","Surefire suite","Thu Oct 08 10:43:57 UTC 2026","passed","Thu Oct 08 10:44:02 UTC 2026","testcases.backoffice.notifsender.NotificationSenderTest","Surefire test","testcases.backoffice.notifsender.NotificationSenderTest","getNotificationSenderWithSqlInjectionParam"
"Delete Group Backoffice Dengan Content-Type text/plain","1415","deleteGroupWithWrongContentType","Surefire suite","Thu Oct 08 10:19:42 UTC 2026","passed","Thu Oct 08 10:19:43 UTC 2026","testcases.backoffice.group.DeleteGroupTest","Surefire test","testcases.backoffice.group.DeleteGroupTest","deleteGroupWithWrongContentType"
"Get List Favorite Account Dengan Body Kosong ({})","1626","getListFavoriteAccountWithEmptyBody","Surefire suite","Thu Oct 08 12:10:14 UTC 2026","passed","Thu Oct 08 12:10:16 UTC 2026","testcases.settings.favoriteaccount.GetListFavoriteAccountTest","Surefire test","testcases.settings.favoriteaccount.GetListFavoriteAccountTest","getListFavoriteAccountWithEmptyBody"
"Delete Manage Settlement BO Tanpa Login/Header Auth","1391","deleteManageSettlementWithoutAuth","Surefire suite","Thu Oct 08 10:07:10 UTC 2026","passed","Thu Oct 08 10:07:12 UTC 2026","testcases.backoffice.settlement.DeleteManageSettlementTest","Surefire test","testcases.backoffice.settlement.DeleteManageSettlementTest","deleteManageSettlementWithoutAuth"
"Create Manage Settlement BO Dengan Token Backoffice Valid Tapi Tanpa Header pbyv","4417","addManageSettlementWithoutPbyvHeader","Surefire suite","Thu Oct 08 10:00:41 UTC 2026","passed","Thu Oct 08 10:00:45 UTC 2026","testcases.backoffice.settlement.AddManageSettlementTest","Surefire test","testcases.backoffice.settlement.AddManageSettlementTest","addManageSettlementWithoutPbyvHeader"
"Check Status QR Dengan Path Traversal pada id","1914","checkStatusQRWithPathTraversalId","Surefire suite","Thu Oct 08 10:32:46 UTC 2026","passed","Thu Oct 08 10:32:48 UTC 2026","testcases.QR.CheckStatusQRTest","Surefire test","testcases.QR.CheckStatusQRTest","checkStatusQRWithPathTraversalId"
"Get List Group Backoffice Dengan Body Berupa JSON Array ([])","4400","getListGroupWithArrayBody","Surefire suite","Thu Oct 08 10:13:35 UTC 2026","passed","Thu Oct 08 10:13:40 UTC 2026","testcases.backoffice.group.GetListGroupTest","Surefire test","testcases.backoffice.group.GetListGroupTest","getListGroupWithArrayBody"
"Add User Backoffice Dengan JSON Tidak Valid (Malformed)","1492","addMerchantBackofficeWithMalformedJson","Surefire suite","Thu Oct 08 09:55:01 UTC 2026","passed","Thu Oct 08 09:55:03 UTC 2026","testcases.backoffice.users.AddUserTest","Surefire test","testcases.backoffice.users.AddUserTest","addMerchantBackofficeWithMalformedJson"
"Get List Group Company BO Dengan Token Kadaluarsa","1431","getListGroupCompanyWithExpiredToken","Surefire suite","Thu Oct 08 10:01:48 UTC 2026","passed","Thu Oct 08 10:01:49 UTC 2026","testcases.backoffice.settlement.GetListGroupCompanyTest","Surefire test","testcases.backoffice.settlement.GetListGroupCompanyTest","getListGroupCompanyWithExpiredToken"
"Delete Favorite Account Dengan id Bertipe Angka (Bukan String)","41295","deleteFavoriteAccountWithIdAsNumber","Surefire suite","Thu Oct 08 09:55:40 UTC 2026","failed","Thu Oct 08 09:56:21 UTC 2026","testcases.settings.favoriteaccount.DeleteFavoriteAccountTest","Surefire test","testcases.settings.favoriteaccount.DeleteFavoriteAccountTest","deleteFavoriteAccountWithIdAsNumber"
"Add User Backoffice Menggunakan Role CS (Bukan Backoffice)","7653","addMerchantBackofficeWithWrongRoleCS","Surefire suite","Thu Oct 08 10:54:16 UTC 2026","passed","Thu Oct 08 10:54:24 UTC 2026","testcases.backoffice.users.AddUserTest","Surefire test","testcases.backoffice.users.AddUserTest","addMerchantBackofficeWithWrongRoleCS"
"Delete Favorite Account Dengan Header companyId Salah","41280","deleteFavoriteAccountWithWrongCompanyIdHeader","Surefire suite","Thu Oct 08 10:00:33 UTC 2026","failed","Thu Oct 08 10:01:14 UTC 2026","testcases.settings.favoriteaccount.DeleteFavoriteAccountTest","Surefire test","testcases.settings.favoriteaccount.DeleteFavoriteAccountTest","deleteFavoriteAccountWithWrongCompanyIdHeader"
"Add Whitelist Ip User CS Admin","5186","addWhitelistIpUserCsAdmin","Surefire suite","Thu Oct 08 09:54:57 UTC 2026","passed","Thu Oct 08 09:55:02 UTC 2026","testcases.backoffice.users.EditUserTest","Surefire test","testcases.backoffice.users.EditUserTest","addWhitelistIpUserCsAdmin"
"Create Manage Settlement BO Dengan Token Kadaluarsa","1429","addManageSettlementWithExpiredToken","Surefire suite","Thu Oct 08 09:57:44 UTC 2026","passed","Thu Oct 08 09:57:45 UTC 2026","testcases.backoffice.settlement.AddManageSettlementTest","Surefire test","testcases.backoffice.settlement.AddManageSettlementTest","addManageSettlementWithExpiredToken"
"Get Notification Sender Dengan Tipe Data Salah pada Field limit (String, Bukan Integer)","4498","getNotificationSenderWithInvalidFieldType","Surefire suite","Thu Oct 08 10:42:17 UTC 2026","passed","Thu Oct 08 10:42:21 UTC 2026","testcases.backoffice.notifsender.NotificationSenderTest","Surefire test","testcases.backoffice.notifsender.NotificationSenderTest","getNotificationSenderWithInvalidFieldType"
"Reset Password CS Admin","4839","resetPasswordCSAdmin","Surefire suite","Thu Oct 08 09:54:24 UTC 2026","passed","Thu Oct 08 09:54:29 UTC 2026","testcases.settings.ResetPasswordTest","Surefire test","testcases.settings.ResetPasswordTest","resetPasswordCSAdmin"
"Get History QR Open Merchant on login CS Admin","8618","historyQROpenMerchantCSAdmin","Surefire suite","Thu Oct 08 10:48:14 UTC 2026","skipped","Thu Oct 08 10:48:22 UTC 2026","testcases.history.HistoryQRTest","Surefire test","testcases.history.HistoryQRTest","historyQROpenMerchantCSAdmin"
"Add Currency CS Admin Path Dengan Key rate Terduplikasi","1621","addCurrencyWithDuplicateRateKeys","Surefire suite","Thu Oct 08 11:26:05 UTC 2026","passed","Thu Oct 08 11:26:06 UTC 2026","testcases.backoffice.currency.AddCurrencyTest","Surefire test","testcases.backoffice.currency.AddCurrencyTest","addCurrencyWithDuplicateRateKeys"
"Delete Google Authenticator Ke Path yang Tidak Ada (Typo)","4715","deleteOtpGoogleWithWrongPath","Surefire suite","Thu Oct 08 10:29:25 UTC 2026","passed","Thu Oct 08 10:29:30 UTC 2026","testcases.backoffice.googleauth.DeleteOtpGoogleTest","Surefire test","testcases.backoffice.googleauth.DeleteOtpGoogleTest","deleteOtpGoogleWithWrongPath"
"Delete Group Backoffice Dengan id yang Tidak Pernah Ada","1597","deleteGroupWithNonExistentId","Surefire suite","Thu Oct 08 10:19:03 UTC 2026","passed","Thu Oct 08 10:19:04 UTC 2026","testcases.backoffice.group.DeleteGroupTest","Surefire test","testcases.backoffice.group.DeleteGroupTest","deleteGroupWithNonExistentId"
"Mutasi Special Transfer CS","21249","mutasiSpecialTransferCS","Surefire suite","Thu Oct 08 12:00:23 UTC 2026","failed","Thu Oct 08 12:00:44 UTC 2026","testcases.mutasi.MutasiTransferTest","Surefire test","testcases.mutasi.MutasiTransferTest","mutasiSpecialTransferCS"
"Get Group Detail Backoffice Tanpa Login/Header Auth","1414","getGroupDetailWithoutAuth","Surefire suite","Thu Oct 08 10:22:59 UTC 2026","passed","Thu Oct 08 10:23:01 UTC 2026","testcases.backoffice.group.GetGroupTest","Surefire test","testcases.backoffice.group.GetGroupTest","getGroupDetailWithoutAuth"
"Create Manage Settlement BO Dengan Body Berupa JSON Array ([])","4432","addManageSettlementWithArrayBody","Surefire suite","Thu Oct 08 09:56:38 UTC 2026","passed","Thu Oct 08 09:56:43 UTC 2026","testcases.backoffice.settlement.AddManageSettlementTest","Surefire test","testcases.backoffice.settlement.AddManageSettlementTest","addManageSettlementWithArrayBody"
"Inquiry Test Special Transfer Merchant Supervisor","14332","inquirySpecialTransferSupervisor","Surefire suite","Thu Oct 08 09:57:07 UTC 2026","failed","Thu Oct 08 09:57:21 UTC 2026","testcases.transfer.InquirySpecialTransferTest","Surefire test","testcases.transfer.InquirySpecialTransferTest","inquirySpecialTransferSupervisor"
"Test Approved USDT Tanpa URL","13942","approvedUSDTwithoutURL","Surefire suite","Thu Oct 08 11:18:10 UTC 2026","failed","Thu Oct 08 11:18:24 UTC 2026","testcases.backoffice.ApprovalTransferTest","Surefire test","testcases.backoffice.ApprovalTransferTest","approvedUSDTwithoutURL"
"List Manage Settlement Backoffice Dengan Field Tidak Dikenal pada Body","4461","listManageSettlementWithUnknownField","Surefire suite","Thu Oct 08 10:39:36 UTC 2026","passed","Thu Oct 08 10:39:40 UTC 2026","testcases.backoffice.settlement.ManageSettlementTest","Surefire test","testcases.backoffice.settlement.ManageSettlementTest","listManageSettlementWithUnknownField"
"Delete Google Authenticator Menggunakan Login Admin Crypto","4458","deleteOtpGoogleWithAdminCryptoLogin","Surefire suite","Thu Oct 08 10:26:57 UTC 2026","passed","Thu Oct 08 10:27:01 UTC 2026","testcases.backoffice.googleauth.DeleteOtpGoogleTest","Surefire test","testcases.backoffice.googleauth.DeleteOtpGoogleTest","deleteOtpGoogleWithAdminCryptoLogin"
"Get List Favorite Account Supervisor","4781","getListFavoriteAccountSupervisor","Surefire suite","Thu Oct 08 12:09:54 UTC 2026","failed","Thu Oct 08 12:09:59 UTC 2026","testcases.settings.favoriteaccount.GetListFavoriteAccountTest","Surefire test","testcases.settings.favoriteaccount.GetListFavoriteAccountTest","getListFavoriteAccountSupervisor"
"Refund Summary Backoffice","4683","getRefundSummaryBO","Surefire suite","Thu Oct 08 10:40:11 UTC 2026","passed","Thu Oct 08 10:40:16 UTC 2026","testcases.backoffice.refund.GetRefundTest","Surefire test","testcases.backoffice.refund.GetRefundTest","getRefundSummaryBO"
"List Manage Settlement Backoffice Dengan Body Kosong ({})","4701","listManageSettlementWithEmptyBody","Surefire suite","Thu Oct 08 10:37:29 UTC 2026","passed","Thu Oct 08 10:37:34 UTC 2026","testcases.backoffice.settlement.ManageSettlementTest","Surefire test","testcases.backoffice.settlement.ManageSettlementTest","listManageSettlementWithEmptyBody"
"List Manage Settlement Backoffice Dengan Token Backoffice Valid Tapi Tanpa Header pbyv","4509","listManageSettlementWithoutPbyvHeader","Surefire suite","Thu Oct 08 10:40:18 UTC 2026","passed","Thu Oct 08 10:40:22 UTC 2026","testcases.backoffice.settlement.ManageSettlementTest","Surefire test","testcases.backoffice.settlement.ManageSettlementTest","listManageSettlementWithoutPbyvHeader"
"List Currency USDT Dengan Body JSON Tidak Valid (Malformed)","1532","getCurrencyWithMalformedJson","Surefire suite","Thu Oct 08 10:09:00 UTC 2026","passed","Thu Oct 08 10:09:02 UTC 2026","testcases.backoffice.currency.GetCurrencyTest","Surefire test","testcases.backoffice.currency.GetCurrencyTest","getCurrencyWithMalformedJson"
"Resend Google Authenticator","5751","resendOtpGoogleBO","Surefire suite","Thu Oct 08 10:31:31 UTC 2026","passed","Thu Oct 08 10:31:37 UTC 2026","testcases.backoffice.googleauth.ResendOtpGoogleTest","Surefire test","testcases.backoffice.googleauth.ResendOtpGoogleTest","resendOtpGoogleBO"
"Delete Manage Settlement BO Menggunakan Login Marketing","4454","deleteManageSettlementWithMarketingLogin","Surefire suite","Thu Oct 08 10:05:40 UTC 2026","passed","Thu Oct 08 10:05:44 UTC 2026","testcases.backoffice.settlement.DeleteManageSettlementTest","Surefire test","testcases.backoffice.settlement.DeleteManageSettlementTest","deleteManageSettlementWithMarketingLogin"
"Get Notification Sender Dengan Content-Type text/plain","4420","getNotificationSenderWithWrongContentType","Surefire suite","Thu Oct 08 10:44:28 UTC 2026","passed","Thu Oct 08 10:44:33 UTC 2026","testcases.backoffice.notifsender.NotificationSenderTest","Surefire test","testcases.backoffice.notifsender.NotificationSenderTest","getNotificationSenderWithWrongContentType"
"Test Rejected Special Transfer","12304","rejectedSpecialTransfer","Surefire suite","Thu Oct 08 11:19:09 UTC 2026","passed","Thu Oct 08 11:19:21 UTC 2026","testcases.backoffice.ApprovalTransferTest","Surefire test","testcases.backoffice.ApprovalTransferTest","rejectedSpecialTransfer"
"Get List Google Authenticator Dengan Karakter SQL Injection pada Field param","4471","listOtpGoogleWithSqlInjectionParam","Surefire suite","Thu Oct 08 10:34:31 UTC 2026","passed","Thu Oct 08 10:34:35 UTC 2026","testcases.backoffice.googleauth.ListOtpGoogleTest","Surefire test","testcases.backoffice.googleauth.ListOtpGoogleTest","listOtpGoogleWithSqlInjectionParam"
"Delete Google Authenticator Menggunakan Login Customer Service","4526","deleteOtpGoogleWithCSLogin","Surefire suite","Thu Oct 08 10:27:19 UTC 2026","passed","Thu Oct 08 10:27:24 UTC 2026","testcases.backoffice.googleauth.DeleteOtpGoogleTest","Surefire test","testcases.backoffice.googleauth.DeleteOtpGoogleTest","deleteOtpGoogleWithCSLogin"
"Add Currency CS Admin Path Dengan rate Berupa JSON Array","1553","addCurrencyWithArrayRate","Surefire suite","Thu Oct 08 11:25:31 UTC 2026","passed","Thu Oct 08 11:25:33 UTC 2026","testcases.backoffice.currency.AddCurrencyTest","Surefire test","testcases.backoffice.currency.AddCurrencyTest","addCurrencyWithArrayRate"
"Add User Backoffice Dengan Token Kadaluarsa","1507","addMerchantBackofficeWithExpiredToken","Surefire suite","Thu Oct 08 09:54:38 UTC 2026","passed","Thu Oct 08 09:54:40 UTC 2026","testcases.backoffice.users.AddUserTest","Surefire test","testcases.backoffice.users.AddUserTest","addMerchantBackofficeWithExpiredToken"
"Test Get Report Transaction Merchant","4551","getReportTransactionMerchant","Surefire suite","Thu Oct 08 10:37:44 UTC 2026","passed","Thu Oct 08 10:37:49 UTC 2026","testcases.report.ReportTransactionTest","Surefire test","testcases.report.ReportTransactionTest","getReportTransactionMerchant"
"List Waiting Company Backoffice Dengan Field Sort Merujuk ke Kolom yang Tidak Ada","4448","listWaitingCompanyWithInvalidSortField","Surefire suite","Thu Oct 08 10:38:50 UTC 2026","passed","Thu Oct 08 10:38:55 UTC 2026","testcases.backoffice.ListWaitingCompanyTest","Surefire test","testcases.backoffice.ListWaitingCompanyTest","listWaitingCompanyWithInvalidSortField"
"Delete Google Authenticator Menggunakan HTTP Method PUT","4459","deleteOtpGoogleWithPutMethod","Surefire suite","Thu Oct 08 10:28:55 UTC 2026","passed","Thu Oct 08 10:28:59 UTC 2026","testcases.backoffice.googleauth.DeleteOtpGoogleTest","Surefire test","testcases.backoffice.googleauth.DeleteOtpGoogleTest","deleteOtpGoogleWithPutMethod"
"Mutasi USDT Transfer CS","14328","mutasiUSDTTransferCS","Surefire suite","Thu Oct 08 12:05:09 UTC 2026","failed","Thu Oct 08 12:05:23 UTC 2026","testcases.mutasi.MutasiTransferTest","Surefire test","testcases.mutasi.MutasiTransferTest","mutasiUSDTTransferCS"
"","4960","listUSDT","Surefire suite","Thu Oct 08 09:54:18 UTC 2026","passed","Thu Oct 08 09:54:23 UTC 2026","testcases.backoffice.ListTransferTest","Surefire test","testcases.backoffice.ListTransferTest","listUSDT"
"Resend Google Authenticator Dengan email Kosong","4439","resendOtpGoogleWithEmptyEmail","Surefire suite","Thu Oct 08 10:32:33 UTC 2026","passed","Thu Oct 08 10:32:38 UTC 2026","testcases.backoffice.googleauth.ResendOtpGoogleTest","Surefire test","testcases.backoffice.googleauth.ResendOtpGoogleTest","resendOtpGoogleWithEmptyEmail"
"Check Status QR Ke Path yang Tidak Ada (Typo)","3513","checkStatusQRWithWrongPath","Surefire suite","Thu Oct 08 10:33:26 UTC 2026","passed","Thu Oct 08 10:33:29 UTC 2026","testcases.QR.CheckStatusQRTest","Surefire test","testcases.QR.CheckStatusQRTest","checkStatusQRWithWrongPath"
"Delete Favorite Account Dengan Content-Type text/plain","1422","deleteFavoriteAccountWithWrongContentType","Surefire suite","Thu Oct 08 10:01:17 UTC 2026","passed","Thu Oct 08 10:01:19 UTC 2026","testcases.settings.favoriteaccount.DeleteFavoriteAccountTest","Surefire test","testcases.settings.favoriteaccount.DeleteFavoriteAccountTest","deleteFavoriteAccountWithWrongContentType"
"Transfer Different Partner Reference, Manual Transfer to USDT Transfer","48157","trfPartnerRefManualFailed","Surefire suite","Thu Oct 08 10:07:42 UTC 2026","passed","Thu Oct 08 10:08:31 UTC 2026","testcases.transfer.TransferUSDTTest","Surefire test","testcases.transfer.TransferUSDTTest","trfPartnerRefManualFailed"
"Get List Group Backoffice Menggunakan Login Supervisor","4513","getListGroupWithSupervisorLogin","Surefire suite","Thu Oct 08 10:15:34 UTC 2026","passed","Thu Oct 08 10:15:38 UTC 2026","testcases.backoffice.group.GetListGroupTest","Surefire test","testcases.backoffice.group.GetListGroupTest","getListGroupWithSupervisorLogin"
"Add Group Backoffice Menggunakan HTTP Method PATCH","1438","addGroupWithPatchMethod","Surefire suite","Thu Oct 08 10:25:39 UTC 2026","passed","Thu Oct 08 10:25:40 UTC 2026","testcases.backoffice.group.AddGroupTest","Surefire test","testcases.backoffice.group.AddGroupTest","addGroupWithPatchMethod"
"Delete Group Backoffice Dengan Token Tidak Valid","1544","deleteGroupWithInvalidToken","Surefire suite","Thu Oct 08 10:18:16 UTC 2026","passed","Thu Oct 08 10:18:18 UTC 2026","testcases.backoffice.group.DeleteGroupTest","Surefire test","testcases.backoffice.group.DeleteGroupTest","deleteGroupWithInvalidToken"
"Login Merchant dengan Password Kosong","3098","testLoginEmptyPassword","Surefire suite","Thu Oct 08 10:17:09 UTC 2026","passed","Thu Oct 08 10:17:12 UTC 2026","testcases.auth.LoginTest","Surefire test","testcases.auth.LoginTest","testLoginEmptyPassword"
"Get History QR Admin Success Paid","11236","historyQRTestPaidAdmin","Surefire suite","Thu Oct 08 10:49:07 UTC 2026","broken","Thu Oct 08 10:49:18 UTC 2026","testcases.history.HistoryQRTest","Surefire test","testcases.history.HistoryQRTest","historyQRTestPaidAdmin"
"Get History Flop Transfer Merchant on Login CS Admin","17148","historyFlopTransferMerchantTestCSAdmin","Surefire suite","Thu Oct 08 11:39:32 UTC 2026","passed","Thu Oct 08 11:39:49 UTC 2026","testcases.history.HistoryTransferTest","Surefire test","testcases.history.HistoryTransferTest","historyFlopTransferMerchantTestCSAdmin"
"Test Approved USDT Supervisor Tanpa URL","14068","approvedUSDTSupervisorWithoutURL","Surefire suite","Thu Oct 08 11:17:53 UTC 2026","failed","Thu Oct 08 11:18:07 UTC 2026","testcases.backoffice.ApprovalTransferTest","Surefire test","testcases.backoffice.ApprovalTransferTest","approvedUSDTSupervisorWithoutURL"
"Add User Backoffice Dengan Token Tidak Valid","1456","addMerchantBackofficeWithInvalidToken","Surefire suite","Thu Oct 08 09:54:52 UTC 2026","passed","Thu Oct 08 09:54:53 UTC 2026","testcases.backoffice.users.AddUserTest","Surefire test","testcases.backoffice.users.AddUserTest","addMerchantBackofficeWithInvalidToken"
"Add Currency CS Admin Path Dengan rate Berupa JSON Object","1515","addCurrencyWithObjectRate","Surefire suite","Thu Oct 08 11:27:19 UTC 2026","passed","Thu Oct 08 11:27:20 UTC 2026","testcases.backoffice.currency.AddCurrencyTest","Surefire test","testcases.backoffice.currency.AddCurrencyTest","addCurrencyWithObjectRate"
"Delete Group Backoffice Menggunakan Login Supervisor","4490","deleteGroupWithSupervisorLogin","Surefire suite","Thu Oct 08 10:19:25 UTC 2026","passed","Thu Oct 08 10:19:30 UTC 2026","testcases.backoffice.group.DeleteGroupTest","Surefire test","testcases.backoffice.group.DeleteGroupTest","deleteGroupWithSupervisorLogin"
"Delete Manage Settlement BO Dengan id Berisi Payload XSS","4452","deleteManageSettlementWithXssId","Surefire suite","Thu Oct 08 10:07:03 UTC 2026","passed","Thu Oct 08 10:07:07 UTC 2026","testcases.backoffice.settlement.DeleteManageSettlementTest","Surefire test","testcases.backoffice.settlement.DeleteManageSettlementTest","deleteManageSettlementWithXssId"
"List Waiting Company Backoffice Dengan Content-Type text/plain","4374","listWaitingCompanyWithWrongContentType","Surefire suite","Thu Oct 08 10:39:51 UTC 2026","passed","Thu Oct 08 10:39:56 UTC 2026","testcases.backoffice.ListWaitingCompanyTest","Surefire test","testcases.backoffice.ListWaitingCompanyTest","listWaitingCompanyWithWrongContentType"
"Get Notification Sender Menggunakan HTTP Method PUT","4430","getNotificationSenderWithPutMethod","Surefire suite","Thu Oct 08 10:43:50 UTC 2026","passed","Thu Oct 08 10:43:54 UTC 2026","testcases.backoffice.notifsender.NotificationSenderTest","Surefire test","testcases.backoffice.notifsender.NotificationSenderTest","getNotificationSenderWithPutMethod"
"List Currency USDT Menggunakan Login Merchant","4468","getCurrencyWithMerchantLogin","Surefire suite","Thu Oct 08 10:09:17 UTC 2026","passed","Thu Oct 08 10:09:21 UTC 2026","testcases.backoffice.currency.GetCurrencyTest","Surefire test","testcases.backoffice.currency.GetCurrencyTest","getCurrencyWithMerchantLogin"
"Refund Summary Dengan type null","1506","getRefundWithNullType","Surefire suite","Thu Oct 08 10:42:19 UTC 2026","passed","Thu Oct 08 10:42:21 UTC 2026","testcases.backoffice.refund.GetRefundTest","Surefire test","testcases.backoffice.refund.GetRefundTest","getRefundWithNullType"
"Delete Group Backoffice yang Sama Dipanggil Dua Kali (Sudah Terhapus)","19565","deleteGroupAlreadyDeleted","Surefire suite","Thu Oct 08 10:16:26 UTC 2026","passed","Thu Oct 08 10:16:46 UTC 2026","testcases.backoffice.group.DeleteGroupTest","Surefire test","testcases.backoffice.group.DeleteGroupTest","deleteGroupAlreadyDeleted"
"Get Notification Sender","6868","getNotificationSender","Surefire suite","Thu Oct 08 10:40:25 UTC 2026","passed","Thu Oct 08 10:40:32 UTC 2026","testcases.backoffice.notifsender.NotificationSenderTest","Surefire test","testcases.backoffice.notifsender.NotificationSenderTest","getNotificationSender"
"Get List Group Company BO Dengan Token Tidak Valid","1430","getListGroupCompanyWithInvalidToken","Surefire suite","Thu Oct 08 10:01:52 UTC 2026","passed","Thu Oct 08 10:01:54 UTC 2026","testcases.backoffice.settlement.GetListGroupCompanyTest","Surefire test","testcases.backoffice.settlement.GetListGroupCompanyTest","getListGroupCompanyWithInvalidToken"
"Mutasi Transfer Balance","11113","mutasiTransferBalance","Surefire suite","Thu Oct 08 12:01:58 UTC 2026","passed","Thu Oct 08 12:02:09 UTC 2026","testcases.mutasi.MutasiTransferTest","Surefire test","testcases.mutasi.MutasiTransferTest","mutasiTransferBalance"
"Delete Manage Settlement BO Tanpa Header id","8845","deleteManageSettlementWithoutIdHeader","Surefire suite","Thu Oct 08 10:07:15 UTC 2026","passed","Thu Oct 08 10:07:23 UTC 2026","testcases.backoffice.settlement.DeleteManageSettlementTest","Surefire test","testcases.backoffice.settlement.DeleteManageSettlementTest","deleteManageSettlementWithoutIdHeader"
"Add Group Backoffice Menggunakan Login Admin Crypto","4427","addGroupWithAdminCryptoLogin","Surefire suite","Thu Oct 08 10:23:11 UTC 2026","passed","Thu Oct 08 10:23:16 UTC 2026","testcases.backoffice.group.AddGroupTest","Surefire test","testcases.backoffice.group.AddGroupTest","addGroupWithAdminCryptoLogin"
"Add Currency CS Admin Path Dengan Body Berupa Literal null","1450","addCurrencyWithNullLiteralBody","Surefire suite","Thu Oct 08 11:27:10 UTC 2026","passed","Thu Oct 08 11:27:11 UTC 2026","testcases.backoffice.currency.AddCurrencyTest","Surefire test","testcases.backoffice.currency.AddCurrencyTest","addCurrencyWithNullLiteralBody"
"Add Group Backoffice Menggunakan HTTP Method DELETE","1422","addGroupWithDeleteMethod","Surefire suite","Thu Oct 08 10:23:49 UTC 2026","passed","Thu Oct 08 10:23:51 UTC 2026","testcases.backoffice.group.AddGroupTest","Surefire test","testcases.backoffice.group.AddGroupTest","addGroupWithDeleteMethod"
"Test Get Report Transfer Company","9081","getReportTransferAdminCrypto","Surefire suite","Thu Oct 08 09:53:50 UTC 2026","passed","Thu Oct 08 09:53:59 UTC 2026","testcases.report.ReportTransferTest","Surefire test","testcases.report.ReportTransferTest","getReportTransferAdminCrypto"
"Add User Backoffice Dengan Body Kosong","1473","addMerchantBackofficeWithEmptyBody","Surefire suite","Thu Oct 08 09:54:29 UTC 2026","passed","Thu Oct 08 09:54:31 UTC 2026","testcases.backoffice.users.AddUserTest","Surefire test","testcases.backoffice.users.AddUserTest","addMerchantBackofficeWithEmptyBody"
"Delete Group Backoffice Menggunakan HTTP Method GET","1490","deleteGroupWithGetMethod","Surefire suite","Thu Oct 08 10:18:03 UTC 2026","passed","Thu Oct 08 10:18:04 UTC 2026","testcases.backoffice.group.DeleteGroupTest","Surefire test","testcases.backoffice.group.DeleteGroupTest","deleteGroupWithGetMethod"
"Get Group Detail Backoffice Menggunakan Login CS Admin","4519","getGroupDetailWithCSAdminLogin","Surefire suite","Thu Oct 08 10:20:38 UTC 2026","passed","Thu Oct 08 10:20:42 UTC 2026","testcases.backoffice.group.GetGroupTest","Surefire test","testcases.backoffice.group.GetGroupTest","getGroupDetailWithCSAdminLogin"
"Delete Google Authenticator","4532","deleteOtpGoogleBO","Surefire suite","Thu Oct 08 10:26:49 UTC 2026","passed","Thu Oct 08 10:26:54 UTC 2026","testcases.backoffice.googleauth.DeleteOtpGoogleTest","Surefire test","testcases.backoffice.googleauth.DeleteOtpGoogleTest","deleteOtpGoogleBO"
"Add Group Backoffice Tanpa Body Sama Sekali","1416","addGroupWithoutBody","Surefire suite","Thu Oct 08 10:26:36 UTC 2026","passed","Thu Oct 08 10:26:37 UTC 2026","testcases.backoffice.group.AddGroupTest","Surefire test","testcases.backoffice.group.AddGroupTest","addGroupWithoutBody"
"Normal Flop Supervisor Transfer Success","14062","flopTransferSupervisor","Surefire suite","Thu Oct 08 09:57:42 UTC 2026","failed","Thu Oct 08 09:57:56 UTC 2026","testcases.transfer.TransferFlopTest","Surefire test","testcases.transfer.TransferFlopTest","flopTransferSupervisor"
"Resend Google Authenticator Dengan email Berupa Angka (Bukan String)","4443","resendOtpGoogleWithNumericEmail","Surefire suite","Thu Oct 08 10:33:54 UTC 2026","passed","Thu Oct 08 10:33:59 UTC 2026","testcases.backoffice.googleauth.ResendOtpGoogleTest","Surefire test","testcases.backoffice.googleauth.ResendOtpGoogleTest","resendOtpGoogleWithNumericEmail"
"Test Approved Manual Transfer","18211","rejectedCashDeposit","Surefire suite","Thu Oct 08 11:18:27 UTC 2026","passed","Thu Oct 08 11:18:45 UTC 2026","testcases.backoffice.ApprovalTransferTest","Surefire test","testcases.backoffice.ApprovalTransferTest","rejectedCashDeposit"
"Get List Group Backoffice Menggunakan Login CS Admin","4454","getListGroupWithCSAdminLogin","Surefire suite","Thu Oct 08 10:13:43 UTC 2026","passed","Thu Oct 08 10:13:47 UTC 2026","testcases.backoffice.group.GetListGroupTest","Surefire test","testcases.backoffice.group.GetListGroupTest","getListGroupWithCSAdminLogin"
"Created Favorite Account Dengan Body Berupa JSON Array ([])","4425","createdFavoriteAccountWithArrayBody","Surefire suite","Thu Oct 08 10:38:00 UTC 2026","passed","Thu Oct 08 10:38:04 UTC 2026","testcases.settings.favoriteaccount.CreatedFavoriteAccountTest","Surefire test","testcases.settings.favoriteaccount.CreatedFavoriteAccountTest","createdFavoriteAccountWithArrayBody"
"Delete Google Authenticator Menggunakan Login Admin","4452","deleteOtpGoogleWithAdminLogin","Surefire suite","Thu Oct 08 10:27:04 UTC 2026","passed","Thu Oct 08 10:27:09 UTC 2026","testcases.backoffice.googleauth.DeleteOtpGoogleTest","Surefire test","testcases.backoffice.googleauth.DeleteOtpGoogleTest","deleteOtpGoogleWithAdminLogin"
"Add Currency CS Admin Path Menggunakan Login Merchant","4565","addCurrencyWithMerchantLogin","Surefire suite","Thu Oct 08 11:26:53 UTC 2026","passed","Thu Oct 08 11:26:58 UTC 2026","testcases.backoffice.currency.AddCurrencyTest","Surefire test","testcases.backoffice.currency.AddCurrencyTest","addCurrencyWithMerchantLogin"
"Get Notification Sender Dengan pinValidasi Kosong","4688","getNotificationSenderWithEmptyPinValidasi","Surefire suite","Thu Oct 08 10:41:28 UTC 2026","passed","Thu Oct 08 10:41:32 UTC 2026","testcases.backoffice.notifsender.NotificationSenderTest","Surefire test","testcases.backoffice.notifsender.NotificationSenderTest","getNotificationSenderWithEmptyPinValidasi"
"List Company Backoffice Tanpa Body Sama Sekali","4612","listCompanyWithoutBody","Surefire suite","Thu Oct 08 10:37:42 UTC 2026","passed","Thu Oct 08 10:37:47 UTC 2026","testcases.backoffice.ListCompanyTest","Surefire test","testcases.backoffice.ListCompanyTest","listCompanyWithoutBody"
"Delete Google Authenticator Dengan Token Tidak Valid","1431","deleteOtpGoogleWithInvalidToken","Surefire suite","Thu Oct 08 10:27:53 UTC 2026","passed","Thu Oct 08 10:27:55 UTC 2026","testcases.backoffice.googleauth.DeleteOtpGoogleTest","Surefire test","testcases.backoffice.googleauth.DeleteOtpGoogleTest","deleteOtpGoogleWithInvalidToken"
"Reset Pin Supervisor","5484","resetPinSupervisor","Surefire suite","Thu Oct 08 09:58:07 UTC 2026","passed","Thu Oct 08 09:58:13 UTC 2026","testcases.settings.ResetPinTest","Surefire test","testcases.settings.ResetPinTest","resetPinSupervisor"
"List Currency USDT Menggunakan Login Customer Service","4475","getCurrencyWithCSLogin","Surefire suite","Thu Oct 08 10:08:12 UTC 2026","passed","Thu Oct 08 10:08:16 UTC 2026","testcases.backoffice.currency.GetCurrencyTest","Surefire test","testcases.backoffice.currency.GetCurrencyTest","getCurrencyWithCSLogin"
"Create Manage Settlement BO Dengan Header Authorization Tanpa Skema Bearer","1445","addManageSettlementWithMalformedAuthorizationHeader","Surefire suite","Thu Oct 08 09:58:08 UTC 2026","passed","Thu Oct 08 09:58:10 UTC 2026","testcases.backoffice.settlement.AddManageSettlementTest","Surefire test","testcases.backoffice.settlement.AddManageSettlementTest","addManageSettlementWithMalformedAuthorizationHeader"
"Get List Google Authenticator Dengan Token Tidak Valid","1439","listOtpGoogleWithInvalidToken","Surefire suite","Thu Oct 08 10:33:22 UTC 2026","passed","Thu Oct 08 10:33:23 UTC 2026","testcases.backoffice.googleauth.ListOtpGoogleTest","Surefire test","testcases.backoffice.googleauth.ListOtpGoogleTest","listOtpGoogleWithInvalidToken"
"Get Balance Merchant with Login Marketing","4628","getFailedBalanceMerchantLoginMarketing","Surefire suite","Thu Oct 08 09:54:05 UTC 2026","passed","Thu Oct 08 09:54:10 UTC 2026","testcases.balance.GetBalanceQrisTest","Surefire test","testcases.balance.GetBalanceQrisTest","getFailedBalanceMerchantLoginMarketing"
"List Refund Menggunakan Login Customer Service","4494","listRefundWithCSLogin","Surefire suite","Thu Oct 08 11:33:21 UTC 2026","passed","Thu Oct 08 11:33:25 UTC 2026","testcases.backoffice.ListRefundTest","Surefire test","testcases.backoffice.ListRefundTest","listRefundWithCSLogin"
"List Manage Settlement Backoffice Menggunakan Login Supervisor","4499","listManageSettlementWithSupervisorLogin","Surefire suite","Thu Oct 08 10:39:28 UTC 2026","passed","Thu Oct 08 10:39:33 UTC 2026","testcases.backoffice.settlement.ManageSettlementTest","Surefire test","testcases.backoffice.settlement.ManageSettlementTest","listManageSettlementWithSupervisorLogin"
"Created Favorite Account Dengan Body Kosong ({})","1590","createdFavoriteAccountWithEmptyBody","Surefire suite","Thu Oct 08 10:38:12 UTC 2026","passed","Thu Oct 08 10:38:13 UTC 2026","testcases.settings.favoriteaccount.CreatedFavoriteAccountTest","Surefire test","testcases.settings.favoriteaccount.CreatedFavoriteAccountTest","createdFavoriteAccountWithEmptyBody"
"Add Group Backoffice Dengan feeBankPercent Melebihi 100","1503","addGroupWithFeeOver100","Surefire suite","Thu Oct 08 10:24:29 UTC 2026","passed","Thu Oct 08 10:24:31 UTC 2026","testcases.backoffice.group.AddGroupTest","Surefire test","testcases.backoffice.group.AddGroupTest","addGroupWithFeeOver100"
"Create Manage Settlement BO Dengan groupName Sangat Panjang (10.000 karakter)","4563","addManageSettlementWithOverlongGroupName","Surefire suite","Thu Oct 08 09:59:06 UTC 2026","passed","Thu Oct 08 09:59:10 UTC 2026","testcases.backoffice.settlement.AddManageSettlementTest","Surefire test","testcases.backoffice.settlement.AddManageSettlementTest","addManageSettlementWithOverlongGroupName"
"Get List Favorite Account Dengan Field Tidak Dikenal pada Body","1606","getListFavoriteAccountWithUnknownField","Surefire suite","Thu Oct 08 12:11:18 UTC 2026","passed","Thu Oct 08 12:11:19 UTC 2026","testcases.settings.favoriteaccount.GetListFavoriteAccountTest","Surefire test","testcases.settings.favoriteaccount.GetListFavoriteAccountTest","getListFavoriteAccountWithUnknownField"
"Create Manage Settlement BO Tanpa Login/Header Auth","1453","addManageSettlementWithoutAuth","Surefire suite","Thu Oct 08 10:00:06 UTC 2026","passed","Thu Oct 08 10:00:07 UTC 2026","testcases.backoffice.settlement.AddManageSettlementTest","Surefire test","testcases.backoffice.settlement.AddManageSettlementTest","addManageSettlementWithoutAuth"
"Get List Group Company BO Dengan Header Authorization Tanpa Skema Bearer","1399","getListGroupCompanyWithMalformedAuthorizationHeader","Surefire suite","Thu Oct 08 10:01:57 UTC 2026","passed","Thu Oct 08 10:01:58 UTC 2026","testcases.backoffice.settlement.GetListGroupCompanyTest","Surefire test","testcases.backoffice.settlement.GetListGroupCompanyTest","getListGroupCompanyWithMalformedAuthorizationHeader"
"Add User Backoffice Dengan Content-Type Tidak Didukung","1440","addMerchantBackofficeWithWrongContentType","Surefire suite","Thu Oct 08 09:55:43 UTC 2026","passed","Thu Oct 08 09:55:44 UTC 2026","testcases.backoffice.users.AddUserTest","Surefire test","testcases.backoffice.users.AddUserTest","addMerchantBackofficeWithWrongContentType"
"Created Favorite Account Dengan pin Salah","1424","createdFavoriteAccountWithWrongPin","Surefire suite","Thu Oct 08 10:39:19 UTC 2026","failed","Thu Oct 08 10:39:21 UTC 2026","testcases.settings.favoriteaccount.CreatedFavoriteAccountTest","Surefire test","testcases.settings.favoriteaccount.CreatedFavoriteAccountTest","createdFavoriteAccountWithWrongPin"
"Get List Google Authenticator Dengan Token Kadaluarsa","1466","listOtpGoogleWithExpiredToken","Surefire suite","Thu Oct 08 10:32:47 UTC 2026","passed","Thu Oct 08 10:32:48 UTC 2026","testcases.backoffice.googleauth.ListOtpGoogleTest","Surefire test","testcases.backoffice.googleauth.ListOtpGoogleTest","listOtpGoogleWithExpiredToken"
"Get Detail Waiting Company Backoffice Menggunakan Login Marketing","4474","getDetailWaitingCompanyWithMarketingLogin","Surefire suite","Thu Oct 08 10:11:37 UTC 2026","passed","Thu Oct 08 10:11:41 UTC 2026","testcases.backoffice.GetDetailWaitingCompanyTest","Surefire test","testcases.backoffice.GetDetailWaitingCompanyTest","getDetailWaitingCompanyWithMarketingLogin"
"Delete Favorite Account Dengan id yang Tidak Pernah Ada","41421","deleteFavoriteAccountWithNonExistentId","Surefire suite","Thu Oct 08 09:57:22 UTC 2026","failed","Thu Oct 08 09:58:04 UTC 2026","testcases.settings.favoriteaccount.DeleteFavoriteAccountTest","Surefire test","testcases.settings.favoriteaccount.DeleteFavoriteAccountTest","deleteFavoriteAccountWithNonExistentId"
"Add Group Backoffice Dengan Header Authorization Tanpa Skema Bearer","1430","addGroupWithMalformedAuthorizationHeader","Surefire suite","Thu Oct 08 10:24:52 UTC 2026","passed","Thu Oct 08 10:24:53 UTC 2026","testcases.backoffice.group.AddGroupTest","Surefire test","testcases.backoffice.group.AddGroupTest","addGroupWithMalformedAuthorizationHeader"
"Reset Password Backoffice","8105","resetPasswordBackoffice","Surefire suite","Thu Oct 08 10:31:12 UTC 2026","passed","Thu Oct 08 10:31:20 UTC 2026","testcases.settings.ResetPasswordTest","Surefire test","testcases.settings.ResetPasswordTest","resetPasswordBackoffice"
"Success Login Marketing","3218","testLoginMarketing","Surefire suite","Thu Oct 08 09:54:50 UTC 2026","passed","Thu Oct 08 09:54:54 UTC 2026","testcases.auth.LoginTest","Surefire test","testcases.auth.LoginTest","testLoginMarketing"
"Get History USDT Transfer Test CS","11568","historyUSDTTransferTestAdmin","Surefire suite","Thu Oct 08 11:48:03 UTC 2026","passed","Thu Oct 08 11:48:15 UTC 2026","testcases.history.HistoryTransferTest","Surefire test","testcases.history.HistoryTransferTest","historyUSDTTransferTestAdmin"
"Created Favorite Account Supervisor","4959","createdFavoriteAccountSupervisor","Surefire suite","Thu Oct 08 11:02:24 UTC 2026","failed","Thu Oct 08 11:02:29 UTC 2026","testcases.settings.favoriteaccount.CreatedFavoriteAccountTest","Surefire test","testcases.settings.favoriteaccount.CreatedFavoriteAccountTest","createdFavoriteAccountSupervisor"
"Reset Password Supervisor","4710","resetPasswordSupervisor","Surefire suite","Thu Oct 08 09:58:16 UTC 2026","passed","Thu Oct 08 09:58:21 UTC 2026","testcases.settings.ResetPasswordTest","Surefire test","testcases.settings.ResetPasswordTest","resetPasswordSupervisor"
"Delete Group Backoffice","13722","deleteGroupBO","Surefire suite","Thu Oct 08 10:16:49 UTC 2026","passed","Thu Oct 08 10:17:03 UTC 2026","testcases.backoffice.group.DeleteGroupTest","Surefire test","testcases.backoffice.group.DeleteGroupTest","deleteGroupBO"
"Add Group Backoffice Menggunakan Login Merchant","4707","addGroupWithMerchantLogin","Surefire suite","Thu Oct 08 10:25:09 UTC 2026","passed","Thu Oct 08 10:25:13 UTC 2026","testcases.backoffice.group.AddGroupTest","Surefire test","testcases.backoffice.group.AddGroupTest","addGroupWithMerchantLogin"
"Delete Favorite Account Dengan pin String Kosong","1733","deleteFavoriteAccountWithEmptyPin","Surefire suite","Thu Oct 08 09:54:46 UTC 2026","passed","Thu Oct 08 09:54:48 UTC 2026","testcases.settings.favoriteaccount.DeleteFavoriteAccountTest","Surefire test","testcases.settings.favoriteaccount.DeleteFavoriteAccountTest","deleteFavoriteAccountWithEmptyPin"
"Add User Backoffice Dengan email yang Sudah Terdaftar","1681","addMerchantBackofficeWithAlreadyRegisteredEmail","Surefire suite","Thu Oct 08 09:54:04 UTC 2026","passed","Thu Oct 08 09:54:06 UTC 2026","testcases.backoffice.users.AddUserTest","Surefire test","testcases.backoffice.users.AddUserTest","addMerchantBackofficeWithAlreadyRegisteredEmail"
"Get List Favorite Account Dengan Header companyId Salah","1475","getListFavoriteAccountWithWrongCompanyIdHeader","Surefire suite","Thu Oct 08 12:11:22 UTC 2026","passed","Thu Oct 08 12:11:24 UTC 2026","testcases.settings.favoriteaccount.GetListFavoriteAccountTest","Surefire test","testcases.settings.favoriteaccount.GetListFavoriteAccountTest","getListFavoriteAccountWithWrongCompanyIdHeader"
"Create Manage Settlement BO Menggunakan Login Admin","4552","addManageSettlementWithAdminLogin","Surefire suite","Thu Oct 08 09:56:31 UTC 2026","passed","Thu Oct 08 09:56:35 UTC 2026","testcases.backoffice.settlement.AddManageSettlementTest","Surefire test","testcases.backoffice.settlement.AddManageSettlementTest","addManageSettlementWithAdminLogin"
"Normal Flop Transfer Success Admin Crypto","7713","flopTransferAdminCrypto","Surefire suite","Thu Oct 08 09:56:37 UTC 2026","passed","Thu Oct 08 09:56:45 UTC 2026","testcases.transfer.TransferFlopTest","Surefire test","testcases.transfer.TransferFlopTest","flopTransferAdminCrypto"
"Add Group Backoffice Dengan Nama yang Sudah Ada Sejak Test Lama (""testzulma1"")","1458","addGroupWithLegacyDuplicateName","Surefire suite","Thu Oct 08 10:24:47 UTC 2026","passed","Thu Oct 08 10:24:49 UTC 2026","testcases.backoffice.group.AddGroupTest","Surefire test","testcases.backoffice.group.AddGroupTest","addGroupWithLegacyDuplicateName"
"Get List Google Authenticator Dengan Sort Tanpa Operator '=='","4515","listOtpGoogleWithMalformedSortOperator","Surefire suite","Thu Oct 08 10:33:38 UTC 2026","passed","Thu Oct 08 10:33:43 UTC 2026","testcases.backoffice.googleauth.ListOtpGoogleTest","Surefire test","testcases.backoffice.googleauth.ListOtpGoogleTest","listOtpGoogleWithMalformedSortOperator"
"Login Merchant tanpa Parameter Username","2818","testLoginMissingUsernameParam","Surefire suite","Thu Oct 08 10:17:32 UTC 2026","passed","Thu Oct 08 10:17:35 UTC 2026","testcases.auth.LoginTest","Surefire test","testcases.auth.LoginTest","testLoginMissingUsernameParam"
"Create Manage Settlement BO Dengan Tipe Data Salah pada companyList (String, Bukan Array)","4655","addManageSettlementWithInvalidFieldType","Surefire suite","Thu Oct 08 09:57:56 UTC 2026","passed","Thu Oct 08 09:58:01 UTC 2026","testcases.backoffice.settlement.AddManageSettlementTest","Surefire test","testcases.backoffice.settlement.AddManageSettlementTest","addManageSettlementWithInvalidFieldType"
"Refund Summary Menggunakan HTTP Method DELETE","1401","getRefundWithDeleteMethod","Surefire suite","Thu Oct 08 10:41:01 UTC 2026","passed","Thu Oct 08 10:41:03 UTC 2026","testcases.backoffice.refund.GetRefundTest","Surefire test","testcases.backoffice.refund.GetRefundTest","getRefundWithDeleteMethod"
"Delete Favorite Account Dengan Header credentialId Salah","41395","deleteFavoriteAccountWithWrongCredentialIdHeader","Surefire suite","Thu Oct 08 10:01:22 UTC 2026","failed","Thu Oct 08 10:02:03 UTC 2026","testcases.settings.favoriteaccount.DeleteFavoriteAccountTest","Surefire test","testcases.settings.favoriteaccount.DeleteFavoriteAccountTest","deleteFavoriteAccountWithWrongCredentialIdHeader"
"Delete Google Authenticator Dengan id Valid Secara Format Tapi Tidak Ada","4547","deleteOtpGoogleWithNonExistentId","Surefire suite","Thu Oct 08 10:28:25 UTC 2026","passed","Thu Oct 08 10:28:29 UTC 2026","testcases.backoffice.googleauth.DeleteOtpGoogleTest","Surefire test","testcases.backoffice.googleauth.DeleteOtpGoogleTest","deleteOtpGoogleWithNonExistentId"
"List Refund Menggunakan Login Merchant","4842","listRefundMerchant","Surefire suite","Thu Oct 08 11:32:57 UTC 2026","passed","Thu Oct 08 11:33:02 UTC 2026","testcases.backoffice.ListRefundTest","Surefire test","testcases.backoffice.ListRefundTest","listRefundMerchant"
"Get History QR Success Paid","11969","historyQRTestPaid","Surefire suite","Thu Oct 08 10:37:29 UTC 2026","passed","Thu Oct 08 10:37:41 UTC 2026","testcases.history.HistoryQRTest","Surefire test","testcases.history.HistoryQRTest","historyQRTestPaid"
"Get Balance Merchant with Login Admin","5574","getBalanceAdmin","Surefire suite","Thu Oct 08 09:54:55 UTC 2026","passed","Thu Oct 08 09:55:01 UTC 2026","testcases.balance.GetBalanceQrisTest","Surefire test","testcases.balance.GetBalanceQrisTest","getBalanceAdmin"
"Resend Google Authenticator Dengan Token Kadaluarsa","1471","resendOtpGoogleWithExpiredToken","Surefire suite","Thu Oct 08 10:32:41 UTC 2026","passed","Thu Oct 08 10:32:42 UTC 2026","testcases.backoffice.googleauth.ResendOtpGoogleTest","Surefire test","testcases.backoffice.googleauth.ResendOtpGoogleTest","resendOtpGoogleWithExpiredToken"
"Get History Special Transfer Test CS","14283","historySpecialTransferTestCS","Surefire suite","Thu Oct 08 11:44:42 UTC 2026","failed","Thu Oct 08 11:44:56 UTC 2026","testcases.history.HistoryTransferTest","Surefire test","testcases.history.HistoryTransferTest","historySpecialTransferTestCS"
"Resend Google Authenticator Dengan Field Tidak Dikenal pada Body","4443","resendOtpGoogleWithUnknownField","Surefire suite","Thu Oct 08 10:34:40 UTC 2026","passed","Thu Oct 08 10:34:44 UTC 2026","testcases.backoffice.googleauth.ResendOtpGoogleTest","Surefire test","testcases.backoffice.googleauth.ResendOtpGoogleTest","resendOtpGoogleWithUnknownField"
"Resend Google Authenticator Dengan email Berisi Karakter SQL Injection","4466","resendOtpGoogleWithSqlInjectionEmail","Surefire suite","Thu Oct 08 10:34:25 UTC 2026","passed","Thu Oct 08 10:34:29 UTC 2026","testcases.backoffice.googleauth.ResendOtpGoogleTest","Surefire test","testcases.backoffice.googleauth.ResendOtpGoogleTest","resendOtpGoogleWithSqlInjectionEmail"
"Add Group Backoffice Dengan Token Kadaluarsa","1411","addGroupWithExpiredToken","Surefire suite","Thu Oct 08 10:24:21 UTC 2026","passed","Thu Oct 08 10:24:22 UTC 2026","testcases.backoffice.group.AddGroupTest","Surefire test","testcases.backoffice.group.AddGroupTest","addGroupWithExpiredToken"
"Get Detail User Backoffice Tanpa Login/Header Auth","1409","getUsersWithoutAuth","Surefire suite","Thu Oct 08 10:44:26 UTC 2026","passed","Thu Oct 08 10:44:27 UTC 2026","testcases.backoffice.users.ListUsersTest","Surefire test","testcases.backoffice.users.ListUsersTest","getUsersWithoutAuth"
"Generate Open QR Code Merchant","9331","generateOpenQRCode","Surefire suite","Thu Oct 08 10:31:06 UTC 2026","passed","Thu Oct 08 10:31:15 UTC 2026","testcases.QR.GenerateQRTest","Surefire test","testcases.QR.GenerateQRTest","generateOpenQRCode"
"List Currency USDT Dengan Header Authorization Tanpa Skema Bearer","1539","getCurrencyWithMalformedAuthorizationHeader","Surefire suite","Thu Oct 08 10:08:56 UTC 2026","passed","Thu Oct 08 10:08:57 UTC 2026","testcases.backoffice.currency.GetCurrencyTest","Surefire test","testcases.backoffice.currency.GetCurrencyTest","getCurrencyWithMalformedAuthorizationHeader"
"Request Refund Transfer Merchant","4644","refundTransferMerchant","Surefire suite","Thu Oct 08 10:36:49 UTC 2026","passed","Thu Oct 08 10:36:54 UTC 2026","testcases.transfer.RefundTransferTest","Surefire test","testcases.transfer.RefundTransferTest","refundTransferMerchant"
"Get List Favorite Account Menggunakan HTTP Method PUT","1515","getListFavoriteAccountWithPutMethod","Surefire suite","Thu Oct 08 12:11:04 UTC 2026","passed","Thu Oct 08 12:11:06 UTC 2026","testcases.settings.favoriteaccount.GetListFavoriteAccountTest","Surefire test","testcases.settings.favoriteaccount.GetListFavoriteAccountTest","getListFavoriteAccountWithPutMethod"
"Delete Manage Settlement BO Menggunakan Login Customer Service","4545","deleteManageSettlementWithCSLogin","Surefire suite","Thu Oct 08 10:04:48 UTC 2026","passed","Thu Oct 08 10:04:53 UTC 2026","testcases.backoffice.settlement.DeleteManageSettlementTest","Surefire test","testcases.backoffice.settlement.DeleteManageSettlementTest","deleteManageSettlementWithCSLogin"
"Transfer Different Partner Reference, Special Transfer to Manual Transfer","48032","trfPartnerRefManualFailed","Surefire suite","Thu Oct 08 10:35:01 UTC 2026","failed","Thu Oct 08 10:35:49 UTC 2026","testcases.transfer.ManualTransferTest","Surefire test","testcases.transfer.ManualTransferTest","trfPartnerRefManualFailed"
"Add Currency CS Admin Path Dengan Field rate Bernilai null","1492","addCurrencyWithNullRate","Surefire suite","Thu Oct 08 11:27:14 UTC 2026","passed","Thu Oct 08 11:27:16 UTC 2026","testcases.backoffice.currency.AddCurrencyTest","Surefire test","testcases.backoffice.currency.AddCurrencyTest","addCurrencyWithNullRate"
"Request Refund Transfer Admin Crypto","5073","refundTransferAdminCrypto","Surefire suite","Thu Oct 08 09:56:04 UTC 2026","passed","Thu Oct 08 09:56:09 UTC 2026","testcases.transfer.RefundTransferTest","Surefire test","testcases.transfer.RefundTransferTest","refundTransferAdminCrypto"
"Get List Favorite Account Dengan Token Valid Tapi Tanpa Header credentialId","1582","getListFavoriteAccountWithoutCredentialIdHeader","Surefire suite","Thu Oct 08 12:11:50 UTC 2026","passed","Thu Oct 08 12:11:51 UTC 2026","testcases.settings.favoriteaccount.GetListFavoriteAccountTest","Surefire test","testcases.settings.favoriteaccount.GetListFavoriteAccountTest","getListFavoriteAccountWithoutCredentialIdHeader"
"Refund Summary Dengan Rentang Tanggal Sangat Lebar","1589","getRefundWithHugeRange","Surefire suite","Thu Oct 08 10:41:24 UTC 2026","passed","Thu Oct 08 10:41:25 UTC 2026","testcases.backoffice.refund.GetRefundTest","Surefire test","testcases.backoffice.refund.GetRefundTest","getRefundWithHugeRange"
"Get Group Detail Backoffice Tanpa Group Id (Path Kosong)","4603","getGroupDetailWithEmptyId","Surefire suite","Thu Oct 08 10:20:52 UTC 2026","passed","Thu Oct 08 10:20:57 UTC 2026","testcases.backoffice.group.GetGroupTest","Surefire test","testcases.backoffice.group.GetGroupTest","getGroupDetailWithEmptyId"
"Get List Favorite Account Tanpa Login/Header Auth","1419","getListFavoriteAccountWithoutAuth","Surefire suite","Thu Oct 08 12:11:41 UTC 2026","passed","Thu Oct 08 12:11:42 UTC 2026","testcases.settings.favoriteaccount.GetListFavoriteAccountTest","Surefire test","testcases.settings.favoriteaccount.GetListFavoriteAccountTest","getListFavoriteAccountWithoutAuth"
"Created Favorite Account Menggunakan HTTP Method PUT","1467","createdFavoriteAccountWithPutMethod","Surefire suite","Thu Oct 08 10:38:52 UTC 2026","failed","Thu Oct 08 10:38:54 UTC 2026","testcases.settings.favoriteaccount.CreatedFavoriteAccountTest","Surefire test","testcases.settings.favoriteaccount.CreatedFavoriteAccountTest","createdFavoriteAccountWithPutMethod"
"Get Dashboard Backoffice Dengan Token Tidak Valid","1484","getDashboardWithInvalidToken","Surefire suite","Thu Oct 08 09:54:35 UTC 2026","passed","Thu Oct 08 09:54:37 UTC 2026","testcases.backoffice.GetDashboardTest","Surefire test","testcases.backoffice.GetDashboardTest","getDashboardWithInvalidToken"
"Inquiry Favorite Account Dengan Header Authorization Tanpa Skema Bearer","1528","inquiryFavoriteAccountWithMalformedAuthorizationHeader","Surefire suite","Thu Oct 08 10:40:33 UTC 2026","passed","Thu Oct 08 10:40:35 UTC 2026","testcases.settings.favoriteaccount.InquiryFavoriteAccountTest","Surefire test","testcases.settings.favoriteaccount.InquiryFavoriteAccountTest","inquiryFavoriteAccountWithMalformedAuthorizationHeader"
"Get List Group Company BO Menggunakan HTTP Method PUT","4397","getListGroupCompanyWithPutMethod","Surefire suite","Thu Oct 08 10:02:54 UTC 2026","passed","Thu Oct 08 10:02:58 UTC 2026","testcases.backoffice.settlement.GetListGroupCompanyTest","Surefire test","testcases.backoffice.settlement.GetListGroupCompanyTest","getListGroupCompanyWithPutMethod"
"Refund Summary Tanpa Field startDate","1484","getRefundWithoutStartDate","Surefire suite","Thu Oct 08 10:43:34 UTC 2026","passed","Thu Oct 08 10:43:36 UTC 2026","testcases.backoffice.refund.GetRefundTest","Surefire test","testcases.backoffice.refund.GetRefundTest","getRefundWithoutStartDate"
"Get Group Detail Backoffice","4655","getGroupDetail","Surefire suite","Thu Oct 08 10:20:22 UTC 2026","passed","Thu Oct 08 10:20:27 UTC 2026","testcases.backoffice.group.GetGroupTest","Surefire test","testcases.backoffice.group.GetGroupTest","getGroupDetail"
"Get Detail Waiting Company Backoffice Menggunakan Login CS Admin","4542","getDetailWaitingCompanyWithCSAdminLogin","Surefire suite","Thu Oct 08 10:10:46 UTC 2026","passed","Thu Oct 08 10:10:50 UTC 2026","testcases.backoffice.GetDetailWaitingCompanyTest","Surefire test","testcases.backoffice.GetDetailWaitingCompanyTest","getDetailWaitingCompanyWithCSAdminLogin"
"Delete Manage Settlement BO Menggunakan Login Merchant","4671","deleteManageSettlementWithMerchantLogin","Surefire suite","Thu Oct 08 10:05:47 UTC 2026","passed","Thu Oct 08 10:05:52 UTC 2026","testcases.backoffice.settlement.DeleteManageSettlementTest","Surefire test","testcases.backoffice.settlement.DeleteManageSettlementTest","deleteManageSettlementWithMerchantLogin"
"Normal Manual Transfer Success with Account Supervisor","12684","manualTransferSupervisor","Surefire suite","Thu Oct 08 09:54:16 UTC 2026","passed","Thu Oct 08 09:54:28 UTC 2026","testcases.transfer.ManualTransferTest","Surefire test","testcases.transfer.ManualTransferTest","manualTransferSupervisor"
"Get History Special Transfer Test","8335","historySpecialTransferTest","Surefire suite","Thu Oct 08 11:44:05 UTC 2026","passed","Thu Oct 08 11:44:13 UTC 2026","testcases.history.HistoryTransferTest","Surefire test","testcases.history.HistoryTransferTest","historySpecialTransferTest"
"Get Detail Waiting Company Backoffice Dengan Path Traversal pada Id","5028","getDetailWaitingCompanyWithPathTraversalId","Surefire suite","Thu Oct 08 10:12:07 UTC 2026","passed","Thu Oct 08 10:12:12 UTC 2026","testcases.backoffice.GetDetailWaitingCompanyTest","Surefire test","testcases.backoffice.GetDetailWaitingCompanyTest","getDetailWaitingCompanyWithPathTraversalId"
"Delete Group Backoffice Dengan Body JSON Tidak Valid (Malformed)","1412","deleteGroupWithMalformedJson","Surefire suite","Thu Oct 08 10:18:25 UTC 2026","passed","Thu Oct 08 10:18:27 UTC 2026","testcases.backoffice.group.DeleteGroupTest","Surefire test","testcases.backoffice.group.DeleteGroupTest","deleteGroupWithMalformedJson"
"List Refund Menggunakan Login Admin Biasa","7803","listRefundAdmin","Surefire suite","Thu Oct 08 11:32:30 UTC 2026","passed","Thu Oct 08 11:32:38 UTC 2026","testcases.backoffice.ListRefundTest","Surefire test","testcases.backoffice.ListRefundTest","listRefundAdmin"
"Inquiry Favorite Account Tanpa Field beneficiaryAccountNo","1611","inquiryFavoriteAccountWithoutBeneficiaryAccountNoField","Surefire suite","Thu Oct 08 10:41:32 UTC 2026","passed","Thu Oct 08 10:41:34 UTC 2026","testcases.settings.favoriteaccount.InquiryFavoriteAccountTest","Surefire test","testcases.settings.favoriteaccount.InquiryFavoriteAccountTest","inquiryFavoriteAccountWithoutBeneficiaryAccountNoField"
"Test Get Report Transaction CS","4832","getReportTransactionCS","Surefire suite","Thu Oct 08 09:55:21 UTC 2026","passed","Thu Oct 08 09:55:26 UTC 2026","testcases.report.ReportTransactionTest","Surefire test","testcases.report.ReportTransactionTest","getReportTransactionCS"
"Check Status QR Menggunakan HTTP Method PUT","3305","checkStatusQRWithPutMethod","Surefire suite","Thu Oct 08 10:32:57 UTC 2026","passed","Thu Oct 08 10:33:01 UTC 2026","testcases.QR.CheckStatusQRTest","Surefire test","testcases.QR.CheckStatusQRTest","checkStatusQRWithPutMethod"
"Create Manage Settlement BO Menggunakan HTTP Method PUT","4477","addManageSettlementWithPutMethod","Surefire suite","Thu Oct 08 09:59:20 UTC 2026","passed","Thu Oct 08 09:59:25 UTC 2026","testcases.backoffice.settlement.AddManageSettlementTest","Surefire test","testcases.backoffice.settlement.AddManageSettlementTest","addManageSettlementWithPutMethod"
"List Manage Settlement Backoffice Dengan Field Sort Merujuk ke Kolom yang Tidak Ada","4613","listManageSettlementWithInvalidSortField","Surefire suite","Thu Oct 08 10:38:04 UTC 2026","passed","Thu Oct 08 10:38:09 UTC 2026","testcases.backoffice.settlement.ManageSettlementTest","Surefire test","testcases.backoffice.settlement.ManageSettlementTest","listManageSettlementWithInvalidSortField"
"Reset Pin Admin Crypto","4845","resetPinAdminCrypto","Surefire suite","Thu Oct 08 09:57:42 UTC 2026","passed","Thu Oct 08 09:57:47 UTC 2026","testcases.settings.ResetPinTest","Surefire test","testcases.settings.ResetPinTest","resetPinAdminCrypto"
"Delete Favorite Account Dengan pin Salah","41252","deleteFavoriteAccountWithWrongPin","Surefire suite","Thu Oct 08 10:02:50 UTC 2026","failed","Thu Oct 08 10:03:31 UTC 2026","testcases.settings.favoriteaccount.DeleteFavoriteAccountTest","Surefire test","testcases.settings.favoriteaccount.DeleteFavoriteAccountTest","deleteFavoriteAccountWithWrongPin"
"Add User Backoffice Dengan Header Authorization Tanpa Skema Bearer","1569","addMerchantBackofficeWithMalformedAuthorizationHeader","Surefire suite","Thu Oct 08 09:54:57 UTC 2026","passed","Thu Oct 08 09:54:58 UTC 2026","testcases.backoffice.users.AddUserTest","Surefire test","testcases.backoffice.users.AddUserTest","addMerchantBackofficeWithMalformedAuthorizationHeader"
"Delete Manage Settlement BO Dengan Token Backoffice Valid Tapi Tanpa Header pbyv","4545","deleteManageSettlementWithoutPbyvHeader","Surefire suite","Thu Oct 08 10:07:26 UTC 2026","passed","Thu Oct 08 10:07:31 UTC 2026","testcases.backoffice.settlement.DeleteManageSettlementTest","Surefire test","testcases.backoffice.settlement.DeleteManageSettlementTest","deleteManageSettlementWithoutPbyvHeader"
"Get List Google Authenticator Menggunakan Login Customer Service","4517","listOtpGoogleWithCSLogin","Surefire suite","Thu Oct 08 10:32:25 UTC 2026","passed","Thu Oct 08 10:32:29 UTC 2026","testcases.backoffice.googleauth.ListOtpGoogleTest","Surefire test","testcases.backoffice.googleauth.ListOtpGoogleTest","listOtpGoogleWithCSLogin"
"Created Favorite Account Tanpa Body Sama Sekali","1533","createdFavoriteAccountWithoutBody","Surefire suite","Thu Oct 08 10:39:37 UTC 2026","passed","Thu Oct 08 10:39:39 UTC 2026","testcases.settings.favoriteaccount.CreatedFavoriteAccountTest","Surefire test","testcases.settings.favoriteaccount.CreatedFavoriteAccountTest","createdFavoriteAccountWithoutBody"
"Inquiry Test Transfer Merchant","4729","inquiryTransfer","Surefire suite","Thu Oct 08 10:37:04 UTC 2026","passed","Thu Oct 08 10:37:09 UTC 2026","testcases.transfer.InquiryTransferTest","Surefire test","testcases.transfer.InquiryTransferTest","inquiryTransfer"
"Delete Favorite Account Dengan Format id Tidak Valid (Bukan ObjectId)","41476","deleteFavoriteAccountWithInvalidIdFormat","Surefire suite","Thu Oct 08 09:56:24 UTC 2026","failed","Thu Oct 08 09:57:06 UTC 2026","testcases.settings.favoriteaccount.DeleteFavoriteAccountTest","Surefire test","testcases.settings.favoriteaccount.DeleteFavoriteAccountTest","deleteFavoriteAccountWithInvalidIdFormat"
"List Waiting Company Backoffice Dengan Token Tidak Valid","1428","listWaitingCompanyWithInvalidToken","Surefire suite","Thu Oct 08 10:38:58 UTC 2026","passed","Thu Oct 08 10:38:59 UTC 2026","testcases.backoffice.ListWaitingCompanyTest","Surefire test","testcases.backoffice.ListWaitingCompanyTest","listWaitingCompanyWithInvalidToken"
"Mutasi Manual Transfer CS","26367","mutasiManualTransferCS","Surefire suite","Thu Oct 08 11:56:36 UTC 2026","failed","Thu Oct 08 11:57:03 UTC 2026","testcases.mutasi.MutasiTransferTest","Surefire test","testcases.mutasi.MutasiTransferTest","mutasiManualTransferCS"
"Add Group Backoffice Menggunakan Login Supervisor","4417","addGroupWithSupervisorLogin","Surefire suite","Thu Oct 08 10:25:52 UTC 2026","passed","Thu Oct 08 10:25:57 UTC 2026","testcases.backoffice.group.AddGroupTest","Surefire test","testcases.backoffice.group.AddGroupTest","addGroupWithSupervisorLogin"
"Delete Manage Settlement BO Dengan id yang Sama Dua Kali (Sudah Terhapus)","8927","deleteManageSettlementWithAlreadyDeletedId","Surefire suite","Thu Oct 08 10:04:29 UTC 2026","passed","Thu Oct 08 10:04:38 UTC 2026","testcases.backoffice.settlement.DeleteManageSettlementTest","Surefire test","testcases.backoffice.settlement.DeleteManageSettlementTest","deleteManageSettlementWithAlreadyDeletedId"
"Create Manage Settlement BO Dengan Content-Type text/plain","4366","addManageSettlementWithWrongContentType","Surefire suite","Thu Oct 08 09:59:43 UTC 2026","passed","Thu Oct 08 09:59:47 UTC 2026","testcases.backoffice.settlement.AddManageSettlementTest","Surefire test","testcases.backoffice.settlement.AddManageSettlementTest","addManageSettlementWithWrongContentType"
"List Currency USDT Dengan Ukuran Halaman Sangat Besar","2002","getCurrencyWithHugeSize","Surefire suite","Thu Oct 08 10:08:37 UTC 2026","passed","Thu Oct 08 10:08:39 UTC 2026","testcases.backoffice.currency.GetCurrencyTest","Surefire test","testcases.backoffice.currency.GetCurrencyTest","getCurrencyWithHugeSize"
"Created Favorite Account Dengan Content-Type text/plain","1525","createdFavoriteAccountWithWrongContentType","Surefire suite","Thu Oct 08 10:39:06 UTC 2026","passed","Thu Oct 08 10:39:07 UTC 2026","testcases.settings.favoriteaccount.CreatedFavoriteAccountTest","Surefire test","testcases.settings.favoriteaccount.CreatedFavoriteAccountTest","createdFavoriteAccountWithWrongContentType"
"Get Group Detail Backoffice Menggunakan Login Admin Crypto","4641","getGroupDetailWithAdminCryptoLogin","Surefire suite","Thu Oct 08 10:20:30 UTC 2026","passed","Thu Oct 08 10:20:35 UTC 2026","testcases.backoffice.group.GetGroupTest","Surefire test","testcases.backoffice.group.GetGroupTest","getGroupDetailWithAdminCryptoLogin"
"Get List Google Authenticator Dengan Body Kosong ({})","4466","listOtpGoogleWithEmptyBody","Surefire suite","Thu Oct 08 10:32:40 UTC 2026","passed","Thu Oct 08 10:32:44 UTC 2026","testcases.backoffice.googleauth.ListOtpGoogleTest","Surefire test","testcases.backoffice.googleauth.ListOtpGoogleTest","listOtpGoogleWithEmptyBody"
"Get Notification Sender Menggunakan HTTP Method DELETE","4469","getNotificationSenderWithDeleteMethod","Surefire suite","Thu Oct 08 10:41:13 UTC 2026","passed","Thu Oct 08 10:41:17 UTC 2026","testcases.backoffice.notifsender.NotificationSenderTest","Surefire test","testcases.backoffice.notifsender.NotificationSenderTest","getNotificationSenderWithDeleteMethod"
"Delete Favorite Account Dengan Body Kosong ({})","1567","deleteFavoriteAccountWithEmptyBody","Surefire suite","Thu Oct 08 09:54:37 UTC 2026","passed","Thu Oct 08 09:54:39 UTC 2026","testcases.settings.favoriteaccount.DeleteFavoriteAccountTest","Surefire test","testcases.settings.favoriteaccount.DeleteFavoriteAccountTest","deleteFavoriteAccountWithEmptyBody"
"Get List Group","4537","getListGroup","Surefire suite","Thu Oct 08 10:13:13 UTC 2026","passed","Thu Oct 08 10:13:17 UTC 2026","testcases.backoffice.group.GetListGroupTest","Surefire test","testcases.backoffice.group.GetListGroupTest","getListGroup"
"Delete Group Backoffice Dengan Payload XSS pada name","1491","deleteGroupWithXssName","Surefire suite","Thu Oct 08 10:19:55 UTC 2026","passed","Thu Oct 08 10:19:57 UTC 2026","testcases.backoffice.group.DeleteGroupTest","Surefire test","testcases.backoffice.group.DeleteGroupTest","deleteGroupWithXssName"
"Add Currency CS Admin Path Menggunakan Login Supervisor","4589","addCurrencyWithSupervisorLogin","Surefire suite","Thu Oct 08 11:27:42 UTC 2026","passed","Thu Oct 08 11:27:46 UTC 2026","testcases.backoffice.currency.AddCurrencyTest","Surefire test","testcases.backoffice.currency.AddCurrencyTest","addCurrencyWithSupervisorLogin"
"Add Currency CS Admin Path Menggunakan Login Marketing","4524","addCurrencyWithMarketingLogin","Surefire suite","Thu Oct 08 11:26:46 UTC 2026","passed","Thu Oct 08 11:26:50 UTC 2026","testcases.backoffice.currency.AddCurrencyTest","Surefire test","testcases.backoffice.currency.AddCurrencyTest","addCurrencyWithMarketingLogin"
"Add Group Backoffice Dengan Body Berupa JSON Array ([])","4542","addGroupWithArrayBody","Surefire suite","Thu Oct 08 10:23:27 UTC 2026","passed","Thu Oct 08 10:23:31 UTC 2026","testcases.backoffice.group.AddGroupTest","Surefire test","testcases.backoffice.group.AddGroupTest","addGroupWithArrayBody"
"Get History Transfer Test Admin","14023","historyTransferTestAdmin","Surefire suite","Thu Oct 08 11:46:25 UTC 2026","failed","Thu Oct 08 11:46:39 UTC 2026","testcases.history.HistoryTransferTest","Surefire test","testcases.history.HistoryTransferTest","historyTransferTestAdmin"
"List User Backoffice Dengan Token Tidak Valid","1416","listUsersWithInvalidToken","Surefire suite","Thu Oct 08 10:45:25 UTC 2026","passed","Thu Oct 08 10:45:26 UTC 2026","testcases.backoffice.users.ListUsersTest","Surefire test","testcases.backoffice.users.ListUsersTest","listUsersWithInvalidToken"
"Refund Summary Dengan type Tidak Dikenal","1486","getRefundWithInvalidType","Surefire suite","Thu Oct 08 10:41:42 UTC 2026","passed","Thu Oct 08 10:41:43 UTC 2026","testcases.backoffice.refund.GetRefundTest","Surefire test","testcases.backoffice.refund.GetRefundTest","getRefundWithInvalidType"
"List Company Backoffice Dengan Header Authorization Tanpa Skema Bearer","1453","listCompanyWithMalformedAuthorizationHeader","Surefire suite","Thu Oct 08 10:36:41 UTC 2026","passed","Thu Oct 08 10:36:42 UTC 2026","testcases.backoffice.ListCompanyTest","Surefire test","testcases.backoffice.ListCompanyTest","listCompanyWithMalformedAuthorizationHeader"
"Add User Backoffice Menggunakan HTTP Method DELETE","1513","addMerchantBackofficeWithDeleteMethod","Surefire suite","Thu Oct 08 09:54:13 UTC 2026","passed","Thu Oct 08 09:54:15 UTC 2026","testcases.backoffice.users.AddUserTest","Surefire test","testcases.backoffice.users.AddUserTest","addMerchantBackofficeWithDeleteMethod"
"Create Manage Settlement BO Menggunakan HTTP Method DELETE","4535","addManageSettlementWithDeleteMethod","Surefire suite","Thu Oct 08 09:57:01 UTC 2026","passed","Thu Oct 08 09:57:05 UTC 2026","testcases.backoffice.settlement.AddManageSettlementTest","Surefire test","testcases.backoffice.settlement.AddManageSettlementTest","addManageSettlementWithDeleteMethod"
"Delete Manage Settlement BO Dengan Token Kadaluarsa","1413","deleteManageSettlementWithExpiredToken","Surefire suite","Thu Oct 08 10:05:11 UTC 2026","passed","Thu Oct 08 10:05:12 UTC 2026","testcases.backoffice.settlement.DeleteManageSettlementTest","Surefire test","testcases.backoffice.settlement.DeleteManageSettlementTest","deleteManageSettlementWithExpiredToken"
"Created Favorite Account Dengan Token Valid Tapi Tanpa Header credentialId","1443","createdFavoriteAccountWithoutCredentialIdHeader","Surefire suite","Thu Oct 08 10:39:42 UTC 2026","failed","Thu Oct 08 10:39:43 UTC 2026","testcases.settings.favoriteaccount.CreatedFavoriteAccountTest","Surefire test","testcases.settings.favoriteaccount.CreatedFavoriteAccountTest","createdFavoriteAccountWithoutCredentialIdHeader"
"Delete Manage Settlement BO Dengan id Berisi Karakter SQL Injection","4566","deleteManageSettlementWithSqlInjectionId","Surefire suite","Thu Oct 08 10:06:32 UTC 2026","passed","Thu Oct 08 10:06:37 UTC 2026","testcases.backoffice.settlement.DeleteManageSettlementTest","Surefire test","testcases.backoffice.settlement.DeleteManageSettlementTest","deleteManageSettlementWithSqlInjectionId"
"List Company Backoffice Dengan Token Tidak Valid","1412","listCompanyWithInvalidToken","Surefire suite","Thu Oct 08 10:36:37 UTC 2026","passed","Thu Oct 08 10:36:38 UTC 2026","testcases.backoffice.ListCompanyTest","Surefire test","testcases.backoffice.ListCompanyTest","listCompanyWithInvalidToken"
"Inquiry Test Manual Transfer Merchant","4758","inquiryManualTransfer","Surefire suite","Thu Oct 08 10:36:26 UTC 2026","passed","Thu Oct 08 10:36:31 UTC 2026","testcases.transfer.InquiryManualTransferTest","Surefire test","testcases.transfer.InquiryManualTransferTest","inquiryManualTransfer"
"Create Manage Settlement BO Menggunakan Login Supervisor","4529","addManageSettlementWithSupervisorLogin","Surefire suite","Thu Oct 08 09:59:36 UTC 2026","passed","Thu Oct 08 09:59:40 UTC 2026","testcases.backoffice.settlement.AddManageSettlementTest","Surefire test","testcases.backoffice.settlement.AddManageSettlementTest","addManageSettlementWithSupervisorLogin"
"Add Currency CS Admin Path Menggunakan Login Admin","4837","addCurrencyWithAdminLogin","Surefire suite","Thu Oct 08 11:25:16 UTC 2026","passed","Thu Oct 08 11:25:20 UTC 2026","testcases.backoffice.currency.AddCurrencyTest","Surefire test","testcases.backoffice.currency.AddCurrencyTest","addCurrencyWithAdminLogin"
"Get Dashboard Backoffice Menggunakan Login Supervisor","4612","getDashboardWithSupervisorLogin","Surefire suite","Thu Oct 08 09:54:55 UTC 2026","passed","Thu Oct 08 09:55:00 UTC 2026","testcases.backoffice.GetDashboardTest","Surefire test","testcases.backoffice.GetDashboardTest","getDashboardWithSupervisorLogin"
"List Refund Menggunakan Login Backoffice","4601","listRefundWithBackofficeLogin","Surefire suite","Thu Oct 08 11:33:05 UTC 2026","passed","Thu Oct 08 11:33:10 UTC 2026","testcases.backoffice.ListRefundTest","Surefire test","testcases.backoffice.ListRefundTest","listRefundWithBackofficeLogin"
"Test Approved Special Transfer Supervisor","11847","approvedSpecialTransferSupervisor","Surefire suite","Thu Oct 08 11:16:26 UTC 2026","passed","Thu Oct 08 11:16:38 UTC 2026","testcases.backoffice.ApprovalTransferTest","Surefire test","testcases.backoffice.ApprovalTransferTest","approvedSpecialTransferSupervisor"
"Get List Group Backoffice Dengan Field Tidak Dikenal pada Body","1502","getListGroupWithUnknownField","Surefire suite","Thu Oct 08 10:15:41 UTC 2026","passed","Thu Oct 08 10:15:43 UTC 2026","testcases.backoffice.group.GetListGroupTest","Surefire test","testcases.backoffice.group.GetListGroupTest","getListGroupWithUnknownField"
"Refund Summary Menggunakan Login CS Admin","4658","getRefundWithCSAdminLogin","Surefire suite","Thu Oct 08 10:40:42 UTC 2026","passed","Thu Oct 08 10:40:46 UTC 2026","testcases.backoffice.refund.GetRefundTest","Surefire test","testcases.backoffice.refund.GetRefundTest","getRefundWithCSAdminLogin"
"Get List Group Backoffice Tanpa Field size","1483","getListGroupWithoutSizeField","Surefire suite","Thu Oct 08 10:16:22 UTC 2026","passed","Thu Oct 08 10:16:23 UTC 2026","testcases.backoffice.group.GetListGroupTest","Surefire test","testcases.backoffice.group.GetListGroupTest","getListGroupWithoutSizeField"
"List Company Backoffice Menggunakan Login Supervisor","4580","listCompanyWithSupervisorLogin","Surefire suite","Thu Oct 08 10:37:23 UTC 2026","passed","Thu Oct 08 10:37:28 UTC 2026","testcases.backoffice.ListCompanyTest","Surefire test","testcases.backoffice.ListCompanyTest","listCompanyWithSupervisorLogin"
"Get List Favorite Account Dengan Token Kadaluarsa","1467","getListFavoriteAccountWithExpiredToken","Surefire suite","Thu Oct 08 12:10:19 UTC 2026","passed","Thu Oct 08 12:10:20 UTC 2026","testcases.settings.favoriteaccount.GetListFavoriteAccountTest","Surefire test","testcases.settings.favoriteaccount.GetListFavoriteAccountTest","getListFavoriteAccountWithExpiredToken"
"List User Backoffice Menggunakan Login Merchant","4466","listUsersWithMerchantLogin","Surefire suite","Thu Oct 08 10:45:44 UTC 2026","passed","Thu Oct 08 10:45:48 UTC 2026","testcases.backoffice.users.ListUsersTest","Surefire test","testcases.backoffice.users.ListUsersTest","listUsersWithMerchantLogin"
"List Manage Settlement Backoffice Menggunakan Login Admin","4564","listManageSettlementWithAdminLogin","Surefire suite","Thu Oct 08 10:36:51 UTC 2026","passed","Thu Oct 08 10:36:56 UTC 2026","testcases.backoffice.settlement.ManageSettlementTest","Surefire test","testcases.backoffice.settlement.ManageSettlementTest","listManageSettlementWithAdminLogin"
"List Manage Settlement Backoffice Dengan Sort Tanpa Operator '=='","4478","listManageSettlementWithMalformedSortOperator","Surefire suite","Thu Oct 08 10:38:28 UTC 2026","passed","Thu Oct 08 10:38:32 UTC 2026","testcases.backoffice.settlement.ManageSettlementTest","Surefire test","testcases.backoffice.settlement.ManageSettlementTest","listManageSettlementWithMalformedSortOperator"
"List Currency USDT Tanpa Body Sama Sekali","1428","getCurrencyWithoutBody","Surefire suite","Thu Oct 08 10:10:22 UTC 2026","passed","Thu Oct 08 10:10:23 UTC 2026","testcases.backoffice.currency.GetCurrencyTest","Surefire test","testcases.backoffice.currency.GetCurrencyTest","getCurrencyWithoutBody"
"Delete Manage Settlement BO Menggunakan HTTP Method DELETE","4435","deleteManageSettlementWithDeleteMethod","Surefire suite","Thu Oct 08 10:04:56 UTC 2026","passed","Thu Oct 08 10:05:00 UTC 2026","testcases.backoffice.settlement.DeleteManageSettlementTest","Surefire test","testcases.backoffice.settlement.DeleteManageSettlementTest","deleteManageSettlementWithDeleteMethod"
"Get Balance Admin Crypto Transfer","4976","getBalanceAdminCrypto","Surefire suite","Thu Oct 08 09:57:26 UTC 2026","passed","Thu Oct 08 09:57:31 UTC 2026","testcases.balance.GetBalanceTransferTest","Surefire test","testcases.balance.GetBalanceTransferTest","getBalanceAdminCrypto"
"Delete Google Authenticator Dengan id Berisi Payload XSS","4482","deleteOtpGoogleWithXssId","Surefire suite","Thu Oct 08 10:29:33 UTC 2026","passed","Thu Oct 08 10:29:37 UTC 2026","testcases.backoffice.googleauth.DeleteOtpGoogleTest","Surefire test","testcases.backoffice.googleauth.DeleteOtpGoogleTest","deleteOtpGoogleWithXssId"
"List Waiting Company Backoffice Menggunakan Login Merchant","4448","listWaitingCompanyWithMerchantLogin","Surefire suite","Thu Oct 08 10:39:22 UTC 2026","passed","Thu Oct 08 10:39:26 UTC 2026","testcases.backoffice.ListWaitingCompanyTest","Surefire test","testcases.backoffice.ListWaitingCompanyTest","listWaitingCompanyWithMerchantLogin"
"Login Merchant dengan Username Kosong","2849","testLoginEmptyUsername","Surefire suite","Thu Oct 08 10:17:15 UTC 2026","passed","Thu Oct 08 10:17:17 UTC 2026","testcases.auth.LoginTest","Surefire test","testcases.auth.LoginTest","testLoginEmptyUsername"
"List Company Backoffice Menggunakan Login Admin Crypto","4633","listCompanyWithAdminCryptoLogin","Surefire suite","Thu Oct 08 10:35:35 UTC 2026","passed","Thu Oct 08 10:35:40 UTC 2026","testcases.backoffice.ListCompanyTest","Surefire test","testcases.backoffice.ListCompanyTest","listCompanyWithAdminCryptoLogin"
"Mutasi Transfer Supervisor CS","13853","mutasiTransferSupervisorCS","Surefire suite","Thu Oct 08 12:03:31 UTC 2026","failed","Thu Oct 08 12:03:45 UTC 2026","testcases.mutasi.MutasiTransferTest","Surefire test","testcases.mutasi.MutasiTransferTest","mutasiTransferSupervisorCS"
"Get List Group Company BO Dengan groupName Berbeda Kapitalisasi","4442","getListGroupCompanyWithDifferentCaseGroupName","Surefire suite","Thu Oct 08 10:01:33 UTC 2026","passed","Thu Oct 08 10:01:38 UTC 2026","testcases.backoffice.settlement.GetListGroupCompanyTest","Surefire test","testcases.backoffice.settlement.GetListGroupCompanyTest","getListGroupCompanyWithDifferentCaseGroupName"
"Resend Google Authenticator Dengan Body Kosong ({}) - Tanpa email","4513","resendOtpGoogleWithEmptyBody","Surefire suite","Thu Oct 08 10:32:26 UTC 2026","passed","Thu Oct 08 10:32:30 UTC 2026","testcases.backoffice.googleauth.ResendOtpGoogleTest","Surefire test","testcases.backoffice.googleauth.ResendOtpGoogleTest","resendOtpGoogleWithEmptyBody"
"Delete Group Backoffice Tanpa Body Sama Sekali","1438","deleteGroupWithoutBody","Surefire suite","Thu Oct 08 10:20:04 UTC 2026","passed","Thu Oct 08 10:20:05 UTC 2026","testcases.backoffice.group.DeleteGroupTest","Surefire test","testcases.backoffice.group.DeleteGroupTest","deleteGroupWithoutBody"
"List Currency USDT Menggunakan Login Admin","4697","getCurrencyWithAdminLogin","Surefire suite","Thu Oct 08 10:07:49 UTC 2026","passed","Thu Oct 08 10:07:54 UTC 2026","testcases.backoffice.currency.GetCurrencyTest","Surefire test","testcases.backoffice.currency.GetCurrencyTest","getCurrencyWithAdminLogin"
"Add Group Backoffice Dengan Field Tidak Dikenal pada Body","1504","addGroupWithUnknownField","Surefire suite","Thu Oct 08 10:26:00 UTC 2026","passed","Thu Oct 08 10:26:01 UTC 2026","testcases.backoffice.group.AddGroupTest","Surefire test","testcases.backoffice.group.AddGroupTest","addGroupWithUnknownField"
"Test Approved USDT Supervisor","13809","approvedUSDTSupervisor","Surefire suite","Thu Oct 08 11:17:36 UTC 2026","failed","Thu Oct 08 11:17:50 UTC 2026","testcases.backoffice.ApprovalTransferTest","Surefire test","testcases.backoffice.ApprovalTransferTest","approvedUSDTSupervisor"
"Delete Group Backoffice Dengan Body Berupa Literal null","1432","deleteGroupWithNullLiteralBody","Surefire suite","Thu Oct 08 10:19:07 UTC 2026","passed","Thu Oct 08 10:19:09 UTC 2026","testcases.backoffice.group.DeleteGroupTest","Surefire test","testcases.backoffice.group.DeleteGroupTest","deleteGroupWithNullLiteralBody"
"List Company Backoffice Dengan Body Kosong ({})","5066","listCompanyWithEmptyBody","Surefire suite","Thu Oct 08 10:35:58 UTC 2026","passed","Thu Oct 08 10:36:03 UTC 2026","testcases.backoffice.ListCompanyTest","Surefire test","testcases.backoffice.ListCompanyTest","listCompanyWithEmptyBody"
"Get List Group Backoffice Dengan page Bertipe String","1609","getListGroupWithPageAsString","Surefire suite","Thu Oct 08 10:15:06 UTC 2026","passed","Thu Oct 08 10:15:08 UTC 2026","testcases.backoffice.group.GetListGroupTest","Surefire test","testcases.backoffice.group.GetListGroupTest","getListGroupWithPageAsString"
"Get History Flop Transfer Test Supervisor","9200","historyFlopTransferTestSupervisor","Surefire suite","Thu Oct 08 11:41:13 UTC 2026","passed","Thu Oct 08 11:41:23 UTC 2026","testcases.history.HistoryTransferTest","Surefire test","testcases.history.HistoryTransferTest","historyFlopTransferTestSupervisor"
"Get Notification Sender Dengan Token Kadaluarsa","1444","getNotificationSenderWithExpiredToken","Surefire suite","Thu Oct 08 10:41:35 UTC 2026","passed","Thu Oct 08 10:41:37 UTC 2026","testcases.backoffice.notifsender.NotificationSenderTest","Surefire test","testcases.backoffice.notifsender.NotificationSenderTest","getNotificationSenderWithExpiredToken"
"Add Currency CS Admin Path Menggunakan HTTP Method GET","1827","addCurrencyWithGetMethod","Surefire suite","Thu Oct 08 11:26:23 UTC 2026","passed","Thu Oct 08 11:26:25 UTC 2026","testcases.backoffice.currency.AddCurrencyTest","Surefire test","testcases.backoffice.currency.AddCurrencyTest","addCurrencyWithGetMethod"
"Reset Password Customer Service","4929","resetPasswordCS","Surefire suite","Thu Oct 08 09:54:16 UTC 2026","passed","Thu Oct 08 09:54:21 UTC 2026","testcases.settings.ResetPasswordTest","Surefire test","testcases.settings.ResetPasswordTest","resetPasswordCS"
"Add User Backoffice","10053","addMerchantBackoffice","Surefire suite","Thu Oct 08 09:53:51 UTC 2026","passed","Thu Oct 08 09:54:01 UTC 2026","testcases.backoffice.users.AddUserTest","Surefire test","testcases.backoffice.users.AddUserTest","addMerchantBackoffice"
"Get History QR CS","9655","historyQRTestCS","Surefire suite","Thu Oct 08 10:48:54 UTC 2026","failed","Thu Oct 08 10:49:04 UTC 2026","testcases.history.HistoryQRTest","Surefire test","testcases.history.HistoryQRTest","historyQRTestCS"
"Add Group Backoffice Dengan name Hanya Spasi","1516","addGroupWithWhitespaceName","Surefire suite","Thu Oct 08 10:26:09 UTC 2026","passed","Thu Oct 08 10:26:10 UTC 2026","testcases.backoffice.group.AddGroupTest","Surefire test","testcases.backoffice.group.AddGroupTest","addGroupWithWhitespaceName"
"Get Notification Sender Dengan pinValidasi Berisi Karakter SQL Injection","4606","getNotificationSenderWithSqlInjectionPinValidasi","Surefire suite","Thu Oct 08 10:44:05 UTC 2026","passed","Thu Oct 08 10:44:09 UTC 2026","testcases.backoffice.notifsender.NotificationSenderTest","Surefire test","testcases.backoffice.notifsender.NotificationSenderTest","getNotificationSenderWithSqlInjectionPinValidasi"
"Delete Group Backoffice Menggunakan Login Admin Crypto","4750","deleteGroupWithAdminCryptoLogin","Surefire suite","Thu Oct 08 10:17:06 UTC 2026","passed","Thu Oct 08 10:17:11 UTC 2026","testcases.backoffice.group.DeleteGroupTest","Surefire test","testcases.backoffice.group.DeleteGroupTest","deleteGroupWithAdminCryptoLogin"
"Add Currency CS Admin Path Tanpa Field rate (Field Lain Saja)","1623","addCurrencyWithMissingRateField","Surefire suite","Thu Oct 08 11:27:01 UTC 2026","passed","Thu Oct 08 11:27:02 UTC 2026","testcases.backoffice.currency.AddCurrencyTest","Surefire test","testcases.backoffice.currency.AddCurrencyTest","addCurrencyWithMissingRateField"
"Resend Google Authenticator Menggunakan Login Marketing","4510","resendOtpGoogleWithMarketingLogin","Surefire suite","Thu Oct 08 10:33:17 UTC 2026","passed","Thu Oct 08 10:33:21 UTC 2026","testcases.backoffice.googleauth.ResendOtpGoogleTest","Surefire test","testcases.backoffice.googleauth.ResendOtpGoogleTest","resendOtpGoogleWithMarketingLogin"
"Get History Flop Transfer Test","14610","historyFlopTransferTest","Surefire suite","Thu Oct 08 11:40:10 UTC 2026","failed","Thu Oct 08 11:40:25 UTC 2026","testcases.history.HistoryTransferTest","Surefire test","testcases.history.HistoryTransferTest","historyFlopTransferTest"
"Get List Favorite Account Dengan Token Tidak Valid","1477","getListFavoriteAccountWithInvalidToken","Surefire suite","Thu Oct 08 12:10:28 UTC 2026","passed","Thu Oct 08 12:10:29 UTC 2026","testcases.settings.favoriteaccount.GetListFavoriteAccountTest","Surefire test","testcases.settings.favoriteaccount.GetListFavoriteAccountTest","getListFavoriteAccountWithInvalidToken"
"List Manage Settlement Backoffice Menggunakan Login Customer Service","4667","listManageSettlementWithCSLogin","Surefire suite","Thu Oct 08 10:37:14 UTC 2026","passed","Thu Oct 08 10:37:19 UTC 2026","testcases.backoffice.settlement.ManageSettlementTest","Surefire test","testcases.backoffice.settlement.ManageSettlementTest","listManageSettlementWithCSLogin"
"Get Notification Sender Menggunakan Login Marketing","4582","getNotificationSenderWithMarketingLogin","Surefire suite","Thu Oct 08 10:42:56 UTC 2026","passed","Thu Oct 08 10:43:01 UTC 2026","testcases.backoffice.notifsender.NotificationSenderTest","Surefire test","testcases.backoffice.notifsender.NotificationSenderTest","getNotificationSenderWithMarketingLogin"
"Transfer Different Partner Reference, Manual Transfer to Transfer","47690","trfPartnerRefManualFailed","Surefire suite","Thu Oct 08 10:13:24 UTC 2026","passed","Thu Oct 08 10:14:12 UTC 2026","testcases.transfer.SpecialTransferTest","Surefire test","testcases.transfer.SpecialTransferTest","trfPartnerRefManualFailed"
"List Company Backoffice Dengan Tipe Data Salah pada Field Limit (String, Bukan Integer)","4450","listCompanyWithInvalidFieldType","Surefire suite","Thu Oct 08 10:36:21 UTC 2026","passed","Thu Oct 08 10:36:26 UTC 2026","testcases.backoffice.ListCompanyTest","Surefire test","testcases.backoffice.ListCompanyTest","listCompanyWithInvalidFieldType"
"Delete Favorite Account Menggunakan HTTP Method PATCH","1393","deleteFavoriteAccountWithPatchMethod","Surefire suite","Thu Oct 08 09:58:11 UTC 2026","passed","Thu Oct 08 09:58:12 UTC 2026","testcases.settings.favoriteaccount.DeleteFavoriteAccountTest","Surefire test","testcases.settings.favoriteaccount.DeleteFavoriteAccountTest","deleteFavoriteAccountWithPatchMethod"
"Add Currency CS Admin Path Menggunakan HTTP Method PUT","1596","addCurrencyWithPutMethod","Surefire suite","Thu Oct 08 11:27:28 UTC 2026","passed","Thu Oct 08 11:27:30 UTC 2026","testcases.backoffice.currency.AddCurrencyTest","Surefire test","testcases.backoffice.currency.AddCurrencyTest","addCurrencyWithPutMethod"
"Inquiry Favorite Account Dengan Body Berupa Literal null","1487","inquiryFavoriteAccountWithNullLiteralBody","Surefire suite","Thu Oct 08 10:40:47 UTC 2026","passed","Thu Oct 08 10:40:48 UTC 2026","testcases.settings.favoriteaccount.InquiryFavoriteAccountTest","Surefire test","testcases.settings.favoriteaccount.InquiryFavoriteAccountTest","inquiryFavoriteAccountWithNullLiteralBody"
"Get List Google Authenticator Dengan Body Berupa Literal null","4403","listOtpGoogleWithNullLiteralBody","Surefire suite","Thu Oct 08 10:34:08 UTC 2026","passed","Thu Oct 08 10:34:13 UTC 2026","testcases.backoffice.googleauth.ListOtpGoogleTest","Surefire test","testcases.backoffice.googleauth.ListOtpGoogleTest","listOtpGoogleWithNullLiteralBody"
"List Company Backoffice Dengan Body JSON Tidak Valid (Malformed)","4543","listCompanyWithMalformedJson","Surefire suite","Thu Oct 08 10:36:45 UTC 2026","passed","Thu Oct 08 10:36:50 UTC 2026","testcases.backoffice.ListCompanyTest","Surefire test","testcases.backoffice.ListCompanyTest","listCompanyWithMalformedJson"
"Create Manage Settlement BO Dengan Body JSON Tidak Valid (Malformed)","4482","addManageSettlementWithMalformedJson","Surefire suite","Thu Oct 08 09:58:20 UTC 2026","passed","Thu Oct 08 09:58:25 UTC 2026","testcases.backoffice.settlement.AddManageSettlementTest","Surefire test","testcases.backoffice.settlement.AddManageSettlementTest","addManageSettlementWithMalformedJson"
"List User Backoffice Menggunakan Login Admin Crypto","4571","listUsersWithAdminCryptoLogin","Surefire suite","Thu Oct 08 10:44:38 UTC 2026","passed","Thu Oct 08 10:44:42 UTC 2026","testcases.backoffice.users.ListUsersTest","Surefire test","testcases.backoffice.users.ListUsersTest","listUsersWithAdminCryptoLogin"
"Success Assignment USDT Supervisor","14014","assignUSDTSupervisorTest","Surefire suite","Thu Oct 08 10:36:02 UTC 2026","failed","Thu Oct 08 10:36:16 UTC 2026","testcases.backoffice.TransferAssignmentTest","Surefire test","testcases.backoffice.TransferAssignmentTest","assignUSDTSupervisorTest"
"Add Group Backoffice Menggunakan Login Admin","4757","addGroupWithAdminLogin","Surefire suite","Thu Oct 08 10:23:19 UTC 2026","passed","Thu Oct 08 10:23:24 UTC 2026","testcases.backoffice.group.AddGroupTest","Surefire test","testcases.backoffice.group.AddGroupTest","addGroupWithAdminLogin"
"Get Dashboard Backoffice Tanpa Login/Header Auth","1448","getDashboardWithoutAuth","Surefire suite","Thu Oct 08 09:55:03 UTC 2026","passed","Thu Oct 08 09:55:04 UTC 2026","testcases.backoffice.GetDashboardTest","Surefire test","testcases.backoffice.GetDashboardTest","getDashboardWithoutAuth"
"Get Group Detail Backoffice Dengan Token Kadaluarsa","1404","getGroupDetailWithExpiredToken","Surefire suite","Thu Oct 08 10:21:00 UTC 2026","passed","Thu Oct 08 10:21:01 UTC 2026","testcases.backoffice.group.GetGroupTest","Surefire test","testcases.backoffice.group.GetGroupTest","getGroupDetailWithExpiredToken"
"Delete Manage Settlement BO Dengan id Berisi Spasi","4536","deleteManageSettlementWithWhitespaceId","Surefire suite","Thu Oct 08 10:06:48 UTC 2026","passed","Thu Oct 08 10:06:52 UTC 2026","testcases.backoffice.settlement.DeleteManageSettlementTest","Surefire test","testcases.backoffice.settlement.DeleteManageSettlementTest","deleteManageSettlementWithWhitespaceId"
"Add Group Backoffice Dengan Nama Sama Namun Beda Kapitalisasi","2931","addGroupWithDuplicateNameDifferentCase","Surefire suite","Thu Oct 08 10:23:54 UTC 2026","passed","Thu Oct 08 10:23:57 UTC 2026","testcases.backoffice.group.AddGroupTest","Surefire test","testcases.backoffice.group.AddGroupTest","addGroupWithDuplicateNameDifferentCase"
"Get History USDT Transfer Test Supervisor","14004","historyUSDTTransferTestSupervisor","Surefire suite","Thu Oct 08 11:49:03 UTC 2026","failed","Thu Oct 08 11:49:17 UTC 2026","testcases.history.HistoryTransferTest","Surefire test","testcases.history.HistoryTransferTest","historyUSDTTransferTestSupervisor"
"Check Status QR Tanpa id (Path Kosong)","1957","checkStatusQRWithEmptyId","Surefire suite","Thu Oct 08 10:31:58 UTC 2026","passed","Thu Oct 08 10:32:00 UTC 2026","testcases.QR.CheckStatusQRTest","Surefire test","testcases.QR.CheckStatusQRTest","checkStatusQRWithEmptyId"
"Delete Favorite Account Dengan Body Berupa JSON Array ([])","1482","deleteFavoriteAccountWithArrayBody","Surefire suite","Thu Oct 08 09:54:28 UTC 2026","passed","Thu Oct 08 09:54:30 UTC 2026","testcases.settings.favoriteaccount.DeleteFavoriteAccountTest","Surefire test","testcases.settings.favoriteaccount.DeleteFavoriteAccountTest","deleteFavoriteAccountWithArrayBody"
"Get List Group Backoffice Dengan Token Backoffice Valid Tapi Tanpa Header pbyv","1503","getListGroupWithoutPbyvHeader","Surefire suite","Thu Oct 08 10:16:17 UTC 2026","passed","Thu Oct 08 10:16:19 UTC 2026","testcases.backoffice.group.GetListGroupTest","Surefire test","testcases.backoffice.group.GetListGroupTest","getListGroupWithoutPbyvHeader"
"Delete Favorite Account Dengan id Sangat Panjang","41517","deleteFavoriteAccountWithVeryLongId","Surefire suite","Thu Oct 08 09:59:48 UTC 2026","failed","Thu Oct 08 10:00:30 UTC 2026","testcases.settings.favoriteaccount.DeleteFavoriteAccountTest","Surefire test","testcases.settings.favoriteaccount.DeleteFavoriteAccountTest","deleteFavoriteAccountWithVeryLongId"
"Test Reject USDT","13758","rejectedUSDT","Surefire suite","Thu Oct 08 11:19:41 UTC 2026","failed","Thu Oct 08 11:19:55 UTC 2026","testcases.backoffice.ApprovalTransferTest","Surefire test","testcases.backoffice.ApprovalTransferTest","rejectedUSDT"
"List Company Backoffice Menggunakan HTTP Method GET","4566","listCompanyWithGetMethod","Surefire suite","Thu Oct 08 10:36:06 UTC 2026","passed","Thu Oct 08 10:36:10 UTC 2026","testcases.backoffice.ListCompanyTest","Surefire test","testcases.backoffice.ListCompanyTest","listCompanyWithGetMethod"
"Created Favorite Account Tanpa Field beneficiaryAccountNo","1445","createdFavoriteAccountWithoutBeneficiaryAccountNoField","Surefire suite","Thu Oct 08 10:39:28 UTC 2026","failed","Thu Oct 08 10:39:30 UTC 2026","testcases.settings.favoriteaccount.CreatedFavoriteAccountTest","Surefire test","testcases.settings.favoriteaccount.CreatedFavoriteAccountTest","createdFavoriteAccountWithoutBeneficiaryAccountNoField"
"Transfer Different Partner Reference, Transfer to Manual Transfer","14113","trfPartnerRefTransferFailed","Surefire suite","Thu Oct 08 10:35:52 UTC 2026","failed","Thu Oct 08 10:36:06 UTC 2026","testcases.transfer.ManualTransferTest","Surefire test","testcases.transfer.ManualTransferTest","trfPartnerRefTransferFailed"
"Get History Special Transfer Test Supervisor","14171","historySpecialTransferTestSupervisor","Surefire suite","Thu Oct 08 11:45:17 UTC 2026","failed","Thu Oct 08 11:45:31 UTC 2026","testcases.history.HistoryTransferTest","Surefire test","testcases.history.HistoryTransferTest","historySpecialTransferTestSupervisor"
"Get List Group Company BO Menggunakan Login Merchant","4604","getListGroupCompanyWithMerchantLogin","Surefire suite","Thu Oct 08 10:02:09 UTC 2026","passed","Thu Oct 08 10:02:13 UTC 2026","testcases.backoffice.settlement.GetListGroupCompanyTest","Surefire test","testcases.backoffice.settlement.GetListGroupCompanyTest","getListGroupCompanyWithMerchantLogin"
"List Manage Settlement Backoffice","4573","listManageSettlementTest","Surefire suite","Thu Oct 08 10:36:36 UTC 2026","passed","Thu Oct 08 10:36:41 UTC 2026","testcases.backoffice.settlement.ManageSettlementTest","Surefire test","testcases.backoffice.settlement.ManageSettlementTest","listManageSettlementTest"
"Request Refund Transfer CS","4731","refundTransferCS","Surefire suite","Thu Oct 08 09:54:09 UTC 2026","passed","Thu Oct 08 09:54:13 UTC 2026","testcases.transfer.RefundTransferTest","Surefire test","testcases.transfer.RefundTransferTest","refundTransferCS"
"Get Dashboard User Backoffice","5640","getDashboardSuperBO","Surefire suite","Thu Oct 08 09:53:55 UTC 2026","passed","Thu Oct 08 09:54:01 UTC 2026","testcases.backoffice.GetDashboardTest","Surefire test","testcases.backoffice.GetDashboardTest","getDashboardSuperBO"
"Get History Transfer Supervisor on Login CS Admin","14003","historyTransferSupervisorTestCSAdmin","Surefire suite","Thu Oct 08 11:45:50 UTC 2026","failed","Thu Oct 08 11:46:04 UTC 2026","testcases.history.HistoryTransferTest","Surefire test","testcases.history.HistoryTransferTest","historyTransferSupervisorTestCSAdmin"
"Refund Summary Menggunakan Login Marketing","4492","getRefundWithMarketingLogin","Surefire suite","Thu Oct 08 10:41:55 UTC 2026","passed","Thu Oct 08 10:42:00 UTC 2026","testcases.backoffice.refund.GetRefundTest","Surefire test","testcases.backoffice.refund.GetRefundTest","getRefundWithMarketingLogin"
"Refund Summary Dengan Header Authorization Tanpa Skema Bearer","1432","getRefundWithMalformedAuthorizationHeader","Surefire suite","Thu Oct 08 10:41:46 UTC 2026","passed","Thu Oct 08 10:41:48 UTC 2026","testcases.backoffice.refund.GetRefundTest","Surefire test","testcases.backoffice.refund.GetRefundTest","getRefundWithMalformedAuthorizationHeader"
"Delete Manage Settlement BO Menggunakan Login Supervisor","4479","deleteManageSettlementWithSupervisorLogin","Surefire suite","Thu Oct 08 10:06:40 UTC 2026","passed","Thu Oct 08 10:06:45 UTC 2026","testcases.backoffice.settlement.DeleteManageSettlementTest","Surefire test","testcases.backoffice.settlement.DeleteManageSettlementTest","deleteManageSettlementWithSupervisorLogin"
"Mutasi Transfer","8321","mutasiTransfer","Surefire suite","Thu Oct 08 12:01:35 UTC 2026","passed","Thu Oct 08 12:01:44 UTC 2026","testcases.mutasi.MutasiTransferTest","Surefire test","testcases.mutasi.MutasiTransferTest","mutasiTransfer"
"Get Dashboard Backoffice Menggunakan Login Customer Service","4706","getDashboardWithCSLogin","Surefire suite","Thu Oct 08 09:54:27 UTC 2026","passed","Thu Oct 08 09:54:32 UTC 2026","testcases.backoffice.GetDashboardTest","Surefire test","testcases.backoffice.GetDashboardTest","getDashboardWithCSLogin"
"Get Detail User Backoffice Dengan Token Tidak Valid","1423","getUsersWithInvalidToken","Surefire suite","Thu Oct 08 10:43:59 UTC 2026","passed","Thu Oct 08 10:44:00 UTC 2026","testcases.backoffice.users.ListUsersTest","Surefire test","testcases.backoffice.users.ListUsersTest","getUsersWithInvalidToken"
"Test Settlement USDT dengan check Fee di Admin Crypto dan Admin Fee","13796","settlementUSDT","Surefire suite","Thu Oct 08 11:20:15 UTC 2026","failed","Thu Oct 08 11:20:29 UTC 2026","testcases.backoffice.ApprovalTransferTest","Surefire test","testcases.backoffice.ApprovalTransferTest","settlementUSDT"
"Get List Favorite Account Dengan Content-Type text/plain","1416","getListFavoriteAccountWithWrongContentType","Surefire suite","Thu Oct 08 12:11:27 UTC 2026","passed","Thu Oct 08 12:11:28 UTC 2026","testcases.settings.favoriteaccount.GetListFavoriteAccountTest","Surefire test","testcases.settings.favoriteaccount.GetListFavoriteAccountTest","getListFavoriteAccountWithWrongContentType"
"List Refund Dengan Ukuran Halaman Sangat Besar","5027","listRefundWithHugeSize","Surefire suite","Thu Oct 08 11:33:36 UTC 2026","passed","Thu Oct 08 11:33:41 UTC 2026","testcases.backoffice.ListRefundTest","Surefire test","testcases.backoffice.ListRefundTest","listRefundWithHugeSize"
"Delete Group Backoffice Menggunakan HTTP Method DELETE","1407","deleteGroupWithDeleteMethod","Surefire suite","Thu Oct 08 10:17:40 UTC 2026","passed","Thu Oct 08 10:17:42 UTC 2026","testcases.backoffice.group.DeleteGroupTest","Surefire test","testcases.backoffice.group.DeleteGroupTest","deleteGroupWithDeleteMethod"
"List Manage Settlement Backoffice Dengan Header Authorization Tanpa Skema Bearer","1452","listManageSettlementWithMalformedAuthorizationHeader","Surefire suite","Thu Oct 08 10:38:16 UTC 2026","passed","Thu Oct 08 10:38:18 UTC 2026","testcases.backoffice.settlement.ManageSettlementTest","Surefire test","testcases.backoffice.settlement.ManageSettlementTest","listManageSettlementWithMalformedAuthorizationHeader"
"Test Get Report Transfer Merchant","11112","getReportTransferAdmin","Surefire suite","Thu Oct 08 09:54:41 UTC 2026","passed","Thu Oct 08 09:54:52 UTC 2026","testcases.report.ReportTransactionTest","Surefire test","testcases.report.ReportTransactionTest","getReportTransferAdmin"
"Add Currency CS Admin Path Menggunakan Login Customer Service","4857","addCurrencyWithCSLogin","Surefire suite","Thu Oct 08 11:25:48 UTC 2026","passed","Thu Oct 08 11:25:53 UTC 2026","testcases.backoffice.currency.AddCurrencyTest","Surefire test","testcases.backoffice.currency.AddCurrencyTest","addCurrencyWithCSLogin"
"Delete Manage Settlement BO Menggunakan Login Admin Crypto","4471","deleteManageSettlementWithAdminCryptoLogin","Surefire suite","Thu Oct 08 10:04:14 UTC 2026","passed","Thu Oct 08 10:04:18 UTC 2026","testcases.backoffice.settlement.DeleteManageSettlementTest","Surefire test","testcases.backoffice.settlement.DeleteManageSettlementTest","deleteManageSettlementWithAdminCryptoLogin"
"Delete Group Backoffice Menggunakan Login Merchant","4539","deleteGroupWithMerchantLogin","Surefire suite","Thu Oct 08 10:18:37 UTC 2026","passed","Thu Oct 08 10:18:42 UTC 2026","testcases.backoffice.group.DeleteGroupTest","Surefire test","testcases.backoffice.group.DeleteGroupTest","deleteGroupWithMerchantLogin"
"Mutasi Transfer","8381","mutasiTransferAdminCrypto","Surefire suite","Thu Oct 08 12:01:47 UTC 2026","passed","Thu Oct 08 12:01:55 UTC 2026","testcases.mutasi.MutasiTransferTest","Surefire test","testcases.mutasi.MutasiTransferTest","mutasiTransferAdminCrypto"
"Check Status QR Supervisor","6785","checkStatusQRSupervisor","Surefire suite","Thu Oct 08 10:51:59 UTC 2026","failed","Thu Oct 08 10:52:06 UTC 2026","testcases.QR.CheckStatusQRTest","Surefire test","testcases.QR.CheckStatusQRTest","checkStatusQRSupervisor"
"Create Manage Settlement BO Dengan Item companyList Tanpa companyId","4779","addManageSettlementWithoutCompanyId","Surefire suite","Thu Oct 08 10:00:18 UTC 2026","passed","Thu Oct 08 10:00:23 UTC 2026","testcases.backoffice.settlement.AddManageSettlementTest","Surefire test","testcases.backoffice.settlement.AddManageSettlementTest","addManageSettlementWithoutCompanyId"
"Created Favorite Account Dengan Token Kadaluarsa","1439","createdFavoriteAccountWithExpiredToken","Surefire suite","Thu Oct 08 10:38:21 UTC 2026","passed","Thu Oct 08 10:38:22 UTC 2026","testcases.settings.favoriteaccount.CreatedFavoriteAccountTest","Surefire test","testcases.settings.favoriteaccount.CreatedFavoriteAccountTest","createdFavoriteAccountWithExpiredToken"
"Mutasi USDT Transfer Balance","18593","mutasiUSDTTransferBalanceSupervisor","Surefire suite","Thu Oct 08 12:04:47 UTC 2026","failed","Thu Oct 08 12:05:06 UTC 2026","testcases.mutasi.MutasiTransferTest","Surefire test","testcases.mutasi.MutasiTransferTest","mutasiUSDTTransferBalanceSupervisor"
"Delete Manage Settlement BO Menggunakan HTTP Method PATCH","4373","deleteManageSettlementWithPatchMethod","Surefire suite","Thu Oct 08 10:06:10 UTC 2026","passed","Thu Oct 08 10:06:14 UTC 2026","testcases.backoffice.settlement.DeleteManageSettlementTest","Surefire test","testcases.backoffice.settlement.DeleteManageSettlementTest","deleteManageSettlementWithPatchMethod"
"Add Group Backoffice Dengan name Sangat Panjang","1480","addGroupWithVeryLongName","Surefire suite","Thu Oct 08 10:26:04 UTC 2026","passed","Thu Oct 08 10:26:06 UTC 2026","testcases.backoffice.group.AddGroupTest","Surefire test","testcases.backoffice.group.AddGroupTest","addGroupWithVeryLongName"
"Add Currency CS Admin Path Dengan Bearer Token Kosong","1449","addCurrencyWithEmptyBearerToken","Surefire suite","Thu Oct 08 11:26:09 UTC 2026","passed","Thu Oct 08 11:26:11 UTC 2026","testcases.backoffice.currency.AddCurrencyTest","Surefire test","testcases.backoffice.currency.AddCurrencyTest","addCurrencyWithEmptyBearerToken"
"List Manage Settlement Backoffice Menggunakan HTTP Method GET","4438","listManageSettlementWithGetMethod","Surefire suite","Thu Oct 08 10:37:41 UTC 2026","passed","Thu Oct 08 10:37:46 UTC 2026","testcases.backoffice.settlement.ManageSettlementTest","Surefire test","testcases.backoffice.settlement.ManageSettlementTest","listManageSettlementWithGetMethod"
"Add User Backoffice Dengan email Berisi Spasi","1680","addMerchantBackofficeWithWhitespaceEmail","Surefire suite","Thu Oct 08 09:55:38 UTC 2026","passed","Thu Oct 08 09:55:40 UTC 2026","testcases.backoffice.users.AddUserTest","Surefire test","testcases.backoffice.users.AddUserTest","addMerchantBackofficeWithWhitespaceEmail"
"Mutasi Transfer Supervisor Balance","10560","mutasiTransferSupervisorBalance","Surefire suite","Thu Oct 08 12:02:59 UTC 2026","passed","Thu Oct 08 12:03:09 UTC 2026","testcases.mutasi.MutasiTransferTest","Surefire test","testcases.mutasi.MutasiTransferTest","mutasiTransferSupervisorBalance"
"Get List Google Authenticator Menggunakan Login Admin","4653","listOtpGoogleWithAdminLogin","Surefire suite","Thu Oct 08 10:32:02 UTC 2026","passed","Thu Oct 08 10:32:07 UTC 2026","testcases.backoffice.googleauth.ListOtpGoogleTest","Surefire test","testcases.backoffice.googleauth.ListOtpGoogleTest","listOtpGoogleWithAdminLogin"
"Reset Pin Merchant","4893","resetPinMerchant","Surefire suite","Thu Oct 08 10:41:50 UTC 2026","passed","Thu Oct 08 10:41:55 UTC 2026","testcases.settings.ResetPinTest","Surefire test","testcases.settings.ResetPinTest","resetPinMerchant"
"Delete Favorite Account Tanpa Field pin","41620","deleteFavoriteAccountWithoutPinField","Surefire suite","Thu Oct 08 10:05:11 UTC 2026","failed","Thu Oct 08 10:05:53 UTC 2026","testcases.settings.favoriteaccount.DeleteFavoriteAccountTest","Surefire test","testcases.settings.favoriteaccount.DeleteFavoriteAccountTest","deleteFavoriteAccountWithoutPinField"
"Delete Group Backoffice Menggunakan Login Marketing","4641","deleteGroupWithMarketingLogin","Surefire suite","Thu Oct 08 10:18:30 UTC 2026","passed","Thu Oct 08 10:18:34 UTC 2026","testcases.backoffice.group.DeleteGroupTest","Surefire test","testcases.backoffice.group.DeleteGroupTest","deleteGroupWithMarketingLogin"
"Get Notification Sender Dengan Body Berupa Literal null","4396","getNotificationSenderWithNullLiteralBody","Surefire suite","Thu Oct 08 10:43:19 UTC 2026","passed","Thu Oct 08 10:43:23 UTC 2026","testcases.backoffice.notifsender.NotificationSenderTest","Surefire test","testcases.backoffice.notifsender.NotificationSenderTest","getNotificationSenderWithNullLiteralBody"
"List Company Backoffice Dengan Field Sort Merujuk ke Kolom yang Tidak Ada","4676","listCompanyWithInvalidSortField","Surefire suite","Thu Oct 08 10:36:29 UTC 2026","passed","Thu Oct 08 10:36:34 UTC 2026","testcases.backoffice.ListCompanyTest","Surefire test","testcases.backoffice.ListCompanyTest","listCompanyWithInvalidSortField"
"Inquiry Favorite Account Dengan Token Valid Tapi Tanpa Header credentialId","1463","inquiryFavoriteAccountWithoutCredentialIdHeader","Surefire suite","Thu Oct 08 10:41:46 UTC 2026","passed","Thu Oct 08 10:41:47 UTC 2026","testcases.settings.favoriteaccount.InquiryFavoriteAccountTest","Surefire test","testcases.settings.favoriteaccount.InquiryFavoriteAccountTest","inquiryFavoriteAccountWithoutCredentialIdHeader"
"List User Backoffice","4644","listUsersBO","Surefire suite","Thu Oct 08 10:44:30 UTC 2026","passed","Thu Oct 08 10:44:35 UTC 2026","testcases.backoffice.users.ListUsersTest","Surefire test","testcases.backoffice.users.ListUsersTest","listUsersBO"
"Add Currency CS Admin Path Dengan rate Desimal","1546","addCurrencyWithDecimalRate","Surefire suite","Thu Oct 08 11:25:56 UTC 2026","passed","Thu Oct 08 11:25:57 UTC 2026","testcases.backoffice.currency.AddCurrencyTest","Surefire test","testcases.backoffice.currency.AddCurrencyTest","addCurrencyWithDecimalRate"
"Success Login Admin","3177","testLoginAdmin","Surefire suite","Thu Oct 08 09:55:43 UTC 2026","passed","Thu Oct 08 09:55:46 UTC 2026","testcases.auth.LoginTest","Surefire test","testcases.auth.LoginTest","testLoginAdmin"
"Get Group Detail Backoffice Dengan Group Id Milik Entitas Lain (User Id)","4464","getGroupDetailWithForeignEntityId","Surefire suite","Thu Oct 08 10:21:04 UTC 2026","passed","Thu Oct 08 10:21:09 UTC 2026","testcases.backoffice.group.GetGroupTest","Surefire test","testcases.backoffice.group.GetGroupTest","getGroupDetailWithForeignEntityId"
"Test Get Report Transaction Supervisor","5481","getReportTransactionSupervisor","Surefire suite","Thu Oct 08 09:53:58 UTC 2026","passed","Thu Oct 08 09:54:04 UTC 2026","testcases.report.ReportTransactionTest","Surefire test","testcases.report.ReportTransactionTest","getReportTransactionSupervisor"
"Refund Summary Dengan endDate Bukan Format Tanggal","1479","getRefundWithInvalidEndDate","Surefire suite","Thu Oct 08 10:41:28 UTC 2026","passed","Thu Oct 08 10:41:30 UTC 2026","testcases.backoffice.refund.GetRefundTest","Surefire test","testcases.backoffice.refund.GetRefundTest","getRefundWithInvalidEndDate"
"Create Manage Settlement BO Tanpa Field groupName","4509","addManageSettlementWithoutGroupName","Surefire suite","Thu Oct 08 10:00:33 UTC 2026","passed","Thu Oct 08 10:00:38 UTC 2026","testcases.backoffice.settlement.AddManageSettlementTest","Surefire test","testcases.backoffice.settlement.AddManageSettlementTest","addManageSettlementWithoutGroupName"
"Success Assignment Cash Deposit Supervisor","13403","assignCashDepositSupervisorTest","Surefire suite","Thu Oct 08 10:35:30 UTC 2026","passed","Thu Oct 08 10:35:43 UTC 2026","testcases.backoffice.TransferAssignmentTest","Surefire test","testcases.backoffice.TransferAssignmentTest","assignCashDepositSupervisorTest"
"Inquiry Favorite Account Dengan Body JSON Tidak Valid (Malformed)","1470","inquiryFavoriteAccountWithMalformedJson","Surefire suite","Thu Oct 08 10:40:38 UTC 2026","passed","Thu Oct 08 10:40:39 UTC 2026","testcases.settings.favoriteaccount.InquiryFavoriteAccountTest","Surefire test","testcases.settings.favoriteaccount.InquiryFavoriteAccountTest","inquiryFavoriteAccountWithMalformedJson"
"Add Group Backoffice Dengan name String Kosong","1468","addGroupWithEmptyName","Surefire suite","Thu Oct 08 10:24:16 UTC 2026","passed","Thu Oct 08 10:24:18 UTC 2026","testcases.backoffice.group.AddGroupTest","Surefire test","testcases.backoffice.group.AddGroupTest","addGroupWithEmptyName"
"Add Group Backoffice Menggunakan Login CS Admin","4466","addGroupWithCSAdminLogin","Surefire suite","Thu Oct 08 10:23:34 UTC 2026","passed","Thu Oct 08 10:23:39 UTC 2026","testcases.backoffice.group.AddGroupTest","Surefire test","testcases.backoffice.group.AddGroupTest","addGroupWithCSAdminLogin"
"Get List Google Authenticator Menggunakan Login Admin Crypto","4751","listOtpGoogleWithAdminCryptoLogin","Surefire suite","Thu Oct 08 10:31:54 UTC 2026","passed","Thu Oct 08 10:31:59 UTC 2026","testcases.backoffice.googleauth.ListOtpGoogleTest","Surefire test","testcases.backoffice.googleauth.ListOtpGoogleTest","listOtpGoogleWithAdminCryptoLogin"
"List Manage Settlement Backoffice Dengan Ukuran Halaman Sangat Besar","4698","listManageSettlementWithHugeSize","Surefire suite","Thu Oct 08 10:37:49 UTC 2026","passed","Thu Oct 08 10:37:53 UTC 2026","testcases.backoffice.settlement.ManageSettlementTest","Surefire test","testcases.backoffice.settlement.ManageSettlementTest","listManageSettlementWithHugeSize"
"Delete Google Authenticator Menggunakan Login Marketing","4618","deleteOtpGoogleWithMarketingLogin","Surefire suite","Thu Oct 08 10:28:10 UTC 2026","passed","Thu Oct 08 10:28:14 UTC 2026","testcases.backoffice.googleauth.DeleteOtpGoogleTest","Surefire test","testcases.backoffice.googleauth.DeleteOtpGoogleTest","deleteOtpGoogleWithMarketingLogin"
"Reset Pin CS Admin","4748","resetPinCSAdmin","Surefire suite","Thu Oct 08 09:54:40 UTC 2026","passed","Thu Oct 08 09:54:45 UTC 2026","testcases.settings.ResetPinTest","Surefire test","testcases.settings.ResetPinTest","resetPinCSAdmin"
"Get List Favorite Account Dengan page Melebihi Total Halaman","1582","getListFavoriteAccountWithPageBeyondTotalPages","Surefire suite","Thu Oct 08 12:10:55 UTC 2026","passed","Thu Oct 08 12:10:56 UTC 2026","testcases.settings.favoriteaccount.GetListFavoriteAccountTest","Surefire test","testcases.settings.favoriteaccount.GetListFavoriteAccountTest","getListFavoriteAccountWithPageBeyondTotalPages"
"Get Group Detail Backoffice Dengan Group Id Sangat Panjang (10.000 karakter)","4736","getGroupDetailWithOverlongId","Surefire suite","Thu Oct 08 10:21:59 UTC 2026","passed","Thu Oct 08 10:22:03 UTC 2026","testcases.backoffice.group.GetGroupTest","Surefire test","testcases.backoffice.group.GetGroupTest","getGroupDetailWithOverlongId"
"Delete Favorite Account Menggunakan HTTP Method DELETE","1405","deleteFavoriteAccountWithDeleteMethod","Surefire suite","Thu Oct 08 09:54:33 UTC 2026","passed","Thu Oct 08 09:54:34 UTC 2026","testcases.settings.favoriteaccount.DeleteFavoriteAccountTest","Surefire test","testcases.settings.favoriteaccount.DeleteFavoriteAccountTest","deleteFavoriteAccountWithDeleteMethod"
"Get List Group Backoffice Dengan Header Authorization Tanpa Skema Bearer","1486","getListGroupWithMalformedAuthorizationHeader","Surefire suite","Thu Oct 08 10:14:29 UTC 2026","passed","Thu Oct 08 10:14:30 UTC 2026","testcases.backoffice.group.GetListGroupTest","Surefire test","testcases.backoffice.group.GetListGroupTest","getListGroupWithMalformedAuthorizationHeader"
"Get Notification Sender Dengan Ukuran Halaman Sangat Besar","26389","getNotificationSenderWithHugeSize","Surefire suite","Thu Oct 08 10:41:47 UTC 2026","passed","Thu Oct 08 10:42:14 UTC 2026","testcases.backoffice.notifsender.NotificationSenderTest","Surefire test","testcases.backoffice.notifsender.NotificationSenderTest","getNotificationSenderWithHugeSize"
"Get User Backoffice Tanpa Login/Header Auth","1445","getUserWithoutAuth","Surefire suite","Thu Oct 08 09:56:06 UTC 2026","passed","Thu Oct 08 09:56:08 UTC 2026","testcases.backoffice.GetDashboardTest","Surefire test","testcases.backoffice.GetDashboardTest","getUserWithoutAuth"
"Add Currency CS Admin Path Dengan Karakter SQL Injection pada rate","1523","addCurrencyWithSqlInjectionRate","Surefire suite","Thu Oct 08 11:27:33 UTC 2026","passed","Thu Oct 08 11:27:34 UTC 2026","testcases.backoffice.currency.AddCurrencyTest","Surefire test","testcases.backoffice.currency.AddCurrencyTest","addCurrencyWithSqlInjectionRate"
"Get Notification Sender Menggunakan Login Admin Crypto","4452","getNotificationSenderWithAdminCryptoLogin","Surefire suite","Thu Oct 08 10:40:35 UTC 2026","passed","Thu Oct 08 10:40:40 UTC 2026","testcases.backoffice.notifsender.NotificationSenderTest","Surefire test","testcases.backoffice.notifsender.NotificationSenderTest","getNotificationSenderWithAdminCryptoLogin"
"Get List Group Backoffice Menggunakan Login Admin Crypto","4601","getListGroupWithAdminCryptoLogin","Surefire suite","Thu Oct 08 10:13:20 UTC 2026","passed","Thu Oct 08 10:13:25 UTC 2026","testcases.backoffice.group.GetListGroupTest","Surefire test","testcases.backoffice.group.GetListGroupTest","getListGroupWithAdminCryptoLogin"
"Normal Transfer USDT Success Admin Crypto","7375","usdtTransferAdminCrypto","Surefire suite","Thu Oct 08 09:54:26 UTC 2026","passed","Thu Oct 08 09:54:33 UTC 2026","testcases.transfer.TransferUSDTTest","Surefire test","testcases.transfer.TransferUSDTTest","usdtTransferAdminCrypto"
"Check Status QR Menggunakan HTTP Method DELETE","3309","checkStatusQRWithDeleteMethod","Surefire suite","Thu Oct 08 10:31:52 UTC 2026","passed","Thu Oct 08 10:31:55 UTC 2026","testcases.QR.CheckStatusQRTest","Surefire test","testcases.QR.CheckStatusQRTest","checkStatusQRWithDeleteMethod"
"Created Favorite Account Dengan pin String Kosong","1661","createdFavoriteAccountWithEmptyPin","Surefire suite","Thu Oct 08 10:38:16 UTC 2026","passed","Thu Oct 08 10:38:18 UTC 2026","testcases.settings.favoriteaccount.CreatedFavoriteAccountTest","Surefire test","testcases.settings.favoriteaccount.CreatedFavoriteAccountTest","createdFavoriteAccountWithEmptyPin"
"Get Balance Marketing","8580","getBalanceMarketing","Surefire suite","Thu Oct 08 09:53:53 UTC 2026","passed","Thu Oct 08 09:54:02 UTC 2026","testcases.balance.GetBalanceQrisTest","Surefire test","testcases.balance.GetBalanceQrisTest","getBalanceMarketing"
"Refund Summary Dengan type String Kosong","1530","getRefundWithEmptyType","Surefire suite","Thu Oct 08 10:41:10 UTC 2026","passed","Thu Oct 08 10:41:12 UTC 2026","testcases.backoffice.refund.GetRefundTest","Surefire test","testcases.backoffice.refund.GetRefundTest","getRefundWithEmptyType"
"Delete Manage Settlement BO Menggunakan Login Admin","4790","deleteManageSettlementWithAdminLogin","Surefire suite","Thu Oct 08 10:04:21 UTC 2026","passed","Thu Oct 08 10:04:26 UTC 2026","testcases.backoffice.settlement.DeleteManageSettlementTest","Surefire test","testcases.backoffice.settlement.DeleteManageSettlementTest","deleteManageSettlementWithAdminLogin"
"Get Group Detail Backoffice Dengan Path Traversal pada Group Id","4621","getGroupDetailWithPathTraversalId","Surefire suite","Thu Oct 08 10:22:06 UTC 2026","passed","Thu Oct 08 10:22:11 UTC 2026","testcases.backoffice.group.GetGroupTest","Surefire test","testcases.backoffice.group.GetGroupTest","getGroupDetailWithPathTraversalId"
"List Refund Dengan Tipe Data Salah pada Field Limit (String, Bukan Integer)","4625","listRefundWithInvalidFieldType","Surefire suite","Thu Oct 08 11:33:44 UTC 2026","passed","Thu Oct 08 11:33:49 UTC 2026","testcases.backoffice.ListRefundTest","Surefire test","testcases.backoffice.ListRefundTest","listRefundWithInvalidFieldType"
"Get History Special Transfer Test Admin","11457","historySpecialTransferTestAdmin","Surefire suite","Thu Oct 08 11:44:16 UTC 2026","passed","Thu Oct 08 11:44:28 UTC 2026","testcases.history.HistoryTransferTest","Surefire test","testcases.history.HistoryTransferTest","historySpecialTransferTestAdmin"
"Get History Manual Transfer Test Admin","11746","historyManualTransferTestFeeAdmin","Surefire suite","Thu Oct 08 11:42:58 UTC 2026","passed","Thu Oct 08 11:43:10 UTC 2026","testcases.history.HistoryTransferTest","Surefire test","testcases.history.HistoryTransferTest","historyManualTransferTestFeeAdmin"
"Test Approve Special Transfer dengan check Fee di Admin Fee","18582","approvedSpecialTransferBalance","Surefire suite","Thu Oct 08 11:16:04 UTC 2026","failed","Thu Oct 08 11:16:23 UTC 2026","testcases.backoffice.ApprovalTransferTest","Surefire test","testcases.backoffice.ApprovalTransferTest","approvedSpecialTransferBalance"
"List User Backoffice Dengan Ukuran Halaman Sangat Besar","5620","listUsersWithHugeSize","Surefire suite","Thu Oct 08 10:45:00 UTC 2026","passed","Thu Oct 08 10:45:06 UTC 2026","testcases.backoffice.users.ListUsersTest","Surefire test","testcases.backoffice.users.ListUsersTest","listUsersWithHugeSize"
"Get List Group Backoffice Dengan Body Kosong ({})","1527","getListGroupWithEmptyBody","Surefire suite","Thu Oct 08 10:14:02 UTC 2026","passed","Thu Oct 08 10:14:04 UTC 2026","testcases.backoffice.group.GetListGroupTest","Surefire test","testcases.backoffice.group.GetListGroupTest","getListGroupWithEmptyBody"
"List Currency USDT Dengan Sort Tanpa Operator '=='","1509","getCurrencyWithMalformedSortOperator","Surefire suite","Thu Oct 08 10:09:05 UTC 2026","passed","Thu Oct 08 10:09:06 UTC 2026","testcases.backoffice.currency.GetCurrencyTest","Surefire test","testcases.backoffice.currency.GetCurrencyTest","getCurrencyWithMalformedSortOperator"
"Delete Group Backoffice Dengan id String Kosong","1511","deleteGroupWithEmptyId","Surefire suite","Thu Oct 08 10:17:49 UTC 2026","passed","Thu Oct 08 10:17:51 UTC 2026","testcases.backoffice.group.DeleteGroupTest","Surefire test","testcases.backoffice.group.DeleteGroupTest","deleteGroupWithEmptyId"
"Get List Group Company BO","4578","getListGroupCompanyBO","Surefire suite","Thu Oct 08 10:00:48 UTC 2026","passed","Thu Oct 08 10:00:53 UTC 2026","testcases.backoffice.settlement.GetListGroupCompanyTest","Surefire test","testcases.backoffice.settlement.GetListGroupCompanyTest","getListGroupCompanyBO"
"Get Detail Waiting Company Backoffice Menggunakan HTTP Method PUT","4458","getDetailWaitingCompanyWithPutMethod","Surefire suite","Thu Oct 08 10:12:22 UTC 2026","passed","Thu Oct 08 10:12:27 UTC 2026","testcases.backoffice.GetDetailWaitingCompanyTest","Surefire test","testcases.backoffice.GetDetailWaitingCompanyTest","getDetailWaitingCompanyWithPutMethod"
"Add User Backoffice Tanpa Login/Header Auth","1432","addMerchantBackofficeWithoutAuth","Surefire suite","Thu Oct 08 09:55:57 UTC 2026","passed","Thu Oct 08 09:55:58 UTC 2026","testcases.backoffice.users.AddUserTest","Surefire test","testcases.backoffice.users.AddUserTest","addMerchantBackofficeWithoutAuth"
"Refund Summary Dengan Body Berupa JSON Array ([])","4665","getRefundWithArrayBody","Surefire suite","Thu Oct 08 10:40:34 UTC 2026","passed","Thu Oct 08 10:40:39 UTC 2026","testcases.backoffice.refund.GetRefundTest","Surefire test","testcases.backoffice.refund.GetRefundTest","getRefundWithArrayBody"
"Mutasi Special Transfer Balance CS","25206","mutasiSpecialTransferBalanceCS","Surefire suite","Thu Oct 08 11:58:56 UTC 2026","failed","Thu Oct 08 11:59:21 UTC 2026","testcases.mutasi.MutasiTransferTest","Surefire test","testcases.mutasi.MutasiTransferTest","mutasiSpecialTransferBalanceCS"
"Delete Google Authenticator Menggunakan Login Supervisor","4578","deleteOtpGoogleWithSupervisorLogin","Surefire suite","Thu Oct 08 10:29:10 UTC 2026","passed","Thu Oct 08 10:29:14 UTC 2026","testcases.backoffice.googleauth.DeleteOtpGoogleTest","Surefire test","testcases.backoffice.googleauth.DeleteOtpGoogleTest","deleteOtpGoogleWithSupervisorLogin"
"Get Dashboard Backoffice Menggunakan Login CS Admin","4808","getDashboardWithCSAdminLogin","Surefire suite","Thu Oct 08 09:54:20 UTC 2026","passed","Thu Oct 08 09:54:24 UTC 2026","testcases.backoffice.GetDashboardTest","Surefire test","testcases.backoffice.GetDashboardTest","getDashboardWithCSAdminLogin"
"List Refund Menggunakan Login Supervisor","4499","listRefundWithSupervisorLogin","Surefire suite","Thu Oct 08 11:34:50 UTC 2026","passed","Thu Oct 08 11:34:54 UTC 2026","testcases.backoffice.ListRefundTest","Surefire test","testcases.backoffice.ListRefundTest","listRefundWithSupervisorLogin"
"Inquiry Favorite Account Dengan Header companyId Salah","1457","inquiryFavoriteAccountWithWrongCompanyIdHeader","Surefire suite","Thu Oct 08 10:41:10 UTC 2026","passed","Thu Oct 08 10:41:11 UTC 2026","testcases.settings.favoriteaccount.InquiryFavoriteAccountTest","Surefire test","testcases.settings.favoriteaccount.InquiryFavoriteAccountTest","inquiryFavoriteAccountWithWrongCompanyIdHeader"
"Refund Summary Dengan Body Berupa Literal null","1433","getRefundWithNullLiteralBody","Surefire suite","Thu Oct 08 10:42:10 UTC 2026","passed","Thu Oct 08 10:42:12 UTC 2026","testcases.backoffice.refund.GetRefundTest","Surefire test","testcases.backoffice.refund.GetRefundTest","getRefundWithNullLiteralBody"
"Get History Transfer Test","14388","historyTransferTest","Surefire suite","Thu Oct 08 11:46:07 UTC 2026","failed","Thu Oct 08 11:46:22 UTC 2026","testcases.history.HistoryTransferTest","Surefire test","testcases.history.HistoryTransferTest","historyTransferTest"
"Reset Password Admin","4984","resetPasswordAdmin","Surefire suite","Thu Oct 08 09:55:27 UTC 2026","passed","Thu Oct 08 09:55:32 UTC 2026","testcases.settings.ResetPasswordTest","Surefire test","testcases.settings.ResetPasswordTest","resetPasswordAdmin"
"Get Notification Sender Dengan pinValidasi Berupa null","4551","getNotificationSenderWithNullPinValidasi","Surefire suite","Thu Oct 08 10:43:26 UTC 2026","passed","Thu Oct 08 10:43:31 UTC 2026","testcases.backoffice.notifsender.NotificationSenderTest","Surefire test","testcases.backoffice.notifsender.NotificationSenderTest","getNotificationSenderWithNullPinValidasi"
"List Manage Settlement Backoffice Dengan Body Berupa Literal null","4500","listManageSettlementWithNullLiteralBody","Surefire suite","Thu Oct 08 10:38:58 UTC 2026","passed","Thu Oct 08 10:39:03 UTC 2026","testcases.backoffice.settlement.ManageSettlementTest","Surefire test","testcases.backoffice.settlement.ManageSettlementTest","listManageSettlementWithNullLiteralBody"
"List Waiting Company Backoffice Menggunakan Login Marketing","4546","listWaitingCompanyWithMarketingLogin","Surefire suite","Thu Oct 08 10:39:14 UTC 2026","passed","Thu Oct 08 10:39:19 UTC 2026","testcases.backoffice.ListWaitingCompanyTest","Surefire test","testcases.backoffice.ListWaitingCompanyTest","listWaitingCompanyWithMarketingLogin"
"Mutasi Special Transfer Balance","25029","mutasiSpecialTransferBalance","Surefire suite","Thu Oct 08 11:58:28 UTC 2026","failed","Thu Oct 08 11:58:53 UTC 2026","testcases.mutasi.MutasiTransferTest","Surefire test","testcases.mutasi.MutasiTransferTest","mutasiSpecialTransferBalance"
"Add User Backoffice Dengan email Kosong","1505","addMerchantBackofficeWithEmptyEmail","Surefire suite","Thu Oct 08 09:54:34 UTC 2026","passed","Thu Oct 08 09:54:35 UTC 2026","testcases.backoffice.users.AddUserTest","Surefire test","testcases.backoffice.users.AddUserTest","addMerchantBackofficeWithEmptyEmail"
"Create Manage Settlement BO Tanpa Body Sama Sekali","4618","addManageSettlementWithoutBody","Surefire suite","Thu Oct 08 10:00:10 UTC 2026","passed","Thu Oct 08 10:00:15 UTC 2026","testcases.backoffice.settlement.AddManageSettlementTest","Surefire test","testcases.backoffice.settlement.AddManageSettlementTest","addManageSettlementWithoutBody"
"Add Currency CS Admin Path Dengan rate Berupa Boolean","1573","addCurrencyWithBooleanRate","Surefire suite","Thu Oct 08 11:25:43 UTC 2026","passed","Thu Oct 08 11:25:45 UTC 2026","testcases.backoffice.currency.AddCurrencyTest","Surefire test","testcases.backoffice.currency.AddCurrencyTest","addCurrencyWithBooleanRate"
"Get List Group Backoffice Menggunakan HTTP Method PUT","1508","getListGroupWithPutMethod","Surefire suite","Thu Oct 08 10:15:20 UTC 2026","passed","Thu Oct 08 10:15:22 UTC 2026","testcases.backoffice.group.GetListGroupTest","Surefire test","testcases.backoffice.group.GetListGroupTest","getListGroupWithPutMethod"
"Mutasi Transfer Balance CS","15714","mutasiTransferBalanceCS","Surefire suite","Thu Oct 08 12:02:12 UTC 2026","failed","Thu Oct 08 12:02:28 UTC 2026","testcases.mutasi.MutasiTransferTest","Surefire test","testcases.mutasi.MutasiTransferTest","mutasiTransferBalanceCS"
"Get Group Detail Backoffice Menggunakan HTTP Method DELETE","4374","getGroupDetailWithDeleteMethod","Surefire suite","Thu Oct 08 10:20:45 UTC 2026","passed","Thu Oct 08 10:20:49 UTC 2026","testcases.backoffice.group.GetGroupTest","Surefire test","testcases.backoffice.group.GetGroupTest","getGroupDetailWithDeleteMethod"
"Created Favorite Account Dengan Header Authorization Tanpa Skema Bearer","1491","createdFavoriteAccountWithMalformedAuthorizationHeader","Surefire suite","Thu Oct 08 10:38:34 UTC 2026","passed","Thu Oct 08 10:38:36 UTC 2026","testcases.settings.favoriteaccount.CreatedFavoriteAccountTest","Surefire test","testcases.settings.favoriteaccount.CreatedFavoriteAccountTest","createdFavoriteAccountWithMalformedAuthorizationHeader"
"List Waiting Company Backoffice Dengan Body JSON Tidak Valid (Malformed)","4503","listWaitingCompanyWithMalformedJson","Surefire suite","Thu Oct 08 10:39:06 UTC 2026","passed","Thu Oct 08 10:39:11 UTC 2026","testcases.backoffice.ListWaitingCompanyTest","Surefire test","testcases.backoffice.ListWaitingCompanyTest","listWaitingCompanyWithMalformedJson"
"Delete Manage Settlement BO Dengan Header id Kosong","4706","deleteManageSettlementWithEmptyIdHeader","Surefire suite","Thu Oct 08 10:05:03 UTC 2026","passed","Thu Oct 08 10:05:08 UTC 2026","testcases.backoffice.settlement.DeleteManageSettlementTest","Surefire test","testcases.backoffice.settlement.DeleteManageSettlementTest","deleteManageSettlementWithEmptyIdHeader"
"Get History Transfer Merchant on Login CS Admin","13109","historyTransferMerchantTestCSAdmin","Surefire suite","Thu Oct 08 11:45:34 UTC 2026","passed","Thu Oct 08 11:45:47 UTC 2026","testcases.history.HistoryTransferTest","Surefire test","testcases.history.HistoryTransferTest","historyTransferMerchantTestCSAdmin"
"Get Detail Waiting Company Backoffice Menggunakan Login Supervisor","4435","getDetailWaitingCompanyWithSupervisorLogin","Surefire suite","Thu Oct 08 10:12:37 UTC 2026","passed","Thu Oct 08 10:12:42 UTC 2026","testcases.backoffice.GetDetailWaitingCompanyTest","Surefire test","testcases.backoffice.GetDetailWaitingCompanyTest","getDetailWaitingCompanyWithSupervisorLogin"
"Get History USDT Transfer Test Admin Crypto","8306","historyUSDTTransferTestAdminCrypto","Surefire suite","Thu Oct 08 11:48:18 UTC 2026","passed","Thu Oct 08 11:48:26 UTC 2026","testcases.history.HistoryTransferTest","Surefire test","testcases.history.HistoryTransferTest","historyUSDTTransferTestAdminCrypto"
"Request Refund Transfer Supervisor","4806","refundTransferSupervisor","Surefire suite","Thu Oct 08 09:57:34 UTC 2026","passed","Thu Oct 08 09:57:39 UTC 2026","testcases.transfer.RefundTransferTest","Surefire test","testcases.transfer.RefundTransferTest","refundTransferSupervisor"
"Get Notification Sender Dengan Body JSON Tidak Valid (Malformed)","4447","getNotificationSenderWithMalformedJson","Surefire suite","Thu Oct 08 10:42:41 UTC 2026","passed","Thu Oct 08 10:42:46 UTC 2026","testcases.backoffice.notifsender.NotificationSenderTest","Surefire test","testcases.backoffice.notifsender.NotificationSenderTest","getNotificationSenderWithMalformedJson"
"List Manage Settlement Backoffice Ke Path yang Tidak Ada (Typo)","4792","listManageSettlementWithWrongPath","Surefire suite","Thu Oct 08 10:39:51 UTC 2026","passed","Thu Oct 08 10:39:55 UTC 2026","testcases.backoffice.settlement.ManageSettlementTest","Surefire test","testcases.backoffice.settlement.ManageSettlementTest","listManageSettlementWithWrongPath"
"Mutasi Transfer Supervisor","8062","mutasiTransferSupervisor","Surefire suite","Thu Oct 08 12:02:48 UTC 2026","passed","Thu Oct 08 12:02:56 UTC 2026","testcases.mutasi.MutasiTransferTest","Surefire test","testcases.mutasi.MutasiTransferTest","mutasiTransferSupervisor"
"Created Favorite Account Menggunakan HTTP Method DELETE","1411","createdFavoriteAccountWithDeleteMethod","Surefire suite","Thu Oct 08 10:38:07 UTC 2026","passed","Thu Oct 08 10:38:09 UTC 2026","testcases.settings.favoriteaccount.CreatedFavoriteAccountTest","Surefire test","testcases.settings.favoriteaccount.CreatedFavoriteAccountTest","createdFavoriteAccountWithDeleteMethod"
"Inquiry Favorite Account Menggunakan HTTP Method GET","1549","inquiryFavoriteAccountWithGetMethod","Surefire suite","Thu Oct 08 10:40:24 UTC 2026","passed","Thu Oct 08 10:40:26 UTC 2026","testcases.settings.favoriteaccount.InquiryFavoriteAccountTest","Surefire test","testcases.settings.favoriteaccount.InquiryFavoriteAccountTest","inquiryFavoriteAccountWithGetMethod"
"Special Transfer Success with before and after Balance","10785","specialTransferSupervisor","Surefire suite","Thu Oct 08 09:56:28 UTC 2026","passed","Thu Oct 08 09:56:39 UTC 2026","testcases.transfer.SpecialTransferTest","Surefire test","testcases.transfer.SpecialTransferTest","specialTransferSupervisor"
"List Currency USDT Dengan Body Berupa Literal null","1430","getCurrencyWithNullLiteralBody","Surefire suite","Thu Oct 08 10:09:29 UTC 2026","passed","Thu Oct 08 10:09:30 UTC 2026","testcases.backoffice.currency.GetCurrencyTest","Surefire test","testcases.backoffice.currency.GetCurrencyTest","getCurrencyWithNullLiteralBody"
"Check Status QR Dengan Header companyId Salah","3256","checkStatusQRWithWrongCompanyIdHeader","Surefire suite","Thu Oct 08 10:33:13 UTC 2026","passed","Thu Oct 08 10:33:16 UTC 2026","testcases.QR.CheckStatusQRTest","Surefire test","testcases.QR.CheckStatusQRTest","checkStatusQRWithWrongCompanyIdHeader"
"Get List Group Company BO Menggunakan Login Marketing","4436","getListGroupCompanyWithMarketingLogin","Surefire suite","Thu Oct 08 10:02:01 UTC 2026","passed","Thu Oct 08 10:02:06 UTC 2026","testcases.backoffice.settlement.GetListGroupCompanyTest","Surefire test","testcases.backoffice.settlement.GetListGroupCompanyTest","getListGroupCompanyWithMarketingLogin"
"Get List Group Backoffice Dengan Body Berupa Literal null","1419","getListGroupWithNullLiteralBody","Surefire suite","Thu Oct 08 10:15:02 UTC 2026","passed","Thu Oct 08 10:15:03 UTC 2026","testcases.backoffice.group.GetListGroupTest","Surefire test","testcases.backoffice.group.GetListGroupTest","getListGroupWithNullLiteralBody"
"Delete Favorite Account Dengan id String Kosong","1697","deleteFavoriteAccountWithEmptyId","Surefire suite","Thu Oct 08 09:54:42 UTC 2026","passed","Thu Oct 08 09:54:43 UTC 2026","testcases.settings.favoriteaccount.DeleteFavoriteAccountTest","Surefire test","testcases.settings.favoriteaccount.DeleteFavoriteAccountTest","deleteFavoriteAccountWithEmptyId"
"Get History USDT Transfer Supervisor on Login CS Admin","11311","historyUSDTTransferSupervisorTestCSAdmin","Surefire suite","Thu Oct 08 11:47:37 UTC 2026","passed","Thu Oct 08 11:47:49 UTC 2026","testcases.history.HistoryTransferTest","Surefire test","testcases.history.HistoryTransferTest","historyUSDTTransferSupervisorTestCSAdmin"
"Reset Pin Group","4756","resetPinGroup","Surefire suite","Thu Oct 08 09:54:13 UTC 2026","passed","Thu Oct 08 09:54:18 UTC 2026","testcases.settings.ResetPinTest","Surefire test","testcases.settings.ResetPinTest","resetPinGroup"
"Generate QR Success with before and after Balance","27948","generateQRBalanceFeeMarketing","Surefire suite","Thu Oct 08 10:16:14 UTC 2026","passed","Thu Oct 08 10:16:42 UTC 2026","testcases.QR.GenerateQRPaidTest","Surefire test","testcases.QR.GenerateQRPaidTest","generateQRBalanceFeeMarketing"
"Refund Summary Menggunakan Login Admin","4591","getRefundWithAdminLogin","Surefire suite","Thu Oct 08 10:40:26 UTC 2026","passed","Thu Oct 08 10:40:31 UTC 2026","testcases.backoffice.refund.GetRefundTest","Surefire test","testcases.backoffice.refund.GetRefundTest","getRefundWithAdminLogin"
"Resend Google Authenticator Dengan Token Backoffice Valid Tapi Tanpa Header pbyv","4670","resendOtpGoogleWithoutPbyvHeader","Surefire suite","Thu Oct 08 10:35:22 UTC 2026","passed","Thu Oct 08 10:35:27 UTC 2026","testcases.backoffice.googleauth.ResendOtpGoogleTest","Surefire test","testcases.backoffice.googleauth.ResendOtpGoogleTest","resendOtpGoogleWithoutPbyvHeader"
"List Currency USDT Menggunakan HTTP Method DELETE","1388","getCurrencyWithDeleteMethod","Surefire suite","Thu Oct 08 10:08:19 UTC 2026","passed","Thu Oct 08 10:08:21 UTC 2026","testcases.backoffice.currency.GetCurrencyTest","Surefire test","testcases.backoffice.currency.GetCurrencyTest","getCurrencyWithDeleteMethod"
"Generate QR Success with Fee Admin","29289","generateQRBalanceFeeAdmin","Surefire suite","Thu Oct 08 10:15:41 UTC 2026","passed","Thu Oct 08 10:16:11 UTC 2026","testcases.QR.GenerateQRPaidTest","Surefire test","testcases.QR.GenerateQRPaidTest","generateQRBalanceFeeAdmin"
"Add Currency CS Admin Path Tanpa Login/Header Auth","1426","addCurrencyWithoutAuth","Surefire suite","Thu Oct 08 11:28:12 UTC 2026","passed","Thu Oct 08 11:28:14 UTC 2026","testcases.backoffice.currency.AddCurrencyTest","Surefire test","testcases.backoffice.currency.AddCurrencyTest","addCurrencyWithoutAuth"
"Delete session Merchant on CS Admin","5270","deleteSessionCsAdmin","Surefire suite","Thu Oct 08 09:55:05 UTC 2026","broken","Thu Oct 08 09:55:10 UTC 2026","testcases.backoffice.users.EditUserTest","Surefire test","testcases.backoffice.users.EditUserTest","deleteSessionCsAdmin"
"Created Favorite Account Dengan Field Tidak Dikenal pada Body","1445","createdFavoriteAccountWithUnknownField","Surefire suite","Thu Oct 08 10:38:57 UTC 2026","failed","Thu Oct 08 10:38:58 UTC 2026","testcases.settings.favoriteaccount.CreatedFavoriteAccountTest","Surefire test","testcases.settings.favoriteaccount.CreatedFavoriteAccountTest","createdFavoriteAccountWithUnknownField"
"Inquiry Favorite Account Dengan beneficiaryAccountNo Tidak Pernah Ada","1665","inquiryFavoriteAccountWithNonExistentBeneficiaryAccountNo","Surefire suite","Thu Oct 08 10:40:42 UTC 2026","passed","Thu Oct 08 10:40:44 UTC 2026","testcases.settings.favoriteaccount.InquiryFavoriteAccountTest","Surefire test","testcases.settings.favoriteaccount.InquiryFavoriteAccountTest","inquiryFavoriteAccountWithNonExistentBeneficiaryAccountNo"
"Resend Google Authenticator Dengan Header Authorization Tanpa Skema Bearer","1461","resendOtpGoogleWithMalformedAuthorizationHeader","Surefire suite","Thu Oct 08 10:32:57 UTC 2026","passed","Thu Oct 08 10:32:59 UTC 2026","testcases.backoffice.googleauth.ResendOtpGoogleTest","Surefire test","testcases.backoffice.googleauth.ResendOtpGoogleTest","resendOtpGoogleWithMalformedAuthorizationHeader"
"Get Notification Sender Menggunakan Login Supervisor","4534","getNotificationSenderWithSupervisorLogin","Surefire suite","Thu Oct 08 10:44:12 UTC 2026","passed","Thu Oct 08 10:44:17 UTC 2026","testcases.backoffice.notifsender.NotificationSenderTest","Surefire test","testcases.backoffice.notifsender.NotificationSenderTest","getNotificationSenderWithSupervisorLogin"
"","4646","listSpecialTransfer","Surefire suite","Thu Oct 08 10:46:34 UTC 2026","passed","Thu Oct 08 10:46:38 UTC 2026","testcases.backoffice.ListTransferTest","Surefire test","testcases.backoffice.ListTransferTest","listSpecialTransfer"
"Add User Backoffice Dengan Body Literal null","1451","addMerchantBackofficeWithNullLiteralBody","Surefire suite","Thu Oct 08 09:55:10 UTC 2026","passed","Thu Oct 08 09:55:12 UTC 2026","testcases.backoffice.users.AddUserTest","Surefire test","testcases.backoffice.users.AddUserTest","addMerchantBackofficeWithNullLiteralBody"
"Add Group Backoffice Menggunakan Login Customer Service","4489","addGroupWithCSLogin","Surefire suite","Thu Oct 08 10:23:42 UTC 2026","passed","Thu Oct 08 10:23:46 UTC 2026","testcases.backoffice.group.AddGroupTest","Surefire test","testcases.backoffice.group.AddGroupTest","addGroupWithCSLogin"
"Transfer Success with before and after Balanced","10515","transferBalance","Surefire suite","Thu Oct 08 10:09:42 UTC 2026","passed","Thu Oct 08 10:09:53 UTC 2026","testcases.transfer.TransferTest","Surefire test","testcases.transfer.TransferTest","transferBalance"
"Reset Password Marketing","4734","resetPasswordMarketing","Surefire suite","Thu Oct 08 09:54:37 UTC 2026","passed","Thu Oct 08 09:54:41 UTC 2026","testcases.settings.ResetPasswordTest","Surefire test","testcases.settings.ResetPasswordTest","resetPasswordMarketing"
"Add Currency CS Admin Path Menggunakan Login Admin Crypto","4962","addCurrencyWithAdminCryptoLogin","Surefire suite","Thu Oct 08 11:25:08 UTC 2026","passed","Thu Oct 08 11:25:12 UTC 2026","testcases.backoffice.currency.AddCurrencyTest","Surefire test","testcases.backoffice.currency.AddCurrencyTest","addCurrencyWithAdminCryptoLogin"
"List User Backoffice Menggunakan Login Supervisor","4535","listUsersWithSupervisorLogin","Surefire suite","Thu Oct 08 10:46:07 UTC 2026","passed","Thu Oct 08 10:46:11 UTC 2026","testcases.backoffice.users.ListUsersTest","Surefire test","testcases.backoffice.users.ListUsersTest","listUsersWithSupervisorLogin"
"Inquiry Favorite Account Tanpa Login/Header Auth","1408","inquiryFavoriteAccountWithoutAuth","Surefire suite","Thu Oct 08 10:41:28 UTC 2026","passed","Thu Oct 08 10:41:29 UTC 2026","testcases.settings.favoriteaccount.InquiryFavoriteAccountTest","Surefire test","testcases.settings.favoriteaccount.InquiryFavoriteAccountTest","inquiryFavoriteAccountWithoutAuth"
"Add Merchant From Backoffice","5209","addCompanyBackoffice","Surefire suite","Thu Oct 08 10:13:04 UTC 2026","passed","Thu Oct 08 10:13:10 UTC 2026","testcases.backoffice.AddCompanyTest","Surefire test","testcases.backoffice.AddCompanyTest","addCompanyBackoffice"
"Success Assignment Cash Deposit","13116","assignCashDepositTest","Surefire suite","Thu Oct 08 10:35:46 UTC 2026","passed","Thu Oct 08 10:35:59 UTC 2026","testcases.backoffice.TransferAssignmentTest","Surefire test","testcases.backoffice.TransferAssignmentTest","assignCashDepositTest"
"Login Backoffice dengan Captcha Salah","2891","testLoginBackofficeWrongCaptcha","Surefire suite","Thu Oct 08 10:31:33 UTC 2026","passed","Thu Oct 08 10:31:36 UTC 2026","testcases.auth.LoginTest","Surefire test","testcases.auth.LoginTest","testLoginBackofficeWrongCaptcha"
"Get Notification Sender Menggunakan Login Merchant","4461","getNotificationSenderWithMerchantLogin","Surefire suite","Thu Oct 08 10:43:04 UTC 2026","passed","Thu Oct 08 10:43:08 UTC 2026","testcases.backoffice.notifsender.NotificationSenderTest","Surefire test","testcases.backoffice.notifsender.NotificationSenderTest","getNotificationSenderWithMerchantLogin"
"Mutasi Company Admin","7666","mutasiCompanyAdmin","Surefire suite","Thu Oct 08 11:53:33 UTC 2026","passed","Thu Oct 08 11:53:41 UTC 2026","testcases.mutasi.MutasiTransferTest","Surefire test","testcases.mutasi.MutasiTransferTest","mutasiCompanyAdmin"
"Delete Google Authenticator Dengan Header Authorization Tanpa Skema Bearer","1403","deleteOtpGoogleWithMalformedAuthorizationHeader","Surefire suite","Thu Oct 08 10:27:58 UTC 2026","passed","Thu Oct 08 10:27:59 UTC 2026","testcases.backoffice.googleauth.DeleteOtpGoogleTest","Surefire test","testcases.backoffice.googleauth.DeleteOtpGoogleTest","deleteOtpGoogleWithMalformedAuthorizationHeader"
"Get History Manual Transfer Test Supervisor","8029","historyManualTransferTestSupervisor","Surefire suite","Thu Oct 08 11:43:13 UTC 2026","passed","Thu Oct 08 11:43:21 UTC 2026","testcases.history.HistoryTransferTest","Surefire test","testcases.history.HistoryTransferTest","historyManualTransferTestSupervisor"
"Get History Special Transfer Test Admin Crypto","8396","historySpecialTransferTestAdminCrypto","Surefire suite","Thu Oct 08 11:44:31 UTC 2026","passed","Thu Oct 08 11:44:39 UTC 2026","testcases.history.HistoryTransferTest","Surefire test","testcases.history.HistoryTransferTest","historySpecialTransferTestAdminCrypto"
"Get List Google Authenticator Menggunakan HTTP Method GET","4647","listOtpGoogleWithGetMethod","Surefire suite","Thu Oct 08 10:32:51 UTC 2026","passed","Thu Oct 08 10:32:56 UTC 2026","testcases.backoffice.googleauth.ListOtpGoogleTest","Surefire test","testcases.backoffice.googleauth.ListOtpGoogleTest","listOtpGoogleWithGetMethod"
"Resend Google Authenticator Menggunakan Login CS Admin","4715","resendOtpGoogleWithCSAdminLogin","Surefire suite","Thu Oct 08 10:32:03 UTC 2026","passed","Thu Oct 08 10:32:07 UTC 2026","testcases.backoffice.googleauth.ResendOtpGoogleTest","Surefire test","testcases.backoffice.googleauth.ResendOtpGoogleTest","resendOtpGoogleWithCSAdminLogin"
"List Refund Tanpa Body Sama Sekali","4460","listRefundWithoutBody","Surefire suite","Thu Oct 08 11:35:02 UTC 2026","passed","Thu Oct 08 11:35:06 UTC 2026","testcases.backoffice.ListRefundTest","Surefire test","testcases.backoffice.ListRefundTest","listRefundWithoutBody"
"Get List Group Company BO Dengan Header groupName Kosong","4490","getListGroupCompanyWithEmptyGroupNameHeader","Surefire suite","Thu Oct 08 10:01:41 UTC 2026","passed","Thu Oct 08 10:01:45 UTC 2026","testcases.backoffice.settlement.GetListGroupCompanyTest","Surefire test","testcases.backoffice.settlement.GetListGroupCompanyTest","getListGroupCompanyWithEmptyGroupNameHeader"
"List Refund Dengan Body JSON Tidak Valid (Malformed)","4501","listRefundWithMalformedJson","Surefire suite","Thu Oct 08 11:34:11 UTC 2026","passed","Thu Oct 08 11:34:16 UTC 2026","testcases.backoffice.ListRefundTest","Surefire test","testcases.backoffice.ListRefundTest","listRefundWithMalformedJson"
"List Manage Settlement Backoffice Dengan Page/Size Negatif","4374","listManageSettlementWithNegativePageSize","Surefire suite","Thu Oct 08 10:38:51 UTC 2026","failed","Thu Oct 08 10:38:55 UTC 2026","testcases.backoffice.settlement.ManageSettlementTest","Surefire test","testcases.backoffice.settlement.ManageSettlementTest","listManageSettlementWithNegativePageSize"
"Mutasi Manual Transfer Balance CS","33039","mutasiManualTransferBalanceCS","Surefire suite","Thu Oct 08 11:54:51 UTC 2026","passed","Thu Oct 08 11:55:24 UTC 2026","testcases.mutasi.MutasiTransferTest","Surefire test","testcases.mutasi.MutasiTransferTest","mutasiManualTransferBalanceCS"
"Create Manage Settlement BO Dengan Payload XSS pada companyName","4611","addManageSettlementWithXssCompanyName","Surefire suite","Thu Oct 08 09:59:58 UTC 2026","passed","Thu Oct 08 10:00:03 UTC 2026","testcases.backoffice.settlement.AddManageSettlementTest","Surefire test","testcases.backoffice.settlement.AddManageSettlementTest","addManageSettlementWithXssCompanyName"
"Add User Backoffice Dengan email Baru yang Sama Dikirim Dua Kali","3626","addMerchantBackofficeWithDuplicateRequestSameNewEmail","Surefire suite","Thu Oct 08 09:54:18 UTC 2026","passed","Thu Oct 08 09:54:22 UTC 2026","testcases.backoffice.users.AddUserTest","Surefire test","testcases.backoffice.users.AddUserTest","addMerchantBackofficeWithDuplicateRequestSameNewEmail"
"Create Manage Settlement BO Dengan companyId Valid Secara Format Tapi Tidak Ada","4560","addManageSettlementWithNonExistentCompanyId","Surefire suite","Thu Oct 08 09:58:43 UTC 2026","passed","Thu Oct 08 09:58:47 UTC 2026","testcases.backoffice.settlement.AddManageSettlementTest","Surefire test","testcases.backoffice.settlement.AddManageSettlementTest","addManageSettlementWithNonExistentCompanyId"
"Add User Backoffice Menggunakan HTTP Method PATCH","1544","addMerchantBackofficeWithPatchMethod","Surefire suite","Thu Oct 08 09:55:20 UTC 2026","passed","Thu Oct 08 09:55:21 UTC 2026","testcases.backoffice.users.AddUserTest","Surefire test","testcases.backoffice.users.AddUserTest","addMerchantBackofficeWithPatchMethod"
"Delete Group Backoffice Dengan Body Kosong ({})","1448","deleteGroupWithEmptyBody","Surefire suite","Thu Oct 08 10:17:45 UTC 2026","passed","Thu Oct 08 10:17:46 UTC 2026","testcases.backoffice.group.DeleteGroupTest","Surefire test","testcases.backoffice.group.DeleteGroupTest","deleteGroupWithEmptyBody"
"Get Group Detail Backoffice Menggunakan Login Merchant","4485","getGroupDetailWithMerchantLogin","Surefire suite","Thu Oct 08 10:21:43 UTC 2026","passed","Thu Oct 08 10:21:48 UTC 2026","testcases.backoffice.group.GetGroupTest","Surefire test","testcases.backoffice.group.GetGroupTest","getGroupDetailWithMerchantLogin"
"Inquiry Test USDT Transfer Merchant","14269","inquiryUSDT","Surefire suite","Thu Oct 08 10:14:48 UTC 2026","failed","Thu Oct 08 10:15:03 UTC 2026","testcases.transfer.InquiryUSDTTest","Surefire test","testcases.transfer.InquiryUSDTTest","inquiryUSDT"
"Normal Special Transfer Success Admin Crypto","7764","specialTransferAdminCrypto","Surefire suite","Thu Oct 08 09:54:49 UTC 2026","passed","Thu Oct 08 09:54:57 UTC 2026","testcases.transfer.SpecialTransferTest","Surefire test","testcases.transfer.SpecialTransferTest","specialTransferAdminCrypto"
"Get List Group Backoffice Menggunakan Login Marketing","4521","getListGroupWithMarketingLogin","Surefire suite","Thu Oct 08 10:14:38 UTC 2026","passed","Thu Oct 08 10:14:42 UTC 2026","testcases.backoffice.group.GetListGroupTest","Surefire test","testcases.backoffice.group.GetListGroupTest","getListGroupWithMarketingLogin"
"Edit User Backoffice","5252","editUserBackoffice","Surefire suite","Thu Oct 08 10:30:00 UTC 2026","passed","Thu Oct 08 10:30:05 UTC 2026","testcases.backoffice.users.EditUserTest","Surefire test","testcases.backoffice.users.EditUserTest","editUserBackoffice"
"Resend Google Authenticator Menggunakan HTTP Method PATCH","4600","resendOtpGoogleWithPatchMethod","Surefire suite","Thu Oct 08 10:34:10 UTC 2026","passed","Thu Oct 08 10:34:14 UTC 2026","testcases.backoffice.googleauth.ResendOtpGoogleTest","Surefire test","testcases.backoffice.googleauth.ResendOtpGoogleTest","resendOtpGoogleWithPatchMethod"
"Delete Manage Settlement BO Menggunakan Login CS Admin","4417","deleteManageSettlementWithCSAdminLogin","Surefire suite","Thu Oct 08 10:04:41 UTC 2026","passed","Thu Oct 08 10:04:45 UTC 2026","testcases.backoffice.settlement.DeleteManageSettlementTest","Surefire test","testcases.backoffice.settlement.DeleteManageSettlementTest","deleteManageSettlementWithCSAdminLogin"
"List Refund Dengan Field Range Berisi Nilai Tidak Valid","4500","listRefundWithInvalidRange","Surefire suite","Thu Oct 08 11:33:52 UTC 2026","passed","Thu Oct 08 11:33:56 UTC 2026","testcases.backoffice.ListRefundTest","Surefire test","testcases.backoffice.ListRefundTest","listRefundWithInvalidRange"
"List Currency USDT Menggunakan Login Supervisor","4520","getCurrencyWithSupervisorLogin","Surefire suite","Thu Oct 08 10:09:47 UTC 2026","passed","Thu Oct 08 10:09:51 UTC 2026","testcases.backoffice.currency.GetCurrencyTest","Surefire test","testcases.backoffice.currency.GetCurrencyTest","getCurrencyWithSupervisorLogin"
"Resend Google Authenticator Dengan Body JSON Tidak Valid (Malformed)","4546","resendOtpGoogleWithMalformedJson","Surefire suite","Thu Oct 08 10:33:09 UTC 2026","passed","Thu Oct 08 10:33:14 UTC 2026","testcases.backoffice.googleauth.ResendOtpGoogleTest","Surefire test","testcases.backoffice.googleauth.ResendOtpGoogleTest","resendOtpGoogleWithMalformedJson"
"Get History Special Transfer Supervisor on Login CS Admin","11846","historySpecialTransferSupervisorTestCSAdmin","Surefire suite","Thu Oct 08 11:43:50 UTC 2026","passed","Thu Oct 08 11:44:02 UTC 2026","testcases.history.HistoryTransferTest","Surefire test","testcases.history.HistoryTransferTest","historySpecialTransferSupervisorTestCSAdmin"
"Check Status QR Merchant","7073","checkStatusQRMerchant","Surefire suite","Thu Oct 08 10:31:42 UTC 2026","failed","Thu Oct 08 10:31:49 UTC 2026","testcases.QR.CheckStatusQRTest","Surefire test","testcases.QR.CheckStatusQRTest","checkStatusQRMerchant"
"Create Manage Settlement BO Menggunakan Login CS Admin","4604","addManageSettlementWithCSAdminLogin","Surefire suite","Thu Oct 08 09:56:46 UTC 2026","passed","Thu Oct 08 09:56:50 UTC 2026","testcases.backoffice.settlement.AddManageSettlementTest","Surefire test","testcases.backoffice.settlement.AddManageSettlementTest","addManageSettlementWithCSAdminLogin"
"Get List Group Company BO Tanpa Login/Header Auth","1444","getListGroupCompanyWithoutAuth","Surefire suite","Thu Oct 08 10:03:39 UTC 2026","passed","Thu Oct 08 10:03:41 UTC 2026","testcases.backoffice.settlement.GetListGroupCompanyTest","Surefire test","testcases.backoffice.settlement.GetListGroupCompanyTest","getListGroupCompanyWithoutAuth"
"Inquiry Favorite Account Merchant","4674","inquiryFavoriteAccountMerchant","Surefire suite","Thu Oct 08 10:39:50 UTC 2026","passed","Thu Oct 08 10:39:55 UTC 2026","testcases.settings.favoriteaccount.InquiryFavoriteAccountTest","Surefire test","testcases.settings.favoriteaccount.InquiryFavoriteAccountTest","inquiryFavoriteAccountMerchant"
"List Refund Dengan Token Tidak Valid","1442","listRefundWithInvalidToken","Surefire suite","Thu Oct 08 11:34:07 UTC 2026","passed","Thu Oct 08 11:34:08 UTC 2026","testcases.backoffice.ListRefundTest","Surefire test","testcases.backoffice.ListRefundTest","listRefundWithInvalidToken"
"Get List Favorite Account Dengan page Negatif","1572","getListFavoriteAccountWithNegativePage","Surefire suite","Thu Oct 08 12:10:41 UTC 2026","passed","Thu Oct 08 12:10:43 UTC 2026","testcases.settings.favoriteaccount.GetListFavoriteAccountTest","Surefire test","testcases.settings.favoriteaccount.GetListFavoriteAccountTest","getListFavoriteAccountWithNegativePage"
"Inquiry Test Flop Transfer Merchant","14051","inquiryTransfer","Surefire suite","Thu Oct 08 10:06:04 UTC 2026","failed","Thu Oct 08 10:06:18 UTC 2026","testcases.transfer.InquiryFlopTransferTest","Surefire test","testcases.transfer.InquiryFlopTransferTest","inquiryTransfer"
"Get History QR CS Success Paid","10872","historyQRTestPaidCS","Surefire suite","Thu Oct 08 10:49:21 UTC 2026","passed","Thu Oct 08 10:49:32 UTC 2026","testcases.history.HistoryQRTest","Surefire test","testcases.history.HistoryQRTest","historyQRTestPaidCS"
"Get Balance Merchant","8728","getBalanceMerchant","Surefire suite","Thu Oct 08 09:53:55 UTC 2026","passed","Thu Oct 08 09:54:04 UTC 2026","testcases.balance.GetBalanceQrisTest","Surefire test","testcases.balance.GetBalanceQrisTest","getBalanceMerchant"
"List Currency USDT Dengan Body Kosong ({})","1509","getCurrencyWithEmptyBody","Surefire suite","Thu Oct 08 10:08:24 UTC 2026","passed","Thu Oct 08 10:08:25 UTC 2026","testcases.backoffice.currency.GetCurrencyTest","Surefire test","testcases.backoffice.currency.GetCurrencyTest","getCurrencyWithEmptyBody"
"List Company Backoffice Menggunakan Login Marketing","4502","listCompanyWithMarketingLogin","Surefire suite","Thu Oct 08 10:36:53 UTC 2026","passed","Thu Oct 08 10:36:58 UTC 2026","testcases.backoffice.ListCompanyTest","Surefire test","testcases.backoffice.ListCompanyTest","listCompanyWithMarketingLogin"
"List Waiting Company Backoffice Dengan Tipe Data Salah pada Field Limit (String, Bukan Integer)","4429","listWaitingCompanyWithInvalidFieldType","Surefire suite","Thu Oct 08 10:38:43 UTC 2026","passed","Thu Oct 08 10:38:47 UTC 2026","testcases.backoffice.ListWaitingCompanyTest","Surefire test","testcases.backoffice.ListWaitingCompanyTest","listWaitingCompanyWithInvalidFieldType"
"Delete Favorite Account Dengan Body JSON Tidak Valid (Malformed)","1432","deleteFavoriteAccountWithMalformedJson","Surefire suite","Thu Oct 08 09:57:18 UTC 2026","passed","Thu Oct 08 09:57:19 UTC 2026","testcases.settings.favoriteaccount.DeleteFavoriteAccountTest","Surefire test","testcases.settings.favoriteaccount.DeleteFavoriteAccountTest","deleteFavoriteAccountWithMalformedJson"
"Delete Favorite Account Menggunakan HTTP Method PUT","41287","deleteFavoriteAccountWithPutMethod","Surefire suite","Thu Oct 08 09:58:15 UTC 2026","failed","Thu Oct 08 09:58:57 UTC 2026","testcases.settings.favoriteaccount.DeleteFavoriteAccountTest","Surefire test","testcases.settings.favoriteaccount.DeleteFavoriteAccountTest","deleteFavoriteAccountWithPutMethod"
"Get Detail Waiting Company Backoffice Dengan Id Sangat Panjang (10.000 karakter)","4565","getDetailWaitingCompanyWithOverlongId","Surefire suite","Thu Oct 08 10:11:59 UTC 2026","passed","Thu Oct 08 10:12:04 UTC 2026","testcases.backoffice.GetDetailWaitingCompanyTest","Surefire test","testcases.backoffice.GetDetailWaitingCompanyTest","getDetailWaitingCompanyWithOverlongId"
"Get List Group Backoffice Menggunakan HTTP Method PATCH","1494","getListGroupWithPatchMethod","Surefire suite","Thu Oct 08 10:15:16 UTC 2026","passed","Thu Oct 08 10:15:17 UTC 2026","testcases.backoffice.group.GetListGroupTest","Surefire test","testcases.backoffice.group.GetListGroupTest","getListGroupWithPatchMethod"
"Transfer with Wrong Pin","47691","transferWrongPin","Surefire suite","Thu Oct 08 10:06:52 UTC 2026","passed","Thu Oct 08 10:07:39 UTC 2026","testcases.transfer.TransferUSDTTest","Surefire test","testcases.transfer.TransferUSDTTest","transferWrongPin"
"Login Merchant tanpa Parameter Password","2944","testLoginMissingPasswordParam","Surefire suite","Thu Oct 08 10:17:26 UTC 2026","passed","Thu Oct 08 10:17:29 UTC 2026","testcases.auth.LoginTest","Surefire test","testcases.auth.LoginTest","testLoginMissingPasswordParam"
"Add Group Backoffice Dengan Token Backoffice Valid Tapi Tanpa Header pbyv","1439","addGroupWithoutPbyvHeader","Surefire suite","Thu Oct 08 10:26:45 UTC 2026","passed","Thu Oct 08 10:26:46 UTC 2026","testcases.backoffice.group.AddGroupTest","Surefire test","testcases.backoffice.group.AddGroupTest","addGroupWithoutPbyvHeader"
"List Waiting Company Backoffice Dengan Header Authorization Tanpa Skema Bearer","1470","listWaitingCompanyWithMalformedAuthorizationHeader","Surefire suite","Thu Oct 08 10:39:02 UTC 2026","passed","Thu Oct 08 10:39:03 UTC 2026","testcases.backoffice.ListWaitingCompanyTest","Surefire test","testcases.backoffice.ListWaitingCompanyTest","listWaitingCompanyWithMalformedAuthorizationHeader"
"Normal Balance Special Transfer Success","10464","specialTransferBalanceAdminCrypto","Surefire suite","Thu Oct 08 09:55:00 UTC 2026","passed","Thu Oct 08 09:55:10 UTC 2026","testcases.transfer.SpecialTransferTest","Surefire test","testcases.transfer.SpecialTransferTest","specialTransferBalanceAdminCrypto"
"Get List Group Backoffice Tanpa Field page","1624","getListGroupWithoutPageField","Surefire suite","Thu Oct 08 10:16:13 UTC 2026","passed","Thu Oct 08 10:16:14 UTC 2026","testcases.backoffice.group.GetListGroupTest","Surefire test","testcases.backoffice.group.GetListGroupTest","getListGroupWithoutPageField"
"List Refund Menggunakan Login Merchant","5127","listRefundMarketing","Surefire suite","Thu Oct 08 11:32:49 UTC 2026","passed","Thu Oct 08 11:32:54 UTC 2026","testcases.backoffice.ListRefundTest","Surefire test","testcases.backoffice.ListRefundTest","listRefundMarketing"
"Get List Group Company BO Dengan groupName Berisi Payload XSS","4464","getListGroupCompanyWithXssGroupName","Surefire suite","Thu Oct 08 10:03:32 UTC 2026","passed","Thu Oct 08 10:03:36 UTC 2026","testcases.backoffice.settlement.GetListGroupCompanyTest","Surefire test","testcases.backoffice.settlement.GetListGroupCompanyTest","getListGroupCompanyWithXssGroupName"
"Normal Manual Transfer Balance Success","4822","manualTransferBalanceAdminCrypto","Surefire suite","Thu Oct 08 09:56:22 UTC 2026","broken","Thu Oct 08 09:56:27 UTC 2026","testcases.transfer.ManualTransferTest","Surefire test","testcases.transfer.ManualTransferTest","manualTransferBalanceAdminCrypto"
"Get List Group Company BO Dengan Multiple Header groupName","4598","getListGroupCompanyWithMultipleGroupNameHeaders","Surefire suite","Thu Oct 08 10:02:16 UTC 2026","passed","Thu Oct 08 10:02:21 UTC 2026","testcases.backoffice.settlement.GetListGroupCompanyTest","Surefire test","testcases.backoffice.settlement.GetListGroupCompanyTest","getListGroupCompanyWithMultipleGroupNameHeaders"
"Generate QR Code Closed Merchant","4794","generateQRCodeClosed","Surefire suite","Thu Oct 08 10:31:26 UTC 2026","passed","Thu Oct 08 10:31:31 UTC 2026","testcases.QR.GenerateQRTest","Surefire test","testcases.QR.GenerateQRTest","generateQRCodeClosed"
"Delete Group Backoffice Dengan name String Kosong","1468","deleteGroupWithEmptyName","Surefire suite","Thu Oct 08 10:17:54 UTC 2026","passed","Thu Oct 08 10:17:55 UTC 2026","testcases.backoffice.group.DeleteGroupTest","Surefire test","testcases.backoffice.group.DeleteGroupTest","deleteGroupWithEmptyName"
"Mutasi Manual Transfer Balance CS","31458","mutasiManualTransferBalanceSupervisorCS","Surefire suite","Thu Oct 08 11:56:02 UTC 2026","failed","Thu Oct 08 11:56:33 UTC 2026","testcases.mutasi.MutasiTransferTest","Surefire test","testcases.mutasi.MutasiTransferTest","mutasiManualTransferBalanceSupervisorCS"
"List Currency USDT Ke Path yang Tidak Ada (Typo)","1927","getCurrencyWithWrongPath","Surefire suite","Thu Oct 08 10:10:03 UTC 2026","passed","Thu Oct 08 10:10:05 UTC 2026","testcases.backoffice.currency.GetCurrencyTest","Surefire test","testcases.backoffice.currency.GetCurrencyTest","getCurrencyWithWrongPath"
"Get List Favorite Account Menggunakan HTTP Method DELETE","1448","getListFavoriteAccountWithDeleteMethod","Surefire suite","Thu Oct 08 12:10:10 UTC 2026","passed","Thu Oct 08 12:10:11 UTC 2026","testcases.settings.favoriteaccount.GetListFavoriteAccountTest","Surefire test","testcases.settings.favoriteaccount.GetListFavoriteAccountTest","getListFavoriteAccountWithDeleteMethod"
"Get List Google Authenticator Menggunakan HTTP Method PUT","4555","listOtpGoogleWithPutMethod","Surefire suite","Thu Oct 08 10:34:23 UTC 2026","passed","Thu Oct 08 10:34:28 UTC 2026","testcases.backoffice.googleauth.ListOtpGoogleTest","Surefire test","testcases.backoffice.googleauth.ListOtpGoogleTest","listOtpGoogleWithPutMethod"
"List Refund Menggunakan Login CS Admin","4587","listRefundWithCSAdminLogin","Surefire suite","Thu Oct 08 11:33:13 UTC 2026","passed","Thu Oct 08 11:33:18 UTC 2026","testcases.backoffice.ListRefundTest","Surefire test","testcases.backoffice.ListRefundTest","listRefundWithCSAdminLogin"
"Login Merchant dengan Captcha Salah","2905","testLoginWrongCaptcha","Surefire suite","Thu Oct 08 10:18:09 UTC 2026","passed","Thu Oct 08 10:18:12 UTC 2026","testcases.auth.LoginTest","Surefire test","testcases.auth.LoginTest","testLoginWrongCaptcha"
"Get Detail Waiting Company Backoffice Dengan Token Tidak Valid","1436","getDetailWaitingCompanyWithInvalidToken","Surefire suite","Thu Oct 08 10:11:20 UTC 2026","passed","Thu Oct 08 10:11:22 UTC 2026","testcases.backoffice.GetDetailWaitingCompanyTest","Surefire test","testcases.backoffice.GetDetailWaitingCompanyTest","getDetailWaitingCompanyWithInvalidToken"
"Inquiry Test USDT Transfer Merchant Supervisor","14650","inquiryUSDTSupervisor","Surefire suite","Thu Oct 08 09:54:31 UTC 2026","failed","Thu Oct 08 09:54:46 UTC 2026","testcases.transfer.InquiryUSDTTest","Surefire test","testcases.transfer.InquiryUSDTTest","inquiryUSDTSupervisor"
"Get List Favorite Account Merchant","7070","getListFavoriteAccount","Surefire suite","Thu Oct 08 12:09:36 UTC 2026","passed","Thu Oct 08 12:09:43 UTC 2026","testcases.settings.favoriteaccount.GetListFavoriteAccountTest","Surefire test","testcases.settings.favoriteaccount.GetListFavoriteAccountTest","getListFavoriteAccount"
"List Currency USDT Menggunakan Login Admin Crypto","4470","getCurrencyWithAdminCryptoLogin","Surefire suite","Thu Oct 08 10:07:41 UTC 2026","passed","Thu Oct 08 10:07:46 UTC 2026","testcases.backoffice.currency.GetCurrencyTest","Surefire test","testcases.backoffice.currency.GetCurrencyTest","getCurrencyWithAdminCryptoLogin"
"Resend Google Authenticator Dengan Content-Type text/plain","4442","resendOtpGoogleWithWrongContentType","Surefire suite","Thu Oct 08 10:34:47 UTC 2026","passed","Thu Oct 08 10:34:52 UTC 2026","testcases.backoffice.googleauth.ResendOtpGoogleTest","Surefire test","testcases.backoffice.googleauth.ResendOtpGoogleTest","resendOtpGoogleWithWrongContentType"
"Delete Manage Settlement BO","7776","deleteManageSettlementBO","Surefire suite","Thu Oct 08 10:04:03 UTC 2026","passed","Thu Oct 08 10:04:11 UTC 2026","testcases.backoffice.settlement.DeleteManageSettlementTest","Surefire test","testcases.backoffice.settlement.DeleteManageSettlementTest","deleteManageSettlementBO"
"Reset Pin Customer Service","4799","resetPinCS","Surefire suite","Thu Oct 08 09:54:32 UTC 2026","passed","Thu Oct 08 09:54:37 UTC 2026","testcases.settings.ResetPinTest","Surefire test","testcases.settings.ResetPinTest","resetPinCS"
"Get List Group Company BO Menggunakan Login Admin Crypto","4512","getListGroupCompanyWithAdminCryptoLogin","Surefire suite","Thu Oct 08 10:00:56 UTC 2026","passed","Thu Oct 08 10:01:00 UTC 2026","testcases.backoffice.settlement.GetListGroupCompanyTest","Surefire test","testcases.backoffice.settlement.GetListGroupCompanyTest","getListGroupCompanyWithAdminCryptoLogin"
"Created Favorite Account Menggunakan HTTP Method GET","1499","createdFavoriteAccountWithGetMethod","Surefire suite","Thu Oct 08 10:38:25 UTC 2026","passed","Thu Oct 08 10:38:27 UTC 2026","testcases.settings.favoriteaccount.CreatedFavoriteAccountTest","Surefire test","testcases.settings.favoriteaccount.CreatedFavoriteAccountTest","createdFavoriteAccountWithGetMethod"
"Delete Group Backoffice Dengan Token Kadaluarsa","1428","deleteGroupWithExpiredToken","Surefire suite","Thu Oct 08 10:17:58 UTC 2026","passed","Thu Oct 08 10:18:00 UTC 2026","testcases.backoffice.group.DeleteGroupTest","Surefire test","testcases.backoffice.group.DeleteGroupTest","deleteGroupWithExpiredToken"
"Get Notification Sender Menggunakan HTTP Method GET","4497","getNotificationSenderWithGetMethod","Surefire suite","Thu Oct 08 10:41:40 UTC 2026","passed","Thu Oct 08 10:41:44 UTC 2026","testcases.backoffice.notifsender.NotificationSenderTest","Surefire test","testcases.backoffice.notifsender.NotificationSenderTest","getNotificationSenderWithGetMethod"
"","4639","listSettlement","Surefire suite","Thu Oct 08 10:46:26 UTC 2026","passed","Thu Oct 08 10:46:31 UTC 2026","testcases.backoffice.ListTransferTest","Surefire test","testcases.backoffice.ListTransferTest","listSettlement"
"List User Backoffice Dengan Karakter SQL Injection pada Field Param - Menemukan Bug Gateway Timeout","4591","listUsersWithSqlInjectionParam","Surefire suite","Thu Oct 08 10:45:59 UTC 2026","passed","Thu Oct 08 10:46:04 UTC 2026","testcases.backoffice.users.ListUsersTest","Surefire test","testcases.backoffice.users.ListUsersTest","listUsersWithSqlInjectionParam"
"Check Status QR Dengan Header Authorization Tanpa Skema Bearer","3111","checkStatusQRWithMalformedAuthorizationHeader","Surefire suite","Thu Oct 08 10:32:20 UTC 2026","passed","Thu Oct 08 10:32:23 UTC 2026","testcases.QR.CheckStatusQRTest","Surefire test","testcases.QR.CheckStatusQRTest","checkStatusQRWithMalformedAuthorizationHeader"
"Get Notification Sender Dengan Token Tidak Valid","1425","getNotificationSenderWithInvalidToken","Surefire suite","Thu Oct 08 10:42:32 UTC 2026","passed","Thu Oct 08 10:42:34 UTC 2026","testcases.backoffice.notifsender.NotificationSenderTest","Surefire test","testcases.backoffice.notifsender.NotificationSenderTest","getNotificationSenderWithInvalidToken"
"Get History USDT Transfer Merchant on Login CS Admin","13907","historyUSDTTransferMerchantTestCSAdmin","Surefire suite","Thu Oct 08 11:47:20 UTC 2026","failed","Thu Oct 08 11:47:34 UTC 2026","testcases.history.HistoryTransferTest","Surefire test","testcases.history.HistoryTransferTest","historyUSDTTransferMerchantTestCSAdmin"
"List User Backoffice Dengan Body Kosong ({})","4576","listUsersWithEmptyBody","Surefire suite","Thu Oct 08 10:44:53 UTC 2026","passed","Thu Oct 08 10:44:57 UTC 2026","testcases.backoffice.users.ListUsersTest","Surefire test","testcases.backoffice.users.ListUsersTest","listUsersWithEmptyBody"
"Transfer Different Partner Reference, Manual Transfer to Transfer","48356","trfPartnerRefManualFailed","Surefire suite","Thu Oct 08 10:10:52 UTC 2026","passed","Thu Oct 08 10:11:40 UTC 2026","testcases.transfer.TransferTest","Surefire test","testcases.transfer.TransferTest","trfPartnerRefManualFailed"
"Refund Summary Dengan Content-Type text/plain","1417","getRefundWithWrongContentType","Surefire suite","Thu Oct 08 10:42:58 UTC 2026","passed","Thu Oct 08 10:43:00 UTC 2026","testcases.backoffice.refund.GetRefundTest","Surefire test","testcases.backoffice.refund.GetRefundTest","getRefundWithWrongContentType"
"Add Group Backoffice Menggunakan HTTP Method GET","1495","addGroupWithGetMethod","Surefire suite","Thu Oct 08 10:24:38 UTC 2026","passed","Thu Oct 08 10:24:40 UTC 2026","testcases.backoffice.group.AddGroupTest","Surefire test","testcases.backoffice.group.AddGroupTest","addGroupWithGetMethod"
"Add Currency CS Admin Path Menggunakan Login Backoffice","4709","addCurrencyWithBackofficeLogin","Surefire suite","Thu Oct 08 11:25:36 UTC 2026","passed","Thu Oct 08 11:25:40 UTC 2026","testcases.backoffice.currency.AddCurrencyTest","Surefire test","testcases.backoffice.currency.AddCurrencyTest","addCurrencyWithBackofficeLogin"
"Mutasi Transfer Supervisor Balance CS","15492","mutasiTransferSupervisorBalanceCS","Surefire suite","Thu Oct 08 12:03:12 UTC 2026","failed","Thu Oct 08 12:03:28 UTC 2026","testcases.mutasi.MutasiTransferTest","Surefire test","testcases.mutasi.MutasiTransferTest","mutasiTransferSupervisorBalanceCS"
"Get Detail Waiting Company Backoffice","4662","getDetailWaitingCompany","Surefire suite","Thu Oct 08 10:10:31 UTC 2026","passed","Thu Oct 08 10:10:35 UTC 2026","testcases.backoffice.GetDetailWaitingCompanyTest","Surefire test","testcases.backoffice.GetDetailWaitingCompanyTest","getDetailWaitingCompany"
"Success Login Merchant","3085","testLoginWithCaptcha","Surefire suite","Thu Oct 08 10:18:03 UTC 2026","passed","Thu Oct 08 10:18:06 UTC 2026","testcases.auth.LoginTest","Surefire test","testcases.auth.LoginTest","testLoginWithCaptcha"
"Get User Backoffice Dengan Token Tidak Valid","1413","getUserWithInvalidToken","Surefire suite","Thu Oct 08 09:55:54 UTC 2026","passed","Thu Oct 08 09:55:56 UTC 2026","testcases.backoffice.GetDashboardTest","Surefire test","testcases.backoffice.GetDashboardTest","getUserWithInvalidToken"
"Get List Favorite Account Menggunakan HTTP Method GET","1672","getListFavoriteAccountWithGetMethod","Surefire suite","Thu Oct 08 12:10:23 UTC 2026","passed","Thu Oct 08 12:10:25 UTC 2026","testcases.settings.favoriteaccount.GetListFavoriteAccountTest","Surefire test","testcases.settings.favoriteaccount.GetListFavoriteAccountTest","getListFavoriteAccountWithGetMethod"
"Reset Password Admin Crypto","5158","resetPasswordAdminCrypto","Surefire suite","Thu Oct 08 09:57:34 UTC 2026","passed","Thu Oct 08 09:57:39 UTC 2026","testcases.settings.ResetPasswordTest","Surefire test","testcases.settings.ResetPasswordTest","resetPasswordAdminCrypto"
"Add Currency CS Admin Path Dengan Body Kosong ({})","1540","addCurrencyWithEmptyBody","Surefire suite","Thu Oct 08 11:26:14 UTC 2026","passed","Thu Oct 08 11:26:15 UTC 2026","testcases.backoffice.currency.AddCurrencyTest","Surefire test","testcases.backoffice.currency.AddCurrencyTest","addCurrencyWithEmptyBody"
"Check Status QR Dengan Token Tidak Valid","3451","checkStatusQRWithInvalidToken","Surefire suite","Thu Oct 08 10:32:14 UTC 2026","passed","Thu Oct 08 10:32:17 UTC 2026","testcases.QR.CheckStatusQRTest","Surefire test","testcases.QR.CheckStatusQRTest","checkStatusQRWithInvalidToken"
"Refund Summary Ke Path yang Tidak Ada (Typo)","1837","getRefundWithWrongPath","Surefire suite","Thu Oct 08 10:43:03 UTC 2026","passed","Thu Oct 08 10:43:04 UTC 2026","testcases.backoffice.refund.GetRefundTest","Surefire test","testcases.backoffice.refund.GetRefundTest","getRefundWithWrongPath"
"Get List Group Backoffice Menggunakan HTTP Method GET","1472","getListGroupWithGetMethod","Surefire suite","Thu Oct 08 10:14:15 UTC 2026","passed","Thu Oct 08 10:14:17 UTC 2026","testcases.backoffice.group.GetListGroupTest","Surefire test","testcases.backoffice.group.GetListGroupTest","getListGroupWithGetMethod"
"Inquiry Test USDT Transfer Admin Crypto","13687","inquiryUSDTAdminCrypto","Surefire suite","Thu Oct 08 09:55:13 UTC 2026","failed","Thu Oct 08 09:55:27 UTC 2026","testcases.transfer.InquiryUSDTTest","Surefire test","testcases.transfer.InquiryUSDTTest","inquiryUSDTAdminCrypto"
"Resend Google Authenticator Menggunakan Login Admin","4625","resendOtpGoogleWithAdminLogin","Surefire suite","Thu Oct 08 10:31:48 UTC 2026","passed","Thu Oct 08 10:31:52 UTC 2026","testcases.backoffice.googleauth.ResendOtpGoogleTest","Surefire test","testcases.backoffice.googleauth.ResendOtpGoogleTest","resendOtpGoogleWithAdminLogin"
"List Currency USDT Menggunakan HTTP Method PATCH","1447","getCurrencyWithPatchMethod","Surefire suite","Thu Oct 08 10:09:33 UTC 2026","passed","Thu Oct 08 10:09:35 UTC 2026","testcases.backoffice.currency.GetCurrencyTest","Surefire test","testcases.backoffice.currency.GetCurrencyTest","getCurrencyWithPatchMethod"
"List Manage Settlement Backoffice Dengan Body Berupa JSON Array ([])","4483","listManageSettlementWithArrayBody","Surefire suite","Thu Oct 08 10:36:59 UTC 2026","passed","Thu Oct 08 10:37:03 UTC 2026","testcases.backoffice.settlement.ManageSettlementTest","Surefire test","testcases.backoffice.settlement.ManageSettlementTest","listManageSettlementWithArrayBody"
"Check Status QR Dengan Payload XSS pada id","1715","checkStatusQRWithXssId","Surefire suite","Thu Oct 08 10:33:32 UTC 2026","passed","Thu Oct 08 10:33:34 UTC 2026","testcases.QR.CheckStatusQRTest","Surefire test","testcases.QR.CheckStatusQRTest","checkStatusQRWithXssId"
"Add User Backoffice Dengan Field Tidak Dikenal pada Body","1637","addMerchantBackofficeWithUnknownField","Surefire suite","Thu Oct 08 09:55:33 UTC 2026","passed","Thu Oct 08 09:55:35 UTC 2026","testcases.backoffice.users.AddUserTest","Surefire test","testcases.backoffice.users.AddUserTest","addMerchantBackofficeWithUnknownField"
"Resend Google Authenticator Dengan email Berupa null","4618","resendOtpGoogleWithNullEmail","Surefire suite","Thu Oct 08 10:33:39 UTC 2026","passed","Thu Oct 08 10:33:44 UTC 2026","testcases.backoffice.googleauth.ResendOtpGoogleTest","Surefire test","testcases.backoffice.googleauth.ResendOtpGoogleTest","resendOtpGoogleWithNullEmail"
"Create Manage Settlement BO Dengan Karakter SQL Injection pada groupName","4596","addManageSettlementWithSqlInjectionGroupName","Surefire suite","Thu Oct 08 09:59:28 UTC 2026","passed","Thu Oct 08 09:59:33 UTC 2026","testcases.backoffice.settlement.AddManageSettlementTest","Surefire test","testcases.backoffice.settlement.AddManageSettlementTest","addManageSettlementWithSqlInjectionGroupName"
"Get List Group Company BO Menggunakan HTTP Method PATCH","4374","getListGroupCompanyWithPatchMethod","Surefire suite","Thu Oct 08 10:02:39 UTC 2026","passed","Thu Oct 08 10:02:43 UTC 2026","testcases.backoffice.settlement.GetListGroupCompanyTest","Surefire test","testcases.backoffice.settlement.GetListGroupCompanyTest","getListGroupCompanyWithPatchMethod"
"Test Approved USDT","13920","approvedUSDTAdminCrypto","Surefire suite","Thu Oct 08 11:17:19 UTC 2026","failed","Thu Oct 08 11:17:33 UTC 2026","testcases.backoffice.ApprovalTransferTest","Surefire test","testcases.backoffice.ApprovalTransferTest","approvedUSDTAdminCrypto"
"Add Currency CS Admin Path Dengan Header powis Salah","1505","addCurrencyWithWrongPowisHeader","Surefire suite","Thu Oct 08 11:28:03 UTC 2026","passed","Thu Oct 08 11:28:05 UTC 2026","testcases.backoffice.currency.AddCurrencyTest","Surefire test","testcases.backoffice.currency.AddCurrencyTest","addCurrencyWithWrongPowisHeader"
"Check Status QR Menggunakan HTTP Method POST","3199","checkStatusQRWithPostMethod","Surefire suite","Thu Oct 08 10:32:51 UTC 2026","passed","Thu Oct 08 10:32:54 UTC 2026","testcases.QR.CheckStatusQRTest","Surefire test","testcases.QR.CheckStatusQRTest","checkStatusQRWithPostMethod"
"Mutasi USDT Transfer Supervisor","14147","mutasiUSDTTransferSupervisor","Surefire suite","Thu Oct 08 12:05:26 UTC 2026","failed","Thu Oct 08 12:05:41 UTC 2026","testcases.mutasi.MutasiTransferTest","Surefire test","testcases.mutasi.MutasiTransferTest","mutasiUSDTTransferSupervisor"
"Refund Summary Dengan type Bertipe Angka (Bukan String)","1562","getRefundWithNumericType","Surefire suite","Thu Oct 08 10:42:24 UTC 2026","passed","Thu Oct 08 10:42:25 UTC 2026","testcases.backoffice.refund.GetRefundTest","Surefire test","testcases.backoffice.refund.GetRefundTest","getRefundWithNumericType"
"Resend Google Authenticator Dengan Body Berupa JSON Array ([])","4436","resendOtpGoogleWithArrayBody","Surefire suite","Thu Oct 08 10:31:55 UTC 2026","passed","Thu Oct 08 10:32:00 UTC 2026","testcases.backoffice.googleauth.ResendOtpGoogleTest","Surefire test","testcases.backoffice.googleauth.ResendOtpGoogleTest","resendOtpGoogleWithArrayBody"
"Create Manage Settlement BO Menggunakan Login Admin Crypto","4599","addManageSettlementWithAdminCryptoLogin","Surefire suite","Thu Oct 08 09:56:23 UTC 2026","passed","Thu Oct 08 09:56:28 UTC 2026","testcases.backoffice.settlement.AddManageSettlementTest","Surefire test","testcases.backoffice.settlement.AddManageSettlementTest","addManageSettlementWithAdminCryptoLogin"
"Get History Flop Transfer Test CS","12624","historyFlopTransferTestCS","Surefire suite","Thu Oct 08 11:40:58 UTC 2026","passed","Thu Oct 08 11:41:10 UTC 2026","testcases.history.HistoryTransferTest","Surefire test","testcases.history.HistoryTransferTest","historyFlopTransferTestCS"
"Delete Favorite Account yang Sama Dipanggil Dua Kali (Sudah Terhapus)","8422","deleteFavoriteAccountAlreadyDeleted","Surefire suite","Thu Oct 08 09:54:17 UTC 2026","passed","Thu Oct 08 09:54:25 UTC 2026","testcases.settings.favoriteaccount.DeleteFavoriteAccountTest","Surefire test","testcases.settings.favoriteaccount.DeleteFavoriteAccountTest","deleteFavoriteAccountAlreadyDeleted"
"List User Backoffice Menggunakan Login Marketing","4453","listUsersWithMarketingLogin","Surefire suite","Thu Oct 08 10:45:37 UTC 2026","passed","Thu Oct 08 10:45:41 UTC 2026","testcases.backoffice.users.ListUsersTest","Surefire test","testcases.backoffice.users.ListUsersTest","listUsersWithMarketingLogin"
"Test Approve Manual Transfer dengan check Fee di Admin Crypto dan Admin Fee","41097","approvedCashDepositBalance","Surefire suite","Thu Oct 08 11:14:00 UTC 2026","passed","Thu Oct 08 11:14:41 UTC 2026","testcases.backoffice.ApprovalTransferTest","Surefire test","testcases.backoffice.ApprovalTransferTest","approvedCashDepositBalance"
"List Manage Settlement Backoffice Dengan Payload XSS pada Field Param","4560","listManageSettlementWithXssParam","Surefire suite","Thu Oct 08 10:39:58 UTC 2026","passed","Thu Oct 08 10:40:03 UTC 2026","testcases.backoffice.settlement.ManageSettlementTest","Surefire test","testcases.backoffice.settlement.ManageSettlementTest","listManageSettlementWithXssParam"
"Get List Group Company BO Dengan groupName Tidak Terdaftar","4566","getListGroupCompanyWithNonExistentGroupName","Surefire suite","Thu Oct 08 10:02:24 UTC 2026","passed","Thu Oct 08 10:02:29 UTC 2026","testcases.backoffice.settlement.GetListGroupCompanyTest","Surefire test","testcases.backoffice.settlement.GetListGroupCompanyTest","getListGroupCompanyWithNonExistentGroupName"
"List Manage Settlement Backoffice Menggunakan HTTP Method PATCH","4489","listManageSettlementWithPatchMethod","Surefire suite","Thu Oct 08 10:39:06 UTC 2026","passed","Thu Oct 08 10:39:10 UTC 2026","testcases.backoffice.settlement.ManageSettlementTest","Surefire test","testcases.backoffice.settlement.ManageSettlementTest","listManageSettlementWithPatchMethod"
"Get Detail Waiting Company Backoffice Tanpa Login/Header Auth","1418","getDetailWaitingCompanyWithoutAuth","Surefire suite","Thu Oct 08 10:13:00 UTC 2026","passed","Thu Oct 08 10:13:01 UTC 2026","testcases.backoffice.GetDetailWaitingCompanyTest","Surefire test","testcases.backoffice.GetDetailWaitingCompanyTest","getDetailWaitingCompanyWithoutAuth"
"Inquiry Test Transfer Admin Crypto","5067","inquiryTransferAdminCrypto","Surefire suite","Thu Oct 08 09:57:02 UTC 2026","passed","Thu Oct 08 09:57:07 UTC 2026","testcases.transfer.InquiryTransferTest","Surefire test","testcases.transfer.InquiryTransferTest","inquiryTransferAdminCrypto"
"Add Group Backoffice Tanpa Field name","1480","addGroupWithoutNameField","Surefire suite","Thu Oct 08 10:26:40 UTC 2026","passed","Thu Oct 08 10:26:42 UTC 2026","testcases.backoffice.group.AddGroupTest","Surefire test","testcases.backoffice.group.AddGroupTest","addGroupWithoutNameField"
"Resend Google Authenticator Dengan Format email Tidak Valid","4459","resendOtpGoogleWithMalformedEmail","Surefire suite","Thu Oct 08 10:33:02 UTC 2026","passed","Thu Oct 08 10:33:06 UTC 2026","testcases.backoffice.googleauth.ResendOtpGoogleTest","Surefire test","testcases.backoffice.googleauth.ResendOtpGoogleTest","resendOtpGoogleWithMalformedEmail"
"Login Merchant dengan Username Berisi Spasi Saja","2887","testLoginWhitespaceUsername","Surefire suite","Thu Oct 08 10:17:57 UTC 2026","passed","Thu Oct 08 10:18:00 UTC 2026","testcases.auth.LoginTest","Surefire test","testcases.auth.LoginTest","testLoginWhitespaceUsername"
"Get Group Detail Backoffice Menggunakan Login Group","4502","getGroupDetailWithGroupLogin","Surefire suite","Thu Oct 08 10:21:12 UTC 2026","passed","Thu Oct 08 10:21:16 UTC 2026","testcases.backoffice.group.GetGroupTest","Surefire test","testcases.backoffice.group.GetGroupTest","getGroupDetailWithGroupLogin"
"Delete Group Backoffice Dengan id Sangat Panjang","1465","deleteGroupWithVeryLongId","Surefire suite","Thu Oct 08 10:19:37 UTC 2026","passed","Thu Oct 08 10:19:39 UTC 2026","testcases.backoffice.group.DeleteGroupTest","Surefire test","testcases.backoffice.group.DeleteGroupTest","deleteGroupWithVeryLongId"
"Add User Backoffice Tanpa Field email","1538","addMerchantBackofficeWithoutEmailField","Surefire suite","Thu Oct 08 09:56:06 UTC 2026","passed","Thu Oct 08 09:56:07 UTC 2026","testcases.backoffice.users.AddUserTest","Surefire test","testcases.backoffice.users.AddUserTest","addMerchantBackofficeWithoutEmailField"
"Get Detail Waiting Company Backoffice Tanpa Id (Path Kosong)","4747","getDetailWaitingCompanyWithEmptyId","Surefire suite","Thu Oct 08 10:11:01 UTC 2026","passed","Thu Oct 08 10:11:05 UTC 2026","testcases.backoffice.GetDetailWaitingCompanyTest","Surefire test","testcases.backoffice.GetDetailWaitingCompanyTest","getDetailWaitingCompanyWithEmptyId"
"List Refund Tanpa Login/Header Auth","1429","listRefundWithoutAuth","Surefire suite","Thu Oct 08 11:34:57 UTC 2026","passed","Thu Oct 08 11:34:59 UTC 2026","testcases.backoffice.ListRefundTest","Surefire test","testcases.backoffice.ListRefundTest","listRefundWithoutAuth"
"Get List Google Authenticator","4793","getListOtpGoogle","Surefire suite","Thu Oct 08 10:31:46 UTC 2026","passed","Thu Oct 08 10:31:51 UTC 2026","testcases.backoffice.googleauth.ListOtpGoogleTest","Surefire test","testcases.backoffice.googleauth.ListOtpGoogleTest","getListOtpGoogle"
"Add User Backoffice Dengan email Sangat Panjang","2078","addMerchantBackofficeWithOverlongEmail","Surefire suite","Thu Oct 08 09:55:15 UTC 2026","passed","Thu Oct 08 09:55:17 UTC 2026","testcases.backoffice.users.AddUserTest","Surefire test","testcases.backoffice.users.AddUserTest","addMerchantBackofficeWithOverlongEmail"
"Get List Google Authenticator Dengan Content-Type text/plain","4353","listOtpGoogleWithWrongContentType","Surefire suite","Thu Oct 08 10:34:53 UTC 2026","passed","Thu Oct 08 10:34:58 UTC 2026","testcases.backoffice.googleauth.ListOtpGoogleTest","Surefire test","testcases.backoffice.googleauth.ListOtpGoogleTest","listOtpGoogleWithWrongContentType"
"Create Manage Settlement BO Dengan groupName Kosong","4400","addManageSettlementWithEmptyGroupName","Surefire suite","Thu Oct 08 09:57:37 UTC 2026","passed","Thu Oct 08 09:57:41 UTC 2026","testcases.backoffice.settlement.AddManageSettlementTest","Surefire test","testcases.backoffice.settlement.AddManageSettlementTest","addManageSettlementWithEmptyGroupName"
"Check Status QR Dengan id Sangat Panjang","1423","checkStatusQRWithOverlongId","Surefire suite","Thu Oct 08 10:32:35 UTC 2026","passed","Thu Oct 08 10:32:37 UTC 2026","testcases.QR.CheckStatusQRTest","Surefire test","testcases.QR.CheckStatusQRTest","checkStatusQRWithOverlongId"
"Get Group Detail Backoffice Dengan Group Id Berisi Spasi","4377","getGroupDetailWithWhitespaceId","Surefire suite","Thu Oct 08 10:22:44 UTC 2026","passed","Thu Oct 08 10:22:48 UTC 2026","testcases.backoffice.group.GetGroupTest","Surefire test","testcases.backoffice.group.GetGroupTest","getGroupDetailWithWhitespaceId"
"List User Backoffice Menggunakan Login CS Admin","4631","listUsersWithCSAdminLogin","Surefire suite","Thu Oct 08 10:44:45 UTC 2026","passed","Thu Oct 08 10:44:50 UTC 2026","testcases.backoffice.users.ListUsersTest","Surefire test","testcases.backoffice.users.ListUsersTest","listUsersWithCSAdminLogin"
"List Company Backoffice Menggunakan Login Merchant","4503","listCompanyWithMerchantLogin","Surefire suite","Thu Oct 08 10:37:01 UTC 2026","passed","Thu Oct 08 10:37:05 UTC 2026","testcases.backoffice.ListCompanyTest","Surefire test","testcases.backoffice.ListCompanyTest","listCompanyWithMerchantLogin"
"Inquiry Favorite Account Dengan Token Tidak Valid","1481","inquiryFavoriteAccountWithInvalidToken","Surefire suite","Thu Oct 08 10:40:29 UTC 2026","passed","Thu Oct 08 10:40:30 UTC 2026","testcases.settings.favoriteaccount.InquiryFavoriteAccountTest","Surefire test","testcases.settings.favoriteaccount.InquiryFavoriteAccountTest","inquiryFavoriteAccountWithInvalidToken"
"Get List Group Company BO Dengan groupName Berisi Karakter SQL Injection","4502","getListGroupCompanyWithSqlInjectionGroupName","Surefire suite","Thu Oct 08 10:03:01 UTC 2026","passed","Thu Oct 08 10:03:06 UTC 2026","testcases.backoffice.settlement.GetListGroupCompanyTest","Surefire test","testcases.backoffice.settlement.GetListGroupCompanyTest","getListGroupCompanyWithSqlInjectionGroupName"
"Check Status QR Dengan id yang Tidak Pernah Ada","1484","checkStatusQRWithNonExistentId","Surefire suite","Thu Oct 08 10:32:31 UTC 2026","passed","Thu Oct 08 10:32:32 UTC 2026","testcases.QR.CheckStatusQRTest","Surefire test","testcases.QR.CheckStatusQRTest","checkStatusQRWithNonExistentId"
"Get Group Detail Backoffice Dengan Group Id Berisi Karakter SQL Injection","4412","getGroupDetailWithSqlInjectionId","Surefire suite","Thu Oct 08 10:22:29 UTC 2026","passed","Thu Oct 08 10:22:33 UTC 2026","testcases.backoffice.group.GetGroupTest","Surefire test","testcases.backoffice.group.GetGroupTest","getGroupDetailWithSqlInjectionId"
"Refund Summary Dengan Body Kosong ({})","1538","getRefundWithEmptyBody","Surefire suite","Thu Oct 08 10:41:06 UTC 2026","passed","Thu Oct 08 10:41:07 UTC 2026","testcases.backoffice.refund.GetRefundTest","Surefire test","testcases.backoffice.refund.GetRefundTest","getRefundWithEmptyBody"
"Get User Backoffice Menggunakan Login Merchant","4583","getUserWithMerchantLogin","Surefire suite","Thu Oct 08 09:55:59 UTC 2026","passed","Thu Oct 08 09:56:03 UTC 2026","testcases.backoffice.GetDashboardTest","Surefire test","testcases.backoffice.GetDashboardTest","getUserWithMerchantLogin"
"Get List Favorite Account Tanpa Field size","1627","getListFavoriteAccountWithoutSizeField","Surefire suite","Thu Oct 08 12:11:59 UTC 2026","passed","Thu Oct 08 12:12:00 UTC 2026","testcases.settings.favoriteaccount.GetListFavoriteAccountTest","Surefire test","testcases.settings.favoriteaccount.GetListFavoriteAccountTest","getListFavoriteAccountWithoutSizeField"
"List Company Backoffice Dengan Ukuran Halaman Sangat Besar","5175","listCompanyWithHugeSize","Surefire suite","Thu Oct 08 10:36:13 UTC 2026","passed","Thu Oct 08 10:36:18 UTC 2026","testcases.backoffice.ListCompanyTest","Surefire test","testcases.backoffice.ListCompanyTest","listCompanyWithHugeSize"
"Created Favorite Account Dengan Body Berupa Literal null","1429","createdFavoriteAccountWithNullLiteralBody","Surefire suite","Thu Oct 08 10:38:43 UTC 2026","passed","Thu Oct 08 10:38:45 UTC 2026","testcases.settings.favoriteaccount.CreatedFavoriteAccountTest","Surefire test","testcases.settings.favoriteaccount.CreatedFavoriteAccountTest","createdFavoriteAccountWithNullLiteralBody"
"Transfer Different Partner Reference, USDT Transfer to Transfer","13955","trfPartnerRefSpecialFailed","Surefire suite","Thu Oct 08 10:08:34 UTC 2026","failed","Thu Oct 08 10:08:47 UTC 2026","testcases.transfer.TransferUSDTTest","Surefire test","testcases.transfer.TransferUSDTTest","trfPartnerRefSpecialFailed"
"Get History Manual Transfer Merchant on Login CS Admin","11477","historyManualTransferMerchantTestCSAdmin","Surefire suite","Thu Oct 08 11:41:26 UTC 2026","passed","Thu Oct 08 11:41:37 UTC 2026","testcases.history.HistoryTransferTest","Surefire test","testcases.history.HistoryTransferTest","historyManualTransferMerchantTestCSAdmin"
"Delete Group Backoffice Menggunakan Login CS Admin","4448","deleteGroupWithCSAdminLogin","Surefire suite","Thu Oct 08 10:17:25 UTC 2026","passed","Thu Oct 08 10:17:30 UTC 2026","testcases.backoffice.group.DeleteGroupTest","Surefire test","testcases.backoffice.group.DeleteGroupTest","deleteGroupWithCSAdminLogin"
"Get List Google Authenticator Menggunakan HTTP Method DELETE","4384","listOtpGoogleWithDeleteMethod","Surefire suite","Thu Oct 08 10:32:32 UTC 2026","passed","Thu Oct 08 10:32:37 UTC 2026","testcases.backoffice.googleauth.ListOtpGoogleTest","Surefire test","testcases.backoffice.googleauth.ListOtpGoogleTest","listOtpGoogleWithDeleteMethod"
"Resend Google Authenticator Menggunakan HTTP Method PUT","4517","resendOtpGoogleWithPutMethod","Surefire suite","Thu Oct 08 10:34:17 UTC 2026","passed","Thu Oct 08 10:34:22 UTC 2026","testcases.backoffice.googleauth.ResendOtpGoogleTest","Surefire test","testcases.backoffice.googleauth.ResendOtpGoogleTest","resendOtpGoogleWithPutMethod"
"Get Balance Merchant with Login Admin","4496","getFailedBalanceMerchantLoginAdmin","Surefire suite","Thu Oct 08 09:55:12 UTC 2026","passed","Thu Oct 08 09:55:16 UTC 2026","testcases.balance.GetBalanceQrisTest","Surefire test","testcases.balance.GetBalanceQrisTest","getFailedBalanceMerchantLoginAdmin"
"Refund Summary Menggunakan Login Merchant","4606","getRefundWithMerchantLogin","Surefire suite","Thu Oct 08 10:42:03 UTC 2026","passed","Thu Oct 08 10:42:07 UTC 2026","testcases.backoffice.refund.GetRefundTest","Surefire test","testcases.backoffice.refund.GetRefundTest","getRefundWithMerchantLogin"
"Add Group Backoffice Tanpa Login/Header Auth","1404","addGroupWithoutAuth","Surefire suite","Thu Oct 08 10:26:31 UTC 2026","passed","Thu Oct 08 10:26:33 UTC 2026","testcases.backoffice.group.AddGroupTest","Surefire test","testcases.backoffice.group.AddGroupTest","addGroupWithoutAuth"
"Get List Google Authenticator Dengan Header Authorization Tanpa Skema Bearer","1589","listOtpGoogleWithMalformedAuthorizationHeader","Surefire suite","Thu Oct 08 10:33:26 UTC 2026","passed","Thu Oct 08 10:33:28 UTC 2026","testcases.backoffice.googleauth.ListOtpGoogleTest","Surefire test","testcases.backoffice.googleauth.ListOtpGoogleTest","listOtpGoogleWithMalformedAuthorizationHeader"
"List Refund Dengan Page/Size Negatif - Menemukan Bug Internal Server Error","4823","listRefundWithNegativePageSize","Surefire suite","Thu Oct 08 11:34:34 UTC 2026","passed","Thu Oct 08 11:34:39 UTC 2026","testcases.backoffice.ListRefundTest","Surefire test","testcases.backoffice.ListRefundTest","listRefundWithNegativePageSize"
"Created Favorite Account Dengan Body JSON Tidak Valid (Malformed)","1522","createdFavoriteAccountWithMalformedJson","Surefire suite","Thu Oct 08 10:38:39 UTC 2026","passed","Thu Oct 08 10:38:40 UTC 2026","testcases.settings.favoriteaccount.CreatedFavoriteAccountTest","Surefire test","testcases.settings.favoriteaccount.CreatedFavoriteAccountTest","createdFavoriteAccountWithMalformedJson"
"List Company Backoffice Dengan Page/Size Negatif - Menemukan Bug Gateway Timeout","4454","listCompanyWithNegativePageSize","Surefire suite","Thu Oct 08 10:37:08 UTC 2026","passed","Thu Oct 08 10:37:12 UTC 2026","testcases.backoffice.ListCompanyTest","Surefire test","testcases.backoffice.ListCompanyTest","listCompanyWithNegativePageSize"
"Add Currency CS Admin Path Dengan rate Nol","1556","addCurrencyWithZeroRate","Surefire suite","Thu Oct 08 11:28:08 UTC 2026","passed","Thu Oct 08 11:28:09 UTC 2026","testcases.backoffice.currency.AddCurrencyTest","Surefire test","testcases.backoffice.currency.AddCurrencyTest","addCurrencyWithZeroRate"
"Login Merchant tanpa Parameter Captcha","3005","testLoginMissingCaptchaParam","Surefire suite","Thu Oct 08 10:17:20 UTC 2026","passed","Thu Oct 08 10:17:23 UTC 2026","testcases.auth.LoginTest","Surefire test","testcases.auth.LoginTest","testLoginMissingCaptchaParam"
"Delete Google Authenticator Dengan id Milik Entitas Lain (Group Id)","4434","deleteOtpGoogleWithForeignEntityId","Surefire suite","Thu Oct 08 10:27:46 UTC 2026","passed","Thu Oct 08 10:27:50 UTC 2026","testcases.backoffice.googleauth.DeleteOtpGoogleTest","Surefire test","testcases.backoffice.googleauth.DeleteOtpGoogleTest","deleteOtpGoogleWithForeignEntityId"
"Delete Group Backoffice Dengan Header Authorization Tanpa Skema Bearer","1429","deleteGroupWithMalformedAuthorizationHeader","Surefire suite","Thu Oct 08 10:18:21 UTC 2026","passed","Thu Oct 08 10:18:22 UTC 2026","testcases.backoffice.group.DeleteGroupTest","Surefire test","testcases.backoffice.group.DeleteGroupTest","deleteGroupWithMalformedAuthorizationHeader"
"Create Manage Settlement BO","9347","addManageSettlementBO","Surefire suite","Thu Oct 08 09:56:11 UTC 2026","passed","Thu Oct 08 09:56:20 UTC 2026","testcases.backoffice.settlement.AddManageSettlementTest","Surefire test","testcases.backoffice.settlement.AddManageSettlementTest","addManageSettlementBO"
"Get Group Detail Backoffice Dengan Format Group Id Tidak Valid (Bukan ObjectId)","4526","getGroupDetailWithMalformedId","Surefire suite","Thu Oct 08 10:21:28 UTC 2026","passed","Thu Oct 08 10:21:33 UTC 2026","testcases.backoffice.group.GetGroupTest","Surefire test","testcases.backoffice.group.GetGroupTest","getGroupDetailWithMalformedId"
"List Currency USDT Dengan Token Kadaluarsa","1431","getCurrencyWithExpiredToken","Surefire suite","Thu Oct 08 10:08:28 UTC 2026","passed","Thu Oct 08 10:08:30 UTC 2026","testcases.backoffice.currency.GetCurrencyTest","Surefire test","testcases.backoffice.currency.GetCurrencyTest","getCurrencyWithExpiredToken"
"List User Backoffice Tanpa Body Sama Sekali","4373","listUsersWithoutBody","Surefire suite","Thu Oct 08 10:46:19 UTC 2026","passed","Thu Oct 08 10:46:23 UTC 2026","testcases.backoffice.users.ListUsersTest","Surefire test","testcases.backoffice.users.ListUsersTest","listUsersWithoutBody"
"Refund Summary Menggunakan Login Customer Service","4503","getRefundWithCSLogin","Surefire suite","Thu Oct 08 10:40:49 UTC 2026","passed","Thu Oct 08 10:40:54 UTC 2026","testcases.backoffice.refund.GetRefundTest","Surefire test","testcases.backoffice.refund.GetRefundTest","getRefundWithCSLogin"
"List Waiting Company Backoffice Tanpa Login/Header Auth","1430","listWaitingCompanyWithoutAuth","Surefire suite","Thu Oct 08 10:39:59 UTC 2026","passed","Thu Oct 08 10:40:00 UTC 2026","testcases.backoffice.ListWaitingCompanyTest","Surefire test","testcases.backoffice.ListWaitingCompanyTest","listWaitingCompanyWithoutAuth"
"Add User Backoffice Dengan Body Berupa Array","1564","addMerchantBackofficeWithArrayBody","Surefire suite","Thu Oct 08 09:54:09 UTC 2026","passed","Thu Oct 08 09:54:10 UTC 2026","testcases.backoffice.users.AddUserTest","Surefire test","testcases.backoffice.users.AddUserTest","addMerchantBackofficeWithArrayBody"
"List Manage Settlement Backoffice Tanpa Body Sama Sekali","4550","listManageSettlementWithoutBody","Surefire suite","Thu Oct 08 10:40:10 UTC 2026","passed","Thu Oct 08 10:40:15 UTC 2026","testcases.backoffice.settlement.ManageSettlementTest","Surefire test","testcases.backoffice.settlement.ManageSettlementTest","listManageSettlementWithoutBody"
"Create Manage Settlement BO Menggunakan HTTP Method PATCH","4399","addManageSettlementWithPatchMethod","Surefire suite","Thu Oct 08 09:59:13 UTC 2026","passed","Thu Oct 08 09:59:17 UTC 2026","testcases.backoffice.settlement.AddManageSettlementTest","Surefire test","testcases.backoffice.settlement.AddManageSettlementTest","addManageSettlementWithPatchMethod"
"Get List Favorite Account Dengan size 0","1541","getListFavoriteAccountWithZeroSize","Surefire suite","Thu Oct 08 12:11:36 UTC 2026","passed","Thu Oct 08 12:11:38 UTC 2026","testcases.settings.favoriteaccount.GetListFavoriteAccountTest","Surefire test","testcases.settings.favoriteaccount.GetListFavoriteAccountTest","getListFavoriteAccountWithZeroSize"
"Test Approve Manual Transfer Supervisor dengan check Fee di Admin Crypto dan Admin Fee","40818","approvedCashDepositBalanceSupervisor","Surefire suite","Thu Oct 08 11:14:44 UTC 2026","passed","Thu Oct 08 11:15:25 UTC 2026","testcases.backoffice.ApprovalTransferTest","Surefire test","testcases.backoffice.ApprovalTransferTest","approvedCashDepositBalanceSupervisor"
"List Manage Settlement Backoffice Tanpa Login/Header Auth","1451","listManageSettlementWithoutAuth","Surefire suite","Thu Oct 08 10:40:06 UTC 2026","passed","Thu Oct 08 10:40:07 UTC 2026","testcases.backoffice.settlement.ManageSettlementTest","Surefire test","testcases.backoffice.settlement.ManageSettlementTest","listManageSettlementWithoutAuth"
"Transfer Different Parner Reference Supervisor, Manual Transfer to Transfer","50208","trfPartnerRefManualSpvFailed","Surefire suite","Thu Oct 08 09:55:00 UTC 2026","passed","Thu Oct 08 09:55:50 UTC 2026","testcases.transfer.TransferTest","Surefire test","testcases.transfer.TransferTest","trfPartnerRefManualSpvFailed"
"Add Currency USDT Cs Admin","5021","addCurrencyCsAdmin","Surefire suite","Thu Oct 08 11:24:59 UTC 2026","passed","Thu Oct 08 11:25:05 UTC 2026","testcases.backoffice.currency.AddCurrencyTest","Surefire test","testcases.backoffice.currency.AddCurrencyTest","addCurrencyCsAdmin"
"List Refund Menggunakan Login Marketing","4585","listRefundWithMarketingLogin","Surefire suite","Thu Oct 08 11:34:19 UTC 2026","passed","Thu Oct 08 11:34:23 UTC 2026","testcases.backoffice.ListRefundTest","Surefire test","testcases.backoffice.ListRefundTest","listRefundWithMarketingLogin"
"Get Dashboard Backoffice Menggunakan Login Admin","4844","getDashboardWithAdminLogin","Surefire suite","Thu Oct 08 09:54:12 UTC 2026","passed","Thu Oct 08 09:54:17 UTC 2026","testcases.backoffice.GetDashboardTest","Surefire test","testcases.backoffice.GetDashboardTest","getDashboardWithAdminLogin"
"Resend Google Authenticator Dengan email Sangat Panjang (10.000 karakter)","4658","resendOtpGoogleWithOverlongEmail","Surefire suite","Thu Oct 08 10:34:02 UTC 2026","passed","Thu Oct 08 10:34:07 UTC 2026","testcases.backoffice.googleauth.ResendOtpGoogleTest","Surefire test","testcases.backoffice.googleauth.ResendOtpGoogleTest","resendOtpGoogleWithOverlongEmail"
"Delete Google Authenticator Dengan Token Kadaluarsa","1421","deleteOtpGoogleWithExpiredToken","Surefire suite","Thu Oct 08 10:27:42 UTC 2026","passed","Thu Oct 08 10:27:43 UTC 2026","testcases.backoffice.googleauth.DeleteOtpGoogleTest","Surefire test","testcases.backoffice.googleauth.DeleteOtpGoogleTest","deleteOtpGoogleWithExpiredToken"
"Add Group Backoffice Dengan Content-Type text/plain","1406","addGroupWithWrongContentType","Surefire suite","Thu Oct 08 10:26:13 UTC 2026","passed","Thu Oct 08 10:26:15 UTC 2026","testcases.backoffice.group.AddGroupTest","Surefire test","testcases.backoffice.group.AddGroupTest","addGroupWithWrongContentType"
"Get Group Detail Backoffice Dengan Header Authorization Tanpa Skema Bearer","1431","getGroupDetailWithMalformedAuthorizationHeader","Surefire suite","Thu Oct 08 10:21:24 UTC 2026","passed","Thu Oct 08 10:21:25 UTC 2026","testcases.backoffice.group.GetGroupTest","Surefire test","testcases.backoffice.group.GetGroupTest","getGroupDetailWithMalformedAuthorizationHeader"
"Add Currency CS Admin Path Dengan rate Sangat Besar (Overflow)","1569","addCurrencyWithHugeRate","Surefire suite","Thu Oct 08 11:26:28 UTC 2026","passed","Thu Oct 08 11:26:29 UTC 2026","testcases.backoffice.currency.AddCurrencyTest","Surefire test","testcases.backoffice.currency.AddCurrencyTest","addCurrencyWithHugeRate"
"Get List Group Backoffice Dengan Body JSON Tidak Valid (Malformed)","1399","getListGroupWithMalformedJson","Surefire suite","Thu Oct 08 10:14:33 UTC 2026","passed","Thu Oct 08 10:14:35 UTC 2026","testcases.backoffice.group.GetListGroupTest","Surefire test","testcases.backoffice.group.GetListGroupTest","getListGroupWithMalformedJson"
"Check Status QR Tanpa Login/Header Auth","3404","checkStatusQRWithoutAuth","Surefire suite","Thu Oct 08 10:33:37 UTC 2026","passed","Thu Oct 08 10:33:40 UTC 2026","testcases.QR.CheckStatusQRTest","Surefire test","testcases.QR.CheckStatusQRTest","checkStatusQRWithoutAuth"
"Create Manage Settlement BO Dengan Body Berupa Literal null","4598","addManageSettlementWithNullLiteralBody","Surefire suite","Thu Oct 08 09:58:58 UTC 2026","passed","Thu Oct 08 09:59:03 UTC 2026","testcases.backoffice.settlement.AddManageSettlementTest","Surefire test","testcases.backoffice.settlement.AddManageSettlementTest","addManageSettlementWithNullLiteralBody"
"Normal Transfer Success","7677","transferAdminCrypto","Surefire suite","Thu Oct 08 09:55:40 UTC 2026","passed","Thu Oct 08 09:55:47 UTC 2026","testcases.transfer.TransferTest","Surefire test","testcases.transfer.TransferTest","transferAdminCrypto"
"Delete Favorite Account Tanpa Body Sama Sekali","1437","deleteFavoriteAccountWithoutBody","Surefire suite","Thu Oct 08 10:03:39 UTC 2026","passed","Thu Oct 08 10:03:40 UTC 2026","testcases.settings.favoriteaccount.DeleteFavoriteAccountTest","Surefire test","testcases.settings.favoriteaccount.DeleteFavoriteAccountTest","deleteFavoriteAccountWithoutBody"
"List Company Backoffice Menggunakan Login CS Admin","4409","listCompanyWithCSAdminLogin","Surefire suite","Thu Oct 08 10:35:50 UTC 2026","passed","Thu Oct 08 10:35:55 UTC 2026","testcases.backoffice.ListCompanyTest","Surefire test","testcases.backoffice.ListCompanyTest","listCompanyWithCSAdminLogin"
"Reset Pin Admin","4694","resetPinAdmin","Surefire suite","Thu Oct 08 09:55:35 UTC 2026","passed","Thu Oct 08 09:55:40 UTC 2026","testcases.settings.ResetPinTest","Surefire test","testcases.settings.ResetPinTest","resetPinAdmin"
"Get List Favorite Account Tanpa Field page","1561","getListFavoriteAccountWithoutPageField","Surefire suite","Thu Oct 08 12:11:54 UTC 2026","passed","Thu Oct 08 12:11:56 UTC 2026","testcases.settings.favoriteaccount.GetListFavoriteAccountTest","Surefire test","testcases.settings.favoriteaccount.GetListFavoriteAccountTest","getListFavoriteAccountWithoutPageField"
"Get Balance Merchant with Login Supervisor","5729","getBalanceMerchantLoginSupervisor","Surefire suite","Thu Oct 08 09:54:07 UTC 2026","passed","Thu Oct 08 09:54:13 UTC 2026","testcases.balance.GetBalanceQrisTest","Surefire test","testcases.balance.GetBalanceQrisTest","getBalanceMerchantLoginSupervisor"
"Add User Backoffice Tanpa Body Sama Sekali","1477","addMerchantBackofficeWithoutBody","Surefire suite","Thu Oct 08 09:56:01 UTC 2026","passed","Thu Oct 08 09:56:03 UTC 2026","testcases.backoffice.users.AddUserTest","Surefire test","testcases.backoffice.users.AddUserTest","addMerchantBackofficeWithoutBody"
"Delete Favorite Account Merchant","6897","deleteFavoriteAccount","Surefire suite","Thu Oct 08 09:54:07 UTC 2026","passed","Thu Oct 08 09:54:14 UTC 2026","testcases.settings.favoriteaccount.DeleteFavoriteAccountTest","Surefire test","testcases.settings.favoriteaccount.DeleteFavoriteAccountTest","deleteFavoriteAccount"
"Get Balance Admin Transfer","4754","getBalanceAdmin","Surefire suite","Thu Oct 08 09:55:19 UTC 2026","passed","Thu Oct 08 09:55:24 UTC 2026","testcases.balance.GetBalanceTransferTest","Surefire test","testcases.balance.GetBalanceTransferTest","getBalanceAdmin"
"Created Favorite Account Ke Path yang Tidak Ada (Typo)","1512","createdFavoriteAccountWithWrongPath","Surefire suite","Thu Oct 08 10:39:15 UTC 2026","failed","Thu Oct 08 10:39:16 UTC 2026","testcases.settings.favoriteaccount.CreatedFavoriteAccountTest","Surefire test","testcases.settings.favoriteaccount.CreatedFavoriteAccountTest","createdFavoriteAccountWithWrongPath"
"List Manage Settlement Backoffice Dengan Tipe Data Salah pada Field Limit (String, Bukan Integer)","4653","listManageSettlementWithInvalidFieldType","Surefire suite","Thu Oct 08 10:37:56 UTC 2026","passed","Thu Oct 08 10:38:01 UTC 2026","testcases.backoffice.settlement.ManageSettlementTest","Surefire test","testcases.backoffice.settlement.ManageSettlementTest","listManageSettlementWithInvalidFieldType"
"Add Group Backoffice Dengan Payload Persis Sama (Dikirim Dua Kali)","2940","addGroupWithDuplicatePayload","Surefire suite","Thu Oct 08 10:24:06 UTC 2026","passed","Thu Oct 08 10:24:09 UTC 2026","testcases.backoffice.group.AddGroupTest","Surefire test","testcases.backoffice.group.AddGroupTest","addGroupWithDuplicatePayload"
"Resend Google Authenticator Dengan email Berisi Payload XSS","4674","resendOtpGoogleWithXssEmail","Surefire suite","Thu Oct 08 10:35:02 UTC 2026","passed","Thu Oct 08 10:35:07 UTC 2026","testcases.backoffice.googleauth.ResendOtpGoogleTest","Surefire test","testcases.backoffice.googleauth.ResendOtpGoogleTest","resendOtpGoogleWithXssEmail"
"Created Favorite Account Menggunakan HTTP Method PATCH","1432","createdFavoriteAccountWithPatchMethod","Surefire suite","Thu Oct 08 10:38:48 UTC 2026","passed","Thu Oct 08 10:38:49 UTC 2026","testcases.settings.favoriteaccount.CreatedFavoriteAccountTest","Surefire test","testcases.settings.favoriteaccount.CreatedFavoriteAccountTest","createdFavoriteAccountWithPatchMethod"
"Get List Group Backoffice Tanpa Body Sama Sekali","1408","getListGroupWithoutBody","Surefire suite","Thu Oct 08 10:16:08 UTC 2026","passed","Thu Oct 08 10:16:10 UTC 2026","testcases.backoffice.group.GetListGroupTest","Surefire test","testcases.backoffice.group.GetListGroupTest","getListGroupWithoutBody"
"Approval Refund Special Transfer Merchant","9440","approveRefundSpecialTransferMerchant","Surefire suite","Thu Oct 08 11:13:12 UTC 2026","passed","Thu Oct 08 11:13:21 UTC 2026","testcases.backoffice.ApprovalRefundTest","Surefire test","testcases.backoffice.ApprovalRefundTest","approveRefundSpecialTransferMerchant"
"Delete Group Backoffice Menggunakan Login Customer Service","4413","deleteGroupWithCSLogin","Surefire suite","Thu Oct 08 10:17:33 UTC 2026","passed","Thu Oct 08 10:17:37 UTC 2026","testcases.backoffice.group.DeleteGroupTest","Surefire test","testcases.backoffice.group.DeleteGroupTest","deleteGroupWithCSLogin"
"Refund Summary Tanpa Body Sama Sekali","1432","getRefundWithoutBody","Surefire suite","Thu Oct 08 10:43:21 UTC 2026","passed","Thu Oct 08 10:43:22 UTC 2026","testcases.backoffice.refund.GetRefundTest","Surefire test","testcases.backoffice.refund.GetRefundTest","getRefundWithoutBody"
"Delete Google Authenticator Dengan Token Backoffice Valid Tapi Tanpa Header pbyv","4467","deleteOtpGoogleWithoutPbyvHeader","Surefire suite","Thu Oct 08 10:29:45 UTC 2026","passed","Thu Oct 08 10:29:49 UTC 2026","testcases.backoffice.googleauth.DeleteOtpGoogleTest","Surefire test","testcases.backoffice.googleauth.DeleteOtpGoogleTest","deleteOtpGoogleWithoutPbyvHeader"
"Delete Group Backoffice Dengan id Bertipe Angka (Bukan String)","1611","deleteGroupWithIdAsNumber","Surefire suite","Thu Oct 08 10:18:07 UTC 2026","passed","Thu Oct 08 10:18:09 UTC 2026","testcases.backoffice.group.DeleteGroupTest","Surefire test","testcases.backoffice.group.DeleteGroupTest","deleteGroupWithIdAsNumber"
"Normal Special Transfer Success","10158","transfer","Surefire suite","Thu Oct 08 10:12:17 UTC 2026","passed","Thu Oct 08 10:12:27 UTC 2026","testcases.transfer.SpecialTransferTest","Surefire test","testcases.transfer.SpecialTransferTest","transfer"
"Delete Favorite Account Dengan Token Kadaluarsa","1418","deleteFavoriteAccountWithExpiredToken","Surefire suite","Thu Oct 08 09:54:51 UTC 2026","passed","Thu Oct 08 09:54:53 UTC 2026","testcases.settings.favoriteaccount.DeleteFavoriteAccountTest","Surefire test","testcases.settings.favoriteaccount.DeleteFavoriteAccountTest","deleteFavoriteAccountWithExpiredToken"
"Refund Summary Menggunakan Login Admin Crypto","4662","getRefundWithAdminCryptoLogin","Surefire suite","Thu Oct 08 10:40:19 UTC 2026","passed","Thu Oct 08 10:40:23 UTC 2026","testcases.backoffice.refund.GetRefundTest","Surefire test","testcases.backoffice.refund.GetRefundTest","getRefundWithAdminCryptoLogin"
"Get List Group Backoffice Dengan Header pbyv Salah","1427","getListGroupWithWrongPbyvHeader","Surefire suite","Thu Oct 08 10:15:55 UTC 2026","passed","Thu Oct 08 10:15:56 UTC 2026","testcases.backoffice.group.GetListGroupTest","Surefire test","testcases.backoffice.group.GetListGroupTest","getListGroupWithWrongPbyvHeader"
"Success Login CS Admin","3151","testLoginCSAdmin","Surefire suite","Thu Oct 08 09:54:02 UTC 2026","passed","Thu Oct 08 09:54:06 UTC 2026","testcases.auth.LoginTest","Surefire test","testcases.auth.LoginTest","testLoginCSAdmin"
"Get History Flop Transfer Test Admin","14399","historyFlopTransferTestAdmin","Surefire suite","Thu Oct 08 11:40:28 UTC 2026","failed","Thu Oct 08 11:40:42 UTC 2026","testcases.history.HistoryTransferTest","Surefire test","testcases.history.HistoryTransferTest","historyFlopTransferTestAdmin"
"Get History QR Paid Merchant on login CS Admin","12127","historyQRPaidMerchantCSAdmin","Surefire suite","Thu Oct 08 10:48:26 UTC 2026","passed","Thu Oct 08 10:48:38 UTC 2026","testcases.history.HistoryQRTest","Surefire test","testcases.history.HistoryQRTest","historyQRPaidMerchantCSAdmin"
"List Refund Menggunakan Login Merchant","4636","listRefundWithMerchantLogin","Surefire suite","Thu Oct 08 11:34:26 UTC 2026","passed","Thu Oct 08 11:34:31 UTC 2026","testcases.backoffice.ListRefundTest","Surefire test","testcases.backoffice.ListRefundTest","listRefundWithMerchantLogin"
"Get Balance Merchant with Login Admin Crypto","4595","getFailedBalanceMerchantLoginAdminCrypto","Surefire suite","Thu Oct 08 09:57:18 UTC 2026","passed","Thu Oct 08 09:57:23 UTC 2026","testcases.balance.GetBalanceQrisTest","Surefire test","testcases.balance.GetBalanceQrisTest","getFailedBalanceMerchantLoginAdminCrypto"
"Add Currency CS Admin Path Menggunakan HTTP Method PATCH","1453","addCurrencyWithPatchMethod","Surefire suite","Thu Oct 08 11:27:24 UTC 2026","passed","Thu Oct 08 11:27:25 UTC 2026","testcases.backoffice.currency.AddCurrencyTest","Surefire test","testcases.backoffice.currency.AddCurrencyTest","addCurrencyWithPatchMethod"
"List Currency USDT Dengan Token Tidak Valid","1439","getCurrencyWithInvalidToken","Surefire suite","Thu Oct 08 10:08:51 UTC 2026","passed","Thu Oct 08 10:08:53 UTC 2026","testcases.backoffice.currency.GetCurrencyTest","Surefire test","testcases.backoffice.currency.GetCurrencyTest","getCurrencyWithInvalidToken"
"Test Rejected Special Transfer Supervisor","13791","rejectedSpecialTransferSupervisor","Surefire suite","Thu Oct 08 11:19:24 UTC 2026","failed","Thu Oct 08 11:19:38 UTC 2026","testcases.backoffice.ApprovalTransferTest","Surefire test","testcases.backoffice.ApprovalTransferTest","rejectedSpecialTransferSupervisor"
"Resend Google Authenticator Tanpa Body Sama Sekali","4534","resendOtpGoogleWithoutBody","Surefire suite","Thu Oct 08 10:35:14 UTC 2026","passed","Thu Oct 08 10:35:19 UTC 2026","testcases.backoffice.googleauth.ResendOtpGoogleTest","Surefire test","testcases.backoffice.googleauth.ResendOtpGoogleTest","resendOtpGoogleWithoutBody"
"Get List Group Company BO Ke Path yang Tidak Ada (Typo)","4876","getListGroupCompanyWithWrongPath","Surefire suite","Thu Oct 08 10:03:24 UTC 2026","passed","Thu Oct 08 10:03:29 UTC 2026","testcases.backoffice.settlement.GetListGroupCompanyTest","Surefire test","testcases.backoffice.settlement.GetListGroupCompanyTest","getListGroupCompanyWithWrongPath"
"Mutasi Manual Transfer Balance","33183","mutasiManualTransferBalance","Surefire suite","Thu Oct 08 11:54:15 UTC 2026","failed","Thu Oct 08 11:54:48 UTC 2026","testcases.mutasi.MutasiTransferTest","Surefire test","testcases.mutasi.MutasiTransferTest","mutasiManualTransferBalance"
"Inquiry Test Manual Transfer Admin Crypto","4822","inquiryManualTransferAdminCrypto","Surefire suite","Thu Oct 08 09:56:30 UTC 2026","passed","Thu Oct 08 09:56:34 UTC 2026","testcases.transfer.InquiryManualTransferTest","Surefire test","testcases.transfer.InquiryManualTransferTest","inquiryManualTransferAdminCrypto"
"Get Group Backoffice Tanpa Login/Header Auth","1437","getGroupWithoutAuth","Surefire suite","Thu Oct 08 09:55:35 UTC 2026","passed","Thu Oct 08 09:55:36 UTC 2026","testcases.backoffice.GetDashboardTest","Surefire test","testcases.backoffice.GetDashboardTest","getGroupWithoutAuth"
"List Currency USDT Tanpa Login/Header Auth","1520","getCurrencyWithoutAuth","Surefire suite","Thu Oct 08 10:10:17 UTC 2026","passed","Thu Oct 08 10:10:19 UTC 2026","testcases.backoffice.currency.GetCurrencyTest","Surefire test","testcases.backoffice.currency.GetCurrencyTest","getCurrencyWithoutAuth"
"Get History QR Supervisor","4590","historyQRTestSupervisor","Surefire suite","Thu Oct 08 10:49:49 UTC 2026","skipped","Thu Oct 08 10:49:54 UTC 2026","testcases.history.HistoryQRTest","Surefire test","testcases.history.HistoryQRTest","historyQRTestSupervisor"
"Get Detail Waiting Company Backoffice Dengan Id Berisi Karakter SQL Injection","4470","getDetailWaitingCompanyWithSqlInjectionId","Surefire suite","Thu Oct 08 10:12:30 UTC 2026","passed","Thu Oct 08 10:12:34 UTC 2026","testcases.backoffice.GetDetailWaitingCompanyTest","Surefire test","testcases.backoffice.GetDetailWaitingCompanyTest","getDetailWaitingCompanyWithSqlInjectionId"
"List Company Backoffice Dengan Karakter SQL Injection pada Field Param - Menemukan Bug Gateway Timeout","4415","listCompanyWithSqlInjectionParam","Surefire suite","Thu Oct 08 10:37:15 UTC 2026","passed","Thu Oct 08 10:37:20 UTC 2026","testcases.backoffice.ListCompanyTest","Surefire test","testcases.backoffice.ListCompanyTest","listCompanyWithSqlInjectionParam"
"Check Status QR Dengan id Milik Entitas Lain (Group Id)","1579","checkStatusQRWithForeignEntityId","Surefire suite","Thu Oct 08 10:32:09 UTC 2026","passed","Thu Oct 08 10:32:11 UTC 2026","testcases.QR.CheckStatusQRTest","Surefire test","testcases.QR.CheckStatusQRTest","checkStatusQRWithForeignEntityId"
"List Waiting Company Backoffice Tanpa Body Sama Sekali","4587","listWaitingCompanyWithoutBody","Surefire suite","Thu Oct 08 10:40:03 UTC 2026","passed","Thu Oct 08 10:40:08 UTC 2026","testcases.backoffice.ListWaitingCompanyTest","Surefire test","testcases.backoffice.ListWaitingCompanyTest","listWaitingCompanyWithoutBody"
"Get Detail Waiting Company Backoffice Dengan Format Id Tidak Valid (Bukan ObjectId)","4698","getDetailWaitingCompanyWithMalformedId","Surefire suite","Thu Oct 08 10:11:29 UTC 2026","passed","Thu Oct 08 10:11:34 UTC 2026","testcases.backoffice.GetDetailWaitingCompanyTest","Surefire test","testcases.backoffice.GetDetailWaitingCompanyTest","getDetailWaitingCompanyWithMalformedId"
"Request Refund Transfer Waiting Merchant","4756","refundTransferWaitingMerchant","Surefire suite","Thu Oct 08 10:36:57 UTC 2026","passed","Thu Oct 08 10:37:01 UTC 2026","testcases.transfer.RefundTransferTest","Surefire test","testcases.transfer.RefundTransferTest","refundTransferWaitingMerchant"
"Delete Group Backoffice Menggunakan Login Admin","4393","deleteGroupWithAdminLogin","Surefire suite","Thu Oct 08 10:17:14 UTC 2026","passed","Thu Oct 08 10:17:18 UTC 2026","testcases.backoffice.group.DeleteGroupTest","Surefire test","testcases.backoffice.group.DeleteGroupTest","deleteGroupWithAdminLogin"
"Delete Group Backoffice Tanpa Field name","1498","deleteGroupWithoutNameField","Surefire suite","Thu Oct 08 10:20:13 UTC 2026","passed","Thu Oct 08 10:20:15 UTC 2026","testcases.backoffice.group.DeleteGroupTest","Surefire test","testcases.backoffice.group.DeleteGroupTest","deleteGroupWithoutNameField"
"Refund Summary Dengan Header pbyv Salah","1455","getRefundWithWrongPbyvHeader","Surefire suite","Thu Oct 08 10:43:07 UTC 2026","passed","Thu Oct 08 10:43:09 UTC 2026","testcases.backoffice.refund.GetRefundTest","Surefire test","testcases.backoffice.refund.GetRefundTest","getRefundWithWrongPbyvHeader"
"Normal Transfer USDT Success","13933","transfer","Surefire suite","Thu Oct 08 10:06:21 UTC 2026","failed","Thu Oct 08 10:06:35 UTC 2026","testcases.transfer.TransferUSDTTest","Surefire test","testcases.transfer.TransferUSDTTest","transfer"
"Get Notification Sender Dengan Body Kosong ({})","4416","getNotificationSenderWithEmptyBody","Surefire suite","Thu Oct 08 10:41:20 UTC 2026","passed","Thu Oct 08 10:41:25 UTC 2026","testcases.backoffice.notifsender.NotificationSenderTest","Surefire test","testcases.backoffice.notifsender.NotificationSenderTest","getNotificationSenderWithEmptyBody"
"Normal Transfer USDT Supervisor Success","6966","usdtTransferSupervisor","Surefire suite","Thu Oct 08 09:57:24 UTC 2026","passed","Thu Oct 08 09:57:31 UTC 2026","testcases.transfer.TransferUSDTTest","Surefire test","testcases.transfer.TransferUSDTTest","usdtTransferSupervisor"
"Delete Group Backoffice Dengan id Valid Tapi name Tidak Cocok","15084","deleteGroupWithMismatchedName","Surefire suite","Thu Oct 08 10:18:45 UTC 2026","passed","Thu Oct 08 10:19:00 UTC 2026","testcases.backoffice.group.DeleteGroupTest","Surefire test","testcases.backoffice.group.DeleteGroupTest","deleteGroupWithMismatchedName"
"Normal Transfer with Account Supervisor","8015","transferSupervisor","Surefire suite","Thu Oct 08 09:54:49 UTC 2026","passed","Thu Oct 08 09:54:57 UTC 2026","testcases.transfer.TransferTest","Surefire test","testcases.transfer.TransferTest","transferSupervisor"
"Get Notification Sender Dengan Page/Size Negatif","4584","getNotificationSenderWithNegativePageSize","Surefire suite","Thu Oct 08 10:43:11 UTC 2026","passed","Thu Oct 08 10:43:16 UTC 2026","testcases.backoffice.notifsender.NotificationSenderTest","Surefire test","testcases.backoffice.notifsender.NotificationSenderTest","getNotificationSenderWithNegativePageSize"
"Get Detail User Backoffice","4521","getUsersBO","Surefire suite","Thu Oct 08 10:43:43 UTC 2026","passed","Thu Oct 08 10:43:48 UTC 2026","testcases.backoffice.users.ListUsersTest","Surefire test","testcases.backoffice.users.ListUsersTest","getUsersBO"
"Get Notification Sender Dengan Header Authorization Tanpa Skema Bearer","1440","getNotificationSenderWithMalformedAuthorizationHeader","Surefire suite","Thu Oct 08 10:42:37 UTC 2026","passed","Thu Oct 08 10:42:38 UTC 2026","testcases.backoffice.notifsender.NotificationSenderTest","Surefire test","testcases.backoffice.notifsender.NotificationSenderTest","getNotificationSenderWithMalformedAuthorizationHeader"
"Mutasi Special Transfer","20319","mutasiSpecialTransfer","Surefire suite","Thu Oct 08 11:58:04 UTC 2026","passed","Thu Oct 08 11:58:25 UTC 2026","testcases.mutasi.MutasiTransferTest","Surefire test","testcases.mutasi.MutasiTransferTest","mutasiSpecialTransfer"
"Generate QR Code Merchant","4930","generateQRCode","Surefire suite","Thu Oct 08 10:31:18 UTC 2026","skipped","Thu Oct 08 10:31:23 UTC 2026","testcases.QR.GenerateQRTest","Surefire test","testcases.QR.GenerateQRTest","generateQRCode"
"Check Status QR Dengan Token Kadaluarsa","3233","checkStatusQRWithExpiredToken","Surefire suite","Thu Oct 08 10:32:03 UTC 2026","passed","Thu Oct 08 10:32:06 UTC 2026","testcases.QR.CheckStatusQRTest","Surefire test","testcases.QR.CheckStatusQRTest","checkStatusQRWithExpiredToken"
"Add Group Backoffice Menggunakan HTTP Method PUT","1467","addGroupWithPutMethod","Surefire suite","Thu Oct 08 10:25:43 UTC 2026","passed","Thu Oct 08 10:25:45 UTC 2026","testcases.backoffice.group.AddGroupTest","Surefire test","testcases.backoffice.group.AddGroupTest","addGroupWithPutMethod"
"Transfer Different Parner Reference Supervisor, USDT Transfer to Transfer","14318","trfPartnerRefUSDTSpvFailed","Surefire suite","Thu Oct 08 09:56:11 UTC 2026","failed","Thu Oct 08 09:56:25 UTC 2026","testcases.transfer.TransferTest","Surefire test","testcases.transfer.TransferTest","trfPartnerRefUSDTSpvFailed"
"Get Dashboard Backoffice Menggunakan Login Admin Crypto","4606","getDashboardWithAdminCryptoLogin","Surefire suite","Thu Oct 08 09:54:04 UTC 2026","passed","Thu Oct 08 09:54:09 UTC 2026","testcases.backoffice.GetDashboardTest","Surefire test","testcases.backoffice.GetDashboardTest","getDashboardWithAdminCryptoLogin"
"List Currency USDT Backoffice","4458","getCurrencyBO","Surefire suite","Thu Oct 08 10:07:34 UTC 2026","passed","Thu Oct 08 10:07:38 UTC 2026","testcases.backoffice.currency.GetCurrencyTest","Surefire test","testcases.backoffice.currency.GetCurrencyTest","getCurrencyBO"
"Created Favorite Account Customer Service","11215","createdFavoriteAccountCS","Surefire suite","Thu Oct 08 11:02:10 UTC 2026","passed","Thu Oct 08 11:02:21 UTC 2026","testcases.settings.favoriteaccount.CreatedFavoriteAccountTest","Surefire test","testcases.settings.favoriteaccount.CreatedFavoriteAccountTest","createdFavoriteAccountCS"
"Inquiry Favorite Account Dengan Token Kadaluarsa","1443","inquiryFavoriteAccountWithExpiredToken","Surefire suite","Thu Oct 08 10:40:20 UTC 2026","passed","Thu Oct 08 10:40:21 UTC 2026","testcases.settings.favoriteaccount.InquiryFavoriteAccountTest","Surefire test","testcases.settings.favoriteaccount.InquiryFavoriteAccountTest","inquiryFavoriteAccountWithExpiredToken"
"Delete Favorite Account Dengan Token Tidak Valid","1513","deleteFavoriteAccountWithInvalidToken","Surefire suite","Thu Oct 08 09:57:09 UTC 2026","passed","Thu Oct 08 09:57:10 UTC 2026","testcases.settings.favoriteaccount.DeleteFavoriteAccountTest","Surefire test","testcases.settings.favoriteaccount.DeleteFavoriteAccountTest","deleteFavoriteAccountWithInvalidToken"
"Get List Group Company BO Menggunakan Login CS Admin","4553","getListGroupCompanyWithCSAdminLogin","Surefire suite","Thu Oct 08 10:01:11 UTC 2026","passed","Thu Oct 08 10:01:15 UTC 2026","testcases.backoffice.settlement.GetListGroupCompanyTest","Surefire test","testcases.backoffice.settlement.GetListGroupCompanyTest","getListGroupCompanyWithCSAdminLogin"
"Get Group Detail Backoffice Menggunakan HTTP Method POST","4564","getGroupDetailWithPostMethod","Surefire suite","Thu Oct 08 10:22:14 UTC 2026","passed","Thu Oct 08 10:22:18 UTC 2026","testcases.backoffice.group.GetGroupTest","Surefire test","testcases.backoffice.group.GetGroupTest","getGroupDetailWithPostMethod"
"Delete Group Backoffice Dengan Token Backoffice Valid Tapi Tanpa Header pbyv","1758","deleteGroupWithoutPbyvHeader","Surefire suite","Thu Oct 08 10:20:18 UTC 2026","passed","Thu Oct 08 10:20:19 UTC 2026","testcases.backoffice.group.DeleteGroupTest","Surefire test","testcases.backoffice.group.DeleteGroupTest","deleteGroupWithoutPbyvHeader"
"Inquiry Test Flop Transfer Merchant Supervisor","14117","inquiryFlopTransferSupervisor","Surefire suite","Thu Oct 08 09:56:50 UTC 2026","failed","Thu Oct 08 09:57:04 UTC 2026","testcases.transfer.InquiryFlopTransferTest","Surefire test","testcases.transfer.InquiryFlopTransferTest","inquiryFlopTransferSupervisor"
"List Refund Menggunakan Login Admin Crypto","5032","listRefundAdminCrypto","Surefire suite","Thu Oct 08 11:32:41 UTC 2026","passed","Thu Oct 08 11:32:46 UTC 2026","testcases.backoffice.ListRefundTest","Surefire test","testcases.backoffice.ListRefundTest","listRefundAdminCrypto"
"List Refund Dengan Body Kosong ({})","4748","listRefundWithEmptyBody","Surefire suite","Thu Oct 08 11:33:28 UTC 2026","passed","Thu Oct 08 11:33:33 UTC 2026","testcases.backoffice.ListRefundTest","Surefire test","testcases.backoffice.ListRefundTest","listRefundWithEmptyBody"
"Delete Group Backoffice Tanpa Login/Header Auth","1435","deleteGroupWithoutAuth","Surefire suite","Thu Oct 08 10:20:00 UTC 2026","passed","Thu Oct 08 10:20:01 UTC 2026","testcases.backoffice.group.DeleteGroupTest","Surefire test","testcases.backoffice.group.DeleteGroupTest","deleteGroupWithoutAuth"
"","4771","listCashDeposit","Surefire suite","Thu Oct 08 09:54:10 UTC 2026","passed","Thu Oct 08 09:54:15 UTC 2026","testcases.backoffice.ListTransferTest","Surefire test","testcases.backoffice.ListTransferTest","listCashDeposit"
"Create Manage Settlement BO Menggunakan Login Marketing","4485","addManageSettlementWithMarketingLogin","Surefire suite","Thu Oct 08 09:58:28 UTC 2026","passed","Thu Oct 08 09:58:32 UTC 2026","testcases.backoffice.settlement.AddManageSettlementTest","Surefire test","testcases.backoffice.settlement.AddManageSettlementTest","addManageSettlementWithMarketingLogin"
"Get Notification Sender Dengan Sort Tanpa Operator '=='","4671","getNotificationSenderWithMalformedSortOperator","Surefire suite","Thu Oct 08 10:42:49 UTC 2026","passed","Thu Oct 08 10:42:53 UTC 2026","testcases.backoffice.notifsender.NotificationSenderTest","Surefire test","testcases.backoffice.notifsender.NotificationSenderTest","getNotificationSenderWithMalformedSortOperator"
"Get Detail Waiting Company Backoffice Dengan Id Berisi Payload XSS","4402","getDetailWaitingCompanyWithXssId","Surefire suite","Thu Oct 08 10:12:53 UTC 2026","passed","Thu Oct 08 10:12:57 UTC 2026","testcases.backoffice.GetDetailWaitingCompanyTest","Surefire test","testcases.backoffice.GetDetailWaitingCompanyTest","getDetailWaitingCompanyWithXssId"
"List Currency USDT Dengan Tipe Data Salah pada Field limit (String, Bukan Integer)","1504","getCurrencyWithInvalidFieldType","Surefire suite","Thu Oct 08 10:08:42 UTC 2026","passed","Thu Oct 08 10:08:44 UTC 2026","testcases.backoffice.currency.GetCurrencyTest","Surefire test","testcases.backoffice.currency.GetCurrencyTest","getCurrencyWithInvalidFieldType"
"Transfer with Wrong Pin","52866","transferWrongPin","Surefire suite","Thu Oct 08 10:09:56 UTC 2026","passed","Thu Oct 08 10:10:49 UTC 2026","testcases.transfer.TransferTest","Surefire test","testcases.transfer.TransferTest","transferWrongPin"
"Get List Favorite Account Dengan Body Berupa JSON Array ([])","4719","getListFavoriteAccountWithArrayBody","Surefire suite","Thu Oct 08 12:10:02 UTC 2026","passed","Thu Oct 08 12:10:07 UTC 2026","testcases.settings.favoriteaccount.GetListFavoriteAccountTest","Surefire test","testcases.settings.favoriteaccount.GetListFavoriteAccountTest","getListFavoriteAccountWithArrayBody"
"List Company Backoffice Tanpa Login/Header Auth","1466","listCompanyWithoutAuth","Surefire suite","Thu Oct 08 10:37:38 UTC 2026","passed","Thu Oct 08 10:37:39 UTC 2026","testcases.backoffice.ListCompanyTest","Surefire test","testcases.backoffice.ListCompanyTest","listCompanyWithoutAuth"
"List Manage Settlement Backoffice Dengan Token Tidak Valid","1430","listManageSettlementWithInvalidToken","Surefire suite","Thu Oct 08 10:38:12 UTC 2026","passed","Thu Oct 08 10:38:13 UTC 2026","testcases.backoffice.settlement.ManageSettlementTest","Surefire test","testcases.backoffice.settlement.ManageSettlementTest","listManageSettlementWithInvalidToken"
"Refund Summary Dengan Token Tidak Valid","1431","getRefundWithInvalidToken","Surefire suite","Thu Oct 08 10:41:37 UTC 2026","passed","Thu Oct 08 10:41:39 UTC 2026","testcases.backoffice.refund.GetRefundTest","Surefire test","testcases.backoffice.refund.GetRefundTest","getRefundWithInvalidToken"
"List Currency USDT Dengan Body Berupa JSON Array ([])","4476","getCurrencyWithArrayBody","Surefire suite","Thu Oct 08 10:07:57 UTC 2026","passed","Thu Oct 08 10:08:01 UTC 2026","testcases.backoffice.currency.GetCurrencyTest","Surefire test","testcases.backoffice.currency.GetCurrencyTest","getCurrencyWithArrayBody"
"Mutasi Special Transfer Supervisor","21478","mutasiSpecialTransferSupervisor","Surefire suite","Thu Oct 08 12:00:47 UTC 2026","passed","Thu Oct 08 12:01:08 UTC 2026","testcases.mutasi.MutasiTransferTest","Surefire test","testcases.mutasi.MutasiTransferTest","mutasiSpecialTransferSupervisor"
"Add Group Backoffice Dengan Body Kosong ({})","1604","addGroupWithEmptyBody","Surefire suite","Thu Oct 08 10:24:12 UTC 2026","passed","Thu Oct 08 10:24:13 UTC 2026","testcases.backoffice.group.AddGroupTest","Surefire test","testcases.backoffice.group.AddGroupTest","addGroupWithEmptyBody"
"Delete session Merchant on Backoffice","4452","deleteSessionBackoffice","Surefire suite","Thu Oct 08 10:29:52 UTC 2026","passed","Thu Oct 08 10:29:57 UTC 2026","testcases.backoffice.users.EditUserTest","Surefire test","testcases.backoffice.users.EditUserTest","deleteSessionBackoffice"
"Inquiry Favorite Account CS","11691","inquiryFavoriteAccountCS","Surefire suite","Thu Oct 08 11:05:23 UTC 2026","passed","Thu Oct 08 11:05:35 UTC 2026","testcases.settings.favoriteaccount.InquiryFavoriteAccountTest","Surefire test","testcases.settings.favoriteaccount.InquiryFavoriteAccountTest","inquiryFavoriteAccountCS"
"List User Backoffice Dengan Body JSON Tidak Valid (Malformed)","4463","listUsersWithMalformedJson","Surefire suite","Thu Oct 08 10:45:29 UTC 2026","passed","Thu Oct 08 10:45:34 UTC 2026","testcases.backoffice.users.ListUsersTest","Surefire test","testcases.backoffice.users.ListUsersTest","listUsersWithMalformedJson"
"Transfer Different Partner Reference, Special Transfer to Transfer","14053","trfPartnerRefSpecialFailed","Surefire suite","Thu Oct 08 10:11:43 UTC 2026","failed","Thu Oct 08 10:11:57 UTC 2026","testcases.transfer.TransferTest","Surefire test","testcases.transfer.TransferTest","trfPartnerRefSpecialFailed"
"Add Group Backoffice Dengan name Bertipe Angka (Bukan String)","1509","addGroupWithNumericName","Surefire suite","Thu Oct 08 10:25:35 UTC 2026","passed","Thu Oct 08 10:25:36 UTC 2026","testcases.backoffice.group.AddGroupTest","Surefire test","testcases.backoffice.group.AddGroupTest","addGroupWithNumericName"
"Add Group Backoffice Dengan feePlatformPercent Bertipe String","1427","addGroupWithFeeAsString","Surefire suite","Thu Oct 08 10:24:25 UTC 2026","passed","Thu Oct 08 10:24:26 UTC 2026","testcases.backoffice.group.AddGroupTest","Surefire test","testcases.backoffice.group.AddGroupTest","addGroupWithFeeAsString"
"Get Group Backoffice Menggunakan Login Merchant","4803","getGroupWithMerchantLogin","Surefire suite","Thu Oct 08 09:55:27 UTC 2026","passed","Thu Oct 08 09:55:32 UTC 2026","testcases.backoffice.GetDashboardTest","Surefire test","testcases.backoffice.GetDashboardTest","getGroupWithMerchantLogin"
"Create Manage Settlement BO Dengan groupName Berupa null","4515","addManageSettlementWithNullGroupName","Surefire suite","Thu Oct 08 09:58:50 UTC 2026","passed","Thu Oct 08 09:58:55 UTC 2026","testcases.backoffice.settlement.AddManageSettlementTest","Surefire test","testcases.backoffice.settlement.AddManageSettlementTest","addManageSettlementWithNullGroupName"
"Normal Transfer USDT Balance Success","10146","usdtTransferBalanceAdminCrypto","Surefire suite","Thu Oct 08 09:54:36 UTC 2026","passed","Thu Oct 08 09:54:46 UTC 2026","testcases.transfer.TransferUSDTTest","Surefire test","testcases.transfer.TransferUSDTTest","usdtTransferBalanceAdminCrypto"
"Get List Google Authenticator Dengan Field Sort Merujuk ke Kolom yang Tidak Ada","4447","listOtpGoogleWithInvalidSortField","Surefire suite","Thu Oct 08 10:33:14 UTC 2026","passed","Thu Oct 08 10:33:19 UTC 2026","testcases.backoffice.googleauth.ListOtpGoogleTest","Surefire test","testcases.backoffice.googleauth.ListOtpGoogleTest","listOtpGoogleWithInvalidSortField"
"Get List Group Backoffice Dengan page Negatif","1489","getListGroupWithNegativePage","Surefire suite","Thu Oct 08 10:14:53 UTC 2026","passed","Thu Oct 08 10:14:54 UTC 2026","testcases.backoffice.group.GetListGroupTest","Surefire test","testcases.backoffice.group.GetListGroupTest","getListGroupWithNegativePage"
"Created Favorite Account Tanpa Field beneficiaryBankCode","1425","createdFavoriteAccountWithoutBeneficiaryBankCodeField","Surefire suite","Thu Oct 08 10:39:33 UTC 2026","failed","Thu Oct 08 10:39:34 UTC 2026","testcases.settings.favoriteaccount.CreatedFavoriteAccountTest","Surefire test","testcases.settings.favoriteaccount.CreatedFavoriteAccountTest","createdFavoriteAccountWithoutBeneficiaryBankCodeField"
"List Currency USDT Dengan Payload XSS pada Field Param","1474","getCurrencyWithXssParam","Surefire suite","Thu Oct 08 10:10:13 UTC 2026","passed","Thu Oct 08 10:10:14 UTC 2026","testcases.backoffice.currency.GetCurrencyTest","Surefire test","testcases.backoffice.currency.GetCurrencyTest","getCurrencyWithXssParam"
"Inquiry Favorite Account Dengan Body Berupa JSON Array ([])","4532","inquiryFavoriteAccountWithArrayBody","Surefire suite","Thu Oct 08 10:39:58 UTC 2026","passed","Thu Oct 08 10:40:03 UTC 2026","testcases.settings.favoriteaccount.InquiryFavoriteAccountTest","Surefire test","testcases.settings.favoriteaccount.InquiryFavoriteAccountTest","inquiryFavoriteAccountWithArrayBody"
"Delete Group Backoffice Dengan Header pbyv Salah","1520","deleteGroupWithWrongPbyvHeader","Surefire suite","Thu Oct 08 10:19:51 UTC 2026","passed","Thu Oct 08 10:19:52 UTC 2026","testcases.backoffice.group.DeleteGroupTest","Surefire test","testcases.backoffice.group.DeleteGroupTest","deleteGroupWithWrongPbyvHeader"
"Add Currency CS Admin Path Tanpa Body Sama Sekali","1441","addCurrencyWithoutBody","Surefire suite","Thu Oct 08 11:28:17 UTC 2026","passed","Thu Oct 08 11:28:18 UTC 2026","testcases.backoffice.currency.AddCurrencyTest","Surefire test","testcases.backoffice.currency.AddCurrencyTest","addCurrencyWithoutBody"
"","11038","getCompanyDetail","Surefire suite","Thu Oct 08 10:59:35 UTC 2026","failed","Thu Oct 08 10:59:46 UTC 2026","testcases.backoffice.CheckCompanyDetailTest","Surefire test","testcases.backoffice.CheckCompanyDetailTest","getCompanyDetail"
"Refund Summary Dengan startDate null","1480","getRefundWithNullStartDate","Surefire suite","Thu Oct 08 10:42:15 UTC 2026","passed","Thu Oct 08 10:42:16 UTC 2026","testcases.backoffice.refund.GetRefundTest","Surefire test","testcases.backoffice.refund.GetRefundTest","getRefundWithNullStartDate"
"Get Group Detail Backoffice Dengan Token Tidak Valid","1481","getGroupDetailWithInvalidToken","Surefire suite","Thu Oct 08 10:21:19 UTC 2026","passed","Thu Oct 08 10:21:21 UTC 2026","testcases.backoffice.group.GetGroupTest","Surefire test","testcases.backoffice.group.GetGroupTest","getGroupDetailWithInvalidToken"
"Check Status QR Dengan Karakter SQL Injection pada id","1467","checkStatusQRWithSqlInjectionId","Surefire suite","Thu Oct 08 10:33:04 UTC 2026","passed","Thu Oct 08 10:33:05 UTC 2026","testcases.QR.CheckStatusQRTest","Surefire test","testcases.QR.CheckStatusQRTest","checkStatusQRWithSqlInjectionId"
"Get List Favorite Account Dengan size Bertipe String","1564","getListFavoriteAccountWithSizeAsString","Surefire suite","Thu Oct 08 12:11:09 UTC 2026","passed","Thu Oct 08 12:11:10 UTC 2026","testcases.settings.favoriteaccount.GetListFavoriteAccountTest","Surefire test","testcases.settings.favoriteaccount.GetListFavoriteAccountTest","getListFavoriteAccountWithSizeAsString"
"Get List Google Authenticator Dengan Body Berupa JSON Array ([])","4464","listOtpGoogleWithArrayBody","Surefire suite","Thu Oct 08 10:32:10 UTC 2026","passed","Thu Oct 08 10:32:14 UTC 2026","testcases.backoffice.googleauth.ListOtpGoogleTest","Surefire test","testcases.backoffice.googleauth.ListOtpGoogleTest","listOtpGoogleWithArrayBody"
"Get Detail Waiting Company Backoffice Dengan Header Authorization Tanpa Skema Bearer","1446","getDetailWaitingCompanyWithMalformedAuthorizationHeader","Surefire suite","Thu Oct 08 10:11:25 UTC 2026","passed","Thu Oct 08 10:11:26 UTC 2026","testcases.backoffice.GetDetailWaitingCompanyTest","Surefire test","testcases.backoffice.GetDetailWaitingCompanyTest","getDetailWaitingCompanyWithMalformedAuthorizationHeader"
"List Manage Settlement Backoffice Menggunakan Login CS Admin","4619","listManageSettlementWithCSAdminLogin","Surefire suite","Thu Oct 08 10:37:06 UTC 2026","passed","Thu Oct 08 10:37:11 UTC 2026","testcases.backoffice.settlement.ManageSettlementTest","Surefire test","testcases.backoffice.settlement.ManageSettlementTest","listManageSettlementWithCSAdminLogin"
"Normal Manual Transfer Success","15522","transfer","Surefire suite","Thu Oct 08 10:33:50 UTC 2026","failed","Thu Oct 08 10:34:05 UTC 2026","testcases.transfer.ManualTransferTest","Surefire test","testcases.transfer.ManualTransferTest","transfer"
"Test Approved Manual Transfer","19876","approvedCashDeposit","Surefire suite","Thu Oct 08 11:13:37 UTC 2026","passed","Thu Oct 08 11:13:57 UTC 2026","testcases.backoffice.ApprovalTransferTest","Surefire test","testcases.backoffice.ApprovalTransferTest","approvedCashDeposit"
"Get History Transfer Test CS","12151","historyTransferTestCS","Surefire suite","Thu Oct 08 11:46:53 UTC 2026","passed","Thu Oct 08 11:47:05 UTC 2026","testcases.history.HistoryTransferTest","Surefire test","testcases.history.HistoryTransferTest","historyTransferTestCS"
"Test Approved Manual Transfer Supervisor","17274","approvedCashDepositSupervisor","Surefire suite","Thu Oct 08 11:15:28 UTC 2026","passed","Thu Oct 08 11:15:45 UTC 2026","testcases.backoffice.ApprovalTransferTest","Surefire test","testcases.backoffice.ApprovalTransferTest","approvedCashDepositSupervisor"
"Get List Group Backoffice Menggunakan HTTP Method DELETE","1412","getListGroupWithDeleteMethod","Surefire suite","Thu Oct 08 10:13:58 UTC 2026","passed","Thu Oct 08 10:13:59 UTC 2026","testcases.backoffice.group.GetListGroupTest","Surefire test","testcases.backoffice.group.GetListGroupTest","getListGroupWithDeleteMethod"
"Get List Group Backoffice Dengan size Negatif","1519","getListGroupWithNegativeSize","Surefire suite","Thu Oct 08 10:14:57 UTC 2026","passed","Thu Oct 08 10:14:59 UTC 2026","testcases.backoffice.group.GetListGroupTest","Surefire test","testcases.backoffice.group.GetListGroupTest","getListGroupWithNegativeSize"
"Create Manage Settlement BO Menggunakan HTTP Method GET","4866","addManageSettlementWithGetMethod","Surefire suite","Thu Oct 08 09:57:48 UTC 2026","passed","Thu Oct 08 09:57:53 UTC 2026","testcases.backoffice.settlement.AddManageSettlementTest","Surefire test","testcases.backoffice.settlement.AddManageSettlementTest","addManageSettlementWithGetMethod"
"Create Manage Settlement BO Dengan Body Kosong ({})","4451","addManageSettlementWithEmptyBody","Surefire suite","Thu Oct 08 09:57:22 UTC 2026","passed","Thu Oct 08 09:57:26 UTC 2026","testcases.backoffice.settlement.AddManageSettlementTest","Surefire test","testcases.backoffice.settlement.AddManageSettlementTest","addManageSettlementWithEmptyBody"
"Delete Manage Settlement BO Dengan Format id Tidak Valid (Bukan ObjectId)","4707","deleteManageSettlementWithMalformedId","Surefire suite","Thu Oct 08 10:05:32 UTC 2026","passed","Thu Oct 08 10:05:37 UTC 2026","testcases.backoffice.settlement.DeleteManageSettlementTest","Surefire test","testcases.backoffice.settlement.DeleteManageSettlementTest","deleteManageSettlementWithMalformedId"
"Inquiry Favorite Account Supervisor","7951","inquiryFavoriteAccountSupervisor","Surefire suite","Thu Oct 08 11:05:38 UTC 2026","passed","Thu Oct 08 11:05:46 UTC 2026","testcases.settings.favoriteaccount.InquiryFavoriteAccountTest","Surefire test","testcases.settings.favoriteaccount.InquiryFavoriteAccountTest","inquiryFavoriteAccountSupervisor"
"Login Backoffice dengan Password Salah","4440","testLoginBackofficeWrongPassword","Surefire suite","Thu Oct 08 10:31:39 UTC 2026","passed","Thu Oct 08 10:31:43 UTC 2026","testcases.auth.LoginTest","Surefire test","testcases.auth.LoginTest","testLoginBackofficeWrongPassword"
"Delete Group Backoffice Dengan Karakter SQL Injection pada id","1491","deleteGroupWithSqlInjectionId","Surefire suite","Thu Oct 08 10:19:21 UTC 2026","passed","Thu Oct 08 10:19:22 UTC 2026","testcases.backoffice.group.DeleteGroupTest","Surefire test","testcases.backoffice.group.DeleteGroupTest","deleteGroupWithSqlInjectionId"
"Refund Summary Dengan startDate Hanya Tanggal (Tanpa Waktu/Zona)","1477","getRefundWithDateOnlyFormat","Surefire suite","Thu Oct 08 10:40:57 UTC 2026","passed","Thu Oct 08 10:40:58 UTC 2026","testcases.backoffice.refund.GetRefundTest","Surefire test","testcases.backoffice.refund.GetRefundTest","getRefundWithDateOnlyFormat"
"List Currency USDT Dengan Header pbyv Salah","1509","getCurrencyWithWrongPbyvHeader","Surefire suite","Thu Oct 08 10:10:08 UTC 2026","passed","Thu Oct 08 10:10:10 UTC 2026","testcases.backoffice.currency.GetCurrencyTest","Surefire test","testcases.backoffice.currency.GetCurrencyTest","getCurrencyWithWrongPbyvHeader"
"Get History Refund Test Admin Crypto","6186","historyRefundTestAdminCrypto","Surefire suite","Thu Oct 08 11:43:24 UTC 2026","passed","Thu Oct 08 11:43:30 UTC 2026","testcases.history.HistoryTransferTest","Surefire test","testcases.history.HistoryTransferTest","historyRefundTestAdminCrypto"
"Success Login Supervisor With Captcha","6529","testLoginSupervisor","Surefire suite","Thu Oct 08 09:53:49 UTC 2026","passed","Thu Oct 08 09:53:55 UTC 2026","testcases.auth.LoginTest","Surefire test","testcases.auth.LoginTest","testLoginSupervisor"
"Get History USDT Transfer Test","8502","historyUSDTTransferTest","Surefire suite","Thu Oct 08 11:47:52 UTC 2026","passed","Thu Oct 08 11:48:00 UTC 2026","testcases.history.HistoryTransferTest","Surefire test","testcases.history.HistoryTransferTest","historyUSDTTransferTest"
"List Manage Settlement Backoffice Menggunakan Login Marketing","4444","listManageSettlementWithMarketingLogin","Surefire suite","Thu Oct 08 10:38:35 UTC 2026","passed","Thu Oct 08 10:38:40 UTC 2026","testcases.backoffice.settlement.ManageSettlementTest","Surefire test","testcases.backoffice.settlement.ManageSettlementTest","listManageSettlementWithMarketingLogin"
"Get Balance Merchant with Login Admin Crypto","7697","getBalanceAdminLoginAdminCrypto","Surefire suite","Thu Oct 08 10:56:50 UTC 2026","passed","Thu Oct 08 10:56:58 UTC 2026","testcases.balance.GetBalanceQrisTest","Surefire test","testcases.balance.GetBalanceQrisTest","getBalanceAdminLoginAdminCrypto"
"Get List Google Authenticator Menggunakan Login Marketing","4599","listOtpGoogleWithMarketingLogin","Surefire suite","Thu Oct 08 10:33:46 UTC 2026","passed","Thu Oct 08 10:33:50 UTC 2026","testcases.backoffice.googleauth.ListOtpGoogleTest","Surefire test","testcases.backoffice.googleauth.ListOtpGoogleTest","listOtpGoogleWithMarketingLogin"
"Get Detail Waiting Company Backoffice Dengan Id yang Tidak Ada","4483","getDetailWaitingCompanyWithNonExistentId","Surefire suite","Thu Oct 08 10:11:52 UTC 2026","passed","Thu Oct 08 10:11:56 UTC 2026","testcases.backoffice.GetDetailWaitingCompanyTest","Surefire test","testcases.backoffice.GetDetailWaitingCompanyTest","getDetailWaitingCompanyWithNonExistentId"
"Get History Manual Transfer Test Admin","14065","historyManualTransferTestAdmin","Surefire suite","Thu Oct 08 11:42:15 UTC 2026","failed","Thu Oct 08 11:42:29 UTC 2026","testcases.history.HistoryTransferTest","Surefire test","testcases.history.HistoryTransferTest","historyManualTransferTestAdmin"
"Get Group Detail Backoffice Menggunakan Login Supervisor","4562","getGroupDetailWithSupervisorLogin","Surefire suite","Thu Oct 08 10:22:36 UTC 2026","passed","Thu Oct 08 10:22:41 UTC 2026","testcases.backoffice.group.GetGroupTest","Surefire test","testcases.backoffice.group.GetGroupTest","getGroupDetailWithSupervisorLogin"
"Get Group User Backoffice","4610","getGroupSuperBO","Surefire suite","Thu Oct 08 09:55:07 UTC 2026","passed","Thu Oct 08 09:55:12 UTC 2026","testcases.backoffice.GetDashboardTest","Surefire test","testcases.backoffice.GetDashboardTest","getGroupSuperBO"
"Get Detail User Backoffice Menggunakan Login Merchant","4522","getUsersWithMerchantLogin","Surefire suite","Thu Oct 08 10:44:11 UTC 2026","passed","Thu Oct 08 10:44:15 UTC 2026","testcases.backoffice.users.ListUsersTest","Surefire test","testcases.backoffice.users.ListUsersTest","getUsersWithMerchantLogin"
"Resend Google Authenticator Menggunakan Login Merchant","4694","resendOtpGoogleWithMerchantLogin","Surefire suite","Thu Oct 08 10:33:24 UTC 2026","passed","Thu Oct 08 10:33:29 UTC 2026","testcases.backoffice.googleauth.ResendOtpGoogleTest","Surefire test","testcases.backoffice.googleauth.ResendOtpGoogleTest","resendOtpGoogleWithMerchantLogin"
"Get Notification Sender Menggunakan Login Admin","4553","getNotificationSenderWithAdminLogin","Surefire suite","Thu Oct 08 10:40:43 UTC 2026","passed","Thu Oct 08 10:40:47 UTC 2026","testcases.backoffice.notifsender.NotificationSenderTest","Surefire test","testcases.backoffice.notifsender.NotificationSenderTest","getNotificationSenderWithAdminLogin"
"Delete Manage Settlement BO Dengan id Milik Entitas Lain (Group Id)","4689","deleteManageSettlementWithForeignEntityId","Surefire suite","Thu Oct 08 10:05:15 UTC 2026","passed","Thu Oct 08 10:05:20 UTC 2026","testcases.backoffice.settlement.DeleteManageSettlementTest","Surefire test","testcases.backoffice.settlement.DeleteManageSettlementTest","deleteManageSettlementWithForeignEntityId"
"Success Login Admin Crypto","4067","testLoginAdminCrypto","Surefire suite","Thu Oct 08 09:54:03 UTC 2026","passed","Thu Oct 08 09:54:07 UTC 2026","testcases.auth.LoginTest","Surefire test","testcases.auth.LoginTest","testLoginAdminCrypto"
"Resend Google Authenticator Dengan email Tidak Terdaftar","4446","resendOtpGoogleWithNonExistentEmail","Surefire suite","Thu Oct 08 10:33:32 UTC 2026","passed","Thu Oct 08 10:33:36 UTC 2026","testcases.backoffice.googleauth.ResendOtpGoogleTest","Surefire test","testcases.backoffice.googleauth.ResendOtpGoogleTest","resendOtpGoogleWithNonExistentEmail"
"Normal Transfer USDT Balance Success","10554","transferBalance","Surefire suite","Thu Oct 08 10:06:38 UTC 2026","passed","Thu Oct 08 10:06:49 UTC 2026","testcases.transfer.TransferUSDTTest","Surefire test","testcases.transfer.TransferUSDTTest","transferBalance"
"Check Status QR Dengan id Berisi Spasi","1672","checkStatusQRWithWhitespaceId","Surefire suite","Thu Oct 08 10:33:08 UTC 2026","passed","Thu Oct 08 10:33:10 UTC 2026","testcases.QR.CheckStatusQRTest","Surefire test","testcases.QR.CheckStatusQRTest","checkStatusQRWithWhitespaceId"
"Add User Backoffice Dengan Payload XSS pada email","1634","addMerchantBackofficeWithXssEmail","Surefire suite","Thu Oct 08 09:55:52 UTC 2026","passed","Thu Oct 08 09:55:54 UTC 2026","testcases.backoffice.users.AddUserTest","Surefire test","testcases.backoffice.users.AddUserTest","addMerchantBackofficeWithXssEmail"
"Test Rejected Manual Transfer Supervisor","17750","rejectedCashDepositSupervisor","Surefire suite","Thu Oct 08 11:18:48 UTC 2026","passed","Thu Oct 08 11:19:06 UTC 2026","testcases.backoffice.ApprovalTransferTest","Surefire test","testcases.backoffice.ApprovalTransferTest","rejectedCashDepositSupervisor"
"Created Favorite Account Dengan Header companyId Salah","1444","createdFavoriteAccountWithWrongCompanyIdHeader","Surefire suite","Thu Oct 08 10:39:01 UTC 2026","failed","Thu Oct 08 10:39:03 UTC 2026","testcases.settings.favoriteaccount.CreatedFavoriteAccountTest","Surefire test","testcases.settings.favoriteaccount.CreatedFavoriteAccountTest","createdFavoriteAccountWithWrongCompanyIdHeader"
"Delete Group Backoffice Menggunakan HTTP Method PUT","1464","deleteGroupWithPutMethod","Surefire suite","Thu Oct 08 10:19:16 UTC 2026","passed","Thu Oct 08 10:19:18 UTC 2026","testcases.backoffice.group.DeleteGroupTest","Surefire test","testcases.backoffice.group.DeleteGroupTest","deleteGroupWithPutMethod"
"List Currency USDT Dengan Page/Size Negatif","1524","getCurrencyWithNegativePageSize","Surefire suite","Thu Oct 08 10:09:24 UTC 2026","passed","Thu Oct 08 10:09:26 UTC 2026","testcases.backoffice.currency.GetCurrencyTest","Surefire test","testcases.backoffice.currency.GetCurrencyTest","getCurrencyWithNegativePageSize"
"List Refund Dengan Karakter SQL Injection pada Field Param - Menemukan Bug Internal Server Error","4737","listRefundWithSqlInjectionParam","Surefire suite","Thu Oct 08 11:34:42 UTC 2026","passed","Thu Oct 08 11:34:47 UTC 2026","testcases.backoffice.ListRefundTest","Surefire test","testcases.backoffice.ListRefundTest","listRefundWithSqlInjectionParam"
"List Manage Settlement Backoffice Menggunakan HTTP Method PUT","4454","listManageSettlementWithPutMethod","Surefire suite","Thu Oct 08 10:39:13 UTC 2026","passed","Thu Oct 08 10:39:17 UTC 2026","testcases.backoffice.settlement.ManageSettlementTest","Surefire test","testcases.backoffice.settlement.ManageSettlementTest","listManageSettlementWithPutMethod"
"Add User Backoffice Dengan email Bertipe Number","1534","addMerchantBackofficeWithEmailAsNumber","Surefire suite","Thu Oct 08 09:54:25 UTC 2026","passed","Thu Oct 08 09:54:26 UTC 2026","testcases.backoffice.users.AddUserTest","Surefire test","testcases.backoffice.users.AddUserTest","addMerchantBackofficeWithEmailAsNumber"
"Mutasi Transaction Admin","7546","mutasiAdmin","Surefire suite","Thu Oct 08 11:53:23 UTC 2026","passed","Thu Oct 08 11:53:30 UTC 2026","testcases.mutasi.MutasiTransferTest","Surefire test","testcases.mutasi.MutasiTransferTest","mutasiAdmin"
"Get User Marketing Backoffice","4511","getUserSuperBO","Surefire suite","Thu Oct 08 09:55:39 UTC 2026","passed","Thu Oct 08 09:55:44 UTC 2026","testcases.backoffice.GetDashboardTest","Surefire test","testcases.backoffice.GetDashboardTest","getUserSuperBO"
"Delete Google Authenticator Dengan id Berisi Spasi","4756","deleteOtpGoogleWithWhitespaceId","Surefire suite","Thu Oct 08 10:29:17 UTC 2026","passed","Thu Oct 08 10:29:22 UTC 2026","testcases.backoffice.googleauth.DeleteOtpGoogleTest","Surefire test","testcases.backoffice.googleauth.DeleteOtpGoogleTest","deleteOtpGoogleWithWhitespaceId"
"Get List Google Authenticator Dengan Page/Size Negatif","4589","listOtpGoogleWithNegativePageSize","Surefire suite","Thu Oct 08 10:34:01 UTC 2026","passed","Thu Oct 08 10:34:05 UTC 2026","testcases.backoffice.googleauth.ListOtpGoogleTest","Surefire test","testcases.backoffice.googleauth.ListOtpGoogleTest","listOtpGoogleWithNegativePageSize"
"Get List Favorite Account Dengan Header Authorization Tanpa Skema Bearer","1413","getListFavoriteAccountWithMalformedAuthorizationHeader","Surefire suite","Thu Oct 08 12:10:32 UTC 2026","passed","Thu Oct 08 12:10:34 UTC 2026","testcases.settings.favoriteaccount.GetListFavoriteAccountTest","Surefire test","testcases.settings.favoriteaccount.GetListFavoriteAccountTest","getListFavoriteAccountWithMalformedAuthorizationHeader"
"Get Notification Sender Tanpa Body Sama Sekali","4524","getNotificationSenderWithoutBody","Surefire suite","Thu Oct 08 10:44:55 UTC 2026","passed","Thu Oct 08 10:45:00 UTC 2026","testcases.backoffice.notifsender.NotificationSenderTest","Surefire test","testcases.backoffice.notifsender.NotificationSenderTest","getNotificationSenderWithoutBody"
"Delete Manage Settlement BO Menggunakan HTTP Method POST","4609","deleteManageSettlementWithPostMethod","Surefire suite","Thu Oct 08 10:06:17 UTC 2026","passed","Thu Oct 08 10:06:22 UTC 2026","testcases.backoffice.settlement.DeleteManageSettlementTest","Surefire test","testcases.backoffice.settlement.DeleteManageSettlementTest","deleteManageSettlementWithPostMethod"
"Add Group Backoffice Tanpa Field feeBankPercent","1845","addGroupWithMissingFeeField","Surefire suite","Thu Oct 08 10:25:16 UTC 2026","passed","Thu Oct 08 10:25:18 UTC 2026","testcases.backoffice.group.AddGroupTest","Surefire test","testcases.backoffice.group.AddGroupTest","addGroupWithMissingFeeField"
"Add Group Ke Path yang Tidak Ada (Typo)","1472","addGroupWithWrongPath","Surefire suite","Thu Oct 08 10:26:18 UTC 2026","passed","Thu Oct 08 10:26:19 UTC 2026","testcases.backoffice.group.AddGroupTest","Surefire test","testcases.backoffice.group.AddGroupTest","addGroupWithWrongPath"
"Get Detail User Backoffice Dengan User Id yang Tidak Ada","4454","getUsersWithNonExistentId","Surefire suite","Thu Oct 08 10:44:18 UTC 2026","passed","Thu Oct 08 10:44:22 UTC 2026","testcases.backoffice.users.ListUsersTest","Surefire test","testcases.backoffice.users.ListUsersTest","getUsersWithNonExistentId"
"Login Merchant dengan Username Tidak Terdaftar","2971","testLoginNonExistentUsername","Surefire suite","Thu Oct 08 10:17:38 UTC 2026","passed","Thu Oct 08 10:17:41 UTC 2026","testcases.auth.LoginTest","Surefire test","testcases.auth.LoginTest","testLoginNonExistentUsername"
"Get Detail Waiting Company Backoffice Menggunakan HTTP Method DELETE","4356","getDetailWaitingCompanyWithDeleteMethod","Surefire suite","Thu Oct 08 10:10:53 UTC 2026","passed","Thu Oct 08 10:10:58 UTC 2026","testcases.backoffice.GetDetailWaitingCompanyTest","Surefire test","testcases.backoffice.GetDetailWaitingCompanyTest","getDetailWaitingCompanyWithDeleteMethod"
"Add Group Backoffice Dengan Payload XSS pada name","1582","addGroupWithXssName","Surefire suite","Thu Oct 08 10:26:27 UTC 2026","passed","Thu Oct 08 10:26:28 UTC 2026","testcases.backoffice.group.AddGroupTest","Surefire test","testcases.backoffice.group.AddGroupTest","addGroupWithXssName"
"Delete Group Backoffice Tanpa Field id","1513","deleteGroupWithoutIdField","Surefire suite","Thu Oct 08 10:20:08 UTC 2026","passed","Thu Oct 08 10:20:10 UTC 2026","testcases.backoffice.group.DeleteGroupTest","Surefire test","testcases.backoffice.group.DeleteGroupTest","deleteGroupWithoutIdField"
"List Manage Settlement Backoffice Dengan Body JSON Tidak Valid (Malformed)","4400","listManageSettlementWithMalformedJson","Surefire suite","Thu Oct 08 10:38:21 UTC 2026","passed","Thu Oct 08 10:38:25 UTC 2026","testcases.backoffice.settlement.ManageSettlementTest","Surefire test","testcases.backoffice.settlement.ManageSettlementTest","listManageSettlementWithMalformedJson"
"List Waiting Company Backoffice Dengan Body Berupa JSON Array ([])","4350","listWaitingCompanyWithArrayBody","Surefire suite","Thu Oct 08 10:38:05 UTC 2026","passed","Thu Oct 08 10:38:09 UTC 2026","testcases.backoffice.ListWaitingCompanyTest","Surefire test","testcases.backoffice.ListWaitingCompanyTest","listWaitingCompanyWithArrayBody"
"Get List Google Authenticator Tanpa Login/Header Auth","1473","listOtpGoogleWithoutAuth","Surefire suite","Thu Oct 08 10:35:08 UTC 2026","passed","Thu Oct 08 10:35:10 UTC 2026","testcases.backoffice.googleauth.ListOtpGoogleTest","Surefire test","testcases.backoffice.googleauth.ListOtpGoogleTest","listOtpGoogleWithoutAuth"
"List User Backoffice Dengan Field Sort Merujuk ke Kolom yang Tidak Ada","4830","listUsersWithInvalidSortField","Surefire suite","Thu Oct 08 10:45:17 UTC 2026","passed","Thu Oct 08 10:45:22 UTC 2026","testcases.backoffice.users.ListUsersTest","Surefire test","testcases.backoffice.users.ListUsersTest","listUsersWithInvalidSortField"
"Get Group Detail Backoffice Dengan Group Id yang Tidak Ada","4651","getGroupDetailWithNonExistentId","Surefire suite","Thu Oct 08 10:21:51 UTC 2026","passed","Thu Oct 08 10:21:56 UTC 2026","testcases.backoffice.group.GetGroupTest","Surefire test","testcases.backoffice.group.GetGroupTest","getGroupDetailWithNonExistentId"
"Approval Refund Transfer Merchant","9602","approveRefundTransferMerchant","Surefire suite","Thu Oct 08 11:13:24 UTC 2026","passed","Thu Oct 08 11:13:34 UTC 2026","testcases.backoffice.ApprovalRefundTest","Surefire test","testcases.backoffice.ApprovalRefundTest","approveRefundTransferMerchant"
"Get History Manual Transfer Test","14640","historyManualTransferTest","Surefire suite","Thu Oct 08 11:41:57 UTC 2026","failed","Thu Oct 08 11:42:12 UTC 2026","testcases.history.HistoryTransferTest","Surefire test","testcases.history.HistoryTransferTest","historyManualTransferTest"
"Get History USDT Transfer Test Admin","14247","historyUSDTTransferTestFeeAdmin","Surefire suite","Thu Oct 08 11:48:46 UTC 2026","failed","Thu Oct 08 11:49:00 UTC 2026","testcases.history.HistoryTransferTest","Surefire test","testcases.history.HistoryTransferTest","historyUSDTTransferTestFeeAdmin"
"Delete Manage Settlement BO Dengan Token Tidak Valid","1391","deleteManageSettlementWithInvalidToken","Surefire suite","Thu Oct 08 10:05:23 UTC 2026","passed","Thu Oct 08 10:05:24 UTC 2026","testcases.backoffice.settlement.DeleteManageSettlementTest","Surefire test","testcases.backoffice.settlement.DeleteManageSettlementTest","deleteManageSettlementWithInvalidToken"
"Add Group Backoffice Dengan Karakter SQL Injection pada name","1466","addGroupWithSqlInjectionName","Surefire suite","Thu Oct 08 10:25:48 UTC 2026","passed","Thu Oct 08 10:25:49 UTC 2026","testcases.backoffice.group.AddGroupTest","Surefire test","testcases.backoffice.group.AddGroupTest","addGroupWithSqlInjectionName"
"Resend Google Authenticator Dengan Body Berupa Literal null","4401","resendOtpGoogleWithNullLiteralBody","Surefire suite","Thu Oct 08 10:33:47 UTC 2026","passed","Thu Oct 08 10:33:51 UTC 2026","testcases.backoffice.googleauth.ResendOtpGoogleTest","Surefire test","testcases.backoffice.googleauth.ResendOtpGoogleTest","resendOtpGoogleWithNullLiteralBody"
"Get List Google Authenticator Menggunakan Login Merchant","4458","listOtpGoogleWithMerchantLogin","Surefire suite","Thu Oct 08 10:33:53 UTC 2026","passed","Thu Oct 08 10:33:58 UTC 2026","testcases.backoffice.googleauth.ListOtpGoogleTest","Surefire test","testcases.backoffice.googleauth.ListOtpGoogleTest","listOtpGoogleWithMerchantLogin"
"Get Group Backoffice Menggunakan Login Admin Crypto","4600","getGroupWithAdminCryptoLogin","Surefire suite","Thu Oct 08 09:55:15 UTC 2026","passed","Thu Oct 08 09:55:19 UTC 2026","testcases.backoffice.GetDashboardTest","Surefire test","testcases.backoffice.GetDashboardTest","getGroupWithAdminCryptoLogin"
"Inquiry Favorite Account Dengan Header credentialId Salah","1490","inquiryFavoriteAccountWithWrongCredentialIdHeader","Surefire suite","Thu Oct 08 10:41:18 UTC 2026","passed","Thu Oct 08 10:41:20 UTC 2026","testcases.settings.favoriteaccount.InquiryFavoriteAccountTest","Surefire test","testcases.settings.favoriteaccount.InquiryFavoriteAccountTest","inquiryFavoriteAccountWithWrongCredentialIdHeader"
