"DESCRIPTION","DURATION IN MS","NAME","PARENT SUITE","START TIME","STATUS","STOP TIME","SUB SUITE","SUITE","TEST CLASS","TEST METHOD"
"List Company Backoffice Menggunakan Login Merchant","6008","listCompanyWithMerchantLogin","Surefire suite","Mon Sep 28 02:58:38 UTC 2026","passed","Mon Sep 28 02:58:44 UTC 2026","testcases.backoffice.ListCompanyTest","Surefire test","testcases.backoffice.ListCompanyTest","listCompanyWithMerchantLogin"
"Get Detail Waiting Company Backoffice Dengan Id Berisi Spasi","7612","getDetailWaitingCompanyWithWhitespaceId","Surefire suite","Mon Sep 28 02:22:13 UTC 2026","passed","Mon Sep 28 02:22:21 UTC 2026","testcases.backoffice.GetDetailWaitingCompanyTest","Surefire test","testcases.backoffice.GetDetailWaitingCompanyTest","getDetailWaitingCompanyWithWhitespaceId"
"Get List Google Authenticator Menggunakan Login CS Admin","5443","listOtpGoogleWithCSAdminLogin","Surefire suite","Mon Sep 28 02:45:52 UTC 2026","passed","Mon Sep 28 02:45:58 UTC 2026","testcases.backoffice.googleauth.ListOtpGoogleTest","Surefire test","testcases.backoffice.googleauth.ListOtpGoogleTest","listOtpGoogleWithCSAdminLogin"
"Get Detail User Backoffice Dengan Format User Id Tidak Valid (Bukan ObjectId)","6876","getUsersWithMalformedId","Surefire suite","Mon Sep 28 03:00:14 UTC 2026","passed","Mon Sep 28 03:00:21 UTC 2026","testcases.backoffice.users.ListUsersTest","Surefire test","testcases.backoffice.users.ListUsersTest","getUsersWithMalformedId"
"Delete Google Authenticator Ke Path yang Tidak Ada (Typo)","6039","deleteOtpGoogleWithWrongPath","Surefire suite","Mon Sep 28 02:20:47 UTC 2026","passed","Mon Sep 28 02:20:53 UTC 2026","testcases.backoffice.googleauth.DeleteOtpGoogleTest","Surefire test","testcases.backoffice.googleauth.DeleteOtpGoogleTest","deleteOtpGoogleWithWrongPath"
"Create Manage Settlement BO","12285","addManageSettlementBO","Surefire suite","Mon Sep 28 02:26:08 UTC 2026","passed","Mon Sep 28 02:26:21 UTC 2026","testcases.backoffice.settlement.AddManageSettlementTest","Surefire test","testcases.backoffice.settlement.AddManageSettlementTest","addManageSettlementBO"
"Success Login Admin","3452","testLoginAdmin","Surefire suite","Mon Sep 28 02:10:30 UTC 2026","passed","Mon Sep 28 02:10:33 UTC 2026","testcases.auth.LoginTest","Surefire test","testcases.auth.LoginTest","testLoginAdmin"
"Get Notification Sender Menggunakan HTTP Method GET","8966","getNotificationSenderWithGetMethod","Surefire suite","Mon Sep 28 02:51:18 UTC 2026","passed","Mon Sep 28 02:51:27 UTC 2026","testcases.backoffice.notifsender.NotificationSenderTest","Surefire test","testcases.backoffice.notifsender.NotificationSenderTest","getNotificationSenderWithGetMethod"
"Delete Favorite Account Menggunakan HTTP Method PATCH","1452","deleteFavoriteAccountWithPatchMethod","Surefire suite","Mon Sep 28 02:31:50 UTC 2026","passed","Mon Sep 28 02:31:51 UTC 2026","testcases.settings.favoriteaccount.DeleteFavoriteAccountTest","Surefire test","testcases.settings.favoriteaccount.DeleteFavoriteAccountTest","deleteFavoriteAccountWithPatchMethod"
"Get Notification Sender Menggunakan HTTP Method PATCH","4590","getNotificationSenderWithPatchMethod","Surefire suite","Mon Sep 28 02:53:38 UTC 2026","passed","Mon Sep 28 02:53:43 UTC 2026","testcases.backoffice.notifsender.NotificationSenderTest","Surefire test","testcases.backoffice.notifsender.NotificationSenderTest","getNotificationSenderWithPatchMethod"
"Get List Group Backoffice Dengan Header pbyv Salah","1451","getListGroupWithWrongPbyvHeader","Surefire suite","Mon Sep 28 02:26:07 UTC 2026","passed","Mon Sep 28 02:26:08 UTC 2026","testcases.backoffice.group.GetListGroupTest","Surefire test","testcases.backoffice.group.GetListGroupTest","getListGroupWithWrongPbyvHeader"
"Get List Favorite Account Dengan Body Berupa JSON Array ([])","6769","getListFavoriteAccountWithArrayBody","Surefire suite","Mon Sep 28 04:45:38 UTC 2026","passed","Mon Sep 28 04:45:45 UTC 2026","testcases.settings.favoriteaccount.GetListFavoriteAccountTest","Surefire test","testcases.settings.favoriteaccount.GetListFavoriteAccountTest","getListFavoriteAccountWithArrayBody"
"","5639","listSpecialTransfer","Surefire suite","Mon Sep 28 02:45:00 UTC 2026","passed","Mon Sep 28 02:45:06 UTC 2026","testcases.backoffice.ListTransferTest","Surefire test","testcases.backoffice.ListTransferTest","listSpecialTransfer"
"List Manage Settlement Backoffice Menggunakan Login CS Admin","4978","listManageSettlementWithCSAdminLogin","Surefire suite","Mon Sep 28 02:45:21 UTC 2026","passed","Mon Sep 28 02:45:26 UTC 2026","testcases.backoffice.settlement.ManageSettlementTest","Surefire test","testcases.backoffice.settlement.ManageSettlementTest","listManageSettlementWithCSAdminLogin"
"Test Approve Manual Transfer Supervisor dengan check Fee di Admin Crypto dan Admin Fee","66694","approvedCashDepositBalanceSupervisor","Surefire suite","Mon Sep 28 03:32:14 UTC 2026","passed","Mon Sep 28 03:33:20 UTC 2026","testcases.backoffice.ApprovalTransferTest","Surefire test","testcases.backoffice.ApprovalTransferTest","approvedCashDepositBalanceSupervisor"
"Add Group Backoffice Dengan Body Kosong ({})","1642","addGroupWithEmptyBody","Surefire suite","Mon Sep 28 02:15:01 UTC 2026","passed","Mon Sep 28 02:15:02 UTC 2026","testcases.backoffice.group.AddGroupTest","Surefire test","testcases.backoffice.group.AddGroupTest","addGroupWithEmptyBody"
"Add Currency CS Admin Path Menggunakan Login Admin","5897","addCurrencyWithAdminLogin","Surefire suite","Mon Sep 28 03:49:56 UTC 2026","passed","Mon Sep 28 03:50:02 UTC 2026","testcases.backoffice.currency.AddCurrencyTest","Surefire test","testcases.backoffice.currency.AddCurrencyTest","addCurrencyWithAdminLogin"
"List Company Backoffice Dengan Token Tidak Valid","1430","listCompanyWithInvalidToken","Surefire suite","Mon Sep 28 02:58:08 UTC 2026","passed","Mon Sep 28 02:58:10 UTC 2026","testcases.backoffice.ListCompanyTest","Surefire test","testcases.backoffice.ListCompanyTest","listCompanyWithInvalidToken"
"List Currency USDT Menggunakan HTTP Method DELETE","1585","getCurrencyWithDeleteMethod","Surefire suite","Mon Sep 28 02:16:52 UTC 2026","passed","Mon Sep 28 02:16:54 UTC 2026","testcases.backoffice.currency.GetCurrencyTest","Surefire test","testcases.backoffice.currency.GetCurrencyTest","getCurrencyWithDeleteMethod"
"Generate Open QR Code Merchant","9483","generateOpenQRCode","Surefire suite","Mon Sep 28 02:44:20 UTC 2026","passed","Mon Sep 28 02:44:30 UTC 2026","testcases.QR.GenerateQRTest","Surefire test","testcases.QR.GenerateQRTest","generateOpenQRCode"
"Check Status QR Merchant","15548","checkStatusQRMerchant","Surefire suite","Mon Sep 28 02:45:06 UTC 2026","passed","Mon Sep 28 02:45:22 UTC 2026","testcases.QR.CheckStatusQRTest","Surefire test","testcases.QR.CheckStatusQRTest","checkStatusQRMerchant"
"Get History Transfer Test Admin","21030","historyTransferTestAdmin","Surefire suite","Mon Sep 28 04:12:11 UTC 2026","passed","Mon Sep 28 04:12:33 UTC 2026","testcases.history.HistoryTransferTest","Surefire test","testcases.history.HistoryTransferTest","historyTransferTestAdmin"
"List Manage Settlement Backoffice Dengan Field Sort Merujuk ke Kolom yang Tidak Ada","7926","listManageSettlementWithInvalidSortField","Surefire suite","Mon Sep 28 02:46:32 UTC 2026","passed","Mon Sep 28 02:46:40 UTC 2026","testcases.backoffice.settlement.ManageSettlementTest","Surefire test","testcases.backoffice.settlement.ManageSettlementTest","listManageSettlementWithInvalidSortField"
"Create Manage Settlement BO Menggunakan HTTP Method DELETE","6047","addManageSettlementWithDeleteMethod","Surefire suite","Mon Sep 28 02:27:18 UTC 2026","passed","Mon Sep 28 02:27:24 UTC 2026","testcases.backoffice.settlement.AddManageSettlementTest","Surefire test","testcases.backoffice.settlement.AddManageSettlementTest","addManageSettlementWithDeleteMethod"
"Add Group Backoffice Menggunakan Login Merchant","5175","addGroupWithMerchantLogin","Surefire suite","Mon Sep 28 02:16:00 UTC 2026","passed","Mon Sep 28 02:16:05 UTC 2026","testcases.backoffice.group.AddGroupTest","Surefire test","testcases.backoffice.group.AddGroupTest","addGroupWithMerchantLogin"
"Test Approved Manual Transfer Supervisor","33454","approvedCashDepositSupervisor","Surefire suite","Mon Sep 28 03:33:23 UTC 2026","passed","Mon Sep 28 03:33:57 UTC 2026","testcases.backoffice.ApprovalTransferTest","Surefire test","testcases.backoffice.ApprovalTransferTest","approvedCashDepositSupervisor"
"Test Settlement USDT dengan check Fee di Admin Crypto dan Admin Fee","70536","settlementUSDT","Surefire suite","Mon Sep 28 03:42:39 UTC 2026","passed","Mon Sep 28 03:43:49 UTC 2026","testcases.backoffice.ApprovalTransferTest","Surefire test","testcases.backoffice.ApprovalTransferTest","settlementUSDT"
"Created Favorite Account Tanpa Field pin","1712","createdFavoriteAccountWithoutPinField","Surefire suite","Mon Sep 28 02:51:00 UTC 2026","passed","Mon Sep 28 02:51:02 UTC 2026","testcases.settings.favoriteaccount.CreatedFavoriteAccountTest","Surefire test","testcases.settings.favoriteaccount.CreatedFavoriteAccountTest","createdFavoriteAccountWithoutPinField"
"Delete Group Backoffice Dengan id Bertipe Angka (Bukan String)","1754","deleteGroupWithIdAsNumber","Surefire suite","Mon Sep 28 02:11:36 UTC 2026","passed","Mon Sep 28 02:11:38 UTC 2026","testcases.backoffice.group.DeleteGroupTest","Surefire test","testcases.backoffice.group.DeleteGroupTest","deleteGroupWithIdAsNumber"
"Inquiry Favorite Account Dengan Body Berupa Literal null","1729","inquiryFavoriteAccountWithNullLiteralBody","Surefire suite","Mon Sep 28 02:47:24 UTC 2026","passed","Mon Sep 28 02:47:26 UTC 2026","testcases.settings.favoriteaccount.InquiryFavoriteAccountTest","Surefire test","testcases.settings.favoriteaccount.InquiryFavoriteAccountTest","inquiryFavoriteAccountWithNullLiteralBody"
"Get History QR CS","15809","historyQRTestCS","Surefire suite","Mon Sep 28 03:07:10 UTC 2026","passed","Mon Sep 28 03:07:26 UTC 2026","testcases.history.HistoryQRTest","Surefire test","testcases.history.HistoryQRTest","historyQRTestCS"
"List Company Backoffice","7643","getListCompany","Surefire suite","Mon Sep 28 02:56:49 UTC 2026","passed","Mon Sep 28 02:56:56 UTC 2026","testcases.backoffice.ListCompanyTest","Surefire test","testcases.backoffice.ListCompanyTest","getListCompany"
"Delete Favorite Account Dengan Format id Tidak Valid (Bukan ObjectId)","47514","deleteFavoriteAccountWithInvalidIdFormat","Surefire suite","Mon Sep 28 02:29:51 UTC 2026","failed","Mon Sep 28 02:30:39 UTC 2026","testcases.settings.favoriteaccount.DeleteFavoriteAccountTest","Surefire test","testcases.settings.favoriteaccount.DeleteFavoriteAccountTest","deleteFavoriteAccountWithInvalidIdFormat"
"Add Currency CS Admin Path Dengan rate Desimal","1808","addCurrencyWithDecimalRate","Surefire suite","Mon Sep 28 03:50:51 UTC 2026","passed","Mon Sep 28 03:50:52 UTC 2026","testcases.backoffice.currency.AddCurrencyTest","Surefire test","testcases.backoffice.currency.AddCurrencyTest","addCurrencyWithDecimalRate"
"Get List Google Authenticator Menggunakan Login Customer Service","8578","listOtpGoogleWithCSLogin","Surefire suite","Mon Sep 28 02:46:01 UTC 2026","passed","Mon Sep 28 02:46:09 UTC 2026","testcases.backoffice.googleauth.ListOtpGoogleTest","Surefire test","testcases.backoffice.googleauth.ListOtpGoogleTest","listOtpGoogleWithCSLogin"
"Create Manage Settlement BO Dengan groupName Sangat Panjang (10.000 karakter)","6575","addManageSettlementWithOverlongGroupName","Surefire suite","Mon Sep 28 02:29:52 UTC 2026","passed","Mon Sep 28 02:29:58 UTC 2026","testcases.backoffice.settlement.AddManageSettlementTest","Surefire test","testcases.backoffice.settlement.AddManageSettlementTest","addManageSettlementWithOverlongGroupName"
"List Currency USDT Menggunakan HTTP Method PUT","1595","getCurrencyWithPutMethod","Surefire suite","Mon Sep 28 02:18:19 UTC 2026","passed","Mon Sep 28 02:18:20 UTC 2026","testcases.backoffice.currency.GetCurrencyTest","Surefire test","testcases.backoffice.currency.GetCurrencyTest","getCurrencyWithPutMethod"
"Inquiry Favorite Account Dengan Body JSON Tidak Valid (Malformed)","2725","inquiryFavoriteAccountWithMalformedJson","Surefire suite","Mon Sep 28 02:47:13 UTC 2026","passed","Mon Sep 28 02:47:15 UTC 2026","testcases.settings.favoriteaccount.InquiryFavoriteAccountTest","Surefire test","testcases.settings.favoriteaccount.InquiryFavoriteAccountTest","inquiryFavoriteAccountWithMalformedJson"
"Resend Google Authenticator Dengan email Tidak Terdaftar","7112","resendOtpGoogleWithNonExistentEmail","Surefire suite","Mon Sep 28 02:58:05 UTC 2026","passed","Mon Sep 28 02:58:12 UTC 2026","testcases.backoffice.googleauth.ResendOtpGoogleTest","Surefire test","testcases.backoffice.googleauth.ResendOtpGoogleTest","resendOtpGoogleWithNonExistentEmail"
"Refund Summary Backoffice","5753","getRefundSummaryBO","Surefire suite","Mon Sep 28 02:52:55 UTC 2026","passed","Mon Sep 28 02:53:01 UTC 2026","testcases.backoffice.refund.GetRefundTest","Surefire test","testcases.backoffice.refund.GetRefundTest","getRefundSummaryBO"
"Success Assignment USDT Supervisor","16060","assignUSDTSupervisorTest","Surefire suite","Mon Sep 28 03:01:31 UTC 2026","passed","Mon Sep 28 03:01:47 UTC 2026","testcases.backoffice.TransferAssignmentTest","Surefire test","testcases.backoffice.TransferAssignmentTest","assignUSDTSupervisorTest"
"Inquiry Test Flop Transfer Admin Crypto","6082","inquiryFlopTransferAdminCrypto","Surefire suite","Mon Sep 28 02:11:29 UTC 2026","passed","Mon Sep 28 02:11:35 UTC 2026","testcases.transfer.InquiryFlopTransferTest","Surefire test","testcases.transfer.InquiryFlopTransferTest","inquiryFlopTransferAdminCrypto"
"Create Manage Settlement BO Tanpa Field groupName","7266","addManageSettlementWithoutGroupName","Surefire suite","Mon Sep 28 02:31:52 UTC 2026","passed","Mon Sep 28 02:31:59 UTC 2026","testcases.backoffice.settlement.AddManageSettlementTest","Surefire test","testcases.backoffice.settlement.AddManageSettlementTest","addManageSettlementWithoutGroupName"
"Delete Manage Settlement BO Menggunakan Login Customer Service","8411","deleteManageSettlementWithCSLogin","Surefire suite","Mon Sep 28 02:22:33 UTC 2026","passed","Mon Sep 28 02:22:42 UTC 2026","testcases.backoffice.settlement.DeleteManageSettlementTest","Surefire test","testcases.backoffice.settlement.DeleteManageSettlementTest","deleteManageSettlementWithCSLogin"
"Add Group Backoffice Dengan feeBankPercent Negatif","1704","addGroupWithNegativeFee","Surefire suite","Mon Sep 28 02:16:13 UTC 2026","passed","Mon Sep 28 02:16:15 UTC 2026","testcases.backoffice.group.AddGroupTest","Surefire test","testcases.backoffice.group.AddGroupTest","addGroupWithNegativeFee"
"Resend Google Authenticator Dengan email Berupa null","6959","resendOtpGoogleWithNullEmail","Surefire suite","Mon Sep 28 02:58:15 UTC 2026","passed","Mon Sep 28 02:58:22 UTC 2026","testcases.backoffice.googleauth.ResendOtpGoogleTest","Surefire test","testcases.backoffice.googleauth.ResendOtpGoogleTest","resendOtpGoogleWithNullEmail"
"Get Notification Sender Menggunakan Login Admin Crypto","9115","getNotificationSenderWithAdminCryptoLogin","Surefire suite","Mon Sep 28 02:49:57 UTC 2026","passed","Mon Sep 28 02:50:06 UTC 2026","testcases.backoffice.notifsender.NotificationSenderTest","Surefire test","testcases.backoffice.notifsender.NotificationSenderTest","getNotificationSenderWithAdminCryptoLogin"
"Create Manage Settlement BO Ke Path yang Tidak Ada (Typo)","7422","addManageSettlementWithWrongPath","Surefire suite","Mon Sep 28 02:30:59 UTC 2026","passed","Mon Sep 28 02:31:07 UTC 2026","testcases.backoffice.settlement.AddManageSettlementTest","Surefire test","testcases.backoffice.settlement.AddManageSettlementTest","addManageSettlementWithWrongPath"
"Inquiry Favorite Account Tanpa Field beneficiaryBankCode","2982","inquiryFavoriteAccountWithoutBeneficiaryBankCodeField","Surefire suite","Mon Sep 28 02:48:32 UTC 2026","failed","Mon Sep 28 02:48:35 UTC 2026","testcases.settings.favoriteaccount.InquiryFavoriteAccountTest","Surefire test","testcases.settings.favoriteaccount.InquiryFavoriteAccountTest","inquiryFavoriteAccountWithoutBeneficiaryBankCodeField"
"List Refund Dengan Page/Size Negatif - Menemukan Bug Internal Server Error","5219","listRefundWithNegativePageSize","Surefire suite","Mon Sep 28 03:59:41 UTC 2026","passed","Mon Sep 28 03:59:46 UTC 2026","testcases.backoffice.ListRefundTest","Surefire test","testcases.backoffice.ListRefundTest","listRefundWithNegativePageSize"
"Inquiry Favorite Account Menggunakan HTTP Method DELETE","5415","inquiryFavoriteAccountWithDeleteMethod","Surefire suite","Mon Sep 28 02:46:31 UTC 2026","passed","Mon Sep 28 02:46:37 UTC 2026","testcases.settings.favoriteaccount.InquiryFavoriteAccountTest","Surefire test","testcases.settings.favoriteaccount.InquiryFavoriteAccountTest","inquiryFavoriteAccountWithDeleteMethod"
"Get Detail Waiting Company Backoffice Dengan Id Milik Entitas Lain (Group Id)","6258","getDetailWaitingCompanyWithForeignEntityId","Surefire suite","Mon Sep 28 02:20:16 UTC 2026","passed","Mon Sep 28 02:20:22 UTC 2026","testcases.backoffice.GetDetailWaitingCompanyTest","Surefire test","testcases.backoffice.GetDetailWaitingCompanyTest","getDetailWaitingCompanyWithForeignEntityId"
"","13286","listCashDeposit","Surefire suite","Mon Sep 28 02:09:50 UTC 2026","passed","Mon Sep 28 02:10:04 UTC 2026","testcases.backoffice.ListTransferTest","Surefire test","testcases.backoffice.ListTransferTest","listCashDeposit"
"Get History Manual Transfer Merchant on Login CS Admin","17224","historyManualTransferMerchantTestCSAdmin","Surefire suite","Mon Sep 28 04:05:57 UTC 2026","passed","Mon Sep 28 04:06:14 UTC 2026","testcases.history.HistoryTransferTest","Surefire test","testcases.history.HistoryTransferTest","historyManualTransferMerchantTestCSAdmin"
"Created Favorite Account Dengan Header credentialId Salah","1744","createdFavoriteAccountWithWrongCredentialIdHeader","Surefire suite","Mon Sep 28 02:50:21 UTC 2026","passed","Mon Sep 28 02:50:22 UTC 2026","testcases.settings.favoriteaccount.CreatedFavoriteAccountTest","Surefire test","testcases.settings.favoriteaccount.CreatedFavoriteAccountTest","createdFavoriteAccountWithWrongCredentialIdHeader"
"List Manage Settlement Backoffice Menggunakan Login Admin Crypto","6666","listManageSettlementWithAdminCryptoLogin","Surefire suite","Mon Sep 28 02:44:47 UTC 2026","passed","Mon Sep 28 02:44:54 UTC 2026","testcases.backoffice.settlement.ManageSettlementTest","Surefire test","testcases.backoffice.settlement.ManageSettlementTest","listManageSettlementWithAdminCryptoLogin"
"Resend Google Authenticator Menggunakan Login Merchant","5362","resendOtpGoogleWithMerchantLogin","Surefire suite","Mon Sep 28 02:57:57 UTC 2026","passed","Mon Sep 28 02:58:02 UTC 2026","testcases.backoffice.googleauth.ResendOtpGoogleTest","Surefire test","testcases.backoffice.googleauth.ResendOtpGoogleTest","resendOtpGoogleWithMerchantLogin"
"Get History Transfer Test Supervisor","15267","historyTransferTestSupervisor","Surefire suite","Mon Sep 28 04:13:07 UTC 2026","passed","Mon Sep 28 04:13:23 UTC 2026","testcases.history.HistoryTransferTest","Surefire test","testcases.history.HistoryTransferTest","historyTransferTestSupervisor"
"Add Group Backoffice","4915","addGroupBO","Surefire suite","Mon Sep 28 02:13:50 UTC 2026","passed","Mon Sep 28 02:13:55 UTC 2026","testcases.backoffice.group.AddGroupTest","Surefire test","testcases.backoffice.group.AddGroupTest","addGroupBO"
"Delete Group Backoffice Dengan Token Tidak Valid","1658","deleteGroupWithInvalidToken","Surefire suite","Mon Sep 28 02:11:45 UTC 2026","passed","Mon Sep 28 02:11:47 UTC 2026","testcases.backoffice.group.DeleteGroupTest","Surefire test","testcases.backoffice.group.DeleteGroupTest","deleteGroupWithInvalidToken"
"Transfer Success with before and after Balanced","11260","transferBalance","Surefire suite","Mon Sep 28 02:15:24 UTC 2026","passed","Mon Sep 28 02:15:36 UTC 2026","testcases.transfer.TransferTest","Surefire test","testcases.transfer.TransferTest","transferBalance"
"Delete Favorite Account Tanpa Field pin","47888","deleteFavoriteAccountWithoutPinField","Surefire suite","Mon Sep 28 02:40:04 UTC 2026","failed","Mon Sep 28 02:40:52 UTC 2026","testcases.settings.favoriteaccount.DeleteFavoriteAccountTest","Surefire test","testcases.settings.favoriteaccount.DeleteFavoriteAccountTest","deleteFavoriteAccountWithoutPinField"
"Delete Google Authenticator Dengan id Berisi Spasi","6010","deleteOtpGoogleWithWhitespaceId","Surefire suite","Mon Sep 28 02:20:38 UTC 2026","passed","Mon Sep 28 02:20:44 UTC 2026","testcases.backoffice.googleauth.DeleteOtpGoogleTest","Surefire test","testcases.backoffice.googleauth.DeleteOtpGoogleTest","deleteOtpGoogleWithWhitespaceId"
"Delete Group Backoffice Menggunakan HTTP Method DELETE","1534","deleteGroupWithDeleteMethod","Surefire suite","Mon Sep 28 02:11:08 UTC 2026","passed","Mon Sep 28 02:11:10 UTC 2026","testcases.backoffice.group.DeleteGroupTest","Surefire test","testcases.backoffice.group.DeleteGroupTest","deleteGroupWithDeleteMethod"
"Delete Manage Settlement BO Dengan Header id Kosong","5898","deleteManageSettlementWithEmptyIdHeader","Surefire suite","Mon Sep 28 02:22:54 UTC 2026","passed","Mon Sep 28 02:23:00 UTC 2026","testcases.backoffice.settlement.DeleteManageSettlementTest","Surefire test","testcases.backoffice.settlement.DeleteManageSettlementTest","deleteManageSettlementWithEmptyIdHeader"
"Transfer Different Partner Reference, USDT Transfer to Manual Transfer","50680","trfPartnerRefUSDTFailed","Surefire suite","Mon Sep 28 02:54:24 UTC 2026","failed","Mon Sep 28 02:55:15 UTC 2026","testcases.transfer.ManualTransferTest","Surefire test","testcases.transfer.ManualTransferTest","trfPartnerRefUSDTFailed"
"Get List Favorite Account Menggunakan HTTP Method GET","4065","getListFavoriteAccountWithGetMethod","Surefire suite","Mon Sep 28 04:46:07 UTC 2026","passed","Mon Sep 28 04:46:11 UTC 2026","testcases.settings.favoriteaccount.GetListFavoriteAccountTest","Surefire test","testcases.settings.favoriteaccount.GetListFavoriteAccountTest","getListFavoriteAccountWithGetMethod"
"Inquiry Favorite Account Dengan Token Tidak Valid","2211","inquiryFavoriteAccountWithInvalidToken","Surefire suite","Mon Sep 28 02:47:03 UTC 2026","passed","Mon Sep 28 02:47:05 UTC 2026","testcases.settings.favoriteaccount.InquiryFavoriteAccountTest","Surefire test","testcases.settings.favoriteaccount.InquiryFavoriteAccountTest","inquiryFavoriteAccountWithInvalidToken"
"Add Currency CS Admin Path Dengan rate Sangat Besar (Overflow)","1531","addCurrencyWithHugeRate","Surefire suite","Mon Sep 28 03:51:33 UTC 2026","passed","Mon Sep 28 03:51:35 UTC 2026","testcases.backoffice.currency.AddCurrencyTest","Surefire test","testcases.backoffice.currency.AddCurrencyTest","addCurrencyWithHugeRate"
"Get History USDT Transfer Test CS","13922","historyUSDTTransferTestAdmin","Surefire suite","Mon Sep 28 04:14:17 UTC 2026","passed","Mon Sep 28 04:14:31 UTC 2026","testcases.history.HistoryTransferTest","Surefire test","testcases.history.HistoryTransferTest","historyUSDTTransferTestAdmin"
"Success Login Backoffice","6174","testLoginBackoffice","Surefire suite","Mon Sep 28 02:44:19 UTC 2026","passed","Mon Sep 28 02:44:25 UTC 2026","testcases.auth.LoginTest","Surefire test","testcases.auth.LoginTest","testLoginBackoffice"
"Get List Group Backoffice Menggunakan Login Marketing","7112","getListGroupWithMarketingLogin","Surefire suite","Mon Sep 28 02:24:30 UTC 2026","passed","Mon Sep 28 02:24:37 UTC 2026","testcases.backoffice.group.GetListGroupTest","Surefire test","testcases.backoffice.group.GetListGroupTest","getListGroupWithMarketingLogin"
"Delete Group Backoffice Menggunakan Login Merchant","4932","deleteGroupWithMerchantLogin","Surefire suite","Mon Sep 28 02:12:07 UTC 2026","passed","Mon Sep 28 02:12:12 UTC 2026","testcases.backoffice.group.DeleteGroupTest","Surefire test","testcases.backoffice.group.DeleteGroupTest","deleteGroupWithMerchantLogin"
"Get List Group Company BO Dengan groupName Sangat Panjang (10.000 karakter)","5246","getListGroupCompanyWithOverlongGroupName","Surefire suite","Mon Sep 28 02:12:03 UTC 2026","passed","Mon Sep 28 02:12:09 UTC 2026","testcases.backoffice.settlement.GetListGroupCompanyTest","Surefire test","testcases.backoffice.settlement.GetListGroupCompanyTest","getListGroupCompanyWithOverlongGroupName"
"Get Group Detail Backoffice Menggunakan Login CS Admin","7047","getGroupDetailWithCSAdminLogin","Surefire suite","Mon Sep 28 02:27:01 UTC 2026","passed","Mon Sep 28 02:27:08 UTC 2026","testcases.backoffice.group.GetGroupTest","Surefire test","testcases.backoffice.group.GetGroupTest","getGroupDetailWithCSAdminLogin"
"Mutasi Transfer Supervisor Balance CS","16318","mutasiTransferSupervisorBalanceCS","Surefire suite","Mon Sep 28 04:34:09 UTC 2026","passed","Mon Sep 28 04:34:25 UTC 2026","testcases.mutasi.MutasiTransferTest","Surefire test","testcases.mutasi.MutasiTransferTest","mutasiTransferSupervisorBalanceCS"
"Get History Flop Transfer Test Admin","20730","historyFlopTransferTestAdmin","Surefire suite","Mon Sep 28 04:04:31 UTC 2026","passed","Mon Sep 28 04:04:52 UTC 2026","testcases.history.HistoryTransferTest","Surefire test","testcases.history.HistoryTransferTest","historyFlopTransferTestAdmin"
"Login Merchant tanpa Parameter Password","3089","testLoginMissingPasswordParam","Surefire suite","Mon Sep 28 02:10:12 UTC 2026","passed","Mon Sep 28 02:10:15 UTC 2026","testcases.auth.LoginTest","Surefire test","testcases.auth.LoginTest","testLoginMissingPasswordParam"
"List Company Backoffice Dengan Body Berupa JSON Array ([])","4881","listCompanyWithArrayBody","Surefire suite","Mon Sep 28 02:57:07 UTC 2026","passed","Mon Sep 28 02:57:12 UTC 2026","testcases.backoffice.ListCompanyTest","Surefire test","testcases.backoffice.ListCompanyTest","listCompanyWithArrayBody"
"Refund Summary Menggunakan HTTP Method PATCH","1539","getRefundWithPatchMethod","Surefire suite","Mon Sep 28 02:55:28 UTC 2026","passed","Mon Sep 28 02:55:30 UTC 2026","testcases.backoffice.refund.GetRefundTest","Surefire test","testcases.backoffice.refund.GetRefundTest","getRefundWithPatchMethod"
"Refund Summary Menggunakan Login Customer Service","4833","getRefundWithCSLogin","Surefire suite","Mon Sep 28 02:53:36 UTC 2026","passed","Mon Sep 28 02:53:41 UTC 2026","testcases.backoffice.refund.GetRefundTest","Surefire test","testcases.backoffice.refund.GetRefundTest","getRefundWithCSLogin"
"Get List Favorite Account Tanpa Login/Header Auth","3326","getListFavoriteAccountWithoutAuth","Surefire suite","Mon Sep 28 04:47:44 UTC 2026","passed","Mon Sep 28 04:47:48 UTC 2026","testcases.settings.favoriteaccount.GetListFavoriteAccountTest","Surefire test","testcases.settings.favoriteaccount.GetListFavoriteAccountTest","getListFavoriteAccountWithoutAuth"
"Create Manage Settlement BO Dengan Body Berupa Literal null","6167","addManageSettlementWithNullLiteralBody","Surefire suite","Mon Sep 28 02:29:43 UTC 2026","passed","Mon Sep 28 02:29:49 UTC 2026","testcases.backoffice.settlement.AddManageSettlementTest","Surefire test","testcases.backoffice.settlement.AddManageSettlementTest","addManageSettlementWithNullLiteralBody"
"Get Notification Sender Tanpa Login/Header Auth","1436","getNotificationSenderWithoutAuth","Surefire suite","Mon Sep 28 02:54:53 UTC 2026","passed","Mon Sep 28 02:54:55 UTC 2026","testcases.backoffice.notifsender.NotificationSenderTest","Surefire test","testcases.backoffice.notifsender.NotificationSenderTest","getNotificationSenderWithoutAuth"
"Add Currency USDT Backoffice","13650","addCurrencyBO","Surefire suite","Mon Sep 28 03:49:20 UTC 2026","passed","Mon Sep 28 03:49:34 UTC 2026","testcases.backoffice.currency.AddCurrencyTest","Surefire test","testcases.backoffice.currency.AddCurrencyTest","addCurrencyBO"
"Get Dashboard Backoffice Dengan Token Tidak Valid","1585","getDashboardWithInvalidToken","Surefire suite","Mon Sep 28 02:14:21 UTC 2026","passed","Mon Sep 28 02:14:23 UTC 2026","testcases.backoffice.GetDashboardTest","Surefire test","testcases.backoffice.GetDashboardTest","getDashboardWithInvalidToken"
"Get List Google Authenticator Dengan Ukuran Halaman Sangat Besar","8304","listOtpGoogleWithHugeSize","Surefire suite","Mon Sep 28 02:46:47 UTC 2026","passed","Mon Sep 28 02:46:55 UTC 2026","testcases.backoffice.googleauth.ListOtpGoogleTest","Surefire test","testcases.backoffice.googleauth.ListOtpGoogleTest","listOtpGoogleWithHugeSize"
"Get List Group Backoffice Menggunakan Login CS Admin","8327","getListGroupWithCSAdminLogin","Surefire suite","Mon Sep 28 02:23:22 UTC 2026","passed","Mon Sep 28 02:23:31 UTC 2026","testcases.backoffice.group.GetListGroupTest","Surefire test","testcases.backoffice.group.GetListGroupTest","getListGroupWithCSAdminLogin"
"Mutasi Manual Transfer Balance CS","48078","mutasiManualTransferBalanceCS","Surefire suite","Mon Sep 28 04:21:24 UTC 2026","passed","Mon Sep 28 04:22:12 UTC 2026","testcases.mutasi.MutasiTransferTest","Surefire test","testcases.mutasi.MutasiTransferTest","mutasiManualTransferBalanceCS"
"List Refund Tanpa Login/Header Auth","1688","listRefundWithoutAuth","Surefire suite","Mon Sep 28 04:00:07 UTC 2026","passed","Mon Sep 28 04:00:09 UTC 2026","testcases.backoffice.ListRefundTest","Surefire test","testcases.backoffice.ListRefundTest","listRefundWithoutAuth"
"Resend Google Authenticator Dengan Body Kosong ({}) - Tanpa email","12036","resendOtpGoogleWithEmptyBody","Surefire suite","Mon Sep 28 02:56:33 UTC 2026","passed","Mon Sep 28 02:56:45 UTC 2026","testcases.backoffice.googleauth.ResendOtpGoogleTest","Surefire test","testcases.backoffice.googleauth.ResendOtpGoogleTest","resendOtpGoogleWithEmptyBody"
"Test Approved USDT","21607","approvedUSDTAdminCrypto","Surefire suite","Mon Sep 28 03:36:37 UTC 2026","passed","Mon Sep 28 03:36:59 UTC 2026","testcases.backoffice.ApprovalTransferTest","Surefire test","testcases.backoffice.ApprovalTransferTest","approvedUSDTAdminCrypto"
"Create Manage Settlement BO Dengan Header Authorization Tanpa Skema Bearer","1465","addManageSettlementWithMalformedAuthorizationHeader","Surefire suite","Mon Sep 28 02:28:39 UTC 2026","passed","Mon Sep 28 02:28:40 UTC 2026","testcases.backoffice.settlement.AddManageSettlementTest","Surefire test","testcases.backoffice.settlement.AddManageSettlementTest","addManageSettlementWithMalformedAuthorizationHeader"
"Created Favorite Account Dengan Body JSON Tidak Valid (Malformed)","1779","createdFavoriteAccountWithMalformedJson","Surefire suite","Mon Sep 28 02:49:47 UTC 2026","passed","Mon Sep 28 02:49:49 UTC 2026","testcases.settings.favoriteaccount.CreatedFavoriteAccountTest","Surefire test","testcases.settings.favoriteaccount.CreatedFavoriteAccountTest","createdFavoriteAccountWithMalformedJson"
"Mutasi Special Transfer CS","43736","mutasiSpecialTransferCS","Surefire suite","Mon Sep 28 04:29:45 UTC 2026","passed","Mon Sep 28 04:30:28 UTC 2026","testcases.mutasi.MutasiTransferTest","Surefire test","testcases.mutasi.MutasiTransferTest","mutasiSpecialTransferCS"
"Get Detail Waiting Company Backoffice Menggunakan Login Merchant","4871","getDetailWaitingCompanyWithMerchantLogin","Surefire suite","Mon Sep 28 02:20:55 UTC 2026","passed","Mon Sep 28 02:21:00 UTC 2026","testcases.backoffice.GetDetailWaitingCompanyTest","Surefire test","testcases.backoffice.GetDetailWaitingCompanyTest","getDetailWaitingCompanyWithMerchantLogin"
"List Manage Settlement Backoffice Dengan Body Berupa Literal null","8539","listManageSettlementWithNullLiteralBody","Surefire suite","Mon Sep 28 02:47:41 UTC 2026","passed","Mon Sep 28 02:47:49 UTC 2026","testcases.backoffice.settlement.ManageSettlementTest","Surefire test","testcases.backoffice.settlement.ManageSettlementTest","listManageSettlementWithNullLiteralBody"
"Get Detail User Backoffice Dengan User Id yang Tidak Ada","5402","getUsersWithNonExistentId","Surefire suite","Mon Sep 28 03:00:34 UTC 2026","failed","Mon Sep 28 03:00:39 UTC 2026","testcases.backoffice.users.ListUsersTest","Surefire test","testcases.backoffice.users.ListUsersTest","getUsersWithNonExistentId"
"List Waiting Company Backoffice Dengan Content-Type text/plain","4457","listWaitingCompanyWithWrongContentType","Surefire suite","Mon Sep 28 02:52:35 UTC 2026","passed","Mon Sep 28 02:52:39 UTC 2026","testcases.backoffice.ListWaitingCompanyTest","Surefire test","testcases.backoffice.ListWaitingCompanyTest","listWaitingCompanyWithWrongContentType"
"Test Get Report Transfer Merchant","5245","getReportBatchAdmin","Surefire suite","Mon Sep 28 02:11:01 UTC 2026","passed","Mon Sep 28 02:11:06 UTC 2026","testcases.report.ReportTransactionTest","Surefire test","testcases.report.ReportTransactionTest","getReportBatchAdmin"
"List Currency USDT Dengan Header Authorization Tanpa Skema Bearer","3646","getCurrencyWithMalformedAuthorizationHeader","Surefire suite","Mon Sep 28 02:17:30 UTC 2026","passed","Mon Sep 28 02:17:33 UTC 2026","testcases.backoffice.currency.GetCurrencyTest","Surefire test","testcases.backoffice.currency.GetCurrencyTest","getCurrencyWithMalformedAuthorizationHeader"
"Delete Favorite Account Merchant","7509","deleteFavoriteAccount","Surefire suite","Mon Sep 28 02:24:22 UTC 2026","passed","Mon Sep 28 02:24:29 UTC 2026","testcases.settings.favoriteaccount.DeleteFavoriteAccountTest","Surefire test","testcases.settings.favoriteaccount.DeleteFavoriteAccountTest","deleteFavoriteAccount"
"List Waiting Company Backoffice Dengan Tipe Data Salah pada Field Limit (String, Bukan Integer)","5180","listWaitingCompanyWithInvalidFieldType","Surefire suite","Mon Sep 28 02:51:12 UTC 2026","passed","Mon Sep 28 02:51:17 UTC 2026","testcases.backoffice.ListWaitingCompanyTest","Surefire test","testcases.backoffice.ListWaitingCompanyTest","listWaitingCompanyWithInvalidFieldType"
"Create Manage Settlement BO Menggunakan Login Merchant","6721","addManageSettlementWithMerchantLogin","Surefire suite","Mon Sep 28 02:29:09 UTC 2026","passed","Mon Sep 28 02:29:16 UTC 2026","testcases.backoffice.settlement.AddManageSettlementTest","Surefire test","testcases.backoffice.settlement.AddManageSettlementTest","addManageSettlementWithMerchantLogin"
"Refund Summary Menggunakan HTTP Method GET","1700","getRefundWithGetMethod","Surefire suite","Mon Sep 28 02:54:08 UTC 2026","passed","Mon Sep 28 02:54:10 UTC 2026","testcases.backoffice.refund.GetRefundTest","Surefire test","testcases.backoffice.refund.GetRefundTest","getRefundWithGetMethod"
"Get List Favorite Account Dengan page Melebihi Total Halaman","2817","getListFavoriteAccountWithPageBeyondTotalPages","Surefire suite","Mon Sep 28 04:46:49 UTC 2026","passed","Mon Sep 28 04:46:52 UTC 2026","testcases.settings.favoriteaccount.GetListFavoriteAccountTest","Surefire test","testcases.settings.favoriteaccount.GetListFavoriteAccountTest","getListFavoriteAccountWithPageBeyondTotalPages"
"Get Detail Waiting Company Backoffice Tanpa Login/Header Auth","4397","getDetailWaitingCompanyWithoutAuth","Surefire suite","Mon Sep 28 02:22:35 UTC 2026","passed","Mon Sep 28 02:22:40 UTC 2026","testcases.backoffice.GetDetailWaitingCompanyTest","Surefire test","testcases.backoffice.GetDetailWaitingCompanyTest","getDetailWaitingCompanyWithoutAuth"
"Get Detail Waiting Company Backoffice Menggunakan HTTP Method PUT","6655","getDetailWaitingCompanyWithPutMethod","Surefire suite","Mon Sep 28 02:21:46 UTC 2026","passed","Mon Sep 28 02:21:53 UTC 2026","testcases.backoffice.GetDetailWaitingCompanyTest","Surefire test","testcases.backoffice.GetDetailWaitingCompanyTest","getDetailWaitingCompanyWithPutMethod"
"Login Merchant tanpa Parameter Captcha","3138","testLoginMissingCaptchaParam","Surefire suite","Mon Sep 28 02:10:06 UTC 2026","passed","Mon Sep 28 02:10:09 UTC 2026","testcases.auth.LoginTest","Surefire test","testcases.auth.LoginTest","testLoginMissingCaptchaParam"
"List Currency USDT Dengan Karakter SQL Injection pada Field Param","2736","getCurrencyWithSqlInjectionParam","Surefire suite","Mon Sep 28 02:18:23 UTC 2026","passed","Mon Sep 28 02:18:26 UTC 2026","testcases.backoffice.currency.GetCurrencyTest","Surefire test","testcases.backoffice.currency.GetCurrencyTest","getCurrencyWithSqlInjectionParam"
"Get History Special Transfer Test CS","18111","historySpecialTransferTestCS","Surefire suite","Mon Sep 28 04:10:00 UTC 2026","passed","Mon Sep 28 04:10:18 UTC 2026","testcases.history.HistoryTransferTest","Surefire test","testcases.history.HistoryTransferTest","historySpecialTransferTestCS"
"Add Currency CS Admin Path Dengan rate Berupa Boolean","1939","addCurrencyWithBooleanRate","Surefire suite","Mon Sep 28 03:50:32 UTC 2026","passed","Mon Sep 28 03:50:34 UTC 2026","testcases.backoffice.currency.AddCurrencyTest","Surefire test","testcases.backoffice.currency.AddCurrencyTest","addCurrencyWithBooleanRate"
"Normal Special Transfer Success Admin Crypto","7577","specialTransferAdminCrypto","Surefire suite","Mon Sep 28 02:11:38 UTC 2026","passed","Mon Sep 28 02:11:46 UTC 2026","testcases.transfer.SpecialTransferTest","Surefire test","testcases.transfer.SpecialTransferTest","specialTransferAdminCrypto"
"Normal Flop Transfer Success Admin Crypto","8142","flopTransferAdminCrypto","Surefire suite","Mon Sep 28 02:12:27 UTC 2026","passed","Mon Sep 28 02:12:35 UTC 2026","testcases.transfer.TransferFlopTest","Surefire test","testcases.transfer.TransferFlopTest","flopTransferAdminCrypto"
"Create Manage Settlement BO Menggunakan Login Supervisor","9483","addManageSettlementWithSupervisorLogin","Surefire suite","Mon Sep 28 02:30:36 UTC 2026","passed","Mon Sep 28 02:30:45 UTC 2026","testcases.backoffice.settlement.AddManageSettlementTest","Surefire test","testcases.backoffice.settlement.AddManageSettlementTest","addManageSettlementWithSupervisorLogin"
"Reset Password CS Admin","5460","resetPasswordCSAdmin","Surefire suite","Mon Sep 28 02:09:56 UTC 2026","passed","Mon Sep 28 02:10:01 UTC 2026","testcases.settings.ResetPasswordTest","Surefire test","testcases.settings.ResetPasswordTest","resetPasswordCSAdmin"
"List Currency USDT Dengan Body Berupa Literal null","1636","getCurrencyWithNullLiteralBody","Surefire suite","Mon Sep 28 02:18:08 UTC 2026","passed","Mon Sep 28 02:18:09 UTC 2026","testcases.backoffice.currency.GetCurrencyTest","Surefire test","testcases.backoffice.currency.GetCurrencyTest","getCurrencyWithNullLiteralBody"
"Refund Summary Dengan Token Tidak Valid","2587","getRefundWithInvalidToken","Surefire suite","Mon Sep 28 02:54:29 UTC 2026","passed","Mon Sep 28 02:54:31 UTC 2026","testcases.backoffice.refund.GetRefundTest","Surefire test","testcases.backoffice.refund.GetRefundTest","getRefundWithInvalidToken"
"Delete Favorite Account Dengan pin String Kosong","48670","deleteFavoriteAccountWithEmptyPin","Surefire suite","Mon Sep 28 02:27:19 UTC 2026","failed","Mon Sep 28 02:28:07 UTC 2026","testcases.settings.favoriteaccount.DeleteFavoriteAccountTest","Surefire test","testcases.settings.favoriteaccount.DeleteFavoriteAccountTest","deleteFavoriteAccountWithEmptyPin"
"Normal Balance Special Transfer Success","10815","specialTransferBalanceAdminCrypto","Surefire suite","Mon Sep 28 02:11:49 UTC 2026","passed","Mon Sep 28 02:11:59 UTC 2026","testcases.transfer.SpecialTransferTest","Surefire test","testcases.transfer.SpecialTransferTest","specialTransferBalanceAdminCrypto"
"Get History USDT Transfer Test Admin Crypto","10990","historyUSDTTransferTestAdminCrypto","Surefire suite","Mon Sep 28 04:14:34 UTC 2026","passed","Mon Sep 28 04:14:45 UTC 2026","testcases.history.HistoryTransferTest","Surefire test","testcases.history.HistoryTransferTest","historyUSDTTransferTestAdminCrypto"
"Success Login CS Admin","3367","testLoginCSAdmin","Surefire suite","Mon Sep 28 02:10:42 UTC 2026","passed","Mon Sep 28 02:10:46 UTC 2026","testcases.auth.LoginTest","Surefire test","testcases.auth.LoginTest","testLoginCSAdmin"
"Refund Summary Dengan Karakter SQL Injection pada Field type","1710","getRefundWithSqlInjectionType","Surefire suite","Mon Sep 28 02:55:42 UTC 2026","passed","Mon Sep 28 02:55:43 UTC 2026","testcases.backoffice.refund.GetRefundTest","Surefire test","testcases.backoffice.refund.GetRefundTest","getRefundWithSqlInjectionType"
"Refund Summary Ke Path yang Tidak Ada (Typo)","2056","getRefundWithWrongPath","Surefire suite","Mon Sep 28 02:56:04 UTC 2026","passed","Mon Sep 28 02:56:06 UTC 2026","testcases.backoffice.refund.GetRefundTest","Surefire test","testcases.backoffice.refund.GetRefundTest","getRefundWithWrongPath"
"Add Currency CS Admin Path Dengan Token Tidak Valid","1702","addCurrencyWithInvalidToken","Surefire suite","Mon Sep 28 03:51:38 UTC 2026","passed","Mon Sep 28 03:51:40 UTC 2026","testcases.backoffice.currency.AddCurrencyTest","Surefire test","testcases.backoffice.currency.AddCurrencyTest","addCurrencyWithInvalidToken"
"Inquiry Favorite Account Dengan Token Valid Tapi Tanpa Header credentialId","1494","inquiryFavoriteAccountWithoutCredentialIdHeader","Surefire suite","Mon Sep 28 02:48:43 UTC 2026","failed","Mon Sep 28 02:48:44 UTC 2026","testcases.settings.favoriteaccount.InquiryFavoriteAccountTest","Surefire test","testcases.settings.favoriteaccount.InquiryFavoriteAccountTest","inquiryFavoriteAccountWithoutCredentialIdHeader"
"Get List Favorite Account CS","6012","getListFavoriteAccountCS","Surefire suite","Mon Sep 28 04:45:19 UTC 2026","failed","Mon Sep 28 04:45:25 UTC 2026","testcases.settings.favoriteaccount.GetListFavoriteAccountTest","Surefire test","testcases.settings.favoriteaccount.GetListFavoriteAccountTest","getListFavoriteAccountCS"
"List Currency USDT Dengan Tipe Data Salah pada Field limit (String, Bukan Integer)","1622","getCurrencyWithInvalidFieldType","Surefire suite","Mon Sep 28 02:17:16 UTC 2026","passed","Mon Sep 28 02:17:17 UTC 2026","testcases.backoffice.currency.GetCurrencyTest","Surefire test","testcases.backoffice.currency.GetCurrencyTest","getCurrencyWithInvalidFieldType"
"List User Backoffice Menggunakan Login Supervisor","6300","listUsersWithSupervisorLogin","Surefire suite","Mon Sep 28 03:02:44 UTC 2026","passed","Mon Sep 28 03:02:50 UTC 2026","testcases.backoffice.users.ListUsersTest","Surefire test","testcases.backoffice.users.ListUsersTest","listUsersWithSupervisorLogin"
"Created Favorite Account Dengan Body Berupa Literal null","2044","createdFavoriteAccountWithNullLiteralBody","Surefire suite","Mon Sep 28 02:49:52 UTC 2026","passed","Mon Sep 28 02:49:54 UTC 2026","testcases.settings.favoriteaccount.CreatedFavoriteAccountTest","Surefire test","testcases.settings.favoriteaccount.CreatedFavoriteAccountTest","createdFavoriteAccountWithNullLiteralBody"
"Refund Summary Dengan startDate Hanya Tanggal (Tanpa Waktu/Zona)","1500","getRefundWithDateOnlyFormat","Surefire suite","Mon Sep 28 02:53:44 UTC 2026","passed","Mon Sep 28 02:53:46 UTC 2026","testcases.backoffice.refund.GetRefundTest","Surefire test","testcases.backoffice.refund.GetRefundTest","getRefundWithDateOnlyFormat"
"Delete Manage Settlement BO Ke Path yang Tidak Ada (Typo)","8380","deleteManageSettlementWithWrongPath","Surefire suite","Mon Sep 28 02:25:19 UTC 2026","passed","Mon Sep 28 02:25:27 UTC 2026","testcases.backoffice.settlement.DeleteManageSettlementTest","Surefire test","testcases.backoffice.settlement.DeleteManageSettlementTest","deleteManageSettlementWithWrongPath"
"Delete Group Backoffice Dengan Token Backoffice Valid Tapi Tanpa Header pbyv","1603","deleteGroupWithoutPbyvHeader","Surefire suite","Mon Sep 28 02:13:45 UTC 2026","passed","Mon Sep 28 02:13:47 UTC 2026","testcases.backoffice.group.DeleteGroupTest","Surefire test","testcases.backoffice.group.DeleteGroupTest","deleteGroupWithoutPbyvHeader"
"Created Favorite Account Tanpa Field beneficiaryAccountNo","1757","createdFavoriteAccountWithoutBeneficiaryAccountNoField","Surefire suite","Mon Sep 28 02:50:41 UTC 2026","passed","Mon Sep 28 02:50:43 UTC 2026","testcases.settings.favoriteaccount.CreatedFavoriteAccountTest","Surefire test","testcases.settings.favoriteaccount.CreatedFavoriteAccountTest","createdFavoriteAccountWithoutBeneficiaryAccountNoField"
"Delete Group Backoffice Dengan Body JSON Tidak Valid (Malformed)","1612","deleteGroupWithMalformedJson","Surefire suite","Mon Sep 28 02:11:54 UTC 2026","passed","Mon Sep 28 02:11:56 UTC 2026","testcases.backoffice.group.DeleteGroupTest","Surefire test","testcases.backoffice.group.DeleteGroupTest","deleteGroupWithMalformedJson"
"Get History QR Open Merchant on login CS Admin","28392","historyQROpenMerchantCSAdmin","Surefire suite","Mon Sep 28 03:05:57 UTC 2026","passed","Mon Sep 28 03:06:25 UTC 2026","testcases.history.HistoryQRTest","Surefire test","testcases.history.HistoryQRTest","historyQROpenMerchantCSAdmin"
"List Manage Settlement Backoffice Dengan Tipe Data Salah pada Field Limit (String, Bukan Integer)","6833","listManageSettlementWithInvalidFieldType","Surefire suite","Mon Sep 28 02:46:23 UTC 2026","passed","Mon Sep 28 02:46:29 UTC 2026","testcases.backoffice.settlement.ManageSettlementTest","Surefire test","testcases.backoffice.settlement.ManageSettlementTest","listManageSettlementWithInvalidFieldType"
"Delete Favorite Account Dengan Body Berupa Literal null","1497","deleteFavoriteAccountWithNullLiteralBody","Surefire suite","Mon Sep 28 02:31:45 UTC 2026","passed","Mon Sep 28 02:31:47 UTC 2026","testcases.settings.favoriteaccount.DeleteFavoriteAccountTest","Surefire test","testcases.settings.favoriteaccount.DeleteFavoriteAccountTest","deleteFavoriteAccountWithNullLiteralBody"
"Delete Group Ke Path yang Tidak Ada (Typo)","1549","deleteGroupWithWrongPath","Surefire suite","Mon Sep 28 02:13:13 UTC 2026","passed","Mon Sep 28 02:13:14 UTC 2026","testcases.backoffice.group.DeleteGroupTest","Surefire test","testcases.backoffice.group.DeleteGroupTest","deleteGroupWithWrongPath"
"Get History Flop Transfer Test","15514","historyFlopTransferTest","Surefire suite","Mon Sep 28 04:04:12 UTC 2026","passed","Mon Sep 28 04:04:28 UTC 2026","testcases.history.HistoryTransferTest","Surefire test","testcases.history.HistoryTransferTest","historyFlopTransferTest"
"Get History USDT Transfer Supervisor on Login CS Admin","14066","historyUSDTTransferSupervisorTestCSAdmin","Surefire suite","Mon Sep 28 04:13:46 UTC 2026","passed","Mon Sep 28 04:14:00 UTC 2026","testcases.history.HistoryTransferTest","Surefire test","testcases.history.HistoryTransferTest","historyUSDTTransferSupervisorTestCSAdmin"
"Normal Manual Transfer Success","14240","transfer","Surefire suite","Mon Sep 28 02:51:15 UTC 2026","passed","Mon Sep 28 02:51:29 UTC 2026","testcases.transfer.ManualTransferTest","Surefire test","testcases.transfer.ManualTransferTest","transfer"
"Get Detail Waiting Company Backoffice Menggunakan Login Admin Crypto","5308","getDetailWaitingCompanyWithAdminCryptoLogin","Surefire suite","Mon Sep 28 02:19:27 UTC 2026","passed","Mon Sep 28 02:19:32 UTC 2026","testcases.backoffice.GetDetailWaitingCompanyTest","Surefire test","testcases.backoffice.GetDetailWaitingCompanyTest","getDetailWaitingCompanyWithAdminCryptoLogin"
"Delete Google Authenticator Dengan id Milik Entitas Lain (Group Id)","5257","deleteOtpGoogleWithForeignEntityId","Surefire suite","Mon Sep 28 02:18:52 UTC 2026","passed","Mon Sep 28 02:18:57 UTC 2026","testcases.backoffice.googleauth.DeleteOtpGoogleTest","Surefire test","testcases.backoffice.googleauth.DeleteOtpGoogleTest","deleteOtpGoogleWithForeignEntityId"
"Add Currency CS Admin Path Dengan Karakter SQL Injection pada rate","1525","addCurrencyWithSqlInjectionRate","Surefire suite","Mon Sep 28 03:52:46 UTC 2026","passed","Mon Sep 28 03:52:48 UTC 2026","testcases.backoffice.currency.AddCurrencyTest","Surefire test","testcases.backoffice.currency.AddCurrencyTest","addCurrencyWithSqlInjectionRate"
"Delete Manage Settlement BO Dengan id yang Sama Dua Kali (Sudah Terhapus)","14029","deleteManageSettlementWithAlreadyDeletedId","Surefire suite","Mon Sep 28 02:22:03 UTC 2026","passed","Mon Sep 28 02:22:17 UTC 2026","testcases.backoffice.settlement.DeleteManageSettlementTest","Surefire test","testcases.backoffice.settlement.DeleteManageSettlementTest","deleteManageSettlementWithAlreadyDeletedId"
"Delete Group Backoffice Dengan name String Kosong","1699","deleteGroupWithEmptyName","Surefire suite","Mon Sep 28 02:11:22 UTC 2026","passed","Mon Sep 28 02:11:24 UTC 2026","testcases.backoffice.group.DeleteGroupTest","Surefire test","testcases.backoffice.group.DeleteGroupTest","deleteGroupWithEmptyName"
"Get List Group Backoffice Tanpa Login/Header Auth","1589","getListGroupWithoutAuth","Surefire suite","Mon Sep 28 02:26:17 UTC 2026","passed","Mon Sep 28 02:26:18 UTC 2026","testcases.backoffice.group.GetListGroupTest","Surefire test","testcases.backoffice.group.GetListGroupTest","getListGroupWithoutAuth"
"Normal Flop Transfer Success","10912","transfer","Surefire suite","Mon Sep 28 02:19:44 UTC 2026","passed","Mon Sep 28 02:19:55 UTC 2026","testcases.transfer.TransferFlopTest","Surefire test","testcases.transfer.TransferFlopTest","transfer"
"Created Favorite Account Tanpa Body Sama Sekali","1909","createdFavoriteAccountWithoutBody","Surefire suite","Mon Sep 28 02:50:51 UTC 2026","passed","Mon Sep 28 02:50:52 UTC 2026","testcases.settings.favoriteaccount.CreatedFavoriteAccountTest","Surefire test","testcases.settings.favoriteaccount.CreatedFavoriteAccountTest","createdFavoriteAccountWithoutBody"
"Transfer Different Partner Reference, Transfer to Special Transfer","49751","trfPartnerRefTransferFailed","Surefire suite","Mon Sep 28 02:13:29 UTC 2026","passed","Mon Sep 28 02:14:19 UTC 2026","testcases.transfer.SpecialTransferTest","Surefire test","testcases.transfer.SpecialTransferTest","trfPartnerRefTransferFailed"
"Get Group Detail Backoffice Dengan Group Id yang Tidak Ada","11714","getGroupDetailWithNonExistentId","Surefire suite","Mon Sep 28 02:28:40 UTC 2026","passed","Mon Sep 28 02:28:52 UTC 2026","testcases.backoffice.group.GetGroupTest","Surefire test","testcases.backoffice.group.GetGroupTest","getGroupDetailWithNonExistentId"
"Success Assignment Cash Deposit","19918","assignCashDepositTest","Surefire suite","Mon Sep 28 03:01:08 UTC 2026","passed","Mon Sep 28 03:01:28 UTC 2026","testcases.backoffice.TransferAssignmentTest","Surefire test","testcases.backoffice.TransferAssignmentTest","assignCashDepositTest"
"Delete Google Authenticator Dengan id Berisi Karakter SQL Injection","6366","deleteOtpGoogleWithSqlInjectionId","Surefire suite","Mon Sep 28 02:20:19 UTC 2026","passed","Mon Sep 28 02:20:25 UTC 2026","testcases.backoffice.googleauth.DeleteOtpGoogleTest","Surefire test","testcases.backoffice.googleauth.DeleteOtpGoogleTest","deleteOtpGoogleWithSqlInjectionId"
"Delete Google Authenticator Menggunakan HTTP Method DELETE","7841","deleteOtpGoogleWithDeleteMethod","Surefire suite","Mon Sep 28 02:18:27 UTC 2026","passed","Mon Sep 28 02:18:35 UTC 2026","testcases.backoffice.googleauth.DeleteOtpGoogleTest","Surefire test","testcases.backoffice.googleauth.DeleteOtpGoogleTest","deleteOtpGoogleWithDeleteMethod"
"Delete Favorite Account Dengan Token Tidak Valid","2586","deleteFavoriteAccountWithInvalidToken","Surefire suite","Mon Sep 28 02:30:42 UTC 2026","passed","Mon Sep 28 02:30:44 UTC 2026","testcases.settings.favoriteaccount.DeleteFavoriteAccountTest","Surefire test","testcases.settings.favoriteaccount.DeleteFavoriteAccountTest","deleteFavoriteAccountWithInvalidToken"
"Delete Manage Settlement BO Menggunakan Login Admin Crypto","5580","deleteManageSettlementWithAdminCryptoLogin","Surefire suite","Mon Sep 28 02:21:44 UTC 2026","passed","Mon Sep 28 02:21:50 UTC 2026","testcases.backoffice.settlement.DeleteManageSettlementTest","Surefire test","testcases.backoffice.settlement.DeleteManageSettlementTest","deleteManageSettlementWithAdminCryptoLogin"
"List Refund Menggunakan Login Admin Biasa","8464","listRefundAdmin","Surefire suite","Mon Sep 28 03:57:23 UTC 2026","passed","Mon Sep 28 03:57:31 UTC 2026","testcases.backoffice.ListRefundTest","Surefire test","testcases.backoffice.ListRefundTest","listRefundAdmin"
"List Refund Tanpa Body Sama Sekali","6308","listRefundWithoutBody","Surefire suite","Mon Sep 28 04:00:12 UTC 2026","passed","Mon Sep 28 04:00:18 UTC 2026","testcases.backoffice.ListRefundTest","Surefire test","testcases.backoffice.ListRefundTest","listRefundWithoutBody"
"List Currency USDT Menggunakan Login Merchant","6227","getCurrencyWithMerchantLogin","Surefire suite","Mon Sep 28 02:17:54 UTC 2026","passed","Mon Sep 28 02:18:00 UTC 2026","testcases.backoffice.currency.GetCurrencyTest","Surefire test","testcases.backoffice.currency.GetCurrencyTest","getCurrencyWithMerchantLogin"
"Create Manage Settlement BO Menggunakan Login Admin Crypto","4940","addManageSettlementWithAdminCryptoLogin","Surefire suite","Mon Sep 28 02:26:24 UTC 2026","passed","Mon Sep 28 02:26:29 UTC 2026","testcases.backoffice.settlement.AddManageSettlementTest","Surefire test","testcases.backoffice.settlement.AddManageSettlementTest","addManageSettlementWithAdminCryptoLogin"
"Inquiry Favorite Account Dengan Token Kadaluarsa","1817","inquiryFavoriteAccountWithExpiredToken","Surefire suite","Mon Sep 28 02:46:52 UTC 2026","passed","Mon Sep 28 02:46:54 UTC 2026","testcases.settings.favoriteaccount.InquiryFavoriteAccountTest","Surefire test","testcases.settings.favoriteaccount.InquiryFavoriteAccountTest","inquiryFavoriteAccountWithExpiredToken"
"Get List Group Backoffice Dengan Field sort Tidak Valid","2749","getListGroupWithInvalidSortField","Surefire suite","Mon Sep 28 02:24:10 UTC 2026","failed","Mon Sep 28 02:24:12 UTC 2026","testcases.backoffice.group.GetListGroupTest","Surefire test","testcases.backoffice.group.GetListGroupTest","getListGroupWithInvalidSortField"
"Get Detail User Backoffice Tanpa User Id (Path Kosong) - Menemukan Bug Bad Gateway","6441","getUsersWithEmptyId","Surefire suite","Mon Sep 28 02:59:59 UTC 2026","passed","Mon Sep 28 03:00:05 UTC 2026","testcases.backoffice.users.ListUsersTest","Surefire test","testcases.backoffice.users.ListUsersTest","getUsersWithEmptyId"
"Get History Special Transfer Supervisor on Login CS Admin","17800","historySpecialTransferSupervisorTestCSAdmin","Surefire suite","Mon Sep 28 04:08:52 UTC 2026","passed","Mon Sep 28 04:09:10 UTC 2026","testcases.history.HistoryTransferTest","Surefire test","testcases.history.HistoryTransferTest","historySpecialTransferSupervisorTestCSAdmin"
"Delete Group Backoffice Menggunakan HTTP Method PATCH","1649","deleteGroupWithPatchMethod","Surefire suite","Mon Sep 28 02:12:37 UTC 2026","passed","Mon Sep 28 02:12:39 UTC 2026","testcases.backoffice.group.DeleteGroupTest","Surefire test","testcases.backoffice.group.DeleteGroupTest","deleteGroupWithPatchMethod"
"Get Balance Admin Transfer","10063","getBalanceAdmin","Surefire suite","Mon Sep 28 02:09:52 UTC 2026","passed","Mon Sep 28 02:10:02 UTC 2026","testcases.balance.GetBalanceTransferTest","Surefire test","testcases.balance.GetBalanceTransferTest","getBalanceAdmin"
"List Currency USDT Menggunakan Login Admin","4989","getCurrencyWithAdminLogin","Surefire suite","Mon Sep 28 02:16:21 UTC 2026","passed","Mon Sep 28 02:16:26 UTC 2026","testcases.backoffice.currency.GetCurrencyTest","Surefire test","testcases.backoffice.currency.GetCurrencyTest","getCurrencyWithAdminLogin"
"Get Group Detail Backoffice Dengan Group Id Sangat Panjang (10.000 karakter)","6686","getGroupDetailWithOverlongId","Surefire suite","Mon Sep 28 02:28:55 UTC 2026","passed","Mon Sep 28 02:29:01 UTC 2026","testcases.backoffice.group.GetGroupTest","Surefire test","testcases.backoffice.group.GetGroupTest","getGroupDetailWithOverlongId"
"Inquiry Favorite Account Tanpa Field beneficiaryAccountNo","9349","inquiryFavoriteAccountWithoutBeneficiaryAccountNoField","Surefire suite","Mon Sep 28 02:48:19 UTC 2026","failed","Mon Sep 28 02:48:29 UTC 2026","testcases.settings.favoriteaccount.InquiryFavoriteAccountTest","Surefire test","testcases.settings.favoriteaccount.InquiryFavoriteAccountTest","inquiryFavoriteAccountWithoutBeneficiaryAccountNoField"
"Mutasi USDT Transfer CS","84415","mutasiUSDTTransferCS","Surefire suite","Mon Sep 28 04:38:31 UTC 2026","passed","Mon Sep 28 04:39:55 UTC 2026","testcases.mutasi.MutasiTransferTest","Surefire test","testcases.mutasi.MutasiTransferTest","mutasiUSDTTransferCS"
"Login Merchant dengan Username Berisi Spasi Saja","3320","testLoginWhitespaceUsername","Surefire suite","Mon Sep 28 02:10:44 UTC 2026","passed","Mon Sep 28 02:10:48 UTC 2026","testcases.auth.LoginTest","Surefire test","testcases.auth.LoginTest","testLoginWhitespaceUsername"
"List Manage Settlement Backoffice Ke Path yang Tidak Ada (Typo)","5783","listManageSettlementWithWrongPath","Surefire suite","Mon Sep 28 02:48:59 UTC 2026","passed","Mon Sep 28 02:49:05 UTC 2026","testcases.backoffice.settlement.ManageSettlementTest","Surefire test","testcases.backoffice.settlement.ManageSettlementTest","listManageSettlementWithWrongPath"
"List Manage Settlement Backoffice Dengan Token Backoffice Valid Tapi Tanpa Header pbyv","5523","listManageSettlementWithoutPbyvHeader","Surefire suite","Mon Sep 28 02:49:33 UTC 2026","passed","Mon Sep 28 02:49:38 UTC 2026","testcases.backoffice.settlement.ManageSettlementTest","Surefire test","testcases.backoffice.settlement.ManageSettlementTest","listManageSettlementWithoutPbyvHeader"
"List User Backoffice Dengan Body JSON Tidak Valid (Malformed)","4993","listUsersWithMalformedJson","Surefire suite","Mon Sep 28 03:01:58 UTC 2026","passed","Mon Sep 28 03:02:03 UTC 2026","testcases.backoffice.users.ListUsersTest","Surefire test","testcases.backoffice.users.ListUsersTest","listUsersWithMalformedJson"
"Resend Google Authenticator Dengan email Berupa Angka (Bukan String)","5519","resendOtpGoogleWithNumericEmail","Surefire suite","Mon Sep 28 02:58:35 UTC 2026","passed","Mon Sep 28 02:58:40 UTC 2026","testcases.backoffice.googleauth.ResendOtpGoogleTest","Surefire test","testcases.backoffice.googleauth.ResendOtpGoogleTest","resendOtpGoogleWithNumericEmail"
"Delete session Merchant on Backoffice","7264","deleteSessionBackoffice","Surefire suite","Mon Sep 28 02:09:51 UTC 2026","passed","Mon Sep 28 02:09:58 UTC 2026","testcases.backoffice.users.EditUserTest","Surefire test","testcases.backoffice.users.EditUserTest","deleteSessionBackoffice"
"Add Currency CS Admin Path Dengan Field Tidak Dikenal pada Body","1844","addCurrencyWithUnknownField","Surefire suite","Mon Sep 28 03:53:04 UTC 2026","passed","Mon Sep 28 03:53:06 UTC 2026","testcases.backoffice.currency.AddCurrencyTest","Surefire test","testcases.backoffice.currency.AddCurrencyTest","addCurrencyWithUnknownField"
"Delete Manage Settlement BO Tanpa Header id","10032","deleteManageSettlementWithoutIdHeader","Surefire suite","Mon Sep 28 02:25:46 UTC 2026","passed","Mon Sep 28 02:25:56 UTC 2026","testcases.backoffice.settlement.DeleteManageSettlementTest","Surefire test","testcases.backoffice.settlement.DeleteManageSettlementTest","deleteManageSettlementWithoutIdHeader"
"Login Backoffice dengan Username Tidak Terdaftar","3553","testLoginBackofficeNonExistentUsername","Surefire suite","Mon Sep 28 02:44:28 UTC 2026","passed","Mon Sep 28 02:44:31 UTC 2026","testcases.auth.LoginTest","Surefire test","testcases.auth.LoginTest","testLoginBackofficeNonExistentUsername"
"Add Group Backoffice Menggunakan Login Marketing","5263","addGroupWithMarketingLogin","Surefire suite","Mon Sep 28 02:15:52 UTC 2026","passed","Mon Sep 28 02:15:57 UTC 2026","testcases.backoffice.group.AddGroupTest","Surefire test","testcases.backoffice.group.AddGroupTest","addGroupWithMarketingLogin"
"Get History Special Transfer Test","10986","historySpecialTransferTest","Surefire suite","Mon Sep 28 04:09:13 UTC 2026","passed","Mon Sep 28 04:09:24 UTC 2026","testcases.history.HistoryTransferTest","Surefire test","testcases.history.HistoryTransferTest","historySpecialTransferTest"
"Get List Group Backoffice Dengan Header Authorization Tanpa Skema Bearer","2527","getListGroupWithMalformedAuthorizationHeader","Surefire suite","Mon Sep 28 02:24:20 UTC 2026","passed","Mon Sep 28 02:24:22 UTC 2026","testcases.backoffice.group.GetListGroupTest","Surefire test","testcases.backoffice.group.GetListGroupTest","getListGroupWithMalformedAuthorizationHeader"
"Get Group Detail Backoffice Menggunakan Login Group","8250","getGroupDetailWithGroupLogin","Surefire suite","Mon Sep 28 02:27:49 UTC 2026","passed","Mon Sep 28 02:27:57 UTC 2026","testcases.backoffice.group.GetGroupTest","Surefire test","testcases.backoffice.group.GetGroupTest","getGroupDetailWithGroupLogin"
"Mutasi USDT Transfer Supervisor","49431","mutasiUSDTTransferSupervisor","Surefire suite","Mon Sep 28 04:39:58 UTC 2026","passed","Mon Sep 28 04:40:47 UTC 2026","testcases.mutasi.MutasiTransferTest","Surefire test","testcases.mutasi.MutasiTransferTest","mutasiUSDTTransferSupervisor"
"Delete Google Authenticator Menggunakan Login CS Admin","6945","deleteOtpGoogleWithCSAdminLogin","Surefire suite","Mon Sep 28 02:18:09 UTC 2026","passed","Mon Sep 28 02:18:16 UTC 2026","testcases.backoffice.googleauth.DeleteOtpGoogleTest","Surefire test","testcases.backoffice.googleauth.DeleteOtpGoogleTest","deleteOtpGoogleWithCSAdminLogin"
"Get Detail Waiting Company Backoffice Dengan Id Berisi Payload XSS","8398","getDetailWaitingCompanyWithXssId","Surefire suite","Mon Sep 28 02:22:24 UTC 2026","passed","Mon Sep 28 02:22:32 UTC 2026","testcases.backoffice.GetDetailWaitingCompanyTest","Surefire test","testcases.backoffice.GetDetailWaitingCompanyTest","getDetailWaitingCompanyWithXssId"
"Normal Transfer USDT Supervisor Success","9216","usdtTransferSupervisor","Surefire suite","Mon Sep 28 02:10:14 UTC 2026","passed","Mon Sep 28 02:10:23 UTC 2026","testcases.transfer.TransferUSDTTest","Surefire test","testcases.transfer.TransferUSDTTest","usdtTransferSupervisor"
"Get List Group Backoffice Dengan size Negatif","1662","getListGroupWithNegativeSize","Surefire suite","Mon Sep 28 02:24:53 UTC 2026","passed","Mon Sep 28 02:24:55 UTC 2026","testcases.backoffice.group.GetListGroupTest","Surefire test","testcases.backoffice.group.GetListGroupTest","getListGroupWithNegativeSize"
"List Manage Settlement Backoffice Tanpa Login/Header Auth","3103","listManageSettlementWithoutAuth","Surefire suite","Mon Sep 28 02:49:17 UTC 2026","passed","Mon Sep 28 02:49:20 UTC 2026","testcases.backoffice.settlement.ManageSettlementTest","Surefire test","testcases.backoffice.settlement.ManageSettlementTest","listManageSettlementWithoutAuth"
"Get History Manual Transfer Test Admin","17267","historyManualTransferTestAdmin","Surefire suite","Mon Sep 28 04:06:47 UTC 2026","passed","Mon Sep 28 04:07:04 UTC 2026","testcases.history.HistoryTransferTest","Surefire test","testcases.history.HistoryTransferTest","historyManualTransferTestAdmin"
"Add Merchant From Backoffice","7629","addCompanyBackoffice","Surefire suite","Mon Sep 28 02:21:20 UTC 2026","passed","Mon Sep 28 02:21:27 UTC 2026","testcases.backoffice.AddCompanyTest","Surefire test","testcases.backoffice.AddCompanyTest","addCompanyBackoffice"
"Resend Google Authenticator Dengan Body JSON Tidak Valid (Malformed)","7706","resendOtpGoogleWithMalformedJson","Surefire suite","Mon Sep 28 02:57:36 UTC 2026","passed","Mon Sep 28 02:57:44 UTC 2026","testcases.backoffice.googleauth.ResendOtpGoogleTest","Surefire test","testcases.backoffice.googleauth.ResendOtpGoogleTest","resendOtpGoogleWithMalformedJson"
"Get History Refund Test Admin Crypto","8631","historyRefundTestAdminCrypto","Surefire suite","Mon Sep 28 04:08:21 UTC 2026","passed","Mon Sep 28 04:08:30 UTC 2026","testcases.history.HistoryTransferTest","Surefire test","testcases.history.HistoryTransferTest","historyRefundTestAdminCrypto"
"Get List Favorite Account Dengan size Negatif","1808","getListFavoriteAccountWithNegativeSize","Surefire suite","Mon Sep 28 04:46:40 UTC 2026","passed","Mon Sep 28 04:46:42 UTC 2026","testcases.settings.favoriteaccount.GetListFavoriteAccountTest","Surefire test","testcases.settings.favoriteaccount.GetListFavoriteAccountTest","getListFavoriteAccountWithNegativeSize"
"Mutasi USDT Transfer Balance","75957","mutasiUSDTTransferBalanceSupervisor","Surefire suite","Mon Sep 28 04:37:12 UTC 2026","passed","Mon Sep 28 04:38:27 UTC 2026","testcases.mutasi.MutasiTransferTest","Surefire test","testcases.mutasi.MutasiTransferTest","mutasiUSDTTransferBalanceSupervisor"
"List Waiting Company Backoffice Dengan Body Berupa JSON Array ([])","6551","listWaitingCompanyWithArrayBody","Surefire suite","Mon Sep 28 02:50:27 UTC 2026","passed","Mon Sep 28 02:50:33 UTC 2026","testcases.backoffice.ListWaitingCompanyTest","Surefire test","testcases.backoffice.ListWaitingCompanyTest","listWaitingCompanyWithArrayBody"
"Inquiry Test Manual Transfer Merchant Supervisor","5714","inquiryManualTransferSupervisor","Surefire suite","Mon Sep 28 02:10:26 UTC 2026","passed","Mon Sep 28 02:10:32 UTC 2026","testcases.transfer.InquiryManualTransferTest","Surefire test","testcases.transfer.InquiryManualTransferTest","inquiryManualTransferSupervisor"
"Get List Favorite Account Dengan Header companyId Salah","2589","getListFavoriteAccountWithWrongCompanyIdHeader","Surefire suite","Mon Sep 28 04:47:24 UTC 2026","passed","Mon Sep 28 04:47:27 UTC 2026","testcases.settings.favoriteaccount.GetListFavoriteAccountTest","Surefire test","testcases.settings.favoriteaccount.GetListFavoriteAccountTest","getListFavoriteAccountWithWrongCompanyIdHeader"
"Delete Group Backoffice Menggunakan HTTP Method GET","1616","deleteGroupWithGetMethod","Surefire suite","Mon Sep 28 02:11:31 UTC 2026","passed","Mon Sep 28 02:11:33 UTC 2026","testcases.backoffice.group.DeleteGroupTest","Surefire test","testcases.backoffice.group.DeleteGroupTest","deleteGroupWithGetMethod"
"Add Currency CS Admin Path Tanpa Field rate (Field Lain Saja)","1601","addCurrencyWithMissingRateField","Surefire suite","Mon Sep 28 03:52:12 UTC 2026","passed","Mon Sep 28 03:52:13 UTC 2026","testcases.backoffice.currency.AddCurrencyTest","Surefire test","testcases.backoffice.currency.AddCurrencyTest","addCurrencyWithMissingRateField"
"Get History Special Transfer Test Admin","14048","historySpecialTransferTestAdmin","Surefire suite","Mon Sep 28 04:09:27 UTC 2026","passed","Mon Sep 28 04:09:41 UTC 2026","testcases.history.HistoryTransferTest","Surefire test","testcases.history.HistoryTransferTest","historySpecialTransferTestAdmin"
"Success Login Customer Service","5433","testLoginCS","Surefire suite","Mon Sep 28 02:09:39 UTC 2026","passed","Mon Sep 28 02:09:44 UTC 2026","testcases.auth.LoginTest","Surefire test","testcases.auth.LoginTest","testLoginCS"
"Delete Group Backoffice Dengan Token Kadaluarsa","1523","deleteGroupWithExpiredToken","Surefire suite","Mon Sep 28 02:11:27 UTC 2026","passed","Mon Sep 28 02:11:28 UTC 2026","testcases.backoffice.group.DeleteGroupTest","Surefire test","testcases.backoffice.group.DeleteGroupTest","deleteGroupWithExpiredToken"
"Delete Favorite Account Dengan Body Berupa JSON Array ([])","1527","deleteFavoriteAccountWithArrayBody","Surefire suite","Mon Sep 28 02:25:34 UTC 2026","passed","Mon Sep 28 02:25:35 UTC 2026","testcases.settings.favoriteaccount.DeleteFavoriteAccountTest","Surefire test","testcases.settings.favoriteaccount.DeleteFavoriteAccountTest","deleteFavoriteAccountWithArrayBody"
"Transfer Different Partner Reference, USDT Transfer to Transfer","50231","trfPartnerRefUSDTFailed","Surefire suite","Mon Sep 28 02:18:21 UTC 2026","passed","Mon Sep 28 02:19:12 UTC 2026","testcases.transfer.TransferTest","Surefire test","testcases.transfer.TransferTest","trfPartnerRefUSDTFailed"
"Delete Google Authenticator Menggunakan Login Customer Service","5946","deleteOtpGoogleWithCSLogin","Surefire suite","Mon Sep 28 02:18:19 UTC 2026","passed","Mon Sep 28 02:18:24 UTC 2026","testcases.backoffice.googleauth.DeleteOtpGoogleTest","Surefire test","testcases.backoffice.googleauth.DeleteOtpGoogleTest","deleteOtpGoogleWithCSLogin"
"Success Login Merchant","3336","testLoginWithCaptcha","Surefire suite","Mon Sep 28 02:10:51 UTC 2026","passed","Mon Sep 28 02:10:54 UTC 2026","testcases.auth.LoginTest","Surefire test","testcases.auth.LoginTest","testLoginWithCaptcha"
"Inquiry Favorite Account Dengan Field Tidak Dikenal pada Body","1934","inquiryFavoriteAccountWithUnknownField","Surefire suite","Mon Sep 28 02:47:48 UTC 2026","failed","Mon Sep 28 02:47:50 UTC 2026","testcases.settings.favoriteaccount.InquiryFavoriteAccountTest","Surefire test","testcases.settings.favoriteaccount.InquiryFavoriteAccountTest","inquiryFavoriteAccountWithUnknownField"
"Delete Favorite Account Dengan Content-Type text/plain","1796","deleteFavoriteAccountWithWrongContentType","Surefire suite","Mon Sep 28 02:35:32 UTC 2026","passed","Mon Sep 28 02:35:34 UTC 2026","testcases.settings.favoriteaccount.DeleteFavoriteAccountTest","Surefire test","testcases.settings.favoriteaccount.DeleteFavoriteAccountTest","deleteFavoriteAccountWithWrongContentType"
"Add Group Backoffice Tanpa Field feeBankPercent","1718","addGroupWithMissingFeeField","Surefire suite","Mon Sep 28 02:16:08 UTC 2026","passed","Mon Sep 28 02:16:10 UTC 2026","testcases.backoffice.group.AddGroupTest","Surefire test","testcases.backoffice.group.AddGroupTest","addGroupWithMissingFeeField"
"Get List Group Company BO Dengan groupName Berisi Karakter SQL Injection","4621","getListGroupCompanyWithSqlInjectionGroupName","Surefire suite","Mon Sep 28 02:12:35 UTC 2026","passed","Mon Sep 28 02:12:40 UTC 2026","testcases.backoffice.settlement.GetListGroupCompanyTest","Surefire test","testcases.backoffice.settlement.GetListGroupCompanyTest","getListGroupCompanyWithSqlInjectionGroupName"
"Add Currency CS Admin Path Dengan Token CS Admin Valid Tapi Tanpa Header powis","1596","addCurrencyWithoutPowisHeader","Surefire suite","Mon Sep 28 03:53:40 UTC 2026","passed","Mon Sep 28 03:53:42 UTC 2026","testcases.backoffice.currency.AddCurrencyTest","Surefire test","testcases.backoffice.currency.AddCurrencyTest","addCurrencyWithoutPowisHeader"
"Get List Group Backoffice Dengan Body Kosong ({})","1870","getListGroupWithEmptyBody","Surefire suite","Mon Sep 28 02:23:47 UTC 2026","failed","Mon Sep 28 02:23:49 UTC 2026","testcases.backoffice.group.GetListGroupTest","Surefire test","testcases.backoffice.group.GetListGroupTest","getListGroupWithEmptyBody"
"List Currency USDT Dengan Field Sort Merujuk ke Kolom yang Tidak Ada","1678","getCurrencyWithInvalidSortField","Surefire suite","Mon Sep 28 02:17:20 UTC 2026","passed","Mon Sep 28 02:17:22 UTC 2026","testcases.backoffice.currency.GetCurrencyTest","Surefire test","testcases.backoffice.currency.GetCurrencyTest","getCurrencyWithInvalidSortField"
"List Currency USDT Dengan Header pbyv Salah","1506","getCurrencyWithWrongPbyvHeader","Surefire suite","Mon Sep 28 02:18:52 UTC 2026","passed","Mon Sep 28 02:18:53 UTC 2026","testcases.backoffice.currency.GetCurrencyTest","Surefire test","testcases.backoffice.currency.GetCurrencyTest","getCurrencyWithWrongPbyvHeader"
"Resend Google Authenticator Dengan Body Berupa Literal null","6852","resendOtpGoogleWithNullLiteralBody","Surefire suite","Mon Sep 28 02:58:25 UTC 2026","passed","Mon Sep 28 02:58:32 UTC 2026","testcases.backoffice.googleauth.ResendOtpGoogleTest","Surefire test","testcases.backoffice.googleauth.ResendOtpGoogleTest","resendOtpGoogleWithNullLiteralBody"
"Reset Password Admin","4987","resetPasswordAdmin","Surefire suite","Mon Sep 28 02:10:44 UTC 2026","passed","Mon Sep 28 02:10:49 UTC 2026","testcases.settings.ResetPasswordTest","Surefire test","testcases.settings.ResetPasswordTest","resetPasswordAdmin"
"Transfer with Wrong Pin","53440","transferWrongPin","Surefire suite","Mon Sep 28 02:51:32 UTC 2026","failed","Mon Sep 28 02:52:26 UTC 2026","testcases.transfer.ManualTransferTest","Surefire test","testcases.transfer.ManualTransferTest","transferWrongPin"
"Inquiry Favorite Account Dengan Body Kosong ({})","2836","inquiryFavoriteAccountWithEmptyBody","Surefire suite","Mon Sep 28 02:46:46 UTC 2026","passed","Mon Sep 28 02:46:49 UTC 2026","testcases.settings.favoriteaccount.InquiryFavoriteAccountTest","Surefire test","testcases.settings.favoriteaccount.InquiryFavoriteAccountTest","inquiryFavoriteAccountWithEmptyBody"
"Get Detail Waiting Company Backoffice","8220","getDetailWaitingCompany","Surefire suite","Mon Sep 28 02:19:15 UTC 2026","failed","Mon Sep 28 02:19:24 UTC 2026","testcases.backoffice.GetDetailWaitingCompanyTest","Surefire test","testcases.backoffice.GetDetailWaitingCompanyTest","getDetailWaitingCompany"
"Normal Transfer USDT Balance Success","11355","transferBalance","Surefire suite","Mon Sep 28 02:20:12 UTC 2026","passed","Mon Sep 28 02:20:23 UTC 2026","testcases.transfer.TransferUSDTTest","Surefire test","testcases.transfer.TransferUSDTTest","transferBalance"
"Mutasi Special Transfer Supervisor CS","47518","mutasiSpecialTransferSupervisorCS","Surefire suite","Mon Sep 28 04:31:06 UTC 2026","passed","Mon Sep 28 04:31:53 UTC 2026","testcases.mutasi.MutasiTransferTest","Surefire test","testcases.mutasi.MutasiTransferTest","mutasiSpecialTransferSupervisorCS"
"Resend Google Authenticator Dengan email Sangat Panjang (10.000 karakter)","8403","resendOtpGoogleWithOverlongEmail","Surefire suite","Mon Sep 28 02:58:43 UTC 2026","passed","Mon Sep 28 02:58:52 UTC 2026","testcases.backoffice.googleauth.ResendOtpGoogleTest","Surefire test","testcases.backoffice.googleauth.ResendOtpGoogleTest","resendOtpGoogleWithOverlongEmail"
"Created Favorite Account Dengan Content-Type text/plain","1487","createdFavoriteAccountWithWrongContentType","Surefire suite","Mon Sep 28 02:50:16 UTC 2026","passed","Mon Sep 28 02:50:18 UTC 2026","testcases.settings.favoriteaccount.CreatedFavoriteAccountTest","Surefire test","testcases.settings.favoriteaccount.CreatedFavoriteAccountTest","createdFavoriteAccountWithWrongContentType"
"List Currency USDT Dengan Token Backoffice Valid Tapi Tanpa Header pbyv","1562","getCurrencyWithoutPbyvHeader","Surefire suite","Mon Sep 28 02:19:11 UTC 2026","passed","Mon Sep 28 02:19:12 UTC 2026","testcases.backoffice.currency.GetCurrencyTest","Surefire test","testcases.backoffice.currency.GetCurrencyTest","getCurrencyWithoutPbyvHeader"
"List Manage Settlement Backoffice Tanpa Body Sama Sekali","7190","listManageSettlementWithoutBody","Surefire suite","Mon Sep 28 02:49:23 UTC 2026","passed","Mon Sep 28 02:49:30 UTC 2026","testcases.backoffice.settlement.ManageSettlementTest","Surefire test","testcases.backoffice.settlement.ManageSettlementTest","listManageSettlementWithoutBody"
"Delete Group Backoffice Tanpa Login/Header Auth","1627","deleteGroupWithoutAuth","Surefire suite","Mon Sep 28 02:13:27 UTC 2026","passed","Mon Sep 28 02:13:28 UTC 2026","testcases.backoffice.group.DeleteGroupTest","Surefire test","testcases.backoffice.group.DeleteGroupTest","deleteGroupWithoutAuth"
"Add Group Backoffice Dengan Field Tidak Dikenal pada Body","1600","addGroupWithUnknownField","Surefire suite","Mon Sep 28 02:16:53 UTC 2026","passed","Mon Sep 28 02:16:55 UTC 2026","testcases.backoffice.group.AddGroupTest","Surefire test","testcases.backoffice.group.AddGroupTest","addGroupWithUnknownField"
"Delete Favorite Account Tanpa Login/Header Auth","1774","deleteFavoriteAccountWithoutAuth","Surefire suite","Mon Sep 28 02:38:12 UTC 2026","passed","Mon Sep 28 02:38:14 UTC 2026","testcases.settings.favoriteaccount.DeleteFavoriteAccountTest","Surefire test","testcases.settings.favoriteaccount.DeleteFavoriteAccountTest","deleteFavoriteAccountWithoutAuth"
"Get Notification Sender Dengan pinValidasi Berupa null","5146","getNotificationSenderWithNullPinValidasi","Surefire suite","Mon Sep 28 02:53:21 UTC 2026","passed","Mon Sep 28 02:53:27 UTC 2026","testcases.backoffice.notifsender.NotificationSenderTest","Surefire test","testcases.backoffice.notifsender.NotificationSenderTest","getNotificationSenderWithNullPinValidasi"
"Reset Password Customer Service","5360","resetPasswordCS","Surefire suite","Mon Sep 28 02:10:21 UTC 2026","passed","Mon Sep 28 02:10:27 UTC 2026","testcases.settings.ResetPasswordTest","Surefire test","testcases.settings.ResetPasswordTest","resetPasswordCS"
"Get Detail Waiting Company Backoffice Menggunakan HTTP Method DELETE","9722","getDetailWaitingCompanyWithDeleteMethod","Surefire suite","Mon Sep 28 02:19:50 UTC 2026","passed","Mon Sep 28 02:20:00 UTC 2026","testcases.backoffice.GetDetailWaitingCompanyTest","Surefire test","testcases.backoffice.GetDetailWaitingCompanyTest","getDetailWaitingCompanyWithDeleteMethod"
"Add Group Backoffice Menggunakan HTTP Method PATCH","1671","addGroupWithPatchMethod","Surefire suite","Mon Sep 28 02:16:31 UTC 2026","passed","Mon Sep 28 02:16:33 UTC 2026","testcases.backoffice.group.AddGroupTest","Surefire test","testcases.backoffice.group.AddGroupTest","addGroupWithPatchMethod"
"List Waiting Company Backoffice Dengan Ukuran Halaman Sangat Besar","5152","listWaitingCompanyWithHugeSize","Surefire suite","Mon Sep 28 02:51:03 UTC 2026","passed","Mon Sep 28 02:51:09 UTC 2026","testcases.backoffice.ListWaitingCompanyTest","Surefire test","testcases.backoffice.ListWaitingCompanyTest","listWaitingCompanyWithHugeSize"
"Refund Summary Menggunakan HTTP Method PUT","1689","getRefundWithPutMethod","Surefire suite","Mon Sep 28 02:55:33 UTC 2026","passed","Mon Sep 28 02:55:34 UTC 2026","testcases.backoffice.refund.GetRefundTest","Surefire test","testcases.backoffice.refund.GetRefundTest","getRefundWithPutMethod"
"Created Favorite Account Dengan Body Kosong ({})","4023","createdFavoriteAccountWithEmptyBody","Surefire suite","Mon Sep 28 02:49:11 UTC 2026","passed","Mon Sep 28 02:49:15 UTC 2026","testcases.settings.favoriteaccount.CreatedFavoriteAccountTest","Surefire test","testcases.settings.favoriteaccount.CreatedFavoriteAccountTest","createdFavoriteAccountWithEmptyBody"
"Refund Summary Dengan Body Kosong ({})","1876","getRefundWithEmptyBody","Surefire suite","Mon Sep 28 02:53:53 UTC 2026","passed","Mon Sep 28 02:53:55 UTC 2026","testcases.backoffice.refund.GetRefundTest","Surefire test","testcases.backoffice.refund.GetRefundTest","getRefundWithEmptyBody"
"Reset Pin CS Admin","7835","resetPinCSAdmin","Surefire suite","Mon Sep 28 02:09:45 UTC 2026","passed","Mon Sep 28 02:09:53 UTC 2026","testcases.settings.ResetPinTest","Surefire test","testcases.settings.ResetPinTest","resetPinCSAdmin"
"Add Group Backoffice Menggunakan HTTP Method GET","1651","addGroupWithGetMethod","Surefire suite","Mon Sep 28 02:15:29 UTC 2026","passed","Mon Sep 28 02:15:30 UTC 2026","testcases.backoffice.group.AddGroupTest","Surefire test","testcases.backoffice.group.AddGroupTest","addGroupWithGetMethod"
"Created Favorite Account Supervisor","11068","createdFavoriteAccountSupervisor","Surefire suite","Mon Sep 28 03:18:50 UTC 2026","failed","Mon Sep 28 03:19:01 UTC 2026","testcases.settings.favoriteaccount.CreatedFavoriteAccountTest","Surefire test","testcases.settings.favoriteaccount.CreatedFavoriteAccountTest","createdFavoriteAccountSupervisor"
"Mutasi USDT Transfer","40621","mutasiUSDTTransfer","Surefire suite","Mon Sep 28 04:34:53 UTC 2026","passed","Mon Sep 28 04:35:33 UTC 2026","testcases.mutasi.MutasiTransferTest","Surefire test","testcases.mutasi.MutasiTransferTest","mutasiUSDTTransfer"
"Get Dashboard Backoffice Menggunakan Login Customer Service","4870","getDashboardWithCSLogin","Surefire suite","Mon Sep 28 02:14:13 UTC 2026","passed","Mon Sep 28 02:14:18 UTC 2026","testcases.backoffice.GetDashboardTest","Surefire test","testcases.backoffice.GetDashboardTest","getDashboardWithCSLogin"
"Get List Google Authenticator Menggunakan Login Merchant","6244","listOtpGoogleWithMerchantLogin","Surefire suite","Mon Sep 28 02:47:59 UTC 2026","passed","Mon Sep 28 02:48:05 UTC 2026","testcases.backoffice.googleauth.ListOtpGoogleTest","Surefire test","testcases.backoffice.googleauth.ListOtpGoogleTest","listOtpGoogleWithMerchantLogin"
"List User Backoffice Dengan Karakter SQL Injection pada Field Param - Menemukan Bug Gateway Timeout","6086","listUsersWithSqlInjectionParam","Surefire suite","Mon Sep 28 03:02:34 UTC 2026","passed","Mon Sep 28 03:02:41 UTC 2026","testcases.backoffice.users.ListUsersTest","Surefire test","testcases.backoffice.users.ListUsersTest","listUsersWithSqlInjectionParam"
"Get Notification Sender Menggunakan HTTP Method DELETE","7237","getNotificationSenderWithDeleteMethod","Surefire suite","Mon Sep 28 02:50:44 UTC 2026","passed","Mon Sep 28 02:50:51 UTC 2026","testcases.backoffice.notifsender.NotificationSenderTest","Surefire test","testcases.backoffice.notifsender.NotificationSenderTest","getNotificationSenderWithDeleteMethod"
"Create Manage Settlement BO Dengan Karakter SQL Injection pada groupName","7922","addManageSettlementWithSqlInjectionGroupName","Surefire suite","Mon Sep 28 02:30:25 UTC 2026","passed","Mon Sep 28 02:30:33 UTC 2026","testcases.backoffice.settlement.AddManageSettlementTest","Surefire test","testcases.backoffice.settlement.AddManageSettlementTest","addManageSettlementWithSqlInjectionGroupName"
"Get List Group Backoffice Dengan page Negatif","1877","getListGroupWithNegativePage","Surefire suite","Mon Sep 28 02:24:48 UTC 2026","passed","Mon Sep 28 02:24:50 UTC 2026","testcases.backoffice.group.GetListGroupTest","Surefire test","testcases.backoffice.group.GetListGroupTest","getListGroupWithNegativePage"
"Delete Favorite Account Dengan Token Kadaluarsa","2851","deleteFavoriteAccountWithExpiredToken","Surefire suite","Mon Sep 28 02:28:10 UTC 2026","passed","Mon Sep 28 02:28:13 UTC 2026","testcases.settings.favoriteaccount.DeleteFavoriteAccountTest","Surefire test","testcases.settings.favoriteaccount.DeleteFavoriteAccountTest","deleteFavoriteAccountWithExpiredToken"
"List Company Backoffice Menggunakan HTTP Method GET","7143","listCompanyWithGetMethod","Surefire suite","Mon Sep 28 02:57:31 UTC 2026","passed","Mon Sep 28 02:57:38 UTC 2026","testcases.backoffice.ListCompanyTest","Surefire test","testcases.backoffice.ListCompanyTest","listCompanyWithGetMethod"
"Delete Manage Settlement BO Dengan Token Kadaluarsa","1491","deleteManageSettlementWithExpiredToken","Surefire suite","Mon Sep 28 02:23:03 UTC 2026","passed","Mon Sep 28 02:23:04 UTC 2026","testcases.backoffice.settlement.DeleteManageSettlementTest","Surefire test","testcases.backoffice.settlement.DeleteManageSettlementTest","deleteManageSettlementWithExpiredToken"
"Get Group Detail Backoffice","5191","getGroupDetail","Surefire suite","Mon Sep 28 02:26:45 UTC 2026","passed","Mon Sep 28 02:26:50 UTC 2026","testcases.backoffice.group.GetGroupTest","Surefire test","testcases.backoffice.group.GetGroupTest","getGroupDetail"
"Get History QR Supervisor","19532","historyQRTestSupervisor","Surefire suite","Mon Sep 28 03:08:41 UTC 2026","passed","Mon Sep 28 03:09:00 UTC 2026","testcases.history.HistoryQRTest","Surefire test","testcases.history.HistoryQRTest","historyQRTestSupervisor"
"List Waiting Company Backoffice Dengan Karakter SQL Injection pada Field Param","6969","listWaitingCompanyWithSqlInjectionParam","Surefire suite","Mon Sep 28 02:52:16 UTC 2026","passed","Mon Sep 28 02:52:23 UTC 2026","testcases.backoffice.ListWaitingCompanyTest","Surefire test","testcases.backoffice.ListWaitingCompanyTest","listWaitingCompanyWithSqlInjectionParam"
"Delete Google Authenticator Dengan id Valid Secara Format Tapi Tidak Ada","5969","deleteOtpGoogleWithNonExistentId","Surefire suite","Mon Sep 28 02:19:35 UTC 2026","passed","Mon Sep 28 02:19:41 UTC 2026","testcases.backoffice.googleauth.DeleteOtpGoogleTest","Surefire test","testcases.backoffice.googleauth.DeleteOtpGoogleTest","deleteOtpGoogleWithNonExistentId"
"Get User Backoffice Menggunakan Login Merchant","4770","getUserWithMerchantLogin","Surefire suite","Mon Sep 28 02:15:52 UTC 2026","passed","Mon Sep 28 02:15:57 UTC 2026","testcases.backoffice.GetDashboardTest","Surefire test","testcases.backoffice.GetDashboardTest","getUserWithMerchantLogin"
"Reset Pin Admin","5083","resetPinAdmin","Surefire suite","Mon Sep 28 02:10:36 UTC 2026","passed","Mon Sep 28 02:10:41 UTC 2026","testcases.settings.ResetPinTest","Surefire test","testcases.settings.ResetPinTest","resetPinAdmin"
"Get List Google Authenticator Dengan Field Tidak Dikenal pada Body","8099","listOtpGoogleWithUnknownField","Surefire suite","Mon Sep 28 02:49:10 UTC 2026","passed","Mon Sep 28 02:49:18 UTC 2026","testcases.backoffice.googleauth.ListOtpGoogleTest","Surefire test","testcases.backoffice.googleauth.ListOtpGoogleTest","listOtpGoogleWithUnknownField"
"Inquiry Test USDT Transfer Admin Crypto","5216","inquiryUSDTAdminCrypto","Surefire suite","Mon Sep 28 02:13:18 UTC 2026","passed","Mon Sep 28 02:13:23 UTC 2026","testcases.transfer.InquiryUSDTTest","Surefire test","testcases.transfer.InquiryUSDTTest","inquiryUSDTAdminCrypto"
"Delete Google Authenticator Dengan Token Tidak Valid","1420","deleteOtpGoogleWithInvalidToken","Surefire suite","Mon Sep 28 02:19:00 UTC 2026","passed","Mon Sep 28 02:19:02 UTC 2026","testcases.backoffice.googleauth.DeleteOtpGoogleTest","Surefire test","testcases.backoffice.googleauth.DeleteOtpGoogleTest","deleteOtpGoogleWithInvalidToken"
"Resend Google Authenticator Menggunakan HTTP Method PUT","5065","resendOtpGoogleWithPutMethod","Surefire suite","Mon Sep 28 02:59:04 UTC 2026","passed","Mon Sep 28 02:59:09 UTC 2026","testcases.backoffice.googleauth.ResendOtpGoogleTest","Surefire test","testcases.backoffice.googleauth.ResendOtpGoogleTest","resendOtpGoogleWithPutMethod"
"Get List Group Company BO Dengan groupName Berbeda Kapitalisasi","4980","getListGroupCompanyWithDifferentCaseGroupName","Surefire suite","Mon Sep 28 02:11:01 UTC 2026","passed","Mon Sep 28 02:11:06 UTC 2026","testcases.backoffice.settlement.GetListGroupCompanyTest","Surefire test","testcases.backoffice.settlement.GetListGroupCompanyTest","getListGroupCompanyWithDifferentCaseGroupName"
"Refund Summary Dengan Body Berupa Literal null","5942","getRefundWithNullLiteralBody","Surefire suite","Mon Sep 28 02:55:05 UTC 2026","passed","Mon Sep 28 02:55:11 UTC 2026","testcases.backoffice.refund.GetRefundTest","Surefire test","testcases.backoffice.refund.GetRefundTest","getRefundWithNullLiteralBody"
"Get List Group Company BO Dengan Token Tidak Valid","1660","getListGroupCompanyWithInvalidToken","Surefire suite","Mon Sep 28 02:11:22 UTC 2026","passed","Mon Sep 28 02:11:24 UTC 2026","testcases.backoffice.settlement.GetListGroupCompanyTest","Surefire test","testcases.backoffice.settlement.GetListGroupCompanyTest","getListGroupCompanyWithInvalidToken"
"Add Group Backoffice Tanpa Login/Header Auth","1517","addGroupWithoutAuth","Surefire suite","Mon Sep 28 02:17:26 UTC 2026","passed","Mon Sep 28 02:17:27 UTC 2026","testcases.backoffice.group.AddGroupTest","Surefire test","testcases.backoffice.group.AddGroupTest","addGroupWithoutAuth"
"List Refund Dengan Body Kosong ({})","6856","listRefundWithEmptyBody","Surefire suite","Mon Sep 28 03:58:25 UTC 2026","passed","Mon Sep 28 03:58:31 UTC 2026","testcases.backoffice.ListRefundTest","Surefire test","testcases.backoffice.ListRefundTest","listRefundWithEmptyBody"
"Test Get Report Transfer Company","10168","getReportTransferAdminCrypto","Surefire suite","Mon Sep 28 02:13:51 UTC 2026","passed","Mon Sep 28 02:14:01 UTC 2026","testcases.report.ReportTransferTest","Surefire test","testcases.report.ReportTransferTest","getReportTransferAdminCrypto"
"Delete Manage Settlement BO Menggunakan HTTP Method PATCH","6328","deleteManageSettlementWithPatchMethod","Surefire suite","Mon Sep 28 02:24:14 UTC 2026","passed","Mon Sep 28 02:24:21 UTC 2026","testcases.backoffice.settlement.DeleteManageSettlementTest","Surefire test","testcases.backoffice.settlement.DeleteManageSettlementTest","deleteManageSettlementWithPatchMethod"
"Resend Google Authenticator Menggunakan Login Admin","6346","resendOtpGoogleWithAdminLogin","Surefire suite","Mon Sep 28 02:55:40 UTC 2026","passed","Mon Sep 28 02:55:46 UTC 2026","testcases.backoffice.googleauth.ResendOtpGoogleTest","Surefire test","testcases.backoffice.googleauth.ResendOtpGoogleTest","resendOtpGoogleWithAdminLogin"
"Success Login Marketing","6269","testLoginMarketing","Surefire suite","Mon Sep 28 02:09:50 UTC 2026","passed","Mon Sep 28 02:09:56 UTC 2026","testcases.auth.LoginTest","Surefire test","testcases.auth.LoginTest","testLoginMarketing"
"Resend Google Authenticator Dengan Format email Tidak Valid","10541","resendOtpGoogleWithMalformedEmail","Surefire suite","Mon Sep 28 02:57:22 UTC 2026","passed","Mon Sep 28 02:57:33 UTC 2026","testcases.backoffice.googleauth.ResendOtpGoogleTest","Surefire test","testcases.backoffice.googleauth.ResendOtpGoogleTest","resendOtpGoogleWithMalformedEmail"
"Transfer Different Partner Reference, Manual Transfer to Transfer","49536","trfPartnerRefManualFailed","Surefire suite","Mon Sep 28 02:16:31 UTC 2026","passed","Mon Sep 28 02:17:20 UTC 2026","testcases.transfer.TransferTest","Surefire test","testcases.transfer.TransferTest","trfPartnerRefManualFailed"
"Delete Group Backoffice","15104","deleteGroupBO","Surefire suite","Mon Sep 28 02:10:10 UTC 2026","passed","Mon Sep 28 02:10:25 UTC 2026","testcases.backoffice.group.DeleteGroupTest","Surefire test","testcases.backoffice.group.DeleteGroupTest","deleteGroupBO"
"Delete Favorite Account Supervisor","66435","deleteFavoriteAccountSupervisor","Surefire suite","Mon Sep 28 03:25:33 UTC 2026","failed","Mon Sep 28 03:26:39 UTC 2026","testcases.settings.favoriteaccount.DeleteFavoriteAccountTest","Surefire test","testcases.settings.favoriteaccount.DeleteFavoriteAccountTest","deleteFavoriteAccountSupervisor"
"Get List Favorite Account Dengan Token Valid Tapi Tanpa Header credentialId","3657","getListFavoriteAccountWithoutCredentialIdHeader","Surefire suite","Mon Sep 28 04:47:55 UTC 2026","passed","Mon Sep 28 04:47:59 UTC 2026","testcases.settings.favoriteaccount.GetListFavoriteAccountTest","Surefire test","testcases.settings.favoriteaccount.GetListFavoriteAccountTest","getListFavoriteAccountWithoutCredentialIdHeader"
"Transfer with Wrong Pin","50155","transferWrongPin","Surefire suite","Mon Sep 28 02:11:42 UTC 2026","failed","Mon Sep 28 02:12:33 UTC 2026","testcases.transfer.SpecialTransferTest","Surefire test","testcases.transfer.SpecialTransferTest","transferWrongPin"
"Delete Manage Settlement BO Dengan id Milik Entitas Lain (Group Id)","6125","deleteManageSettlementWithForeignEntityId","Surefire suite","Mon Sep 28 02:23:07 UTC 2026","passed","Mon Sep 28 02:23:13 UTC 2026","testcases.backoffice.settlement.DeleteManageSettlementTest","Surefire test","testcases.backoffice.settlement.DeleteManageSettlementTest","deleteManageSettlementWithForeignEntityId"
"Get List Favorite Account Ke Path yang Tidak Ada (Typo)","2074","getListFavoriteAccountWithWrongPath","Surefire suite","Mon Sep 28 04:47:34 UTC 2026","passed","Mon Sep 28 04:47:36 UTC 2026","testcases.settings.favoriteaccount.GetListFavoriteAccountTest","Surefire test","testcases.settings.favoriteaccount.GetListFavoriteAccountTest","getListFavoriteAccountWithWrongPath"
"Get List Group","5309","getListGroup","Surefire suite","Mon Sep 28 02:22:43 UTC 2026","passed","Mon Sep 28 02:22:48 UTC 2026","testcases.backoffice.group.GetListGroupTest","Surefire test","testcases.backoffice.group.GetListGroupTest","getListGroup"
"Get Detail User Backoffice Dengan Token Tidak Valid","2577","getUsersWithInvalidToken","Surefire suite","Mon Sep 28 03:00:08 UTC 2026","passed","Mon Sep 28 03:00:11 UTC 2026","testcases.backoffice.users.ListUsersTest","Surefire test","testcases.backoffice.users.ListUsersTest","getUsersWithInvalidToken"
"List User Backoffice Menggunakan Login Merchant","5106","listUsersWithMerchantLogin","Surefire suite","Mon Sep 28 03:02:18 UTC 2026","passed","Mon Sep 28 03:02:23 UTC 2026","testcases.backoffice.users.ListUsersTest","Surefire test","testcases.backoffice.users.ListUsersTest","listUsersWithMerchantLogin"
"Get Group Detail Backoffice Dengan Group Id Berisi Karakter SQL Injection","12818","getGroupDetailWithSqlInjectionId","Surefire suite","Mon Sep 28 02:29:39 UTC 2026","passed","Mon Sep 28 02:29:51 UTC 2026","testcases.backoffice.group.GetGroupTest","Surefire test","testcases.backoffice.group.GetGroupTest","getGroupDetailWithSqlInjectionId"
"Get History Transfer Test CS","15078","historyTransferTestCS","Surefire suite","Mon Sep 28 04:12:49 UTC 2026","passed","Mon Sep 28 04:13:04 UTC 2026","testcases.history.HistoryTransferTest","Surefire test","testcases.history.HistoryTransferTest","historyTransferTestCS"
"Delete Favorite Account Dengan id Bertipe Angka (Bukan String)","44875","deleteFavoriteAccountWithIdAsNumber","Surefire suite","Mon Sep 28 02:29:03 UTC 2026","failed","Mon Sep 28 02:29:48 UTC 2026","testcases.settings.favoriteaccount.DeleteFavoriteAccountTest","Surefire test","testcases.settings.favoriteaccount.DeleteFavoriteAccountTest","deleteFavoriteAccountWithIdAsNumber"
"Get Dashboard User Backoffice","4813","getDashboardSuperBO","Surefire suite","Mon Sep 28 02:13:41 UTC 2026","passed","Mon Sep 28 02:13:46 UTC 2026","testcases.backoffice.GetDashboardTest","Surefire test","testcases.backoffice.GetDashboardTest","getDashboardSuperBO"
"List Waiting Company Backoffice Dengan Body Kosong ({})","5242","listWaitingCompanyWithEmptyBody","Surefire suite","Mon Sep 28 02:50:47 UTC 2026","passed","Mon Sep 28 02:50:52 UTC 2026","testcases.backoffice.ListWaitingCompanyTest","Surefire test","testcases.backoffice.ListWaitingCompanyTest","listWaitingCompanyWithEmptyBody"
"Get History USDT Transfer Test Admin","17705","historyUSDTTransferTestFeeAdmin","Surefire suite","Mon Sep 28 04:15:07 UTC 2026","passed","Mon Sep 28 04:15:25 UTC 2026","testcases.history.HistoryTransferTest","Surefire test","testcases.history.HistoryTransferTest","historyUSDTTransferTestFeeAdmin"
"List Waiting Company Backoffice Menggunakan Login Supervisor","6179","listWaitingCompanyWithSupervisorLogin","Surefire suite","Mon Sep 28 02:52:26 UTC 2026","passed","Mon Sep 28 02:52:32 UTC 2026","testcases.backoffice.ListWaitingCompanyTest","Surefire test","testcases.backoffice.ListWaitingCompanyTest","listWaitingCompanyWithSupervisorLogin"
"Add Currency CS Admin Path Dengan Body Berupa Literal null","1761","addCurrencyWithNullLiteralBody","Surefire suite","Mon Sep 28 03:52:21 UTC 2026","passed","Mon Sep 28 03:52:23 UTC 2026","testcases.backoffice.currency.AddCurrencyTest","Surefire test","testcases.backoffice.currency.AddCurrencyTest","addCurrencyWithNullLiteralBody"
"Get Notification Sender Dengan Body JSON Tidak Valid (Malformed)","6509","getNotificationSenderWithMalformedJson","Surefire suite","Mon Sep 28 02:52:25 UTC 2026","passed","Mon Sep 28 02:52:31 UTC 2026","testcases.backoffice.notifsender.NotificationSenderTest","Surefire test","testcases.backoffice.notifsender.NotificationSenderTest","getNotificationSenderWithMalformedJson"
"List Manage Settlement Backoffice Dengan Content-Type text/plain","5674","listManageSettlementWithWrongContentType","Surefire suite","Mon Sep 28 02:48:51 UTC 2026","passed","Mon Sep 28 02:48:56 UTC 2026","testcases.backoffice.settlement.ManageSettlementTest","Surefire test","testcases.backoffice.settlement.ManageSettlementTest","listManageSettlementWithWrongContentType"
"List Manage Settlement Backoffice Dengan Body Kosong ({})","5463","listManageSettlementWithEmptyBody","Surefire suite","Mon Sep 28 02:45:48 UTC 2026","passed","Mon Sep 28 02:45:54 UTC 2026","testcases.backoffice.settlement.ManageSettlementTest","Surefire test","testcases.backoffice.settlement.ManageSettlementTest","listManageSettlementWithEmptyBody"
"Inquiry Favorite Account Dengan Karakter SQL Injection pada beneficiaryAccountNo","4940","inquiryFavoriteAccountWithSqlInjectionAccountNo","Surefire suite","Mon Sep 28 02:47:40 UTC 2026","failed","Mon Sep 28 02:47:45 UTC 2026","testcases.settings.favoriteaccount.InquiryFavoriteAccountTest","Surefire test","testcases.settings.favoriteaccount.InquiryFavoriteAccountTest","inquiryFavoriteAccountWithSqlInjectionAccountNo"
"Generate QR Success with before and after Balance","16044","generateQRTestPaidBalance","Surefire suite","Mon Sep 28 02:42:48 UTC 2026","passed","Mon Sep 28 02:43:04 UTC 2026","testcases.QR.GenerateQRPaidTest","Surefire test","testcases.QR.GenerateQRPaidTest","generateQRTestPaidBalance"
"Delete Favorite Account Menggunakan HTTP Method GET","44337","deleteFavoriteAccountWithGetMethod","Surefire suite","Mon Sep 28 02:28:16 UTC 2026","failed","Mon Sep 28 02:29:00 UTC 2026","testcases.settings.favoriteaccount.DeleteFavoriteAccountTest","Surefire test","testcases.settings.favoriteaccount.DeleteFavoriteAccountTest","deleteFavoriteAccountWithGetMethod"
"Transfer with Wrong Pin","49119","transferWrongPin","Surefire suite","Mon Sep 28 02:15:39 UTC 2026","failed","Mon Sep 28 02:16:28 UTC 2026","testcases.transfer.TransferTest","Surefire test","testcases.transfer.TransferTest","transferWrongPin"
"Get Group User Backoffice","7602","getGroupSuperBO","Surefire suite","Mon Sep 28 02:14:55 UTC 2026","passed","Mon Sep 28 02:15:03 UTC 2026","testcases.backoffice.GetDashboardTest","Surefire test","testcases.backoffice.GetDashboardTest","getGroupSuperBO"
"List Refund Menggunakan Login Merchant","5474","listRefundWithMerchantLogin","Surefire suite","Mon Sep 28 03:59:32 UTC 2026","passed","Mon Sep 28 03:59:38 UTC 2026","testcases.backoffice.ListRefundTest","Surefire test","testcases.backoffice.ListRefundTest","listRefundWithMerchantLogin"
"Mutasi Transfer Balance","16709","mutasiTransferBalance","Surefire suite","Mon Sep 28 04:32:25 UTC 2026","passed","Mon Sep 28 04:32:42 UTC 2026","testcases.mutasi.MutasiTransferTest","Surefire test","testcases.mutasi.MutasiTransferTest","mutasiTransferBalance"
"Get Notification Sender Tanpa Field pinValidasi","5202","getNotificationSenderWithoutPinValidasi","Surefire suite","Mon Sep 28 02:55:14 UTC 2026","passed","Mon Sep 28 02:55:19 UTC 2026","testcases.backoffice.notifsender.NotificationSenderTest","Surefire test","testcases.backoffice.notifsender.NotificationSenderTest","getNotificationSenderWithoutPinValidasi"
"Add Group Backoffice Menggunakan HTTP Method PUT","1659","addGroupWithPutMethod","Surefire suite","Mon Sep 28 02:16:36 UTC 2026","passed","Mon Sep 28 02:16:38 UTC 2026","testcases.backoffice.group.AddGroupTest","Surefire test","testcases.backoffice.group.AddGroupTest","addGroupWithPutMethod"
"Get List Group Backoffice Dengan size 0","2718","getListGroupWithZeroSize","Surefire suite","Mon Sep 28 02:26:11 UTC 2026","passed","Mon Sep 28 02:26:14 UTC 2026","testcases.backoffice.group.GetListGroupTest","Surefire test","testcases.backoffice.group.GetListGroupTest","getListGroupWithZeroSize"
"Get List Group Company BO Menggunakan HTTP Method PUT","4761","getListGroupCompanyWithPutMethod","Surefire suite","Mon Sep 28 02:12:28 UTC 2026","passed","Mon Sep 28 02:12:32 UTC 2026","testcases.backoffice.settlement.GetListGroupCompanyTest","Surefire test","testcases.backoffice.settlement.GetListGroupCompanyTest","getListGroupCompanyWithPutMethod"
"Get List Group Company BO Tanpa Header groupName","11022","getListGroupCompanyWithoutGroupNameHeader","Surefire suite","Mon Sep 28 02:13:19 UTC 2026","passed","Mon Sep 28 02:13:30 UTC 2026","testcases.backoffice.settlement.GetListGroupCompanyTest","Surefire test","testcases.backoffice.settlement.GetListGroupCompanyTest","getListGroupCompanyWithoutGroupNameHeader"
"Inquiry Test Transfer Merchant","5178","inquiryTransfer","Surefire suite","Mon Sep 28 02:55:52 UTC 2026","passed","Mon Sep 28 02:55:57 UTC 2026","testcases.transfer.InquiryTransferTest","Surefire test","testcases.transfer.InquiryTransferTest","inquiryTransfer"
"List User Backoffice Menggunakan Login Admin Crypto","7400","listUsersWithAdminCryptoLogin","Surefire suite","Mon Sep 28 03:00:57 UTC 2026","passed","Mon Sep 28 03:01:05 UTC 2026","testcases.backoffice.users.ListUsersTest","Surefire test","testcases.backoffice.users.ListUsersTest","listUsersWithAdminCryptoLogin"
"Mutasi Manual Transfer Supervisor CS","36798","mutasiManualTransferSupervisorCS","Surefire suite","Mon Sep 28 04:25:33 UTC 2026","passed","Mon Sep 28 04:26:10 UTC 2026","testcases.mutasi.MutasiTransferTest","Surefire test","testcases.mutasi.MutasiTransferTest","mutasiManualTransferSupervisorCS"
"Get Notification Sender Menggunakan Login Merchant","6536","getNotificationSenderWithMerchantLogin","Surefire suite","Mon Sep 28 02:52:53 UTC 2026","passed","Mon Sep 28 02:53:00 UTC 2026","testcases.backoffice.notifsender.NotificationSenderTest","Surefire test","testcases.backoffice.notifsender.NotificationSenderTest","getNotificationSenderWithMerchantLogin"
"List Manage Settlement Backoffice Dengan Body Berupa JSON Array ([])","7299","listManageSettlementWithArrayBody","Surefire suite","Mon Sep 28 02:45:11 UTC 2026","passed","Mon Sep 28 02:45:18 UTC 2026","testcases.backoffice.settlement.ManageSettlementTest","Surefire test","testcases.backoffice.settlement.ManageSettlementTest","listManageSettlementWithArrayBody"
"Test Get Report RRN Dispute","5230","getReportRRNAdmin","Surefire suite","Mon Sep 28 02:11:28 UTC 2026","passed","Mon Sep 28 02:11:33 UTC 2026","testcases.report.ReportTransactionTest","Surefire test","testcases.report.ReportTransactionTest","getReportRRNAdmin"
"Get Dashboard Backoffice Menggunakan Login Merchant","4866","getDashboardWithMerchantLogin","Surefire suite","Mon Sep 28 02:14:35 UTC 2026","passed","Mon Sep 28 02:14:40 UTC 2026","testcases.backoffice.GetDashboardTest","Surefire test","testcases.backoffice.GetDashboardTest","getDashboardWithMerchantLogin"
"Add Currency CS Admin Path Menggunakan HTTP Method PATCH","1645","addCurrencyWithPatchMethod","Surefire suite","Mon Sep 28 03:52:35 UTC 2026","passed","Mon Sep 28 03:52:37 UTC 2026","testcases.backoffice.currency.AddCurrencyTest","Surefire test","testcases.backoffice.currency.AddCurrencyTest","addCurrencyWithPatchMethod"
"Normal Transfer Success","7782","transferAdminCrypto","Surefire suite","Mon Sep 28 02:13:26 UTC 2026","passed","Mon Sep 28 02:13:34 UTC 2026","testcases.transfer.TransferTest","Surefire test","testcases.transfer.TransferTest","transferAdminCrypto"
"Create Manage Settlement BO Dengan companyList Kosong ([])","6293","addManageSettlementWithEmptyCompanyList","Surefire suite","Mon Sep 28 02:27:53 UTC 2026","passed","Mon Sep 28 02:27:59 UTC 2026","testcases.backoffice.settlement.AddManageSettlementTest","Surefire test","testcases.backoffice.settlement.AddManageSettlementTest","addManageSettlementWithEmptyCompanyList"
"Get Group Backoffice Tanpa Login/Header Auth","1535","getGroupWithoutAuth","Surefire suite","Mon Sep 28 02:15:27 UTC 2026","passed","Mon Sep 28 02:15:28 UTC 2026","testcases.backoffice.GetDashboardTest","Surefire test","testcases.backoffice.GetDashboardTest","getGroupWithoutAuth"
"Get Notification Sender Dengan pinValidasi Berisi Karakter SQL Injection","4879","getNotificationSenderWithSqlInjectionPinValidasi","Surefire suite","Mon Sep 28 02:54:05 UTC 2026","passed","Mon Sep 28 02:54:10 UTC 2026","testcases.backoffice.notifsender.NotificationSenderTest","Surefire test","testcases.backoffice.notifsender.NotificationSenderTest","getNotificationSenderWithSqlInjectionPinValidasi"
"Delete Manage Settlement BO Menggunakan Login Merchant","5396","deleteManageSettlementWithMerchantLogin","Surefire suite","Mon Sep 28 02:23:44 UTC 2026","passed","Mon Sep 28 02:23:50 UTC 2026","testcases.backoffice.settlement.DeleteManageSettlementTest","Surefire test","testcases.backoffice.settlement.DeleteManageSettlementTest","deleteManageSettlementWithMerchantLogin"
"List Currency USDT Dengan Content-Type text/plain","1507","getCurrencyWithWrongContentType","Surefire suite","Mon Sep 28 02:18:42 UTC 2026","passed","Mon Sep 28 02:18:44 UTC 2026","testcases.backoffice.currency.GetCurrencyTest","Surefire test","testcases.backoffice.currency.GetCurrencyTest","getCurrencyWithWrongContentType"
"Create Manage Settlement BO Menggunakan Login Marketing","5345","addManageSettlementWithMarketingLogin","Surefire suite","Mon Sep 28 02:29:01 UTC 2026","passed","Mon Sep 28 02:29:06 UTC 2026","testcases.backoffice.settlement.AddManageSettlementTest","Surefire test","testcases.backoffice.settlement.AddManageSettlementTest","addManageSettlementWithMarketingLogin"
"Add Currency CS Admin Path Menggunakan HTTP Method GET","1994","addCurrencyWithGetMethod","Surefire suite","Mon Sep 28 03:51:28 UTC 2026","passed","Mon Sep 28 03:51:30 UTC 2026","testcases.backoffice.currency.AddCurrencyTest","Surefire test","testcases.backoffice.currency.AddCurrencyTest","addCurrencyWithGetMethod"
"Add Currency CS Admin Path Dengan Field rate Bernilai null","1612","addCurrencyWithNullRate","Surefire suite","Mon Sep 28 03:52:26 UTC 2026","passed","Mon Sep 28 03:52:28 UTC 2026","testcases.backoffice.currency.AddCurrencyTest","Surefire test","testcases.backoffice.currency.AddCurrencyTest","addCurrencyWithNullRate"
"Test Approved USDT Supervisor Tanpa URL","67719","approvedUSDTSupervisorWithoutURL","Surefire suite","Mon Sep 28 03:37:25 UTC 2026","passed","Mon Sep 28 03:38:33 UTC 2026","testcases.backoffice.ApprovalTransferTest","Surefire test","testcases.backoffice.ApprovalTransferTest","approvedUSDTSupervisorWithoutURL"
"Created Favorite Account Tanpa Field beneficiaryBankCode","1829","createdFavoriteAccountWithoutBeneficiaryBankCodeField","Surefire suite","Mon Sep 28 02:50:46 UTC 2026","passed","Mon Sep 28 02:50:48 UTC 2026","testcases.settings.favoriteaccount.CreatedFavoriteAccountTest","Surefire test","testcases.settings.favoriteaccount.CreatedFavoriteAccountTest","createdFavoriteAccountWithoutBeneficiaryBankCodeField"
"Normal Special Transfer Success","12384","transfer","Surefire suite","Mon Sep 28 02:11:27 UTC 2026","passed","Mon Sep 28 02:11:39 UTC 2026","testcases.transfer.SpecialTransferTest","Surefire test","testcases.transfer.SpecialTransferTest","transfer"
"Mutasi Transfer Supervisor","12498","mutasiTransferSupervisor","Surefire suite","Mon Sep 28 04:33:33 UTC 2026","passed","Mon Sep 28 04:33:46 UTC 2026","testcases.mutasi.MutasiTransferTest","Surefire test","testcases.mutasi.MutasiTransferTest","mutasiTransferSupervisor"
"Edit User Backoffice","5480","editUserBackoffice","Surefire suite","Mon Sep 28 02:10:02 UTC 2026","passed","Mon Sep 28 02:10:07 UTC 2026","testcases.backoffice.users.EditUserTest","Surefire test","testcases.backoffice.users.EditUserTest","editUserBackoffice"
"Inquiry Test USDT Transfer Merchant Supervisor","6084","inquiryUSDTSupervisor","Surefire suite","Mon Sep 28 02:10:05 UTC 2026","passed","Mon Sep 28 02:10:11 UTC 2026","testcases.transfer.InquiryUSDTTest","Surefire test","testcases.transfer.InquiryUSDTTest","inquiryUSDTSupervisor"
"Delete Group Backoffice Dengan Karakter SQL Injection pada id","1568","deleteGroupWithSqlInjectionId","Surefire suite","Mon Sep 28 02:12:47 UTC 2026","passed","Mon Sep 28 02:12:48 UTC 2026","testcases.backoffice.group.DeleteGroupTest","Surefire test","testcases.backoffice.group.DeleteGroupTest","deleteGroupWithSqlInjectionId"
"Get Group Detail Backoffice Tanpa Group Id (Path Kosong)","8540","getGroupDetailWithEmptyId","Surefire suite","Mon Sep 28 02:27:20 UTC 2026","passed","Mon Sep 28 02:27:28 UTC 2026","testcases.backoffice.group.GetGroupTest","Surefire test","testcases.backoffice.group.GetGroupTest","getGroupDetailWithEmptyId"
"Create Manage Settlement BO Dengan Content-Type text/plain","7905","addManageSettlementWithWrongContentType","Surefire suite","Mon Sep 28 02:30:48 UTC 2026","passed","Mon Sep 28 02:30:56 UTC 2026","testcases.backoffice.settlement.AddManageSettlementTest","Surefire test","testcases.backoffice.settlement.AddManageSettlementTest","addManageSettlementWithWrongContentType"
"Created Favorite Account Dengan Body Berupa JSON Array ([])","7540","createdFavoriteAccountWithArrayBody","Surefire suite","Mon Sep 28 02:48:55 UTC 2026","passed","Mon Sep 28 02:49:03 UTC 2026","testcases.settings.favoriteaccount.CreatedFavoriteAccountTest","Surefire test","testcases.settings.favoriteaccount.CreatedFavoriteAccountTest","createdFavoriteAccountWithArrayBody"
"Mutasi Transfer Balance CS","23448","mutasiTransferBalanceCS","Surefire suite","Mon Sep 28 04:32:45 UTC 2026","passed","Mon Sep 28 04:33:08 UTC 2026","testcases.mutasi.MutasiTransferTest","Surefire test","testcases.mutasi.MutasiTransferTest","mutasiTransferBalanceCS"
"Create Manage Settlement BO Menggunakan HTTP Method PUT","9931","addManageSettlementWithPutMethod","Surefire suite","Mon Sep 28 02:30:12 UTC 2026","passed","Mon Sep 28 02:30:22 UTC 2026","testcases.backoffice.settlement.AddManageSettlementTest","Surefire test","testcases.backoffice.settlement.AddManageSettlementTest","addManageSettlementWithPutMethod"
"List Company Backoffice Menggunakan Login Admin Crypto","4918","listCompanyWithAdminCryptoLogin","Surefire suite","Mon Sep 28 02:56:59 UTC 2026","passed","Mon Sep 28 02:57:04 UTC 2026","testcases.backoffice.ListCompanyTest","Surefire test","testcases.backoffice.ListCompanyTest","listCompanyWithAdminCryptoLogin"
"Delete Group Backoffice Menggunakan HTTP Method PUT","1774","deleteGroupWithPutMethod","Surefire suite","Mon Sep 28 02:12:42 UTC 2026","passed","Mon Sep 28 02:12:44 UTC 2026","testcases.backoffice.group.DeleteGroupTest","Surefire test","testcases.backoffice.group.DeleteGroupTest","deleteGroupWithPutMethod"
"Inquiry Test Transfer Merchant Supervisor","5481","inquiryTransferSupervisor","Surefire suite","Mon Sep 28 02:11:34 UTC 2026","passed","Mon Sep 28 02:11:40 UTC 2026","testcases.transfer.InquiryTransferTest","Surefire test","testcases.transfer.InquiryTransferTest","inquiryTransferSupervisor"
"Resend Google Authenticator","4765","resendOtpGoogleBO","Surefire suite","Mon Sep 28 02:55:22 UTC 2026","passed","Mon Sep 28 02:55:27 UTC 2026","testcases.backoffice.googleauth.ResendOtpGoogleTest","Surefire test","testcases.backoffice.googleauth.ResendOtpGoogleTest","resendOtpGoogleBO"
"Get Notification Sender Dengan Token Kadaluarsa","1546","getNotificationSenderWithExpiredToken","Surefire suite","Mon Sep 28 02:51:14 UTC 2026","passed","Mon Sep 28 02:51:15 UTC 2026","testcases.backoffice.notifsender.NotificationSenderTest","Surefire test","testcases.backoffice.notifsender.NotificationSenderTest","getNotificationSenderWithExpiredToken"
"Login Merchant dengan Captcha yang Dipakai Ulang","4722","testLoginReusedCaptcha","Surefire suite","Mon Sep 28 02:10:30 UTC 2026","passed","Mon Sep 28 02:10:35 UTC 2026","testcases.auth.LoginTest","Surefire test","testcases.auth.LoginTest","testLoginReusedCaptcha"
"List Company Backoffice Menggunakan Login Marketing","5271","listCompanyWithMarketingLogin","Surefire suite","Mon Sep 28 02:58:30 UTC 2026","passed","Mon Sep 28 02:58:35 UTC 2026","testcases.backoffice.ListCompanyTest","Surefire test","testcases.backoffice.ListCompanyTest","listCompanyWithMarketingLogin"
"Resend Google Authenticator Dengan Field Tidak Dikenal pada Body","6770","resendOtpGoogleWithUnknownField","Surefire suite","Mon Sep 28 02:59:37 UTC 2026","passed","Mon Sep 28 02:59:43 UTC 2026","testcases.backoffice.googleauth.ResendOtpGoogleTest","Surefire test","testcases.backoffice.googleauth.ResendOtpGoogleTest","resendOtpGoogleWithUnknownField"
"Resend Google Authenticator Tanpa Body Sama Sekali","7542","resendOtpGoogleWithoutBody","Surefire suite","Mon Sep 28 03:00:23 UTC 2026","passed","Mon Sep 28 03:00:31 UTC 2026","testcases.backoffice.googleauth.ResendOtpGoogleTest","Surefire test","testcases.backoffice.googleauth.ResendOtpGoogleTest","resendOtpGoogleWithoutBody"
"Create Manage Settlement BO Menggunakan Login Admin","11584","addManageSettlementWithAdminLogin","Surefire suite","Mon Sep 28 02:26:32 UTC 2026","passed","Mon Sep 28 02:26:43 UTC 2026","testcases.backoffice.settlement.AddManageSettlementTest","Surefire test","testcases.backoffice.settlement.AddManageSettlementTest","addManageSettlementWithAdminLogin"
"Mutasi Transfer Supervisor CS","21381","mutasiTransferSupervisorCS","Surefire suite","Mon Sep 28 04:34:28 UTC 2026","passed","Mon Sep 28 04:34:50 UTC 2026","testcases.mutasi.MutasiTransferTest","Surefire test","testcases.mutasi.MutasiTransferTest","mutasiTransferSupervisorCS"
"Created Favorite Account Dengan Token Tidak Valid","1766","createdFavoriteAccountWithInvalidToken","Surefire suite","Mon Sep 28 02:49:37 UTC 2026","passed","Mon Sep 28 02:49:39 UTC 2026","testcases.settings.favoriteaccount.CreatedFavoriteAccountTest","Surefire test","testcases.settings.favoriteaccount.CreatedFavoriteAccountTest","createdFavoriteAccountWithInvalidToken"
"Refund Summary Tanpa Body Sama Sekali","1517","getRefundWithoutBody","Surefire suite","Mon Sep 28 02:56:24 UTC 2026","passed","Mon Sep 28 02:56:26 UTC 2026","testcases.backoffice.refund.GetRefundTest","Surefire test","testcases.backoffice.refund.GetRefundTest","getRefundWithoutBody"
"Delete Google Authenticator Menggunakan Login Merchant","4688","deleteOtpGoogleWithMerchantLogin","Surefire suite","Mon Sep 28 02:19:27 UTC 2026","passed","Mon Sep 28 02:19:32 UTC 2026","testcases.backoffice.googleauth.DeleteOtpGoogleTest","Surefire test","testcases.backoffice.googleauth.DeleteOtpGoogleTest","deleteOtpGoogleWithMerchantLogin"
"Get Notification Sender Menggunakan Login Supervisor","4904","getNotificationSenderWithSupervisorLogin","Surefire suite","Mon Sep 28 02:54:13 UTC 2026","passed","Mon Sep 28 02:54:18 UTC 2026","testcases.backoffice.notifsender.NotificationSenderTest","Surefire test","testcases.backoffice.notifsender.NotificationSenderTest","getNotificationSenderWithSupervisorLogin"
"Check Status QR CS","21218","checkStatusQRCS","Surefire suite","Mon Sep 28 03:10:55 UTC 2026","passed","Mon Sep 28 03:11:16 UTC 2026","testcases.QR.CheckStatusQRTest","Surefire test","testcases.QR.CheckStatusQRTest","checkStatusQRCS"
"Inquiry Test Special Transfer Merchant","5512","inquirySpecialTransfer","Surefire suite","Mon Sep 28 02:19:15 UTC 2026","passed","Mon Sep 28 02:19:20 UTC 2026","testcases.transfer.InquirySpecialTransferTest","Surefire test","testcases.transfer.InquirySpecialTransferTest","inquirySpecialTransfer"
"Mutasi Special Transfer","40706","mutasiSpecialTransfer","Surefire suite","Mon Sep 28 04:26:13 UTC 2026","passed","Mon Sep 28 04:26:54 UTC 2026","testcases.mutasi.MutasiTransferTest","Surefire test","testcases.mutasi.MutasiTransferTest","mutasiSpecialTransfer"
"Add Group Backoffice Dengan flagLock Bertipe String","1630","addGroupWithFlagLockAsString","Surefire suite","Mon Sep 28 02:15:24 UTC 2026","passed","Mon Sep 28 02:15:26 UTC 2026","testcases.backoffice.group.AddGroupTest","Surefire test","testcases.backoffice.group.AddGroupTest","addGroupWithFlagLockAsString"
"Get Notification Sender Dengan Ukuran Halaman Sangat Besar","20359","getNotificationSenderWithHugeSize","Surefire suite","Mon Sep 28 02:51:30 UTC 2026","passed","Mon Sep 28 02:51:51 UTC 2026","testcases.backoffice.notifsender.NotificationSenderTest","Surefire test","testcases.backoffice.notifsender.NotificationSenderTest","getNotificationSenderWithHugeSize"
"Get List Group Backoffice Dengan size Bertipe String","1566","getListGroupWithSizeAsString","Surefire suite","Mon Sep 28 02:25:26 UTC 2026","passed","Mon Sep 28 02:25:27 UTC 2026","testcases.backoffice.group.GetListGroupTest","Surefire test","testcases.backoffice.group.GetListGroupTest","getListGroupWithSizeAsString"
"Normal Manual Transfer Success with Account Supervisor","11163","manualTransferSupervisor","Surefire suite","Mon Sep 28 02:11:20 UTC 2026","passed","Mon Sep 28 02:11:31 UTC 2026","testcases.transfer.ManualTransferTest","Surefire test","testcases.transfer.ManualTransferTest","manualTransferSupervisor"
"Get Balance Merchant with Login Marketing","5086","getFailedBalanceMerchantLoginMarketing","Surefire suite","Mon Sep 28 02:10:12 UTC 2026","passed","Mon Sep 28 02:10:17 UTC 2026","testcases.balance.GetBalanceQrisTest","Surefire test","testcases.balance.GetBalanceQrisTest","getFailedBalanceMerchantLoginMarketing"
"Add Group Backoffice Menggunakan Login Admin","4969","addGroupWithAdminLogin","Surefire suite","Mon Sep 28 02:14:06 UTC 2026","passed","Mon Sep 28 02:14:11 UTC 2026","testcases.backoffice.group.AddGroupTest","Surefire test","testcases.backoffice.group.AddGroupTest","addGroupWithAdminLogin"
"Refund Summary Menggunakan Login Marketing","5199","getRefundWithMarketingLogin","Surefire suite","Mon Sep 28 02:54:49 UTC 2026","passed","Mon Sep 28 02:54:54 UTC 2026","testcases.backoffice.refund.GetRefundTest","Surefire test","testcases.backoffice.refund.GetRefundTest","getRefundWithMarketingLogin"
"List Manage Settlement Backoffice Dengan Field Tidak Dikenal pada Body","11989","listManageSettlementWithUnknownField","Surefire suite","Mon Sep 28 02:48:36 UTC 2026","passed","Mon Sep 28 02:48:48 UTC 2026","testcases.backoffice.settlement.ManageSettlementTest","Surefire test","testcases.backoffice.settlement.ManageSettlementTest","listManageSettlementWithUnknownField"
"Delete Favorite Account Dengan id String Kosong","44795","deleteFavoriteAccountWithEmptyId","Surefire suite","Mon Sep 28 02:26:31 UTC 2026","failed","Mon Sep 28 02:27:16 UTC 2026","testcases.settings.favoriteaccount.DeleteFavoriteAccountTest","Surefire test","testcases.settings.favoriteaccount.DeleteFavoriteAccountTest","deleteFavoriteAccountWithEmptyId"
"Get List Google Authenticator Menggunakan HTTP Method PUT","6382","listOtpGoogleWithPutMethod","Surefire suite","Mon Sep 28 02:48:40 UTC 2026","passed","Mon Sep 28 02:48:47 UTC 2026","testcases.backoffice.googleauth.ListOtpGoogleTest","Surefire test","testcases.backoffice.googleauth.ListOtpGoogleTest","listOtpGoogleWithPutMethod"
"Delete Google Authenticator Menggunakan Login Marketing","4879","deleteOtpGoogleWithMarketingLogin","Surefire suite","Mon Sep 28 02:19:20 UTC 2026","passed","Mon Sep 28 02:19:24 UTC 2026","testcases.backoffice.googleauth.DeleteOtpGoogleTest","Surefire test","testcases.backoffice.googleauth.DeleteOtpGoogleTest","deleteOtpGoogleWithMarketingLogin"
"List User Backoffice Tanpa Body Sama Sekali","6390","listUsersWithoutBody","Surefire suite","Mon Sep 28 03:03:00 UTC 2026","passed","Mon Sep 28 03:03:06 UTC 2026","testcases.backoffice.users.ListUsersTest","Surefire test","testcases.backoffice.users.ListUsersTest","listUsersWithoutBody"
"Transfer Different Partner Reference, Manual Transfer to USDT Transfer","49918","trfPartnerRefManualFailed","Surefire suite","Mon Sep 28 02:21:22 UTC 2026","passed","Mon Sep 28 02:22:12 UTC 2026","testcases.transfer.TransferUSDTTest","Surefire test","testcases.transfer.TransferUSDTTest","trfPartnerRefManualFailed"
"Get History Manual Transfer Supervisor on Login CS Admin","13729","historyManualTransferSupervisorTestCSAdmin","Surefire suite","Mon Sep 28 04:06:17 UTC 2026","passed","Mon Sep 28 04:06:30 UTC 2026","testcases.history.HistoryTransferTest","Surefire test","testcases.history.HistoryTransferTest","historyManualTransferSupervisorTestCSAdmin"
"Delete Group Backoffice Menggunakan Login Customer Service","4795","deleteGroupWithCSLogin","Surefire suite","Mon Sep 28 02:11:00 UTC 2026","passed","Mon Sep 28 02:11:05 UTC 2026","testcases.backoffice.group.DeleteGroupTest","Surefire test","testcases.backoffice.group.DeleteGroupTest","deleteGroupWithCSLogin"
"Refund Summary Dengan Token Kadaluarsa","2301","getRefundWithExpiredToken","Surefire suite","Mon Sep 28 02:54:03 UTC 2026","passed","Mon Sep 28 02:54:05 UTC 2026","testcases.backoffice.refund.GetRefundTest","Surefire test","testcases.backoffice.refund.GetRefundTest","getRefundWithExpiredToken"
"Inquiry Test Special Transfer Admin Crypto","5407","inquirySpecialTransferAdminCrypto","Surefire suite","Mon Sep 28 02:13:01 UTC 2026","passed","Mon Sep 28 02:13:06 UTC 2026","testcases.transfer.InquirySpecialTransferTest","Surefire test","testcases.transfer.InquirySpecialTransferTest","inquirySpecialTransferAdminCrypto"
"Edit Company Cs Admin","6315","editCompanyCsAdmin","Surefire suite","Mon Sep 28 02:10:25 UTC 2026","passed","Mon Sep 28 02:10:31 UTC 2026","testcases.backoffice.users.EditUserTest","Surefire test","testcases.backoffice.users.EditUserTest","editCompanyCsAdmin"
"List Manage Settlement Backoffice Dengan Token Kadaluarsa","2760","listManageSettlementWithExpiredToken","Surefire suite","Mon Sep 28 02:45:57 UTC 2026","passed","Mon Sep 28 02:45:59 UTC 2026","testcases.backoffice.settlement.ManageSettlementTest","Surefire test","testcases.backoffice.settlement.ManageSettlementTest","listManageSettlementWithExpiredToken"
"Delete Favorite Account Dengan id Sangat Panjang","49000","deleteFavoriteAccountWithVeryLongId","Surefire suite","Mon Sep 28 02:33:49 UTC 2026","failed","Mon Sep 28 02:34:38 UTC 2026","testcases.settings.favoriteaccount.DeleteFavoriteAccountTest","Surefire test","testcases.settings.favoriteaccount.DeleteFavoriteAccountTest","deleteFavoriteAccountWithVeryLongId"
"Delete Google Authenticator Menggunakan Login Supervisor","6661","deleteOtpGoogleWithSupervisorLogin","Surefire suite","Mon Sep 28 02:20:28 UTC 2026","passed","Mon Sep 28 02:20:35 UTC 2026","testcases.backoffice.googleauth.DeleteOtpGoogleTest","Surefire test","testcases.backoffice.googleauth.DeleteOtpGoogleTest","deleteOtpGoogleWithSupervisorLogin"
"List Refund Dengan Field Sort Merujuk ke Kolom yang Tidak Ada","6587","listRefundWithInvalidSortField","Surefire suite","Mon Sep 28 03:59:00 UTC 2026","passed","Mon Sep 28 03:59:07 UTC 2026","testcases.backoffice.ListRefundTest","Surefire test","testcases.backoffice.ListRefundTest","listRefundWithInvalidSortField"
"Get Detail Waiting Company Backoffice Dengan Id Berisi Karakter SQL Injection","6846","getDetailWaitingCompanyWithSqlInjectionId","Surefire suite","Mon Sep 28 02:21:56 UTC 2026","passed","Mon Sep 28 02:22:03 UTC 2026","testcases.backoffice.GetDetailWaitingCompanyTest","Surefire test","testcases.backoffice.GetDetailWaitingCompanyTest","getDetailWaitingCompanyWithSqlInjectionId"
"Get List Google Authenticator Menggunakan HTTP Method GET","6410","listOtpGoogleWithGetMethod","Surefire suite","Mon Sep 28 02:46:37 UTC 2026","passed","Mon Sep 28 02:46:44 UTC 2026","testcases.backoffice.googleauth.ListOtpGoogleTest","Surefire test","testcases.backoffice.googleauth.ListOtpGoogleTest","listOtpGoogleWithGetMethod"
"Inquiry Favorite Account Dengan beneficiaryAccountNo Tidak Pernah Ada","2845","inquiryFavoriteAccountWithNonExistentBeneficiaryAccountNo","Surefire suite","Mon Sep 28 02:47:18 UTC 2026","passed","Mon Sep 28 02:47:21 UTC 2026","testcases.settings.favoriteaccount.InquiryFavoriteAccountTest","Surefire test","testcases.settings.favoriteaccount.InquiryFavoriteAccountTest","inquiryFavoriteAccountWithNonExistentBeneficiaryAccountNo"
"List Manage Settlement Backoffice Menggunakan HTTP Method GET","9005","listManageSettlementWithGetMethod","Surefire suite","Mon Sep 28 02:46:02 UTC 2026","passed","Mon Sep 28 02:46:11 UTC 2026","testcases.backoffice.settlement.ManageSettlementTest","Surefire test","testcases.backoffice.settlement.ManageSettlementTest","listManageSettlementWithGetMethod"
"Delete Favorite Account Menggunakan HTTP Method PUT","51593","deleteFavoriteAccountWithPutMethod","Surefire suite","Mon Sep 28 02:31:54 UTC 2026","failed","Mon Sep 28 02:32:46 UTC 2026","testcases.settings.favoriteaccount.DeleteFavoriteAccountTest","Surefire test","testcases.settings.favoriteaccount.DeleteFavoriteAccountTest","deleteFavoriteAccountWithPutMethod"
"Created Favorite Account Menggunakan HTTP Method GET","1884","createdFavoriteAccountWithGetMethod","Surefire suite","Mon Sep 28 02:49:33 UTC 2026","passed","Mon Sep 28 02:49:34 UTC 2026","testcases.settings.favoriteaccount.CreatedFavoriteAccountTest","Surefire test","testcases.settings.favoriteaccount.CreatedFavoriteAccountTest","createdFavoriteAccountWithGetMethod"
"List Company Backoffice Dengan Field Sort Merujuk ke Kolom yang Tidak Ada","5959","listCompanyWithInvalidSortField","Surefire suite","Mon Sep 28 02:57:59 UTC 2026","passed","Mon Sep 28 02:58:05 UTC 2026","testcases.backoffice.ListCompanyTest","Surefire test","testcases.backoffice.ListCompanyTest","listCompanyWithInvalidSortField"
"Resend Google Authenticator Dengan Header Authorization Tanpa Skema Bearer","3347","resendOtpGoogleWithMalformedAuthorizationHeader","Surefire suite","Mon Sep 28 02:57:16 UTC 2026","passed","Mon Sep 28 02:57:19 UTC 2026","testcases.backoffice.googleauth.ResendOtpGoogleTest","Surefire test","testcases.backoffice.googleauth.ResendOtpGoogleTest","resendOtpGoogleWithMalformedAuthorizationHeader"
"Login Merchant dengan Username Tidak Terdaftar","3114","testLoginNonExistentUsername","Surefire suite","Mon Sep 28 02:10:24 UTC 2026","passed","Mon Sep 28 02:10:27 UTC 2026","testcases.auth.LoginTest","Surefire test","testcases.auth.LoginTest","testLoginNonExistentUsername"
"Get List Group Backoffice Tanpa Field page","2723","getListGroupWithoutPageField","Surefire suite","Mon Sep 28 02:26:26 UTC 2026","passed","Mon Sep 28 02:26:29 UTC 2026","testcases.backoffice.group.GetListGroupTest","Surefire test","testcases.backoffice.group.GetListGroupTest","getListGroupWithoutPageField"
"Resend Google Authenticator Menggunakan Login Customer Service","9998","resendOtpGoogleWithCSLogin","Surefire suite","Mon Sep 28 02:56:09 UTC 2026","passed","Mon Sep 28 02:56:19 UTC 2026","testcases.backoffice.googleauth.ResendOtpGoogleTest","Surefire test","testcases.backoffice.googleauth.ResendOtpGoogleTest","resendOtpGoogleWithCSLogin"
"Inquiry Favorite Account Dengan Header Authorization Tanpa Skema Bearer","1564","inquiryFavoriteAccountWithMalformedAuthorizationHeader","Surefire suite","Mon Sep 28 02:47:08 UTC 2026","passed","Mon Sep 28 02:47:10 UTC 2026","testcases.settings.favoriteaccount.InquiryFavoriteAccountTest","Surefire test","testcases.settings.favoriteaccount.InquiryFavoriteAccountTest","inquiryFavoriteAccountWithMalformedAuthorizationHeader"
"Create Manage Settlement BO Menggunakan Login CS Admin","9789","addManageSettlementWithCSAdminLogin","Surefire suite","Mon Sep 28 02:26:56 UTC 2026","passed","Mon Sep 28 02:27:06 UTC 2026","testcases.backoffice.settlement.AddManageSettlementTest","Surefire test","testcases.backoffice.settlement.AddManageSettlementTest","addManageSettlementWithCSAdminLogin"
"Get List Group Backoffice Menggunakan HTTP Method DELETE","2629","getListGroupWithDeleteMethod","Surefire suite","Mon Sep 28 02:23:41 UTC 2026","passed","Mon Sep 28 02:23:44 UTC 2026","testcases.backoffice.group.GetListGroupTest","Surefire test","testcases.backoffice.group.GetListGroupTest","getListGroupWithDeleteMethod"
"Created Favorite Account Customer Service","13028","createdFavoriteAccountCS","Surefire suite","Mon Sep 28 03:18:34 UTC 2026","failed","Mon Sep 28 03:18:47 UTC 2026","testcases.settings.favoriteaccount.CreatedFavoriteAccountTest","Surefire test","testcases.settings.favoriteaccount.CreatedFavoriteAccountTest","createdFavoriteAccountCS"
"Delete Manage Settlement BO","10710","deleteManageSettlementBO","Surefire suite","Mon Sep 28 02:21:30 UTC 2026","passed","Mon Sep 28 02:21:41 UTC 2026","testcases.backoffice.settlement.DeleteManageSettlementTest","Surefire test","testcases.backoffice.settlement.DeleteManageSettlementTest","deleteManageSettlementBO"
"Add Currency CS Admin Path Menggunakan HTTP Method PUT","3016","addCurrencyWithPutMethod","Surefire suite","Mon Sep 28 03:52:40 UTC 2026","passed","Mon Sep 28 03:52:43 UTC 2026","testcases.backoffice.currency.AddCurrencyTest","Surefire test","testcases.backoffice.currency.AddCurrencyTest","addCurrencyWithPutMethod"
"Created Favorite Account Menggunakan HTTP Method PATCH","1567","createdFavoriteAccountWithPatchMethod","Surefire suite","Mon Sep 28 02:49:57 UTC 2026","passed","Mon Sep 28 02:49:59 UTC 2026","testcases.settings.favoriteaccount.CreatedFavoriteAccountTest","Surefire test","testcases.settings.favoriteaccount.CreatedFavoriteAccountTest","createdFavoriteAccountWithPatchMethod"
"Get Notification Sender Dengan Token Tidak Valid","1472","getNotificationSenderWithInvalidToken","Surefire suite","Mon Sep 28 02:52:16 UTC 2026","passed","Mon Sep 28 02:52:17 UTC 2026","testcases.backoffice.notifsender.NotificationSenderTest","Surefire test","testcases.backoffice.notifsender.NotificationSenderTest","getNotificationSenderWithInvalidToken"
"Add Group Backoffice Dengan Nama Sama Namun Beda Kapitalisasi","3320","addGroupWithDuplicateNameDifferentCase","Surefire suite","Mon Sep 28 02:14:42 UTC 2026","passed","Mon Sep 28 02:14:45 UTC 2026","testcases.backoffice.group.AddGroupTest","Surefire test","testcases.backoffice.group.AddGroupTest","addGroupWithDuplicateNameDifferentCase"
"Get Group Detail Backoffice Menggunakan HTTP Method PUT","10969","getGroupDetailWithPutMethod","Surefire suite","Mon Sep 28 02:29:25 UTC 2026","passed","Mon Sep 28 02:29:36 UTC 2026","testcases.backoffice.group.GetGroupTest","Surefire test","testcases.backoffice.group.GetGroupTest","getGroupDetailWithPutMethod"
"Resend Google Authenticator Dengan Content-Type text/plain","5137","resendOtpGoogleWithWrongContentType","Surefire suite","Mon Sep 28 02:59:46 UTC 2026","passed","Mon Sep 28 02:59:52 UTC 2026","testcases.backoffice.googleauth.ResendOtpGoogleTest","Surefire test","testcases.backoffice.googleauth.ResendOtpGoogleTest","resendOtpGoogleWithWrongContentType"
"Delete Manage Settlement BO Menggunakan Login Admin","6882","deleteManageSettlementWithAdminLogin","Surefire suite","Mon Sep 28 02:21:53 UTC 2026","passed","Mon Sep 28 02:22:00 UTC 2026","testcases.backoffice.settlement.DeleteManageSettlementTest","Surefire test","testcases.backoffice.settlement.DeleteManageSettlementTest","deleteManageSettlementWithAdminLogin"
"Delete Group Backoffice Menggunakan Login Supervisor","4918","deleteGroupWithSupervisorLogin","Surefire suite","Mon Sep 28 02:12:51 UTC 2026","passed","Mon Sep 28 02:12:56 UTC 2026","testcases.backoffice.group.DeleteGroupTest","Surefire test","testcases.backoffice.group.DeleteGroupTest","deleteGroupWithSupervisorLogin"
"Get History Manual Transfer Test Admin Crypto","14878","historyManualTransferTestAdminCrypto","Surefire suite","Mon Sep 28 04:07:07 UTC 2026","passed","Mon Sep 28 04:07:22 UTC 2026","testcases.history.HistoryTransferTest","Surefire test","testcases.history.HistoryTransferTest","historyManualTransferTestAdminCrypto"
"Get Dashboard Backoffice Menggunakan Login Admin","5536","getDashboardWithAdminLogin","Surefire suite","Mon Sep 28 02:13:57 UTC 2026","passed","Mon Sep 28 02:14:02 UTC 2026","testcases.backoffice.GetDashboardTest","Surefire test","testcases.backoffice.GetDashboardTest","getDashboardWithAdminLogin"
"Add Whitelist Ip User CS Admin","7825","addWhitelistIpUserCsAdmin","Surefire suite","Mon Sep 28 02:10:04 UTC 2026","passed","Mon Sep 28 02:10:12 UTC 2026","testcases.backoffice.users.EditUserTest","Surefire test","testcases.backoffice.users.EditUserTest","addWhitelistIpUserCsAdmin"
"Get Notification Sender Dengan Body Berupa JSON Array ([])","5278","getNotificationSenderWithArrayBody","Surefire suite","Mon Sep 28 02:50:18 UTC 2026","passed","Mon Sep 28 02:50:24 UTC 2026","testcases.backoffice.notifsender.NotificationSenderTest","Surefire test","testcases.backoffice.notifsender.NotificationSenderTest","getNotificationSenderWithArrayBody"
"Delete Google Authenticator Dengan Format id Tidak Valid (Bukan ObjectId)","6917","deleteOtpGoogleWithMalformedId","Surefire suite","Mon Sep 28 02:19:10 UTC 2026","passed","Mon Sep 28 02:19:17 UTC 2026","testcases.backoffice.googleauth.DeleteOtpGoogleTest","Surefire test","testcases.backoffice.googleauth.DeleteOtpGoogleTest","deleteOtpGoogleWithMalformedId"
"List Currency USDT Dengan Field Tidak Dikenal pada Body","1775","getCurrencyWithUnknownField","Surefire suite","Mon Sep 28 02:18:37 UTC 2026","passed","Mon Sep 28 02:18:39 UTC 2026","testcases.backoffice.currency.GetCurrencyTest","Surefire test","testcases.backoffice.currency.GetCurrencyTest","getCurrencyWithUnknownField"
"Reset Pin Admin Crypto","4977","resetPinAdminCrypto","Surefire suite","Mon Sep 28 02:10:39 UTC 2026","passed","Mon Sep 28 02:10:44 UTC 2026","testcases.settings.ResetPinTest","Surefire test","testcases.settings.ResetPinTest","resetPinAdminCrypto"
"Create Manage Settlement BO Tanpa Field companyList","6707","addManageSettlementWithoutCompanyList","Surefire suite","Mon Sep 28 02:31:42 UTC 2026","passed","Mon Sep 28 02:31:49 UTC 2026","testcases.backoffice.settlement.AddManageSettlementTest","Surefire test","testcases.backoffice.settlement.AddManageSettlementTest","addManageSettlementWithoutCompanyList"
"List Company Backoffice Dengan Ukuran Halaman Sangat Besar","7278","listCompanyWithHugeSize","Surefire suite","Mon Sep 28 02:57:41 UTC 2026","passed","Mon Sep 28 02:57:48 UTC 2026","testcases.backoffice.ListCompanyTest","Surefire test","testcases.backoffice.ListCompanyTest","listCompanyWithHugeSize"
"List Waiting Company Backoffice Menggunakan Login Marketing","8251","listWaitingCompanyWithMarketingLogin","Surefire suite","Mon Sep 28 02:51:46 UTC 2026","passed","Mon Sep 28 02:51:55 UTC 2026","testcases.backoffice.ListWaitingCompanyTest","Surefire test","testcases.backoffice.ListWaitingCompanyTest","listWaitingCompanyWithMarketingLogin"
"Get Notification Sender Tanpa Body Sama Sekali","5928","getNotificationSenderWithoutBody","Surefire suite","Mon Sep 28 02:54:58 UTC 2026","passed","Mon Sep 28 02:55:04 UTC 2026","testcases.backoffice.notifsender.NotificationSenderTest","Surefire test","testcases.backoffice.notifsender.NotificationSenderTest","getNotificationSenderWithoutBody"
"Inquiry Favorite Account Ke Path yang Tidak Ada (Typo)","2627","inquiryFavoriteAccountWithWrongPath","Surefire suite","Mon Sep 28 02:48:09 UTC 2026","failed","Mon Sep 28 02:48:12 UTC 2026","testcases.settings.favoriteaccount.InquiryFavoriteAccountTest","Surefire test","testcases.settings.favoriteaccount.InquiryFavoriteAccountTest","inquiryFavoriteAccountWithWrongPath"
"Get List Favorite Account Dengan page Negatif","2839","getListFavoriteAccountWithNegativePage","Surefire suite","Mon Sep 28 04:46:34 UTC 2026","passed","Mon Sep 28 04:46:37 UTC 2026","testcases.settings.favoriteaccount.GetListFavoriteAccountTest","Surefire test","testcases.settings.favoriteaccount.GetListFavoriteAccountTest","getListFavoriteAccountWithNegativePage"
"Add Currency CS Admin Path Dengan rate Berupa String Non-Numerik","1840","addCurrencyWithStringRate","Surefire suite","Mon Sep 28 03:52:51 UTC 2026","passed","Mon Sep 28 03:52:53 UTC 2026","testcases.backoffice.currency.AddCurrencyTest","Surefire test","testcases.backoffice.currency.AddCurrencyTest","addCurrencyWithStringRate"
"Add Currency CS Admin Path Menggunakan Login Customer Service","10645","addCurrencyWithCSLogin","Surefire suite","Mon Sep 28 03:50:37 UTC 2026","passed","Mon Sep 28 03:50:48 UTC 2026","testcases.backoffice.currency.AddCurrencyTest","Surefire test","testcases.backoffice.currency.AddCurrencyTest","addCurrencyWithCSLogin"
"Delete Favorite Account Dengan Field Tidak Dikenal pada Body","2983","deleteFavoriteAccountWithUnknownField","Surefire suite","Mon Sep 28 02:33:43 UTC 2026","failed","Mon Sep 28 02:33:46 UTC 2026","testcases.settings.favoriteaccount.DeleteFavoriteAccountTest","Surefire test","testcases.settings.favoriteaccount.DeleteFavoriteAccountTest","deleteFavoriteAccountWithUnknownField"
"Get User Marketing Backoffice","5006","getUserSuperBO","Surefire suite","Mon Sep 28 02:15:31 UTC 2026","passed","Mon Sep 28 02:15:36 UTC 2026","testcases.backoffice.GetDashboardTest","Surefire test","testcases.backoffice.GetDashboardTest","getUserSuperBO"
"Get List Favorite Account Tanpa Body Sama Sekali","1465","getListFavoriteAccountWithoutBody","Surefire suite","Mon Sep 28 04:47:51 UTC 2026","passed","Mon Sep 28 04:47:52 UTC 2026","testcases.settings.favoriteaccount.GetListFavoriteAccountTest","Surefire test","testcases.settings.favoriteaccount.GetListFavoriteAccountTest","getListFavoriteAccountWithoutBody"
"Inquiry Test Transfer Admin Crypto","5375","inquiryTransferAdminCrypto","Surefire suite","Mon Sep 28 02:11:21 UTC 2026","passed","Mon Sep 28 02:11:26 UTC 2026","testcases.transfer.InquiryTransferTest","Surefire test","testcases.transfer.InquiryTransferTest","inquiryTransferAdminCrypto"
"Resend Google Authenticator Dengan email Berisi Karakter SQL Injection","8218","resendOtpGoogleWithSqlInjectionEmail","Surefire suite","Mon Sep 28 02:59:12 UTC 2026","passed","Mon Sep 28 02:59:20 UTC 2026","testcases.backoffice.googleauth.ResendOtpGoogleTest","Surefire test","testcases.backoffice.googleauth.ResendOtpGoogleTest","resendOtpGoogleWithSqlInjectionEmail"
"List Refund Menggunakan Login Supervisor","6822","listRefundWithSupervisorLogin","Surefire suite","Mon Sep 28 03:59:58 UTC 2026","passed","Mon Sep 28 04:00:04 UTC 2026","testcases.backoffice.ListRefundTest","Surefire test","testcases.backoffice.ListRefundTest","listRefundWithSupervisorLogin"
"List Currency USDT Menggunakan Login Marketing","4906","getCurrencyWithMarketingLogin","Surefire suite","Mon Sep 28 02:17:46 UTC 2026","passed","Mon Sep 28 02:17:51 UTC 2026","testcases.backoffice.currency.GetCurrencyTest","Surefire test","testcases.backoffice.currency.GetCurrencyTest","getCurrencyWithMarketingLogin"
"Reset Pin Merchant","6976","resetPinMerchant","Surefire suite","Mon Sep 28 02:51:05 UTC 2026","passed","Mon Sep 28 02:51:12 UTC 2026","testcases.settings.ResetPinTest","Surefire test","testcases.settings.ResetPinTest","resetPinMerchant"
"List User Backoffice","7094","listUsersBO","Surefire suite","Mon Sep 28 03:00:47 UTC 2026","passed","Mon Sep 28 03:00:54 UTC 2026","testcases.backoffice.users.ListUsersTest","Surefire test","testcases.backoffice.users.ListUsersTest","listUsersBO"
"Refund Summary Menggunakan Login Admin Crypto","5502","getRefundWithAdminCryptoLogin","Surefire suite","Mon Sep 28 02:53:04 UTC 2026","passed","Mon Sep 28 02:53:09 UTC 2026","testcases.backoffice.refund.GetRefundTest","Surefire test","testcases.backoffice.refund.GetRefundTest","getRefundWithAdminCryptoLogin"
"Delete session Merchant on CS Admin","6833","deleteSessionCsAdmin","Surefire suite","Mon Sep 28 02:10:15 UTC 2026","broken","Mon Sep 28 02:10:22 UTC 2026","testcases.backoffice.users.EditUserTest","Surefire test","testcases.backoffice.users.EditUserTest","deleteSessionCsAdmin"
"List Waiting Company Backoffice","7800","getListWaitingCompany","Surefire suite","Mon Sep 28 02:50:04 UTC 2026","passed","Mon Sep 28 02:50:12 UTC 2026","testcases.backoffice.ListWaitingCompanyTest","Surefire test","testcases.backoffice.ListWaitingCompanyTest","getListWaitingCompany"
"Get Group Detail Backoffice Menggunakan Login Merchant","8157","getGroupDetailWithMerchantLogin","Surefire suite","Mon Sep 28 02:28:29 UTC 2026","passed","Mon Sep 28 02:28:37 UTC 2026","testcases.backoffice.group.GetGroupTest","Surefire test","testcases.backoffice.group.GetGroupTest","getGroupDetailWithMerchantLogin"
"List User Backoffice Menggunakan Login CS Admin","5021","listUsersWithCSAdminLogin","Surefire suite","Mon Sep 28 03:01:08 UTC 2026","passed","Mon Sep 28 03:01:13 UTC 2026","testcases.backoffice.users.ListUsersTest","Surefire test","testcases.backoffice.users.ListUsersTest","listUsersWithCSAdminLogin"
"Get Group Detail Backoffice Dengan Token Tidak Valid","1614","getGroupDetailWithInvalidToken","Surefire suite","Mon Sep 28 02:28:00 UTC 2026","passed","Mon Sep 28 02:28:02 UTC 2026","testcases.backoffice.group.GetGroupTest","Surefire test","testcases.backoffice.group.GetGroupTest","getGroupDetailWithInvalidToken"
"Wrong Password Login Merchant","3281","testLoginWrongPassword","Surefire suite","Mon Sep 28 02:11:03 UTC 2026","passed","Mon Sep 28 02:11:07 UTC 2026","testcases.auth.LoginTest","Surefire test","testcases.auth.LoginTest","testLoginWrongPassword"
"List Waiting Company Backoffice Dengan Body JSON Tidak Valid (Malformed)","4986","listWaitingCompanyWithMalformedJson","Surefire suite","Mon Sep 28 02:51:39 UTC 2026","passed","Mon Sep 28 02:51:43 UTC 2026","testcases.backoffice.ListWaitingCompanyTest","Surefire test","testcases.backoffice.ListWaitingCompanyTest","listWaitingCompanyWithMalformedJson"
"Login Backoffice dengan Password Salah","4818","testLoginBackofficeWrongPassword","Surefire suite","Mon Sep 28 02:44:41 UTC 2026","passed","Mon Sep 28 02:44:45 UTC 2026","testcases.auth.LoginTest","Surefire test","testcases.auth.LoginTest","testLoginBackofficeWrongPassword"
"Add Currency USDT Cs Admin","7602","addCurrencyCsAdmin","Surefire suite","Mon Sep 28 03:49:37 UTC 2026","passed","Mon Sep 28 03:49:44 UTC 2026","testcases.backoffice.currency.AddCurrencyTest","Surefire test","testcases.backoffice.currency.AddCurrencyTest","addCurrencyCsAdmin"
"Add Currency CS Admin Path Dengan Header powis Salah","2812","addCurrencyWithWrongPowisHeader","Surefire suite","Mon Sep 28 03:53:20 UTC 2026","passed","Mon Sep 28 03:53:23 UTC 2026","testcases.backoffice.currency.AddCurrencyTest","Surefire test","testcases.backoffice.currency.AddCurrencyTest","addCurrencyWithWrongPowisHeader"
"Inquiry Favorite Account Dengan Body Berupa JSON Array ([])","7691","inquiryFavoriteAccountWithArrayBody","Surefire suite","Mon Sep 28 02:46:21 UTC 2026","passed","Mon Sep 28 02:46:28 UTC 2026","testcases.settings.favoriteaccount.InquiryFavoriteAccountTest","Surefire test","testcases.settings.favoriteaccount.InquiryFavoriteAccountTest","inquiryFavoriteAccountWithArrayBody"
"Add Currency CS Admin Path Menggunakan Login Marketing","6523","addCurrencyWithMarketingLogin","Surefire suite","Mon Sep 28 03:51:52 UTC 2026","passed","Mon Sep 28 03:51:59 UTC 2026","testcases.backoffice.currency.AddCurrencyTest","Surefire test","testcases.backoffice.currency.AddCurrencyTest","addCurrencyWithMarketingLogin"
"List Company Backoffice Dengan Karakter SQL Injection pada Field Param - Menemukan Bug Gateway Timeout","6097","listCompanyWithSqlInjectionParam","Surefire suite","Mon Sep 28 02:59:00 UTC 2026","passed","Mon Sep 28 02:59:06 UTC 2026","testcases.backoffice.ListCompanyTest","Surefire test","testcases.backoffice.ListCompanyTest","listCompanyWithSqlInjectionParam"
"Get List Group Company BO Menggunakan HTTP Method PATCH","4669","getListGroupCompanyWithPatchMethod","Surefire suite","Mon Sep 28 02:12:12 UTC 2026","passed","Mon Sep 28 02:12:16 UTC 2026","testcases.backoffice.settlement.GetListGroupCompanyTest","Surefire test","testcases.backoffice.settlement.GetListGroupCompanyTest","getListGroupCompanyWithPatchMethod"
"Add Currency CS Admin Path Dengan rate Nol","1771","addCurrencyWithZeroRate","Surefire suite","Mon Sep 28 03:53:26 UTC 2026","passed","Mon Sep 28 03:53:28 UTC 2026","testcases.backoffice.currency.AddCurrencyTest","Surefire test","testcases.backoffice.currency.AddCurrencyTest","addCurrencyWithZeroRate"
"Delete Google Authenticator Dengan Token Kadaluarsa","1572","deleteOtpGoogleWithExpiredToken","Surefire suite","Mon Sep 28 02:18:48 UTC 2026","passed","Mon Sep 28 02:18:49 UTC 2026","testcases.backoffice.googleauth.DeleteOtpGoogleTest","Surefire test","testcases.backoffice.googleauth.DeleteOtpGoogleTest","deleteOtpGoogleWithExpiredToken"
"Delete Group Backoffice Tanpa Field name","1640","deleteGroupWithoutNameField","Surefire suite","Mon Sep 28 02:13:41 UTC 2026","passed","Mon Sep 28 02:13:42 UTC 2026","testcases.backoffice.group.DeleteGroupTest","Surefire test","testcases.backoffice.group.DeleteGroupTest","deleteGroupWithoutNameField"
"Add Currency CS Admin Path Tanpa Login/Header Auth","1644","addCurrencyWithoutAuth","Surefire suite","Mon Sep 28 03:53:31 UTC 2026","passed","Mon Sep 28 03:53:33 UTC 2026","testcases.backoffice.currency.AddCurrencyTest","Surefire test","testcases.backoffice.currency.AddCurrencyTest","addCurrencyWithoutAuth"
"List Refund Menggunakan Login Admin Crypto","5360","listRefundAdminCrypto","Surefire suite","Mon Sep 28 03:57:34 UTC 2026","passed","Mon Sep 28 03:57:40 UTC 2026","testcases.backoffice.ListRefundTest","Surefire test","testcases.backoffice.ListRefundTest","listRefundAdminCrypto"
"Delete Group Backoffice Dengan id Sangat Panjang","1636","deleteGroupWithVeryLongId","Surefire suite","Mon Sep 28 02:13:04 UTC 2026","passed","Mon Sep 28 02:13:05 UTC 2026","testcases.backoffice.group.DeleteGroupTest","Surefire test","testcases.backoffice.group.DeleteGroupTest","deleteGroupWithVeryLongId"
"Add Currency CS Admin Path Dengan rate Berupa JSON Array","1575","addCurrencyWithArrayRate","Surefire suite","Mon Sep 28 03:50:14 UTC 2026","passed","Mon Sep 28 03:50:15 UTC 2026","testcases.backoffice.currency.AddCurrencyTest","Surefire test","testcases.backoffice.currency.AddCurrencyTest","addCurrencyWithArrayRate"
"Get Balance Marketing","9395","getBalanceMarketing","Surefire suite","Mon Sep 28 02:09:59 UTC 2026","passed","Mon Sep 28 02:10:09 UTC 2026","testcases.balance.GetBalanceQrisTest","Surefire test","testcases.balance.GetBalanceQrisTest","getBalanceMarketing"
"Get Balance Merchant Transfer","8490","getBalanceMerchant","Surefire suite","Mon Sep 28 02:56:08 UTC 2026","passed","Mon Sep 28 02:56:16 UTC 2026","testcases.balance.GetBalanceTransferTest","Surefire test","testcases.balance.GetBalanceTransferTest","getBalanceMerchant"
"Get List Group Backoffice Dengan Field Tidak Dikenal pada Body","3043","getListGroupWithUnknownField","Surefire suite","Mon Sep 28 02:25:51 UTC 2026","passed","Mon Sep 28 02:25:54 UTC 2026","testcases.backoffice.group.GetListGroupTest","Surefire test","testcases.backoffice.group.GetListGroupTest","getListGroupWithUnknownField"
"Get Balance Merchant with Login Admin","5612","getBalanceAdmin","Surefire suite","Mon Sep 28 02:10:05 UTC 2026","passed","Mon Sep 28 02:10:11 UTC 2026","testcases.balance.GetBalanceQrisTest","Surefire test","testcases.balance.GetBalanceQrisTest","getBalanceAdmin"
"Create Manage Settlement BO Dengan Token Tidak Valid","1760","addManageSettlementWithInvalidToken","Surefire suite","Mon Sep 28 02:28:34 UTC 2026","passed","Mon Sep 28 02:28:36 UTC 2026","testcases.backoffice.settlement.AddManageSettlementTest","Surefire test","testcases.backoffice.settlement.AddManageSettlementTest","addManageSettlementWithInvalidToken"
"Get List Group Company BO Menggunakan HTTP Method POST","4972","getListGroupCompanyWithPostMethod","Surefire suite","Mon Sep 28 02:12:20 UTC 2026","passed","Mon Sep 28 02:12:25 UTC 2026","testcases.backoffice.settlement.GetListGroupCompanyTest","Surefire test","testcases.backoffice.settlement.GetListGroupCompanyTest","getListGroupCompanyWithPostMethod"
"Reset Pin Marketing","5924","resetPinMarketing","Surefire suite","Mon Sep 28 02:10:20 UTC 2026","passed","Mon Sep 28 02:10:26 UTC 2026","testcases.settings.ResetPinTest","Surefire test","testcases.settings.ResetPinTest","resetPinMarketing"
"Login Backoffice dengan Captcha Salah","3041","testLoginBackofficeWrongCaptcha","Surefire suite","Mon Sep 28 02:44:35 UTC 2026","passed","Mon Sep 28 02:44:38 UTC 2026","testcases.auth.LoginTest","Surefire test","testcases.auth.LoginTest","testLoginBackofficeWrongCaptcha"
"Test Get Report Company Merchant","5439","getReportCompanyAdmin","Surefire suite","Mon Sep 28 02:11:09 UTC 2026","passed","Mon Sep 28 02:11:14 UTC 2026","testcases.report.ReportTransactionTest","Surefire test","testcases.report.ReportTransactionTest","getReportCompanyAdmin"
"Get List Group Company BO Dengan groupName Berisi Payload XSS","4965","getListGroupCompanyWithXssGroupName","Surefire suite","Mon Sep 28 02:13:07 UTC 2026","passed","Mon Sep 28 02:13:12 UTC 2026","testcases.backoffice.settlement.GetListGroupCompanyTest","Surefire test","testcases.backoffice.settlement.GetListGroupCompanyTest","getListGroupCompanyWithXssGroupName"
"Get List Favorite Account Dengan Body JSON Tidak Valid (Malformed)","2232","getListFavoriteAccountWithMalformedJson","Surefire suite","Mon Sep 28 04:46:29 UTC 2026","passed","Mon Sep 28 04:46:31 UTC 2026","testcases.settings.favoriteaccount.GetListFavoriteAccountTest","Surefire test","testcases.settings.favoriteaccount.GetListFavoriteAccountTest","getListFavoriteAccountWithMalformedJson"
"Get History QR","11711","historyQRTest","Surefire suite","Mon Sep 28 02:45:35 UTC 2026","passed","Mon Sep 28 02:45:47 UTC 2026","testcases.history.HistoryQRTest","Surefire test","testcases.history.HistoryQRTest","historyQRTest"
"Get History Transfer Supervisor on Login CS Admin","17595","historyTransferSupervisorTestCSAdmin","Surefire suite","Mon Sep 28 04:11:35 UTC 2026","passed","Mon Sep 28 04:11:53 UTC 2026","testcases.history.HistoryTransferTest","Surefire test","testcases.history.HistoryTransferTest","historyTransferSupervisorTestCSAdmin"
"Add Group Backoffice Dengan Karakter SQL Injection pada name","1691","addGroupWithSqlInjectionName","Surefire suite","Mon Sep 28 02:16:41 UTC 2026","passed","Mon Sep 28 02:16:42 UTC 2026","testcases.backoffice.group.AddGroupTest","Surefire test","testcases.backoffice.group.AddGroupTest","addGroupWithSqlInjectionName"
"List Waiting Company Backoffice Dengan Header Authorization Tanpa Skema Bearer","1679","listWaitingCompanyWithMalformedAuthorizationHeader","Surefire suite","Mon Sep 28 02:51:34 UTC 2026","passed","Mon Sep 28 02:51:35 UTC 2026","testcases.backoffice.ListWaitingCompanyTest","Surefire test","testcases.backoffice.ListWaitingCompanyTest","listWaitingCompanyWithMalformedAuthorizationHeader"
"Get Notification Sender","12858","getNotificationSender","Surefire suite","Mon Sep 28 02:49:41 UTC 2026","passed","Mon Sep 28 02:49:54 UTC 2026","testcases.backoffice.notifsender.NotificationSenderTest","Surefire test","testcases.backoffice.notifsender.NotificationSenderTest","getNotificationSender"
"Get List Favorite Account Dengan Header Authorization Tanpa Skema Bearer","5262","getListFavoriteAccountWithMalformedAuthorizationHeader","Surefire suite","Mon Sep 28 04:46:21 UTC 2026","passed","Mon Sep 28 04:46:26 UTC 2026","testcases.settings.favoriteaccount.GetListFavoriteAccountTest","Surefire test","testcases.settings.favoriteaccount.GetListFavoriteAccountTest","getListFavoriteAccountWithMalformedAuthorizationHeader"
"Get List Group Backoffice Menggunakan Login Customer Service","4514","getListGroupWithCSLogin","Surefire suite","Mon Sep 28 02:23:34 UTC 2026","passed","Mon Sep 28 02:23:38 UTC 2026","testcases.backoffice.group.GetListGroupTest","Surefire test","testcases.backoffice.group.GetListGroupTest","getListGroupWithCSLogin"
"Add Currency CS Admin Path Menggunakan HTTP Method DELETE","5053","addCurrencyWithDeleteMethod","Surefire suite","Mon Sep 28 03:50:55 UTC 2026","passed","Mon Sep 28 03:51:01 UTC 2026","testcases.backoffice.currency.AddCurrencyTest","Surefire test","testcases.backoffice.currency.AddCurrencyTest","addCurrencyWithDeleteMethod"
"Reset Pin Customer Service","5370","resetPinCS","Surefire suite","Mon Sep 28 02:10:13 UTC 2026","passed","Mon Sep 28 02:10:18 UTC 2026","testcases.settings.ResetPinTest","Surefire test","testcases.settings.ResetPinTest","resetPinCS"
"Resend Google Authenticator Menggunakan Login Admin Crypto","6726","resendOtpGoogleWithAdminCryptoLogin","Surefire suite","Mon Sep 28 02:55:30 UTC 2026","passed","Mon Sep 28 02:55:37 UTC 2026","testcases.backoffice.googleauth.ResendOtpGoogleTest","Surefire test","testcases.backoffice.googleauth.ResendOtpGoogleTest","resendOtpGoogleWithAdminCryptoLogin"
"Transfer Different Partner Reference, USDT Transfer to Transfer","55699","trfPartnerRefSpecialFailed","Surefire suite","Mon Sep 28 02:22:15 UTC 2026","passed","Mon Sep 28 02:23:11 UTC 2026","testcases.transfer.TransferUSDTTest","Surefire test","testcases.transfer.TransferUSDTTest","trfPartnerRefSpecialFailed"
"Get Dashboard Backoffice Menggunakan Login Admin Crypto","4994","getDashboardWithAdminCryptoLogin","Surefire suite","Mon Sep 28 02:13:49 UTC 2026","passed","Mon Sep 28 02:13:54 UTC 2026","testcases.backoffice.GetDashboardTest","Surefire test","testcases.backoffice.GetDashboardTest","getDashboardWithAdminCryptoLogin"
"Delete Group Backoffice Dengan id Valid Tapi name Tidak Cocok","9890","deleteGroupWithMismatchedName","Surefire suite","Mon Sep 28 02:12:15 UTC 2026","failed","Mon Sep 28 02:12:25 UTC 2026","testcases.backoffice.group.DeleteGroupTest","Surefire test","testcases.backoffice.group.DeleteGroupTest","deleteGroupWithMismatchedName"
"Get History USDT Transfer Test Supervisor","10557","historyUSDTTransferTestSupervisor","Surefire suite","Mon Sep 28 04:15:28 UTC 2026","passed","Mon Sep 28 04:15:39 UTC 2026","testcases.history.HistoryTransferTest","Surefire test","testcases.history.HistoryTransferTest","historyUSDTTransferTestSupervisor"
"Resend Google Authenticator Dengan email Kosong","6718","resendOtpGoogleWithEmptyEmail","Surefire suite","Mon Sep 28 02:56:48 UTC 2026","passed","Mon Sep 28 02:56:55 UTC 2026","testcases.backoffice.googleauth.ResendOtpGoogleTest","Surefire test","testcases.backoffice.googleauth.ResendOtpGoogleTest","resendOtpGoogleWithEmptyEmail"
"Add Group Backoffice Dengan name String Kosong","1634","addGroupWithEmptyName","Surefire suite","Mon Sep 28 02:15:05 UTC 2026","passed","Mon Sep 28 02:15:07 UTC 2026","testcases.backoffice.group.AddGroupTest","Surefire test","testcases.backoffice.group.AddGroupTest","addGroupWithEmptyName"
"Inquiry Favorite Account Dengan Header credentialId Salah","1769","inquiryFavoriteAccountWithWrongCredentialIdHeader","Surefire suite","Mon Sep 28 02:48:04 UTC 2026","failed","Mon Sep 28 02:48:06 UTC 2026","testcases.settings.favoriteaccount.InquiryFavoriteAccountTest","Surefire test","testcases.settings.favoriteaccount.InquiryFavoriteAccountTest","inquiryFavoriteAccountWithWrongCredentialIdHeader"
"Delete Group Backoffice Menggunakan Login Admin Crypto","5190","deleteGroupWithAdminCryptoLogin","Surefire suite","Mon Sep 28 02:10:28 UTC 2026","passed","Mon Sep 28 02:10:33 UTC 2026","testcases.backoffice.group.DeleteGroupTest","Surefire test","testcases.backoffice.group.DeleteGroupTest","deleteGroupWithAdminCryptoLogin"
"Get List Google Authenticator Dengan Page/Size Negatif","8822","listOtpGoogleWithNegativePageSize","Surefire suite","Mon Sep 28 02:48:08 UTC 2026","passed","Mon Sep 28 02:48:17 UTC 2026","testcases.backoffice.googleauth.ListOtpGoogleTest","Surefire test","testcases.backoffice.googleauth.ListOtpGoogleTest","listOtpGoogleWithNegativePageSize"
"Get History QR Success Paid","11319","historyQRTestPaid","Surefire suite","Mon Sep 28 02:45:50 UTC 2026","passed","Mon Sep 28 02:46:01 UTC 2026","testcases.history.HistoryQRTest","Surefire test","testcases.history.HistoryQRTest","historyQRTestPaid"
"Get List Group Backoffice Dengan Token Tidak Valid","1496","getListGroupWithInvalidToken","Surefire suite","Mon Sep 28 02:24:15 UTC 2026","passed","Mon Sep 28 02:24:17 UTC 2026","testcases.backoffice.group.GetListGroupTest","Surefire test","testcases.backoffice.group.GetListGroupTest","getListGroupWithInvalidToken"
"Normal Transfer USDT Success Admin Crypto","7373","usdtTransferAdminCrypto","Surefire suite","Mon Sep 28 02:12:02 UTC 2026","passed","Mon Sep 28 02:12:10 UTC 2026","testcases.transfer.TransferUSDTTest","Surefire test","testcases.transfer.TransferUSDTTest","usdtTransferAdminCrypto"
"Delete Group Backoffice Dengan Content-Type text/plain","1535","deleteGroupWithWrongContentType","Surefire suite","Mon Sep 28 02:13:08 UTC 2026","passed","Mon Sep 28 02:13:10 UTC 2026","testcases.backoffice.group.DeleteGroupTest","Surefire test","testcases.backoffice.group.DeleteGroupTest","deleteGroupWithWrongContentType"
"Created Favorite Account Dengan pin Salah","2002","createdFavoriteAccountWithWrongPin","Surefire suite","Mon Sep 28 02:50:30 UTC 2026","passed","Mon Sep 28 02:50:32 UTC 2026","testcases.settings.favoriteaccount.CreatedFavoriteAccountTest","Surefire test","testcases.settings.favoriteaccount.CreatedFavoriteAccountTest","createdFavoriteAccountWithWrongPin"
"List Refund Menggunakan Login CS Admin","5019","listRefundWithCSAdminLogin","Surefire suite","Mon Sep 28 03:58:08 UTC 2026","passed","Mon Sep 28 03:58:13 UTC 2026","testcases.backoffice.ListRefundTest","Surefire test","testcases.backoffice.ListRefundTest","listRefundWithCSAdminLogin"
"Delete Group Backoffice Menggunakan Login Admin","4969","deleteGroupWithAdminLogin","Surefire suite","Mon Sep 28 02:10:36 UTC 2026","passed","Mon Sep 28 02:10:41 UTC 2026","testcases.backoffice.group.DeleteGroupTest","Surefire test","testcases.backoffice.group.DeleteGroupTest","deleteGroupWithAdminLogin"
"Get Detail Waiting Company Backoffice Dengan Header Authorization Tanpa Skema Bearer","1748","getDetailWaitingCompanyWithMalformedAuthorizationHeader","Surefire suite","Mon Sep 28 02:20:30 UTC 2026","passed","Mon Sep 28 02:20:32 UTC 2026","testcases.backoffice.GetDetailWaitingCompanyTest","Surefire test","testcases.backoffice.GetDetailWaitingCompanyTest","getDetailWaitingCompanyWithMalformedAuthorizationHeader"
"Get Notification Sender Menggunakan HTTP Method PUT","6904","getNotificationSenderWithPutMethod","Surefire suite","Mon Sep 28 02:53:46 UTC 2026","passed","Mon Sep 28 02:53:53 UTC 2026","testcases.backoffice.notifsender.NotificationSenderTest","Surefire test","testcases.backoffice.notifsender.NotificationSenderTest","getNotificationSenderWithPutMethod"
"Refund Summary Menggunakan Login Admin","4768","getRefundWithAdminLogin","Surefire suite","Mon Sep 28 02:53:12 UTC 2026","passed","Mon Sep 28 02:53:17 UTC 2026","testcases.backoffice.refund.GetRefundTest","Surefire test","testcases.backoffice.refund.GetRefundTest","getRefundWithAdminLogin"
"Add Group Backoffice Dengan Payload Persis Sama (Dikirim Dua Kali)","3044","addGroupWithDuplicatePayload","Surefire suite","Mon Sep 28 02:14:55 UTC 2026","passed","Mon Sep 28 02:14:58 UTC 2026","testcases.backoffice.group.AddGroupTest","Surefire test","testcases.backoffice.group.AddGroupTest","addGroupWithDuplicatePayload"
"Get List Group Company BO Menggunakan Login Customer Service","4753","getListGroupCompanyWithCSLogin","Surefire suite","Mon Sep 28 02:10:45 UTC 2026","passed","Mon Sep 28 02:10:50 UTC 2026","testcases.backoffice.settlement.GetListGroupCompanyTest","Surefire test","testcases.backoffice.settlement.GetListGroupCompanyTest","getListGroupCompanyWithCSLogin"
"List Company Backoffice Tanpa Login/Header Auth","1444","listCompanyWithoutAuth","Surefire suite","Mon Sep 28 02:59:31 UTC 2026","passed","Mon Sep 28 02:59:33 UTC 2026","testcases.backoffice.ListCompanyTest","Surefire test","testcases.backoffice.ListCompanyTest","listCompanyWithoutAuth"
"List Currency USDT Dengan Body Berupa JSON Array ([])","4829","getCurrencyWithArrayBody","Surefire suite","Mon Sep 28 02:16:29 UTC 2026","passed","Mon Sep 28 02:16:33 UTC 2026","testcases.backoffice.currency.GetCurrencyTest","Surefire test","testcases.backoffice.currency.GetCurrencyTest","getCurrencyWithArrayBody"
"Get Detail Waiting Company Backoffice Menggunakan HTTP Method POST","6221","getDetailWaitingCompanyWithPostMethod","Surefire suite","Mon Sep 28 02:21:37 UTC 2026","passed","Mon Sep 28 02:21:43 UTC 2026","testcases.backoffice.GetDetailWaitingCompanyTest","Surefire test","testcases.backoffice.GetDetailWaitingCompanyTest","getDetailWaitingCompanyWithPostMethod"
"Get Notification Sender Menggunakan Login CS Admin","5009","getNotificationSenderWithCSAdminLogin","Surefire suite","Mon Sep 28 02:50:27 UTC 2026","passed","Mon Sep 28 02:50:32 UTC 2026","testcases.backoffice.notifsender.NotificationSenderTest","Surefire test","testcases.backoffice.notifsender.NotificationSenderTest","getNotificationSenderWithCSAdminLogin"
"Get List Favorite Account Dengan Field Tidak Dikenal pada Body","2533","getListFavoriteAccountWithUnknownField","Surefire suite","Mon Sep 28 04:47:18 UTC 2026","passed","Mon Sep 28 04:47:21 UTC 2026","testcases.settings.favoriteaccount.GetListFavoriteAccountTest","Surefire test","testcases.settings.favoriteaccount.GetListFavoriteAccountTest","getListFavoriteAccountWithUnknownField"
"Add Currency CS Admin Path Dengan Content-Type text/plain","3488","addCurrencyWithWrongContentType","Surefire suite","Mon Sep 28 03:53:09 UTC 2026","passed","Mon Sep 28 03:53:12 UTC 2026","testcases.backoffice.currency.AddCurrencyTest","Surefire test","testcases.backoffice.currency.AddCurrencyTest","addCurrencyWithWrongContentType"
"List Manage Settlement Backoffice","6191","listManageSettlementTest","Surefire suite","Mon Sep 28 02:44:38 UTC 2026","passed","Mon Sep 28 02:44:44 UTC 2026","testcases.backoffice.settlement.ManageSettlementTest","Surefire test","testcases.backoffice.settlement.ManageSettlementTest","listManageSettlementTest"
"Add Group Backoffice Dengan Nama yang Sudah Ada Sejak Test Lama (""testzulma1"")","1614","addGroupWithLegacyDuplicateName","Surefire suite","Mon Sep 28 02:15:38 UTC 2026","passed","Mon Sep 28 02:15:40 UTC 2026","testcases.backoffice.group.AddGroupTest","Surefire test","testcases.backoffice.group.AddGroupTest","addGroupWithLegacyDuplicateName"
"Approval Refund Special Transfer Merchant","13290","approveRefundSpecialTransferMerchant","Surefire suite","Mon Sep 28 03:45:19 UTC 2026","passed","Mon Sep 28 03:45:32 UTC 2026","testcases.backoffice.ApprovalRefundTest","Surefire test","testcases.backoffice.ApprovalRefundTest","approveRefundSpecialTransferMerchant"
"Normal Transfer Success","8183","transfer","Surefire suite","Mon Sep 28 02:15:13 UTC 2026","passed","Mon Sep 28 02:15:21 UTC 2026","testcases.transfer.TransferTest","Surefire test","testcases.transfer.TransferTest","transfer"
"Get History Special Transfer Test Admin Crypto","12765","historySpecialTransferTestAdminCrypto","Surefire suite","Mon Sep 28 04:09:44 UTC 2026","passed","Mon Sep 28 04:09:57 UTC 2026","testcases.history.HistoryTransferTest","Surefire test","testcases.history.HistoryTransferTest","historySpecialTransferTestAdminCrypto"
"List User Backoffice Dengan Page/Size Negatif - Menemukan Bug Gateway Timeout","5005","listUsersWithNegativePageSize","Surefire suite","Mon Sep 28 03:02:26 UTC 2026","passed","Mon Sep 28 03:02:31 UTC 2026","testcases.backoffice.users.ListUsersTest","Surefire test","testcases.backoffice.users.ListUsersTest","listUsersWithNegativePageSize"
"Test Approved USDT","24003","approvedUSDT","Surefire suite","Mon Sep 28 03:36:10 UTC 2026","passed","Mon Sep 28 03:36:34 UTC 2026","testcases.backoffice.ApprovalTransferTest","Surefire test","testcases.backoffice.ApprovalTransferTest","approvedUSDT"
"Add Group Backoffice Dengan Nama Sama Namun Field Fee Berbeda","3257","addGroupWithDuplicateNameDifferentFees","Surefire suite","Mon Sep 28 02:14:48 UTC 2026","passed","Mon Sep 28 02:14:52 UTC 2026","testcases.backoffice.group.AddGroupTest","Surefire test","testcases.backoffice.group.AddGroupTest","addGroupWithDuplicateNameDifferentFees"
"Get Detail Waiting Company Backoffice Menggunakan Login CS Admin","11764","getDetailWaitingCompanyWithCSAdminLogin","Surefire suite","Mon Sep 28 02:19:35 UTC 2026","passed","Mon Sep 28 02:19:47 UTC 2026","testcases.backoffice.GetDetailWaitingCompanyTest","Surefire test","testcases.backoffice.GetDetailWaitingCompanyTest","getDetailWaitingCompanyWithCSAdminLogin"
"Get List Google Authenticator Tanpa Login/Header Auth","2571","listOtpGoogleWithoutAuth","Surefire suite","Mon Sep 28 02:49:39 UTC 2026","passed","Mon Sep 28 02:49:41 UTC 2026","testcases.backoffice.googleauth.ListOtpGoogleTest","Surefire test","testcases.backoffice.googleauth.ListOtpGoogleTest","listOtpGoogleWithoutAuth"
"List Manage Settlement Backoffice Dengan Sort Tanpa Operator '=='","6990","listManageSettlementWithMalformedSortOperator","Surefire suite","Mon Sep 28 02:47:01 UTC 2026","passed","Mon Sep 28 02:47:08 UTC 2026","testcases.backoffice.settlement.ManageSettlementTest","Surefire test","testcases.backoffice.settlement.ManageSettlementTest","listManageSettlementWithMalformedSortOperator"
"List Manage Settlement Backoffice Menggunakan Login Supervisor","6531","listManageSettlementWithSupervisorLogin","Surefire suite","Mon Sep 28 02:48:26 UTC 2026","passed","Mon Sep 28 02:48:33 UTC 2026","testcases.backoffice.settlement.ManageSettlementTest","Surefire test","testcases.backoffice.settlement.ManageSettlementTest","listManageSettlementWithSupervisorLogin"
"List Manage Settlement Backoffice Dengan Header Authorization Tanpa Skema Bearer","2585","listManageSettlementWithMalformedAuthorizationHeader","Surefire suite","Mon Sep 28 02:46:48 UTC 2026","passed","Mon Sep 28 02:46:50 UTC 2026","testcases.backoffice.settlement.ManageSettlementTest","Surefire test","testcases.backoffice.settlement.ManageSettlementTest","listManageSettlementWithMalformedAuthorizationHeader"
"List Manage Settlement Backoffice Menggunakan HTTP Method PATCH","9515","listManageSettlementWithPatchMethod","Surefire suite","Mon Sep 28 02:47:52 UTC 2026","passed","Mon Sep 28 02:48:02 UTC 2026","testcases.backoffice.settlement.ManageSettlementTest","Surefire test","testcases.backoffice.settlement.ManageSettlementTest","listManageSettlementWithPatchMethod"
"Reset Password Backoffice","7132","resetPasswordBackoffice","Surefire suite","Mon Sep 28 02:44:28 UTC 2026","passed","Mon Sep 28 02:44:35 UTC 2026","testcases.settings.ResetPasswordTest","Surefire test","testcases.settings.ResetPasswordTest","resetPasswordBackoffice"
"Get List Group Backoffice Menggunakan HTTP Method PUT","2879","getListGroupWithPutMethod","Surefire suite","Mon Sep 28 02:25:20 UTC 2026","passed","Mon Sep 28 02:25:23 UTC 2026","testcases.backoffice.group.GetListGroupTest","Surefire test","testcases.backoffice.group.GetListGroupTest","getListGroupWithPutMethod"
"Request Refund Transfer Supervisor","5034","refundTransferSupervisor","Surefire suite","Mon Sep 28 02:11:43 UTC 2026","passed","Mon Sep 28 02:11:48 UTC 2026","testcases.transfer.RefundTransferTest","Surefire test","testcases.transfer.RefundTransferTest","refundTransferSupervisor"
"Delete Manage Settlement BO Dengan id Berisi Payload XSS","7275","deleteManageSettlementWithXssId","Surefire suite","Mon Sep 28 02:25:30 UTC 2026","passed","Mon Sep 28 02:25:38 UTC 2026","testcases.backoffice.settlement.DeleteManageSettlementTest","Surefire test","testcases.backoffice.settlement.DeleteManageSettlementTest","deleteManageSettlementWithXssId"
"List Waiting Company Backoffice Menggunakan HTTP Method GET","5284","listWaitingCompanyWithGetMethod","Surefire suite","Mon Sep 28 02:50:55 UTC 2026","passed","Mon Sep 28 02:51:00 UTC 2026","testcases.backoffice.ListWaitingCompanyTest","Surefire test","testcases.backoffice.ListWaitingCompanyTest","listWaitingCompanyWithGetMethod"
"Test Get Report Transaction Merchant","7727","getReportTransactionMerchant","Surefire suite","Mon Sep 28 02:45:25 UTC 2026","passed","Mon Sep 28 02:45:32 UTC 2026","testcases.report.ReportTransactionTest","Surefire test","testcases.report.ReportTransactionTest","getReportTransactionMerchant"
"Get Detail Waiting Company Backoffice Dengan Path Traversal pada Id","8701","getDetailWaitingCompanyWithPathTraversalId","Surefire suite","Mon Sep 28 02:21:25 UTC 2026","passed","Mon Sep 28 02:21:34 UTC 2026","testcases.backoffice.GetDetailWaitingCompanyTest","Surefire test","testcases.backoffice.GetDetailWaitingCompanyTest","getDetailWaitingCompanyWithPathTraversalId"
"List Waiting Company Backoffice Dengan Page/Size Negatif","4966","listWaitingCompanyWithNegativePageSize","Surefire suite","Mon Sep 28 02:52:08 UTC 2026","passed","Mon Sep 28 02:52:13 UTC 2026","testcases.backoffice.ListWaitingCompanyTest","Surefire test","testcases.backoffice.ListWaitingCompanyTest","listWaitingCompanyWithNegativePageSize"
"Get List Favorite Account Dengan size 0","1898","getListFavoriteAccountWithZeroSize","Surefire suite","Mon Sep 28 04:47:39 UTC 2026","passed","Mon Sep 28 04:47:41 UTC 2026","testcases.settings.favoriteaccount.GetListFavoriteAccountTest","Surefire test","testcases.settings.favoriteaccount.GetListFavoriteAccountTest","getListFavoriteAccountWithZeroSize"
"Get Notification Sender Ke Path yang Tidak Ada (Typo)","5465","getNotificationSenderWithWrongPath","Surefire suite","Mon Sep 28 02:54:37 UTC 2026","passed","Mon Sep 28 02:54:42 UTC 2026","testcases.backoffice.notifsender.NotificationSenderTest","Surefire test","testcases.backoffice.notifsender.NotificationSenderTest","getNotificationSenderWithWrongPath"
"Mutasi Special Transfer Supervisor","31211","mutasiSpecialTransferSupervisor","Surefire suite","Mon Sep 28 04:30:32 UTC 2026","passed","Mon Sep 28 04:31:03 UTC 2026","testcases.mutasi.MutasiTransferTest","Surefire test","testcases.mutasi.MutasiTransferTest","mutasiSpecialTransferSupervisor"
"Get List Google Authenticator Dengan Token Backoffice Valid Tapi Tanpa Header pbyv","5261","listOtpGoogleWithoutPbyvHeader","Surefire suite","Mon Sep 28 02:49:56 UTC 2026","passed","Mon Sep 28 02:50:01 UTC 2026","testcases.backoffice.googleauth.ListOtpGoogleTest","Surefire test","testcases.backoffice.googleauth.ListOtpGoogleTest","listOtpGoogleWithoutPbyvHeader"
"Get Notification Sender Dengan Karakter SQL Injection pada Field param","6006","getNotificationSenderWithSqlInjectionParam","Surefire suite","Mon Sep 28 02:53:56 UTC 2026","passed","Mon Sep 28 02:54:02 UTC 2026","testcases.backoffice.notifsender.NotificationSenderTest","Surefire test","testcases.backoffice.notifsender.NotificationSenderTest","getNotificationSenderWithSqlInjectionParam"
"Resend Google Authenticator Dengan email Berisi Payload XSS","9713","resendOtpGoogleWithXssEmail","Surefire suite","Mon Sep 28 03:00:04 UTC 2026","passed","Mon Sep 28 03:00:14 UTC 2026","testcases.backoffice.googleauth.ResendOtpGoogleTest","Surefire test","testcases.backoffice.googleauth.ResendOtpGoogleTest","resendOtpGoogleWithXssEmail"
"Success Login Supervisor With Captcha","5329","testLoginSupervisor","Surefire suite","Mon Sep 28 02:09:39 UTC 2026","passed","Mon Sep 28 02:09:45 UTC 2026","testcases.auth.LoginTest","Surefire test","testcases.auth.LoginTest","testLoginSupervisor"
"Add Currency CS Admin Path Dengan Bearer Token Kosong","3302","addCurrencyWithEmptyBearerToken","Surefire suite","Mon Sep 28 03:51:10 UTC 2026","passed","Mon Sep 28 03:51:13 UTC 2026","testcases.backoffice.currency.AddCurrencyTest","Surefire test","testcases.backoffice.currency.AddCurrencyTest","addCurrencyWithEmptyBearerToken"
"Get List Group Backoffice Tanpa Field size","4129","getListGroupWithoutSizeField","Surefire suite","Mon Sep 28 02:26:38 UTC 2026","passed","Mon Sep 28 02:26:42 UTC 2026","testcases.backoffice.group.GetListGroupTest","Surefire test","testcases.backoffice.group.GetListGroupTest","getListGroupWithoutSizeField"
"Get History Manual Transfer Test Admin","16067","historyManualTransferTestFeeAdmin","Surefire suite","Mon Sep 28 04:07:44 UTC 2026","passed","Mon Sep 28 04:08:00 UTC 2026","testcases.history.HistoryTransferTest","Surefire test","testcases.history.HistoryTransferTest","historyManualTransferTestFeeAdmin"
"Reset Pin Backoffice","7832","resetPinBackoffice","Surefire suite","Mon Sep 28 02:44:17 UTC 2026","passed","Mon Sep 28 02:44:24 UTC 2026","testcases.settings.ResetPinTest","Surefire test","testcases.settings.ResetPinTest","resetPinBackoffice"
"Test Rejected Special Transfer Supervisor","23076","rejectedSpecialTransferSupervisor","Surefire suite","Mon Sep 28 03:41:18 UTC 2026","passed","Mon Sep 28 03:41:41 UTC 2026","testcases.backoffice.ApprovalTransferTest","Surefire test","testcases.backoffice.ApprovalTransferTest","rejectedSpecialTransferSupervisor"
"Login Merchant dengan Username Mengandung SQL Injection","3321","testLoginSqlInjectionUsername","Surefire suite","Mon Sep 28 02:10:38 UTC 2026","passed","Mon Sep 28 02:10:41 UTC 2026","testcases.auth.LoginTest","Surefire test","testcases.auth.LoginTest","testLoginSqlInjectionUsername"
"List Refund Dengan Karakter SQL Injection pada Field Param - Menemukan Bug Internal Server Error","5728","listRefundWithSqlInjectionParam","Surefire suite","Mon Sep 28 03:59:49 UTC 2026","passed","Mon Sep 28 03:59:55 UTC 2026","testcases.backoffice.ListRefundTest","Surefire test","testcases.backoffice.ListRefundTest","listRefundWithSqlInjectionParam"
"Get List Group Ke Path yang Tidak Ada (Typo)","1969","getListGroupWithWrongPath","Surefire suite","Mon Sep 28 02:26:02 UTC 2026","passed","Mon Sep 28 02:26:04 UTC 2026","testcases.backoffice.group.GetListGroupTest","Surefire test","testcases.backoffice.group.GetListGroupTest","getListGroupWithWrongPath"
"Get List Google Authenticator Menggunakan Login Admin Crypto","7112","listOtpGoogleWithAdminCryptoLogin","Surefire suite","Mon Sep 28 02:45:17 UTC 2026","passed","Mon Sep 28 02:45:24 UTC 2026","testcases.backoffice.googleauth.ListOtpGoogleTest","Surefire test","testcases.backoffice.googleauth.ListOtpGoogleTest","listOtpGoogleWithAdminCryptoLogin"
"Mutasi Transfer Supervisor Balance","17151","mutasiTransferSupervisorBalance","Surefire suite","Mon Sep 28 04:33:49 UTC 2026","passed","Mon Sep 28 04:34:06 UTC 2026","testcases.mutasi.MutasiTransferTest","Surefire test","testcases.mutasi.MutasiTransferTest","mutasiTransferSupervisorBalance"
"Get History Manual Transfer Test CS","16123","historyManualTransferTestCS","Surefire suite","Mon Sep 28 04:07:25 UTC 2026","passed","Mon Sep 28 04:07:41 UTC 2026","testcases.history.HistoryTransferTest","Surefire test","testcases.history.HistoryTransferTest","historyManualTransferTestCS"
"Get Balance Company on Login Admin","5312","getBalanceCompanyAdmin","Surefire suite","Mon Sep 28 02:10:14 UTC 2026","passed","Mon Sep 28 02:10:19 UTC 2026","testcases.balance.GetBalanceQrisTest","Surefire test","testcases.balance.GetBalanceQrisTest","getBalanceCompanyAdmin"
"Get List Google Authenticator Dengan Body Berupa JSON Array ([])","11786","listOtpGoogleWithArrayBody","Surefire suite","Mon Sep 28 02:45:37 UTC 2026","passed","Mon Sep 28 02:45:49 UTC 2026","testcases.backoffice.googleauth.ListOtpGoogleTest","Surefire test","testcases.backoffice.googleauth.ListOtpGoogleTest","listOtpGoogleWithArrayBody"
"Get List Group Company BO Menggunakan Login CS Admin","6154","getListGroupCompanyWithCSAdminLogin","Surefire suite","Mon Sep 28 02:10:36 UTC 2026","passed","Mon Sep 28 02:10:42 UTC 2026","testcases.backoffice.settlement.GetListGroupCompanyTest","Surefire test","testcases.backoffice.settlement.GetListGroupCompanyTest","getListGroupCompanyWithCSAdminLogin"
"Get List Group Backoffice Menggunakan HTTP Method PATCH","2824","getListGroupWithPatchMethod","Surefire suite","Mon Sep 28 02:25:14 UTC 2026","passed","Mon Sep 28 02:25:17 UTC 2026","testcases.backoffice.group.GetListGroupTest","Surefire test","testcases.backoffice.group.GetListGroupTest","getListGroupWithPatchMethod"
"Refund Summary Dengan Body Berupa JSON Array ([])","5710","getRefundWithArrayBody","Surefire suite","Mon Sep 28 02:53:20 UTC 2026","passed","Mon Sep 28 02:53:26 UTC 2026","testcases.backoffice.refund.GetRefundTest","Surefire test","testcases.backoffice.refund.GetRefundTest","getRefundWithArrayBody"
"Success Login Group","6808","testLoginGroup","Surefire suite","Mon Sep 28 02:09:50 UTC 2026","passed","Mon Sep 28 02:09:57 UTC 2026","testcases.auth.LoginTest","Surefire test","testcases.auth.LoginTest","testLoginGroup"
"Resend Google Authenticator Dengan Token Tidak Valid","1629","resendOtpGoogleWithInvalidToken","Surefire suite","Mon Sep 28 02:57:11 UTC 2026","passed","Mon Sep 28 02:57:13 UTC 2026","testcases.backoffice.googleauth.ResendOtpGoogleTest","Surefire test","testcases.backoffice.googleauth.ResendOtpGoogleTest","resendOtpGoogleWithInvalidToken"
"Delete Manage Settlement BO Dengan Header Authorization Tanpa Skema Bearer","1692","deleteManageSettlementWithMalformedAuthorizationHeader","Surefire suite","Mon Sep 28 02:23:23 UTC 2026","passed","Mon Sep 28 02:23:24 UTC 2026","testcases.backoffice.settlement.DeleteManageSettlementTest","Surefire test","testcases.backoffice.settlement.DeleteManageSettlementTest","deleteManageSettlementWithMalformedAuthorizationHeader"
"Get List Favorite Account Dengan Token Tidak Valid","3227","getListFavoriteAccountWithInvalidToken","Surefire suite","Mon Sep 28 04:46:14 UTC 2026","passed","Mon Sep 28 04:46:18 UTC 2026","testcases.settings.favoriteaccount.GetListFavoriteAccountTest","Surefire test","testcases.settings.favoriteaccount.GetListFavoriteAccountTest","getListFavoriteAccountWithInvalidToken"
"Delete Favorite Account Dengan Header companyId Salah","48175","deleteFavoriteAccountWithWrongCompanyIdHeader","Surefire suite","Mon Sep 28 02:34:41 UTC 2026","failed","Mon Sep 28 02:35:29 UTC 2026","testcases.settings.favoriteaccount.DeleteFavoriteAccountTest","Surefire test","testcases.settings.favoriteaccount.DeleteFavoriteAccountTest","deleteFavoriteAccountWithWrongCompanyIdHeader"
"Get Balance Merchant with Login Admin Crypto","4924","getFailedBalanceMerchantLoginAdminCrypto","Surefire suite","Mon Sep 28 02:10:25 UTC 2026","passed","Mon Sep 28 02:10:30 UTC 2026","testcases.balance.GetBalanceQrisTest","Surefire test","testcases.balance.GetBalanceQrisTest","getFailedBalanceMerchantLoginAdminCrypto"
"Refund Summary Dengan Rentang Tanggal Sangat Lebar","1857","getRefundWithHugeRange","Surefire suite","Mon Sep 28 02:54:13 UTC 2026","passed","Mon Sep 28 02:54:15 UTC 2026","testcases.backoffice.refund.GetRefundTest","Surefire test","testcases.backoffice.refund.GetRefundTest","getRefundWithHugeRange"
"List Manage Settlement Backoffice Menggunakan Login Customer Service","5081","listManageSettlementWithCSLogin","Surefire suite","Mon Sep 28 02:45:29 UTC 2026","passed","Mon Sep 28 02:45:34 UTC 2026","testcases.backoffice.settlement.ManageSettlementTest","Surefire test","testcases.backoffice.settlement.ManageSettlementTest","listManageSettlementWithCSLogin"
"List Refund Menggunakan Login Customer Service","5398","listRefundWithCSLogin","Surefire suite","Mon Sep 28 03:58:16 UTC 2026","passed","Mon Sep 28 03:58:22 UTC 2026","testcases.backoffice.ListRefundTest","Surefire test","testcases.backoffice.ListRefundTest","listRefundWithCSLogin"
"Inquiry Favorite Account Dengan beneficiaryAccountNo String Kosong","3440","inquiryFavoriteAccountWithEmptyBeneficiaryAccountNo","Surefire suite","Mon Sep 28 02:46:40 UTC 2026","passed","Mon Sep 28 02:46:43 UTC 2026","testcases.settings.favoriteaccount.InquiryFavoriteAccountTest","Surefire test","testcases.settings.favoriteaccount.InquiryFavoriteAccountTest","inquiryFavoriteAccountWithEmptyBeneficiaryAccountNo"
"Delete Favorite Account Dengan Header Authorization Tanpa Skema Bearer","2711","deleteFavoriteAccountWithMalformedAuthorizationHeader","Surefire suite","Mon Sep 28 02:30:47 UTC 2026","passed","Mon Sep 28 02:30:50 UTC 2026","testcases.settings.favoriteaccount.DeleteFavoriteAccountTest","Surefire test","testcases.settings.favoriteaccount.DeleteFavoriteAccountTest","deleteFavoriteAccountWithMalformedAuthorizationHeader"
"Transfer Different Partner Reference, Special Transfer to Manual Transfer","58087","trfPartnerRefManualFailed","Surefire suite","Mon Sep 28 02:52:29 UTC 2026","failed","Mon Sep 28 02:53:27 UTC 2026","testcases.transfer.ManualTransferTest","Surefire test","testcases.transfer.ManualTransferTest","trfPartnerRefManualFailed"
"Get History QR Admin Success Paid","18499","historyQRTestPaidAdmin","Surefire suite","Mon Sep 28 03:07:29 UTC 2026","broken","Mon Sep 28 03:07:47 UTC 2026","testcases.history.HistoryQRTest","Surefire test","testcases.history.HistoryQRTest","historyQRTestPaidAdmin"
"Get Group Backoffice Dengan Token Tidak Valid","1670","getGroupWithInvalidToken","Surefire suite","Mon Sep 28 02:15:14 UTC 2026","passed","Mon Sep 28 02:15:16 UTC 2026","testcases.backoffice.GetDashboardTest","Surefire test","testcases.backoffice.GetDashboardTest","getGroupWithInvalidToken"
"Inquiry Test Flop Transfer Merchant Supervisor","6901","inquiryFlopTransferSupervisor","Surefire suite","Mon Sep 28 02:10:50 UTC 2026","passed","Mon Sep 28 02:10:57 UTC 2026","testcases.transfer.InquiryFlopTransferTest","Surefire test","testcases.transfer.InquiryFlopTransferTest","inquiryFlopTransferSupervisor"
"Get Notification Sender Dengan Tipe Data Salah pada Field limit (String, Bukan Integer)","6975","getNotificationSenderWithInvalidFieldType","Surefire suite","Mon Sep 28 02:51:54 UTC 2026","passed","Mon Sep 28 02:52:00 UTC 2026","testcases.backoffice.notifsender.NotificationSenderTest","Surefire test","testcases.backoffice.notifsender.NotificationSenderTest","getNotificationSenderWithInvalidFieldType"
"Create Manage Settlement BO Dengan Token Backoffice Valid Tapi Tanpa Header pbyv","6069","addManageSettlementWithoutPbyvHeader","Surefire suite","Mon Sep 28 02:32:02 UTC 2026","passed","Mon Sep 28 02:32:08 UTC 2026","testcases.backoffice.settlement.AddManageSettlementTest","Surefire test","testcases.backoffice.settlement.AddManageSettlementTest","addManageSettlementWithoutPbyvHeader"
"Get List Favorite Account Tanpa Field size","3179","getListFavoriteAccountWithoutSizeField","Surefire suite","Mon Sep 28 04:48:07 UTC 2026","passed","Mon Sep 28 04:48:10 UTC 2026","testcases.settings.favoriteaccount.GetListFavoriteAccountTest","Surefire test","testcases.settings.favoriteaccount.GetListFavoriteAccountTest","getListFavoriteAccountWithoutSizeField"
"Transfer Different Parner Reference Supervisor, Manual Transfer to Transfer","50320","trfPartnerRefManualSpvFailed","Surefire suite","Mon Sep 28 02:12:02 UTC 2026","failed","Mon Sep 28 02:12:52 UTC 2026","testcases.transfer.TransferTest","Surefire test","testcases.transfer.TransferTest","trfPartnerRefManualSpvFailed"
"Create Manage Settlement BO Tanpa Login/Header Auth","2555","addManageSettlementWithoutAuth","Surefire suite","Mon Sep 28 02:31:18 UTC 2026","passed","Mon Sep 28 02:31:21 UTC 2026","testcases.backoffice.settlement.AddManageSettlementTest","Surefire test","testcases.backoffice.settlement.AddManageSettlementTest","addManageSettlementWithoutAuth"
"Refund Summary Dengan Token Backoffice Valid Tapi Tanpa Header pbyv","2576","getRefundWithoutPbyvHeader","Surefire suite","Mon Sep 28 02:56:33 UTC 2026","passed","Mon Sep 28 02:56:36 UTC 2026","testcases.backoffice.refund.GetRefundTest","Surefire test","testcases.backoffice.refund.GetRefundTest","getRefundWithoutPbyvHeader"
"Resend Google Authenticator Menggunakan HTTP Method PATCH","6337","resendOtpGoogleWithPatchMethod","Surefire suite","Mon Sep 28 02:58:55 UTC 2026","passed","Mon Sep 28 02:59:01 UTC 2026","testcases.backoffice.googleauth.ResendOtpGoogleTest","Surefire test","testcases.backoffice.googleauth.ResendOtpGoogleTest","resendOtpGoogleWithPatchMethod"
"Delete Manage Settlement BO Dengan id Berisi Karakter SQL Injection","8787","deleteManageSettlementWithSqlInjectionId","Surefire suite","Mon Sep 28 02:24:48 UTC 2026","passed","Mon Sep 28 02:24:57 UTC 2026","testcases.backoffice.settlement.DeleteManageSettlementTest","Surefire test","testcases.backoffice.settlement.DeleteManageSettlementTest","deleteManageSettlementWithSqlInjectionId"
"Delete Group Backoffice Dengan Body Kosong ({})","1588","deleteGroupWithEmptyBody","Surefire suite","Mon Sep 28 02:11:13 UTC 2026","passed","Mon Sep 28 02:11:14 UTC 2026","testcases.backoffice.group.DeleteGroupTest","Surefire test","testcases.backoffice.group.DeleteGroupTest","deleteGroupWithEmptyBody"
"Get List Google Authenticator Menggunakan HTTP Method PATCH","7218","listOtpGoogleWithPatchMethod","Surefire suite","Mon Sep 28 02:48:30 UTC 2026","passed","Mon Sep 28 02:48:37 UTC 2026","testcases.backoffice.googleauth.ListOtpGoogleTest","Surefire test","testcases.backoffice.googleauth.ListOtpGoogleTest","listOtpGoogleWithPatchMethod"
"Generate QR Success with before and after Balance","39880","generateQRBalanceFeeMarketing","Surefire suite","Mon Sep 28 02:42:05 UTC 2026","passed","Mon Sep 28 02:42:45 UTC 2026","testcases.QR.GenerateQRPaidTest","Surefire test","testcases.QR.GenerateQRPaidTest","generateQRBalanceFeeMarketing"
"Created Favorite Account Dengan Token Kadaluarsa","2700","createdFavoriteAccountWithExpiredToken","Surefire suite","Mon Sep 28 02:49:27 UTC 2026","passed","Mon Sep 28 02:49:30 UTC 2026","testcases.settings.favoriteaccount.CreatedFavoriteAccountTest","Surefire test","testcases.settings.favoriteaccount.CreatedFavoriteAccountTest","createdFavoriteAccountWithExpiredToken"
"Get List Group Company BO Ke Path yang Tidak Ada (Typo)","5091","getListGroupCompanyWithWrongPath","Surefire suite","Mon Sep 28 02:12:58 UTC 2026","passed","Mon Sep 28 02:13:03 UTC 2026","testcases.backoffice.settlement.GetListGroupCompanyTest","Surefire test","testcases.backoffice.settlement.GetListGroupCompanyTest","getListGroupCompanyWithWrongPath"
"Test Get Report Transfer Merchant","13232","getReportTransferAdmin","Surefire suite","Mon Sep 28 02:11:44 UTC 2026","passed","Mon Sep 28 02:11:57 UTC 2026","testcases.report.ReportTransactionTest","Surefire test","testcases.report.ReportTransactionTest","getReportTransferAdmin"
"Delete Google Authenticator Dengan Header Authorization Tanpa Skema Bearer","1841","deleteOtpGoogleWithMalformedAuthorizationHeader","Surefire suite","Mon Sep 28 02:19:05 UTC 2026","passed","Mon Sep 28 02:19:07 UTC 2026","testcases.backoffice.googleauth.DeleteOtpGoogleTest","Surefire test","testcases.backoffice.googleauth.DeleteOtpGoogleTest","deleteOtpGoogleWithMalformedAuthorizationHeader"
"Add Group Backoffice Dengan name Sangat Panjang","1654","addGroupWithVeryLongName","Surefire suite","Mon Sep 28 02:16:58 UTC 2026","passed","Mon Sep 28 02:17:00 UTC 2026","testcases.backoffice.group.AddGroupTest","Surefire test","testcases.backoffice.group.AddGroupTest","addGroupWithVeryLongName"
"Resend Google Authenticator Menggunakan HTTP Method DELETE","7857","resendOtpGoogleWithDeleteMethod","Surefire suite","Mon Sep 28 02:56:22 UTC 2026","passed","Mon Sep 28 02:56:30 UTC 2026","testcases.backoffice.googleauth.ResendOtpGoogleTest","Surefire test","testcases.backoffice.googleauth.ResendOtpGoogleTest","resendOtpGoogleWithDeleteMethod"
"Test Approve Special Transfer Supervisor dengan check Fee di Admin Fee","35295","approvedSpecialTransferSupervisorBalance","Surefire suite","Mon Sep 28 03:35:32 UTC 2026","passed","Mon Sep 28 03:36:07 UTC 2026","testcases.backoffice.ApprovalTransferTest","Surefire test","testcases.backoffice.ApprovalTransferTest","approvedSpecialTransferSupervisorBalance"
"List Refund Dengan Field Range Berisi Nilai Tidak Valid","6034","listRefundWithInvalidRange","Surefire suite","Mon Sep 28 03:58:51 UTC 2026","passed","Mon Sep 28 03:58:57 UTC 2026","testcases.backoffice.ListRefundTest","Surefire test","testcases.backoffice.ListRefundTest","listRefundWithInvalidRange"
"Delete Manage Settlement BO Menggunakan Login CS Admin","10399","deleteManageSettlementWithCSAdminLogin","Surefire suite","Mon Sep 28 02:22:20 UTC 2026","passed","Mon Sep 28 02:22:30 UTC 2026","testcases.backoffice.settlement.DeleteManageSettlementTest","Surefire test","testcases.backoffice.settlement.DeleteManageSettlementTest","deleteManageSettlementWithCSAdminLogin"
"Refund Summary Dengan Content-Type text/plain","1709","getRefundWithWrongContentType","Surefire suite","Mon Sep 28 02:55:59 UTC 2026","passed","Mon Sep 28 02:56:01 UTC 2026","testcases.backoffice.refund.GetRefundTest","Surefire test","testcases.backoffice.refund.GetRefundTest","getRefundWithWrongContentType"
"Add Merchant From CS Admin","5119","addCompanyCsAdmin","Surefire suite","Mon Sep 28 02:10:34 UTC 2026","passed","Mon Sep 28 02:10:39 UTC 2026","testcases.backoffice.AddCompanyTest","Surefire test","testcases.backoffice.AddCompanyTest","addCompanyCsAdmin"
"Resend Google Authenticator Menggunakan Login CS Admin","5205","resendOtpGoogleWithCSAdminLogin","Surefire suite","Mon Sep 28 02:56:01 UTC 2026","passed","Mon Sep 28 02:56:06 UTC 2026","testcases.backoffice.googleauth.ResendOtpGoogleTest","Surefire test","testcases.backoffice.googleauth.ResendOtpGoogleTest","resendOtpGoogleWithCSAdminLogin"
"Inquiry Favorite Account Supervisor","12872","inquiryFavoriteAccountSupervisor","Surefire suite","Mon Sep 28 03:21:42 UTC 2026","passed","Mon Sep 28 03:21:55 UTC 2026","testcases.settings.favoriteaccount.InquiryFavoriteAccountTest","Surefire test","testcases.settings.favoriteaccount.InquiryFavoriteAccountTest","inquiryFavoriteAccountSupervisor"
"Add Group Backoffice Dengan Token Backoffice Valid Tapi Tanpa Header pbyv","1503","addGroupWithoutPbyvHeader","Surefire suite","Mon Sep 28 02:17:40 UTC 2026","passed","Mon Sep 28 02:17:41 UTC 2026","testcases.backoffice.group.AddGroupTest","Surefire test","testcases.backoffice.group.AddGroupTest","addGroupWithoutPbyvHeader"
"Get Notification Sender Dengan Field Tidak Dikenal pada Body","5503","getNotificationSenderWithUnknownField","Surefire suite","Mon Sep 28 02:54:21 UTC 2026","passed","Mon Sep 28 02:54:26 UTC 2026","testcases.backoffice.notifsender.NotificationSenderTest","Surefire test","testcases.backoffice.notifsender.NotificationSenderTest","getNotificationSenderWithUnknownField"
"Delete Group Backoffice Tanpa Field id","1685","deleteGroupWithoutIdField","Surefire suite","Mon Sep 28 02:13:36 UTC 2026","passed","Mon Sep 28 02:13:38 UTC 2026","testcases.backoffice.group.DeleteGroupTest","Surefire test","testcases.backoffice.group.DeleteGroupTest","deleteGroupWithoutIdField"
"Generate QR Code Closed Merchant","8198","generateQRCodeClosed","Surefire suite","Mon Sep 28 02:44:43 UTC 2026","passed","Mon Sep 28 02:44:52 UTC 2026","testcases.QR.GenerateQRTest","Surefire test","testcases.QR.GenerateQRTest","generateQRCodeClosed"
"Refund Summary Menggunakan Login CS Admin","4834","getRefundWithCSAdminLogin","Surefire suite","Mon Sep 28 02:53:29 UTC 2026","passed","Mon Sep 28 02:53:33 UTC 2026","testcases.backoffice.refund.GetRefundTest","Surefire test","testcases.backoffice.refund.GetRefundTest","getRefundWithCSAdminLogin"
"Get List Group Company BO","6837","getListGroupCompanyBO","Surefire suite","Mon Sep 28 02:10:10 UTC 2026","passed","Mon Sep 28 02:10:17 UTC 2026","testcases.backoffice.settlement.GetListGroupCompanyTest","Surefire test","testcases.backoffice.settlement.GetListGroupCompanyTest","getListGroupCompanyBO"
"List Company Backoffice Menggunakan Login CS Admin","4694","listCompanyWithCSAdminLogin","Surefire suite","Mon Sep 28 02:57:15 UTC 2026","passed","Mon Sep 28 02:57:20 UTC 2026","testcases.backoffice.ListCompanyTest","Surefire test","testcases.backoffice.ListCompanyTest","listCompanyWithCSAdminLogin"
"","5354","listUSDT","Surefire suite","Mon Sep 28 02:10:07 UTC 2026","passed","Mon Sep 28 02:10:12 UTC 2026","testcases.backoffice.ListTransferTest","Surefire test","testcases.backoffice.ListTransferTest","listUSDT"
"Delete Favorite Account Dengan Body Kosong ({})","44874","deleteFavoriteAccountWithEmptyBody","Surefire suite","Mon Sep 28 02:25:43 UTC 2026","failed","Mon Sep 28 02:26:28 UTC 2026","testcases.settings.favoriteaccount.DeleteFavoriteAccountTest","Surefire test","testcases.settings.favoriteaccount.DeleteFavoriteAccountTest","deleteFavoriteAccountWithEmptyBody"
"Delete Google Authenticator Menggunakan HTTP Method POST","5699","deleteOtpGoogleWithPostMethod","Surefire suite","Mon Sep 28 02:20:02 UTC 2026","passed","Mon Sep 28 02:20:07 UTC 2026","testcases.backoffice.googleauth.DeleteOtpGoogleTest","Surefire test","testcases.backoffice.googleauth.DeleteOtpGoogleTest","deleteOtpGoogleWithPostMethod"
"Created Favorite Account Dengan Header companyId Salah","1852","createdFavoriteAccountWithWrongCompanyIdHeader","Surefire suite","Mon Sep 28 02:50:11 UTC 2026","passed","Mon Sep 28 02:50:13 UTC 2026","testcases.settings.favoriteaccount.CreatedFavoriteAccountTest","Surefire test","testcases.settings.favoriteaccount.CreatedFavoriteAccountTest","createdFavoriteAccountWithWrongCompanyIdHeader"
"Get List Group Company BO Dengan groupName Berisi Spasi","4679","getListGroupCompanyWithWhitespaceGroupName","Surefire suite","Mon Sep 28 02:12:51 UTC 2026","passed","Mon Sep 28 02:12:55 UTC 2026","testcases.backoffice.settlement.GetListGroupCompanyTest","Surefire test","testcases.backoffice.settlement.GetListGroupCompanyTest","getListGroupCompanyWithWhitespaceGroupName"
"Transfer Different Partner Reference, Transfer to Manual Transfer","50841","trfPartnerRefTransferFailed","Surefire suite","Mon Sep 28 02:53:30 UTC 2026","passed","Mon Sep 28 02:54:21 UTC 2026","testcases.transfer.ManualTransferTest","Surefire test","testcases.transfer.ManualTransferTest","trfPartnerRefTransferFailed"
"Delete Group Backoffice Dengan id String Kosong","1597","deleteGroupWithEmptyId","Surefire suite","Mon Sep 28 02:11:17 UTC 2026","passed","Mon Sep 28 02:11:19 UTC 2026","testcases.backoffice.group.DeleteGroupTest","Surefire test","testcases.backoffice.group.DeleteGroupTest","deleteGroupWithEmptyId"
"Mutasi Special Transfer Balance Supervisor CS","34676","mutasiSpecialTransferBalanceSupervisorCS","Surefire suite","Mon Sep 28 04:29:07 UTC 2026","passed","Mon Sep 28 04:29:42 UTC 2026","testcases.mutasi.MutasiTransferTest","Surefire test","testcases.mutasi.MutasiTransferTest","mutasiSpecialTransferBalanceSupervisorCS"
"List Company Backoffice Dengan Body JSON Tidak Valid (Malformed)","9553","listCompanyWithMalformedJson","Surefire suite","Mon Sep 28 02:58:17 UTC 2026","passed","Mon Sep 28 02:58:27 UTC 2026","testcases.backoffice.ListCompanyTest","Surefire test","testcases.backoffice.ListCompanyTest","listCompanyWithMalformedJson"
"List Manage Settlement Backoffice Dengan Payload XSS pada Field Param","5534","listManageSettlementWithXssParam","Surefire suite","Mon Sep 28 02:49:08 UTC 2026","passed","Mon Sep 28 02:49:14 UTC 2026","testcases.backoffice.settlement.ManageSettlementTest","Surefire test","testcases.backoffice.settlement.ManageSettlementTest","listManageSettlementWithXssParam"
"Get History Manual Transfer Test Supervisor","15128","historyManualTransferTestSupervisor","Surefire suite","Mon Sep 28 04:08:03 UTC 2026","passed","Mon Sep 28 04:08:18 UTC 2026","testcases.history.HistoryTransferTest","Surefire test","testcases.history.HistoryTransferTest","historyManualTransferTestSupervisor"
"Request Refund Transfer CS","5447","refundTransferCS","Surefire suite","Mon Sep 28 02:10:04 UTC 2026","passed","Mon Sep 28 02:10:10 UTC 2026","testcases.transfer.RefundTransferTest","Surefire test","testcases.transfer.RefundTransferTest","refundTransferCS"
"Create Manage Settlement BO Dengan companyId Format Tidak Valid (Bukan ObjectId)","6096","addManageSettlementWithMalformedCompanyId","Surefire suite","Mon Sep 28 02:28:43 UTC 2026","passed","Mon Sep 28 02:28:49 UTC 2026","testcases.backoffice.settlement.AddManageSettlementTest","Surefire test","testcases.backoffice.settlement.AddManageSettlementTest","addManageSettlementWithMalformedCompanyId"
"Get Group Detail Backoffice Dengan Group Id Milik Entitas Lain (User Id)","9415","getGroupDetailWithForeignEntityId","Surefire suite","Mon Sep 28 02:27:36 UTC 2026","passed","Mon Sep 28 02:27:46 UTC 2026","testcases.backoffice.group.GetGroupTest","Surefire test","testcases.backoffice.group.GetGroupTest","getGroupDetailWithForeignEntityId"
"Delete Favorite Account Ke Path yang Tidak Ada (Typo)","45710","deleteFavoriteAccountWithWrongPath","Surefire suite","Mon Sep 28 02:36:28 UTC 2026","failed","Mon Sep 28 02:37:14 UTC 2026","testcases.settings.favoriteaccount.DeleteFavoriteAccountTest","Surefire test","testcases.settings.favoriteaccount.DeleteFavoriteAccountTest","deleteFavoriteAccountWithWrongPath"
"Get List Group Backoffice Dengan Token Kadaluarsa","1801","getListGroupWithExpiredToken","Surefire suite","Mon Sep 28 02:23:57 UTC 2026","passed","Mon Sep 28 02:23:59 UTC 2026","testcases.backoffice.group.GetListGroupTest","Surefire test","testcases.backoffice.group.GetListGroupTest","getListGroupWithExpiredToken"
"Delete Google Authenticator Menggunakan HTTP Method PUT","5489","deleteOtpGoogleWithPutMethod","Surefire suite","Mon Sep 28 02:20:10 UTC 2026","passed","Mon Sep 28 02:20:16 UTC 2026","testcases.backoffice.googleauth.DeleteOtpGoogleTest","Surefire test","testcases.backoffice.googleauth.DeleteOtpGoogleTest","deleteOtpGoogleWithPutMethod"
"List Refund Dengan Ukuran Halaman Sangat Besar","5571","listRefundWithHugeSize","Surefire suite","Mon Sep 28 03:58:34 UTC 2026","passed","Mon Sep 28 03:58:40 UTC 2026","testcases.backoffice.ListRefundTest","Surefire test","testcases.backoffice.ListRefundTest","listRefundWithHugeSize"
"Add Group Backoffice Menggunakan HTTP Method DELETE","1492","addGroupWithDeleteMethod","Surefire suite","Mon Sep 28 02:14:38 UTC 2026","passed","Mon Sep 28 02:14:39 UTC 2026","testcases.backoffice.group.AddGroupTest","Surefire test","testcases.backoffice.group.AddGroupTest","addGroupWithDeleteMethod"
"List Waiting Company Backoffice Tanpa Login/Header Auth","1811","listWaitingCompanyWithoutAuth","Surefire suite","Mon Sep 28 02:52:42 UTC 2026","passed","Mon Sep 28 02:52:44 UTC 2026","testcases.backoffice.ListWaitingCompanyTest","Surefire test","testcases.backoffice.ListWaitingCompanyTest","listWaitingCompanyWithoutAuth"
"List Company Backoffice Tanpa Body Sama Sekali","6606","listCompanyWithoutBody","Surefire suite","Mon Sep 28 02:59:36 UTC 2026","passed","Mon Sep 28 02:59:42 UTC 2026","testcases.backoffice.ListCompanyTest","Surefire test","testcases.backoffice.ListCompanyTest","listCompanyWithoutBody"
"Delete Favorite Account Dengan Token Valid Tapi Tanpa Header credentialId","50093","deleteFavoriteAccountWithoutCredentialIdHeader","Surefire suite","Mon Sep 28 02:38:21 UTC 2026","failed","Mon Sep 28 02:39:11 UTC 2026","testcases.settings.favoriteaccount.DeleteFavoriteAccountTest","Surefire test","testcases.settings.favoriteaccount.DeleteFavoriteAccountTest","deleteFavoriteAccountWithoutCredentialIdHeader"
"Get List Google Authenticator Ke Path yang Tidak Ada (Typo)","6638","listOtpGoogleWithWrongPath","Surefire suite","Mon Sep 28 02:49:29 UTC 2026","passed","Mon Sep 28 02:49:36 UTC 2026","testcases.backoffice.googleauth.ListOtpGoogleTest","Surefire test","testcases.backoffice.googleauth.ListOtpGoogleTest","listOtpGoogleWithWrongPath"
"Reset Password Marketing","5072","resetPasswordMarketing","Surefire suite","Mon Sep 28 02:10:29 UTC 2026","passed","Mon Sep 28 02:10:34 UTC 2026","testcases.settings.ResetPasswordTest","Surefire test","testcases.settings.ResetPasswordTest","resetPasswordMarketing"
"Refund Summary Dengan type Tidak Dikenal","1573","getRefundWithInvalidType","Surefire suite","Mon Sep 28 02:54:34 UTC 2026","passed","Mon Sep 28 02:54:36 UTC 2026","testcases.backoffice.refund.GetRefundTest","Surefire test","testcases.backoffice.refund.GetRefundTest","getRefundWithInvalidType"
"Delete Favorite Account Dengan id yang Tidak Pernah Ada","44668","deleteFavoriteAccountWithNonExistentId","Surefire suite","Mon Sep 28 02:30:58 UTC 2026","failed","Mon Sep 28 02:31:42 UTC 2026","testcases.settings.favoriteaccount.DeleteFavoriteAccountTest","Surefire test","testcases.settings.favoriteaccount.DeleteFavoriteAccountTest","deleteFavoriteAccountWithNonExistentId"
"List User Backoffice Tanpa Login/Header Auth","3986","listUsersWithoutAuth","Surefire suite","Mon Sep 28 03:02:53 UTC 2026","passed","Mon Sep 28 03:02:57 UTC 2026","testcases.backoffice.users.ListUsersTest","Surefire test","testcases.backoffice.users.ListUsersTest","listUsersWithoutAuth"
"List Refund Dengan Token Tidak Valid","1520","listRefundWithInvalidToken","Surefire suite","Mon Sep 28 03:59:10 UTC 2026","passed","Mon Sep 28 03:59:11 UTC 2026","testcases.backoffice.ListRefundTest","Surefire test","testcases.backoffice.ListRefundTest","listRefundWithInvalidToken"
"Reset Password Supervisor","5109","resetPasswordSupervisor","Surefire suite","Mon Sep 28 02:14:50 UTC 2026","passed","Mon Sep 28 02:14:55 UTC 2026","testcases.settings.ResetPasswordTest","Surefire test","testcases.settings.ResetPasswordTest","resetPasswordSupervisor"
"Inquiry Favorite Account CS","11779","inquiryFavoriteAccountCS","Surefire suite","Mon Sep 28 03:21:27 UTC 2026","passed","Mon Sep 28 03:21:39 UTC 2026","testcases.settings.favoriteaccount.InquiryFavoriteAccountTest","Surefire test","testcases.settings.favoriteaccount.InquiryFavoriteAccountTest","inquiryFavoriteAccountCS"
"Get List Group Company BO Menggunakan Login Merchant","4788","getListGroupCompanyWithMerchantLogin","Surefire suite","Mon Sep 28 02:11:39 UTC 2026","passed","Mon Sep 28 02:11:44 UTC 2026","testcases.backoffice.settlement.GetListGroupCompanyTest","Surefire test","testcases.backoffice.settlement.GetListGroupCompanyTest","getListGroupCompanyWithMerchantLogin"
"Mutasi Manual Transfer CS","41416","mutasiManualTransferCS","Surefire suite","Mon Sep 28 04:24:06 UTC 2026","passed","Mon Sep 28 04:24:47 UTC 2026","testcases.mutasi.MutasiTransferTest","Surefire test","testcases.mutasi.MutasiTransferTest","mutasiManualTransferCS"
"Get History Flop Transfer Test CS","22310","historyFlopTransferTestCS","Surefire suite","Mon Sep 28 04:05:12 UTC 2026","passed","Mon Sep 28 04:05:34 UTC 2026","testcases.history.HistoryTransferTest","Surefire test","testcases.history.HistoryTransferTest","historyFlopTransferTestCS"
"Normal Flop Transfer Balance Admin Crypto Success","11733","flopTransferBalanceAdminCrypto","Surefire suite","Mon Sep 28 02:12:38 UTC 2026","passed","Mon Sep 28 02:12:49 UTC 2026","testcases.transfer.TransferFlopTest","Surefire test","testcases.transfer.TransferFlopTest","flopTransferBalanceAdminCrypto"
"Request Refund Transfer Waiting Merchant","5112","refundTransferWaitingMerchant","Surefire suite","Mon Sep 28 02:55:43 UTC 2026","passed","Mon Sep 28 02:55:48 UTC 2026","testcases.transfer.RefundTransferTest","Surefire test","testcases.transfer.RefundTransferTest","refundTransferWaitingMerchant"
"Get Group Detail Backoffice Dengan Path Traversal pada Group Id","7934","getGroupDetailWithPathTraversalId","Surefire suite","Mon Sep 28 02:29:04 UTC 2026","passed","Mon Sep 28 02:29:12 UTC 2026","testcases.backoffice.group.GetGroupTest","Surefire test","testcases.backoffice.group.GetGroupTest","getGroupDetailWithPathTraversalId"
"Get History Transfer Test Admin Crypto","10760","historyTransferTestAdminCrypto","Surefire suite","Mon Sep 28 04:12:36 UTC 2026","passed","Mon Sep 28 04:12:46 UTC 2026","testcases.history.HistoryTransferTest","Surefire test","testcases.history.HistoryTransferTest","historyTransferTestAdminCrypto"
"Delete Group Backoffice Dengan Header pbyv Salah","1640","deleteGroupWithWrongPbyvHeader","Surefire suite","Mon Sep 28 02:13:17 UTC 2026","passed","Mon Sep 28 02:13:19 UTC 2026","testcases.backoffice.group.DeleteGroupTest","Surefire test","testcases.backoffice.group.DeleteGroupTest","deleteGroupWithWrongPbyvHeader"
"Get List Group Company BO Dengan Token Kadaluarsa","1533","getListGroupCompanyWithExpiredToken","Surefire suite","Mon Sep 28 02:11:17 UTC 2026","passed","Mon Sep 28 02:11:19 UTC 2026","testcases.backoffice.settlement.GetListGroupCompanyTest","Surefire test","testcases.backoffice.settlement.GetListGroupCompanyTest","getListGroupCompanyWithExpiredToken"
"Inquiry Favorite Account Dengan Content-Type text/plain","1771","inquiryFavoriteAccountWithWrongContentType","Surefire suite","Mon Sep 28 02:47:59 UTC 2026","passed","Mon Sep 28 02:48:01 UTC 2026","testcases.settings.favoriteaccount.InquiryFavoriteAccountTest","Surefire test","testcases.settings.favoriteaccount.InquiryFavoriteAccountTest","inquiryFavoriteAccountWithWrongContentType"
"Add Group Backoffice Dengan Header pbyv Salah","1825","addGroupWithWrongPbyvHeader","Surefire suite","Mon Sep 28 02:17:16 UTC 2026","passed","Mon Sep 28 02:17:18 UTC 2026","testcases.backoffice.group.AddGroupTest","Surefire test","testcases.backoffice.group.AddGroupTest","addGroupWithWrongPbyvHeader"
"Normal Transfer USDT Success","10896","transfer","Surefire suite","Mon Sep 28 02:19:58 UTC 2026","passed","Mon Sep 28 02:20:09 UTC 2026","testcases.transfer.TransferUSDTTest","Surefire test","testcases.transfer.TransferUSDTTest","transfer"
"Delete Group Backoffice Dengan Format id Tidak Valid (Bukan ObjectId)","1588","deleteGroupWithInvalidIdFormat","Surefire suite","Mon Sep 28 02:11:41 UTC 2026","passed","Mon Sep 28 02:11:42 UTC 2026","testcases.backoffice.group.DeleteGroupTest","Surefire test","testcases.backoffice.group.DeleteGroupTest","deleteGroupWithInvalidIdFormat"
"Get History Flop Transfer Supervisor on Login CS Admin","20661","historyFlopTransferSupervisorTestCSAdmin","Surefire suite","Mon Sep 28 04:03:49 UTC 2026","passed","Mon Sep 28 04:04:09 UTC 2026","testcases.history.HistoryTransferTest","Surefire test","testcases.history.HistoryTransferTest","historyFlopTransferSupervisorTestCSAdmin"
"Reset Pin Supervisor","5839","resetPinSupervisor","Surefire suite","Mon Sep 28 02:14:41 UTC 2026","passed","Mon Sep 28 02:14:47 UTC 2026","testcases.settings.ResetPinTest","Surefire test","testcases.settings.ResetPinTest","resetPinSupervisor"
"Get History Special Transfer Test Supervisor","19588","historySpecialTransferTestSupervisor","Surefire suite","Mon Sep 28 04:10:48 UTC 2026","passed","Mon Sep 28 04:11:08 UTC 2026","testcases.history.HistoryTransferTest","Surefire test","testcases.history.HistoryTransferTest","historySpecialTransferTestSupervisor"
"Test Approved USDT Supervisor","20382","approvedUSDTSupervisor","Surefire suite","Mon Sep 28 03:37:02 UTC 2026","passed","Mon Sep 28 03:37:22 UTC 2026","testcases.backoffice.ApprovalTransferTest","Surefire test","testcases.backoffice.ApprovalTransferTest","approvedUSDTSupervisor"
"Get List Favorite Account Dengan Content-Type text/plain","1656","getListFavoriteAccountWithWrongContentType","Surefire suite","Mon Sep 28 04:47:30 UTC 2026","passed","Mon Sep 28 04:47:31 UTC 2026","testcases.settings.favoriteaccount.GetListFavoriteAccountTest","Surefire test","testcases.settings.favoriteaccount.GetListFavoriteAccountTest","getListFavoriteAccountWithWrongContentType"
"Get List Google Authenticator Dengan Tipe Data Salah pada Field limit (String, Bukan Integer)","8111","listOtpGoogleWithInvalidFieldType","Surefire suite","Mon Sep 28 02:46:58 UTC 2026","passed","Mon Sep 28 02:47:06 UTC 2026","testcases.backoffice.googleauth.ListOtpGoogleTest","Surefire test","testcases.backoffice.googleauth.ListOtpGoogleTest","listOtpGoogleWithInvalidFieldType"
"Get List Google Authenticator Dengan Field Sort Merujuk ke Kolom yang Tidak Ada","5139","listOtpGoogleWithInvalidSortField","Surefire suite","Mon Sep 28 02:47:09 UTC 2026","passed","Mon Sep 28 02:47:14 UTC 2026","testcases.backoffice.googleauth.ListOtpGoogleTest","Surefire test","testcases.backoffice.googleauth.ListOtpGoogleTest","listOtpGoogleWithInvalidSortField"
"Check Status QR Supervisor","12606","checkStatusQRSupervisor","Surefire suite","Mon Sep 28 03:11:19 UTC 2026","passed","Mon Sep 28 03:11:31 UTC 2026","testcases.QR.CheckStatusQRTest","Surefire test","testcases.QR.CheckStatusQRTest","checkStatusQRSupervisor"
"List Waiting Company Backoffice Menggunakan Login CS Admin","7559","listWaitingCompanyWithCSAdminLogin","Surefire suite","Mon Sep 28 02:50:36 UTC 2026","passed","Mon Sep 28 02:50:44 UTC 2026","testcases.backoffice.ListWaitingCompanyTest","Surefire test","testcases.backoffice.ListWaitingCompanyTest","listWaitingCompanyWithCSAdminLogin"
"Add Group Backoffice Tanpa Field name","1799","addGroupWithoutNameField","Surefire suite","Mon Sep 28 02:17:35 UTC 2026","passed","Mon Sep 28 02:17:37 UTC 2026","testcases.backoffice.group.AddGroupTest","Surefire test","testcases.backoffice.group.AddGroupTest","addGroupWithoutNameField"
"Delete Favorite Account Tanpa Field id","47064","deleteFavoriteAccountWithoutIdField","Surefire suite","Mon Sep 28 02:39:14 UTC 2026","failed","Mon Sep 28 02:40:01 UTC 2026","testcases.settings.favoriteaccount.DeleteFavoriteAccountTest","Surefire test","testcases.settings.favoriteaccount.DeleteFavoriteAccountTest","deleteFavoriteAccountWithoutIdField"
"Add Currency CS Admin Path Dengan Body JSON Tidak Valid (Malformed)","1628","addCurrencyWithMalformedJson","Surefire suite","Mon Sep 28 03:51:47 UTC 2026","passed","Mon Sep 28 03:51:49 UTC 2026","testcases.backoffice.currency.AddCurrencyTest","Surefire test","testcases.backoffice.currency.AddCurrencyTest","addCurrencyWithMalformedJson"
"Test Get Report Transaction Group","5085","getReportTransactionAdmin","Surefire suite","Mon Sep 28 02:11:36 UTC 2026","passed","Mon Sep 28 02:11:41 UTC 2026","testcases.report.ReportTransactionTest","Surefire test","testcases.report.ReportTransactionTest","getReportTransactionAdmin"
"Add Group Backoffice Dengan Header Authorization Tanpa Skema Bearer","1617","addGroupWithMalformedAuthorizationHeader","Surefire suite","Mon Sep 28 02:15:43 UTC 2026","passed","Mon Sep 28 02:15:44 UTC 2026","testcases.backoffice.group.AddGroupTest","Surefire test","testcases.backoffice.group.AddGroupTest","addGroupWithMalformedAuthorizationHeader"
"Create Manage Settlement BO Dengan Body JSON Tidak Valid (Malformed)","5558","addManageSettlementWithMalformedJson","Surefire suite","Mon Sep 28 02:28:52 UTC 2026","passed","Mon Sep 28 02:28:58 UTC 2026","testcases.backoffice.settlement.AddManageSettlementTest","Surefire test","testcases.backoffice.settlement.AddManageSettlementTest","addManageSettlementWithMalformedJson"
"Get Detail Waiting Company Backoffice Dengan Token Kadaluarsa","1758","getDetailWaitingCompanyWithExpiredToken","Surefire suite","Mon Sep 28 02:20:11 UTC 2026","passed","Mon Sep 28 02:20:13 UTC 2026","testcases.backoffice.GetDetailWaitingCompanyTest","Surefire test","testcases.backoffice.GetDetailWaitingCompanyTest","getDetailWaitingCompanyWithExpiredToken"
"Created Favorite Account Tanpa Login/Header Auth","2504","createdFavoriteAccountWithoutAuth","Surefire suite","Mon Sep 28 02:50:35 UTC 2026","passed","Mon Sep 28 02:50:38 UTC 2026","testcases.settings.favoriteaccount.CreatedFavoriteAccountTest","Surefire test","testcases.settings.favoriteaccount.CreatedFavoriteAccountTest","createdFavoriteAccountWithoutAuth"
"Get Detail User Backoffice Tanpa Login/Header Auth","1802","getUsersWithoutAuth","Surefire suite","Mon Sep 28 03:00:42 UTC 2026","passed","Mon Sep 28 03:00:44 UTC 2026","testcases.backoffice.users.ListUsersTest","Surefire test","testcases.backoffice.users.ListUsersTest","getUsersWithoutAuth"
"List Currency USDT Dengan Ukuran Halaman Sangat Besar","1946","getCurrencyWithHugeSize","Surefire suite","Mon Sep 28 02:17:11 UTC 2026","passed","Mon Sep 28 02:17:13 UTC 2026","testcases.backoffice.currency.GetCurrencyTest","Surefire test","testcases.backoffice.currency.GetCurrencyTest","getCurrencyWithHugeSize"
"Delete Manage Settlement BO Dengan id Berisi Spasi","5746","deleteManageSettlementWithWhitespaceId","Surefire suite","Mon Sep 28 02:25:10 UTC 2026","passed","Mon Sep 28 02:25:16 UTC 2026","testcases.backoffice.settlement.DeleteManageSettlementTest","Surefire test","testcases.backoffice.settlement.DeleteManageSettlementTest","deleteManageSettlementWithWhitespaceId"
"Refund Summary Dengan startDate Bukan Format Tanggal","1547","getRefundWithInvalidStartDate","Surefire suite","Mon Sep 28 02:54:24 UTC 2026","passed","Mon Sep 28 02:54:26 UTC 2026","testcases.backoffice.refund.GetRefundTest","Surefire test","testcases.backoffice.refund.GetRefundTest","getRefundWithInvalidStartDate"
"Request Refund Transfer Admin Crypto","5306","refundTransferAdminCrypto","Surefire suite","Mon Sep 28 02:12:52 UTC 2026","passed","Mon Sep 28 02:12:58 UTC 2026","testcases.transfer.RefundTransferTest","Surefire test","testcases.transfer.RefundTransferTest","refundTransferAdminCrypto"
"Get Balance Admin Crypto Transfer","6783","getBalanceAdminCrypto","Surefire suite","Mon Sep 28 02:10:15 UTC 2026","passed","Mon Sep 28 02:10:22 UTC 2026","testcases.balance.GetBalanceTransferTest","Surefire test","testcases.balance.GetBalanceTransferTest","getBalanceAdminCrypto"
"Get History QR Supervisor Success Paid","22768","historyQRTestPaidSupervisor","Surefire suite","Mon Sep 28 03:08:15 UTC 2026","passed","Mon Sep 28 03:08:38 UTC 2026","testcases.history.HistoryQRTest","Surefire test","testcases.history.HistoryQRTest","historyQRTestPaidSupervisor"
"Get Detail Waiting Company Backoffice Menggunakan Login Marketing","6944","getDetailWaitingCompanyWithMarketingLogin","Surefire suite","Mon Sep 28 02:20:45 UTC 2026","passed","Mon Sep 28 02:20:52 UTC 2026","testcases.backoffice.GetDetailWaitingCompanyTest","Surefire test","testcases.backoffice.GetDetailWaitingCompanyTest","getDetailWaitingCompanyWithMarketingLogin"
"Add Group Ke Path yang Tidak Ada (Typo)","1570","addGroupWithWrongPath","Surefire suite","Mon Sep 28 02:17:12 UTC 2026","passed","Mon Sep 28 02:17:13 UTC 2026","testcases.backoffice.group.AddGroupTest","Surefire test","testcases.backoffice.group.AddGroupTest","addGroupWithWrongPath"
"Get History Manual Transfer Test","10381","historyManualTransferTest","Surefire suite","Mon Sep 28 04:06:33 UTC 2026","passed","Mon Sep 28 04:06:44 UTC 2026","testcases.history.HistoryTransferTest","Surefire test","testcases.history.HistoryTransferTest","historyManualTransferTest"
"Delete Manage Settlement BO Dengan Token Tidak Valid","3488","deleteManageSettlementWithInvalidToken","Surefire suite","Mon Sep 28 02:23:16 UTC 2026","passed","Mon Sep 28 02:23:20 UTC 2026","testcases.backoffice.settlement.DeleteManageSettlementTest","Surefire test","testcases.backoffice.settlement.DeleteManageSettlementTest","deleteManageSettlementWithInvalidToken"
"Refund Summary Dengan Field Tidak Dikenal pada Body","1618","getRefundWithUnknownField","Surefire suite","Mon Sep 28 02:55:54 UTC 2026","passed","Mon Sep 28 02:55:56 UTC 2026","testcases.backoffice.refund.GetRefundTest","Surefire test","testcases.backoffice.refund.GetRefundTest","getRefundWithUnknownField"
"Delete Group Backoffice Dengan Payload XSS pada name","1614","deleteGroupWithXssName","Surefire suite","Mon Sep 28 02:13:22 UTC 2026","passed","Mon Sep 28 02:13:24 UTC 2026","testcases.backoffice.group.DeleteGroupTest","Surefire test","testcases.backoffice.group.DeleteGroupTest","deleteGroupWithXssName"
"Add Currency CS Admin Path Dengan Key rate Terduplikasi","3193","addCurrencyWithDuplicateRateKeys","Surefire suite","Mon Sep 28 03:51:04 UTC 2026","passed","Mon Sep 28 03:51:07 UTC 2026","testcases.backoffice.currency.AddCurrencyTest","Surefire test","testcases.backoffice.currency.AddCurrencyTest","addCurrencyWithDuplicateRateKeys"
"List Currency USDT Menggunakan HTTP Method GET","1643","getCurrencyWithGetMethod","Surefire suite","Mon Sep 28 02:17:06 UTC 2026","passed","Mon Sep 28 02:17:08 UTC 2026","testcases.backoffice.currency.GetCurrencyTest","Surefire test","testcases.backoffice.currency.GetCurrencyTest","getCurrencyWithGetMethod"
"Delete Favorite Account Dengan Karakter SQL Injection pada id","50827","deleteFavoriteAccountWithSqlInjectionId","Surefire suite","Mon Sep 28 02:32:49 UTC 2026","failed","Mon Sep 28 02:33:40 UTC 2026","testcases.settings.favoriteaccount.DeleteFavoriteAccountTest","Surefire test","testcases.settings.favoriteaccount.DeleteFavoriteAccountTest","deleteFavoriteAccountWithSqlInjectionId"
"Test Get Bank Statement","5142","getReportBankStatementAdmin","Surefire suite","Mon Sep 28 02:10:52 UTC 2026","passed","Mon Sep 28 02:10:58 UTC 2026","testcases.report.ReportTransactionTest","Surefire test","testcases.report.ReportTransactionTest","getReportBankStatementAdmin"
"Get Dashboard Backoffice Menggunakan Login Marketing","6324","getDashboardWithMarketingLogin","Surefire suite","Mon Sep 28 02:14:26 UTC 2026","passed","Mon Sep 28 02:14:32 UTC 2026","testcases.backoffice.GetDashboardTest","Surefire test","testcases.backoffice.GetDashboardTest","getDashboardWithMarketingLogin"
"Normal Manual Transfer Success Admin Crypto","7912","manualTransferAdminCrypto","Surefire suite","Mon Sep 28 02:10:56 UTC 2026","passed","Mon Sep 28 02:11:04 UTC 2026","testcases.transfer.ManualTransferTest","Surefire test","testcases.transfer.ManualTransferTest","manualTransferAdminCrypto"
"Get Notification Sender Dengan pinValidasi Kosong","5800","getNotificationSenderWithEmptyPinValidasi","Surefire suite","Mon Sep 28 02:51:05 UTC 2026","passed","Mon Sep 28 02:51:11 UTC 2026","testcases.backoffice.notifsender.NotificationSenderTest","Surefire test","testcases.backoffice.notifsender.NotificationSenderTest","getNotificationSenderWithEmptyPinValidasi"
"Add Currency CS Admin Path Dengan Header Authorization Tanpa Skema Bearer","1756","addCurrencyWithMalformedAuthorizationHeader","Surefire suite","Mon Sep 28 03:51:43 UTC 2026","passed","Mon Sep 28 03:51:44 UTC 2026","testcases.backoffice.currency.AddCurrencyTest","Surefire test","testcases.backoffice.currency.AddCurrencyTest","addCurrencyWithMalformedAuthorizationHeader"
"Refund Summary Menggunakan Login Merchant","5132","getRefundWithMerchantLogin","Surefire suite","Mon Sep 28 02:54:57 UTC 2026","passed","Mon Sep 28 02:55:02 UTC 2026","testcases.backoffice.refund.GetRefundTest","Surefire test","testcases.backoffice.refund.GetRefundTest","getRefundWithMerchantLogin"
"Get Notification Sender Dengan Content-Type text/plain","4702","getNotificationSenderWithWrongContentType","Surefire suite","Mon Sep 28 02:54:29 UTC 2026","passed","Mon Sep 28 02:54:34 UTC 2026","testcases.backoffice.notifsender.NotificationSenderTest","Surefire test","testcases.backoffice.notifsender.NotificationSenderTest","getNotificationSenderWithWrongContentType"
"Delete Favorite Account Dengan Body JSON Tidak Valid (Malformed)","1543","deleteFavoriteAccountWithMalformedJson","Surefire suite","Mon Sep 28 02:30:53 UTC 2026","passed","Mon Sep 28 02:30:55 UTC 2026","testcases.settings.favoriteaccount.DeleteFavoriteAccountTest","Surefire test","testcases.settings.favoriteaccount.DeleteFavoriteAccountTest","deleteFavoriteAccountWithMalformedJson"
"Created Favorite Account Dengan Token Valid Tapi Tanpa Header credentialId","1985","createdFavoriteAccountWithoutCredentialIdHeader","Surefire suite","Mon Sep 28 02:50:56 UTC 2026","passed","Mon Sep 28 02:50:57 UTC 2026","testcases.settings.favoriteaccount.CreatedFavoriteAccountTest","Surefire test","testcases.settings.favoriteaccount.CreatedFavoriteAccountTest","createdFavoriteAccountWithoutCredentialIdHeader"
"Test Reject USDT","25270","rejectedUSDT","Surefire suite","Mon Sep 28 03:41:44 UTC 2026","passed","Mon Sep 28 03:42:09 UTC 2026","testcases.backoffice.ApprovalTransferTest","Surefire test","testcases.backoffice.ApprovalTransferTest","rejectedUSDT"
"Get List Group Backoffice Dengan Body Berupa Literal null","3438","getListGroupWithNullLiteralBody","Surefire suite","Mon Sep 28 02:24:58 UTC 2026","passed","Mon Sep 28 02:25:01 UTC 2026","testcases.backoffice.group.GetListGroupTest","Surefire test","testcases.backoffice.group.GetListGroupTest","getListGroupWithNullLiteralBody"
"Get History Flop Transfer Test Admin Crypto","13959","historyFlopTransferTestAdminCrypto","Surefire suite","Mon Sep 28 04:04:55 UTC 2026","passed","Mon Sep 28 04:05:09 UTC 2026","testcases.history.HistoryTransferTest","Surefire test","testcases.history.HistoryTransferTest","historyFlopTransferTestAdminCrypto"
"Add Currency CS Admin Path Dengan Body Kosong ({})","2625","addCurrencyWithEmptyBody","Surefire suite","Mon Sep 28 03:51:16 UTC 2026","passed","Mon Sep 28 03:51:19 UTC 2026","testcases.backoffice.currency.AddCurrencyTest","Surefire test","testcases.backoffice.currency.AddCurrencyTest","addCurrencyWithEmptyBody"
"Add Group Backoffice Dengan Token Kadaluarsa","1570","addGroupWithExpiredToken","Surefire suite","Mon Sep 28 02:15:10 UTC 2026","passed","Mon Sep 28 02:15:12 UTC 2026","testcases.backoffice.group.AddGroupTest","Surefire test","testcases.backoffice.group.AddGroupTest","addGroupWithExpiredToken"
"Get Notification Sender Dengan Page/Size Negatif","5005","getNotificationSenderWithNegativePageSize","Surefire suite","Mon Sep 28 02:53:03 UTC 2026","passed","Mon Sep 28 02:53:08 UTC 2026","testcases.backoffice.notifsender.NotificationSenderTest","Surefire test","testcases.backoffice.notifsender.NotificationSenderTest","getNotificationSenderWithNegativePageSize"
"Delete Group Backoffice yang Sama Dipanggil Dua Kali (Sudah Terhapus)","16429","deleteGroupAlreadyDeleted","Surefire suite","Mon Sep 28 02:09:51 UTC 2026","broken","Mon Sep 28 02:10:07 UTC 2026","testcases.backoffice.group.DeleteGroupTest","Surefire test","testcases.backoffice.group.DeleteGroupTest","deleteGroupAlreadyDeleted"
"Transfer Different Partner Reference, Transfer to USDT Transfer","54428","trfPartnerRefTransferFailed","Surefire suite","Mon Sep 28 02:23:14 UTC 2026","failed","Mon Sep 28 02:24:08 UTC 2026","testcases.transfer.TransferUSDTTest","Surefire test","testcases.transfer.TransferUSDTTest","trfPartnerRefTransferFailed"
"Create Manage Settlement BO Dengan Body Berupa JSON Array ([])","6631","addManageSettlementWithArrayBody","Surefire suite","Mon Sep 28 02:26:46 UTC 2026","passed","Mon Sep 28 02:26:53 UTC 2026","testcases.backoffice.settlement.AddManageSettlementTest","Surefire test","testcases.backoffice.settlement.AddManageSettlementTest","addManageSettlementWithArrayBody"
"Get List Group Company BO Menggunakan Login Marketing","4896","getListGroupCompanyWithMarketingLogin","Surefire suite","Mon Sep 28 02:11:31 UTC 2026","passed","Mon Sep 28 02:11:36 UTC 2026","testcases.backoffice.settlement.GetListGroupCompanyTest","Surefire test","testcases.backoffice.settlement.GetListGroupCompanyTest","getListGroupCompanyWithMarketingLogin"
"Add Group Backoffice Dengan Body JSON Tidak Valid (Malformed)","1552","addGroupWithMalformedJson","Surefire suite","Mon Sep 28 02:15:47 UTC 2026","passed","Mon Sep 28 02:15:49 UTC 2026","testcases.backoffice.group.AddGroupTest","Surefire test","testcases.backoffice.group.AddGroupTest","addGroupWithMalformedJson"
"Resend Google Authenticator Dengan Body Berupa JSON Array ([])","8497","resendOtpGoogleWithArrayBody","Surefire suite","Mon Sep 28 02:55:49 UTC 2026","passed","Mon Sep 28 02:55:58 UTC 2026","testcases.backoffice.googleauth.ResendOtpGoogleTest","Surefire test","testcases.backoffice.googleauth.ResendOtpGoogleTest","resendOtpGoogleWithArrayBody"
"Transfer Different Parner Reference Supervisor, Special Transfer to Transfer","50441","trfPartnerRefSpecialSpvFailed","Surefire suite","Mon Sep 28 02:12:55 UTC 2026","passed","Mon Sep 28 02:13:45 UTC 2026","testcases.transfer.TransferTest","Surefire test","testcases.transfer.TransferTest","trfPartnerRefSpecialSpvFailed"
"List Currency USDT Dengan Body JSON Tidak Valid (Malformed)","1544","getCurrencyWithMalformedJson","Surefire suite","Mon Sep 28 02:17:36 UTC 2026","passed","Mon Sep 28 02:17:38 UTC 2026","testcases.backoffice.currency.GetCurrencyTest","Surefire test","testcases.backoffice.currency.GetCurrencyTest","getCurrencyWithMalformedJson"
"Reset Password Admin Crypto","5216","resetPasswordAdminCrypto","Surefire suite","Mon Sep 28 02:10:47 UTC 2026","passed","Mon Sep 28 02:10:53 UTC 2026","testcases.settings.ResetPasswordTest","Surefire test","testcases.settings.ResetPasswordTest","resetPasswordAdminCrypto"
"Create Manage Settlement BO Dengan Tipe Data Salah pada companyList (String, Bukan Array)","6915","addManageSettlementWithInvalidFieldType","Surefire suite","Mon Sep 28 02:28:24 UTC 2026","passed","Mon Sep 28 02:28:31 UTC 2026","testcases.backoffice.settlement.AddManageSettlementTest","Surefire test","testcases.backoffice.settlement.AddManageSettlementTest","addManageSettlementWithInvalidFieldType"
"Delete Google Authenticator Menggunakan Login Admin","4644","deleteOtpGoogleWithAdminLogin","Surefire suite","Mon Sep 28 02:18:01 UTC 2026","passed","Mon Sep 28 02:18:06 UTC 2026","testcases.backoffice.googleauth.DeleteOtpGoogleTest","Surefire test","testcases.backoffice.googleauth.DeleteOtpGoogleTest","deleteOtpGoogleWithAdminLogin"
"Test Settlement USDT CS Admin dengan check Fee di Admin Crypto dan Admin Fee","68495","settlementUSDTCSAdmin","Surefire suite","Mon Sep 28 03:43:52 UTC 2026","passed","Mon Sep 28 03:45:01 UTC 2026","testcases.backoffice.ApprovalTransferTest","Surefire test","testcases.backoffice.ApprovalTransferTest","settlementUSDTCSAdmin"
"Reset Password Merchant","7810","resetPasswordMerchant","Surefire suite","Mon Sep 28 02:24:11 UTC 2026","passed","Mon Sep 28 02:24:19 UTC 2026","testcases.settings.ResetPasswordTest","Surefire test","testcases.settings.ResetPasswordTest","resetPasswordMerchant"
"List Manage Settlement Backoffice Dengan Body JSON Tidak Valid (Malformed)","4921","listManageSettlementWithMalformedJson","Surefire suite","Mon Sep 28 02:46:53 UTC 2026","passed","Mon Sep 28 02:46:58 UTC 2026","testcases.backoffice.settlement.ManageSettlementTest","Surefire test","testcases.backoffice.settlement.ManageSettlementTest","listManageSettlementWithMalformedJson"
"Get Notification Sender Menggunakan Login Marketing","7452","getNotificationSenderWithMarketingLogin","Surefire suite","Mon Sep 28 02:52:43 UTC 2026","passed","Mon Sep 28 02:52:50 UTC 2026","testcases.backoffice.notifsender.NotificationSenderTest","Surefire test","testcases.backoffice.notifsender.NotificationSenderTest","getNotificationSenderWithMarketingLogin"
"Get Group Backoffice Menggunakan Login Admin Crypto","5018","getGroupWithAdminCryptoLogin","Surefire suite","Mon Sep 28 02:15:06 UTC 2026","passed","Mon Sep 28 02:15:11 UTC 2026","testcases.backoffice.GetDashboardTest","Surefire test","testcases.backoffice.GetDashboardTest","getGroupWithAdminCryptoLogin"
"Get List Group Company BO Dengan Token Backoffice Valid Tapi Tanpa Header pbyv","4889","getListGroupCompanyWithoutPbyvHeader","Surefire suite","Mon Sep 28 02:13:33 UTC 2026","passed","Mon Sep 28 02:13:38 UTC 2026","testcases.backoffice.settlement.GetListGroupCompanyTest","Surefire test","testcases.backoffice.settlement.GetListGroupCompanyTest","getListGroupCompanyWithoutPbyvHeader"
"List User Backoffice Dengan Tipe Data Salah pada Field Limit (String, Bukan Integer)","7394","listUsersWithInvalidFieldType","Surefire suite","Mon Sep 28 03:01:34 UTC 2026","passed","Mon Sep 28 03:01:42 UTC 2026","testcases.backoffice.users.ListUsersTest","Surefire test","testcases.backoffice.users.ListUsersTest","listUsersWithInvalidFieldType"
"Inquiry Favorite Account Tanpa Login/Header Auth","1528","inquiryFavoriteAccountWithoutAuth","Surefire suite","Mon Sep 28 02:48:15 UTC 2026","passed","Mon Sep 28 02:48:16 UTC 2026","testcases.settings.favoriteaccount.InquiryFavoriteAccountTest","Surefire test","testcases.settings.favoriteaccount.InquiryFavoriteAccountTest","inquiryFavoriteAccountWithoutAuth"
"Get List Group Backoffice Dengan Token Backoffice Valid Tapi Tanpa Header pbyv","2976","getListGroupWithoutPbyvHeader","Surefire suite","Mon Sep 28 02:26:32 UTC 2026","passed","Mon Sep 28 02:26:35 UTC 2026","testcases.backoffice.group.GetListGroupTest","Surefire test","testcases.backoffice.group.GetListGroupTest","getListGroupWithoutPbyvHeader"
"Get List Google Authenticator Dengan Header Authorization Tanpa Skema Bearer","1483","listOtpGoogleWithMalformedAuthorizationHeader","Surefire suite","Mon Sep 28 02:47:22 UTC 2026","passed","Mon Sep 28 02:47:23 UTC 2026","testcases.backoffice.googleauth.ListOtpGoogleTest","Surefire test","testcases.backoffice.googleauth.ListOtpGoogleTest","listOtpGoogleWithMalformedAuthorizationHeader"
"Delete Group Backoffice Dengan Header Authorization Tanpa Skema Bearer","1580","deleteGroupWithMalformedAuthorizationHeader","Surefire suite","Mon Sep 28 02:11:50 UTC 2026","passed","Mon Sep 28 02:11:51 UTC 2026","testcases.backoffice.group.DeleteGroupTest","Surefire test","testcases.backoffice.group.DeleteGroupTest","deleteGroupWithMalformedAuthorizationHeader"
"Get List Group Company BO Tanpa Login/Header Auth","1500","getListGroupCompanyWithoutAuth","Surefire suite","Mon Sep 28 02:13:15 UTC 2026","passed","Mon Sep 28 02:13:16 UTC 2026","testcases.backoffice.settlement.GetListGroupCompanyTest","Surefire test","testcases.backoffice.settlement.GetListGroupCompanyTest","getListGroupCompanyWithoutAuth"
"Get Group Detail Backoffice Menggunakan Login Marketing","7478","getGroupDetailWithMarketingLogin","Surefire suite","Mon Sep 28 02:28:18 UTC 2026","passed","Mon Sep 28 02:28:26 UTC 2026","testcases.backoffice.group.GetGroupTest","Surefire test","testcases.backoffice.group.GetGroupTest","getGroupDetailWithMarketingLogin"
"Success Assignment Cash Deposit Supervisor","22918","assignCashDepositSupervisorTest","Surefire suite","Mon Sep 28 03:00:42 UTC 2026","passed","Mon Sep 28 03:01:05 UTC 2026","testcases.backoffice.TransferAssignmentTest","Surefire test","testcases.backoffice.TransferAssignmentTest","assignCashDepositSupervisorTest"
"Get Notification Sender Menggunakan Login Customer Service","6146","getNotificationSenderWithCSLogin","Surefire suite","Mon Sep 28 02:50:35 UTC 2026","passed","Mon Sep 28 02:50:41 UTC 2026","testcases.backoffice.notifsender.NotificationSenderTest","Surefire test","testcases.backoffice.notifsender.NotificationSenderTest","getNotificationSenderWithCSLogin"
"List User Backoffice Menggunakan Login Marketing","9361","listUsersWithMarketingLogin","Surefire suite","Mon Sep 28 03:02:06 UTC 2026","passed","Mon Sep 28 03:02:15 UTC 2026","testcases.backoffice.users.ListUsersTest","Surefire test","testcases.backoffice.users.ListUsersTest","listUsersWithMarketingLogin"
"Refund Summary Dengan type Bertipe Angka (Bukan String)","1629","getRefundWithNumericType","Surefire suite","Mon Sep 28 02:55:23 UTC 2026","passed","Mon Sep 28 02:55:25 UTC 2026","testcases.backoffice.refund.GetRefundTest","Surefire test","testcases.backoffice.refund.GetRefundTest","getRefundWithNumericType"
"Get List Group Company BO Dengan groupName Tidak Terdaftar","4774","getListGroupCompanyWithNonExistentGroupName","Surefire suite","Mon Sep 28 02:11:56 UTC 2026","passed","Mon Sep 28 02:12:00 UTC 2026","testcases.backoffice.settlement.GetListGroupCompanyTest","Surefire test","testcases.backoffice.settlement.GetListGroupCompanyTest","getListGroupCompanyWithNonExistentGroupName"
"Get List Google Authenticator Dengan Body Berupa Literal null","6819","listOtpGoogleWithNullLiteralBody","Surefire suite","Mon Sep 28 02:48:20 UTC 2026","passed","Mon Sep 28 02:48:27 UTC 2026","testcases.backoffice.googleauth.ListOtpGoogleTest","Surefire test","testcases.backoffice.googleauth.ListOtpGoogleTest","listOtpGoogleWithNullLiteralBody"
"List User Backoffice Dengan Token Tidak Valid","1674","listUsersWithInvalidToken","Surefire suite","Mon Sep 28 03:01:53 UTC 2026","passed","Mon Sep 28 03:01:55 UTC 2026","testcases.backoffice.users.ListUsersTest","Surefire test","testcases.backoffice.users.ListUsersTest","listUsersWithInvalidToken"
"Get List Group Company BO Dengan Header groupName Kosong","5517","getListGroupCompanyWithEmptyGroupNameHeader","Surefire suite","Mon Sep 28 02:11:09 UTC 2026","passed","Mon Sep 28 02:11:14 UTC 2026","testcases.backoffice.settlement.GetListGroupCompanyTest","Surefire test","testcases.backoffice.settlement.GetListGroupCompanyTest","getListGroupCompanyWithEmptyGroupNameHeader"
"Mutasi Manual Transfer Balance CS","53269","mutasiManualTransferBalanceSupervisorCS","Surefire suite","Mon Sep 28 04:23:09 UTC 2026","passed","Mon Sep 28 04:24:03 UTC 2026","testcases.mutasi.MutasiTransferTest","Surefire test","testcases.mutasi.MutasiTransferTest","mutasiManualTransferBalanceSupervisorCS"
"Get Notification Sender Dengan Token Backoffice Valid Tapi Tanpa Header pbyv","4696","getNotificationSenderWithoutPbyvHeader","Surefire suite","Mon Sep 28 02:55:07 UTC 2026","passed","Mon Sep 28 02:55:11 UTC 2026","testcases.backoffice.notifsender.NotificationSenderTest","Surefire test","testcases.backoffice.notifsender.NotificationSenderTest","getNotificationSenderWithoutPbyvHeader"
"Resend Google Authenticator Dengan Token Kadaluarsa","1644","resendOtpGoogleWithExpiredToken","Surefire suite","Mon Sep 28 02:56:58 UTC 2026","passed","Mon Sep 28 02:56:59 UTC 2026","testcases.backoffice.googleauth.ResendOtpGoogleTest","Surefire test","testcases.backoffice.googleauth.ResendOtpGoogleTest","resendOtpGoogleWithExpiredToken"
"Get List Group Company BO Menggunakan Login Admin","4969","getListGroupCompanyWithAdminLogin","Surefire suite","Mon Sep 28 02:10:28 UTC 2026","passed","Mon Sep 28 02:10:33 UTC 2026","testcases.backoffice.settlement.GetListGroupCompanyTest","Surefire test","testcases.backoffice.settlement.GetListGroupCompanyTest","getListGroupCompanyWithAdminLogin"
"Inquiry Favorite Account Menggunakan HTTP Method PUT","1560","inquiryFavoriteAccountWithPutMethod","Surefire suite","Mon Sep 28 02:47:36 UTC 2026","failed","Mon Sep 28 02:47:37 UTC 2026","testcases.settings.favoriteaccount.InquiryFavoriteAccountTest","Surefire test","testcases.settings.favoriteaccount.InquiryFavoriteAccountTest","inquiryFavoriteAccountWithPutMethod"
"Get Group Detail Backoffice Menggunakan Login Admin Crypto","4884","getGroupDetailWithAdminCryptoLogin","Surefire suite","Mon Sep 28 02:26:53 UTC 2026","passed","Mon Sep 28 02:26:58 UTC 2026","testcases.backoffice.group.GetGroupTest","Surefire test","testcases.backoffice.group.GetGroupTest","getGroupDetailWithAdminCryptoLogin"
"List Currency USDT Tanpa Body Sama Sekali","1743","getCurrencyWithoutBody","Surefire suite","Mon Sep 28 02:19:06 UTC 2026","passed","Mon Sep 28 02:19:08 UTC 2026","testcases.backoffice.currency.GetCurrencyTest","Surefire test","testcases.backoffice.currency.GetCurrencyTest","getCurrencyWithoutBody"
"Reset Pin Group","5485","resetPinGroup","Surefire suite","Mon Sep 28 02:10:09 UTC 2026","passed","Mon Sep 28 02:10:14 UTC 2026","testcases.settings.ResetPinTest","Surefire test","testcases.settings.ResetPinTest","resetPinGroup"
"Inquiry Favorite Account Menggunakan HTTP Method PATCH","3829","inquiryFavoriteAccountWithPatchMethod","Surefire suite","Mon Sep 28 02:47:29 UTC 2026","passed","Mon Sep 28 02:47:33 UTC 2026","testcases.settings.favoriteaccount.InquiryFavoriteAccountTest","Surefire test","testcases.settings.favoriteaccount.InquiryFavoriteAccountTest","inquiryFavoriteAccountWithPatchMethod"
"Get Group Detail Backoffice Menggunakan HTTP Method POST","5757","getGroupDetailWithPostMethod","Surefire suite","Mon Sep 28 02:29:16 UTC 2026","passed","Mon Sep 28 02:29:22 UTC 2026","testcases.backoffice.group.GetGroupTest","Surefire test","testcases.backoffice.group.GetGroupTest","getGroupDetailWithPostMethod"
"Get History Special Transfer Test Fee Admin","24505","historySpecialTransferTestFeeAdmin","Surefire suite","Mon Sep 28 04:10:21 UTC 2026","passed","Mon Sep 28 04:10:45 UTC 2026","testcases.history.HistoryTransferTest","Surefire test","testcases.history.HistoryTransferTest","historySpecialTransferTestFeeAdmin"
"Refund Summary Dengan startDate null","1627","getRefundWithNullStartDate","Surefire suite","Mon Sep 28 02:55:14 UTC 2026","passed","Mon Sep 28 02:55:16 UTC 2026","testcases.backoffice.refund.GetRefundTest","Surefire test","testcases.backoffice.refund.GetRefundTest","getRefundWithNullStartDate"
"Test Approved Special Transfer Supervisor","25430","approvedSpecialTransferSupervisor","Surefire suite","Mon Sep 28 03:35:03 UTC 2026","passed","Mon Sep 28 03:35:29 UTC 2026","testcases.backoffice.ApprovalTransferTest","Surefire test","testcases.backoffice.ApprovalTransferTest","approvedSpecialTransferSupervisor"
"Get List Favorite Account Dengan size Bertipe String","1790","getListFavoriteAccountWithSizeAsString","Surefire suite","Mon Sep 28 04:47:08 UTC 2026","passed","Mon Sep 28 04:47:09 UTC 2026","testcases.settings.favoriteaccount.GetListFavoriteAccountTest","Surefire test","testcases.settings.favoriteaccount.GetListFavoriteAccountTest","getListFavoriteAccountWithSizeAsString"
"Delete Manage Settlement BO Menggunakan Login Marketing","5023","deleteManageSettlementWithMarketingLogin","Surefire suite","Mon Sep 28 02:23:36 UTC 2026","passed","Mon Sep 28 02:23:41 UTC 2026","testcases.backoffice.settlement.DeleteManageSettlementTest","Surefire test","testcases.backoffice.settlement.DeleteManageSettlementTest","deleteManageSettlementWithMarketingLogin"
"Get Group Detail Backoffice Dengan Format Group Id Tidak Valid (Bukan ObjectId)","4857","getGroupDetailWithMalformedId","Surefire suite","Mon Sep 28 02:28:10 UTC 2026","passed","Mon Sep 28 02:28:15 UTC 2026","testcases.backoffice.group.GetGroupTest","Surefire test","testcases.backoffice.group.GetGroupTest","getGroupDetailWithMalformedId"
"Delete Favorite Account Tanpa Body Sama Sekali","1508","deleteFavoriteAccountWithoutBody","Surefire suite","Mon Sep 28 02:38:17 UTC 2026","passed","Mon Sep 28 02:38:18 UTC 2026","testcases.settings.favoriteaccount.DeleteFavoriteAccountTest","Surefire test","testcases.settings.favoriteaccount.DeleteFavoriteAccountTest","deleteFavoriteAccountWithoutBody"
"Get Group Detail Backoffice Dengan Header Authorization Tanpa Skema Bearer","2474","getGroupDetailWithMalformedAuthorizationHeader","Surefire suite","Mon Sep 28 02:28:05 UTC 2026","passed","Mon Sep 28 02:28:07 UTC 2026","testcases.backoffice.group.GetGroupTest","Surefire test","testcases.backoffice.group.GetGroupTest","getGroupDetailWithMalformedAuthorizationHeader"
"Get List Group Company BO Menggunakan HTTP Method DELETE","4705","getListGroupCompanyWithDeleteMethod","Surefire suite","Mon Sep 28 02:10:53 UTC 2026","passed","Mon Sep 28 02:10:58 UTC 2026","testcases.backoffice.settlement.GetListGroupCompanyTest","Surefire test","testcases.backoffice.settlement.GetListGroupCompanyTest","getListGroupCompanyWithDeleteMethod"
"Reset Password Group","5843","resetPasswordGroup","Surefire suite","Mon Sep 28 02:10:00 UTC 2026","passed","Mon Sep 28 02:10:06 UTC 2026","testcases.settings.ResetPasswordTest","Surefire test","testcases.settings.ResetPasswordTest","resetPasswordGroup"
"Delete Google Authenticator Menggunakan HTTP Method PATCH","5002","deleteOtpGoogleWithPatchMethod","Surefire suite","Mon Sep 28 02:19:54 UTC 2026","passed","Mon Sep 28 02:19:59 UTC 2026","testcases.backoffice.googleauth.DeleteOtpGoogleTest","Surefire test","testcases.backoffice.googleauth.DeleteOtpGoogleTest","deleteOtpGoogleWithPatchMethod"
"Test Approve Manual Transfer dengan check Fee di Admin Crypto dan Admin Fee","64987","approvedCashDepositBalance","Surefire suite","Mon Sep 28 03:31:06 UTC 2026","passed","Mon Sep 28 03:32:11 UTC 2026","testcases.backoffice.ApprovalTransferTest","Surefire test","testcases.backoffice.ApprovalTransferTest","approvedCashDepositBalance"
"List Currency USDT Dengan Page/Size Negatif","1645","getCurrencyWithNegativePageSize","Surefire suite","Mon Sep 28 02:18:03 UTC 2026","passed","Mon Sep 28 02:18:05 UTC 2026","testcases.backoffice.currency.GetCurrencyTest","Surefire test","testcases.backoffice.currency.GetCurrencyTest","getCurrencyWithNegativePageSize"
"Add Currency CS Admin Path Dengan Body Berupa JSON Array ([])","6002","addCurrencyWithArrayBody","Surefire suite","Mon Sep 28 03:50:05 UTC 2026","passed","Mon Sep 28 03:50:11 UTC 2026","testcases.backoffice.currency.AddCurrencyTest","Surefire test","testcases.backoffice.currency.AddCurrencyTest","addCurrencyWithArrayBody"
"List Manage Settlement Backoffice Menggunakan HTTP Method DELETE","7997","listManageSettlementWithDeleteMethod","Surefire suite","Mon Sep 28 02:45:37 UTC 2026","passed","Mon Sep 28 02:45:45 UTC 2026","testcases.backoffice.settlement.ManageSettlementTest","Surefire test","testcases.backoffice.settlement.ManageSettlementTest","listManageSettlementWithDeleteMethod"
"Resend Google Authenticator Dengan Token Backoffice Valid Tapi Tanpa Header pbyv","5729","resendOtpGoogleWithoutPbyvHeader","Surefire suite","Mon Sep 28 03:00:34 UTC 2026","passed","Mon Sep 28 03:00:39 UTC 2026","testcases.backoffice.googleauth.ResendOtpGoogleTest","Surefire test","testcases.backoffice.googleauth.ResendOtpGoogleTest","resendOtpGoogleWithoutPbyvHeader"
"Request Refund Special Transfer Merchant","4871","refundSpecialTransferMerchant","Surefire suite","Mon Sep 28 02:55:28 UTC 2026","passed","Mon Sep 28 02:55:32 UTC 2026","testcases.transfer.RefundTransferTest","Surefire test","testcases.transfer.RefundTransferTest","refundSpecialTransferMerchant"
"Get List Group Company BO Dengan Header Authorization Tanpa Skema Bearer","1502","getListGroupCompanyWithMalformedAuthorizationHeader","Surefire suite","Mon Sep 28 02:11:27 UTC 2026","passed","Mon Sep 28 02:11:28 UTC 2026","testcases.backoffice.settlement.GetListGroupCompanyTest","Surefire test","testcases.backoffice.settlement.GetListGroupCompanyTest","getListGroupCompanyWithMalformedAuthorizationHeader"
"List Currency USDT Backoffice","5234","getCurrencyBO","Surefire suite","Mon Sep 28 02:16:04 UTC 2026","passed","Mon Sep 28 02:16:10 UTC 2026","testcases.backoffice.currency.GetCurrencyTest","Surefire test","testcases.backoffice.currency.GetCurrencyTest","getCurrencyBO"
"Success Login Admin Crypto","3576","testLoginAdminCrypto","Surefire suite","Mon Sep 28 02:10:33 UTC 2026","passed","Mon Sep 28 02:10:36 UTC 2026","testcases.auth.LoginTest","Surefire test","testcases.auth.LoginTest","testLoginAdminCrypto"
"Get Dashboard Backoffice Menggunakan Login Supervisor","4917","getDashboardWithSupervisorLogin","Surefire suite","Mon Sep 28 02:14:43 UTC 2026","passed","Mon Sep 28 02:14:48 UTC 2026","testcases.backoffice.GetDashboardTest","Surefire test","testcases.backoffice.GetDashboardTest","getDashboardWithSupervisorLogin"
"Create Manage Settlement BO Dengan groupName Kosong","5517","addManageSettlementWithEmptyGroupName","Surefire suite","Mon Sep 28 02:28:02 UTC 2026","passed","Mon Sep 28 02:28:08 UTC 2026","testcases.backoffice.settlement.AddManageSettlementTest","Surefire test","testcases.backoffice.settlement.AddManageSettlementTest","addManageSettlementWithEmptyGroupName"
"Get Dashboard Backoffice Menggunakan Login CS Admin","4850","getDashboardWithCSAdminLogin","Surefire suite","Mon Sep 28 02:14:05 UTC 2026","passed","Mon Sep 28 02:14:10 UTC 2026","testcases.backoffice.GetDashboardTest","Surefire test","testcases.backoffice.GetDashboardTest","getDashboardWithCSAdminLogin"
"Transfer with Wrong Pin","52926","transferWrongPin","Surefire suite","Mon Sep 28 02:20:26 UTC 2026","failed","Mon Sep 28 02:21:19 UTC 2026","testcases.transfer.TransferUSDTTest","Surefire test","testcases.transfer.TransferUSDTTest","transferWrongPin"
"Created Favorite Account Dengan pin String Kosong","5742","createdFavoriteAccountWithEmptyPin","Surefire suite","Mon Sep 28 02:49:18 UTC 2026","passed","Mon Sep 28 02:49:24 UTC 2026","testcases.settings.favoriteaccount.CreatedFavoriteAccountTest","Surefire test","testcases.settings.favoriteaccount.CreatedFavoriteAccountTest","createdFavoriteAccountWithEmptyPin"
"Add Group Backoffice Dengan feeBankPercent Melebihi 100","1730","addGroupWithFeeOver100","Surefire suite","Mon Sep 28 02:15:19 UTC 2026","passed","Mon Sep 28 02:15:21 UTC 2026","testcases.backoffice.group.AddGroupTest","Surefire test","testcases.backoffice.group.AddGroupTest","addGroupWithFeeOver100"
"Get Detail User Backoffice Menggunakan Login Merchant","6870","getUsersWithMerchantLogin","Surefire suite","Mon Sep 28 03:00:24 UTC 2026","passed","Mon Sep 28 03:00:31 UTC 2026","testcases.backoffice.users.ListUsersTest","Surefire test","testcases.backoffice.users.ListUsersTest","getUsersWithMerchantLogin"
"Test Rejected Special Transfer","17800","rejectedSpecialTransfer","Surefire suite","Mon Sep 28 03:40:57 UTC 2026","passed","Mon Sep 28 03:41:15 UTC 2026","testcases.backoffice.ApprovalTransferTest","Surefire test","testcases.backoffice.ApprovalTransferTest","rejectedSpecialTransfer"
"List Currency USDT Tanpa Login/Header Auth","1484","getCurrencyWithoutAuth","Surefire suite","Mon Sep 28 02:19:02 UTC 2026","passed","Mon Sep 28 02:19:03 UTC 2026","testcases.backoffice.currency.GetCurrencyTest","Surefire test","testcases.backoffice.currency.GetCurrencyTest","getCurrencyWithoutAuth"
"List Waiting Company Backoffice Dengan Token Tidak Valid","1561","listWaitingCompanyWithInvalidToken","Surefire suite","Mon Sep 28 02:51:29 UTC 2026","passed","Mon Sep 28 02:51:31 UTC 2026","testcases.backoffice.ListWaitingCompanyTest","Surefire test","testcases.backoffice.ListWaitingCompanyTest","listWaitingCompanyWithInvalidToken"
"Get History QR Paid Merchant on login CS Admin","17943","historyQRPaidMerchantCSAdmin","Surefire suite","Mon Sep 28 03:06:28 UTC 2026","passed","Mon Sep 28 03:06:46 UTC 2026","testcases.history.HistoryQRTest","Surefire test","testcases.history.HistoryQRTest","historyQRPaidMerchantCSAdmin"
"Add Currency CS Admin Path Dengan rate Negatif","1811","addCurrencyWithNegativeRate","Surefire suite","Mon Sep 28 03:52:16 UTC 2026","passed","Mon Sep 28 03:52:18 UTC 2026","testcases.backoffice.currency.AddCurrencyTest","Surefire test","testcases.backoffice.currency.AddCurrencyTest","addCurrencyWithNegativeRate"
"List Company Backoffice Dengan Header Authorization Tanpa Skema Bearer","1523","listCompanyWithMalformedAuthorizationHeader","Surefire suite","Mon Sep 28 02:58:13 UTC 2026","passed","Mon Sep 28 02:58:14 UTC 2026","testcases.backoffice.ListCompanyTest","Surefire test","testcases.backoffice.ListCompanyTest","listCompanyWithMalformedAuthorizationHeader"
"Get List Google Authenticator Dengan Karakter SQL Injection pada Field param","4912","listOtpGoogleWithSqlInjectionParam","Surefire suite","Mon Sep 28 02:48:50 UTC 2026","passed","Mon Sep 28 02:48:55 UTC 2026","testcases.backoffice.googleauth.ListOtpGoogleTest","Surefire test","testcases.backoffice.googleauth.ListOtpGoogleTest","listOtpGoogleWithSqlInjectionParam"
"Delete Favorite Account Menggunakan HTTP Method DELETE","1510","deleteFavoriteAccountWithDeleteMethod","Surefire suite","Mon Sep 28 02:25:38 UTC 2026","passed","Mon Sep 28 02:25:40 UTC 2026","testcases.settings.favoriteaccount.DeleteFavoriteAccountTest","Surefire test","testcases.settings.favoriteaccount.DeleteFavoriteAccountTest","deleteFavoriteAccountWithDeleteMethod"
"Transfer Different Partner Reference, Manual Transfer to Transfer","50270","trfPartnerRefManualFailed","Surefire suite","Mon Sep 28 02:12:36 UTC 2026","passed","Mon Sep 28 02:13:26 UTC 2026","testcases.transfer.SpecialTransferTest","Surefire test","testcases.transfer.SpecialTransferTest","trfPartnerRefManualFailed"
"Refund Summary Dengan Body JSON Tidak Valid (Malformed)","1608","getRefundWithMalformedJson","Surefire suite","Mon Sep 28 02:54:44 UTC 2026","passed","Mon Sep 28 02:54:46 UTC 2026","testcases.backoffice.refund.GetRefundTest","Surefire test","testcases.backoffice.refund.GetRefundTest","getRefundWithMalformedJson"
"Get List Google Authenticator","5565","getListOtpGoogle","Surefire suite","Mon Sep 28 02:45:09 UTC 2026","passed","Mon Sep 28 02:45:14 UTC 2026","testcases.backoffice.googleauth.ListOtpGoogleTest","Surefire test","testcases.backoffice.googleauth.ListOtpGoogleTest","getListOtpGoogle"
"Get User Backoffice Dengan Token Tidak Valid","1641","getUserWithInvalidToken","Surefire suite","Mon Sep 28 02:15:47 UTC 2026","passed","Mon Sep 28 02:15:49 UTC 2026","testcases.backoffice.GetDashboardTest","Surefire test","testcases.backoffice.GetDashboardTest","getUserWithInvalidToken"
"Delete Group Backoffice Menggunakan Login CS Admin","5022","deleteGroupWithCSAdminLogin","Surefire suite","Mon Sep 28 02:10:52 UTC 2026","passed","Mon Sep 28 02:10:57 UTC 2026","testcases.backoffice.group.DeleteGroupTest","Surefire test","testcases.backoffice.group.DeleteGroupTest","deleteGroupWithCSAdminLogin"
"Mutasi Company Admin","13020","mutasiCompanyAdmin","Surefire suite","Mon Sep 28 04:19:30 UTC 2026","passed","Mon Sep 28 04:19:43 UTC 2026","testcases.mutasi.MutasiTransferTest","Surefire test","testcases.mutasi.MutasiTransferTest","mutasiCompanyAdmin"
"List User Backoffice Dengan Body Kosong ({})","7245","listUsersWithEmptyBody","Surefire suite","Mon Sep 28 03:01:16 UTC 2026","passed","Mon Sep 28 03:01:23 UTC 2026","testcases.backoffice.users.ListUsersTest","Surefire test","testcases.backoffice.users.ListUsersTest","listUsersWithEmptyBody"
"Add Currency CS Admin Path Menggunakan Login Merchant","7216","addCurrencyWithMerchantLogin","Surefire suite","Mon Sep 28 03:52:02 UTC 2026","passed","Mon Sep 28 03:52:09 UTC 2026","testcases.backoffice.currency.AddCurrencyTest","Surefire test","testcases.backoffice.currency.AddCurrencyTest","addCurrencyWithMerchantLogin"
"List Manage Settlement Backoffice Menggunakan HTTP Method PUT","5878","listManageSettlementWithPutMethod","Surefire suite","Mon Sep 28 02:48:05 UTC 2026","passed","Mon Sep 28 02:48:11 UTC 2026","testcases.backoffice.settlement.ManageSettlementTest","Surefire test","testcases.backoffice.settlement.ManageSettlementTest","listManageSettlementWithPutMethod"
"Refund Summary Tanpa Login/Header Auth","3317","getRefundWithoutAuth","Surefire suite","Mon Sep 28 02:56:18 UTC 2026","passed","Mon Sep 28 02:56:21 UTC 2026","testcases.backoffice.refund.GetRefundTest","Surefire test","testcases.backoffice.refund.GetRefundTest","getRefundWithoutAuth"
"Refund Summary Dengan startDate Setelah endDate (Rentang Terbalik)","1569","getRefundWithReversedRange","Surefire suite","Mon Sep 28 02:55:37 UTC 2026","passed","Mon Sep 28 02:55:39 UTC 2026","testcases.backoffice.refund.GetRefundTest","Surefire test","testcases.backoffice.refund.GetRefundTest","getRefundWithReversedRange"
"Create Manage Settlement BO Menggunakan HTTP Method GET","4849","addManageSettlementWithGetMethod","Surefire suite","Mon Sep 28 02:28:16 UTC 2026","passed","Mon Sep 28 02:28:21 UTC 2026","testcases.backoffice.settlement.AddManageSettlementTest","Surefire test","testcases.backoffice.settlement.AddManageSettlementTest","addManageSettlementWithGetMethod"
"Get Group Detail Backoffice Tanpa Login/Header Auth","1608","getGroupDetailWithoutAuth","Surefire suite","Mon Sep 28 02:30:25 UTC 2026","passed","Mon Sep 28 02:30:27 UTC 2026","testcases.backoffice.group.GetGroupTest","Surefire test","testcases.backoffice.group.GetGroupTest","getGroupDetailWithoutAuth"
"Delete Favorite Account yang Sama Dipanggil Dua Kali (Sudah Terhapus)","58511","deleteFavoriteAccountAlreadyDeleted","Surefire suite","Mon Sep 28 02:24:32 UTC 2026","failed","Mon Sep 28 02:25:31 UTC 2026","testcases.settings.favoriteaccount.DeleteFavoriteAccountTest","Surefire test","testcases.settings.favoriteaccount.DeleteFavoriteAccountTest","deleteFavoriteAccountAlreadyDeleted"
"Create Manage Settlement BO Dengan Item companyList Tanpa companyId","6214","addManageSettlementWithoutCompanyId","Surefire suite","Mon Sep 28 02:31:33 UTC 2026","passed","Mon Sep 28 02:31:39 UTC 2026","testcases.backoffice.settlement.AddManageSettlementTest","Surefire test","testcases.backoffice.settlement.AddManageSettlementTest","addManageSettlementWithoutCompanyId"
"Get History Transfer Test","12471","historyTransferTest","Surefire suite","Mon Sep 28 04:11:56 UTC 2026","passed","Mon Sep 28 04:12:08 UTC 2026","testcases.history.HistoryTransferTest","Surefire test","testcases.history.HistoryTransferTest","historyTransferTest"
"Created Favorite Account Merchant","5129","createdFavoriteAccount","Surefire suite","Mon Sep 28 02:48:47 UTC 2026","passed","Mon Sep 28 02:48:52 UTC 2026","testcases.settings.favoriteaccount.CreatedFavoriteAccountTest","Surefire test","testcases.settings.favoriteaccount.CreatedFavoriteAccountTest","createdFavoriteAccount"
"Get List Group Backoffice Menggunakan Login Merchant","5141","getListGroupWithMerchantLogin","Surefire suite","Mon Sep 28 02:24:40 UTC 2026","passed","Mon Sep 28 02:24:45 UTC 2026","testcases.backoffice.group.GetListGroupTest","Surefire test","testcases.backoffice.group.GetListGroupTest","getListGroupWithMerchantLogin"
"List User Backoffice Dengan Field Sort Merujuk ke Kolom yang Tidak Ada","5413","listUsersWithInvalidSortField","Surefire suite","Mon Sep 28 03:01:45 UTC 2026","passed","Mon Sep 28 03:01:50 UTC 2026","testcases.backoffice.users.ListUsersTest","Surefire test","testcases.backoffice.users.ListUsersTest","listUsersWithInvalidSortField"
"Get List Google Authenticator Menggunakan Login Marketing","7510","listOtpGoogleWithMarketingLogin","Surefire suite","Mon Sep 28 02:47:49 UTC 2026","passed","Mon Sep 28 02:47:56 UTC 2026","testcases.backoffice.googleauth.ListOtpGoogleTest","Surefire test","testcases.backoffice.googleauth.ListOtpGoogleTest","listOtpGoogleWithMarketingLogin"
"Get Group Detail Backoffice Dengan Token Kadaluarsa","1758","getGroupDetailWithExpiredToken","Surefire suite","Mon Sep 28 02:27:31 UTC 2026","passed","Mon Sep 28 02:27:33 UTC 2026","testcases.backoffice.group.GetGroupTest","Surefire test","testcases.backoffice.group.GetGroupTest","getGroupDetailWithExpiredToken"
"Get Notification Sender Menggunakan Login Admin","6056","getNotificationSenderWithAdminLogin","Surefire suite","Mon Sep 28 02:50:09 UTC 2026","passed","Mon Sep 28 02:50:15 UTC 2026","testcases.backoffice.notifsender.NotificationSenderTest","Surefire test","testcases.backoffice.notifsender.NotificationSenderTest","getNotificationSenderWithAdminLogin"
"List Currency USDT Menggunakan Login Admin Crypto","4986","getCurrencyWithAdminCryptoLogin","Surefire suite","Mon Sep 28 02:16:13 UTC 2026","passed","Mon Sep 28 02:16:18 UTC 2026","testcases.backoffice.currency.GetCurrencyTest","Surefire test","testcases.backoffice.currency.GetCurrencyTest","getCurrencyWithAdminCryptoLogin"
"Login Merchant dengan Username Kosong","3314","testLoginEmptyUsername","Surefire suite","Mon Sep 28 02:09:59 UTC 2026","passed","Mon Sep 28 02:10:03 UTC 2026","testcases.auth.LoginTest","Surefire test","testcases.auth.LoginTest","testLoginEmptyUsername"
"Get List Group Company BO Dengan Multiple Header groupName","5837","getListGroupCompanyWithMultipleGroupNameHeaders","Surefire suite","Mon Sep 28 02:11:47 UTC 2026","passed","Mon Sep 28 02:11:53 UTC 2026","testcases.backoffice.settlement.GetListGroupCompanyTest","Surefire test","testcases.backoffice.settlement.GetListGroupCompanyTest","getListGroupCompanyWithMultipleGroupNameHeaders"
"Add Currency CS Admin Path Dengan rate Berupa JSON Object","1855","addCurrencyWithObjectRate","Surefire suite","Mon Sep 28 03:52:31 UTC 2026","passed","Mon Sep 28 03:52:32 UTC 2026","testcases.backoffice.currency.AddCurrencyTest","Surefire test","testcases.backoffice.currency.AddCurrencyTest","addCurrencyWithObjectRate"
"Get Detail Waiting Company Backoffice Tanpa Id (Path Kosong)","5746","getDetailWaitingCompanyWithEmptyId","Surefire suite","Mon Sep 28 02:20:03 UTC 2026","passed","Mon Sep 28 02:20:08 UTC 2026","testcases.backoffice.GetDetailWaitingCompanyTest","Surefire test","testcases.backoffice.GetDetailWaitingCompanyTest","getDetailWaitingCompanyWithEmptyId"
"Mutasi Manual Transfer Balance","50980","mutasiManualTransferBalanceSupervisor","Surefire suite","Mon Sep 28 04:22:15 UTC 2026","passed","Mon Sep 28 04:23:06 UTC 2026","testcases.mutasi.MutasiTransferTest","Surefire test","testcases.mutasi.MutasiTransferTest","mutasiManualTransferBalanceSupervisor"
"Get History Flop Transfer Merchant on Login CS Admin","19684","historyFlopTransferMerchantTestCSAdmin","Surefire suite","Mon Sep 28 04:03:26 UTC 2026","passed","Mon Sep 28 04:03:46 UTC 2026","testcases.history.HistoryTransferTest","Surefire test","testcases.history.HistoryTransferTest","historyFlopTransferMerchantTestCSAdmin"
"List User Backoffice Dengan Ukuran Halaman Sangat Besar","5616","listUsersWithHugeSize","Surefire suite","Mon Sep 28 03:01:26 UTC 2026","passed","Mon Sep 28 03:01:31 UTC 2026","testcases.backoffice.users.ListUsersTest","Surefire test","testcases.backoffice.users.ListUsersTest","listUsersWithHugeSize"
"Refund Summary Tanpa Field endDate","1785","getRefundWithoutEndDate","Surefire suite","Mon Sep 28 02:56:29 UTC 2026","passed","Mon Sep 28 02:56:30 UTC 2026","testcases.backoffice.refund.GetRefundTest","Surefire test","testcases.backoffice.refund.GetRefundTest","getRefundWithoutEndDate"
"Delete Google Authenticator Dengan Token Backoffice Valid Tapi Tanpa Header pbyv","7472","deleteOtpGoogleWithoutPbyvHeader","Surefire suite","Mon Sep 28 02:21:09 UTC 2026","passed","Mon Sep 28 02:21:17 UTC 2026","testcases.backoffice.googleauth.DeleteOtpGoogleTest","Surefire test","testcases.backoffice.googleauth.DeleteOtpGoogleTest","deleteOtpGoogleWithoutPbyvHeader"
"Delete Group Backoffice Menggunakan Login Marketing","4751","deleteGroupWithMarketingLogin","Surefire suite","Mon Sep 28 02:11:59 UTC 2026","passed","Mon Sep 28 02:12:04 UTC 2026","testcases.backoffice.group.DeleteGroupTest","Surefire test","testcases.backoffice.group.DeleteGroupTest","deleteGroupWithMarketingLogin"
"Add Currency CS Admin Path Menggunakan Login Admin Crypto","5423","addCurrencyWithAdminCryptoLogin","Surefire suite","Mon Sep 28 03:49:47 UTC 2026","passed","Mon Sep 28 03:49:53 UTC 2026","testcases.backoffice.currency.AddCurrencyTest","Surefire test","testcases.backoffice.currency.AddCurrencyTest","addCurrencyWithAdminCryptoLogin"
"Get List Favorite Account Menggunakan HTTP Method PATCH","4802","getListFavoriteAccountWithPatchMethod","Surefire suite","Mon Sep 28 04:46:55 UTC 2026","passed","Mon Sep 28 04:47:00 UTC 2026","testcases.settings.favoriteaccount.GetListFavoriteAccountTest","Surefire test","testcases.settings.favoriteaccount.GetListFavoriteAccountTest","getListFavoriteAccountWithPatchMethod"
"Delete Google Authenticator Tanpa id (Path Kosong)","6247","deleteOtpGoogleWithEmptyId","Surefire suite","Mon Sep 28 02:18:38 UTC 2026","passed","Mon Sep 28 02:18:45 UTC 2026","testcases.backoffice.googleauth.DeleteOtpGoogleTest","Surefire test","testcases.backoffice.googleauth.DeleteOtpGoogleTest","deleteOtpGoogleWithEmptyId"
"Inquiry Favorite Account Tanpa Body Sama Sekali","2118","inquiryFavoriteAccountWithoutBody","Surefire suite","Mon Sep 28 02:48:38 UTC 2026","passed","Mon Sep 28 02:48:40 UTC 2026","testcases.settings.favoriteaccount.InquiryFavoriteAccountTest","Surefire test","testcases.settings.favoriteaccount.InquiryFavoriteAccountTest","inquiryFavoriteAccountWithoutBody"
"Created Favorite Account Menggunakan HTTP Method DELETE","2216","createdFavoriteAccountWithDeleteMethod","Surefire suite","Mon Sep 28 02:49:06 UTC 2026","passed","Mon Sep 28 02:49:08 UTC 2026","testcases.settings.favoriteaccount.CreatedFavoriteAccountTest","Surefire test","testcases.settings.favoriteaccount.CreatedFavoriteAccountTest","createdFavoriteAccountWithDeleteMethod"
"Get List Group Backoffice Menggunakan Login Admin","4980","getListGroupWithAdminLogin","Surefire suite","Mon Sep 28 02:23:02 UTC 2026","passed","Mon Sep 28 02:23:07 UTC 2026","testcases.backoffice.group.GetListGroupTest","Surefire test","testcases.backoffice.group.GetListGroupTest","getListGroupWithAdminLogin"
"Create Manage Settlement BO Dengan groupName Berupa null","10265","addManageSettlementWithNullGroupName","Surefire suite","Mon Sep 28 02:29:29 UTC 2026","passed","Mon Sep 28 02:29:40 UTC 2026","testcases.backoffice.settlement.AddManageSettlementTest","Surefire test","testcases.backoffice.settlement.AddManageSettlementTest","addManageSettlementWithNullGroupName"
"Delete Manage Settlement BO Dengan Format id Tidak Valid (Bukan ObjectId)","5908","deleteManageSettlementWithMalformedId","Surefire suite","Mon Sep 28 02:23:27 UTC 2026","passed","Mon Sep 28 02:23:33 UTC 2026","testcases.backoffice.settlement.DeleteManageSettlementTest","Surefire test","testcases.backoffice.settlement.DeleteManageSettlementTest","deleteManageSettlementWithMalformedId"
"Delete Favorite Account CS","64393","deleteFavoriteAccountCS","Surefire suite","Mon Sep 28 03:24:25 UTC 2026","failed","Mon Sep 28 03:25:30 UTC 2026","testcases.settings.favoriteaccount.DeleteFavoriteAccountTest","Surefire test","testcases.settings.favoriteaccount.DeleteFavoriteAccountTest","deleteFavoriteAccountCS"
"Get List Group Backoffice Dengan Body JSON Tidak Valid (Malformed)","1606","getListGroupWithMalformedJson","Surefire suite","Mon Sep 28 02:24:25 UTC 2026","passed","Mon Sep 28 02:24:27 UTC 2026","testcases.backoffice.group.GetListGroupTest","Surefire test","testcases.backoffice.group.GetListGroupTest","getListGroupWithMalformedJson"
"","11490","getCompanyDetail","Surefire suite","Mon Sep 28 03:15:56 UTC 2026","passed","Mon Sep 28 03:16:07 UTC 2026","testcases.backoffice.CheckCompanyDetailTest","Surefire test","testcases.backoffice.CheckCompanyDetailTest","getCompanyDetail"
"Delete Favorite Account Dengan Header credentialId Salah","48549","deleteFavoriteAccountWithWrongCredentialIdHeader","Surefire suite","Mon Sep 28 02:35:37 UTC 2026","failed","Mon Sep 28 02:36:25 UTC 2026","testcases.settings.favoriteaccount.DeleteFavoriteAccountTest","Surefire test","testcases.settings.favoriteaccount.DeleteFavoriteAccountTest","deleteFavoriteAccountWithWrongCredentialIdHeader"
"Approval Refund Transfer Merchant","16741","approveRefundTransferMerchant","Surefire suite","Mon Sep 28 03:45:35 UTC 2026","passed","Mon Sep 28 03:45:52 UTC 2026","testcases.backoffice.ApprovalRefundTest","Surefire test","testcases.backoffice.ApprovalRefundTest","approveRefundTransferMerchant"
"Mutasi Transaction Admin","8843","mutasiAdmin","Surefire suite","Mon Sep 28 04:19:18 UTC 2026","passed","Mon Sep 28 04:19:27 UTC 2026","testcases.mutasi.MutasiTransferTest","Surefire test","testcases.mutasi.MutasiTransferTest","mutasiAdmin"
"Get Group Detail Backoffice Menggunakan Login Supervisor","4856","getGroupDetailWithSupervisorLogin","Surefire suite","Mon Sep 28 02:29:54 UTC 2026","passed","Mon Sep 28 02:29:59 UTC 2026","testcases.backoffice.group.GetGroupTest","Surefire test","testcases.backoffice.group.GetGroupTest","getGroupDetailWithSupervisorLogin"
"Get Detail Waiting Company Backoffice Dengan Token Tidak Valid","1779","getDetailWaitingCompanyWithInvalidToken","Surefire suite","Mon Sep 28 02:20:25 UTC 2026","passed","Mon Sep 28 02:20:27 UTC 2026","testcases.backoffice.GetDetailWaitingCompanyTest","Surefire test","testcases.backoffice.GetDetailWaitingCompanyTest","getDetailWaitingCompanyWithInvalidToken"
"Create Manage Settlement BO Dengan Body Kosong ({})","5336","addManageSettlementWithEmptyBody","Surefire suite","Mon Sep 28 02:27:45 UTC 2026","passed","Mon Sep 28 02:27:50 UTC 2026","testcases.backoffice.settlement.AddManageSettlementTest","Surefire test","testcases.backoffice.settlement.AddManageSettlementTest","addManageSettlementWithEmptyBody"
"Add Currency CS Admin Path Tanpa Body Sama Sekali","1483","addCurrencyWithoutBody","Surefire suite","Mon Sep 28 03:53:36 UTC 2026","passed","Mon Sep 28 03:53:37 UTC 2026","testcases.backoffice.currency.AddCurrencyTest","Surefire test","testcases.backoffice.currency.AddCurrencyTest","addCurrencyWithoutBody"
"Get Group Backoffice Menggunakan Login Merchant","5225","getGroupWithMerchantLogin","Surefire suite","Mon Sep 28 02:15:19 UTC 2026","passed","Mon Sep 28 02:15:24 UTC 2026","testcases.backoffice.GetDashboardTest","Surefire test","testcases.backoffice.GetDashboardTest","getGroupWithMerchantLogin"
"List Waiting Company Backoffice Dengan Field Sort Merujuk ke Kolom yang Tidak Ada","6444","listWaitingCompanyWithInvalidSortField","Surefire suite","Mon Sep 28 02:51:20 UTC 2026","passed","Mon Sep 28 02:51:26 UTC 2026","testcases.backoffice.ListWaitingCompanyTest","Surefire test","testcases.backoffice.ListWaitingCompanyTest","listWaitingCompanyWithInvalidSortField"
"List Refund Menggunakan Login Merchant","5438","listRefundMarketing","Surefire suite","Mon Sep 28 03:57:43 UTC 2026","passed","Mon Sep 28 03:57:48 UTC 2026","testcases.backoffice.ListRefundTest","Surefire test","testcases.backoffice.ListRefundTest","listRefundMarketing"
"Resend Google Authenticator Menggunakan HTTP Method GET","6210","resendOtpGoogleWithGetMethod","Surefire suite","Mon Sep 28 02:57:02 UTC 2026","passed","Mon Sep 28 02:57:08 UTC 2026","testcases.backoffice.googleauth.ResendOtpGoogleTest","Surefire test","testcases.backoffice.googleauth.ResendOtpGoogleTest","resendOtpGoogleWithGetMethod"
"List Company Backoffice Dengan Page/Size Negatif - Menemukan Bug Gateway Timeout","9727","listCompanyWithNegativePageSize","Surefire suite","Mon Sep 28 02:58:47 UTC 2026","passed","Mon Sep 28 02:58:57 UTC 2026","testcases.backoffice.ListCompanyTest","Surefire test","testcases.backoffice.ListCompanyTest","listCompanyWithNegativePageSize"
"Delete Manage Settlement BO Dengan id Valid Secara Format Tapi Tidak Ada","7215","deleteManageSettlementWithNonExistentId","Surefire suite","Mon Sep 28 02:23:53 UTC 2026","passed","Mon Sep 28 02:24:00 UTC 2026","testcases.backoffice.settlement.DeleteManageSettlementTest","Surefire test","testcases.backoffice.settlement.DeleteManageSettlementTest","deleteManageSettlementWithNonExistentId"
"Get History QR CS Success Paid","21402","historyQRTestPaidCS","Surefire suite","Mon Sep 28 03:07:50 UTC 2026","passed","Mon Sep 28 03:08:12 UTC 2026","testcases.history.HistoryQRTest","Surefire test","testcases.history.HistoryQRTest","historyQRTestPaidCS"
"Get Detail Waiting Company Backoffice Dengan Id Sangat Panjang (10.000 karakter)","5432","getDetailWaitingCompanyWithOverlongId","Surefire suite","Mon Sep 28 02:21:17 UTC 2026","passed","Mon Sep 28 02:21:22 UTC 2026","testcases.backoffice.GetDetailWaitingCompanyTest","Surefire test","testcases.backoffice.GetDetailWaitingCompanyTest","getDetailWaitingCompanyWithOverlongId"
"List Manage Settlement Backoffice Menggunakan Login Marketing","8083","listManageSettlementWithMarketingLogin","Surefire suite","Mon Sep 28 02:47:11 UTC 2026","passed","Mon Sep 28 02:47:19 UTC 2026","testcases.backoffice.settlement.ManageSettlementTest","Surefire test","testcases.backoffice.settlement.ManageSettlementTest","listManageSettlementWithMarketingLogin"
"Get History USDT Transfer Test","11536","historyUSDTTransferTest","Surefire suite","Mon Sep 28 04:14:03 UTC 2026","passed","Mon Sep 28 04:14:14 UTC 2026","testcases.history.HistoryTransferTest","Surefire test","testcases.history.HistoryTransferTest","historyUSDTTransferTest"
"Get History USDT Transfer Merchant on Login CS Admin","16954","historyUSDTTransferMerchantTestCSAdmin","Surefire suite","Mon Sep 28 04:13:26 UTC 2026","passed","Mon Sep 28 04:13:43 UTC 2026","testcases.history.HistoryTransferTest","Surefire test","testcases.history.HistoryTransferTest","historyUSDTTransferMerchantTestCSAdmin"
"Add Group Backoffice Dengan Token Tidak Valid","1549","addGroupWithInvalidToken","Surefire suite","Mon Sep 28 02:15:33 UTC 2026","passed","Mon Sep 28 02:15:35 UTC 2026","testcases.backoffice.group.AddGroupTest","Surefire test","testcases.backoffice.group.AddGroupTest","addGroupWithInvalidToken"
"Add Currency CS Admin Path Dengan Token Kadaluarsa","3655","addCurrencyWithExpiredToken","Surefire suite","Mon Sep 28 03:51:22 UTC 2026","passed","Mon Sep 28 03:51:25 UTC 2026","testcases.backoffice.currency.AddCurrencyTest","Surefire test","testcases.backoffice.currency.AddCurrencyTest","addCurrencyWithExpiredToken"
"Delete Group Backoffice Tanpa Body Sama Sekali","1544","deleteGroupWithoutBody","Surefire suite","Mon Sep 28 02:13:31 UTC 2026","passed","Mon Sep 28 02:13:33 UTC 2026","testcases.backoffice.group.DeleteGroupTest","Surefire test","testcases.backoffice.group.DeleteGroupTest","deleteGroupWithoutBody"
"Login Merchant dengan Password Kosong","6220","testLoginEmptyPassword","Surefire suite","Mon Sep 28 02:09:50 UTC 2026","passed","Mon Sep 28 02:09:56 UTC 2026","testcases.auth.LoginTest","Surefire test","testcases.auth.LoginTest","testLoginEmptyPassword"
"Get Balance Merchant","13357","getBalanceMerchant","Surefire suite","Mon Sep 28 02:40:55 UTC 2026","passed","Mon Sep 28 02:41:08 UTC 2026","testcases.balance.GetBalanceQrisTest","Surefire test","testcases.balance.GetBalanceQrisTest","getBalanceMerchant"
"Inquiry Test Manual Transfer Admin Crypto","5431","inquiryManualTransferAdminCrypto","Surefire suite","Mon Sep 28 02:13:09 UTC 2026","passed","Mon Sep 28 02:13:15 UTC 2026","testcases.transfer.InquiryManualTransferTest","Surefire test","testcases.transfer.InquiryManualTransferTest","inquiryManualTransferAdminCrypto"
"Created Favorite Account Dengan Field Tidak Dikenal pada Body","1958","createdFavoriteAccountWithUnknownField","Surefire suite","Mon Sep 28 02:50:06 UTC 2026","passed","Mon Sep 28 02:50:08 UTC 2026","testcases.settings.favoriteaccount.CreatedFavoriteAccountTest","Surefire test","testcases.settings.favoriteaccount.CreatedFavoriteAccountTest","createdFavoriteAccountWithUnknownField"
"Get List Group Backoffice Dengan Karakter SQL Injection pada sort","2732","getListGroupWithSqlInjectionSort","Surefire suite","Mon Sep 28 02:25:30 UTC 2026","passed","Mon Sep 28 02:25:33 UTC 2026","testcases.backoffice.group.GetListGroupTest","Surefire test","testcases.backoffice.group.GetListGroupTest","getListGroupWithSqlInjectionSort"
"Generate QR Code Failed Merchant","8510","generateQRCodeFailed","Surefire suite","Mon Sep 28 02:44:55 UTC 2026","passed","Mon Sep 28 02:45:03 UTC 2026","testcases.QR.GenerateQRTest","Surefire test","testcases.QR.GenerateQRTest","generateQRCodeFailed"
"Get List Favorite Account Dengan Body Kosong ({})","2589","getListFavoriteAccountWithEmptyBody","Surefire suite","Mon Sep 28 04:45:54 UTC 2026","passed","Mon Sep 28 04:45:57 UTC 2026","testcases.settings.favoriteaccount.GetListFavoriteAccountTest","Surefire test","testcases.settings.favoriteaccount.GetListFavoriteAccountTest","getListFavoriteAccountWithEmptyBody"
"Delete Google Authenticator","5386","deleteOtpGoogleBO","Surefire suite","Mon Sep 28 02:17:44 UTC 2026","passed","Mon Sep 28 02:17:50 UTC 2026","testcases.backoffice.googleauth.DeleteOtpGoogleTest","Surefire test","testcases.backoffice.googleauth.DeleteOtpGoogleTest","deleteOtpGoogleBO"
"List Currency USDT Dengan Payload XSS pada Field Param","2597","getCurrencyWithXssParam","Surefire suite","Mon Sep 28 02:18:56 UTC 2026","passed","Mon Sep 28 02:18:59 UTC 2026","testcases.backoffice.currency.GetCurrencyTest","Surefire test","testcases.backoffice.currency.GetCurrencyTest","getCurrencyWithXssParam"
"Test Get Report Transaction CS","5181","getReportTransactionCS","Surefire suite","Mon Sep 28 02:09:47 UTC 2026","passed","Mon Sep 28 02:09:53 UTC 2026","testcases.report.ReportTransactionTest","Surefire test","testcases.report.ReportTransactionTest","getReportTransactionCS"
"Get List Group Backoffice Dengan page Melebihi Total Halaman","1661","getListGroupWithPageBeyondTotalPages","Surefire suite","Mon Sep 28 02:25:09 UTC 2026","passed","Mon Sep 28 02:25:11 UTC 2026","testcases.backoffice.group.GetListGroupTest","Surefire test","testcases.backoffice.group.GetListGroupTest","getListGroupWithPageBeyondTotalPages"
"Add Currency Ke Path yang Tidak Ada (Typo)","2112","addCurrencyWithWrongPath","Surefire suite","Mon Sep 28 03:53:15 UTC 2026","passed","Mon Sep 28 03:53:17 UTC 2026","testcases.backoffice.currency.AddCurrencyTest","Surefire test","testcases.backoffice.currency.AddCurrencyTest","addCurrencyWithWrongPath"
"Test Approved Manual Transfer","41261","approvedCashDeposit","Surefire suite","Mon Sep 28 03:30:21 UTC 2026","passed","Mon Sep 28 03:31:02 UTC 2026","testcases.backoffice.ApprovalTransferTest","Surefire test","testcases.backoffice.ApprovalTransferTest","approvedCashDeposit"
"List Currency USDT Dengan Token Tidak Valid","1673","getCurrencyWithInvalidToken","Surefire suite","Mon Sep 28 02:17:25 UTC 2026","passed","Mon Sep 28 02:17:27 UTC 2026","testcases.backoffice.currency.GetCurrencyTest","Surefire test","testcases.backoffice.currency.GetCurrencyTest","getCurrencyWithInvalidToken"
"Refund Summary Dengan Header Authorization Tanpa Skema Bearer","2293","getRefundWithMalformedAuthorizationHeader","Surefire suite","Mon Sep 28 02:54:39 UTC 2026","passed","Mon Sep 28 02:54:41 UTC 2026","testcases.backoffice.refund.GetRefundTest","Surefire test","testcases.backoffice.refund.GetRefundTest","getRefundWithMalformedAuthorizationHeader"
"Get Balance Merchant with Login Admin","4998","getFailedBalanceMerchantLoginAdmin","Surefire suite","Mon Sep 28 02:10:22 UTC 2026","passed","Mon Sep 28 02:10:27 UTC 2026","testcases.balance.GetBalanceQrisTest","Surefire test","testcases.balance.GetBalanceQrisTest","getFailedBalanceMerchantLoginAdmin"
"Get Detail Waiting Company Backoffice Dengan Id yang Tidak Ada","10483","getDetailWaitingCompanyWithNonExistentId","Surefire suite","Mon Sep 28 02:21:03 UTC 2026","passed","Mon Sep 28 02:21:14 UTC 2026","testcases.backoffice.GetDetailWaitingCompanyTest","Surefire test","testcases.backoffice.GetDetailWaitingCompanyTest","getDetailWaitingCompanyWithNonExistentId"
"Get List Group Backoffice Dengan Body Berupa JSON Array ([])","9227","getListGroupWithArrayBody","Surefire suite","Mon Sep 28 02:23:10 UTC 2026","passed","Mon Sep 28 02:23:19 UTC 2026","testcases.backoffice.group.GetListGroupTest","Surefire test","testcases.backoffice.group.GetListGroupTest","getListGroupWithArrayBody"
"Refund Summary Tanpa Field startDate","2167","getRefundWithoutStartDate","Surefire suite","Mon Sep 28 02:56:39 UTC 2026","passed","Mon Sep 28 02:56:41 UTC 2026","testcases.backoffice.refund.GetRefundTest","Surefire test","testcases.backoffice.refund.GetRefundTest","getRefundWithoutStartDate"
"Request Refund Manual Transfer Merchant","7079","refundManualTransferMerchant","Surefire suite","Mon Sep 28 02:55:18 UTC 2026","passed","Mon Sep 28 02:55:25 UTC 2026","testcases.transfer.RefundTransferTest","Surefire test","testcases.transfer.RefundTransferTest","refundManualTransferMerchant"
"Refund Summary Dengan type String Kosong","1644","getRefundWithEmptyType","Surefire suite","Mon Sep 28 02:53:58 UTC 2026","passed","Mon Sep 28 02:54:00 UTC 2026","testcases.backoffice.refund.GetRefundTest","Surefire test","testcases.backoffice.refund.GetRefundTest","getRefundWithEmptyType"
"List Manage Settlement Backoffice Menggunakan Login Admin","11023","listManageSettlementWithAdminLogin","Surefire suite","Mon Sep 28 02:44:57 UTC 2026","passed","Mon Sep 28 02:45:08 UTC 2026","testcases.backoffice.settlement.ManageSettlementTest","Surefire test","testcases.backoffice.settlement.ManageSettlementTest","listManageSettlementWithAdminLogin"
"Refund Summary Menggunakan Login Supervisor","4680","getRefundWithSupervisorLogin","Surefire suite","Mon Sep 28 02:55:46 UTC 2026","passed","Mon Sep 28 02:55:51 UTC 2026","testcases.backoffice.refund.GetRefundTest","Surefire test","testcases.backoffice.refund.GetRefundTest","getRefundWithSupervisorLogin"
"Get Group Detail Backoffice Dengan Group Id Berisi Payload XSS","10154","getGroupDetailWithXssId","Surefire suite","Mon Sep 28 02:30:12 UTC 2026","passed","Mon Sep 28 02:30:22 UTC 2026","testcases.backoffice.group.GetGroupTest","Surefire test","testcases.backoffice.group.GetGroupTest","getGroupDetailWithXssId"
"Get Group Detail Backoffice Menggunakan HTTP Method DELETE","5905","getGroupDetailWithDeleteMethod","Surefire suite","Mon Sep 28 02:27:11 UTC 2026","passed","Mon Sep 28 02:27:17 UTC 2026","testcases.backoffice.group.GetGroupTest","Surefire test","testcases.backoffice.group.GetGroupTest","getGroupDetailWithDeleteMethod"
"Create Manage Settlement BO Dengan Payload XSS pada companyName","5376","addManageSettlementWithXssCompanyName","Surefire suite","Mon Sep 28 02:31:10 UTC 2026","passed","Mon Sep 28 02:31:15 UTC 2026","testcases.backoffice.settlement.AddManageSettlementTest","Surefire test","testcases.backoffice.settlement.AddManageSettlementTest","addManageSettlementWithXssCompanyName"
"List Company Backoffice Dengan Tipe Data Salah pada Field Limit (String, Bukan Integer)","4793","listCompanyWithInvalidFieldType","Surefire suite","Mon Sep 28 02:57:51 UTC 2026","passed","Mon Sep 28 02:57:56 UTC 2026","testcases.backoffice.ListCompanyTest","Surefire test","testcases.backoffice.ListCompanyTest","listCompanyWithInvalidFieldType"
"Add Group Backoffice Dengan name Hanya Spasi","1603","addGroupWithWhitespaceName","Surefire suite","Mon Sep 28 02:17:03 UTC 2026","passed","Mon Sep 28 02:17:04 UTC 2026","testcases.backoffice.group.AddGroupTest","Surefire test","testcases.backoffice.group.AddGroupTest","addGroupWithWhitespaceName"
"Get List Group Backoffice Menggunakan Login Supervisor","11971","getListGroupWithSupervisorLogin","Surefire suite","Mon Sep 28 02:25:36 UTC 2026","passed","Mon Sep 28 02:25:48 UTC 2026","testcases.backoffice.group.GetListGroupTest","Surefire test","testcases.backoffice.group.GetListGroupTest","getListGroupWithSupervisorLogin"
"Get List Google Authenticator Menggunakan Login Admin","6867","listOtpGoogleWithAdminLogin","Surefire suite","Mon Sep 28 02:45:28 UTC 2026","passed","Mon Sep 28 02:45:34 UTC 2026","testcases.backoffice.googleauth.ListOtpGoogleTest","Surefire test","testcases.backoffice.googleauth.ListOtpGoogleTest","listOtpGoogleWithAdminLogin"
"Get List Google Authenticator Dengan Content-Type text/plain","5024","listOtpGoogleWithWrongContentType","Surefire suite","Mon Sep 28 02:49:21 UTC 2026","passed","Mon Sep 28 02:49:26 UTC 2026","testcases.backoffice.googleauth.ListOtpGoogleTest","Surefire test","testcases.backoffice.googleauth.ListOtpGoogleTest","listOtpGoogleWithWrongContentType"
"Transfer Different Partner Reference, USDT Transfer to Transfer","48486","trfPartnerRefUSDTFailed","Surefire suite","Mon Sep 28 02:14:22 UTC 2026","failed","Mon Sep 28 02:15:10 UTC 2026","testcases.transfer.SpecialTransferTest","Surefire test","testcases.transfer.SpecialTransferTest","trfPartnerRefUSDTFailed"
"List Currency USDT Ke Path yang Tidak Ada (Typo)","1833","getCurrencyWithWrongPath","Surefire suite","Mon Sep 28 02:18:47 UTC 2026","passed","Mon Sep 28 02:18:49 UTC 2026","testcases.backoffice.currency.GetCurrencyTest","Surefire test","testcases.backoffice.currency.GetCurrencyTest","getCurrencyWithWrongPath"
"Get List Google Authenticator Dengan Sort Tanpa Operator '=='","5329","listOtpGoogleWithMalformedSortOperator","Surefire suite","Mon Sep 28 02:47:40 UTC 2026","passed","Mon Sep 28 02:47:46 UTC 2026","testcases.backoffice.googleauth.ListOtpGoogleTest","Surefire test","testcases.backoffice.googleauth.ListOtpGoogleTest","listOtpGoogleWithMalformedSortOperator"
"Approval Refund Special Transfer Merchant","11822","approveRefundManualTransferMerchant","Surefire suite","Mon Sep 28 03:45:04 UTC 2026","passed","Mon Sep 28 03:45:16 UTC 2026","testcases.backoffice.ApprovalRefundTest","Surefire test","testcases.backoffice.ApprovalRefundTest","approveRefundManualTransferMerchant"
"List Currency USDT Dengan Token Kadaluarsa","1639","getCurrencyWithExpiredToken","Surefire suite","Mon Sep 28 02:17:02 UTC 2026","passed","Mon Sep 28 02:17:03 UTC 2026","testcases.backoffice.currency.GetCurrencyTest","Surefire test","testcases.backoffice.currency.GetCurrencyTest","getCurrencyWithExpiredToken"
"Transfer Success Admin Crypto with before and after Balanced","11064","transferBalanceAdminCrypto","Surefire suite","Mon Sep 28 02:13:37 UTC 2026","passed","Mon Sep 28 02:13:48 UTC 2026","testcases.transfer.TransferTest","Surefire test","testcases.transfer.TransferTest","transferBalanceAdminCrypto"
"Resend Google Authenticator Ke Path yang Tidak Ada (Typo)","6888","resendOtpGoogleWithWrongPath","Surefire suite","Mon Sep 28 02:59:55 UTC 2026","passed","Mon Sep 28 03:00:01 UTC 2026","testcases.backoffice.googleauth.ResendOtpGoogleTest","Surefire test","testcases.backoffice.googleauth.ResendOtpGoogleTest","resendOtpGoogleWithWrongPath"
"Generate QR Success paid","10166","paidQR","Surefire suite","Mon Sep 28 02:43:07 UTC 2026","passed","Mon Sep 28 02:43:17 UTC 2026","testcases.QR.GenerateQRPaidTest","Surefire test","testcases.QR.GenerateQRPaidTest","paidQR"
"List Manage Settlement Backoffice Menggunakan Login Merchant","7261","listManageSettlementWithMerchantLogin","Surefire suite","Mon Sep 28 02:47:22 UTC 2026","passed","Mon Sep 28 02:47:30 UTC 2026","testcases.backoffice.settlement.ManageSettlementTest","Surefire test","testcases.backoffice.settlement.ManageSettlementTest","listManageSettlementWithMerchantLogin"
"Get Notification Sender Dengan Sort Tanpa Operator '=='","5425","getNotificationSenderWithMalformedSortOperator","Surefire suite","Mon Sep 28 02:52:34 UTC 2026","failed","Mon Sep 28 02:52:40 UTC 2026","testcases.backoffice.notifsender.NotificationSenderTest","Surefire test","testcases.backoffice.notifsender.NotificationSenderTest","getNotificationSenderWithMalformedSortOperator"
"Delete Group Backoffice Dengan Field Tidak Dikenal pada Body","1598","deleteGroupWithUnknownField","Surefire suite","Mon Sep 28 02:12:59 UTC 2026","passed","Mon Sep 28 02:13:01 UTC 2026","testcases.backoffice.group.DeleteGroupTest","Surefire test","testcases.backoffice.group.DeleteGroupTest","deleteGroupWithUnknownField"
"Delete Manage Settlement BO Menggunakan HTTP Method DELETE","6084","deleteManageSettlementWithDeleteMethod","Surefire suite","Mon Sep 28 02:22:45 UTC 2026","passed","Mon Sep 28 02:22:51 UTC 2026","testcases.backoffice.settlement.DeleteManageSettlementTest","Surefire test","testcases.backoffice.settlement.DeleteManageSettlementTest","deleteManageSettlementWithDeleteMethod"
"List Refund Menggunakan Login Backoffice","5258","listRefundWithBackofficeLogin","Surefire suite","Mon Sep 28 03:58:00 UTC 2026","passed","Mon Sep 28 03:58:05 UTC 2026","testcases.backoffice.ListRefundTest","Surefire test","testcases.backoffice.ListRefundTest","listRefundWithBackofficeLogin"
"Get Notification Sender Dengan pinValidasi Salah","4784","getNotificationSenderWithWrongPinValidasi","Surefire suite","Mon Sep 28 02:54:45 UTC 2026","passed","Mon Sep 28 02:54:50 UTC 2026","testcases.backoffice.notifsender.NotificationSenderTest","Surefire test","testcases.backoffice.notifsender.NotificationSenderTest","getNotificationSenderWithWrongPinValidasi"
"Get Dashboard Backoffice Tanpa Login/Header Auth","1543","getDashboardWithoutAuth","Surefire suite","Mon Sep 28 02:14:51 UTC 2026","passed","Mon Sep 28 02:14:52 UTC 2026","testcases.backoffice.GetDashboardTest","Surefire test","testcases.backoffice.GetDashboardTest","getDashboardWithoutAuth"
"Get List Google Authenticator Dengan Token Kadaluarsa","1496","listOtpGoogleWithExpiredToken","Surefire suite","Mon Sep 28 02:46:33 UTC 2026","passed","Mon Sep 28 02:46:34 UTC 2026","testcases.backoffice.googleauth.ListOtpGoogleTest","Surefire test","testcases.backoffice.googleauth.ListOtpGoogleTest","listOtpGoogleWithExpiredToken"
"Mutasi Manual Transfer","43552","mutasiManualTransfer","Surefire suite","Mon Sep 28 04:19:46 UTC 2026","passed","Mon Sep 28 04:20:30 UTC 2026","testcases.mutasi.MutasiTransferTest","Surefire test","testcases.mutasi.MutasiTransferTest","mutasiManualTransfer"
"Generate QR Success with Fee Admin","50148","generateQRBalanceFeeAdmin","Surefire suite","Mon Sep 28 02:41:11 UTC 2026","passed","Mon Sep 28 02:42:02 UTC 2026","testcases.QR.GenerateQRPaidTest","Surefire test","testcases.QR.GenerateQRPaidTest","generateQRBalanceFeeAdmin"
"Resend Google Authenticator Menggunakan Login Marketing","6854","resendOtpGoogleWithMarketingLogin","Surefire suite","Mon Sep 28 02:57:47 UTC 2026","passed","Mon Sep 28 02:57:54 UTC 2026","testcases.backoffice.googleauth.ResendOtpGoogleTest","Surefire test","testcases.backoffice.googleauth.ResendOtpGoogleTest","resendOtpGoogleWithMarketingLogin"
"List Currency USDT Menggunakan Login Customer Service","4886","getCurrencyWithCSLogin","Surefire suite","Mon Sep 28 02:16:44 UTC 2026","passed","Mon Sep 28 02:16:49 UTC 2026","testcases.backoffice.currency.GetCurrencyTest","Surefire test","testcases.backoffice.currency.GetCurrencyTest","getCurrencyWithCSLogin"
"Test Approve Special Transfer dengan check Fee di Admin Fee","41311","approvedSpecialTransferBalance","Surefire suite","Mon Sep 28 03:34:19 UTC 2026","passed","Mon Sep 28 03:35:00 UTC 2026","testcases.backoffice.ApprovalTransferTest","Surefire test","testcases.backoffice.ApprovalTransferTest","approvedSpecialTransferBalance"
"Mutasi Transfer","12517","mutasiTransfer","Surefire suite","Mon Sep 28 04:31:56 UTC 2026","passed","Mon Sep 28 04:32:09 UTC 2026","testcases.mutasi.MutasiTransferTest","Surefire test","testcases.mutasi.MutasiTransferTest","mutasiTransfer"
"Login Merchant dengan Captcha Salah","3326","testLoginWrongCaptcha","Surefire suite","Mon Sep 28 02:10:57 UTC 2026","passed","Mon Sep 28 02:11:00 UTC 2026","testcases.auth.LoginTest","Surefire test","testcases.auth.LoginTest","testLoginWrongCaptcha"
"Get Notification Sender Dengan Body Kosong ({})","7666","getNotificationSenderWithEmptyBody","Surefire suite","Mon Sep 28 02:50:54 UTC 2026","passed","Mon Sep 28 02:51:02 UTC 2026","testcases.backoffice.notifsender.NotificationSenderTest","Surefire test","testcases.backoffice.notifsender.NotificationSenderTest","getNotificationSenderWithEmptyBody"
"Delete Favorite Account Dengan pin Salah","51676","deleteFavoriteAccountWithWrongPin","Surefire suite","Mon Sep 28 02:37:17 UTC 2026","failed","Mon Sep 28 02:38:09 UTC 2026","testcases.settings.favoriteaccount.DeleteFavoriteAccountTest","Surefire test","testcases.settings.favoriteaccount.DeleteFavoriteAccountTest","deleteFavoriteAccountWithWrongPin"
"Test Approved Special Transfer","16097","approvedSpecialTransfer","Surefire suite","Mon Sep 28 03:34:00 UTC 2026","passed","Mon Sep 28 03:34:16 UTC 2026","testcases.backoffice.ApprovalTransferTest","Surefire test","testcases.backoffice.ApprovalTransferTest","approvedSpecialTransfer"
"Delete Manage Settlement BO Menggunakan Login Supervisor","7567","deleteManageSettlementWithSupervisorLogin","Surefire suite","Mon Sep 28 02:25:00 UTC 2026","passed","Mon Sep 28 02:25:07 UTC 2026","testcases.backoffice.settlement.DeleteManageSettlementTest","Surefire test","testcases.backoffice.settlement.DeleteManageSettlementTest","deleteManageSettlementWithSupervisorLogin"
"List Currency USDT Menggunakan HTTP Method PATCH","3461","getCurrencyWithPatchMethod","Surefire suite","Mon Sep 28 02:18:12 UTC 2026","passed","Mon Sep 28 02:18:16 UTC 2026","testcases.backoffice.currency.GetCurrencyTest","Surefire test","testcases.backoffice.currency.GetCurrencyTest","getCurrencyWithPatchMethod"
"Test Rejected Manual Transfer Supervisor","28653","rejectedCashDepositSupervisor","Surefire suite","Mon Sep 28 03:40:25 UTC 2026","passed","Mon Sep 28 03:40:54 UTC 2026","testcases.backoffice.ApprovalTransferTest","Surefire test","testcases.backoffice.ApprovalTransferTest","rejectedCashDepositSupervisor"
"Get Detail Waiting Company Backoffice Menggunakan Login Supervisor","4799","getDetailWaitingCompanyWithSupervisorLogin","Surefire suite","Mon Sep 28 02:22:06 UTC 2026","passed","Mon Sep 28 02:22:10 UTC 2026","testcases.backoffice.GetDetailWaitingCompanyTest","Surefire test","testcases.backoffice.GetDetailWaitingCompanyTest","getDetailWaitingCompanyWithSupervisorLogin"
"Normal Transfer USDT Balance Success","10671","usdtTransferBalanceAdminCrypto","Surefire suite","Mon Sep 28 02:12:13 UTC 2026","passed","Mon Sep 28 02:12:24 UTC 2026","testcases.transfer.TransferUSDTTest","Surefire test","testcases.transfer.TransferUSDTTest","usdtTransferBalanceAdminCrypto"
"Get List Group Backoffice Dengan page Bertipe String","1794","getListGroupWithPageAsString","Surefire suite","Mon Sep 28 02:25:04 UTC 2026","passed","Mon Sep 28 02:25:06 UTC 2026","testcases.backoffice.group.GetListGroupTest","Surefire test","testcases.backoffice.group.GetListGroupTest","getListGroupWithPageAsString"
"Add Group Backoffice Menggunakan Login Admin Crypto","5051","addGroupWithAdminCryptoLogin","Surefire suite","Mon Sep 28 02:13:58 UTC 2026","passed","Mon Sep 28 02:14:03 UTC 2026","testcases.backoffice.group.AddGroupTest","Surefire test","testcases.backoffice.group.AddGroupTest","addGroupWithAdminCryptoLogin"
"List Company Backoffice Dengan Content-Type text/plain","8507","listCompanyWithWrongContentType","Surefire suite","Mon Sep 28 02:59:20 UTC 2026","passed","Mon Sep 28 02:59:28 UTC 2026","testcases.backoffice.ListCompanyTest","Surefire test","testcases.backoffice.ListCompanyTest","listCompanyWithWrongContentType"
"Get History QR Admin","17830","historyQRTestAdmin","Surefire suite","Mon Sep 28 03:06:49 UTC 2026","passed","Mon Sep 28 03:07:07 UTC 2026","testcases.history.HistoryQRTest","Surefire test","testcases.history.HistoryQRTest","historyQRTestAdmin"
"List Currency USDT Dengan Body Kosong ({})","1696","getCurrencyWithEmptyBody","Surefire suite","Mon Sep 28 02:16:57 UTC 2026","passed","Mon Sep 28 02:16:59 UTC 2026","testcases.backoffice.currency.GetCurrencyTest","Surefire test","testcases.backoffice.currency.GetCurrencyTest","getCurrencyWithEmptyBody"
"Get History Flop Transfer Test Supervisor","16505","historyFlopTransferTestSupervisor","Surefire suite","Mon Sep 28 04:05:37 UTC 2026","passed","Mon Sep 28 04:05:53 UTC 2026","testcases.history.HistoryTransferTest","Surefire test","testcases.history.HistoryTransferTest","historyFlopTransferTestSupervisor"
"Add Group Backoffice Dengan Body Berupa Literal null","1583","addGroupWithNullLiteralBody","Surefire suite","Mon Sep 28 02:16:18 UTC 2026","passed","Mon Sep 28 02:16:19 UTC 2026","testcases.backoffice.group.AddGroupTest","Surefire test","testcases.backoffice.group.AddGroupTest","addGroupWithNullLiteralBody"
"Add Group Backoffice Dengan feePlatformPercent Bertipe String","1687","addGroupWithFeeAsString","Surefire suite","Mon Sep 28 02:15:15 UTC 2026","passed","Mon Sep 28 02:15:16 UTC 2026","testcases.backoffice.group.AddGroupTest","Surefire test","testcases.backoffice.group.AddGroupTest","addGroupWithFeeAsString"
"Get List Google Authenticator Dengan Token Tidak Valid","1537","listOtpGoogleWithInvalidToken","Surefire suite","Mon Sep 28 02:47:17 UTC 2026","passed","Mon Sep 28 02:47:19 UTC 2026","testcases.backoffice.googleauth.ListOtpGoogleTest","Surefire test","testcases.backoffice.googleauth.ListOtpGoogleTest","listOtpGoogleWithInvalidToken"
"Test Get Report Transfer Merchant","7559","getReportMutationAdmin","Surefire suite","Mon Sep 28 02:11:17 UTC 2026","passed","Mon Sep 28 02:11:25 UTC 2026","testcases.report.ReportTransactionTest","Surefire test","testcases.report.ReportTransactionTest","getReportMutationAdmin"
"Mutasi Transfer CS","18770","mutasiTransferCS","Surefire suite","Mon Sep 28 04:33:11 UTC 2026","passed","Mon Sep 28 04:33:30 UTC 2026","testcases.mutasi.MutasiTransferTest","Surefire test","testcases.mutasi.MutasiTransferTest","mutasiTransferCS"
"Add Currency CS Admin Path Menggunakan Login Supervisor","5303","addCurrencyWithSupervisorLogin","Surefire suite","Mon Sep 28 03:52:56 UTC 2026","passed","Mon Sep 28 03:53:01 UTC 2026","testcases.backoffice.currency.AddCurrencyTest","Surefire test","testcases.backoffice.currency.AddCurrencyTest","addCurrencyWithSupervisorLogin"
"Get List Favorite Account Menggunakan HTTP Method PUT","1723","getListFavoriteAccountWithPutMethod","Surefire suite","Mon Sep 28 04:47:03 UTC 2026","passed","Mon Sep 28 04:47:05 UTC 2026","testcases.settings.favoriteaccount.GetListFavoriteAccountTest","Surefire test","testcases.settings.favoriteaccount.GetListFavoriteAccountTest","getListFavoriteAccountWithPutMethod"
"Get Group Detail Backoffice Dengan Group Id Berisi Spasi","7031","getGroupDetailWithWhitespaceId","Surefire suite","Mon Sep 28 02:30:02 UTC 2026","failed","Mon Sep 28 02:30:09 UTC 2026","testcases.backoffice.group.GetGroupTest","Surefire test","testcases.backoffice.group.GetGroupTest","getGroupDetailWithWhitespaceId"
"Refund Summary Dengan Header pbyv Salah","1574","getRefundWithWrongPbyvHeader","Surefire suite","Mon Sep 28 02:56:09 UTC 2026","passed","Mon Sep 28 02:56:10 UTC 2026","testcases.backoffice.refund.GetRefundTest","Surefire test","testcases.backoffice.refund.GetRefundTest","getRefundWithWrongPbyvHeader"
"Get Detail User Backoffice","10536","getUsersBO","Surefire suite","Mon Sep 28 02:59:45 UTC 2026","passed","Mon Sep 28 02:59:56 UTC 2026","testcases.backoffice.users.ListUsersTest","Surefire test","testcases.backoffice.users.ListUsersTest","getUsersBO"
"Normal Flop Supervisor Transfer Success","8685","flopTransferSupervisor","Surefire suite","Mon Sep 28 02:11:08 UTC 2026","passed","Mon Sep 28 02:11:17 UTC 2026","testcases.transfer.TransferFlopTest","Surefire test","testcases.transfer.TransferFlopTest","flopTransferSupervisor"
"Normal Manual Transfer Balance Success","10956","manualTransferBalanceAdminCrypto","Surefire suite","Mon Sep 28 02:11:07 UTC 2026","passed","Mon Sep 28 02:11:18 UTC 2026","testcases.transfer.ManualTransferTest","Surefire test","testcases.transfer.ManualTransferTest","manualTransferBalanceAdminCrypto"
"Mutasi Manual Transfer Balance","48577","mutasiManualTransferBalance","Surefire suite","Mon Sep 28 04:20:33 UTC 2026","passed","Mon Sep 28 04:21:21 UTC 2026","testcases.mutasi.MutasiTransferTest","Surefire test","testcases.mutasi.MutasiTransferTest","mutasiManualTransferBalance"
"Create Manage Settlement BO Tanpa Body Sama Sekali","6223","addManageSettlementWithoutBody","Surefire suite","Mon Sep 28 02:31:24 UTC 2026","passed","Mon Sep 28 02:31:30 UTC 2026","testcases.backoffice.settlement.AddManageSettlementTest","Surefire test","testcases.backoffice.settlement.AddManageSettlementTest","addManageSettlementWithoutBody"
"Test Get Report Transaction Supervisor","5026","getReportTransactionSupervisor","Surefire suite","Mon Sep 28 02:09:48 UTC 2026","passed","Mon Sep 28 02:09:53 UTC 2026","testcases.report.ReportTransactionTest","Surefire test","testcases.report.ReportTransactionTest","getReportTransactionSupervisor"
"Get Balance Merchant with Login Admin Crypto","15114","getBalanceAdminLoginAdminCrypto","Surefire suite","Mon Sep 28 03:13:29 UTC 2026","passed","Mon Sep 28 03:13:44 UTC 2026","testcases.balance.GetBalanceQrisTest","Surefire test","testcases.balance.GetBalanceQrisTest","getBalanceAdminLoginAdminCrypto"
"Get List Group Backoffice Menggunakan Login Admin Crypto","7489","getListGroupWithAdminCryptoLogin","Surefire suite","Mon Sep 28 02:22:51 UTC 2026","passed","Mon Sep 28 02:22:59 UTC 2026","testcases.backoffice.group.GetListGroupTest","Surefire test","testcases.backoffice.group.GetListGroupTest","getListGroupWithAdminCryptoLogin"
"Delete Google Authenticator Menggunakan Login Admin Crypto","5111","deleteOtpGoogleWithAdminCryptoLogin","Surefire suite","Mon Sep 28 02:17:53 UTC 2026","passed","Mon Sep 28 02:17:58 UTC 2026","testcases.backoffice.googleauth.DeleteOtpGoogleTest","Surefire test","testcases.backoffice.googleauth.DeleteOtpGoogleTest","deleteOtpGoogleWithAdminCryptoLogin"
"Normal Transfer with Account Supervisor","8019","transferSupervisor","Surefire suite","Mon Sep 28 02:11:51 UTC 2026","passed","Mon Sep 28 02:11:59 UTC 2026","testcases.transfer.TransferTest","Surefire test","testcases.transfer.TransferTest","transferSupervisor"
"Special Transfer Success with before and after Balance","11994","specialTransferSupervisor","Surefire suite","Mon Sep 28 02:10:35 UTC 2026","passed","Mon Sep 28 02:10:47 UTC 2026","testcases.transfer.SpecialTransferTest","Surefire test","testcases.transfer.SpecialTransferTest","specialTransferSupervisor"
"Refund Summary Tanpa Field type","1604","getRefundWithoutType","Surefire suite","Mon Sep 28 02:56:44 UTC 2026","passed","Mon Sep 28 02:56:46 UTC 2026","testcases.backoffice.refund.GetRefundTest","Surefire test","testcases.backoffice.refund.GetRefundTest","getRefundWithoutType"
"List Waiting Company Backoffice Menggunakan Login Merchant","6990","listWaitingCompanyWithMerchantLogin","Surefire suite","Mon Sep 28 02:51:58 UTC 2026","passed","Mon Sep 28 02:52:05 UTC 2026","testcases.backoffice.ListWaitingCompanyTest","Surefire test","testcases.backoffice.ListWaitingCompanyTest","listWaitingCompanyWithMerchantLogin"
"List Currency USDT Dengan Sort Tanpa Operator '=='","1895","getCurrencyWithMalformedSortOperator","Surefire suite","Mon Sep 28 02:17:41 UTC 2026","passed","Mon Sep 28 02:17:43 UTC 2026","testcases.backoffice.currency.GetCurrencyTest","Surefire test","testcases.backoffice.currency.GetCurrencyTest","getCurrencyWithMalformedSortOperator"
"Get History USDT Transfer Test CS","16224","historyUSDTTransferTestCS","Surefire suite","Mon Sep 28 04:14:48 UTC 2026","passed","Mon Sep 28 04:15:04 UTC 2026","testcases.history.HistoryTransferTest","Surefire test","testcases.history.HistoryTransferTest","historyUSDTTransferTestCS"
"Delete Google Authenticator Dengan id Berisi Payload XSS","5638","deleteOtpGoogleWithXssId","Surefire suite","Mon Sep 28 02:20:56 UTC 2026","passed","Mon Sep 28 02:21:02 UTC 2026","testcases.backoffice.googleauth.DeleteOtpGoogleTest","Surefire test","testcases.backoffice.googleauth.DeleteOtpGoogleTest","deleteOtpGoogleWithXssId"
"Created Favorite Account Dengan Header Authorization Tanpa Skema Bearer","2129","createdFavoriteAccountWithMalformedAuthorizationHeader","Surefire suite","Mon Sep 28 02:49:42 UTC 2026","passed","Mon Sep 28 02:49:44 UTC 2026","testcases.settings.favoriteaccount.CreatedFavoriteAccountTest","Surefire test","testcases.settings.favoriteaccount.CreatedFavoriteAccountTest","createdFavoriteAccountWithMalformedAuthorizationHeader"
"Get List Google Authenticator Menggunakan HTTP Method DELETE","6212","listOtpGoogleWithDeleteMethod","Surefire suite","Mon Sep 28 02:46:12 UTC 2026","passed","Mon Sep 28 02:46:18 UTC 2026","testcases.backoffice.googleauth.ListOtpGoogleTest","Surefire test","testcases.backoffice.googleauth.ListOtpGoogleTest","listOtpGoogleWithDeleteMethod"
"Delete Group Backoffice Dengan id yang Tidak Pernah Ada","1733","deleteGroupWithNonExistentId","Surefire suite","Mon Sep 28 02:12:28 UTC 2026","passed","Mon Sep 28 02:12:29 UTC 2026","testcases.backoffice.group.DeleteGroupTest","Surefire test","testcases.backoffice.group.DeleteGroupTest","deleteGroupWithNonExistentId"
"List Waiting Company Backoffice Tanpa Body Sama Sekali","4593","listWaitingCompanyWithoutBody","Surefire suite","Mon Sep 28 02:52:47 UTC 2026","passed","Mon Sep 28 02:52:52 UTC 2026","testcases.backoffice.ListWaitingCompanyTest","Surefire test","testcases.backoffice.ListWaitingCompanyTest","listWaitingCompanyWithoutBody"
"Delete Google Authenticator Tanpa Login/Header Auth","1775","deleteOtpGoogleWithoutAuth","Surefire suite","Mon Sep 28 02:21:05 UTC 2026","passed","Mon Sep 28 02:21:06 UTC 2026","testcases.backoffice.googleauth.DeleteOtpGoogleTest","Surefire test","testcases.backoffice.googleauth.DeleteOtpGoogleTest","deleteOtpGoogleWithoutAuth"
"Get History Transfer Merchant on Login CS Admin","21674","historyTransferMerchantTestCSAdmin","Surefire suite","Mon Sep 28 04:11:11 UTC 2026","passed","Mon Sep 28 04:11:32 UTC 2026","testcases.history.HistoryTransferTest","Surefire test","testcases.history.HistoryTransferTest","historyTransferMerchantTestCSAdmin"
"Inquiry Favorite Account Menggunakan HTTP Method GET","2992","inquiryFavoriteAccountWithGetMethod","Surefire suite","Mon Sep 28 02:46:57 UTC 2026","passed","Mon Sep 28 02:47:00 UTC 2026","testcases.settings.favoriteaccount.InquiryFavoriteAccountTest","Surefire test","testcases.settings.favoriteaccount.InquiryFavoriteAccountTest","inquiryFavoriteAccountWithGetMethod"
"Create Manage Settlement BO Menggunakan Login Customer Service","6510","addManageSettlementWithCSLogin","Surefire suite","Mon Sep 28 02:27:09 UTC 2026","passed","Mon Sep 28 02:27:15 UTC 2026","testcases.backoffice.settlement.AddManageSettlementTest","Surefire test","testcases.backoffice.settlement.AddManageSettlementTest","addManageSettlementWithCSLogin"
"Get List Google Authenticator Dengan Body JSON Tidak Valid (Malformed)","10968","listOtpGoogleWithMalformedJson","Surefire suite","Mon Sep 28 02:47:26 UTC 2026","passed","Mon Sep 28 02:47:37 UTC 2026","testcases.backoffice.googleauth.ListOtpGoogleTest","Surefire test","testcases.backoffice.googleauth.ListOtpGoogleTest","listOtpGoogleWithMalformedJson"
"Add Currency CS Admin Path Menggunakan Login Backoffice","10673","addCurrencyWithBackofficeLogin","Surefire suite","Mon Sep 28 03:50:18 UTC 2026","passed","Mon Sep 28 03:50:29 UTC 2026","testcases.backoffice.currency.AddCurrencyTest","Surefire test","testcases.backoffice.currency.AddCurrencyTest","addCurrencyWithBackofficeLogin"
"","8741","listSettlement","Surefire suite","Mon Sep 28 02:44:48 UTC 2026","passed","Mon Sep 28 02:44:57 UTC 2026","testcases.backoffice.ListTransferTest","Surefire test","testcases.backoffice.ListTransferTest","listSettlement"
"Delete Manage Settlement BO Tanpa Login/Header Auth","1840","deleteManageSettlementWithoutAuth","Surefire suite","Mon Sep 28 02:25:41 UTC 2026","passed","Mon Sep 28 02:25:43 UTC 2026","testcases.backoffice.settlement.DeleteManageSettlementTest","Surefire test","testcases.backoffice.settlement.DeleteManageSettlementTest","deleteManageSettlementWithoutAuth"
"Add Group Backoffice Dengan name Bertipe Angka (Bukan String)","1620","addGroupWithNumericName","Surefire suite","Mon Sep 28 02:16:27 UTC 2026","passed","Mon Sep 28 02:16:28 UTC 2026","testcases.backoffice.group.AddGroupTest","Surefire test","testcases.backoffice.group.AddGroupTest","addGroupWithNumericName"
"List Manage Settlement Backoffice Dengan Ukuran Halaman Sangat Besar","5256","listManageSettlementWithHugeSize","Surefire suite","Mon Sep 28 02:46:14 UTC 2026","passed","Mon Sep 28 02:46:20 UTC 2026","testcases.backoffice.settlement.ManageSettlementTest","Surefire test","testcases.backoffice.settlement.ManageSettlementTest","listManageSettlementWithHugeSize"
"Delete Group Backoffice Dengan Body Berupa JSON Array ([])","5035","deleteGroupWithArrayBody","Surefire suite","Mon Sep 28 02:10:44 UTC 2026","passed","Mon Sep 28 02:10:49 UTC 2026","testcases.backoffice.group.DeleteGroupTest","Surefire test","testcases.backoffice.group.DeleteGroupTest","deleteGroupWithArrayBody"
"Inquiry Test USDT Transfer Merchant","5237","inquiryUSDT","Surefire suite","Mon Sep 28 02:11:19 UTC 2026","passed","Mon Sep 28 02:11:24 UTC 2026","testcases.transfer.InquiryUSDTTest","Surefire test","testcases.transfer.InquiryUSDTTest","inquiryUSDT"
"List Currency USDT Menggunakan Login CS Admin","5069","getCurrencyWithCSAdminLogin","Surefire suite","Mon Sep 28 02:16:36 UTC 2026","passed","Mon Sep 28 02:16:41 UTC 2026","testcases.backoffice.currency.GetCurrencyTest","Surefire test","testcases.backoffice.currency.GetCurrencyTest","getCurrencyWithCSAdminLogin"
"Success Assignment USDT","13529","assignUSDTTest","Surefire suite","Mon Sep 28 03:01:50 UTC 2026","passed","Mon Sep 28 03:02:04 UTC 2026","testcases.backoffice.TransferAssignmentTest","Surefire test","testcases.backoffice.TransferAssignmentTest","assignUSDTTest"
"List Manage Settlement Backoffice Dengan Page/Size Negatif","4896","listManageSettlementWithNegativePageSize","Surefire suite","Mon Sep 28 02:47:33 UTC 2026","passed","Mon Sep 28 02:47:38 UTC 2026","testcases.backoffice.settlement.ManageSettlementTest","Surefire test","testcases.backoffice.settlement.ManageSettlementTest","listManageSettlementWithNegativePageSize"
"Test Approved USDT Tanpa URL","74809","approvedUSDTwithoutURL","Surefire suite","Mon Sep 28 03:38:36 UTC 2026","passed","Mon Sep 28 03:39:51 UTC 2026","testcases.backoffice.ApprovalTransferTest","Surefire test","testcases.backoffice.ApprovalTransferTest","approvedUSDTwithoutURL"
"Delete Manage Settlement BO Dengan Token Backoffice Valid Tapi Tanpa Header pbyv","6707","deleteManageSettlementWithoutPbyvHeader","Surefire suite","Mon Sep 28 02:25:59 UTC 2026","passed","Mon Sep 28 02:26:05 UTC 2026","testcases.backoffice.settlement.DeleteManageSettlementTest","Surefire test","testcases.backoffice.settlement.DeleteManageSettlementTest","deleteManageSettlementWithoutPbyvHeader"
"Delete Manage Settlement BO Menggunakan HTTP Method PUT","7827","deleteManageSettlementWithPutMethod","Surefire suite","Mon Sep 28 02:24:37 UTC 2026","passed","Mon Sep 28 02:24:45 UTC 2026","testcases.backoffice.settlement.DeleteManageSettlementTest","Surefire test","testcases.backoffice.settlement.DeleteManageSettlementTest","deleteManageSettlementWithPutMethod"
"Inquiry Test Flop Transfer Merchant","6023","inquiryTransfer","Surefire suite","Mon Sep 28 02:11:10 UTC 2026","passed","Mon Sep 28 02:11:16 UTC 2026","testcases.transfer.InquiryFlopTransferTest","Surefire test","testcases.transfer.InquiryFlopTransferTest","inquiryTransfer"
"Get List Google Authenticator Menggunakan Login Supervisor","9123","listOtpGoogleWithSupervisorLogin","Surefire suite","Mon Sep 28 02:48:58 UTC 2026","passed","Mon Sep 28 02:49:07 UTC 2026","testcases.backoffice.googleauth.ListOtpGoogleTest","Surefire test","testcases.backoffice.googleauth.ListOtpGoogleTest","listOtpGoogleWithSupervisorLogin"
"Get Notification Sender Dengan pinValidasi Berupa Angka (Bukan String)","5843","getNotificationSenderWithNumericPinValidasi","Surefire suite","Mon Sep 28 02:53:30 UTC 2026","passed","Mon Sep 28 02:53:35 UTC 2026","testcases.backoffice.notifsender.NotificationSenderTest","Surefire test","testcases.backoffice.notifsender.NotificationSenderTest","getNotificationSenderWithNumericPinValidasi"
"Create Manage Settlement BO Dengan Token Kadaluarsa","2400","addManageSettlementWithExpiredToken","Surefire suite","Mon Sep 28 02:28:11 UTC 2026","passed","Mon Sep 28 02:28:13 UTC 2026","testcases.backoffice.settlement.AddManageSettlementTest","Surefire test","testcases.backoffice.settlement.AddManageSettlementTest","addManageSettlementWithExpiredToken"
"Login Merchant tanpa Parameter Username","3115","testLoginMissingUsernameParam","Surefire suite","Mon Sep 28 02:10:18 UTC 2026","passed","Mon Sep 28 02:10:21 UTC 2026","testcases.auth.LoginTest","Surefire test","testcases.auth.LoginTest","testLoginMissingUsernameParam"
"Get List Group Backoffice Tanpa Body Sama Sekali","1706","getListGroupWithoutBody","Surefire suite","Mon Sep 28 02:26:21 UTC 2026","passed","Mon Sep 28 02:26:23 UTC 2026","testcases.backoffice.group.GetListGroupTest","Surefire test","testcases.backoffice.group.GetListGroupTest","getListGroupWithoutBody"
"Refund Summary Dengan Payload XSS pada Field type","1594","getRefundWithXssType","Surefire suite","Mon Sep 28 02:56:13 UTC 2026","passed","Mon Sep 28 02:56:15 UTC 2026","testcases.backoffice.refund.GetRefundTest","Surefire test","testcases.backoffice.refund.GetRefundTest","getRefundWithXssType"
"Get Detail Waiting Company Backoffice Dengan Format Id Tidak Valid (Bukan ObjectId)","7458","getDetailWaitingCompanyWithMalformedId","Surefire suite","Mon Sep 28 02:20:35 UTC 2026","passed","Mon Sep 28 02:20:42 UTC 2026","testcases.backoffice.GetDetailWaitingCompanyTest","Surefire test","testcases.backoffice.GetDetailWaitingCompanyTest","getDetailWaitingCompanyWithMalformedId"
"Resend Google Authenticator Tanpa Login/Header Auth","2848","resendOtpGoogleWithoutAuth","Surefire suite","Mon Sep 28 03:00:17 UTC 2026","passed","Mon Sep 28 03:00:20 UTC 2026","testcases.backoffice.googleauth.ResendOtpGoogleTest","Surefire test","testcases.backoffice.googleauth.ResendOtpGoogleTest","resendOtpGoogleWithoutAuth"
"List Refund Menggunakan Login Merchant","5631","listRefundMerchant","Surefire suite","Mon Sep 28 03:57:51 UTC 2026","passed","Mon Sep 28 03:57:57 UTC 2026","testcases.backoffice.ListRefundTest","Surefire test","testcases.backoffice.ListRefundTest","listRefundMerchant"
"Add Group Backoffice Menggunakan Login CS Admin","4886","addGroupWithCSAdminLogin","Surefire suite","Mon Sep 28 02:14:22 UTC 2026","passed","Mon Sep 28 02:14:27 UTC 2026","testcases.backoffice.group.AddGroupTest","Surefire test","testcases.backoffice.group.AddGroupTest","addGroupWithCSAdminLogin"
"Created Favorite Account Menggunakan HTTP Method PUT","1620","createdFavoriteAccountWithPutMethod","Surefire suite","Mon Sep 28 02:50:02 UTC 2026","passed","Mon Sep 28 02:50:03 UTC 2026","testcases.settings.favoriteaccount.CreatedFavoriteAccountTest","Surefire test","testcases.settings.favoriteaccount.CreatedFavoriteAccountTest","createdFavoriteAccountWithPutMethod"
"Add Group Backoffice Tanpa Body Sama Sekali","1736","addGroupWithoutBody","Surefire suite","Mon Sep 28 02:17:30 UTC 2026","passed","Mon Sep 28 02:17:32 UTC 2026","testcases.backoffice.group.AddGroupTest","Surefire test","testcases.backoffice.group.AddGroupTest","addGroupWithoutBody"
"Get Notification Sender Dengan Header Authorization Tanpa Skema Bearer","1573","getNotificationSenderWithMalformedAuthorizationHeader","Surefire suite","Mon Sep 28 02:52:20 UTC 2026","passed","Mon Sep 28 02:52:22 UTC 2026","testcases.backoffice.notifsender.NotificationSenderTest","Surefire test","testcases.backoffice.notifsender.NotificationSenderTest","getNotificationSenderWithMalformedAuthorizationHeader"
"Get List Group Company BO Menggunakan Login Supervisor","4540","getListGroupCompanyWithSupervisorLogin","Surefire suite","Mon Sep 28 02:12:43 UTC 2026","passed","Mon Sep 28 02:12:48 UTC 2026","testcases.backoffice.settlement.GetListGroupCompanyTest","Surefire test","testcases.backoffice.settlement.GetListGroupCompanyTest","getListGroupCompanyWithSupervisorLogin"
"List Refund Dengan Body JSON Tidak Valid (Malformed)","5735","listRefundWithMalformedJson","Surefire suite","Mon Sep 28 03:59:14 UTC 2026","passed","Mon Sep 28 03:59:20 UTC 2026","testcases.backoffice.ListRefundTest","Surefire test","testcases.backoffice.ListRefundTest","listRefundWithMalformedJson"
"Get List Google Authenticator Tanpa Body Sama Sekali","9018","listOtpGoogleWithoutBody","Surefire suite","Mon Sep 28 02:49:44 UTC 2026","passed","Mon Sep 28 02:49:53 UTC 2026","testcases.backoffice.googleauth.ListOtpGoogleTest","Surefire test","testcases.backoffice.googleauth.ListOtpGoogleTest","listOtpGoogleWithoutBody"
"Add Group Backoffice Menggunakan Login Customer Service","5048","addGroupWithCSLogin","Surefire suite","Mon Sep 28 02:14:30 UTC 2026","passed","Mon Sep 28 02:14:35 UTC 2026","testcases.backoffice.group.AddGroupTest","Surefire test","testcases.backoffice.group.AddGroupTest","addGroupWithCSLogin"
"Generate QR Code Merchant","7549","generateQRCode","Surefire suite","Mon Sep 28 02:44:33 UTC 2026","passed","Mon Sep 28 02:44:40 UTC 2026","testcases.QR.GenerateQRTest","Surefire test","testcases.QR.GenerateQRTest","generateQRCode"
"Get List Favorite Account Merchant","11315","getListFavoriteAccount","Surefire suite","Mon Sep 28 04:45:04 UTC 2026","passed","Mon Sep 28 04:45:16 UTC 2026","testcases.settings.favoriteaccount.GetListFavoriteAccountTest","Surefire test","testcases.settings.favoriteaccount.GetListFavoriteAccountTest","getListFavoriteAccount"
"List Manage Settlement Backoffice Dengan Token Tidak Valid","1451","listManageSettlementWithInvalidToken","Surefire suite","Mon Sep 28 02:46:43 UTC 2026","passed","Mon Sep 28 02:46:45 UTC 2026","testcases.backoffice.settlement.ManageSettlementTest","Surefire test","testcases.backoffice.settlement.ManageSettlementTest","listManageSettlementWithInvalidToken"
"Inquiry Test Manual Transfer Merchant","5138","inquiryManualTransfer","Surefire suite","Mon Sep 28 02:56:00 UTC 2026","passed","Mon Sep 28 02:56:05 UTC 2026","testcases.transfer.InquiryManualTransferTest","Surefire test","testcases.transfer.InquiryManualTransferTest","inquiryManualTransfer"
"Transfer Different Parner Reference Supervisor, USDT Transfer to Transfer","49993","trfPartnerRefUSDTSpvFailed","Surefire suite","Mon Sep 28 02:13:48 UTC 2026","passed","Mon Sep 28 02:14:38 UTC 2026","testcases.transfer.TransferTest","Surefire test","testcases.transfer.TransferTest","trfPartnerRefUSDTSpvFailed"
"Create Manage Settlement BO Dengan companyId Valid Secara Format Tapi Tidak Ada","7303","addManageSettlementWithNonExistentCompanyId","Surefire suite","Mon Sep 28 02:29:19 UTC 2026","passed","Mon Sep 28 02:29:26 UTC 2026","testcases.backoffice.settlement.AddManageSettlementTest","Surefire test","testcases.backoffice.settlement.AddManageSettlementTest","addManageSettlementWithNonExistentCompanyId"
"Get Balance Merchant with Login Supervisor","5944","getBalanceMerchantLoginSupervisor","Surefire suite","Mon Sep 28 02:09:56 UTC 2026","passed","Mon Sep 28 02:10:02 UTC 2026","testcases.balance.GetBalanceQrisTest","Surefire test","testcases.balance.GetBalanceQrisTest","getBalanceMerchantLoginSupervisor"
"List Refund Dengan Tipe Data Salah pada Field Limit (String, Bukan Integer)","5149","listRefundWithInvalidFieldType","Surefire suite","Mon Sep 28 03:58:43 UTC 2026","passed","Mon Sep 28 03:58:48 UTC 2026","testcases.backoffice.ListRefundTest","Surefire test","testcases.backoffice.ListRefundTest","listRefundWithInvalidFieldType"
"Created Favorite Account Ke Path yang Tidak Ada (Typo)","1994","createdFavoriteAccountWithWrongPath","Surefire suite","Mon Sep 28 02:50:25 UTC 2026","passed","Mon Sep 28 02:50:27 UTC 2026","testcases.settings.favoriteaccount.CreatedFavoriteAccountTest","Surefire test","testcases.settings.favoriteaccount.CreatedFavoriteAccountTest","createdFavoriteAccountWithWrongPath"
"Refund Summary Dengan type null","1775","getRefundWithNullType","Surefire suite","Mon Sep 28 02:55:19 UTC 2026","passed","Mon Sep 28 02:55:20 UTC 2026","testcases.backoffice.refund.GetRefundTest","Surefire test","testcases.backoffice.refund.GetRefundTest","getRefundWithNullType"
"List Manage Settlement Backoffice Dengan Karakter SQL Injection pada Field Param","9396","listManageSettlementWithSqlInjectionParam","Surefire suite","Mon Sep 28 02:48:14 UTC 2026","passed","Mon Sep 28 02:48:23 UTC 2026","testcases.backoffice.settlement.ManageSettlementTest","Surefire test","testcases.backoffice.settlement.ManageSettlementTest","listManageSettlementWithSqlInjectionParam"
"Get List Favorite Account Dengan Body Berupa Literal null","1609","getListFavoriteAccountWithNullLiteralBody","Surefire suite","Mon Sep 28 04:46:45 UTC 2026","passed","Mon Sep 28 04:46:46 UTC 2026","testcases.settings.favoriteaccount.GetListFavoriteAccountTest","Surefire test","testcases.settings.favoriteaccount.GetListFavoriteAccountTest","getListFavoriteAccountWithNullLiteralBody"
"Get List Favorite Account Menggunakan HTTP Method DELETE","3549","getListFavoriteAccountWithDeleteMethod","Surefire suite","Mon Sep 28 04:45:48 UTC 2026","passed","Mon Sep 28 04:45:51 UTC 2026","testcases.settings.favoriteaccount.GetListFavoriteAccountTest","Surefire test","testcases.settings.favoriteaccount.GetListFavoriteAccountTest","getListFavoriteAccountWithDeleteMethod"
"Get Notification Sender Dengan Field Sort Merujuk ke Kolom yang Tidak Ada","9402","getNotificationSenderWithInvalidSortField","Surefire suite","Mon Sep 28 02:52:04 UTC 2026","passed","Mon Sep 28 02:52:13 UTC 2026","testcases.backoffice.notifsender.NotificationSenderTest","Surefire test","testcases.backoffice.notifsender.NotificationSenderTest","getNotificationSenderWithInvalidSortField"
"Mutasi USDT Transfer Balance","43474","mutasiUSDTTransferBalance","Surefire suite","Mon Sep 28 04:35:36 UTC 2026","passed","Mon Sep 28 04:36:20 UTC 2026","testcases.mutasi.MutasiTransferTest","Surefire test","testcases.mutasi.MutasiTransferTest","mutasiUSDTTransferBalance"
"Add Group Backoffice Menggunakan Login Supervisor","4993","addGroupWithSupervisorLogin","Surefire suite","Mon Sep 28 02:16:45 UTC 2026","passed","Mon Sep 28 02:16:50 UTC 2026","testcases.backoffice.group.AddGroupTest","Surefire test","testcases.backoffice.group.AddGroupTest","addGroupWithSupervisorLogin"
"List Company Backoffice Dengan Body Kosong ({})","4957","listCompanyWithEmptyBody","Surefire suite","Mon Sep 28 02:57:23 UTC 2026","passed","Mon Sep 28 02:57:28 UTC 2026","testcases.backoffice.ListCompanyTest","Surefire test","testcases.backoffice.ListCompanyTest","listCompanyWithEmptyBody"
"Resend Google Authenticator Menggunakan Login Supervisor","10207","resendOtpGoogleWithSupervisorLogin","Surefire suite","Mon Sep 28 02:59:23 UTC 2026","passed","Mon Sep 28 02:59:34 UTC 2026","testcases.backoffice.googleauth.ResendOtpGoogleTest","Surefire test","testcases.backoffice.googleauth.ResendOtpGoogleTest","resendOtpGoogleWithSupervisorLogin"
"List Refund Menggunakan Login Marketing","5927","listRefundWithMarketingLogin","Surefire suite","Mon Sep 28 03:59:23 UTC 2026","passed","Mon Sep 28 03:59:29 UTC 2026","testcases.backoffice.ListRefundTest","Surefire test","testcases.backoffice.ListRefundTest","listRefundWithMarketingLogin"
"Get List Google Authenticator Dengan Body Kosong ({})","8319","listOtpGoogleWithEmptyBody","Surefire suite","Mon Sep 28 02:46:21 UTC 2026","passed","Mon Sep 28 02:46:30 UTC 2026","testcases.backoffice.googleauth.ListOtpGoogleTest","Surefire test","testcases.backoffice.googleauth.ListOtpGoogleTest","listOtpGoogleWithEmptyBody"
"List Waiting Company Backoffice Menggunakan Login Admin Crypto","8587","listWaitingCompanyWithAdminCryptoLogin","Surefire suite","Mon Sep 28 02:50:15 UTC 2026","passed","Mon Sep 28 02:50:24 UTC 2026","testcases.backoffice.ListWaitingCompanyTest","Surefire test","testcases.backoffice.ListWaitingCompanyTest","listWaitingCompanyWithAdminCryptoLogin"
"Request Refund Transfer Merchant","4876","refundTransferMerchant","Surefire suite","Mon Sep 28 02:55:35 UTC 2026","passed","Mon Sep 28 02:55:40 UTC 2026","testcases.transfer.RefundTransferTest","Surefire test","testcases.transfer.RefundTransferTest","refundTransferMerchant"
"Delete Group Backoffice Dengan Body Berupa Literal null","1612","deleteGroupWithNullLiteralBody","Surefire suite","Mon Sep 28 02:12:32 UTC 2026","passed","Mon Sep 28 02:12:34 UTC 2026","testcases.backoffice.group.DeleteGroupTest","Surefire test","testcases.backoffice.group.DeleteGroupTest","deleteGroupWithNullLiteralBody"
"Refund Summary Menggunakan HTTP Method DELETE","1590","getRefundWithDeleteMethod","Surefire suite","Mon Sep 28 02:53:49 UTC 2026","passed","Mon Sep 28 02:53:50 UTC 2026","testcases.backoffice.refund.GetRefundTest","Surefire test","testcases.backoffice.refund.GetRefundTest","getRefundWithDeleteMethod"
"List Company Backoffice Menggunakan Login Supervisor","8143","listCompanyWithSupervisorLogin","Surefire suite","Mon Sep 28 02:59:09 UTC 2026","passed","Mon Sep 28 02:59:17 UTC 2026","testcases.backoffice.ListCompanyTest","Surefire test","testcases.backoffice.ListCompanyTest","listCompanyWithSupervisorLogin"
"Transfer Different Partner Reference, Special Transfer to Transfer","55127","trfPartnerRefSpecialFailed","Surefire suite","Mon Sep 28 02:17:23 UTC 2026","failed","Mon Sep 28 02:18:18 UTC 2026","testcases.transfer.TransferTest","Surefire test","testcases.transfer.TransferTest","trfPartnerRefSpecialFailed"
"Add Group Backoffice Dengan Body Berupa JSON Array ([])","4941","addGroupWithArrayBody","Surefire suite","Mon Sep 28 02:14:14 UTC 2026","passed","Mon Sep 28 02:14:19 UTC 2026","testcases.backoffice.group.AddGroupTest","Surefire test","testcases.backoffice.group.AddGroupTest","addGroupWithArrayBody"
"Normal Flop Transfer Balance Success","17719","flopTransferBalance","Surefire suite","Mon Sep 28 02:19:23 UTC 2026","failed","Mon Sep 28 02:19:41 UTC 2026","testcases.transfer.TransferFlopTest","Surefire test","testcases.transfer.TransferFlopTest","flopTransferBalance"
"Mutasi Transfer","10472","mutasiTransferAdminCrypto","Surefire suite","Mon Sep 28 04:32:12 UTC 2026","passed","Mon Sep 28 04:32:22 UTC 2026","testcases.mutasi.MutasiTransferTest","Surefire test","testcases.mutasi.MutasiTransferTest","mutasiTransferAdminCrypto"
"Get Notification Sender Dengan Body Berupa Literal null","7425","getNotificationSenderWithNullLiteralBody","Surefire suite","Mon Sep 28 02:53:11 UTC 2026","passed","Mon Sep 28 02:53:18 UTC 2026","testcases.backoffice.notifsender.NotificationSenderTest","Surefire test","testcases.backoffice.notifsender.NotificationSenderTest","getNotificationSenderWithNullLiteralBody"
"Get List Group Backoffice Dengan Content-Type text/plain","1686","getListGroupWithWrongContentType","Surefire suite","Mon Sep 28 02:25:57 UTC 2026","passed","Mon Sep 28 02:25:59 UTC 2026","testcases.backoffice.group.GetListGroupTest","Surefire test","testcases.backoffice.group.GetListGroupTest","getListGroupWithWrongContentType"
"Mutasi Special Transfer Balance","44882","mutasiSpecialTransferBalance","Surefire suite","Mon Sep 28 04:26:57 UTC 2026","passed","Mon Sep 28 04:27:42 UTC 2026","testcases.mutasi.MutasiTransferTest","Surefire test","testcases.mutasi.MutasiTransferTest","mutasiSpecialTransferBalance"
"Inquiry Favorite Account Merchant","13025","inquiryFavoriteAccountMerchant","Surefire suite","Mon Sep 28 02:46:04 UTC 2026","passed","Mon Sep 28 02:46:18 UTC 2026","testcases.settings.favoriteaccount.InquiryFavoriteAccountTest","Surefire test","testcases.settings.favoriteaccount.InquiryFavoriteAccountTest","inquiryFavoriteAccountMerchant"
"Get User Backoffice Tanpa Login/Header Auth","1558","getUserWithoutAuth","Surefire suite","Mon Sep 28 02:16:00 UTC 2026","passed","Mon Sep 28 02:16:01 UTC 2026","testcases.backoffice.GetDashboardTest","Surefire test","testcases.backoffice.GetDashboardTest","getUserWithoutAuth"
"Mutasi Manual Transfer Supervisor","40100","mutasiManualTransferSupervisor","Surefire suite","Mon Sep 28 04:24:50 UTC 2026","passed","Mon Sep 28 04:25:30 UTC 2026","testcases.mutasi.MutasiTransferTest","Surefire test","testcases.mutasi.MutasiTransferTest","mutasiManualTransferSupervisor"
"Add Group Backoffice Dengan Payload XSS pada name","1525","addGroupWithXssName","Surefire suite","Mon Sep 28 02:17:21 UTC 2026","passed","Mon Sep 28 02:17:23 UTC 2026","testcases.backoffice.group.AddGroupTest","Surefire test","testcases.backoffice.group.AddGroupTest","addGroupWithXssName"
"Get User Backoffice Menggunakan Login Admin Crypto","4878","getUserWithAdminCryptoLogin","Surefire suite","Mon Sep 28 02:15:39 UTC 2026","passed","Mon Sep 28 02:15:44 UTC 2026","testcases.backoffice.GetDashboardTest","Surefire test","testcases.backoffice.GetDashboardTest","getUserWithAdminCryptoLogin"
"Test Approved Manual Transfer","28557","rejectedCashDeposit","Surefire suite","Mon Sep 28 03:39:54 UTC 2026","passed","Mon Sep 28 03:40:22 UTC 2026","testcases.backoffice.ApprovalTransferTest","Surefire test","testcases.backoffice.ApprovalTransferTest","rejectedCashDeposit"
"Test Reject USDT Supervisor","23908","rejectedUSDTSupervisor","Surefire suite","Mon Sep 28 03:42:12 UTC 2026","passed","Mon Sep 28 03:42:36 UTC 2026","testcases.backoffice.ApprovalTransferTest","Surefire test","testcases.backoffice.ApprovalTransferTest","rejectedUSDTSupervisor"
"Get List Group Backoffice Menggunakan HTTP Method GET","4552","getListGroupWithGetMethod","Surefire suite","Mon Sep 28 02:24:02 UTC 2026","passed","Mon Sep 28 02:24:07 UTC 2026","testcases.backoffice.group.GetListGroupTest","Surefire test","testcases.backoffice.group.GetListGroupTest","getListGroupWithGetMethod"
"Mutasi Special Transfer Balance Supervisor","36560","mutasiSpecialTransferBalanceSupervisor","Surefire suite","Mon Sep 28 04:28:28 UTC 2026","passed","Mon Sep 28 04:29:04 UTC 2026","testcases.mutasi.MutasiTransferTest","Surefire test","testcases.mutasi.MutasiTransferTest","mutasiSpecialTransferBalanceSupervisor"
"Delete Manage Settlement BO Dengan id Sangat Panjang (10.000 karakter)","8425","deleteManageSettlementWithOverlongId","Surefire suite","Mon Sep 28 02:24:03 UTC 2026","passed","Mon Sep 28 02:24:11 UTC 2026","testcases.backoffice.settlement.DeleteManageSettlementTest","Surefire test","testcases.backoffice.settlement.DeleteManageSettlementTest","deleteManageSettlementWithOverlongId"
"Inquiry Test Special Transfer Merchant Supervisor","5385","inquirySpecialTransferSupervisor","Surefire suite","Mon Sep 28 02:11:00 UTC 2026","passed","Mon Sep 28 02:11:05 UTC 2026","testcases.transfer.InquirySpecialTransferTest","Surefire test","testcases.transfer.InquirySpecialTransferTest","inquirySpecialTransferSupervisor"
"Inquiry Favorite Account Dengan Header companyId Salah","3273","inquiryFavoriteAccountWithWrongCompanyIdHeader","Surefire suite","Mon Sep 28 02:47:53 UTC 2026","failed","Mon Sep 28 02:47:56 UTC 2026","testcases.settings.favoriteaccount.InquiryFavoriteAccountTest","Surefire test","testcases.settings.favoriteaccount.InquiryFavoriteAccountTest","inquiryFavoriteAccountWithWrongCompanyIdHeader"
"Get List Group Company BO Menggunakan Login Admin Crypto","5405","getListGroupCompanyWithAdminCryptoLogin","Surefire suite","Mon Sep 28 02:10:20 UTC 2026","passed","Mon Sep 28 02:10:25 UTC 2026","testcases.backoffice.settlement.GetListGroupCompanyTest","Surefire test","testcases.backoffice.settlement.GetListGroupCompanyTest","getListGroupCompanyWithAdminCryptoLogin"
"Delete Google Authenticator Dengan id Sangat Panjang (10.000 karakter)","6473","deleteOtpGoogleWithOverlongId","Surefire suite","Mon Sep 28 02:19:44 UTC 2026","passed","Mon Sep 28 02:19:51 UTC 2026","testcases.backoffice.googleauth.DeleteOtpGoogleTest","Surefire test","testcases.backoffice.googleauth.DeleteOtpGoogleTest","deleteOtpGoogleWithOverlongId"
"Delete Manage Settlement BO Menggunakan HTTP Method POST","10460","deleteManageSettlementWithPostMethod","Surefire suite","Mon Sep 28 02:24:24 UTC 2026","passed","Mon Sep 28 02:24:34 UTC 2026","testcases.backoffice.settlement.DeleteManageSettlementTest","Surefire test","testcases.backoffice.settlement.DeleteManageSettlementTest","deleteManageSettlementWithPostMethod"
"Create Manage Settlement BO Menggunakan HTTP Method PATCH","7737","addManageSettlementWithPatchMethod","Surefire suite","Mon Sep 28 02:30:01 UTC 2026","passed","Mon Sep 28 02:30:09 UTC 2026","testcases.backoffice.settlement.AddManageSettlementTest","Surefire test","testcases.backoffice.settlement.AddManageSettlementTest","addManageSettlementWithPatchMethod"
"List Currency USDT Menggunakan Login Supervisor","5197","getCurrencyWithSupervisorLogin","Surefire suite","Mon Sep 28 02:18:29 UTC 2026","passed","Mon Sep 28 02:18:34 UTC 2026","testcases.backoffice.currency.GetCurrencyTest","Surefire test","testcases.backoffice.currency.GetCurrencyTest","getCurrencyWithSupervisorLogin"
"Get Balance Merchant with Login CS","5913","getBalanceMerchantLoginCS","Surefire suite","Mon Sep 28 02:09:56 UTC 2026","passed","Mon Sep 28 02:10:01 UTC 2026","testcases.balance.GetBalanceQrisTest","Surefire test","testcases.balance.GetBalanceQrisTest","getBalanceMerchantLoginCS"
"Refund Summary Dengan endDate Bukan Format Tanggal","3244","getRefundWithInvalidEndDate","Surefire suite","Mon Sep 28 02:54:18 UTC 2026","passed","Mon Sep 28 02:54:21 UTC 2026","testcases.backoffice.refund.GetRefundTest","Surefire test","testcases.backoffice.refund.GetRefundTest","getRefundWithInvalidEndDate"
"Add Group Backoffice Dengan name null","1641","addGroupWithNullName","Surefire suite","Mon Sep 28 02:16:22 UTC 2026","passed","Mon Sep 28 02:16:24 UTC 2026","testcases.backoffice.group.AddGroupTest","Surefire test","testcases.backoffice.group.AddGroupTest","addGroupWithNullName"
"Get List Favorite Account Tanpa Field page","1952","getListFavoriteAccountWithoutPageField","Surefire suite","Mon Sep 28 04:48:02 UTC 2026","passed","Mon Sep 28 04:48:04 UTC 2026","testcases.settings.favoriteaccount.GetListFavoriteAccountTest","Surefire test","testcases.settings.favoriteaccount.GetListFavoriteAccountTest","getListFavoriteAccountWithoutPageField"
"Add Group Backoffice Dengan Content-Type text/plain","1527","addGroupWithWrongContentType","Surefire suite","Mon Sep 28 02:17:07 UTC 2026","passed","Mon Sep 28 02:17:09 UTC 2026","testcases.backoffice.group.AddGroupTest","Surefire test","testcases.backoffice.group.AddGroupTest","addGroupWithWrongContentType"
"Get History Special Transfer Merchant on Login CS Admin","15885","historySpecialTransferMerchantTestCSAdmin","Surefire suite","Mon Sep 28 04:08:33 UTC 2026","passed","Mon Sep 28 04:08:49 UTC 2026","testcases.history.HistoryTransferTest","Surefire test","testcases.history.HistoryTransferTest","historySpecialTransferMerchantTestCSAdmin"
"Get List Favorite Account Dengan Token Kadaluarsa","4361","getListFavoriteAccountWithExpiredToken","Surefire suite","Mon Sep 28 04:46:00 UTC 2026","passed","Mon Sep 28 04:46:04 UTC 2026","testcases.settings.favoriteaccount.GetListFavoriteAccountTest","Surefire test","testcases.settings.favoriteaccount.GetListFavoriteAccountTest","getListFavoriteAccountWithExpiredToken"
"Get List Group Backoffice Dengan enablePage Bertipe String","2525","getListGroupWithEnablePageAsString","Surefire suite","Mon Sep 28 02:23:52 UTC 2026","passed","Mon Sep 28 02:23:54 UTC 2026","testcases.backoffice.group.GetListGroupTest","Surefire test","testcases.backoffice.group.GetListGroupTest","getListGroupWithEnablePageAsString"
"Get List Favorite Account Supervisor","7249","getListFavoriteAccountSupervisor","Surefire suite","Mon Sep 28 04:45:28 UTC 2026","failed","Mon Sep 28 04:45:35 UTC 2026","testcases.settings.favoriteaccount.GetListFavoriteAccountTest","Surefire test","testcases.settings.favoriteaccount.GetListFavoriteAccountTest","getListFavoriteAccountSupervisor"
"Mutasi Special Transfer Balance CS","39953","mutasiSpecialTransferBalanceCS","Surefire suite","Mon Sep 28 04:27:45 UTC 2026","passed","Mon Sep 28 04:28:24 UTC 2026","testcases.mutasi.MutasiTransferTest","Surefire test","testcases.mutasi.MutasiTransferTest","mutasiSpecialTransferBalanceCS"
"Mutasi USDT Transfer Balance CS","45842","mutasiUSDTTransferBalanceCS","Surefire suite","Mon Sep 28 04:36:23 UTC 2026","passed","Mon Sep 28 04:37:09 UTC 2026","testcases.mutasi.MutasiTransferTest","Surefire test","testcases.mutasi.MutasiTransferTest","mutasiUSDTTransferBalanceCS"
"Get List Favorite Account Dengan Karakter SQL Injection pada sort","2940","getListFavoriteAccountWithSqlInjectionSort","Surefire suite","Mon Sep 28 04:47:12 UTC 2026","passed","Mon Sep 28 04:47:15 UTC 2026","testcases.settings.favoriteaccount.GetListFavoriteAccountTest","Surefire test","testcases.settings.favoriteaccount.GetListFavoriteAccountTest","getListFavoriteAccountWithSqlInjectionSort"
"Create Manage Settlement BO Dengan companyId Duplikat (Sudah Terdaftar)","14630","addManageSettlementWithDuplicateCompanyId","Surefire suite","Mon Sep 28 02:27:27 UTC 2026","passed","Mon Sep 28 02:27:42 UTC 2026","testcases.backoffice.settlement.AddManageSettlementTest","Surefire test","testcases.backoffice.settlement.AddManageSettlementTest","addManageSettlementWithDuplicateCompanyId"
