"DESCRIPTION","DURATION IN MS","NAME","PARENT SUITE","START TIME","STATUS","STOP TIME","SUB SUITE","SUITE","TEST CLASS","TEST METHOD"
"Delete Google Authenticator Dengan id Berisi Spasi","5065","deleteOtpGoogleWithWhitespaceId","Surefire suite","Fri Sep 18 08:03:01 UTC 2026","passed","Fri Sep 18 08:03:06 UTC 2026","testcases.backoffice.googleauth.DeleteOtpGoogleTest","Surefire test","testcases.backoffice.googleauth.DeleteOtpGoogleTest","deleteOtpGoogleWithWhitespaceId"
"Refund Summary Dengan startDate Hanya Tanggal (Tanpa Waktu/Zona)","1612","getRefundWithDateOnlyFormat","Surefire suite","Fri Sep 18 07:45:37 UTC 2026","passed","Fri Sep 18 07:45:39 UTC 2026","testcases.backoffice.refund.GetRefundTest","Surefire test","testcases.backoffice.refund.GetRefundTest","getRefundWithDateOnlyFormat"
"Resend Google Authenticator Dengan Body JSON Tidak Valid (Malformed)","4652","resendOtpGoogleWithMalformedJson","Surefire suite","Fri Sep 18 08:05:17 UTC 2026","passed","Fri Sep 18 08:05:21 UTC 2026","testcases.backoffice.googleauth.ResendOtpGoogleTest","Surefire test","testcases.backoffice.googleauth.ResendOtpGoogleTest","resendOtpGoogleWithMalformedJson"
"Request Refund Special Transfer Merchant","5008","refundSpecialTransferMerchant","Surefire suite","Fri Sep 18 06:51:00 UTC 2026","passed","Fri Sep 18 06:51:05 UTC 2026","testcases.transfer.RefundTransferTest","Surefire test","testcases.transfer.RefundTransferTest","refundSpecialTransferMerchant"
"Delete Group Backoffice Dengan Body Berupa Literal null","1557","deleteGroupWithNullLiteralBody","Surefire suite","Fri Sep 18 07:37:04 UTC 2026","passed","Fri Sep 18 07:37:06 UTC 2026","testcases.backoffice.group.DeleteGroupTest","Surefire test","testcases.backoffice.group.DeleteGroupTest","deleteGroupWithNullLiteralBody"
"Inquiry Test Special Transfer Merchant Supervisor","1528","inquirySpecialTransferSupervisor","Surefire suite","Fri Sep 18 06:18:59 UTC 2026","broken","Fri Sep 18 06:19:01 UTC 2026","testcases.transfer.InquirySpecialTransferTest","Surefire test","testcases.transfer.InquirySpecialTransferTest","inquirySpecialTransferSupervisor"
"List Refund Menggunakan Login Merchant","4610","listRefundWithMerchantLogin","Surefire suite","Fri Sep 18 07:05:53 UTC 2026","passed","Fri Sep 18 07:05:57 UTC 2026","testcases.backoffice.ListRefundTest","Surefire test","testcases.backoffice.ListRefundTest","listRefundWithMerchantLogin"
"Login Merchant tanpa Parameter Captcha","3184","testLoginMissingCaptchaParam","Surefire suite","Fri Sep 18 06:47:58 UTC 2026","passed","Fri Sep 18 06:48:01 UTC 2026","testcases.auth.LoginTest","Surefire test","testcases.auth.LoginTest","testLoginMissingCaptchaParam"
"Delete Google Authenticator Menggunakan Login Admin Crypto","4828","deleteOtpGoogleWithAdminCryptoLogin","Surefire suite","Fri Sep 18 08:00:34 UTC 2026","passed","Fri Sep 18 08:00:39 UTC 2026","testcases.backoffice.googleauth.DeleteOtpGoogleTest","Surefire test","testcases.backoffice.googleauth.DeleteOtpGoogleTest","deleteOtpGoogleWithAdminCryptoLogin"
"Delete Manage Settlement BO Dengan id Sangat Panjang (10.000 karakter)","4689","deleteManageSettlementWithOverlongId","Surefire suite","Fri Sep 18 07:13:21 UTC 2026","passed","Fri Sep 18 07:13:26 UTC 2026","testcases.backoffice.settlement.DeleteManageSettlementTest","Surefire test","testcases.backoffice.settlement.DeleteManageSettlementTest","deleteManageSettlementWithOverlongId"
"Get Notification Sender Dengan Field Tidak Dikenal pada Body","5581","getNotificationSenderWithUnknownField","Surefire suite","Fri Sep 18 07:52:38 UTC 2026","passed","Fri Sep 18 07:52:44 UTC 2026","testcases.backoffice.notifsender.NotificationSenderTest","Surefire test","testcases.backoffice.notifsender.NotificationSenderTest","getNotificationSenderWithUnknownField"
"Refund Summary Dengan Token Kadaluarsa","1596","getRefundWithExpiredToken","Surefire suite","Fri Sep 18 07:45:56 UTC 2026","passed","Fri Sep 18 07:45:57 UTC 2026","testcases.backoffice.refund.GetRefundTest","Surefire test","testcases.backoffice.refund.GetRefundTest","getRefundWithExpiredToken"
"Get List Group","4766","getListGroup","Surefire suite","Fri Sep 18 07:31:00 UTC 2026","failed","Fri Sep 18 07:31:04 UTC 2026","testcases.backoffice.group.GetListGroupTest","Surefire test","testcases.backoffice.group.GetListGroupTest","getListGroup"
"Mutasi USDT Transfer","28250","mutasiUSDTTransfer","Surefire suite","Fri Sep 18 06:43:20 UTC 2026","passed","Fri Sep 18 06:43:48 UTC 2026","testcases.mutasi.MutasiTransferTest","Surefire test","testcases.mutasi.MutasiTransferTest","mutasiUSDTTransfer"
"List User Backoffice Menggunakan Login Admin Crypto","4731","listUsersWithAdminCryptoLogin","Surefire suite","Fri Sep 18 07:54:46 UTC 2026","passed","Fri Sep 18 07:54:50 UTC 2026","testcases.backoffice.users.ListUsersTest","Surefire test","testcases.backoffice.users.ListUsersTest","listUsersWithAdminCryptoLogin"
"List Currency USDT Dengan Body Kosong ({})","1616","getCurrencyWithEmptyBody","Surefire suite","Fri Sep 18 07:23:00 UTC 2026","passed","Fri Sep 18 07:23:02 UTC 2026","testcases.backoffice.currency.GetCurrencyTest","Surefire test","testcases.backoffice.currency.GetCurrencyTest","getCurrencyWithEmptyBody"
"Get History Manual Transfer Test CS","11559","historyManualTransferTestCS","Surefire suite","Fri Sep 18 06:07:32 UTC 2026","passed","Fri Sep 18 06:07:43 UTC 2026","testcases.history.HistoryTransferTest","Surefire test","testcases.history.HistoryTransferTest","historyManualTransferTestCS"
"Reset Pin CS Admin","5313","resetPinCSAdmin","Surefire suite","Fri Sep 18 07:00:52 UTC 2026","passed","Fri Sep 18 07:00:57 UTC 2026","testcases.settings.ResetPinTest","Surefire test","testcases.settings.ResetPinTest","resetPinCSAdmin"
"List Company Backoffice Dengan Token Tidak Valid","1495","listCompanyWithInvalidToken","Surefire suite","Fri Sep 18 07:02:44 UTC 2026","passed","Fri Sep 18 07:02:45 UTC 2026","testcases.backoffice.ListCompanyTest","Surefire test","testcases.backoffice.ListCompanyTest","listCompanyWithInvalidToken"
"Add Currency CS Admin Path Menggunakan HTTP Method DELETE","1526","addCurrencyWithDeleteMethod","Surefire suite","Fri Sep 18 06:01:45 UTC 2026","passed","Fri Sep 18 06:01:47 UTC 2026","testcases.backoffice.currency.AddCurrencyTest","Surefire test","testcases.backoffice.currency.AddCurrencyTest","addCurrencyWithDeleteMethod"
"Add Group Backoffice Menggunakan Login Supervisor","4704","addGroupWithSupervisorLogin","Surefire suite","Fri Sep 18 07:41:13 UTC 2026","passed","Fri Sep 18 07:41:18 UTC 2026","testcases.backoffice.group.AddGroupTest","Surefire test","testcases.backoffice.group.AddGroupTest","addGroupWithSupervisorLogin"
"Inquiry Test Transfer Admin Crypto","4979","inquiryTransferAdminCrypto","Surefire suite","Fri Sep 18 06:23:09 UTC 2026","passed","Fri Sep 18 06:23:14 UTC 2026","testcases.transfer.InquiryTransferTest","Surefire test","testcases.transfer.InquiryTransferTest","inquiryTransferAdminCrypto"
"Success Login CS Admin","3335","testLoginCSAdmin","Surefire suite","Fri Sep 18 06:47:27 UTC 2026","passed","Fri Sep 18 06:47:31 UTC 2026","testcases.auth.LoginTest","Surefire test","testcases.auth.LoginTest","testLoginCSAdmin"
"Refund Summary Dengan Body Kosong ({})","1531","getRefundWithEmptyBody","Surefire suite","Fri Sep 18 07:45:46 UTC 2026","passed","Fri Sep 18 07:45:48 UTC 2026","testcases.backoffice.refund.GetRefundTest","Surefire test","testcases.backoffice.refund.GetRefundTest","getRefundWithEmptyBody"
"Mutasi Manual Transfer","28661","mutasiManualTransfer","Surefire suite","Fri Sep 18 06:33:08 UTC 2026","passed","Fri Sep 18 06:33:36 UTC 2026","testcases.mutasi.MutasiTransferTest","Surefire test","testcases.mutasi.MutasiTransferTest","mutasiManualTransfer"
"Refund Summary Menggunakan HTTP Method GET","1691","getRefundWithGetMethod","Surefire suite","Fri Sep 18 07:46:00 UTC 2026","passed","Fri Sep 18 07:46:02 UTC 2026","testcases.backoffice.refund.GetRefundTest","Surefire test","testcases.backoffice.refund.GetRefundTest","getRefundWithGetMethod"
"List Refund Tanpa Login/Header Auth","1450","listRefundWithoutAuth","Surefire suite","Fri Sep 18 07:06:24 UTC 2026","passed","Fri Sep 18 07:06:25 UTC 2026","testcases.backoffice.ListRefundTest","Surefire test","testcases.backoffice.ListRefundTest","listRefundWithoutAuth"
"Get List Group Company BO Menggunakan Login Admin","4857","getListGroupCompanyWithAdminLogin","Surefire suite","Fri Sep 18 07:19:04 UTC 2026","passed","Fri Sep 18 07:19:09 UTC 2026","testcases.backoffice.settlement.GetListGroupCompanyTest","Surefire test","testcases.backoffice.settlement.GetListGroupCompanyTest","getListGroupCompanyWithAdminLogin"
"Inquiry Favorite Account Dengan Body Berupa Literal null","1490","inquiryFavoriteAccountWithNullLiteralBody","Surefire suite","Fri Sep 18 06:54:27 UTC 2026","passed","Fri Sep 18 06:54:29 UTC 2026","testcases.settings.favoriteaccount.InquiryFavoriteAccountTest","Surefire test","testcases.settings.favoriteaccount.InquiryFavoriteAccountTest","inquiryFavoriteAccountWithNullLiteralBody"
"Get List Google Authenticator Dengan Field Tidak Dikenal pada Body","4900","listOtpGoogleWithUnknownField","Surefire suite","Fri Sep 18 07:59:42 UTC 2026","passed","Fri Sep 18 07:59:47 UTC 2026","testcases.backoffice.googleauth.ListOtpGoogleTest","Surefire test","testcases.backoffice.googleauth.ListOtpGoogleTest","listOtpGoogleWithUnknownField"
"Approval Refund Transfer Merchant","9710","approveRefundTransferMerchant","Surefire suite","Fri Sep 18 07:25:35 UTC 2026","passed","Fri Sep 18 07:25:45 UTC 2026","testcases.backoffice.ApprovalRefundTest","Surefire test","testcases.backoffice.ApprovalRefundTest","approveRefundTransferMerchant"
"Add Group Backoffice Menggunakan Login CS Admin","4675","addGroupWithCSAdminLogin","Surefire suite","Fri Sep 18 07:38:52 UTC 2026","passed","Fri Sep 18 07:38:57 UTC 2026","testcases.backoffice.group.AddGroupTest","Surefire test","testcases.backoffice.group.AddGroupTest","addGroupWithCSAdminLogin"
"Refund Summary Dengan Field Tidak Dikenal pada Body","1684","getRefundWithUnknownField","Surefire suite","Fri Sep 18 07:47:37 UTC 2026","passed","Fri Sep 18 07:47:39 UTC 2026","testcases.backoffice.refund.GetRefundTest","Surefire test","testcases.backoffice.refund.GetRefundTest","getRefundWithUnknownField"
"List User Backoffice Tanpa Body Sama Sekali","4820","listUsersWithoutBody","Surefire suite","Fri Sep 18 07:56:29 UTC 2026","passed","Fri Sep 18 07:56:34 UTC 2026","testcases.backoffice.users.ListUsersTest","Surefire test","testcases.backoffice.users.ListUsersTest","listUsersWithoutBody"
"Get List Google Authenticator Menggunakan HTTP Method DELETE","4683","listOtpGoogleWithDeleteMethod","Surefire suite","Fri Sep 18 07:57:24 UTC 2026","passed","Fri Sep 18 07:57:29 UTC 2026","testcases.backoffice.googleauth.ListOtpGoogleTest","Surefire test","testcases.backoffice.googleauth.ListOtpGoogleTest","listOtpGoogleWithDeleteMethod"
"Get List Group Backoffice Dengan Body JSON Tidak Valid (Malformed)","1609","getListGroupWithMalformedJson","Surefire suite","Fri Sep 18 07:32:23 UTC 2026","passed","Fri Sep 18 07:32:24 UTC 2026","testcases.backoffice.group.GetListGroupTest","Surefire test","testcases.backoffice.group.GetListGroupTest","getListGroupWithMalformedJson"
"Mutasi Special Transfer","22022","mutasiSpecialTransfer","Surefire suite","Fri Sep 18 06:37:37 UTC 2026","passed","Fri Sep 18 06:37:59 UTC 2026","testcases.mutasi.MutasiTransferTest","Surefire test","testcases.mutasi.MutasiTransferTest","mutasiSpecialTransfer"
"Created Favorite Account Merchant","4900","createdFavoriteAccount","Surefire suite","Fri Sep 18 06:57:56 UTC 2026","failed","Fri Sep 18 06:58:01 UTC 2026","testcases.settings.favoriteaccount.CreatedFavoriteAccountTest","Surefire test","testcases.settings.favoriteaccount.CreatedFavoriteAccountTest","createdFavoriteAccount"
"Get List Favorite Account Dengan size Bertipe String","1515","getListFavoriteAccountWithSizeAsString","Surefire suite","Fri Sep 18 06:57:01 UTC 2026","passed","Fri Sep 18 06:57:03 UTC 2026","testcases.settings.favoriteaccount.GetListFavoriteAccountTest","Surefire test","testcases.settings.favoriteaccount.GetListFavoriteAccountTest","getListFavoriteAccountWithSizeAsString"
"Create Manage Settlement BO Tanpa Login/Header Auth","1455","addManageSettlementWithoutAuth","Surefire suite","Fri Sep 18 07:10:37 UTC 2026","passed","Fri Sep 18 07:10:39 UTC 2026","testcases.backoffice.settlement.AddManageSettlementTest","Surefire test","testcases.backoffice.settlement.AddManageSettlementTest","addManageSettlementWithoutAuth"
"Add Group Backoffice Menggunakan Login Admin Crypto","4993","addGroupWithAdminCryptoLogin","Surefire suite","Fri Sep 18 07:38:29 UTC 2026","passed","Fri Sep 18 07:38:34 UTC 2026","testcases.backoffice.group.AddGroupTest","Surefire test","testcases.backoffice.group.AddGroupTest","addGroupWithAdminCryptoLogin"
"Get Balance Admin Crypto Transfer","4900","getBalanceAdminCrypto","Surefire suite","Fri Sep 18 05:44:53 UTC 2026","passed","Fri Sep 18 05:44:58 UTC 2026","testcases.balance.GetBalanceTransferTest","Surefire test","testcases.balance.GetBalanceTransferTest","getBalanceAdminCrypto"
"List Refund Dengan Token Tidak Valid","1482","listRefundWithInvalidToken","Surefire suite","Fri Sep 18 07:05:33 UTC 2026","passed","Fri Sep 18 07:05:35 UTC 2026","testcases.backoffice.ListRefundTest","Surefire test","testcases.backoffice.ListRefundTest","listRefundWithInvalidToken"
"Add Currency CS Admin Path Dengan Body Berupa Literal null","1491","addCurrencyWithNullLiteralBody","Surefire suite","Fri Sep 18 06:03:00 UTC 2026","broken","Fri Sep 18 06:03:01 UTC 2026","testcases.backoffice.currency.AddCurrencyTest","Surefire test","testcases.backoffice.currency.AddCurrencyTest","addCurrencyWithNullLiteralBody"
"Delete Manage Settlement BO Menggunakan HTTP Method POST","4660","deleteManageSettlementWithPostMethod","Surefire suite","Fri Sep 18 07:13:37 UTC 2026","passed","Fri Sep 18 07:13:42 UTC 2026","testcases.backoffice.settlement.DeleteManageSettlementTest","Surefire test","testcases.backoffice.settlement.DeleteManageSettlementTest","deleteManageSettlementWithPostMethod"
"Get Detail User Backoffice Menggunakan Login Merchant","4815","getUsersWithMerchantLogin","Surefire suite","Fri Sep 18 07:54:17 UTC 2026","passed","Fri Sep 18 07:54:22 UTC 2026","testcases.backoffice.users.ListUsersTest","Surefire test","testcases.backoffice.users.ListUsersTest","getUsersWithMerchantLogin"
"List Manage Settlement Backoffice Dengan Body Berupa JSON Array ([])","4629","listManageSettlementWithArrayBody","Surefire suite","Fri Sep 18 07:15:19 UTC 2026","passed","Fri Sep 18 07:15:23 UTC 2026","testcases.backoffice.settlement.ManageSettlementTest","Surefire test","testcases.backoffice.settlement.ManageSettlementTest","listManageSettlementWithArrayBody"
"Get List Google Authenticator Menggunakan HTTP Method GET","4816","listOtpGoogleWithGetMethod","Surefire suite","Fri Sep 18 07:57:44 UTC 2026","passed","Fri Sep 18 07:57:49 UTC 2026","testcases.backoffice.googleauth.ListOtpGoogleTest","Surefire test","testcases.backoffice.googleauth.ListOtpGoogleTest","listOtpGoogleWithGetMethod"
"List Refund Dengan Body Kosong ({})","4716","listRefundWithEmptyBody","Surefire suite","Fri Sep 18 07:04:54 UTC 2026","passed","Fri Sep 18 07:04:58 UTC 2026","testcases.backoffice.ListRefundTest","Surefire test","testcases.backoffice.ListRefundTest","listRefundWithEmptyBody"
"List Refund Menggunakan Login Backoffice","4720","listRefundWithBackofficeLogin","Surefire suite","Fri Sep 18 07:04:31 UTC 2026","passed","Fri Sep 18 07:04:35 UTC 2026","testcases.backoffice.ListRefundTest","Surefire test","testcases.backoffice.ListRefundTest","listRefundWithBackofficeLogin"
"Get Balance Merchant","4875","getBalanceMerchant","Surefire suite","Fri Sep 18 05:45:41 UTC 2026","passed","Fri Sep 18 05:45:46 UTC 2026","testcases.balance.GetBalanceQrisTest","Surefire test","testcases.balance.GetBalanceQrisTest","getBalanceMerchant"
"Get List Google Authenticator Dengan Ukuran Halaman Sangat Besar","4958","listOtpGoogleWithHugeSize","Surefire suite","Fri Sep 18 07:57:52 UTC 2026","passed","Fri Sep 18 07:57:57 UTC 2026","testcases.backoffice.googleauth.ListOtpGoogleTest","Surefire test","testcases.backoffice.googleauth.ListOtpGoogleTest","listOtpGoogleWithHugeSize"
"Get Notification Sender Menggunakan Login Marketing","4685","getNotificationSenderWithMarketingLogin","Surefire suite","Fri Sep 18 07:51:12 UTC 2026","passed","Fri Sep 18 07:51:16 UTC 2026","testcases.backoffice.notifsender.NotificationSenderTest","Surefire test","testcases.backoffice.notifsender.NotificationSenderTest","getNotificationSenderWithMarketingLogin"
"Refund Summary Tanpa Login/Header Auth","1504","getRefundWithoutAuth","Surefire suite","Fri Sep 18 07:48:00 UTC 2026","passed","Fri Sep 18 07:48:02 UTC 2026","testcases.backoffice.refund.GetRefundTest","Surefire test","testcases.backoffice.refund.GetRefundTest","getRefundWithoutAuth"
"Success Assignment Cash Deposit Supervisor","12598","assignCashDepositSupervisorTest","Surefire suite","Fri Sep 18 05:56:26 UTC 2026","passed","Fri Sep 18 05:56:39 UTC 2026","testcases.backoffice.TransferAssignmentTest","Surefire test","testcases.backoffice.TransferAssignmentTest","assignCashDepositSupervisorTest"
"Reset Pin Group","5063","resetPinGroup","Surefire suite","Fri Sep 18 07:01:00 UTC 2026","passed","Fri Sep 18 07:01:05 UTC 2026","testcases.settings.ResetPinTest","Surefire test","testcases.settings.ResetPinTest","resetPinGroup"
"Get List Group Company BO Menggunakan HTTP Method DELETE","4614","getListGroupCompanyWithDeleteMethod","Surefire suite","Fri Sep 18 07:19:28 UTC 2026","passed","Fri Sep 18 07:19:32 UTC 2026","testcases.backoffice.settlement.GetListGroupCompanyTest","Surefire test","testcases.backoffice.settlement.GetListGroupCompanyTest","getListGroupCompanyWithDeleteMethod"
"Created Favorite Account Menggunakan HTTP Method PATCH","1443","createdFavoriteAccountWithPatchMethod","Surefire suite","Fri Sep 18 06:59:14 UTC 2026","passed","Fri Sep 18 06:59:16 UTC 2026","testcases.settings.favoriteaccount.CreatedFavoriteAccountTest","Surefire test","testcases.settings.favoriteaccount.CreatedFavoriteAccountTest","createdFavoriteAccountWithPatchMethod"
"Delete Manage Settlement BO Ke Path yang Tidak Ada (Typo)","5041","deleteManageSettlementWithWrongPath","Surefire suite","Fri Sep 18 07:14:16 UTC 2026","passed","Fri Sep 18 07:14:21 UTC 2026","testcases.backoffice.settlement.DeleteManageSettlementTest","Surefire test","testcases.backoffice.settlement.DeleteManageSettlementTest","deleteManageSettlementWithWrongPath"
"Inquiry Favorite Account Dengan Karakter SQL Injection pada beneficiaryAccountNo","1673","inquiryFavoriteAccountWithSqlInjectionAccountNo","Surefire suite","Fri Sep 18 06:54:41 UTC 2026","passed","Fri Sep 18 06:54:42 UTC 2026","testcases.settings.favoriteaccount.InquiryFavoriteAccountTest","Surefire test","testcases.settings.favoriteaccount.InquiryFavoriteAccountTest","inquiryFavoriteAccountWithSqlInjectionAccountNo"
"Get History Special Transfer Supervisor on Login CS Admin","11777","historySpecialTransferSupervisorTestCSAdmin","Surefire suite","Fri Sep 18 06:08:37 UTC 2026","passed","Fri Sep 18 06:08:49 UTC 2026","testcases.history.HistoryTransferTest","Surefire test","testcases.history.HistoryTransferTest","historySpecialTransferSupervisorTestCSAdmin"
"Create Manage Settlement BO Menggunakan Login Marketing","4582","addManageSettlementWithMarketingLogin","Surefire suite","Fri Sep 18 07:08:57 UTC 2026","passed","Fri Sep 18 07:09:01 UTC 2026","testcases.backoffice.settlement.AddManageSettlementTest","Surefire test","testcases.backoffice.settlement.AddManageSettlementTest","addManageSettlementWithMarketingLogin"
"Add Currency Ke Path yang Tidak Ada (Typo)","5845","addCurrencyWithWrongPath","Surefire suite","Fri Sep 18 06:03:56 UTC 2026","passed","Fri Sep 18 06:04:02 UTC 2026","testcases.backoffice.currency.AddCurrencyTest","Surefire test","testcases.backoffice.currency.AddCurrencyTest","addCurrencyWithWrongPath"
"Get Notification Sender Dengan pinValidasi Berisi Karakter SQL Injection","4896","getNotificationSenderWithSqlInjectionPinValidasi","Surefire suite","Fri Sep 18 07:52:23 UTC 2026","passed","Fri Sep 18 07:52:28 UTC 2026","testcases.backoffice.notifsender.NotificationSenderTest","Surefire test","testcases.backoffice.notifsender.NotificationSenderTest","getNotificationSenderWithSqlInjectionPinValidasi"
"Get Group Detail Backoffice Menggunakan HTTP Method PUT","4898","getGroupDetailWithPutMethod","Surefire suite","Fri Sep 18 07:30:16 UTC 2026","passed","Fri Sep 18 07:30:21 UTC 2026","testcases.backoffice.group.GetGroupTest","Surefire test","testcases.backoffice.group.GetGroupTest","getGroupDetailWithPutMethod"
"Check Status QR Merchant","6465","checkStatusQRMerchant","Surefire suite","Fri Sep 18 06:28:26 UTC 2026","passed","Fri Sep 18 06:28:32 UTC 2026","testcases.QR.CheckStatusQRTest","Surefire test","testcases.QR.CheckStatusQRTest","checkStatusQRMerchant"
"List Company Backoffice Menggunakan Login Admin Crypto","4612","listCompanyWithAdminCryptoLogin","Surefire suite","Fri Sep 18 07:01:40 UTC 2026","passed","Fri Sep 18 07:01:45 UTC 2026","testcases.backoffice.ListCompanyTest","Surefire test","testcases.backoffice.ListCompanyTest","listCompanyWithAdminCryptoLogin"
"Delete Group Backoffice Dengan Field Tidak Dikenal pada Body","1551","deleteGroupWithUnknownField","Surefire suite","Fri Sep 18 07:37:31 UTC 2026","passed","Fri Sep 18 07:37:32 UTC 2026","testcases.backoffice.group.DeleteGroupTest","Surefire test","testcases.backoffice.group.DeleteGroupTest","deleteGroupWithUnknownField"
"Get Dashboard Backoffice Dengan Token Tidak Valid","1430","getDashboardWithInvalidToken","Surefire suite","Fri Sep 18 05:59:03 UTC 2026","passed","Fri Sep 18 05:59:04 UTC 2026","testcases.backoffice.GetDashboardTest","Surefire test","testcases.backoffice.GetDashboardTest","getDashboardWithInvalidToken"
"List Manage Settlement Backoffice Dengan Header Authorization Tanpa Skema Bearer","1481","listManageSettlementWithMalformedAuthorizationHeader","Surefire suite","Fri Sep 18 07:16:37 UTC 2026","passed","Fri Sep 18 07:16:38 UTC 2026","testcases.backoffice.settlement.ManageSettlementTest","Surefire test","testcases.backoffice.settlement.ManageSettlementTest","listManageSettlementWithMalformedAuthorizationHeader"
"List Refund Menggunakan Login Supervisor","4628","listRefundWithSupervisorLogin","Surefire suite","Fri Sep 18 07:06:16 UTC 2026","passed","Fri Sep 18 07:06:21 UTC 2026","testcases.backoffice.ListRefundTest","Surefire test","testcases.backoffice.ListRefundTest","listRefundWithSupervisorLogin"
"Normal Transfer USDT Success","6872","transfer","Surefire suite","Fri Sep 18 06:24:26 UTC 2026","passed","Fri Sep 18 06:24:33 UTC 2026","testcases.transfer.TransferUSDTTest","Surefire test","testcases.transfer.TransferUSDTTest","transfer"
"Get Notification Sender Dengan Header Authorization Tanpa Skema Bearer","1505","getNotificationSenderWithMalformedAuthorizationHeader","Surefire suite","Fri Sep 18 07:50:51 UTC 2026","passed","Fri Sep 18 07:50:53 UTC 2026","testcases.backoffice.notifsender.NotificationSenderTest","Surefire test","testcases.backoffice.notifsender.NotificationSenderTest","getNotificationSenderWithMalformedAuthorizationHeader"
"Get Detail Waiting Company Backoffice Menggunakan Login Marketing","4794","getDetailWaitingCompanyWithMarketingLogin","Surefire suite","Fri Sep 18 07:43:19 UTC 2026","passed","Fri Sep 18 07:43:24 UTC 2026","testcases.backoffice.GetDetailWaitingCompanyTest","Surefire test","testcases.backoffice.GetDetailWaitingCompanyTest","getDetailWaitingCompanyWithMarketingLogin"
"Normal Transfer Success","1505","transfer","Surefire suite","Fri Sep 18 06:19:04 UTC 2026","broken","Fri Sep 18 06:19:05 UTC 2026","testcases.transfer.TransferTest","Surefire test","testcases.transfer.TransferTest","transfer"
"Inquiry Favorite Account Tanpa Field beneficiaryBankCode","1568","inquiryFavoriteAccountWithoutBeneficiaryBankCodeField","Surefire suite","Fri Sep 18 06:55:18 UTC 2026","passed","Fri Sep 18 06:55:19 UTC 2026","testcases.settings.favoriteaccount.InquiryFavoriteAccountTest","Surefire test","testcases.settings.favoriteaccount.InquiryFavoriteAccountTest","inquiryFavoriteAccountWithoutBeneficiaryBankCodeField"
"Login Merchant tanpa Parameter Username","3038","testLoginMissingUsernameParam","Surefire suite","Fri Sep 18 06:48:10 UTC 2026","passed","Fri Sep 18 06:48:14 UTC 2026","testcases.auth.LoginTest","Surefire test","testcases.auth.LoginTest","testLoginMissingUsernameParam"
"Add Currency CS Admin Path Menggunakan Login Customer Service","4591","addCurrencyWithCSLogin","Surefire suite","Fri Sep 18 06:01:33 UTC 2026","passed","Fri Sep 18 06:01:38 UTC 2026","testcases.backoffice.currency.AddCurrencyTest","Surefire test","testcases.backoffice.currency.AddCurrencyTest","addCurrencyWithCSLogin"
"Inquiry Favorite Account Menggunakan HTTP Method PATCH","1581","inquiryFavoriteAccountWithPatchMethod","Surefire suite","Fri Sep 18 06:54:32 UTC 2026","passed","Fri Sep 18 06:54:33 UTC 2026","testcases.settings.favoriteaccount.InquiryFavoriteAccountTest","Surefire test","testcases.settings.favoriteaccount.InquiryFavoriteAccountTest","inquiryFavoriteAccountWithPatchMethod"
"Refund Summary Dengan type null","1602","getRefundWithNullType","Surefire suite","Fri Sep 18 07:47:02 UTC 2026","passed","Fri Sep 18 07:47:03 UTC 2026","testcases.backoffice.refund.GetRefundTest","Surefire test","testcases.backoffice.refund.GetRefundTest","getRefundWithNullType"
"Add Group Backoffice Dengan Body JSON Tidak Valid (Malformed)","1575","addGroupWithMalformedJson","Surefire suite","Fri Sep 18 07:40:17 UTC 2026","passed","Fri Sep 18 07:40:18 UTC 2026","testcases.backoffice.group.AddGroupTest","Surefire test","testcases.backoffice.group.AddGroupTest","addGroupWithMalformedJson"
"Delete Google Authenticator Menggunakan HTTP Method PATCH","4645","deleteOtpGoogleWithPatchMethod","Surefire suite","Fri Sep 18 08:02:22 UTC 2026","passed","Fri Sep 18 08:02:26 UTC 2026","testcases.backoffice.googleauth.DeleteOtpGoogleTest","Surefire test","testcases.backoffice.googleauth.DeleteOtpGoogleTest","deleteOtpGoogleWithPatchMethod"
"Get List Favorite Account Dengan Karakter SQL Injection pada sort","1555","getListFavoriteAccountWithSqlInjectionSort","Surefire suite","Fri Sep 18 06:57:06 UTC 2026","failed","Fri Sep 18 06:57:07 UTC 2026","testcases.settings.favoriteaccount.GetListFavoriteAccountTest","Surefire test","testcases.settings.favoriteaccount.GetListFavoriteAccountTest","getListFavoriteAccountWithSqlInjectionSort"
"Reset Pin Merchant","5008","resetPinMerchant","Surefire suite","Fri Sep 18 07:01:17 UTC 2026","passed","Fri Sep 18 07:01:22 UTC 2026","testcases.settings.ResetPinTest","Surefire test","testcases.settings.ResetPinTest","resetPinMerchant"
"Delete Group Backoffice Menggunakan Login Marketing","4821","deleteGroupWithMarketingLogin","Surefire suite","Fri Sep 18 07:36:25 UTC 2026","passed","Fri Sep 18 07:36:30 UTC 2026","testcases.backoffice.group.DeleteGroupTest","Surefire test","testcases.backoffice.group.DeleteGroupTest","deleteGroupWithMarketingLogin"
"Delete Manage Settlement BO Tanpa Login/Header Auth","1531","deleteManageSettlementWithoutAuth","Surefire suite","Fri Sep 18 07:14:31 UTC 2026","passed","Fri Sep 18 07:14:33 UTC 2026","testcases.backoffice.settlement.DeleteManageSettlementTest","Surefire test","testcases.backoffice.settlement.DeleteManageSettlementTest","deleteManageSettlementWithoutAuth"
"Add Group Backoffice Menggunakan Login Customer Service","4769","addGroupWithCSLogin","Surefire suite","Fri Sep 18 07:39:00 UTC 2026","passed","Fri Sep 18 07:39:05 UTC 2026","testcases.backoffice.group.AddGroupTest","Surefire test","testcases.backoffice.group.AddGroupTest","addGroupWithCSLogin"
"Get Notification Sender Menggunakan Login Admin","4706","getNotificationSenderWithAdminLogin","Surefire suite","Fri Sep 18 07:48:45 UTC 2026","passed","Fri Sep 18 07:48:50 UTC 2026","testcases.backoffice.notifsender.NotificationSenderTest","Surefire test","testcases.backoffice.notifsender.NotificationSenderTest","getNotificationSenderWithAdminLogin"
"Create Manage Settlement BO Dengan Body Berupa Literal null","4647","addManageSettlementWithNullLiteralBody","Surefire suite","Fri Sep 18 07:09:27 UTC 2026","passed","Fri Sep 18 07:09:32 UTC 2026","testcases.backoffice.settlement.AddManageSettlementTest","Surefire test","testcases.backoffice.settlement.AddManageSettlementTest","addManageSettlementWithNullLiteralBody"
"Get List Favorite Account Ke Path yang Tidak Ada (Typo)","1752","getListFavoriteAccountWithWrongPath","Surefire suite","Fri Sep 18 06:57:24 UTC 2026","passed","Fri Sep 18 06:57:26 UTC 2026","testcases.settings.favoriteaccount.GetListFavoriteAccountTest","Surefire test","testcases.settings.favoriteaccount.GetListFavoriteAccountTest","getListFavoriteAccountWithWrongPath"
"Get Detail User Backoffice Dengan Format User Id Tidak Valid (Bukan ObjectId)","4767","getUsersWithMalformedId","Surefire suite","Fri Sep 18 07:54:10 UTC 2026","passed","Fri Sep 18 07:54:14 UTC 2026","testcases.backoffice.users.ListUsersTest","Surefire test","testcases.backoffice.users.ListUsersTest","getUsersWithMalformedId"
"Inquiry Favorite Account Dengan Content-Type text/plain","1462","inquiryFavoriteAccountWithWrongContentType","Surefire suite","Fri Sep 18 06:54:55 UTC 2026","passed","Fri Sep 18 06:54:56 UTC 2026","testcases.settings.favoriteaccount.InquiryFavoriteAccountTest","Surefire test","testcases.settings.favoriteaccount.InquiryFavoriteAccountTest","inquiryFavoriteAccountWithWrongContentType"
"List Manage Settlement Backoffice Menggunakan Login Supervisor","4804","listManageSettlementWithSupervisorLogin","Surefire suite","Fri Sep 18 07:17:50 UTC 2026","passed","Fri Sep 18 07:17:55 UTC 2026","testcases.backoffice.settlement.ManageSettlementTest","Surefire test","testcases.backoffice.settlement.ManageSettlementTest","listManageSettlementWithSupervisorLogin"
"Get List Group Backoffice Tanpa Field size","1602","getListGroupWithoutSizeField","Surefire suite","Fri Sep 18 07:34:13 UTC 2026","failed","Fri Sep 18 07:34:15 UTC 2026","testcases.backoffice.group.GetListGroupTest","Surefire test","testcases.backoffice.group.GetListGroupTest","getListGroupWithoutSizeField"
"Transfer with Wrong Pin","26475","transferWrongPin","Surefire suite","Fri Sep 18 06:20:03 UTC 2026","passed","Fri Sep 18 06:20:30 UTC 2026","testcases.transfer.TransferTest","Surefire test","testcases.transfer.TransferTest","transferWrongPin"
"Delete Google Authenticator Menggunakan HTTP Method DELETE","4782","deleteOtpGoogleWithDeleteMethod","Surefire suite","Fri Sep 18 08:01:05 UTC 2026","passed","Fri Sep 18 08:01:10 UTC 2026","testcases.backoffice.googleauth.DeleteOtpGoogleTest","Surefire test","testcases.backoffice.googleauth.DeleteOtpGoogleTest","deleteOtpGoogleWithDeleteMethod"
"List User Backoffice Dengan Field Sort Merujuk ke Kolom yang Tidak Ada","4829","listUsersWithInvalidSortField","Surefire suite","Fri Sep 18 07:55:26 UTC 2026","passed","Fri Sep 18 07:55:31 UTC 2026","testcases.backoffice.users.ListUsersTest","Surefire test","testcases.backoffice.users.ListUsersTest","listUsersWithInvalidSortField"
"Get List Group Company BO Dengan Token Backoffice Valid Tapi Tanpa Header pbyv","4664","getListGroupCompanyWithoutPbyvHeader","Surefire suite","Fri Sep 18 07:22:02 UTC 2026","passed","Fri Sep 18 07:22:07 UTC 2026","testcases.backoffice.settlement.GetListGroupCompanyTest","Surefire test","testcases.backoffice.settlement.GetListGroupCompanyTest","getListGroupCompanyWithoutPbyvHeader"
"Mutasi Special Transfer Balance Supervisor","26165","mutasiSpecialTransferBalanceSupervisor","Surefire suite","Fri Sep 18 06:39:00 UTC 2026","passed","Fri Sep 18 06:39:26 UTC 2026","testcases.mutasi.MutasiTransferTest","Surefire test","testcases.mutasi.MutasiTransferTest","mutasiSpecialTransferBalanceSupervisor"
"Request Refund Transfer Supervisor","4849","refundTransferSupervisor","Surefire suite","Fri Sep 18 06:51:32 UTC 2026","passed","Fri Sep 18 06:51:37 UTC 2026","testcases.transfer.RefundTransferTest","Surefire test","testcases.transfer.RefundTransferTest","refundTransferSupervisor"
"Get List Favorite Account Dengan Token Valid Tapi Tanpa Header credentialId","1538","getListFavoriteAccountWithoutCredentialIdHeader","Surefire suite","Fri Sep 18 06:57:42 UTC 2026","failed","Fri Sep 18 06:57:44 UTC 2026","testcases.settings.favoriteaccount.GetListFavoriteAccountTest","Surefire test","testcases.settings.favoriteaccount.GetListFavoriteAccountTest","getListFavoriteAccountWithoutCredentialIdHeader"
"Mutasi Transfer Supervisor","8855","mutasiTransferSupervisor","Surefire suite","Fri Sep 18 06:42:23 UTC 2026","passed","Fri Sep 18 06:42:32 UTC 2026","testcases.mutasi.MutasiTransferTest","Surefire test","testcases.mutasi.MutasiTransferTest","mutasiTransferSupervisor"
"Resend Google Authenticator Menggunakan Login Admin","4927","resendOtpGoogleWithAdminLogin","Surefire suite","Fri Sep 18 08:03:53 UTC 2026","passed","Fri Sep 18 08:03:58 UTC 2026","testcases.backoffice.googleauth.ResendOtpGoogleTest","Surefire test","testcases.backoffice.googleauth.ResendOtpGoogleTest","resendOtpGoogleWithAdminLogin"
"Get List Group Backoffice Dengan Body Berupa JSON Array ([])","4804","getListGroupWithArrayBody","Surefire suite","Fri Sep 18 07:31:23 UTC 2026","passed","Fri Sep 18 07:31:28 UTC 2026","testcases.backoffice.group.GetListGroupTest","Surefire test","testcases.backoffice.group.GetListGroupTest","getListGroupWithArrayBody"
"Add Group Backoffice Dengan Nama Sama Namun Field Fee Berbeda","3325","addGroupWithDuplicateNameDifferentFees","Surefire suite","Fri Sep 18 07:39:19 UTC 2026","passed","Fri Sep 18 07:39:22 UTC 2026","testcases.backoffice.group.AddGroupTest","Surefire test","testcases.backoffice.group.AddGroupTest","addGroupWithDuplicateNameDifferentFees"
"Created Favorite Account Dengan Body Kosong ({})","1584","createdFavoriteAccountWithEmptyBody","Surefire suite","Fri Sep 18 06:58:38 UTC 2026","passed","Fri Sep 18 06:58:40 UTC 2026","testcases.settings.favoriteaccount.CreatedFavoriteAccountTest","Surefire test","testcases.settings.favoriteaccount.CreatedFavoriteAccountTest","createdFavoriteAccountWithEmptyBody"
"Add Group Backoffice Dengan feePlatformPercent Bertipe String","1599","addGroupWithFeeAsString","Surefire suite","Fri Sep 18 07:39:45 UTC 2026","passed","Fri Sep 18 07:39:46 UTC 2026","testcases.backoffice.group.AddGroupTest","Surefire test","testcases.backoffice.group.AddGroupTest","addGroupWithFeeAsString"
"Get History USDT Transfer Test","8340","historyUSDTTransferTest","Surefire suite","Fri Sep 18 06:12:17 UTC 2026","passed","Fri Sep 18 06:12:26 UTC 2026","testcases.history.HistoryTransferTest","Surefire test","testcases.history.HistoryTransferTest","historyUSDTTransferTest"
"Transfer Success with before and after Balanced","4837","transferBalance","Surefire suite","Fri Sep 18 06:19:21 UTC 2026","failed","Fri Sep 18 06:19:25 UTC 2026","testcases.transfer.TransferTest","Surefire test","testcases.transfer.TransferTest","transferBalance"
"List Manage Settlement Backoffice Dengan Token Backoffice Valid Tapi Tanpa Header pbyv","4703","listManageSettlementWithoutPbyvHeader","Surefire suite","Fri Sep 18 07:18:42 UTC 2026","passed","Fri Sep 18 07:18:46 UTC 2026","testcases.backoffice.settlement.ManageSettlementTest","Surefire test","testcases.backoffice.settlement.ManageSettlementTest","listManageSettlementWithoutPbyvHeader"
"Generate QR Code Merchant","4959","generateQRCode","Surefire suite","Fri Sep 18 06:30:39 UTC 2026","passed","Fri Sep 18 06:30:44 UTC 2026","testcases.QR.GenerateQRTest","Surefire test","testcases.QR.GenerateQRTest","generateQRCode"
"List Refund Dengan Field Range Berisi Nilai Tidak Valid","4922","listRefundWithInvalidRange","Surefire suite","Fri Sep 18 07:05:17 UTC 2026","passed","Fri Sep 18 07:05:22 UTC 2026","testcases.backoffice.ListRefundTest","Surefire test","testcases.backoffice.ListRefundTest","listRefundWithInvalidRange"
"Create Manage Settlement BO Dengan Body Berupa JSON Array ([])","4724","addManageSettlementWithArrayBody","Surefire suite","Fri Sep 18 07:07:04 UTC 2026","passed","Fri Sep 18 07:07:08 UTC 2026","testcases.backoffice.settlement.AddManageSettlementTest","Surefire test","testcases.backoffice.settlement.AddManageSettlementTest","addManageSettlementWithArrayBody"
"List Refund Dengan Field Sort Merujuk ke Kolom yang Tidak Ada","4745","listRefundWithInvalidSortField","Surefire suite","Fri Sep 18 07:05:25 UTC 2026","passed","Fri Sep 18 07:05:30 UTC 2026","testcases.backoffice.ListRefundTest","Surefire test","testcases.backoffice.ListRefundTest","listRefundWithInvalidSortField"
"Get List Group Company BO Dengan Multiple Header groupName","4754","getListGroupCompanyWithMultipleGroupNameHeaders","Surefire suite","Fri Sep 18 07:20:20 UTC 2026","passed","Fri Sep 18 07:20:25 UTC 2026","testcases.backoffice.settlement.GetListGroupCompanyTest","Surefire test","testcases.backoffice.settlement.GetListGroupCompanyTest","getListGroupCompanyWithMultipleGroupNameHeaders"
"Add Currency CS Admin Path Dengan rate Berupa String Non-Numerik","1765","addCurrencyWithStringRate","Surefire suite","Fri Sep 18 06:03:32 UTC 2026","broken","Fri Sep 18 06:03:34 UTC 2026","testcases.backoffice.currency.AddCurrencyTest","Surefire test","testcases.backoffice.currency.AddCurrencyTest","addCurrencyWithStringRate"
"Resend Google Authenticator Dengan Body Berupa JSON Array ([])","4743","resendOtpGoogleWithArrayBody","Surefire suite","Fri Sep 18 08:04:01 UTC 2026","passed","Fri Sep 18 08:04:05 UTC 2026","testcases.backoffice.googleauth.ResendOtpGoogleTest","Surefire test","testcases.backoffice.googleauth.ResendOtpGoogleTest","resendOtpGoogleWithArrayBody"
"Get List Group Backoffice Dengan page Melebihi Total Halaman","1667","getListGroupWithPageBeyondTotalPages","Surefire suite","Fri Sep 18 07:33:01 UTC 2026","passed","Fri Sep 18 07:33:03 UTC 2026","testcases.backoffice.group.GetListGroupTest","Surefire test","testcases.backoffice.group.GetListGroupTest","getListGroupWithPageBeyondTotalPages"
"Get List Google Authenticator Tanpa Body Sama Sekali","4932","listOtpGoogleWithoutBody","Surefire suite","Fri Sep 18 08:00:10 UTC 2026","passed","Fri Sep 18 08:00:15 UTC 2026","testcases.backoffice.googleauth.ListOtpGoogleTest","Surefire test","testcases.backoffice.googleauth.ListOtpGoogleTest","listOtpGoogleWithoutBody"
"Get List Google Authenticator Menggunakan Login Marketing","4865","listOtpGoogleWithMarketingLogin","Surefire suite","Fri Sep 18 07:58:40 UTC 2026","passed","Fri Sep 18 07:58:45 UTC 2026","testcases.backoffice.googleauth.ListOtpGoogleTest","Surefire test","testcases.backoffice.googleauth.ListOtpGoogleTest","listOtpGoogleWithMarketingLogin"
"Generate QR Success paid","6770","paidQR","Surefire suite","Fri Sep 18 06:30:20 UTC 2026","passed","Fri Sep 18 06:30:27 UTC 2026","testcases.QR.GenerateQRPaidTest","Surefire test","testcases.QR.GenerateQRPaidTest","paidQR"
"Get History QR Supervisor Success Paid","11067","historyQRTestPaidSupervisor","Surefire suite","Fri Sep 18 06:15:27 UTC 2026","passed","Fri Sep 18 06:15:38 UTC 2026","testcases.history.HistoryQRTest","Surefire test","testcases.history.HistoryQRTest","historyQRTestPaidSupervisor"
"Get History Manual Transfer Merchant on Login CS Admin","12084","historyManualTransferMerchantTestCSAdmin","Surefire suite","Fri Sep 18 06:06:24 UTC 2026","passed","Fri Sep 18 06:06:36 UTC 2026","testcases.history.HistoryTransferTest","Surefire test","testcases.history.HistoryTransferTest","historyManualTransferMerchantTestCSAdmin"
"Test Settlement USDT dengan check Fee di Admin Crypto dan Admin Fee","48092","settlementUSDT","Surefire suite","Fri Sep 18 05:54:47 UTC 2026","passed","Fri Sep 18 05:55:35 UTC 2026","testcases.backoffice.ApprovalTransferTest","Surefire test","testcases.backoffice.ApprovalTransferTest","settlementUSDT"
"Normal Special Transfer Success","1463","transfer","Surefire suite","Fri Sep 18 06:18:28 UTC 2026","broken","Fri Sep 18 06:18:29 UTC 2026","testcases.transfer.SpecialTransferTest","Surefire test","testcases.transfer.SpecialTransferTest","transfer"
"Delete Group Backoffice Dengan id Bertipe Angka (Bukan String)","1576","deleteGroupWithIdAsNumber","Surefire suite","Fri Sep 18 07:36:02 UTC 2026","passed","Fri Sep 18 07:36:04 UTC 2026","testcases.backoffice.group.DeleteGroupTest","Surefire test","testcases.backoffice.group.DeleteGroupTest","deleteGroupWithIdAsNumber"
"List Manage Settlement Backoffice Dengan Karakter SQL Injection pada Field Param","4731","listManageSettlementWithSqlInjectionParam","Surefire suite","Fri Sep 18 07:17:43 UTC 2026","passed","Fri Sep 18 07:17:47 UTC 2026","testcases.backoffice.settlement.ManageSettlementTest","Surefire test","testcases.backoffice.settlement.ManageSettlementTest","listManageSettlementWithSqlInjectionParam"
"Resend Google Authenticator Menggunakan Login Marketing","4808","resendOtpGoogleWithMarketingLogin","Surefire suite","Fri Sep 18 08:05:24 UTC 2026","passed","Fri Sep 18 08:05:29 UTC 2026","testcases.backoffice.googleauth.ResendOtpGoogleTest","Surefire test","testcases.backoffice.googleauth.ResendOtpGoogleTest","resendOtpGoogleWithMarketingLogin"
"Delete Group Backoffice Tanpa Field name","1504","deleteGroupWithoutNameField","Surefire suite","Fri Sep 18 07:38:12 UTC 2026","passed","Fri Sep 18 07:38:13 UTC 2026","testcases.backoffice.group.DeleteGroupTest","Surefire test","testcases.backoffice.group.DeleteGroupTest","deleteGroupWithoutNameField"
"Add Group Backoffice Tanpa Body Sama Sekali","1603","addGroupWithoutBody","Surefire suite","Fri Sep 18 07:41:57 UTC 2026","passed","Fri Sep 18 07:41:59 UTC 2026","testcases.backoffice.group.AddGroupTest","Surefire test","testcases.backoffice.group.AddGroupTest","addGroupWithoutBody"
"Get Group Detail Backoffice Dengan Group Id Berisi Spasi","4842","getGroupDetailWithWhitespaceId","Surefire suite","Fri Sep 18 07:30:39 UTC 2026","passed","Fri Sep 18 07:30:44 UTC 2026","testcases.backoffice.group.GetGroupTest","Surefire test","testcases.backoffice.group.GetGroupTest","getGroupDetailWithWhitespaceId"
"Mutasi Special Transfer Balance","26206","mutasiSpecialTransferBalance","Surefire suite","Fri Sep 18 06:38:02 UTC 2026","passed","Fri Sep 18 06:38:28 UTC 2026","testcases.mutasi.MutasiTransferTest","Surefire test","testcases.mutasi.MutasiTransferTest","mutasiSpecialTransferBalance"
"List User Backoffice Menggunakan Login Marketing","4866","listUsersWithMarketingLogin","Surefire suite","Fri Sep 18 07:55:46 UTC 2026","passed","Fri Sep 18 07:55:51 UTC 2026","testcases.backoffice.users.ListUsersTest","Surefire test","testcases.backoffice.users.ListUsersTest","listUsersWithMarketingLogin"
"Get Group Detail Backoffice Dengan Token Kadaluarsa","1473","getGroupDetailWithExpiredToken","Surefire suite","Fri Sep 18 07:28:52 UTC 2026","passed","Fri Sep 18 07:28:54 UTC 2026","testcases.backoffice.group.GetGroupTest","Surefire test","testcases.backoffice.group.GetGroupTest","getGroupDetailWithExpiredToken"
"Delete Group Backoffice Menggunakan Login Customer Service","4760","deleteGroupWithCSLogin","Surefire suite","Fri Sep 18 07:35:27 UTC 2026","passed","Fri Sep 18 07:35:32 UTC 2026","testcases.backoffice.group.DeleteGroupTest","Surefire test","testcases.backoffice.group.DeleteGroupTest","deleteGroupWithCSLogin"
"Add Group Backoffice Dengan Token Tidak Valid","1603","addGroupWithInvalidToken","Surefire suite","Fri Sep 18 07:40:03 UTC 2026","passed","Fri Sep 18 07:40:05 UTC 2026","testcases.backoffice.group.AddGroupTest","Surefire test","testcases.backoffice.group.AddGroupTest","addGroupWithInvalidToken"
"Get History Manual Transfer Test Admin","11434","historyManualTransferTestFeeAdmin","Surefire suite","Fri Sep 18 06:07:46 UTC 2026","passed","Fri Sep 18 06:07:58 UTC 2026","testcases.history.HistoryTransferTest","Surefire test","testcases.history.HistoryTransferTest","historyManualTransferTestFeeAdmin"
"List Company Backoffice Dengan Ukuran Halaman Sangat Besar","5663","listCompanyWithHugeSize","Surefire suite","Fri Sep 18 07:02:19 UTC 2026","passed","Fri Sep 18 07:02:25 UTC 2026","testcases.backoffice.ListCompanyTest","Surefire test","testcases.backoffice.ListCompanyTest","listCompanyWithHugeSize"
"Mutasi Manual Transfer Balance CS","32985","mutasiManualTransferBalanceCS","Surefire suite","Fri Sep 18 06:34:16 UTC 2026","passed","Fri Sep 18 06:34:49 UTC 2026","testcases.mutasi.MutasiTransferTest","Surefire test","testcases.mutasi.MutasiTransferTest","mutasiManualTransferBalanceCS"
"Add Group Backoffice Dengan Nama Sama Namun Beda Kapitalisasi","3278","addGroupWithDuplicateNameDifferentCase","Surefire suite","Fri Sep 18 07:39:12 UTC 2026","passed","Fri Sep 18 07:39:16 UTC 2026","testcases.backoffice.group.AddGroupTest","Surefire test","testcases.backoffice.group.AddGroupTest","addGroupWithDuplicateNameDifferentCase"
"Add Currency CS Admin Path Dengan Token CS Admin Valid Tapi Tanpa Header powis","1474","addCurrencyWithoutPowisHeader","Surefire suite","Fri Sep 18 06:04:25 UTC 2026","passed","Fri Sep 18 06:04:26 UTC 2026","testcases.backoffice.currency.AddCurrencyTest","Surefire test","testcases.backoffice.currency.AddCurrencyTest","addCurrencyWithoutPowisHeader"
"Get History Flop Transfer Test CS","12843","historyFlopTransferTestCS","Surefire suite","Fri Sep 18 06:05:55 UTC 2026","passed","Fri Sep 18 06:06:08 UTC 2026","testcases.history.HistoryTransferTest","Surefire test","testcases.history.HistoryTransferTest","historyFlopTransferTestCS"
"Mutasi Special Transfer Supervisor","21866","mutasiSpecialTransferSupervisor","Surefire suite","Fri Sep 18 06:40:25 UTC 2026","passed","Fri Sep 18 06:40:47 UTC 2026","testcases.mutasi.MutasiTransferTest","Surefire test","testcases.mutasi.MutasiTransferTest","mutasiSpecialTransferSupervisor"
"Get History Refund Test Admin Crypto","7099","historyRefundTestAdminCrypto","Surefire suite","Fri Sep 18 06:08:12 UTC 2026","passed","Fri Sep 18 06:08:19 UTC 2026","testcases.history.HistoryTransferTest","Surefire test","testcases.history.HistoryTransferTest","historyRefundTestAdminCrypto"
"Create Manage Settlement BO Menggunakan Login Admin Crypto","4693","addManageSettlementWithAdminCryptoLogin","Surefire suite","Fri Sep 18 07:06:48 UTC 2026","passed","Fri Sep 18 07:06:53 UTC 2026","testcases.backoffice.settlement.AddManageSettlementTest","Surefire test","testcases.backoffice.settlement.AddManageSettlementTest","addManageSettlementWithAdminCryptoLogin"
"Resend Google Authenticator Menggunakan Login Supervisor","4703","resendOtpGoogleWithSupervisorLogin","Surefire suite","Fri Sep 18 08:06:43 UTC 2026","passed","Fri Sep 18 08:06:48 UTC 2026","testcases.backoffice.googleauth.ResendOtpGoogleTest","Surefire test","testcases.backoffice.googleauth.ResendOtpGoogleTest","resendOtpGoogleWithSupervisorLogin"
"Delete Google Authenticator Menggunakan Login Merchant","5022","deleteOtpGoogleWithMerchantLogin","Surefire suite","Fri Sep 18 08:01:58 UTC 2026","passed","Fri Sep 18 08:02:03 UTC 2026","testcases.backoffice.googleauth.DeleteOtpGoogleTest","Surefire test","testcases.backoffice.googleauth.DeleteOtpGoogleTest","deleteOtpGoogleWithMerchantLogin"
"Normal Transfer with Account Supervisor","19994","transferSupervisor","Surefire suite","Fri Sep 18 06:19:40 UTC 2026","passed","Fri Sep 18 06:20:00 UTC 2026","testcases.transfer.TransferTest","Surefire test","testcases.transfer.TransferTest","transferSupervisor"
"Get List Favorite Account Tanpa Field size","1582","getListFavoriteAccountWithoutSizeField","Surefire suite","Fri Sep 18 06:57:51 UTC 2026","failed","Fri Sep 18 06:57:53 UTC 2026","testcases.settings.favoriteaccount.GetListFavoriteAccountTest","Surefire test","testcases.settings.favoriteaccount.GetListFavoriteAccountTest","getListFavoriteAccountWithoutSizeField"
"Get Balance Merchant with Login CS","4847","getBalanceMerchantLoginCS","Surefire suite","Fri Sep 18 05:45:49 UTC 2026","passed","Fri Sep 18 05:45:54 UTC 2026","testcases.balance.GetBalanceQrisTest","Surefire test","testcases.balance.GetBalanceQrisTest","getBalanceMerchantLoginCS"
"Login Backoffice dengan Password Salah","4687","testLoginBackofficeWrongPassword","Surefire suite","Fri Sep 18 06:47:13 UTC 2026","passed","Fri Sep 18 06:47:18 UTC 2026","testcases.auth.LoginTest","Surefire test","testcases.auth.LoginTest","testLoginBackofficeWrongPassword"
"Transfer with Wrong Pin","21965","transferWrongPin","Surefire suite","Fri Sep 18 06:24:49 UTC 2026","passed","Fri Sep 18 06:25:11 UTC 2026","testcases.transfer.TransferUSDTTest","Surefire test","testcases.transfer.TransferUSDTTest","transferWrongPin"
"Inquiry Favorite Account CS","8005","inquiryFavoriteAccountCS","Surefire suite","Fri Sep 18 06:53:08 UTC 2026","failed","Fri Sep 18 06:53:16 UTC 2026","testcases.settings.favoriteaccount.InquiryFavoriteAccountTest","Surefire test","testcases.settings.favoriteaccount.InquiryFavoriteAccountTest","inquiryFavoriteAccountCS"
"Get List Group Company BO Dengan Token Kadaluarsa","1471","getListGroupCompanyWithExpiredToken","Surefire suite","Fri Sep 18 07:19:51 UTC 2026","passed","Fri Sep 18 07:19:52 UTC 2026","testcases.backoffice.settlement.GetListGroupCompanyTest","Surefire test","testcases.backoffice.settlement.GetListGroupCompanyTest","getListGroupCompanyWithExpiredToken"
"List Refund Dengan Tipe Data Salah pada Field Limit (String, Bukan Integer)","4821","listRefundWithInvalidFieldType","Surefire suite","Fri Sep 18 07:05:10 UTC 2026","passed","Fri Sep 18 07:05:14 UTC 2026","testcases.backoffice.ListRefundTest","Surefire test","testcases.backoffice.ListRefundTest","listRefundWithInvalidFieldType"
"Get List Favorite Account Dengan Body Berupa JSON Array ([])","4546","getListFavoriteAccountWithArrayBody","Surefire suite","Fri Sep 18 06:55:54 UTC 2026","passed","Fri Sep 18 06:55:59 UTC 2026","testcases.settings.favoriteaccount.GetListFavoriteAccountTest","Surefire test","testcases.settings.favoriteaccount.GetListFavoriteAccountTest","getListFavoriteAccountWithArrayBody"
"Get List Group Backoffice Menggunakan Login Supervisor","4735","getListGroupWithSupervisorLogin","Surefire suite","Fri Sep 18 07:33:24 UTC 2026","passed","Fri Sep 18 07:33:29 UTC 2026","testcases.backoffice.group.GetListGroupTest","Surefire test","testcases.backoffice.group.GetListGroupTest","getListGroupWithSupervisorLogin"
"Get List Group Company BO Dengan groupName Berbeda Kapitalisasi","4697","getListGroupCompanyWithDifferentCaseGroupName","Surefire suite","Fri Sep 18 07:19:35 UTC 2026","passed","Fri Sep 18 07:19:40 UTC 2026","testcases.backoffice.settlement.GetListGroupCompanyTest","Surefire test","testcases.backoffice.settlement.GetListGroupCompanyTest","getListGroupCompanyWithDifferentCaseGroupName"
"Refund Summary Dengan type Tidak Dikenal","1586","getRefundWithInvalidType","Surefire suite","Fri Sep 18 07:46:23 UTC 2026","passed","Fri Sep 18 07:46:25 UTC 2026","testcases.backoffice.refund.GetRefundTest","Surefire test","testcases.backoffice.refund.GetRefundTest","getRefundWithInvalidType"
"Resend Google Authenticator Tanpa Body Sama Sekali","4770","resendOtpGoogleWithoutBody","Surefire suite","Fri Sep 18 08:07:27 UTC 2026","passed","Fri Sep 18 08:07:32 UTC 2026","testcases.backoffice.googleauth.ResendOtpGoogleTest","Surefire test","testcases.backoffice.googleauth.ResendOtpGoogleTest","resendOtpGoogleWithoutBody"
"Get Notification Sender","6928","getNotificationSender","Surefire suite","Fri Sep 18 07:48:28 UTC 2026","passed","Fri Sep 18 07:48:35 UTC 2026","testcases.backoffice.notifsender.NotificationSenderTest","Surefire test","testcases.backoffice.notifsender.NotificationSenderTest","getNotificationSender"
"Resend Google Authenticator Dengan Header Authorization Tanpa Skema Bearer","1561","resendOtpGoogleWithMalformedAuthorizationHeader","Surefire suite","Fri Sep 18 08:05:04 UTC 2026","passed","Fri Sep 18 08:05:06 UTC 2026","testcases.backoffice.googleauth.ResendOtpGoogleTest","Surefire test","testcases.backoffice.googleauth.ResendOtpGoogleTest","resendOtpGoogleWithMalformedAuthorizationHeader"
"Add Currency CS Admin Path Dengan Token Tidak Valid","1519","addCurrencyWithInvalidToken","Surefire suite","Fri Sep 18 06:02:17 UTC 2026","passed","Fri Sep 18 06:02:18 UTC 2026","testcases.backoffice.currency.AddCurrencyTest","Surefire test","testcases.backoffice.currency.AddCurrencyTest","addCurrencyWithInvalidToken"
"Add Currency CS Admin Path Dengan rate Nol","3191","addCurrencyWithZeroRate","Surefire suite","Fri Sep 18 06:04:09 UTC 2026","passed","Fri Sep 18 06:04:13 UTC 2026","testcases.backoffice.currency.AddCurrencyTest","Surefire test","testcases.backoffice.currency.AddCurrencyTest","addCurrencyWithZeroRate"
"Test Approved Special Transfer Supervisor","12173","approvedSpecialTransferSupervisor","Surefire suite","Fri Sep 18 05:49:56 UTC 2026","passed","Fri Sep 18 05:50:09 UTC 2026","testcases.backoffice.ApprovalTransferTest","Surefire test","testcases.backoffice.ApprovalTransferTest","approvedSpecialTransferSupervisor"
"Get History QR CS Success Paid","11752","historyQRTestPaidCS","Surefire suite","Fri Sep 18 06:15:12 UTC 2026","passed","Fri Sep 18 06:15:24 UTC 2026","testcases.history.HistoryQRTest","Surefire test","testcases.history.HistoryQRTest","historyQRTestPaidCS"
"Delete Group Backoffice Menggunakan Login Admin Crypto","4843","deleteGroupWithAdminCryptoLogin","Surefire suite","Fri Sep 18 07:34:59 UTC 2026","passed","Fri Sep 18 07:35:04 UTC 2026","testcases.backoffice.group.DeleteGroupTest","Surefire test","testcases.backoffice.group.DeleteGroupTest","deleteGroupWithAdminCryptoLogin"
"Get List Favorite Account Tanpa Body Sama Sekali","1558","getListFavoriteAccountWithoutBody","Surefire suite","Fri Sep 18 06:57:38 UTC 2026","passed","Fri Sep 18 06:57:39 UTC 2026","testcases.settings.favoriteaccount.GetListFavoriteAccountTest","Surefire test","testcases.settings.favoriteaccount.GetListFavoriteAccountTest","getListFavoriteAccountWithoutBody"
"Get Notification Sender Menggunakan HTTP Method PUT","4819","getNotificationSenderWithPutMethod","Surefire suite","Fri Sep 18 07:52:07 UTC 2026","passed","Fri Sep 18 07:52:12 UTC 2026","testcases.backoffice.notifsender.NotificationSenderTest","Surefire test","testcases.backoffice.notifsender.NotificationSenderTest","getNotificationSenderWithPutMethod"
"Add Currency CS Admin Path Menggunakan Login Merchant","4687","addCurrencyWithMerchantLogin","Surefire suite","Fri Sep 18 06:02:38 UTC 2026","passed","Fri Sep 18 06:02:43 UTC 2026","testcases.backoffice.currency.AddCurrencyTest","Surefire test","testcases.backoffice.currency.AddCurrencyTest","addCurrencyWithMerchantLogin"
"List Refund Dengan Karakter SQL Injection pada Field Param - Menemukan Bug Internal Server Error","4782","listRefundWithSqlInjectionParam","Surefire suite","Fri Sep 18 07:06:08 UTC 2026","passed","Fri Sep 18 07:06:13 UTC 2026","testcases.backoffice.ListRefundTest","Surefire test","testcases.backoffice.ListRefundTest","listRefundWithSqlInjectionParam"
"Refund Summary Menggunakan Login Customer Service","4762","getRefundWithCSLogin","Surefire suite","Fri Sep 18 07:45:30 UTC 2026","passed","Fri Sep 18 07:45:34 UTC 2026","testcases.backoffice.refund.GetRefundTest","Surefire test","testcases.backoffice.refund.GetRefundTest","getRefundWithCSLogin"
"Refund Summary Dengan startDate Setelah endDate (Rentang Terbalik)","1576","getRefundWithReversedRange","Surefire suite","Fri Sep 18 07:47:20 UTC 2026","passed","Fri Sep 18 07:47:21 UTC 2026","testcases.backoffice.refund.GetRefundTest","Surefire test","testcases.backoffice.refund.GetRefundTest","getRefundWithReversedRange"
"Delete Group Backoffice Dengan id Valid Tapi name Tidak Cocok","16075","deleteGroupWithMismatchedName","Surefire suite","Fri Sep 18 07:36:41 UTC 2026","passed","Fri Sep 18 07:36:57 UTC 2026","testcases.backoffice.group.DeleteGroupTest","Surefire test","testcases.backoffice.group.DeleteGroupTest","deleteGroupWithMismatchedName"
"Resend Google Authenticator Dengan email Berupa null","5010","resendOtpGoogleWithNullEmail","Surefire suite","Fri Sep 18 08:05:48 UTC 2026","passed","Fri Sep 18 08:05:53 UTC 2026","testcases.backoffice.googleauth.ResendOtpGoogleTest","Surefire test","testcases.backoffice.googleauth.ResendOtpGoogleTest","resendOtpGoogleWithNullEmail"
"List Waiting Company Backoffice Tanpa Login/Header Auth","1606","listWaitingCompanyWithoutAuth","Surefire suite","Fri Sep 18 07:28:01 UTC 2026","passed","Fri Sep 18 07:28:03 UTC 2026","testcases.backoffice.ListWaitingCompanyTest","Surefire test","testcases.backoffice.ListWaitingCompanyTest","listWaitingCompanyWithoutAuth"
"Refund Summary Dengan type String Kosong","1648","getRefundWithEmptyType","Surefire suite","Fri Sep 18 07:45:51 UTC 2026","passed","Fri Sep 18 07:45:53 UTC 2026","testcases.backoffice.refund.GetRefundTest","Surefire test","testcases.backoffice.refund.GetRefundTest","getRefundWithEmptyType"
"Test Get Report Company Merchant","4863","getReportCompanyAdmin","Surefire suite","Fri Sep 18 06:31:31 UTC 2026","passed","Fri Sep 18 06:31:35 UTC 2026","testcases.report.ReportTransactionTest","Surefire test","testcases.report.ReportTransactionTest","getReportCompanyAdmin"
"Created Favorite Account Dengan Body Berupa JSON Array ([])","4542","createdFavoriteAccountWithArrayBody","Surefire suite","Fri Sep 18 06:58:26 UTC 2026","passed","Fri Sep 18 06:58:31 UTC 2026","testcases.settings.favoriteaccount.CreatedFavoriteAccountTest","Surefire test","testcases.settings.favoriteaccount.CreatedFavoriteAccountTest","createdFavoriteAccountWithArrayBody"
"Get History USDT Transfer Merchant on Login CS Admin","11738","historyUSDTTransferMerchantTestCSAdmin","Surefire suite","Fri Sep 18 06:11:48 UTC 2026","passed","Fri Sep 18 06:12:00 UTC 2026","testcases.history.HistoryTransferTest","Surefire test","testcases.history.HistoryTransferTest","historyUSDTTransferMerchantTestCSAdmin"
"List Currency USDT Dengan Page/Size Negatif","1571","getCurrencyWithNegativePageSize","Surefire suite","Fri Sep 18 07:24:02 UTC 2026","passed","Fri Sep 18 07:24:03 UTC 2026","testcases.backoffice.currency.GetCurrencyTest","Surefire test","testcases.backoffice.currency.GetCurrencyTest","getCurrencyWithNegativePageSize"
"Create Manage Settlement BO Menggunakan HTTP Method PATCH","4533","addManageSettlementWithPatchMethod","Surefire suite","Fri Sep 18 07:09:42 UTC 2026","passed","Fri Sep 18 07:09:47 UTC 2026","testcases.backoffice.settlement.AddManageSettlementTest","Surefire test","testcases.backoffice.settlement.AddManageSettlementTest","addManageSettlementWithPatchMethod"
"Test Approved Manual Transfer","17924","rejectedCashDeposit","Surefire suite","Fri Sep 18 05:52:54 UTC 2026","passed","Fri Sep 18 05:53:12 UTC 2026","testcases.backoffice.ApprovalTransferTest","Surefire test","testcases.backoffice.ApprovalTransferTest","rejectedCashDeposit"
"Delete Group Backoffice Dengan id yang Tidak Pernah Ada","1684","deleteGroupWithNonExistentId","Surefire suite","Fri Sep 18 07:37:00 UTC 2026","passed","Fri Sep 18 07:37:01 UTC 2026","testcases.backoffice.group.DeleteGroupTest","Surefire test","testcases.backoffice.group.DeleteGroupTest","deleteGroupWithNonExistentId"
"Normal Transfer USDT Success Admin Crypto","6995","usdtTransferAdminCrypto","Surefire suite","Fri Sep 18 06:26:27 UTC 2026","passed","Fri Sep 18 06:26:34 UTC 2026","testcases.transfer.TransferUSDTTest","Surefire test","testcases.transfer.TransferUSDTTest","usdtTransferAdminCrypto"
"List Manage Settlement Backoffice Menggunakan HTTP Method PATCH","4667","listManageSettlementWithPatchMethod","Surefire suite","Fri Sep 18 07:17:27 UTC 2026","passed","Fri Sep 18 07:17:32 UTC 2026","testcases.backoffice.settlement.ManageSettlementTest","Surefire test","testcases.backoffice.settlement.ManageSettlementTest","listManageSettlementWithPatchMethod"
"Refund Summary Ke Path yang Tidak Ada (Typo)","1962","getRefundWithWrongPath","Surefire suite","Fri Sep 18 07:47:46 UTC 2026","passed","Fri Sep 18 07:47:48 UTC 2026","testcases.backoffice.refund.GetRefundTest","Surefire test","testcases.backoffice.refund.GetRefundTest","getRefundWithWrongPath"
"Create Manage Settlement BO Dengan Token Tidak Valid","1449","addManageSettlementWithInvalidToken","Surefire suite","Fri Sep 18 07:08:32 UTC 2026","passed","Fri Sep 18 07:08:34 UTC 2026","testcases.backoffice.settlement.AddManageSettlementTest","Surefire test","testcases.backoffice.settlement.AddManageSettlementTest","addManageSettlementWithInvalidToken"
"Reset Pin Backoffice","4997","resetPinBackoffice","Surefire suite","Fri Sep 18 07:00:36 UTC 2026","passed","Fri Sep 18 07:00:41 UTC 2026","testcases.settings.ResetPinTest","Surefire test","testcases.settings.ResetPinTest","resetPinBackoffice"
"Generate Open QR Code Merchant","5961","generateOpenQRCode","Surefire suite","Fri Sep 18 06:30:30 UTC 2026","passed","Fri Sep 18 06:30:36 UTC 2026","testcases.QR.GenerateQRTest","Surefire test","testcases.QR.GenerateQRTest","generateOpenQRCode"
"List Manage Settlement Backoffice Dengan Sort Tanpa Operator '=='","4764","listManageSettlementWithMalformedSortOperator","Surefire suite","Fri Sep 18 07:16:49 UTC 2026","passed","Fri Sep 18 07:16:54 UTC 2026","testcases.backoffice.settlement.ManageSettlementTest","Surefire test","testcases.backoffice.settlement.ManageSettlementTest","listManageSettlementWithMalformedSortOperator"
"Transfer Different Partner Reference, USDT Transfer to Transfer","1471","trfPartnerRefUSDTFailed","Surefire suite","Fri Sep 18 06:18:46 UTC 2026","broken","Fri Sep 18 06:18:47 UTC 2026","testcases.transfer.SpecialTransferTest","Surefire test","testcases.transfer.SpecialTransferTest","trfPartnerRefUSDTFailed"
"Get Notification Sender Menggunakan HTTP Method PATCH","4739","getNotificationSenderWithPatchMethod","Surefire suite","Fri Sep 18 07:51:59 UTC 2026","passed","Fri Sep 18 07:52:04 UTC 2026","testcases.backoffice.notifsender.NotificationSenderTest","Surefire test","testcases.backoffice.notifsender.NotificationSenderTest","getNotificationSenderWithPatchMethod"
"List Currency USDT Menggunakan HTTP Method DELETE","1472","getCurrencyWithDeleteMethod","Surefire suite","Fri Sep 18 07:22:56 UTC 2026","passed","Fri Sep 18 07:22:57 UTC 2026","testcases.backoffice.currency.GetCurrencyTest","Surefire test","testcases.backoffice.currency.GetCurrencyTest","getCurrencyWithDeleteMethod"
"Create Manage Settlement BO Tanpa Field companyList","4688","addManageSettlementWithoutCompanyList","Surefire suite","Fri Sep 18 07:10:57 UTC 2026","passed","Fri Sep 18 07:11:02 UTC 2026","testcases.backoffice.settlement.AddManageSettlementTest","Surefire test","testcases.backoffice.settlement.AddManageSettlementTest","addManageSettlementWithoutCompanyList"
"Refund Summary Tanpa Field type","1589","getRefundWithoutType","Surefire suite","Fri Sep 18 07:48:23 UTC 2026","passed","Fri Sep 18 07:48:25 UTC 2026","testcases.backoffice.refund.GetRefundTest","Surefire test","testcases.backoffice.refund.GetRefundTest","getRefundWithoutType"
"List Company Backoffice Dengan Header Authorization Tanpa Skema Bearer","1570","listCompanyWithMalformedAuthorizationHeader","Surefire suite","Fri Sep 18 07:02:48 UTC 2026","passed","Fri Sep 18 07:02:50 UTC 2026","testcases.backoffice.ListCompanyTest","Surefire test","testcases.backoffice.ListCompanyTest","listCompanyWithMalformedAuthorizationHeader"
"Create Manage Settlement BO Dengan Tipe Data Salah pada companyList (String, Bukan Array)","4713","addManageSettlementWithInvalidFieldType","Surefire suite","Fri Sep 18 07:08:25 UTC 2026","passed","Fri Sep 18 07:08:29 UTC 2026","testcases.backoffice.settlement.AddManageSettlementTest","Surefire test","testcases.backoffice.settlement.AddManageSettlementTest","addManageSettlementWithInvalidFieldType"
"Add Group Backoffice Dengan Token Kadaluarsa","1538","addGroupWithExpiredToken","Surefire suite","Fri Sep 18 07:39:40 UTC 2026","passed","Fri Sep 18 07:39:42 UTC 2026","testcases.backoffice.group.AddGroupTest","Surefire test","testcases.backoffice.group.AddGroupTest","addGroupWithExpiredToken"
"List User Backoffice Dengan Karakter SQL Injection pada Field Param - Menemukan Bug Gateway Timeout","4746","listUsersWithSqlInjectionParam","Surefire suite","Fri Sep 18 07:56:09 UTC 2026","passed","Fri Sep 18 07:56:14 UTC 2026","testcases.backoffice.users.ListUsersTest","Surefire test","testcases.backoffice.users.ListUsersTest","listUsersWithSqlInjectionParam"
"Delete Google Authenticator Dengan Token Tidak Valid","1486","deleteOtpGoogleWithInvalidToken","Surefire suite","Fri Sep 18 08:01:34 UTC 2026","passed","Fri Sep 18 08:01:35 UTC 2026","testcases.backoffice.googleauth.DeleteOtpGoogleTest","Surefire test","testcases.backoffice.googleauth.DeleteOtpGoogleTest","deleteOtpGoogleWithInvalidToken"
"Get Group Detail Backoffice Menggunakan Login Marketing","4779","getGroupDetailWithMarketingLogin","Surefire suite","Fri Sep 18 07:29:29 UTC 2026","passed","Fri Sep 18 07:29:34 UTC 2026","testcases.backoffice.group.GetGroupTest","Surefire test","testcases.backoffice.group.GetGroupTest","getGroupDetailWithMarketingLogin"
"Delete Group Backoffice Dengan id Sangat Panjang","1632","deleteGroupWithVeryLongId","Surefire suite","Fri Sep 18 07:37:35 UTC 2026","passed","Fri Sep 18 07:37:37 UTC 2026","testcases.backoffice.group.DeleteGroupTest","Surefire test","testcases.backoffice.group.DeleteGroupTest","deleteGroupWithVeryLongId"
"Inquiry Favorite Account Dengan Header credentialId Salah","1534","inquiryFavoriteAccountWithWrongCredentialIdHeader","Surefire suite","Fri Sep 18 06:54:59 UTC 2026","passed","Fri Sep 18 06:55:01 UTC 2026","testcases.settings.favoriteaccount.InquiryFavoriteAccountTest","Surefire test","testcases.settings.favoriteaccount.InquiryFavoriteAccountTest","inquiryFavoriteAccountWithWrongCredentialIdHeader"
"Created Favorite Account Dengan pin Salah","1635","createdFavoriteAccountWithWrongPin","Surefire suite","Fri Sep 18 06:59:46 UTC 2026","passed","Fri Sep 18 06:59:48 UTC 2026","testcases.settings.favoriteaccount.CreatedFavoriteAccountTest","Surefire test","testcases.settings.favoriteaccount.CreatedFavoriteAccountTest","createdFavoriteAccountWithWrongPin"
"Resend Google Authenticator Dengan Token Kadaluarsa","1526","resendOtpGoogleWithExpiredToken","Surefire suite","Fri Sep 18 08:04:47 UTC 2026","passed","Fri Sep 18 08:04:49 UTC 2026","testcases.backoffice.googleauth.ResendOtpGoogleTest","Surefire test","testcases.backoffice.googleauth.ResendOtpGoogleTest","resendOtpGoogleWithExpiredToken"
"Get History QR","6497","historyQRTest","Surefire suite","Fri Sep 18 06:14:12 UTC 2026","passed","Fri Sep 18 06:14:18 UTC 2026","testcases.history.HistoryQRTest","Surefire test","testcases.history.HistoryQRTest","historyQRTest"
"Get Notification Sender Tanpa Login/Header Auth","1531","getNotificationSenderWithoutAuth","Surefire suite","Fri Sep 18 07:53:10 UTC 2026","passed","Fri Sep 18 07:53:12 UTC 2026","testcases.backoffice.notifsender.NotificationSenderTest","Surefire test","testcases.backoffice.notifsender.NotificationSenderTest","getNotificationSenderWithoutAuth"
"Get Detail Waiting Company Backoffice Dengan Token Tidak Valid","1628","getDetailWaitingCompanyWithInvalidToken","Surefire suite","Fri Sep 18 07:43:03 UTC 2026","passed","Fri Sep 18 07:43:04 UTC 2026","testcases.backoffice.GetDetailWaitingCompanyTest","Surefire test","testcases.backoffice.GetDetailWaitingCompanyTest","getDetailWaitingCompanyWithInvalidToken"
"Delete Group Backoffice Dengan Body JSON Tidak Valid (Malformed)","1614","deleteGroupWithMalformedJson","Surefire suite","Fri Sep 18 07:36:20 UTC 2026","passed","Fri Sep 18 07:36:22 UTC 2026","testcases.backoffice.group.DeleteGroupTest","Surefire test","testcases.backoffice.group.DeleteGroupTest","deleteGroupWithMalformedJson"
"Get History USDT Transfer Test CS","11473","historyUSDTTransferTestCS","Surefire suite","Fri Sep 18 06:12:54 UTC 2026","passed","Fri Sep 18 06:13:06 UTC 2026","testcases.history.HistoryTransferTest","Surefire test","testcases.history.HistoryTransferTest","historyUSDTTransferTestCS"
"Get Dashboard User Backoffice","4499","getDashboardSuperBO","Surefire suite","Fri Sep 18 05:58:25 UTC 2026","passed","Fri Sep 18 05:58:29 UTC 2026","testcases.backoffice.GetDashboardTest","Surefire test","testcases.backoffice.GetDashboardTest","getDashboardSuperBO"
"Inquiry Favorite Account Dengan Header Authorization Tanpa Skema Bearer","1557","inquiryFavoriteAccountWithMalformedAuthorizationHeader","Surefire suite","Fri Sep 18 06:54:13 UTC 2026","passed","Fri Sep 18 06:54:15 UTC 2026","testcases.settings.favoriteaccount.InquiryFavoriteAccountTest","Surefire test","testcases.settings.favoriteaccount.InquiryFavoriteAccountTest","inquiryFavoriteAccountWithMalformedAuthorizationHeader"
"Get List Google Authenticator Dengan Body Berupa Literal null","4644","listOtpGoogleWithNullLiteralBody","Surefire suite","Fri Sep 18 07:59:03 UTC 2026","passed","Fri Sep 18 07:59:08 UTC 2026","testcases.backoffice.googleauth.ListOtpGoogleTest","Surefire test","testcases.backoffice.googleauth.ListOtpGoogleTest","listOtpGoogleWithNullLiteralBody"
"Refund Summary Dengan Rentang Tanggal Sangat Lebar","1624","getRefundWithHugeRange","Surefire suite","Fri Sep 18 07:46:05 UTC 2026","passed","Fri Sep 18 07:46:07 UTC 2026","testcases.backoffice.refund.GetRefundTest","Surefire test","testcases.backoffice.refund.GetRefundTest","getRefundWithHugeRange"
"Add Currency CS Admin Path Menggunakan Login Marketing","4775","addCurrencyWithMarketingLogin","Surefire suite","Fri Sep 18 06:02:30 UTC 2026","passed","Fri Sep 18 06:02:35 UTC 2026","testcases.backoffice.currency.AddCurrencyTest","Surefire test","testcases.backoffice.currency.AddCurrencyTest","addCurrencyWithMarketingLogin"
"Get Detail User Backoffice Tanpa Login/Header Auth","1569","getUsersWithoutAuth","Surefire suite","Fri Sep 18 07:54:33 UTC 2026","passed","Fri Sep 18 07:54:35 UTC 2026","testcases.backoffice.users.ListUsersTest","Surefire test","testcases.backoffice.users.ListUsersTest","getUsersWithoutAuth"
"Get Group Detail Backoffice Dengan Group Id Milik Entitas Lain (User Id)","4861","getGroupDetailWithForeignEntityId","Surefire suite","Fri Sep 18 07:28:57 UTC 2026","passed","Fri Sep 18 07:29:01 UTC 2026","testcases.backoffice.group.GetGroupTest","Surefire test","testcases.backoffice.group.GetGroupTest","getGroupDetailWithForeignEntityId"
"Inquiry Favorite Account Dengan Token Tidak Valid","1449","inquiryFavoriteAccountWithInvalidToken","Surefire suite","Fri Sep 18 06:54:09 UTC 2026","passed","Fri Sep 18 06:54:10 UTC 2026","testcases.settings.favoriteaccount.InquiryFavoriteAccountTest","Surefire test","testcases.settings.favoriteaccount.InquiryFavoriteAccountTest","inquiryFavoriteAccountWithInvalidToken"
"List Currency USDT Menggunakan Login Marketing","4715","getCurrencyWithMarketingLogin","Surefire suite","Fri Sep 18 07:23:46 UTC 2026","passed","Fri Sep 18 07:23:51 UTC 2026","testcases.backoffice.currency.GetCurrencyTest","Surefire test","testcases.backoffice.currency.GetCurrencyTest","getCurrencyWithMarketingLogin"
"Generate QR Code Failed Merchant","4774","generateQRCodeFailed","Surefire suite","Fri Sep 18 06:30:55 UTC 2026","passed","Fri Sep 18 06:31:00 UTC 2026","testcases.QR.GenerateQRTest","Surefire test","testcases.QR.GenerateQRTest","generateQRCodeFailed"
"Normal Transfer USDT Balance Success","9768","usdtTransferBalanceAdminCrypto","Surefire suite","Fri Sep 18 06:26:37 UTC 2026","passed","Fri Sep 18 06:26:46 UTC 2026","testcases.transfer.TransferUSDTTest","Surefire test","testcases.transfer.TransferUSDTTest","usdtTransferBalanceAdminCrypto"
"Get List Group Company BO Dengan Header Authorization Tanpa Skema Bearer","1524","getListGroupCompanyWithMalformedAuthorizationHeader","Surefire suite","Fri Sep 18 07:20:00 UTC 2026","passed","Fri Sep 18 07:20:01 UTC 2026","testcases.backoffice.settlement.GetListGroupCompanyTest","Surefire test","testcases.backoffice.settlement.GetListGroupCompanyTest","getListGroupCompanyWithMalformedAuthorizationHeader"
"Get List Group Company BO Menggunakan Login Admin Crypto","4630","getListGroupCompanyWithAdminCryptoLogin","Surefire suite","Fri Sep 18 07:18:57 UTC 2026","passed","Fri Sep 18 07:19:01 UTC 2026","testcases.backoffice.settlement.GetListGroupCompanyTest","Surefire test","testcases.backoffice.settlement.GetListGroupCompanyTest","getListGroupCompanyWithAdminCryptoLogin"
"Get List Favorite Account Dengan page Negatif","1674","getListFavoriteAccountWithNegativePage","Surefire suite","Fri Sep 18 06:56:34 UTC 2026","passed","Fri Sep 18 06:56:36 UTC 2026","testcases.settings.favoriteaccount.GetListFavoriteAccountTest","Surefire test","testcases.settings.favoriteaccount.GetListFavoriteAccountTest","getListFavoriteAccountWithNegativePage"
"List Manage Settlement Backoffice Dengan Payload XSS pada Field Param","4666","listManageSettlementWithXssParam","Surefire suite","Fri Sep 18 07:18:22 UTC 2026","passed","Fri Sep 18 07:18:26 UTC 2026","testcases.backoffice.settlement.ManageSettlementTest","Surefire test","testcases.backoffice.settlement.ManageSettlementTest","listManageSettlementWithXssParam"
"Get List Favorite Account Dengan size Negatif","1506","getListFavoriteAccountWithNegativeSize","Surefire suite","Fri Sep 18 06:56:39 UTC 2026","passed","Fri Sep 18 06:56:40 UTC 2026","testcases.settings.favoriteaccount.GetListFavoriteAccountTest","Surefire test","testcases.settings.favoriteaccount.GetListFavoriteAccountTest","getListFavoriteAccountWithNegativeSize"
"Request Refund Manual Transfer Merchant","6128","refundManualTransferMerchant","Surefire suite","Fri Sep 18 06:50:51 UTC 2026","passed","Fri Sep 18 06:50:57 UTC 2026","testcases.transfer.RefundTransferTest","Surefire test","testcases.transfer.RefundTransferTest","refundManualTransferMerchant"
"Create Manage Settlement BO Tanpa Field groupName","4714","addManageSettlementWithoutGroupName","Surefire suite","Fri Sep 18 07:11:05 UTC 2026","passed","Fri Sep 18 07:11:09 UTC 2026","testcases.backoffice.settlement.AddManageSettlementTest","Surefire test","testcases.backoffice.settlement.AddManageSettlementTest","addManageSettlementWithoutGroupName"
"Resend Google Authenticator Dengan Token Tidak Valid","1606","resendOtpGoogleWithInvalidToken","Surefire suite","Fri Sep 18 08:05:00 UTC 2026","passed","Fri Sep 18 08:05:01 UTC 2026","testcases.backoffice.googleauth.ResendOtpGoogleTest","Surefire test","testcases.backoffice.googleauth.ResendOtpGoogleTest","resendOtpGoogleWithInvalidToken"
"Get Group User Backoffice","4609","getGroupSuperBO","Surefire suite","Fri Sep 18 05:59:35 UTC 2026","passed","Fri Sep 18 05:59:39 UTC 2026","testcases.backoffice.GetDashboardTest","Surefire test","testcases.backoffice.GetDashboardTest","getGroupSuperBO"
"List Refund Menggunakan Login Merchant","4879","listRefundMarketing","Surefire suite","Fri Sep 18 07:04:15 UTC 2026","passed","Fri Sep 18 07:04:20 UTC 2026","testcases.backoffice.ListRefundTest","Surefire test","testcases.backoffice.ListRefundTest","listRefundMarketing"
"Get List Group Backoffice Menggunakan Login Admin","4700","getListGroupWithAdminLogin","Surefire suite","Fri Sep 18 07:31:15 UTC 2026","passed","Fri Sep 18 07:31:20 UTC 2026","testcases.backoffice.group.GetListGroupTest","Surefire test","testcases.backoffice.group.GetListGroupTest","getListGroupWithAdminLogin"
"Mutasi Transaction Admin","4941","mutasiAdmin","Surefire suite","Fri Sep 18 06:32:49 UTC 2026","passed","Fri Sep 18 06:32:54 UTC 2026","testcases.mutasi.MutasiTransferTest","Surefire test","testcases.mutasi.MutasiTransferTest","mutasiAdmin"
"Delete Google Authenticator Dengan Format id Tidak Valid (Bukan ObjectId)","4730","deleteOtpGoogleWithMalformedId","Surefire suite","Fri Sep 18 08:01:42 UTC 2026","passed","Fri Sep 18 08:01:47 UTC 2026","testcases.backoffice.googleauth.DeleteOtpGoogleTest","Surefire test","testcases.backoffice.googleauth.DeleteOtpGoogleTest","deleteOtpGoogleWithMalformedId"
"Delete Manage Settlement BO Dengan Token Tidak Valid","1469","deleteManageSettlementWithInvalidToken","Surefire suite","Fri Sep 18 07:12:42 UTC 2026","passed","Fri Sep 18 07:12:43 UTC 2026","testcases.backoffice.settlement.DeleteManageSettlementTest","Surefire test","testcases.backoffice.settlement.DeleteManageSettlementTest","deleteManageSettlementWithInvalidToken"
"Delete Group Backoffice Menggunakan HTTP Method GET","1517","deleteGroupWithGetMethod","Surefire suite","Fri Sep 18 07:35:58 UTC 2026","passed","Fri Sep 18 07:35:59 UTC 2026","testcases.backoffice.group.DeleteGroupTest","Surefire test","testcases.backoffice.group.DeleteGroupTest","deleteGroupWithGetMethod"
"Delete Group Backoffice Tanpa Field id","1574","deleteGroupWithoutIdField","Surefire suite","Fri Sep 18 07:38:07 UTC 2026","passed","Fri Sep 18 07:38:09 UTC 2026","testcases.backoffice.group.DeleteGroupTest","Surefire test","testcases.backoffice.group.DeleteGroupTest","deleteGroupWithoutIdField"
"List Company Backoffice Menggunakan Login Merchant","4655","listCompanyWithMerchantLogin","Surefire suite","Fri Sep 18 07:03:08 UTC 2026","passed","Fri Sep 18 07:03:13 UTC 2026","testcases.backoffice.ListCompanyTest","Surefire test","testcases.backoffice.ListCompanyTest","listCompanyWithMerchantLogin"
"Refund Summary Menggunakan Login Admin Crypto","4915","getRefundWithAdminCryptoLogin","Surefire suite","Fri Sep 18 07:44:59 UTC 2026","passed","Fri Sep 18 07:45:03 UTC 2026","testcases.backoffice.refund.GetRefundTest","Surefire test","testcases.backoffice.refund.GetRefundTest","getRefundWithAdminCryptoLogin"
"Get List Group Backoffice Menggunakan HTTP Method PATCH","1629","getListGroupWithPatchMethod","Surefire suite","Fri Sep 18 07:33:06 UTC 2026","passed","Fri Sep 18 07:33:08 UTC 2026","testcases.backoffice.group.GetListGroupTest","Surefire test","testcases.backoffice.group.GetListGroupTest","getListGroupWithPatchMethod"
"Transfer Different Partner Reference, USDT Transfer to Transfer","21270","trfPartnerRefUSDTFailed","Surefire suite","Fri Sep 18 06:22:12 UTC 2026","passed","Fri Sep 18 06:22:33 UTC 2026","testcases.transfer.TransferTest","Surefire test","testcases.transfer.TransferTest","trfPartnerRefUSDTFailed"
"Get List Favorite Account Menggunakan HTTP Method PUT","1515","getListFavoriteAccountWithPutMethod","Surefire suite","Fri Sep 18 06:56:57 UTC 2026","passed","Fri Sep 18 06:56:58 UTC 2026","testcases.settings.favoriteaccount.GetListFavoriteAccountTest","Surefire test","testcases.settings.favoriteaccount.GetListFavoriteAccountTest","getListFavoriteAccountWithPutMethod"
"Test Get Report Transaction Merchant","4850","getReportTransactionMerchant","Surefire suite","Fri Sep 18 06:32:11 UTC 2026","passed","Fri Sep 18 06:32:16 UTC 2026","testcases.report.ReportTransactionTest","Surefire test","testcases.report.ReportTransactionTest","getReportTransactionMerchant"
"Normal Flop Transfer Success Admin Crypto","7876","flopTransferAdminCrypto","Surefire suite","Fri Sep 18 06:23:25 UTC 2026","passed","Fri Sep 18 06:23:33 UTC 2026","testcases.transfer.TransferFlopTest","Surefire test","testcases.transfer.TransferFlopTest","flopTransferAdminCrypto"
"List Currency USDT Dengan Body Berupa JSON Array ([])","4528","getCurrencyWithArrayBody","Surefire suite","Fri Sep 18 07:22:33 UTC 2026","passed","Fri Sep 18 07:22:38 UTC 2026","testcases.backoffice.currency.GetCurrencyTest","Surefire test","testcases.backoffice.currency.GetCurrencyTest","getCurrencyWithArrayBody"
"Delete Google Authenticator","4881","deleteOtpGoogleBO","Surefire suite","Fri Sep 18 08:00:26 UTC 2026","passed","Fri Sep 18 08:00:31 UTC 2026","testcases.backoffice.googleauth.DeleteOtpGoogleTest","Surefire test","testcases.backoffice.googleauth.DeleteOtpGoogleTest","deleteOtpGoogleBO"
"Get List Google Authenticator Dengan Header Authorization Tanpa Skema Bearer","1523","listOtpGoogleWithMalformedAuthorizationHeader","Surefire suite","Fri Sep 18 07:58:20 UTC 2026","passed","Fri Sep 18 07:58:21 UTC 2026","testcases.backoffice.googleauth.ListOtpGoogleTest","Surefire test","testcases.backoffice.googleauth.ListOtpGoogleTest","listOtpGoogleWithMalformedAuthorizationHeader"
"Generate QR Success with Fee Admin","40976","generateQRBalanceFeeAdmin","Surefire suite","Fri Sep 18 06:28:48 UTC 2026","passed","Fri Sep 18 06:29:29 UTC 2026","testcases.QR.GenerateQRPaidTest","Surefire test","testcases.QR.GenerateQRPaidTest","generateQRBalanceFeeAdmin"
"List Refund Menggunakan Login Customer Service","4734","listRefundWithCSLogin","Surefire suite","Fri Sep 18 07:04:46 UTC 2026","passed","Fri Sep 18 07:04:51 UTC 2026","testcases.backoffice.ListRefundTest","Surefire test","testcases.backoffice.ListRefundTest","listRefundWithCSLogin"
"Inquiry Favorite Account Dengan Body Berupa JSON Array ([])","4573","inquiryFavoriteAccountWithArrayBody","Surefire suite","Fri Sep 18 06:53:38 UTC 2026","passed","Fri Sep 18 06:53:43 UTC 2026","testcases.settings.favoriteaccount.InquiryFavoriteAccountTest","Surefire test","testcases.settings.favoriteaccount.InquiryFavoriteAccountTest","inquiryFavoriteAccountWithArrayBody"
"Success Login Customer Service","3238","testLoginCS","Surefire suite","Fri Sep 18 06:47:21 UTC 2026","passed","Fri Sep 18 06:47:24 UTC 2026","testcases.auth.LoginTest","Surefire test","testcases.auth.LoginTest","testLoginCS"
"List Waiting Company Backoffice Menggunakan Login Marketing","4814","listWaitingCompanyWithMarketingLogin","Surefire suite","Fri Sep 18 07:27:14 UTC 2026","passed","Fri Sep 18 07:27:19 UTC 2026","testcases.backoffice.ListWaitingCompanyTest","Surefire test","testcases.backoffice.ListWaitingCompanyTest","listWaitingCompanyWithMarketingLogin"
"Get Detail Waiting Company Backoffice Dengan Id Berisi Payload XSS","4980","getDetailWaitingCompanyWithXssId","Surefire suite","Fri Sep 18 07:44:37 UTC 2026","passed","Fri Sep 18 07:44:42 UTC 2026","testcases.backoffice.GetDetailWaitingCompanyTest","Surefire test","testcases.backoffice.GetDetailWaitingCompanyTest","getDetailWaitingCompanyWithXssId"
"Delete Google Authenticator Dengan Token Backoffice Valid Tapi Tanpa Header pbyv","4790","deleteOtpGoogleWithoutPbyvHeader","Surefire suite","Fri Sep 18 08:03:29 UTC 2026","passed","Fri Sep 18 08:03:34 UTC 2026","testcases.backoffice.googleauth.DeleteOtpGoogleTest","Surefire test","testcases.backoffice.googleauth.DeleteOtpGoogleTest","deleteOtpGoogleWithoutPbyvHeader"
"Get Detail Waiting Company Backoffice Dengan Id yang Tidak Ada","4742","getDetailWaitingCompanyWithNonExistentId","Surefire suite","Fri Sep 18 07:43:35 UTC 2026","passed","Fri Sep 18 07:43:40 UTC 2026","testcases.backoffice.GetDetailWaitingCompanyTest","Surefire test","testcases.backoffice.GetDetailWaitingCompanyTest","getDetailWaitingCompanyWithNonExistentId"
"Inquiry Test Manual Transfer Admin Crypto","5143","inquiryManualTransferAdminCrypto","Surefire suite","Fri Sep 18 06:27:07 UTC 2026","passed","Fri Sep 18 06:27:12 UTC 2026","testcases.transfer.InquiryManualTransferTest","Surefire test","testcases.transfer.InquiryManualTransferTest","inquiryManualTransferAdminCrypto"
"Get List Favorite Account Supervisor","4715","getListFavoriteAccountSupervisor","Surefire suite","Fri Sep 18 06:55:47 UTC 2026","failed","Fri Sep 18 06:55:51 UTC 2026","testcases.settings.favoriteaccount.GetListFavoriteAccountTest","Surefire test","testcases.settings.favoriteaccount.GetListFavoriteAccountTest","getListFavoriteAccountSupervisor"
"Get History USDT Transfer Test Admin","11587","historyUSDTTransferTestFeeAdmin","Surefire suite","Fri Sep 18 06:13:09 UTC 2026","passed","Fri Sep 18 06:13:21 UTC 2026","testcases.history.HistoryTransferTest","Surefire test","testcases.history.HistoryTransferTest","historyUSDTTransferTestFeeAdmin"
"Create Manage Settlement BO Dengan Body JSON Tidak Valid (Malformed)","4514","addManageSettlementWithMalformedJson","Surefire suite","Fri Sep 18 07:08:49 UTC 2026","passed","Fri Sep 18 07:08:54 UTC 2026","testcases.backoffice.settlement.AddManageSettlementTest","Surefire test","testcases.backoffice.settlement.AddManageSettlementTest","addManageSettlementWithMalformedJson"
"Inquiry Favorite Account Dengan Header companyId Salah","1481","inquiryFavoriteAccountWithWrongCompanyIdHeader","Surefire suite","Fri Sep 18 06:54:50 UTC 2026","passed","Fri Sep 18 06:54:52 UTC 2026","testcases.settings.favoriteaccount.InquiryFavoriteAccountTest","Surefire test","testcases.settings.favoriteaccount.InquiryFavoriteAccountTest","inquiryFavoriteAccountWithWrongCompanyIdHeader"
"Add Currency CS Admin Path Menggunakan Login Supervisor","6473","addCurrencyWithSupervisorLogin","Surefire suite","Fri Sep 18 06:03:37 UTC 2026","passed","Fri Sep 18 06:03:44 UTC 2026","testcases.backoffice.currency.AddCurrencyTest","Surefire test","testcases.backoffice.currency.AddCurrencyTest","addCurrencyWithSupervisorLogin"
"Add Currency CS Admin Path Menggunakan Login Backoffice","4856","addCurrencyWithBackofficeLogin","Surefire suite","Fri Sep 18 06:01:21 UTC 2026","passed","Fri Sep 18 06:01:25 UTC 2026","testcases.backoffice.currency.AddCurrencyTest","Surefire test","testcases.backoffice.currency.AddCurrencyTest","addCurrencyWithBackofficeLogin"
"Get List Favorite Account Dengan Token Tidak Valid","1737","getListFavoriteAccountWithInvalidToken","Surefire suite","Fri Sep 18 06:56:20 UTC 2026","passed","Fri Sep 18 06:56:22 UTC 2026","testcases.settings.favoriteaccount.GetListFavoriteAccountTest","Surefire test","testcases.settings.favoriteaccount.GetListFavoriteAccountTest","getListFavoriteAccountWithInvalidToken"
"Get History QR Open Merchant on login CS Admin","11287","historyQROpenMerchantCSAdmin","Surefire suite","Fri Sep 18 06:13:35 UTC 2026","passed","Fri Sep 18 06:13:46 UTC 2026","testcases.history.HistoryQRTest","Surefire test","testcases.history.HistoryQRTest","historyQROpenMerchantCSAdmin"
"Refund Summary Dengan startDate Bukan Format Tanggal","1505","getRefundWithInvalidStartDate","Surefire suite","Fri Sep 18 07:46:14 UTC 2026","passed","Fri Sep 18 07:46:16 UTC 2026","testcases.backoffice.refund.GetRefundTest","Surefire test","testcases.backoffice.refund.GetRefundTest","getRefundWithInvalidStartDate"
"Get List Google Authenticator Menggunakan Login Admin","4732","listOtpGoogleWithAdminLogin","Surefire suite","Fri Sep 18 07:56:53 UTC 2026","passed","Fri Sep 18 07:56:58 UTC 2026","testcases.backoffice.googleauth.ListOtpGoogleTest","Surefire test","testcases.backoffice.googleauth.ListOtpGoogleTest","listOtpGoogleWithAdminLogin"
"Generate QR Code Closed Merchant","4825","generateQRCodeClosed","Surefire suite","Fri Sep 18 06:30:47 UTC 2026","passed","Fri Sep 18 06:30:52 UTC 2026","testcases.QR.GenerateQRTest","Surefire test","testcases.QR.GenerateQRTest","generateQRCodeClosed"
"Refund Summary Menggunakan HTTP Method PATCH","1517","getRefundWithPatchMethod","Surefire suite","Fri Sep 18 07:47:11 UTC 2026","passed","Fri Sep 18 07:47:12 UTC 2026","testcases.backoffice.refund.GetRefundTest","Surefire test","testcases.backoffice.refund.GetRefundTest","getRefundWithPatchMethod"
"List Currency USDT Dengan Header Authorization Tanpa Skema Bearer","1450","getCurrencyWithMalformedAuthorizationHeader","Surefire suite","Fri Sep 18 07:23:33 UTC 2026","passed","Fri Sep 18 07:23:34 UTC 2026","testcases.backoffice.currency.GetCurrencyTest","Surefire test","testcases.backoffice.currency.GetCurrencyTest","getCurrencyWithMalformedAuthorizationHeader"
"Get History QR Supervisor","9913","historyQRTestSupervisor","Surefire suite","Fri Sep 18 06:15:41 UTC 2026","passed","Fri Sep 18 06:15:51 UTC 2026","testcases.history.HistoryQRTest","Surefire test","testcases.history.HistoryQRTest","historyQRTestSupervisor"
"Get List Google Authenticator Dengan Field Sort Merujuk ke Kolom yang Tidak Ada","4729","listOtpGoogleWithInvalidSortField","Surefire suite","Fri Sep 18 07:58:08 UTC 2026","passed","Fri Sep 18 07:58:12 UTC 2026","testcases.backoffice.googleauth.ListOtpGoogleTest","Surefire test","testcases.backoffice.googleauth.ListOtpGoogleTest","listOtpGoogleWithInvalidSortField"
"Get List Group Company BO Dengan groupName Berisi Payload XSS","4649","getListGroupCompanyWithXssGroupName","Surefire suite","Fri Sep 18 07:21:38 UTC 2026","passed","Fri Sep 18 07:21:42 UTC 2026","testcases.backoffice.settlement.GetListGroupCompanyTest","Surefire test","testcases.backoffice.settlement.GetListGroupCompanyTest","getListGroupCompanyWithXssGroupName"
"List Waiting Company Backoffice Dengan Page/Size Negatif","4790","listWaitingCompanyWithNegativePageSize","Surefire suite","Fri Sep 18 07:27:30 UTC 2026","passed","Fri Sep 18 07:27:35 UTC 2026","testcases.backoffice.ListWaitingCompanyTest","Surefire test","testcases.backoffice.ListWaitingCompanyTest","listWaitingCompanyWithNegativePageSize"
"Add Currency CS Admin Path Dengan rate Negatif","1523","addCurrencyWithNegativeRate","Surefire suite","Fri Sep 18 06:02:55 UTC 2026","broken","Fri Sep 18 06:02:57 UTC 2026","testcases.backoffice.currency.AddCurrencyTest","Surefire test","testcases.backoffice.currency.AddCurrencyTest","addCurrencyWithNegativeRate"
"","7926","getCompanyDetail","Surefire suite","Fri Sep 18 07:53:38 UTC 2026","passed","Fri Sep 18 07:53:46 UTC 2026","testcases.backoffice.CheckCompanyDetailTest","Surefire test","testcases.backoffice.CheckCompanyDetailTest","getCompanyDetail"
"Get History Flop Transfer Supervisor on Login CS Admin","14344","historyFlopTransferSupervisorTestCSAdmin","Surefire suite","Fri Sep 18 06:04:56 UTC 2026","passed","Fri Sep 18 06:05:10 UTC 2026","testcases.history.HistoryTransferTest","Surefire test","testcases.history.HistoryTransferTest","historyFlopTransferSupervisorTestCSAdmin"
"Get History Transfer Test Admin Crypto","8321","historyTransferTestAdminCrypto","Surefire suite","Fri Sep 18 06:11:10 UTC 2026","passed","Fri Sep 18 06:11:18 UTC 2026","testcases.history.HistoryTransferTest","Surefire test","testcases.history.HistoryTransferTest","historyTransferTestAdminCrypto"
"Get List Group Company BO Menggunakan Login CS Admin","4574","getListGroupCompanyWithCSAdminLogin","Surefire suite","Fri Sep 18 07:19:12 UTC 2026","passed","Fri Sep 18 07:19:17 UTC 2026","testcases.backoffice.settlement.GetListGroupCompanyTest","Surefire test","testcases.backoffice.settlement.GetListGroupCompanyTest","getListGroupCompanyWithCSAdminLogin"
"Mutasi Manual Transfer Balance CS","32841","mutasiManualTransferBalanceSupervisorCS","Surefire suite","Fri Sep 18 06:35:28 UTC 2026","passed","Fri Sep 18 06:36:01 UTC 2026","testcases.mutasi.MutasiTransferTest","Surefire test","testcases.mutasi.MutasiTransferTest","mutasiManualTransferBalanceSupervisorCS"
"Delete Manage Settlement BO Dengan Token Kadaluarsa","1560","deleteManageSettlementWithExpiredToken","Surefire suite","Fri Sep 18 07:12:30 UTC 2026","passed","Fri Sep 18 07:12:31 UTC 2026","testcases.backoffice.settlement.DeleteManageSettlementTest","Surefire test","testcases.backoffice.settlement.DeleteManageSettlementTest","deleteManageSettlementWithExpiredToken"
"Get List Favorite Account Menggunakan HTTP Method GET","1495","getListFavoriteAccountWithGetMethod","Surefire suite","Fri Sep 18 06:56:16 UTC 2026","passed","Fri Sep 18 06:56:17 UTC 2026","testcases.settings.favoriteaccount.GetListFavoriteAccountTest","Surefire test","testcases.settings.favoriteaccount.GetListFavoriteAccountTest","getListFavoriteAccountWithGetMethod"
"Mutasi Manual Transfer Supervisor","27832","mutasiManualTransferSupervisor","Surefire suite","Fri Sep 18 06:36:35 UTC 2026","passed","Fri Sep 18 06:37:03 UTC 2026","testcases.mutasi.MutasiTransferTest","Surefire test","testcases.mutasi.MutasiTransferTest","mutasiManualTransferSupervisor"
"Reset Password Merchant","4936","resetPasswordMerchant","Surefire suite","Fri Sep 18 06:52:52 UTC 2026","passed","Fri Sep 18 06:52:57 UTC 2026","testcases.settings.ResetPasswordTest","Surefire test","testcases.settings.ResetPasswordTest","resetPasswordMerchant"
"Resend Google Authenticator Dengan email Berisi Payload XSS","4742","resendOtpGoogleWithXssEmail","Surefire suite","Fri Sep 18 08:07:15 UTC 2026","passed","Fri Sep 18 08:07:20 UTC 2026","testcases.backoffice.googleauth.ResendOtpGoogleTest","Surefire test","testcases.backoffice.googleauth.ResendOtpGoogleTest","resendOtpGoogleWithXssEmail"
"Delete Group Backoffice","14364","deleteGroupBO","Surefire suite","Fri Sep 18 07:34:42 UTC 2026","passed","Fri Sep 18 07:34:56 UTC 2026","testcases.backoffice.group.DeleteGroupTest","Surefire test","testcases.backoffice.group.DeleteGroupTest","deleteGroupBO"
"Resend Google Authenticator Menggunakan HTTP Method GET","4748","resendOtpGoogleWithGetMethod","Surefire suite","Fri Sep 18 08:04:52 UTC 2026","passed","Fri Sep 18 08:04:57 UTC 2026","testcases.backoffice.googleauth.ResendOtpGoogleTest","Surefire test","testcases.backoffice.googleauth.ResendOtpGoogleTest","resendOtpGoogleWithGetMethod"
"Delete Group Backoffice Dengan Header pbyv Salah","1509","deleteGroupWithWrongPbyvHeader","Surefire suite","Fri Sep 18 07:37:49 UTC 2026","passed","Fri Sep 18 07:37:51 UTC 2026","testcases.backoffice.group.DeleteGroupTest","Surefire test","testcases.backoffice.group.DeleteGroupTest","deleteGroupWithWrongPbyvHeader"
"List Currency USDT Menggunakan Login CS Admin","4632","getCurrencyWithCSAdminLogin","Surefire suite","Fri Sep 18 07:22:41 UTC 2026","passed","Fri Sep 18 07:22:45 UTC 2026","testcases.backoffice.currency.GetCurrencyTest","Surefire test","testcases.backoffice.currency.GetCurrencyTest","getCurrencyWithCSAdminLogin"
"Add Group Backoffice Dengan Header Authorization Tanpa Skema Bearer","1493","addGroupWithMalformedAuthorizationHeader","Surefire suite","Fri Sep 18 07:40:12 UTC 2026","passed","Fri Sep 18 07:40:14 UTC 2026","testcases.backoffice.group.AddGroupTest","Surefire test","testcases.backoffice.group.AddGroupTest","addGroupWithMalformedAuthorizationHeader"
"Success Login Backoffice","3101","testLoginBackoffice","Surefire suite","Fri Sep 18 06:46:55 UTC 2026","passed","Fri Sep 18 06:46:58 UTC 2026","testcases.auth.LoginTest","Surefire test","testcases.auth.LoginTest","testLoginBackoffice"
"List Manage Settlement Backoffice Menggunakan Login Customer Service","4660","listManageSettlementWithCSLogin","Surefire suite","Fri Sep 18 07:15:34 UTC 2026","passed","Fri Sep 18 07:15:39 UTC 2026","testcases.backoffice.settlement.ManageSettlementTest","Surefire test","testcases.backoffice.settlement.ManageSettlementTest","listManageSettlementWithCSLogin"
"Get Group Detail Backoffice Dengan Group Id yang Tidak Ada","4658","getGroupDetailWithNonExistentId","Surefire suite","Fri Sep 18 07:29:44 UTC 2026","passed","Fri Sep 18 07:29:49 UTC 2026","testcases.backoffice.group.GetGroupTest","Surefire test","testcases.backoffice.group.GetGroupTest","getGroupDetailWithNonExistentId"
"Get List Group Backoffice Menggunakan Login Merchant","4683","getListGroupWithMerchantLogin","Surefire suite","Fri Sep 18 07:32:35 UTC 2026","passed","Fri Sep 18 07:32:40 UTC 2026","testcases.backoffice.group.GetListGroupTest","Surefire test","testcases.backoffice.group.GetListGroupTest","getListGroupWithMerchantLogin"
"Get Dashboard Backoffice Menggunakan Login CS Admin","4494","getDashboardWithCSAdminLogin","Surefire suite","Fri Sep 18 05:58:48 UTC 2026","passed","Fri Sep 18 05:58:52 UTC 2026","testcases.backoffice.GetDashboardTest","Surefire test","testcases.backoffice.GetDashboardTest","getDashboardWithCSAdminLogin"
"Delete Group Backoffice Tanpa Login/Header Auth","1500","deleteGroupWithoutAuth","Surefire suite","Fri Sep 18 07:37:58 UTC 2026","passed","Fri Sep 18 07:38:00 UTC 2026","testcases.backoffice.group.DeleteGroupTest","Surefire test","testcases.backoffice.group.DeleteGroupTest","deleteGroupWithoutAuth"
"Add Group Ke Path yang Tidak Ada (Typo)","1557","addGroupWithWrongPath","Surefire suite","Fri Sep 18 07:41:39 UTC 2026","passed","Fri Sep 18 07:41:41 UTC 2026","testcases.backoffice.group.AddGroupTest","Surefire test","testcases.backoffice.group.AddGroupTest","addGroupWithWrongPath"
"Mutasi Transfer CS","11821","mutasiTransferCS","Surefire suite","Fri Sep 18 06:42:08 UTC 2026","passed","Fri Sep 18 06:42:20 UTC 2026","testcases.mutasi.MutasiTransferTest","Surefire test","testcases.mutasi.MutasiTransferTest","mutasiTransferCS"
"List User Backoffice Menggunakan Login CS Admin","4824","listUsersWithCSAdminLogin","Surefire suite","Fri Sep 18 07:54:53 UTC 2026","passed","Fri Sep 18 07:54:58 UTC 2026","testcases.backoffice.users.ListUsersTest","Surefire test","testcases.backoffice.users.ListUsersTest","listUsersWithCSAdminLogin"
"Reset Pin Marketing","5043","resetPinMarketing","Surefire suite","Fri Sep 18 07:01:08 UTC 2026","passed","Fri Sep 18 07:01:14 UTC 2026","testcases.settings.ResetPinTest","Surefire test","testcases.settings.ResetPinTest","resetPinMarketing"
"Created Favorite Account Tanpa Field beneficiaryBankCode","2014","createdFavoriteAccountWithoutBeneficiaryBankCodeField","Surefire suite","Fri Sep 18 07:00:00 UTC 2026","passed","Fri Sep 18 07:00:02 UTC 2026","testcases.settings.favoriteaccount.CreatedFavoriteAccountTest","Surefire test","testcases.settings.favoriteaccount.CreatedFavoriteAccountTest","createdFavoriteAccountWithoutBeneficiaryBankCodeField"
"Get Group Detail Backoffice","4761","getGroupDetail","Surefire suite","Fri Sep 18 07:28:13 UTC 2026","passed","Fri Sep 18 07:28:18 UTC 2026","testcases.backoffice.group.GetGroupTest","Surefire test","testcases.backoffice.group.GetGroupTest","getGroupDetail"
"Mutasi Transfer","8718","mutasiTransfer","Surefire suite","Fri Sep 18 06:41:15 UTC 2026","passed","Fri Sep 18 06:41:23 UTC 2026","testcases.mutasi.MutasiTransferTest","Surefire test","testcases.mutasi.MutasiTransferTest","mutasiTransfer"
"Refund Summary Menggunakan Login Supervisor","4813","getRefundWithSupervisorLogin","Surefire suite","Fri Sep 18 07:47:29 UTC 2026","passed","Fri Sep 18 07:47:34 UTC 2026","testcases.backoffice.refund.GetRefundTest","Surefire test","testcases.backoffice.refund.GetRefundTest","getRefundWithSupervisorLogin"
"Delete Group Backoffice Dengan Token Kadaluarsa","1549","deleteGroupWithExpiredToken","Surefire suite","Fri Sep 18 07:35:53 UTC 2026","passed","Fri Sep 18 07:35:55 UTC 2026","testcases.backoffice.group.DeleteGroupTest","Surefire test","testcases.backoffice.group.DeleteGroupTest","deleteGroupWithExpiredToken"
"Add Currency CS Admin Path Dengan Body JSON Tidak Valid (Malformed)","1507","addCurrencyWithMalformedJson","Surefire suite","Fri Sep 18 06:02:26 UTC 2026","passed","Fri Sep 18 06:02:27 UTC 2026","testcases.backoffice.currency.AddCurrencyTest","Surefire test","testcases.backoffice.currency.AddCurrencyTest","addCurrencyWithMalformedJson"
"Test Get Report Transfer Company","9423","getReportTransferAdminCrypto","Surefire suite","Fri Sep 18 06:31:03 UTC 2026","passed","Fri Sep 18 06:31:12 UTC 2026","testcases.report.ReportTransferTest","Surefire test","testcases.report.ReportTransferTest","getReportTransferAdminCrypto"
"Get Detail User Backoffice Tanpa User Id (Path Kosong) - Menemukan Bug Bad Gateway","5041","getUsersWithEmptyId","Surefire suite","Fri Sep 18 07:53:57 UTC 2026","passed","Fri Sep 18 07:54:02 UTC 2026","testcases.backoffice.users.ListUsersTest","Surefire test","testcases.backoffice.users.ListUsersTest","getUsersWithEmptyId"
"Create Manage Settlement BO","9498","addManageSettlementBO","Surefire suite","Fri Sep 18 07:06:36 UTC 2026","passed","Fri Sep 18 07:06:45 UTC 2026","testcases.backoffice.settlement.AddManageSettlementTest","Surefire test","testcases.backoffice.settlement.AddManageSettlementTest","addManageSettlementBO"
"List Company Backoffice Dengan Body Berupa JSON Array ([])","4533","listCompanyWithArrayBody","Surefire suite","Fri Sep 18 07:01:48 UTC 2026","passed","Fri Sep 18 07:01:52 UTC 2026","testcases.backoffice.ListCompanyTest","Surefire test","testcases.backoffice.ListCompanyTest","listCompanyWithArrayBody"
"Resend Google Authenticator Menggunakan HTTP Method PATCH","4903","resendOtpGoogleWithPatchMethod","Surefire suite","Fri Sep 18 08:06:20 UTC 2026","passed","Fri Sep 18 08:06:25 UTC 2026","testcases.backoffice.googleauth.ResendOtpGoogleTest","Surefire test","testcases.backoffice.googleauth.ResendOtpGoogleTest","resendOtpGoogleWithPatchMethod"
"List Currency USDT Dengan Token Tidak Valid","1551","getCurrencyWithInvalidToken","Surefire suite","Fri Sep 18 07:23:28 UTC 2026","passed","Fri Sep 18 07:23:30 UTC 2026","testcases.backoffice.currency.GetCurrencyTest","Surefire test","testcases.backoffice.currency.GetCurrencyTest","getCurrencyWithInvalidToken"
"Get Balance Merchant with Login Admin Crypto","4679","getFailedBalanceMerchantLoginAdminCrypto","Surefire suite","Fri Sep 18 05:46:13 UTC 2026","passed","Fri Sep 18 05:46:17 UTC 2026","testcases.balance.GetBalanceQrisTest","Surefire test","testcases.balance.GetBalanceQrisTest","getFailedBalanceMerchantLoginAdminCrypto"
"List Currency USDT Tanpa Login/Header Auth","1565","getCurrencyWithoutAuth","Surefire suite","Fri Sep 18 07:24:55 UTC 2026","passed","Fri Sep 18 07:24:56 UTC 2026","testcases.backoffice.currency.GetCurrencyTest","Surefire test","testcases.backoffice.currency.GetCurrencyTest","getCurrencyWithoutAuth"
"Create Manage Settlement BO Dengan Item companyList Tanpa companyId","4788","addManageSettlementWithoutCompanyId","Surefire suite","Fri Sep 18 07:10:49 UTC 2026","passed","Fri Sep 18 07:10:54 UTC 2026","testcases.backoffice.settlement.AddManageSettlementTest","Surefire test","testcases.backoffice.settlement.AddManageSettlementTest","addManageSettlementWithoutCompanyId"
"Get Notification Sender Dengan Body Kosong ({})","4782","getNotificationSenderWithEmptyBody","Surefire suite","Fri Sep 18 07:49:24 UTC 2026","passed","Fri Sep 18 07:49:29 UTC 2026","testcases.backoffice.notifsender.NotificationSenderTest","Surefire test","testcases.backoffice.notifsender.NotificationSenderTest","getNotificationSenderWithEmptyBody"
"Get Notification Sender Menggunakan Login Merchant","4772","getNotificationSenderWithMerchantLogin","Surefire suite","Fri Sep 18 07:51:19 UTC 2026","passed","Fri Sep 18 07:51:24 UTC 2026","testcases.backoffice.notifsender.NotificationSenderTest","Surefire test","testcases.backoffice.notifsender.NotificationSenderTest","getNotificationSenderWithMerchantLogin"
"Reset Password Marketing","4948","resetPasswordMarketing","Surefire suite","Fri Sep 18 06:52:44 UTC 2026","passed","Fri Sep 18 06:52:49 UTC 2026","testcases.settings.ResetPasswordTest","Surefire test","testcases.settings.ResetPasswordTest","resetPasswordMarketing"
"Transfer with Wrong Pin","23410","transferWrongPin","Surefire suite","Fri Sep 18 06:16:43 UTC 2026","passed","Fri Sep 18 06:17:07 UTC 2026","testcases.transfer.ManualTransferTest","Surefire test","testcases.transfer.ManualTransferTest","transferWrongPin"
"List Waiting Company Backoffice Menggunakan Login Admin Crypto","4784","listWaitingCompanyWithAdminCryptoLogin","Surefire suite","Fri Sep 18 07:25:56 UTC 2026","passed","Fri Sep 18 07:26:00 UTC 2026","testcases.backoffice.ListWaitingCompanyTest","Surefire test","testcases.backoffice.ListWaitingCompanyTest","listWaitingCompanyWithAdminCryptoLogin"
"List Currency USDT Menggunakan Login Admin Crypto","4949","getCurrencyWithAdminCryptoLogin","Surefire suite","Fri Sep 18 07:22:17 UTC 2026","passed","Fri Sep 18 07:22:22 UTC 2026","testcases.backoffice.currency.GetCurrencyTest","Surefire test","testcases.backoffice.currency.GetCurrencyTest","getCurrencyWithAdminCryptoLogin"
"Get Notification Sender Dengan Tipe Data Salah pada Field limit (String, Bukan Integer)","4662","getNotificationSenderWithInvalidFieldType","Surefire suite","Fri Sep 18 07:50:31 UTC 2026","passed","Fri Sep 18 07:50:35 UTC 2026","testcases.backoffice.notifsender.NotificationSenderTest","Surefire test","testcases.backoffice.notifsender.NotificationSenderTest","getNotificationSenderWithInvalidFieldType"
"Transfer Different Partner Reference, Manual Transfer to Transfer","1443","trfPartnerRefManualFailed","Surefire suite","Fri Sep 18 06:18:37 UTC 2026","broken","Fri Sep 18 06:18:38 UTC 2026","testcases.transfer.SpecialTransferTest","Surefire test","testcases.transfer.SpecialTransferTest","trfPartnerRefManualFailed"
"List Currency USDT Dengan Ukuran Halaman Sangat Besar","1927","getCurrencyWithHugeSize","Surefire suite","Fri Sep 18 07:23:14 UTC 2026","passed","Fri Sep 18 07:23:16 UTC 2026","testcases.backoffice.currency.GetCurrencyTest","Surefire test","testcases.backoffice.currency.GetCurrencyTest","getCurrencyWithHugeSize"
"Resend Google Authenticator Menggunakan Login Merchant","4816","resendOtpGoogleWithMerchantLogin","Surefire suite","Fri Sep 18 08:05:32 UTC 2026","passed","Fri Sep 18 08:05:37 UTC 2026","testcases.backoffice.googleauth.ResendOtpGoogleTest","Surefire test","testcases.backoffice.googleauth.ResendOtpGoogleTest","resendOtpGoogleWithMerchantLogin"
"Get Balance Merchant with Login Admin","4947","getBalanceAdmin","Surefire suite","Fri Sep 18 05:45:10 UTC 2026","passed","Fri Sep 18 05:45:14 UTC 2026","testcases.balance.GetBalanceQrisTest","Surefire test","testcases.balance.GetBalanceQrisTest","getBalanceAdmin"
"Create Manage Settlement BO Menggunakan Login Admin","4698","addManageSettlementWithAdminLogin","Surefire suite","Fri Sep 18 07:06:56 UTC 2026","passed","Fri Sep 18 07:07:01 UTC 2026","testcases.backoffice.settlement.AddManageSettlementTest","Surefire test","testcases.backoffice.settlement.AddManageSettlementTest","addManageSettlementWithAdminLogin"
"Mutasi Manual Transfer Supervisor CS","27712","mutasiManualTransferSupervisorCS","Surefire suite","Fri Sep 18 06:37:06 UTC 2026","passed","Fri Sep 18 06:37:34 UTC 2026","testcases.mutasi.MutasiTransferTest","Surefire test","testcases.mutasi.MutasiTransferTest","mutasiManualTransferSupervisorCS"
"Delete Group Backoffice Menggunakan HTTP Method PUT","1567","deleteGroupWithPutMethod","Surefire suite","Fri Sep 18 07:37:14 UTC 2026","passed","Fri Sep 18 07:37:15 UTC 2026","testcases.backoffice.group.DeleteGroupTest","Surefire test","testcases.backoffice.group.DeleteGroupTest","deleteGroupWithPutMethod"
"Get History Manual Transfer Supervisor on Login CS Admin","11994","historyManualTransferSupervisorTestCSAdmin","Surefire suite","Fri Sep 18 06:06:39 UTC 2026","passed","Fri Sep 18 06:06:51 UTC 2026","testcases.history.HistoryTransferTest","Surefire test","testcases.history.HistoryTransferTest","historyManualTransferSupervisorTestCSAdmin"
"Success Assignment USDT","13292","assignUSDTTest","Surefire suite","Fri Sep 18 05:57:13 UTC 2026","passed","Fri Sep 18 05:57:27 UTC 2026","testcases.backoffice.TransferAssignmentTest","Surefire test","testcases.backoffice.TransferAssignmentTest","assignUSDTTest"
"Create Manage Settlement BO Menggunakan Login Customer Service","4825","addManageSettlementWithCSLogin","Surefire suite","Fri Sep 18 07:07:20 UTC 2026","passed","Fri Sep 18 07:07:25 UTC 2026","testcases.backoffice.settlement.AddManageSettlementTest","Surefire test","testcases.backoffice.settlement.AddManageSettlementTest","addManageSettlementWithCSLogin"
"Get List Favorite Account Dengan page Melebihi Total Halaman","1544","getListFavoriteAccountWithPageBeyondTotalPages","Surefire suite","Fri Sep 18 06:56:48 UTC 2026","passed","Fri Sep 18 06:56:49 UTC 2026","testcases.settings.favoriteaccount.GetListFavoriteAccountTest","Surefire test","testcases.settings.favoriteaccount.GetListFavoriteAccountTest","getListFavoriteAccountWithPageBeyondTotalPages"
"Delete Google Authenticator Ke Path yang Tidak Ada (Typo)","4917","deleteOtpGoogleWithWrongPath","Surefire suite","Fri Sep 18 08:03:09 UTC 2026","passed","Fri Sep 18 08:03:14 UTC 2026","testcases.backoffice.googleauth.DeleteOtpGoogleTest","Surefire test","testcases.backoffice.googleauth.DeleteOtpGoogleTest","deleteOtpGoogleWithWrongPath"
"Mutasi Special Transfer Balance CS","26290","mutasiSpecialTransferBalanceCS","Surefire suite","Fri Sep 18 06:38:31 UTC 2026","passed","Fri Sep 18 06:38:57 UTC 2026","testcases.mutasi.MutasiTransferTest","Surefire test","testcases.mutasi.MutasiTransferTest","mutasiSpecialTransferBalanceCS"
"Mutasi USDT Transfer Balance","33421","mutasiUSDTTransferBalance","Surefire suite","Fri Sep 18 06:43:51 UTC 2026","passed","Fri Sep 18 06:44:25 UTC 2026","testcases.mutasi.MutasiTransferTest","Surefire test","testcases.mutasi.MutasiTransferTest","mutasiUSDTTransferBalance"
"Resend Google Authenticator Dengan Body Kosong ({}) - Tanpa email","4782","resendOtpGoogleWithEmptyBody","Surefire suite","Fri Sep 18 08:04:32 UTC 2026","passed","Fri Sep 18 08:04:37 UTC 2026","testcases.backoffice.googleauth.ResendOtpGoogleTest","Surefire test","testcases.backoffice.googleauth.ResendOtpGoogleTest","resendOtpGoogleWithEmptyBody"
"Get Balance Merchant with Login Admin Crypto","4931","getBalanceAdminLoginAdminCrypto","Surefire suite","Fri Sep 18 05:45:17 UTC 2026","passed","Fri Sep 18 05:45:22 UTC 2026","testcases.balance.GetBalanceQrisTest","Surefire test","testcases.balance.GetBalanceQrisTest","getBalanceAdminLoginAdminCrypto"
"Request Refund Transfer Admin Crypto","4959","refundTransferAdminCrypto","Surefire suite","Fri Sep 18 06:51:08 UTC 2026","failed","Fri Sep 18 06:51:13 UTC 2026","testcases.transfer.RefundTransferTest","Surefire test","testcases.transfer.RefundTransferTest","refundTransferAdminCrypto"
"Add Currency CS Admin Path Dengan Field Tidak Dikenal pada Body","1664","addCurrencyWithUnknownField","Surefire suite","Fri Sep 18 06:03:47 UTC 2026","broken","Fri Sep 18 06:03:48 UTC 2026","testcases.backoffice.currency.AddCurrencyTest","Surefire test","testcases.backoffice.currency.AddCurrencyTest","addCurrencyWithUnknownField"
"Delete Group Backoffice yang Sama Dipanggil Dua Kali (Sudah Terhapus)","20692","deleteGroupAlreadyDeleted","Surefire suite","Fri Sep 18 07:34:18 UTC 2026","passed","Fri Sep 18 07:34:39 UTC 2026","testcases.backoffice.group.DeleteGroupTest","Surefire test","testcases.backoffice.group.DeleteGroupTest","deleteGroupAlreadyDeleted"
"Reset Pin Customer Service","4999","resetPinCS","Surefire suite","Fri Sep 18 07:00:44 UTC 2026","passed","Fri Sep 18 07:00:49 UTC 2026","testcases.settings.ResetPinTest","Surefire test","testcases.settings.ResetPinTest","resetPinCS"
"Login Merchant dengan Username Kosong","2985","testLoginEmptyUsername","Surefire suite","Fri Sep 18 06:47:40 UTC 2026","failed","Fri Sep 18 06:47:43 UTC 2026","testcases.auth.LoginTest","Surefire test","testcases.auth.LoginTest","testLoginEmptyUsername"
"List Refund Menggunakan Login CS Admin","4752","listRefundWithCSAdminLogin","Surefire suite","Fri Sep 18 07:04:38 UTC 2026","passed","Fri Sep 18 07:04:43 UTC 2026","testcases.backoffice.ListRefundTest","Surefire test","testcases.backoffice.ListRefundTest","listRefundWithCSAdminLogin"
"Test Rejected Special Transfer Supervisor","11833","rejectedSpecialTransferSupervisor","Surefire suite","Fri Sep 18 05:53:51 UTC 2026","passed","Fri Sep 18 05:54:03 UTC 2026","testcases.backoffice.ApprovalTransferTest","Surefire test","testcases.backoffice.ApprovalTransferTest","rejectedSpecialTransferSupervisor"
"Add Group Backoffice Dengan Body Berupa Literal null","1650","addGroupWithNullLiteralBody","Surefire suite","Fri Sep 18 07:40:46 UTC 2026","passed","Fri Sep 18 07:40:48 UTC 2026","testcases.backoffice.group.AddGroupTest","Surefire test","testcases.backoffice.group.AddGroupTest","addGroupWithNullLiteralBody"
"Get List Group Backoffice Tanpa Field page","1663","getListGroupWithoutPageField","Surefire suite","Fri Sep 18 07:34:04 UTC 2026","failed","Fri Sep 18 07:34:06 UTC 2026","testcases.backoffice.group.GetListGroupTest","Surefire test","testcases.backoffice.group.GetListGroupTest","getListGroupWithoutPageField"
"Inquiry Test Flop Transfer Merchant Supervisor","5419","inquiryFlopTransferSupervisor","Surefire suite","Fri Sep 18 06:27:31 UTC 2026","passed","Fri Sep 18 06:27:37 UTC 2026","testcases.transfer.InquiryFlopTransferTest","Surefire test","testcases.transfer.InquiryFlopTransferTest","inquiryFlopTransferSupervisor"
"Delete Google Authenticator Menggunakan HTTP Method POST","4721","deleteOtpGoogleWithPostMethod","Surefire suite","Fri Sep 18 08:02:29 UTC 2026","passed","Fri Sep 18 08:02:34 UTC 2026","testcases.backoffice.googleauth.DeleteOtpGoogleTest","Surefire test","testcases.backoffice.googleauth.DeleteOtpGoogleTest","deleteOtpGoogleWithPostMethod"
"Get List Favorite Account Dengan Header Authorization Tanpa Skema Bearer","1445","getListFavoriteAccountWithMalformedAuthorizationHeader","Surefire suite","Fri Sep 18 06:56:25 UTC 2026","passed","Fri Sep 18 06:56:26 UTC 2026","testcases.settings.favoriteaccount.GetListFavoriteAccountTest","Surefire test","testcases.settings.favoriteaccount.GetListFavoriteAccountTest","getListFavoriteAccountWithMalformedAuthorizationHeader"
"Get Detail Waiting Company Backoffice Menggunakan Login CS Admin","5022","getDetailWaitingCompanyWithCSAdminLogin","Surefire suite","Fri Sep 18 07:42:27 UTC 2026","passed","Fri Sep 18 07:42:32 UTC 2026","testcases.backoffice.GetDetailWaitingCompanyTest","Surefire test","testcases.backoffice.GetDetailWaitingCompanyTest","getDetailWaitingCompanyWithCSAdminLogin"
"Create Manage Settlement BO Dengan Token Kadaluarsa","1548","addManageSettlementWithExpiredToken","Surefire suite","Fri Sep 18 07:08:12 UTC 2026","passed","Fri Sep 18 07:08:14 UTC 2026","testcases.backoffice.settlement.AddManageSettlementTest","Surefire test","testcases.backoffice.settlement.AddManageSettlementTest","addManageSettlementWithExpiredToken"
"Add Group Backoffice Dengan flagLock Bertipe String","1540","addGroupWithFlagLockAsString","Surefire suite","Fri Sep 18 07:39:54 UTC 2026","passed","Fri Sep 18 07:39:55 UTC 2026","testcases.backoffice.group.AddGroupTest","Surefire test","testcases.backoffice.group.AddGroupTest","addGroupWithFlagLockAsString"
"List Company Backoffice Tanpa Body Sama Sekali","4648","listCompanyWithoutBody","Surefire suite","Fri Sep 18 07:03:51 UTC 2026","passed","Fri Sep 18 07:03:56 UTC 2026","testcases.backoffice.ListCompanyTest","Surefire test","testcases.backoffice.ListCompanyTest","listCompanyWithoutBody"
"Get List Group Backoffice Menggunakan Login Admin Crypto","4686","getListGroupWithAdminCryptoLogin","Surefire suite","Fri Sep 18 07:31:07 UTC 2026","passed","Fri Sep 18 07:31:12 UTC 2026","testcases.backoffice.group.GetListGroupTest","Surefire test","testcases.backoffice.group.GetListGroupTest","getListGroupWithAdminCryptoLogin"
"Get Balance Merchant with Login Marketing","4579","getFailedBalanceMerchantLoginMarketing","Surefire suite","Fri Sep 18 05:46:20 UTC 2026","passed","Fri Sep 18 05:46:25 UTC 2026","testcases.balance.GetBalanceQrisTest","Surefire test","testcases.balance.GetBalanceQrisTest","getFailedBalanceMerchantLoginMarketing"
"Delete Group Backoffice Dengan name String Kosong","1529","deleteGroupWithEmptyName","Surefire suite","Fri Sep 18 07:35:49 UTC 2026","passed","Fri Sep 18 07:35:50 UTC 2026","testcases.backoffice.group.DeleteGroupTest","Surefire test","testcases.backoffice.group.DeleteGroupTest","deleteGroupWithEmptyName"
"Inquiry Favorite Account Dengan Body Kosong ({})","1658","inquiryFavoriteAccountWithEmptyBody","Surefire suite","Fri Sep 18 06:53:55 UTC 2026","passed","Fri Sep 18 06:53:57 UTC 2026","testcases.settings.favoriteaccount.InquiryFavoriteAccountTest","Surefire test","testcases.settings.favoriteaccount.InquiryFavoriteAccountTest","inquiryFavoriteAccountWithEmptyBody"
"Get History Transfer Supervisor on Login CS Admin","12096","historyTransferSupervisorTestCSAdmin","Surefire suite","Fri Sep 18 06:10:27 UTC 2026","passed","Fri Sep 18 06:10:39 UTC 2026","testcases.history.HistoryTransferTest","Surefire test","testcases.history.HistoryTransferTest","historyTransferSupervisorTestCSAdmin"
"Get History Special Transfer Test CS","11885","historySpecialTransferTestCS","Surefire suite","Fri Sep 18 06:09:30 UTC 2026","passed","Fri Sep 18 06:09:42 UTC 2026","testcases.history.HistoryTransferTest","Surefire test","testcases.history.HistoryTransferTest","historySpecialTransferTestCS"
"Refund Summary Dengan Body Berupa Literal null","1525","getRefundWithNullLiteralBody","Surefire suite","Fri Sep 18 07:46:53 UTC 2026","passed","Fri Sep 18 07:46:54 UTC 2026","testcases.backoffice.refund.GetRefundTest","Surefire test","testcases.backoffice.refund.GetRefundTest","getRefundWithNullLiteralBody"
"Get History Manual Transfer Test Admin","11555","historyManualTransferTestAdmin","Surefire suite","Fri Sep 18 06:07:06 UTC 2026","passed","Fri Sep 18 06:07:17 UTC 2026","testcases.history.HistoryTransferTest","Surefire test","testcases.history.HistoryTransferTest","historyManualTransferTestAdmin"
"Get List Google Authenticator Dengan Body JSON Tidak Valid (Malformed)","4642","listOtpGoogleWithMalformedJson","Surefire suite","Fri Sep 18 07:58:25 UTC 2026","passed","Fri Sep 18 07:58:29 UTC 2026","testcases.backoffice.googleauth.ListOtpGoogleTest","Surefire test","testcases.backoffice.googleauth.ListOtpGoogleTest","listOtpGoogleWithMalformedJson"
"Get List Group Backoffice Tanpa Login/Header Auth","1540","getListGroupWithoutAuth","Surefire suite","Fri Sep 18 07:33:55 UTC 2026","passed","Fri Sep 18 07:33:57 UTC 2026","testcases.backoffice.group.GetListGroupTest","Surefire test","testcases.backoffice.group.GetListGroupTest","getListGroupWithoutAuth"
"Inquiry Favorite Account Tanpa Field beneficiaryAccountNo","1660","inquiryFavoriteAccountWithoutBeneficiaryAccountNoField","Surefire suite","Fri Sep 18 06:55:13 UTC 2026","passed","Fri Sep 18 06:55:15 UTC 2026","testcases.settings.favoriteaccount.InquiryFavoriteAccountTest","Surefire test","testcases.settings.favoriteaccount.InquiryFavoriteAccountTest","inquiryFavoriteAccountWithoutBeneficiaryAccountNoField"
"Delete Group Backoffice Dengan Content-Type text/plain","1588","deleteGroupWithWrongContentType","Surefire suite","Fri Sep 18 07:37:40 UTC 2026","passed","Fri Sep 18 07:37:42 UTC 2026","testcases.backoffice.group.DeleteGroupTest","Surefire test","testcases.backoffice.group.DeleteGroupTest","deleteGroupWithWrongContentType"
"Inquiry Test Manual Transfer Merchant Supervisor","4944","inquiryManualTransferSupervisor","Surefire suite","Fri Sep 18 06:27:15 UTC 2026","passed","Fri Sep 18 06:27:20 UTC 2026","testcases.transfer.InquiryManualTransferTest","Surefire test","testcases.transfer.InquiryManualTransferTest","inquiryManualTransferSupervisor"
"Refund Summary Dengan Body JSON Tidak Valid (Malformed)","1607","getRefundWithMalformedJson","Surefire suite","Fri Sep 18 07:46:32 UTC 2026","passed","Fri Sep 18 07:46:34 UTC 2026","testcases.backoffice.refund.GetRefundTest","Surefire test","testcases.backoffice.refund.GetRefundTest","getRefundWithMalformedJson"
"Add Whitelist Ip User CS Admin","4763","addWhitelistIpUserCsAdmin","Surefire suite","Fri Sep 18 05:57:46 UTC 2026","passed","Fri Sep 18 05:57:51 UTC 2026","testcases.backoffice.users.EditUserTest","Surefire test","testcases.backoffice.users.EditUserTest","addWhitelistIpUserCsAdmin"
"Inquiry Test USDT Transfer Merchant Supervisor","4792","inquiryUSDTSupervisor","Surefire suite","Fri Sep 18 06:28:04 UTC 2026","passed","Fri Sep 18 06:28:09 UTC 2026","testcases.transfer.InquiryUSDTTest","Surefire test","testcases.transfer.InquiryUSDTTest","inquiryUSDTSupervisor"
"Get List Google Authenticator Menggunakan HTTP Method PATCH","4715","listOtpGoogleWithPatchMethod","Surefire suite","Fri Sep 18 07:59:11 UTC 2026","passed","Fri Sep 18 07:59:16 UTC 2026","testcases.backoffice.googleauth.ListOtpGoogleTest","Surefire test","testcases.backoffice.googleauth.ListOtpGoogleTest","listOtpGoogleWithPatchMethod"
"Get List Favorite Account CS","4656","getListFavoriteAccountCS","Surefire suite","Fri Sep 18 06:55:39 UTC 2026","failed","Fri Sep 18 06:55:44 UTC 2026","testcases.settings.favoriteaccount.GetListFavoriteAccountTest","Surefire test","testcases.settings.favoriteaccount.GetListFavoriteAccountTest","getListFavoriteAccountCS"
"Get Notification Sender Dengan pinValidasi Kosong","4857","getNotificationSenderWithEmptyPinValidasi","Surefire suite","Fri Sep 18 07:49:32 UTC 2026","passed","Fri Sep 18 07:49:37 UTC 2026","testcases.backoffice.notifsender.NotificationSenderTest","Surefire test","testcases.backoffice.notifsender.NotificationSenderTest","getNotificationSenderWithEmptyPinValidasi"
"Created Favorite Account Menggunakan HTTP Method GET","1539","createdFavoriteAccountWithGetMethod","Surefire suite","Fri Sep 18 06:58:52 UTC 2026","passed","Fri Sep 18 06:58:53 UTC 2026","testcases.settings.favoriteaccount.CreatedFavoriteAccountTest","Surefire test","testcases.settings.favoriteaccount.CreatedFavoriteAccountTest","createdFavoriteAccountWithGetMethod"
"Delete session Merchant on Backoffice","4637","deleteSessionBackoffice","Surefire suite","Fri Sep 18 05:57:54 UTC 2026","passed","Fri Sep 18 05:57:58 UTC 2026","testcases.backoffice.users.EditUserTest","Surefire test","testcases.backoffice.users.EditUserTest","deleteSessionBackoffice"
"Delete Google Authenticator Dengan id Berisi Payload XSS","5010","deleteOtpGoogleWithXssId","Surefire suite","Fri Sep 18 08:03:17 UTC 2026","passed","Fri Sep 18 08:03:22 UTC 2026","testcases.backoffice.googleauth.DeleteOtpGoogleTest","Surefire test","testcases.backoffice.googleauth.DeleteOtpGoogleTest","deleteOtpGoogleWithXssId"
"Login Merchant dengan Username Tidak Terdaftar","2954","testLoginNonExistentUsername","Surefire suite","Fri Sep 18 06:48:17 UTC 2026","passed","Fri Sep 18 06:48:19 UTC 2026","testcases.auth.LoginTest","Surefire test","testcases.auth.LoginTest","testLoginNonExistentUsername"
"Get List Favorite Account Menggunakan HTTP Method DELETE","1545","getListFavoriteAccountWithDeleteMethod","Surefire suite","Fri Sep 18 06:56:02 UTC 2026","passed","Fri Sep 18 06:56:04 UTC 2026","testcases.settings.favoriteaccount.GetListFavoriteAccountTest","Surefire test","testcases.settings.favoriteaccount.GetListFavoriteAccountTest","getListFavoriteAccountWithDeleteMethod"
"Add Currency CS Admin Path Dengan Karakter SQL Injection pada rate","1606","addCurrencyWithSqlInjectionRate","Surefire suite","Fri Sep 18 06:03:28 UTC 2026","broken","Fri Sep 18 06:03:29 UTC 2026","testcases.backoffice.currency.AddCurrencyTest","Surefire test","testcases.backoffice.currency.AddCurrencyTest","addCurrencyWithSqlInjectionRate"
"List Company Backoffice Dengan Page/Size Negatif - Menemukan Bug Gateway Timeout","4804","listCompanyWithNegativePageSize","Surefire suite","Fri Sep 18 07:03:16 UTC 2026","passed","Fri Sep 18 07:03:20 UTC 2026","testcases.backoffice.ListCompanyTest","Surefire test","testcases.backoffice.ListCompanyTest","listCompanyWithNegativePageSize"
"Created Favorite Account Menggunakan HTTP Method PUT","1508","createdFavoriteAccountWithPutMethod","Surefire suite","Fri Sep 18 06:59:19 UTC 2026","passed","Fri Sep 18 06:59:20 UTC 2026","testcases.settings.favoriteaccount.CreatedFavoriteAccountTest","Surefire test","testcases.settings.favoriteaccount.CreatedFavoriteAccountTest","createdFavoriteAccountWithPutMethod"
"Get List Group Backoffice Dengan Token Kadaluarsa","1534","getListGroupWithExpiredToken","Surefire suite","Fri Sep 18 07:32:00 UTC 2026","passed","Fri Sep 18 07:32:01 UTC 2026","testcases.backoffice.group.GetListGroupTest","Surefire test","testcases.backoffice.group.GetListGroupTest","getListGroupWithExpiredToken"
"Resend Google Authenticator Dengan email Berupa Angka (Bukan String)","4989","resendOtpGoogleWithNumericEmail","Surefire suite","Fri Sep 18 08:06:04 UTC 2026","passed","Fri Sep 18 08:06:09 UTC 2026","testcases.backoffice.googleauth.ResendOtpGoogleTest","Surefire test","testcases.backoffice.googleauth.ResendOtpGoogleTest","resendOtpGoogleWithNumericEmail"
"Created Favorite Account Customer Service","8110","createdFavoriteAccountCS","Surefire suite","Fri Sep 18 06:58:04 UTC 2026","passed","Fri Sep 18 06:58:12 UTC 2026","testcases.settings.favoriteaccount.CreatedFavoriteAccountTest","Surefire test","testcases.settings.favoriteaccount.CreatedFavoriteAccountTest","createdFavoriteAccountCS"
"List Refund Dengan Ukuran Halaman Sangat Besar","5159","listRefundWithHugeSize","Surefire suite","Fri Sep 18 07:05:01 UTC 2026","passed","Fri Sep 18 07:05:07 UTC 2026","testcases.backoffice.ListRefundTest","Surefire test","testcases.backoffice.ListRefundTest","listRefundWithHugeSize"
"List User Backoffice Menggunakan Login Supervisor","4829","listUsersWithSupervisorLogin","Surefire suite","Fri Sep 18 07:56:17 UTC 2026","passed","Fri Sep 18 07:56:22 UTC 2026","testcases.backoffice.users.ListUsersTest","Surefire test","testcases.backoffice.users.ListUsersTest","listUsersWithSupervisorLogin"
"Create Manage Settlement BO Dengan companyId Duplikat (Sudah Terdaftar)","10853","addManageSettlementWithDuplicateCompanyId","Surefire suite","Fri Sep 18 07:07:35 UTC 2026","passed","Fri Sep 18 07:07:46 UTC 2026","testcases.backoffice.settlement.AddManageSettlementTest","Surefire test","testcases.backoffice.settlement.AddManageSettlementTest","addManageSettlementWithDuplicateCompanyId"
"Delete Manage Settlement BO Dengan Format id Tidak Valid (Bukan ObjectId)","4750","deleteManageSettlementWithMalformedId","Surefire suite","Fri Sep 18 07:12:51 UTC 2026","passed","Fri Sep 18 07:12:55 UTC 2026","testcases.backoffice.settlement.DeleteManageSettlementTest","Surefire test","testcases.backoffice.settlement.DeleteManageSettlementTest","deleteManageSettlementWithMalformedId"
"Get List Google Authenticator Dengan Sort Tanpa Operator '=='","4796","listOtpGoogleWithMalformedSortOperator","Surefire suite","Fri Sep 18 07:58:32 UTC 2026","passed","Fri Sep 18 07:58:37 UTC 2026","testcases.backoffice.googleauth.ListOtpGoogleTest","Surefire test","testcases.backoffice.googleauth.ListOtpGoogleTest","listOtpGoogleWithMalformedSortOperator"
"List Manage Settlement Backoffice Ke Path yang Tidak Ada (Typo)","4988","listManageSettlementWithWrongPath","Surefire suite","Fri Sep 18 07:18:14 UTC 2026","passed","Fri Sep 18 07:18:19 UTC 2026","testcases.backoffice.settlement.ManageSettlementTest","Surefire test","testcases.backoffice.settlement.ManageSettlementTest","listManageSettlementWithWrongPath"
"Reset Password CS Admin","5334","resetPasswordCSAdmin","Surefire suite","Fri Sep 18 06:52:28 UTC 2026","passed","Fri Sep 18 06:52:33 UTC 2026","testcases.settings.ResetPasswordTest","Surefire test","testcases.settings.ResetPasswordTest","resetPasswordCSAdmin"
"Test Approved Manual Transfer Supervisor","17837","approvedCashDepositSupervisor","Surefire suite","Fri Sep 18 05:48:51 UTC 2026","passed","Fri Sep 18 05:49:09 UTC 2026","testcases.backoffice.ApprovalTransferTest","Surefire test","testcases.backoffice.ApprovalTransferTest","approvedCashDepositSupervisor"
"Delete Group Backoffice Tanpa Body Sama Sekali","1521","deleteGroupWithoutBody","Surefire suite","Fri Sep 18 07:38:03 UTC 2026","passed","Fri Sep 18 07:38:04 UTC 2026","testcases.backoffice.group.DeleteGroupTest","Surefire test","testcases.backoffice.group.DeleteGroupTest","deleteGroupWithoutBody"
"Inquiry Favorite Account Merchant","4948","inquiryFavoriteAccountMerchant","Surefire suite","Fri Sep 18 06:53:19 UTC 2026","passed","Fri Sep 18 06:53:24 UTC 2026","testcases.settings.favoriteaccount.InquiryFavoriteAccountTest","Surefire test","testcases.settings.favoriteaccount.InquiryFavoriteAccountTest","inquiryFavoriteAccountMerchant"
"Created Favorite Account Supervisor","8087","createdFavoriteAccountSupervisor","Surefire suite","Fri Sep 18 06:58:15 UTC 2026","passed","Fri Sep 18 06:58:23 UTC 2026","testcases.settings.favoriteaccount.CreatedFavoriteAccountTest","Surefire test","testcases.settings.favoriteaccount.CreatedFavoriteAccountTest","createdFavoriteAccountSupervisor"
"Add Group Backoffice Menggunakan HTTP Method DELETE","1627","addGroupWithDeleteMethod","Surefire suite","Fri Sep 18 07:39:08 UTC 2026","passed","Fri Sep 18 07:39:09 UTC 2026","testcases.backoffice.group.AddGroupTest","Surefire test","testcases.backoffice.group.AddGroupTest","addGroupWithDeleteMethod"
"Created Favorite Account Ke Path yang Tidak Ada (Typo)","1740","createdFavoriteAccountWithWrongPath","Surefire suite","Fri Sep 18 06:59:42 UTC 2026","passed","Fri Sep 18 06:59:43 UTC 2026","testcases.settings.favoriteaccount.CreatedFavoriteAccountTest","Surefire test","testcases.settings.favoriteaccount.CreatedFavoriteAccountTest","createdFavoriteAccountWithWrongPath"
"Get List Group Backoffice Menggunakan Login Marketing","4660","getListGroupWithMarketingLogin","Surefire suite","Fri Sep 18 07:32:27 UTC 2026","passed","Fri Sep 18 07:32:32 UTC 2026","testcases.backoffice.group.GetListGroupTest","Surefire test","testcases.backoffice.group.GetListGroupTest","getListGroupWithMarketingLogin"
"Delete Group Ke Path yang Tidak Ada (Typo)","1558","deleteGroupWithWrongPath","Surefire suite","Fri Sep 18 07:37:45 UTC 2026","passed","Fri Sep 18 07:37:46 UTC 2026","testcases.backoffice.group.DeleteGroupTest","Surefire test","testcases.backoffice.group.DeleteGroupTest","deleteGroupWithWrongPath"
"Delete Group Backoffice Dengan Body Kosong ({})","1589","deleteGroupWithEmptyBody","Surefire suite","Fri Sep 18 07:35:39 UTC 2026","passed","Fri Sep 18 07:35:41 UTC 2026","testcases.backoffice.group.DeleteGroupTest","Surefire test","testcases.backoffice.group.DeleteGroupTest","deleteGroupWithEmptyBody"
"Get Notification Sender Dengan Page/Size Negatif","4911","getNotificationSenderWithNegativePageSize","Surefire suite","Fri Sep 18 07:51:27 UTC 2026","passed","Fri Sep 18 07:51:32 UTC 2026","testcases.backoffice.notifsender.NotificationSenderTest","Surefire test","testcases.backoffice.notifsender.NotificationSenderTest","getNotificationSenderWithNegativePageSize"
"Get History QR Admin","9478","historyQRTestAdmin","Surefire suite","Fri Sep 18 06:14:21 UTC 2026","passed","Fri Sep 18 06:14:31 UTC 2026","testcases.history.HistoryQRTest","Surefire test","testcases.history.HistoryQRTest","historyQRTestAdmin"
"Get History Transfer Test Supervisor","8731","historyTransferTestSupervisor","Surefire suite","Fri Sep 18 06:11:36 UTC 2026","passed","Fri Sep 18 06:11:45 UTC 2026","testcases.history.HistoryTransferTest","Surefire test","testcases.history.HistoryTransferTest","historyTransferTestSupervisor"
"Mutasi Transfer Balance CS","13804","mutasiTransferBalanceCS","Surefire suite","Fri Sep 18 06:41:51 UTC 2026","passed","Fri Sep 18 06:42:05 UTC 2026","testcases.mutasi.MutasiTransferTest","Surefire test","testcases.mutasi.MutasiTransferTest","mutasiTransferBalanceCS"
"Get List Group Company BO Dengan groupName Tidak Terdaftar","4792","getListGroupCompanyWithNonExistentGroupName","Surefire suite","Fri Sep 18 07:20:28 UTC 2026","passed","Fri Sep 18 07:20:32 UTC 2026","testcases.backoffice.settlement.GetListGroupCompanyTest","Surefire test","testcases.backoffice.settlement.GetListGroupCompanyTest","getListGroupCompanyWithNonExistentGroupName"
"Delete Manage Settlement BO Dengan id Milik Entitas Lain (Group Id)","4604","deleteManageSettlementWithForeignEntityId","Surefire suite","Fri Sep 18 07:12:34 UTC 2026","passed","Fri Sep 18 07:12:39 UTC 2026","testcases.backoffice.settlement.DeleteManageSettlementTest","Surefire test","testcases.backoffice.settlement.DeleteManageSettlementTest","deleteManageSettlementWithForeignEntityId"
"Delete Group Backoffice Menggunakan Login Admin","4884","deleteGroupWithAdminLogin","Surefire suite","Fri Sep 18 07:35:07 UTC 2026","passed","Fri Sep 18 07:35:12 UTC 2026","testcases.backoffice.group.DeleteGroupTest","Surefire test","testcases.backoffice.group.DeleteGroupTest","deleteGroupWithAdminLogin"
"Get History Flop Transfer Test Admin","13530","historyFlopTransferTestAdmin","Surefire suite","Fri Sep 18 06:05:26 UTC 2026","passed","Fri Sep 18 06:05:40 UTC 2026","testcases.history.HistoryTransferTest","Surefire test","testcases.history.HistoryTransferTest","historyFlopTransferTestAdmin"
"Success Login Group","3177","testLoginGroup","Surefire suite","Fri Sep 18 06:47:46 UTC 2026","passed","Fri Sep 18 06:47:49 UTC 2026","testcases.auth.LoginTest","Surefire test","testcases.auth.LoginTest","testLoginGroup"
"Transfer Different Parner Reference Supervisor, USDT Transfer to Transfer","21484","trfPartnerRefUSDTSpvFailed","Surefire suite","Fri Sep 18 06:22:36 UTC 2026","passed","Fri Sep 18 06:22:58 UTC 2026","testcases.transfer.TransferTest","Surefire test","testcases.transfer.TransferTest","trfPartnerRefUSDTSpvFailed"
"Test Approved USDT","18059","approvedUSDTAdminCrypto","Surefire suite","Fri Sep 18 05:51:02 UTC 2026","passed","Fri Sep 18 05:51:20 UTC 2026","testcases.backoffice.ApprovalTransferTest","Surefire test","testcases.backoffice.ApprovalTransferTest","approvedUSDTAdminCrypto"
"Delete Google Authenticator Dengan id Sangat Panjang (10.000 karakter)","4720","deleteOtpGoogleWithOverlongId","Surefire suite","Fri Sep 18 08:02:14 UTC 2026","passed","Fri Sep 18 08:02:19 UTC 2026","testcases.backoffice.googleauth.DeleteOtpGoogleTest","Surefire test","testcases.backoffice.googleauth.DeleteOtpGoogleTest","deleteOtpGoogleWithOverlongId"
"Generate QR Success with before and after Balance","12278","generateQRTestPaidBalance","Surefire suite","Fri Sep 18 06:30:05 UTC 2026","passed","Fri Sep 18 06:30:17 UTC 2026","testcases.QR.GenerateQRPaidTest","Surefire test","testcases.QR.GenerateQRPaidTest","generateQRTestPaidBalance"
"Created Favorite Account Tanpa Body Sama Sekali","1493","createdFavoriteAccountWithoutBody","Surefire suite","Fri Sep 18 07:00:05 UTC 2026","passed","Fri Sep 18 07:00:07 UTC 2026","testcases.settings.favoriteaccount.CreatedFavoriteAccountTest","Surefire test","testcases.settings.favoriteaccount.CreatedFavoriteAccountTest","createdFavoriteAccountWithoutBody"
"Mutasi Special Transfer Supervisor CS","22042","mutasiSpecialTransferSupervisorCS","Surefire suite","Fri Sep 18 06:40:50 UTC 2026","passed","Fri Sep 18 06:41:12 UTC 2026","testcases.mutasi.MutasiTransferTest","Surefire test","testcases.mutasi.MutasiTransferTest","mutasiSpecialTransferSupervisorCS"
"Create Manage Settlement BO Dengan groupName Sangat Panjang (10.000 karakter)","4633","addManageSettlementWithOverlongGroupName","Surefire suite","Fri Sep 18 07:09:35 UTC 2026","passed","Fri Sep 18 07:09:39 UTC 2026","testcases.backoffice.settlement.AddManageSettlementTest","Surefire test","testcases.backoffice.settlement.AddManageSettlementTest","addManageSettlementWithOverlongGroupName"
"Delete Group Backoffice Dengan Header Authorization Tanpa Skema Bearer","1496","deleteGroupWithMalformedAuthorizationHeader","Surefire suite","Fri Sep 18 07:36:16 UTC 2026","passed","Fri Sep 18 07:36:17 UTC 2026","testcases.backoffice.group.DeleteGroupTest","Surefire test","testcases.backoffice.group.DeleteGroupTest","deleteGroupWithMalformedAuthorizationHeader"
"List Currency USDT Dengan Tipe Data Salah pada Field limit (String, Bukan Integer)","1588","getCurrencyWithInvalidFieldType","Surefire suite","Fri Sep 18 07:23:19 UTC 2026","passed","Fri Sep 18 07:23:21 UTC 2026","testcases.backoffice.currency.GetCurrencyTest","Surefire test","testcases.backoffice.currency.GetCurrencyTest","getCurrencyWithInvalidFieldType"
"Get List Favorite Account Dengan Token Kadaluarsa","1546","getListFavoriteAccountWithExpiredToken","Surefire suite","Fri Sep 18 06:56:11 UTC 2026","passed","Fri Sep 18 06:56:13 UTC 2026","testcases.settings.favoriteaccount.GetListFavoriteAccountTest","Surefire test","testcases.settings.favoriteaccount.GetListFavoriteAccountTest","getListFavoriteAccountWithExpiredToken"
"Request Refund Transfer Merchant","4831","refundTransferMerchant","Surefire suite","Fri Sep 18 06:51:24 UTC 2026","passed","Fri Sep 18 06:51:29 UTC 2026","testcases.transfer.RefundTransferTest","Surefire test","testcases.transfer.RefundTransferTest","refundTransferMerchant"
"List Manage Settlement Backoffice Menggunakan Login Admin Crypto","4729","listManageSettlementWithAdminCryptoLogin","Surefire suite","Fri Sep 18 07:15:03 UTC 2026","passed","Fri Sep 18 07:15:08 UTC 2026","testcases.backoffice.settlement.ManageSettlementTest","Surefire test","testcases.backoffice.settlement.ManageSettlementTest","listManageSettlementWithAdminCryptoLogin"
"Get History Manual Transfer Test Supervisor","8713","historyManualTransferTestSupervisor","Surefire suite","Fri Sep 18 06:08:01 UTC 2026","passed","Fri Sep 18 06:08:09 UTC 2026","testcases.history.HistoryTransferTest","Surefire test","testcases.history.HistoryTransferTest","historyManualTransferTestSupervisor"
"Get User Backoffice Menggunakan Login Admin Crypto","4538","getUserWithAdminCryptoLogin","Surefire suite","Fri Sep 18 06:00:14 UTC 2026","passed","Fri Sep 18 06:00:18 UTC 2026","testcases.backoffice.GetDashboardTest","Surefire test","testcases.backoffice.GetDashboardTest","getUserWithAdminCryptoLogin"
"Special Transfer Success with before and after Balance","1451","specialTransferSupervisor","Surefire suite","Fri Sep 18 06:18:23 UTC 2026","broken","Fri Sep 18 06:18:25 UTC 2026","testcases.transfer.SpecialTransferTest","Surefire test","testcases.transfer.SpecialTransferTest","specialTransferSupervisor"
"Add Currency CS Admin Path Dengan rate Sangat Besar (Overflow)","1549","addCurrencyWithHugeRate","Surefire suite","Fri Sep 18 06:02:12 UTC 2026","passed","Fri Sep 18 06:02:14 UTC 2026","testcases.backoffice.currency.AddCurrencyTest","Surefire test","testcases.backoffice.currency.AddCurrencyTest","addCurrencyWithHugeRate"
"Resend Google Authenticator Menggunakan Login Customer Service","4680","resendOtpGoogleWithCSLogin","Surefire suite","Fri Sep 18 08:04:16 UTC 2026","passed","Fri Sep 18 08:04:21 UTC 2026","testcases.backoffice.googleauth.ResendOtpGoogleTest","Surefire test","testcases.backoffice.googleauth.ResendOtpGoogleTest","resendOtpGoogleWithCSLogin"
"Add Group Backoffice Dengan Karakter SQL Injection pada name","1561","addGroupWithSqlInjectionName","Surefire suite","Fri Sep 18 07:41:09 UTC 2026","passed","Fri Sep 18 07:41:10 UTC 2026","testcases.backoffice.group.AddGroupTest","Surefire test","testcases.backoffice.group.AddGroupTest","addGroupWithSqlInjectionName"
"Create Manage Settlement BO Tanpa Body Sama Sekali","4604","addManageSettlementWithoutBody","Surefire suite","Fri Sep 18 07:10:42 UTC 2026","passed","Fri Sep 18 07:10:46 UTC 2026","testcases.backoffice.settlement.AddManageSettlementTest","Surefire test","testcases.backoffice.settlement.AddManageSettlementTest","addManageSettlementWithoutBody"
"Add Currency CS Admin Path Dengan rate Berupa JSON Object","1482","addCurrencyWithObjectRate","Surefire suite","Fri Sep 18 06:03:09 UTC 2026","passed","Fri Sep 18 06:03:10 UTC 2026","testcases.backoffice.currency.AddCurrencyTest","Surefire test","testcases.backoffice.currency.AddCurrencyTest","addCurrencyWithObjectRate"
"Get List Google Authenticator Dengan Token Tidak Valid","1547","listOtpGoogleWithInvalidToken","Surefire suite","Fri Sep 18 07:58:15 UTC 2026","passed","Fri Sep 18 07:58:17 UTC 2026","testcases.backoffice.googleauth.ListOtpGoogleTest","Surefire test","testcases.backoffice.googleauth.ListOtpGoogleTest","listOtpGoogleWithInvalidToken"
"Get History Special Transfer Merchant on Login CS Admin","11931","historySpecialTransferMerchantTestCSAdmin","Surefire suite","Fri Sep 18 06:08:22 UTC 2026","passed","Fri Sep 18 06:08:34 UTC 2026","testcases.history.HistoryTransferTest","Surefire test","testcases.history.HistoryTransferTest","historySpecialTransferMerchantTestCSAdmin"
"List Manage Settlement Backoffice Dengan Token Tidak Valid","1525","listManageSettlementWithInvalidToken","Surefire suite","Fri Sep 18 07:16:32 UTC 2026","passed","Fri Sep 18 07:16:34 UTC 2026","testcases.backoffice.settlement.ManageSettlementTest","Surefire test","testcases.backoffice.settlement.ManageSettlementTest","listManageSettlementWithInvalidToken"
"Transfer Different Partner Reference, Special Transfer to Transfer","21463","trfPartnerRefSpecialFailed","Surefire suite","Fri Sep 18 06:21:23 UTC 2026","passed","Fri Sep 18 06:21:44 UTC 2026","testcases.transfer.TransferTest","Surefire test","testcases.transfer.TransferTest","trfPartnerRefSpecialFailed"
"Delete Manage Settlement BO Menggunakan HTTP Method DELETE","4576","deleteManageSettlementWithDeleteMethod","Surefire suite","Fri Sep 18 07:12:14 UTC 2026","passed","Fri Sep 18 07:12:19 UTC 2026","testcases.backoffice.settlement.DeleteManageSettlementTest","Surefire test","testcases.backoffice.settlement.DeleteManageSettlementTest","deleteManageSettlementWithDeleteMethod"
"Get Group Detail Backoffice Dengan Token Tidak Valid","1491","getGroupDetailWithInvalidToken","Surefire suite","Fri Sep 18 07:29:12 UTC 2026","passed","Fri Sep 18 07:29:14 UTC 2026","testcases.backoffice.group.GetGroupTest","Surefire test","testcases.backoffice.group.GetGroupTest","getGroupDetailWithInvalidToken"
"Get History Special Transfer Test Admin Crypto","8502","historySpecialTransferTestAdminCrypto","Surefire suite","Fri Sep 18 06:09:18 UTC 2026","passed","Fri Sep 18 06:09:27 UTC 2026","testcases.history.HistoryTransferTest","Surefire test","testcases.history.HistoryTransferTest","historySpecialTransferTestAdminCrypto"
"Inquiry Favorite Account Dengan beneficiaryAccountNo String Kosong","1631","inquiryFavoriteAccountWithEmptyBeneficiaryAccountNo","Surefire suite","Fri Sep 18 06:53:50 UTC 2026","passed","Fri Sep 18 06:53:52 UTC 2026","testcases.settings.favoriteaccount.InquiryFavoriteAccountTest","Surefire test","testcases.settings.favoriteaccount.InquiryFavoriteAccountTest","inquiryFavoriteAccountWithEmptyBeneficiaryAccountNo"
"List User Backoffice Dengan Tipe Data Salah pada Field Limit (String, Bukan Integer)","4839","listUsersWithInvalidFieldType","Surefire suite","Fri Sep 18 07:55:18 UTC 2026","passed","Fri Sep 18 07:55:23 UTC 2026","testcases.backoffice.users.ListUsersTest","Surefire test","testcases.backoffice.users.ListUsersTest","listUsersWithInvalidFieldType"
"Transfer Different Partner Reference, Transfer to Manual Transfer","21530","trfPartnerRefTransferFailed","Surefire suite","Fri Sep 18 06:17:34 UTC 2026","passed","Fri Sep 18 06:17:55 UTC 2026","testcases.transfer.ManualTransferTest","Surefire test","testcases.transfer.ManualTransferTest","trfPartnerRefTransferFailed"
"Delete Manage Settlement BO Dengan Header id Kosong","4770","deleteManageSettlementWithEmptyIdHeader","Surefire suite","Fri Sep 18 07:12:22 UTC 2026","passed","Fri Sep 18 07:12:27 UTC 2026","testcases.backoffice.settlement.DeleteManageSettlementTest","Surefire test","testcases.backoffice.settlement.DeleteManageSettlementTest","deleteManageSettlementWithEmptyIdHeader"
"Normal Flop Supervisor Transfer Success","8599","flopTransferSupervisor","Surefire suite","Fri Sep 18 06:24:04 UTC 2026","passed","Fri Sep 18 06:24:12 UTC 2026","testcases.transfer.TransferFlopTest","Surefire test","testcases.transfer.TransferFlopTest","flopTransferSupervisor"
"Add Group Backoffice Tanpa Field name","1564","addGroupWithoutNameField","Surefire suite","Fri Sep 18 07:42:02 UTC 2026","passed","Fri Sep 18 07:42:03 UTC 2026","testcases.backoffice.group.AddGroupTest","Surefire test","testcases.backoffice.group.AddGroupTest","addGroupWithoutNameField"
"Refund Summary Tanpa Field endDate","1662","getRefundWithoutEndDate","Surefire suite","Fri Sep 18 07:48:09 UTC 2026","passed","Fri Sep 18 07:48:11 UTC 2026","testcases.backoffice.refund.GetRefundTest","Surefire test","testcases.backoffice.refund.GetRefundTest","getRefundWithoutEndDate"
"Add Group Backoffice","4716","addGroupBO","Surefire suite","Fri Sep 18 07:38:21 UTC 2026","passed","Fri Sep 18 07:38:26 UTC 2026","testcases.backoffice.group.AddGroupTest","Surefire test","testcases.backoffice.group.AddGroupTest","addGroupBO"
"Resend Google Authenticator Dengan Token Backoffice Valid Tapi Tanpa Header pbyv","4747","resendOtpGoogleWithoutPbyvHeader","Surefire suite","Fri Sep 18 08:07:35 UTC 2026","passed","Fri Sep 18 08:07:40 UTC 2026","testcases.backoffice.googleauth.ResendOtpGoogleTest","Surefire test","testcases.backoffice.googleauth.ResendOtpGoogleTest","resendOtpGoogleWithoutPbyvHeader"
"Mutasi Manual Transfer Balance","33773","mutasiManualTransferBalanceSupervisor","Surefire suite","Fri Sep 18 06:34:52 UTC 2026","passed","Fri Sep 18 06:35:25 UTC 2026","testcases.mutasi.MutasiTransferTest","Surefire test","testcases.mutasi.MutasiTransferTest","mutasiManualTransferBalanceSupervisor"
"Get History Flop Transfer Test","9692","historyFlopTransferTest","Surefire suite","Fri Sep 18 06:05:13 UTC 2026","passed","Fri Sep 18 06:05:23 UTC 2026","testcases.history.HistoryTransferTest","Surefire test","testcases.history.HistoryTransferTest","historyFlopTransferTest"
"Get Notification Sender Dengan Token Backoffice Valid Tapi Tanpa Header pbyv","4677","getNotificationSenderWithoutPbyvHeader","Surefire suite","Fri Sep 18 07:53:23 UTC 2026","passed","Fri Sep 18 07:53:27 UTC 2026","testcases.backoffice.notifsender.NotificationSenderTest","Surefire test","testcases.backoffice.notifsender.NotificationSenderTest","getNotificationSenderWithoutPbyvHeader"
"Get Notification Sender Dengan Field Sort Merujuk ke Kolom yang Tidak Ada","5472","getNotificationSenderWithInvalidSortField","Surefire suite","Fri Sep 18 07:50:38 UTC 2026","passed","Fri Sep 18 07:50:44 UTC 2026","testcases.backoffice.notifsender.NotificationSenderTest","Surefire test","testcases.backoffice.notifsender.NotificationSenderTest","getNotificationSenderWithInvalidSortField"
"Get Group Detail Backoffice Dengan Format Group Id Tidak Valid (Bukan ObjectId)","4703","getGroupDetailWithMalformedId","Surefire suite","Fri Sep 18 07:29:21 UTC 2026","passed","Fri Sep 18 07:29:26 UTC 2026","testcases.backoffice.group.GetGroupTest","Surefire test","testcases.backoffice.group.GetGroupTest","getGroupDetailWithMalformedId"
"Get Notification Sender Tanpa Body Sama Sekali","4730","getNotificationSenderWithoutBody","Surefire suite","Fri Sep 18 07:53:15 UTC 2026","passed","Fri Sep 18 07:53:20 UTC 2026","testcases.backoffice.notifsender.NotificationSenderTest","Surefire test","testcases.backoffice.notifsender.NotificationSenderTest","getNotificationSenderWithoutBody"
"Refund Summary Menggunakan Login Marketing","4738","getRefundWithMarketingLogin","Surefire suite","Fri Sep 18 07:46:37 UTC 2026","passed","Fri Sep 18 07:46:42 UTC 2026","testcases.backoffice.refund.GetRefundTest","Surefire test","testcases.backoffice.refund.GetRefundTest","getRefundWithMarketingLogin"
"Test Approved Special Transfer","12546","approvedSpecialTransfer","Surefire suite","Fri Sep 18 05:49:12 UTC 2026","passed","Fri Sep 18 05:49:25 UTC 2026","testcases.backoffice.ApprovalTransferTest","Surefire test","testcases.backoffice.ApprovalTransferTest","approvedSpecialTransfer"
"Get History USDT Transfer Test Admin Crypto","8210","historyUSDTTransferTestAdminCrypto","Surefire suite","Fri Sep 18 06:12:43 UTC 2026","passed","Fri Sep 18 06:12:51 UTC 2026","testcases.history.HistoryTransferTest","Surefire test","testcases.history.HistoryTransferTest","historyUSDTTransferTestAdminCrypto"
"Approval Refund Special Transfer Merchant","9653","approveRefundSpecialTransferMerchant","Surefire suite","Fri Sep 18 07:25:22 UTC 2026","passed","Fri Sep 18 07:25:32 UTC 2026","testcases.backoffice.ApprovalRefundTest","Surefire test","testcases.backoffice.ApprovalRefundTest","approveRefundSpecialTransferMerchant"
"Get Detail User Backoffice Dengan User Id yang Tidak Ada","5105","getUsersWithNonExistentId","Surefire suite","Fri Sep 18 07:54:25 UTC 2026","passed","Fri Sep 18 07:54:30 UTC 2026","testcases.backoffice.users.ListUsersTest","Surefire test","testcases.backoffice.users.ListUsersTest","getUsersWithNonExistentId"
"List Currency USDT Backoffice","4674","getCurrencyBO","Surefire suite","Fri Sep 18 07:22:10 UTC 2026","passed","Fri Sep 18 07:22:14 UTC 2026","testcases.backoffice.currency.GetCurrencyTest","Surefire test","testcases.backoffice.currency.GetCurrencyTest","getCurrencyBO"
"Test Get Report Transaction CS","4755","getReportTransactionCS","Surefire suite","Fri Sep 18 06:32:04 UTC 2026","passed","Fri Sep 18 06:32:08 UTC 2026","testcases.report.ReportTransactionTest","Surefire test","testcases.report.ReportTransactionTest","getReportTransactionCS"
"Delete Google Authenticator Dengan id Milik Entitas Lain (Group Id)","4811","deleteOtpGoogleWithForeignEntityId","Surefire suite","Fri Sep 18 08:01:26 UTC 2026","passed","Fri Sep 18 08:01:31 UTC 2026","testcases.backoffice.googleauth.DeleteOtpGoogleTest","Surefire test","testcases.backoffice.googleauth.DeleteOtpGoogleTest","deleteOtpGoogleWithForeignEntityId"
"List Company Backoffice Dengan Tipe Data Salah pada Field Limit (String, Bukan Integer)","4780","listCompanyWithInvalidFieldType","Surefire suite","Fri Sep 18 07:02:28 UTC 2026","passed","Fri Sep 18 07:02:33 UTC 2026","testcases.backoffice.ListCompanyTest","Surefire test","testcases.backoffice.ListCompanyTest","listCompanyWithInvalidFieldType"
"Get Detail Waiting Company Backoffice Dengan Id Berisi Spasi","4841","getDetailWaitingCompanyWithWhitespaceId","Surefire suite","Fri Sep 18 07:44:30 UTC 2026","passed","Fri Sep 18 07:44:34 UTC 2026","testcases.backoffice.GetDetailWaitingCompanyTest","Surefire test","testcases.backoffice.GetDetailWaitingCompanyTest","getDetailWaitingCompanyWithWhitespaceId"
"Get History Special Transfer Test Admin","11974","historySpecialTransferTestAdmin","Surefire suite","Fri Sep 18 06:09:03 UTC 2026","passed","Fri Sep 18 06:09:15 UTC 2026","testcases.history.HistoryTransferTest","Surefire test","testcases.history.HistoryTransferTest","historySpecialTransferTestAdmin"
"Normal Manual Transfer Success","10208","transfer","Surefire suite","Fri Sep 18 06:16:30 UTC 2026","passed","Fri Sep 18 06:16:40 UTC 2026","testcases.transfer.ManualTransferTest","Surefire test","testcases.transfer.ManualTransferTest","transfer"
"Add Currency CS Admin Path Tanpa Login/Header Auth","1498","addCurrencyWithoutAuth","Surefire suite","Fri Sep 18 06:04:16 UTC 2026","passed","Fri Sep 18 06:04:17 UTC 2026","testcases.backoffice.currency.AddCurrencyTest","Surefire test","testcases.backoffice.currency.AddCurrencyTest","addCurrencyWithoutAuth"
"Normal Transfer USDT Balance Success","10099","transferBalance","Surefire suite","Fri Sep 18 06:24:36 UTC 2026","passed","Fri Sep 18 06:24:46 UTC 2026","testcases.transfer.TransferUSDTTest","Surefire test","testcases.transfer.TransferUSDTTest","transferBalance"
"Create Manage Settlement BO Menggunakan HTTP Method GET","4669","addManageSettlementWithGetMethod","Surefire suite","Fri Sep 18 07:08:17 UTC 2026","passed","Fri Sep 18 07:08:22 UTC 2026","testcases.backoffice.settlement.AddManageSettlementTest","Surefire test","testcases.backoffice.settlement.AddManageSettlementTest","addManageSettlementWithGetMethod"
"Add Currency CS Admin Path Menggunakan HTTP Method PATCH","4324","addCurrencyWithPatchMethod","Surefire suite","Fri Sep 18 06:03:13 UTC 2026","passed","Fri Sep 18 06:03:18 UTC 2026","testcases.backoffice.currency.AddCurrencyTest","Surefire test","testcases.backoffice.currency.AddCurrencyTest","addCurrencyWithPatchMethod"
"Delete Google Authenticator Dengan Header Authorization Tanpa Skema Bearer","1487","deleteOtpGoogleWithMalformedAuthorizationHeader","Surefire suite","Fri Sep 18 08:01:38 UTC 2026","passed","Fri Sep 18 08:01:39 UTC 2026","testcases.backoffice.googleauth.DeleteOtpGoogleTest","Surefire test","testcases.backoffice.googleauth.DeleteOtpGoogleTest","deleteOtpGoogleWithMalformedAuthorizationHeader"
"List Currency USDT Dengan Karakter SQL Injection pada Field Param","1547","getCurrencyWithSqlInjectionParam","Surefire suite","Fri Sep 18 07:24:20 UTC 2026","passed","Fri Sep 18 07:24:21 UTC 2026","testcases.backoffice.currency.GetCurrencyTest","Surefire test","testcases.backoffice.currency.GetCurrencyTest","getCurrencyWithSqlInjectionParam"
"Mutasi USDT Transfer Supervisor","27585","mutasiUSDTTransferSupervisor","Surefire suite","Fri Sep 18 06:46:12 UTC 2026","passed","Fri Sep 18 06:46:39 UTC 2026","testcases.mutasi.MutasiTransferTest","Surefire test","testcases.mutasi.MutasiTransferTest","mutasiUSDTTransferSupervisor"
"List User Backoffice Dengan Page/Size Negatif - Menemukan Bug Gateway Timeout","4844","listUsersWithNegativePageSize","Surefire suite","Fri Sep 18 07:56:02 UTC 2026","passed","Fri Sep 18 07:56:06 UTC 2026","testcases.backoffice.users.ListUsersTest","Surefire test","testcases.backoffice.users.ListUsersTest","listUsersWithNegativePageSize"
"Test Approve Special Transfer dengan check Fee di Admin Fee","25800","approvedSpecialTransferBalance","Surefire suite","Fri Sep 18 05:49:28 UTC 2026","passed","Fri Sep 18 05:49:53 UTC 2026","testcases.backoffice.ApprovalTransferTest","Surefire test","testcases.backoffice.ApprovalTransferTest","approvedSpecialTransferBalance"
"Add Group Backoffice Dengan Content-Type text/plain","1493","addGroupWithWrongContentType","Surefire suite","Fri Sep 18 07:41:35 UTC 2026","passed","Fri Sep 18 07:41:36 UTC 2026","testcases.backoffice.group.AddGroupTest","Surefire test","testcases.backoffice.group.AddGroupTest","addGroupWithWrongContentType"
"Add Group Backoffice Dengan Payload XSS pada name","1521","addGroupWithXssName","Surefire suite","Fri Sep 18 07:41:48 UTC 2026","passed","Fri Sep 18 07:41:50 UTC 2026","testcases.backoffice.group.AddGroupTest","Surefire test","testcases.backoffice.group.AddGroupTest","addGroupWithXssName"
"Inquiry Test Transfer Merchant Supervisor","4955","inquiryTransferSupervisor","Surefire suite","Fri Sep 18 06:23:17 UTC 2026","passed","Fri Sep 18 06:23:22 UTC 2026","testcases.transfer.InquiryTransferTest","Surefire test","testcases.transfer.InquiryTransferTest","inquiryTransferSupervisor"
"Add Group Backoffice Dengan Body Berupa JSON Array ([])","4791","addGroupWithArrayBody","Surefire suite","Fri Sep 18 07:38:44 UTC 2026","passed","Fri Sep 18 07:38:49 UTC 2026","testcases.backoffice.group.AddGroupTest","Surefire test","testcases.backoffice.group.AddGroupTest","addGroupWithArrayBody"
"Get Notification Sender Menggunakan Login Admin Crypto","4757","getNotificationSenderWithAdminCryptoLogin","Surefire suite","Fri Sep 18 07:48:38 UTC 2026","passed","Fri Sep 18 07:48:42 UTC 2026","testcases.backoffice.notifsender.NotificationSenderTest","Surefire test","testcases.backoffice.notifsender.NotificationSenderTest","getNotificationSenderWithAdminCryptoLogin"
"List Company Backoffice Menggunakan Login CS Admin","4981","listCompanyWithCSAdminLogin","Surefire suite","Fri Sep 18 07:01:55 UTC 2026","passed","Fri Sep 18 07:02:00 UTC 2026","testcases.backoffice.ListCompanyTest","Surefire test","testcases.backoffice.ListCompanyTest","listCompanyWithCSAdminLogin"
"Get Group Backoffice Tanpa Login/Header Auth","1460","getGroupWithoutAuth","Surefire suite","Fri Sep 18 06:00:02 UTC 2026","passed","Fri Sep 18 06:00:03 UTC 2026","testcases.backoffice.GetDashboardTest","Surefire test","testcases.backoffice.GetDashboardTest","getGroupWithoutAuth"
"List Waiting Company Backoffice Dengan Field Sort Merujuk ke Kolom yang Tidak Ada","4681","listWaitingCompanyWithInvalidSortField","Surefire suite","Fri Sep 18 07:26:50 UTC 2026","passed","Fri Sep 18 07:26:54 UTC 2026","testcases.backoffice.ListWaitingCompanyTest","Surefire test","testcases.backoffice.ListWaitingCompanyTest","listWaitingCompanyWithInvalidSortField"
"Add Currency CS Admin Path Dengan Key rate Terduplikasi","1553","addCurrencyWithDuplicateRateKeys","Surefire suite","Fri Sep 18 06:01:50 UTC 2026","passed","Fri Sep 18 06:01:51 UTC 2026","testcases.backoffice.currency.AddCurrencyTest","Surefire test","testcases.backoffice.currency.AddCurrencyTest","addCurrencyWithDuplicateRateKeys"
"Get Detail Waiting Company Backoffice Menggunakan HTTP Method POST","4739","getDetailWaitingCompanyWithPostMethod","Surefire suite","Fri Sep 18 07:43:59 UTC 2026","passed","Fri Sep 18 07:44:04 UTC 2026","testcases.backoffice.GetDetailWaitingCompanyTest","Surefire test","testcases.backoffice.GetDetailWaitingCompanyTest","getDetailWaitingCompanyWithPostMethod"
"Request Refund Transfer Waiting Merchant","4817","refundTransferWaitingMerchant","Surefire suite","Fri Sep 18 06:51:40 UTC 2026","passed","Fri Sep 18 06:51:45 UTC 2026","testcases.transfer.RefundTransferTest","Surefire test","testcases.transfer.RefundTransferTest","refundTransferWaitingMerchant"
"Test Settlement USDT CS Admin dengan check Fee di Admin Crypto dan Admin Fee","45574","settlementUSDTCSAdmin","Surefire suite","Fri Sep 18 05:55:38 UTC 2026","passed","Fri Sep 18 05:56:23 UTC 2026","testcases.backoffice.ApprovalTransferTest","Surefire test","testcases.backoffice.ApprovalTransferTest","settlementUSDTCSAdmin"
"List Refund Menggunakan Login Merchant","4741","listRefundMerchant","Surefire suite","Fri Sep 18 07:04:23 UTC 2026","passed","Fri Sep 18 07:04:28 UTC 2026","testcases.backoffice.ListRefundTest","Surefire test","testcases.backoffice.ListRefundTest","listRefundMerchant"
"Test Approved USDT Tanpa URL","32320","approvedUSDTwithoutURL","Surefire suite","Fri Sep 18 05:52:19 UTC 2026","passed","Fri Sep 18 05:52:51 UTC 2026","testcases.backoffice.ApprovalTransferTest","Surefire test","testcases.backoffice.ApprovalTransferTest","approvedUSDTwithoutURL"
"Get User Backoffice Menggunakan Login Merchant","4694","getUserWithMerchantLogin","Surefire suite","Fri Sep 18 06:00:26 UTC 2026","passed","Fri Sep 18 06:00:30 UTC 2026","testcases.backoffice.GetDashboardTest","Surefire test","testcases.backoffice.GetDashboardTest","getUserWithMerchantLogin"
"Delete Manage Settlement BO Menggunakan Login Admin Crypto","4720","deleteManageSettlementWithAdminCryptoLogin","Surefire suite","Fri Sep 18 07:11:31 UTC 2026","passed","Fri Sep 18 07:11:36 UTC 2026","testcases.backoffice.settlement.DeleteManageSettlementTest","Surefire test","testcases.backoffice.settlement.DeleteManageSettlementTest","deleteManageSettlementWithAdminCryptoLogin"
"Get Balance Marketing","4965","getBalanceMarketing","Surefire suite","Fri Sep 18 05:45:33 UTC 2026","passed","Fri Sep 18 05:45:38 UTC 2026","testcases.balance.GetBalanceQrisTest","Surefire test","testcases.balance.GetBalanceQrisTest","getBalanceMarketing"
"Delete Group Backoffice Dengan id String Kosong","1572","deleteGroupWithEmptyId","Surefire suite","Fri Sep 18 07:35:44 UTC 2026","passed","Fri Sep 18 07:35:46 UTC 2026","testcases.backoffice.group.DeleteGroupTest","Surefire test","testcases.backoffice.group.DeleteGroupTest","deleteGroupWithEmptyId"
"","4795","listSpecialTransfer","Surefire suite","Fri Sep 18 05:46:45 UTC 2026","passed","Fri Sep 18 05:46:49 UTC 2026","testcases.backoffice.ListTransferTest","Surefire test","testcases.backoffice.ListTransferTest","listSpecialTransfer"
"Get List Google Authenticator Dengan Token Backoffice Valid Tapi Tanpa Header pbyv","4831","listOtpGoogleWithoutPbyvHeader","Surefire suite","Fri Sep 18 08:00:18 UTC 2026","passed","Fri Sep 18 08:00:23 UTC 2026","testcases.backoffice.googleauth.ListOtpGoogleTest","Surefire test","testcases.backoffice.googleauth.ListOtpGoogleTest","listOtpGoogleWithoutPbyvHeader"
"Get List Group Backoffice Dengan size Bertipe String","1508","getListGroupWithSizeAsString","Surefire suite","Fri Sep 18 07:33:15 UTC 2026","passed","Fri Sep 18 07:33:17 UTC 2026","testcases.backoffice.group.GetListGroupTest","Surefire test","testcases.backoffice.group.GetListGroupTest","getListGroupWithSizeAsString"
"Get Notification Sender Dengan Content-Type text/plain","4689","getNotificationSenderWithWrongContentType","Surefire suite","Fri Sep 18 07:52:47 UTC 2026","passed","Fri Sep 18 07:52:52 UTC 2026","testcases.backoffice.notifsender.NotificationSenderTest","Surefire test","testcases.backoffice.notifsender.NotificationSenderTest","getNotificationSenderWithWrongContentType"
"Delete Google Authenticator Tanpa id (Path Kosong)","5203","deleteOtpGoogleWithEmptyId","Surefire suite","Fri Sep 18 08:01:13 UTC 2026","passed","Fri Sep 18 08:01:18 UTC 2026","testcases.backoffice.googleauth.DeleteOtpGoogleTest","Surefire test","testcases.backoffice.googleauth.DeleteOtpGoogleTest","deleteOtpGoogleWithEmptyId"
"Delete Manage Settlement BO Menggunakan HTTP Method PUT","4691","deleteManageSettlementWithPutMethod","Surefire suite","Fri Sep 18 07:13:45 UTC 2026","passed","Fri Sep 18 07:13:49 UTC 2026","testcases.backoffice.settlement.DeleteManageSettlementTest","Surefire test","testcases.backoffice.settlement.DeleteManageSettlementTest","deleteManageSettlementWithPutMethod"
"Delete Group Backoffice Dengan Payload XSS pada name","1549","deleteGroupWithXssName","Surefire suite","Fri Sep 18 07:37:54 UTC 2026","passed","Fri Sep 18 07:37:55 UTC 2026","testcases.backoffice.group.DeleteGroupTest","Surefire test","testcases.backoffice.group.DeleteGroupTest","deleteGroupWithXssName"
"Get Detail Waiting Company Backoffice Menggunakan Login Supervisor","4660","getDetailWaitingCompanyWithSupervisorLogin","Surefire suite","Fri Sep 18 07:44:22 UTC 2026","passed","Fri Sep 18 07:44:27 UTC 2026","testcases.backoffice.GetDetailWaitingCompanyTest","Surefire test","testcases.backoffice.GetDetailWaitingCompanyTest","getDetailWaitingCompanyWithSupervisorLogin"
"Resend Google Authenticator Dengan Format email Tidak Valid","4849","resendOtpGoogleWithMalformedEmail","Surefire suite","Fri Sep 18 08:05:09 UTC 2026","passed","Fri Sep 18 08:05:14 UTC 2026","testcases.backoffice.googleauth.ResendOtpGoogleTest","Surefire test","testcases.backoffice.googleauth.ResendOtpGoogleTest","resendOtpGoogleWithMalformedEmail"
"Resend Google Authenticator Dengan Body Berupa Literal null","5027","resendOtpGoogleWithNullLiteralBody","Surefire suite","Fri Sep 18 08:05:56 UTC 2026","passed","Fri Sep 18 08:06:01 UTC 2026","testcases.backoffice.googleauth.ResendOtpGoogleTest","Surefire test","testcases.backoffice.googleauth.ResendOtpGoogleTest","resendOtpGoogleWithNullLiteralBody"
"Get List Google Authenticator Dengan Karakter SQL Injection pada Field param","4784","listOtpGoogleWithSqlInjectionParam","Surefire suite","Fri Sep 18 07:59:26 UTC 2026","passed","Fri Sep 18 07:59:31 UTC 2026","testcases.backoffice.googleauth.ListOtpGoogleTest","Surefire test","testcases.backoffice.googleauth.ListOtpGoogleTest","listOtpGoogleWithSqlInjectionParam"
"Delete Manage Settlement BO","7879","deleteManageSettlementBO","Surefire suite","Fri Sep 18 07:11:20 UTC 2026","passed","Fri Sep 18 07:11:28 UTC 2026","testcases.backoffice.settlement.DeleteManageSettlementTest","Surefire test","testcases.backoffice.settlement.DeleteManageSettlementTest","deleteManageSettlementBO"
"Get Group Detail Backoffice Tanpa Login/Header Auth","1604","getGroupDetailWithoutAuth","Surefire suite","Fri Sep 18 07:30:55 UTC 2026","passed","Fri Sep 18 07:30:57 UTC 2026","testcases.backoffice.group.GetGroupTest","Surefire test","testcases.backoffice.group.GetGroupTest","getGroupDetailWithoutAuth"
"Get Detail User Backoffice","4920","getUsersBO","Surefire suite","Fri Sep 18 07:53:49 UTC 2026","passed","Fri Sep 18 07:53:54 UTC 2026","testcases.backoffice.users.ListUsersTest","Surefire test","testcases.backoffice.users.ListUsersTest","getUsersBO"
"Resend Google Authenticator Dengan email Sangat Panjang (10.000 karakter)","5281","resendOtpGoogleWithOverlongEmail","Surefire suite","Fri Sep 18 08:06:12 UTC 2026","passed","Fri Sep 18 08:06:17 UTC 2026","testcases.backoffice.googleauth.ResendOtpGoogleTest","Surefire test","testcases.backoffice.googleauth.ResendOtpGoogleTest","resendOtpGoogleWithOverlongEmail"
"List Manage Settlement Backoffice Dengan Content-Type text/plain","4530","listManageSettlementWithWrongContentType","Surefire suite","Fri Sep 18 07:18:06 UTC 2026","passed","Fri Sep 18 07:18:11 UTC 2026","testcases.backoffice.settlement.ManageSettlementTest","Surefire test","testcases.backoffice.settlement.ManageSettlementTest","listManageSettlementWithWrongContentType"
"List User Backoffice Dengan Ukuran Halaman Sangat Besar","5702","listUsersWithHugeSize","Surefire suite","Fri Sep 18 07:55:09 UTC 2026","failed","Fri Sep 18 07:55:15 UTC 2026","testcases.backoffice.users.ListUsersTest","Surefire test","testcases.backoffice.users.ListUsersTest","listUsersWithHugeSize"
"Test Approved USDT Supervisor","17649","approvedUSDTSupervisor","Surefire suite","Fri Sep 18 05:51:23 UTC 2026","passed","Fri Sep 18 05:51:40 UTC 2026","testcases.backoffice.ApprovalTransferTest","Surefire test","testcases.backoffice.ApprovalTransferTest","approvedUSDTSupervisor"
"Resend Google Authenticator","4781","resendOtpGoogleBO","Surefire suite","Fri Sep 18 08:03:37 UTC 2026","passed","Fri Sep 18 08:03:42 UTC 2026","testcases.backoffice.googleauth.ResendOtpGoogleTest","Surefire test","testcases.backoffice.googleauth.ResendOtpGoogleTest","resendOtpGoogleBO"
"Request Refund Transfer CS","4658","refundTransferCS","Surefire suite","Fri Sep 18 06:51:16 UTC 2026","passed","Fri Sep 18 06:51:21 UTC 2026","testcases.transfer.RefundTransferTest","Surefire test","testcases.transfer.RefundTransferTest","refundTransferCS"
"Get List Group Company BO Dengan Header groupName Kosong","4695","getListGroupCompanyWithEmptyGroupNameHeader","Surefire suite","Fri Sep 18 07:19:43 UTC 2026","passed","Fri Sep 18 07:19:48 UTC 2026","testcases.backoffice.settlement.GetListGroupCompanyTest","Surefire test","testcases.backoffice.settlement.GetListGroupCompanyTest","getListGroupCompanyWithEmptyGroupNameHeader"
"Get List Group Company BO","4632","getListGroupCompanyBO","Surefire suite","Fri Sep 18 07:18:49 UTC 2026","passed","Fri Sep 18 07:18:54 UTC 2026","testcases.backoffice.settlement.GetListGroupCompanyTest","Surefire test","testcases.backoffice.settlement.GetListGroupCompanyTest","getListGroupCompanyBO"
"Transfer Different Partner Reference, Manual Transfer to Transfer","21882","trfPartnerRefManualFailed","Surefire suite","Fri Sep 18 06:20:33 UTC 2026","passed","Fri Sep 18 06:20:55 UTC 2026","testcases.transfer.TransferTest","Surefire test","testcases.transfer.TransferTest","trfPartnerRefManualFailed"
"Reset Pin Admin Crypto","5298","resetPinAdminCrypto","Surefire suite","Fri Sep 18 07:00:28 UTC 2026","passed","Fri Sep 18 07:00:33 UTC 2026","testcases.settings.ResetPinTest","Surefire test","testcases.settings.ResetPinTest","resetPinAdminCrypto"
"List Waiting Company Backoffice Dengan Tipe Data Salah pada Field Limit (String, Bukan Integer)","4727","listWaitingCompanyWithInvalidFieldType","Surefire suite","Fri Sep 18 07:26:42 UTC 2026","passed","Fri Sep 18 07:26:47 UTC 2026","testcases.backoffice.ListWaitingCompanyTest","Surefire test","testcases.backoffice.ListWaitingCompanyTest","listWaitingCompanyWithInvalidFieldType"
"Created Favorite Account Dengan Token Tidak Valid","1532","createdFavoriteAccountWithInvalidToken","Surefire suite","Fri Sep 18 06:58:56 UTC 2026","passed","Fri Sep 18 06:58:58 UTC 2026","testcases.settings.favoriteaccount.CreatedFavoriteAccountTest","Surefire test","testcases.settings.favoriteaccount.CreatedFavoriteAccountTest","createdFavoriteAccountWithInvalidToken"
"Create Manage Settlement BO Dengan Header Authorization Tanpa Skema Bearer","1551","addManageSettlementWithMalformedAuthorizationHeader","Surefire suite","Fri Sep 18 07:08:37 UTC 2026","passed","Fri Sep 18 07:08:38 UTC 2026","testcases.backoffice.settlement.AddManageSettlementTest","Surefire test","testcases.backoffice.settlement.AddManageSettlementTest","addManageSettlementWithMalformedAuthorizationHeader"
"Get List Google Authenticator Dengan Body Kosong ({})","4769","listOtpGoogleWithEmptyBody","Surefire suite","Fri Sep 18 07:57:32 UTC 2026","passed","Fri Sep 18 07:57:36 UTC 2026","testcases.backoffice.googleauth.ListOtpGoogleTest","Surefire test","testcases.backoffice.googleauth.ListOtpGoogleTest","listOtpGoogleWithEmptyBody"
"Get Notification Sender Dengan Token Kadaluarsa","1478","getNotificationSenderWithExpiredToken","Surefire suite","Fri Sep 18 07:49:40 UTC 2026","passed","Fri Sep 18 07:49:41 UTC 2026","testcases.backoffice.notifsender.NotificationSenderTest","Surefire test","testcases.backoffice.notifsender.NotificationSenderTest","getNotificationSenderWithExpiredToken"
"Reset Password Admin Crypto","5030","resetPasswordAdminCrypto","Surefire suite","Fri Sep 18 06:52:05 UTC 2026","passed","Fri Sep 18 06:52:10 UTC 2026","testcases.settings.ResetPasswordTest","Surefire test","testcases.settings.ResetPasswordTest","resetPasswordAdminCrypto"
"List Refund Menggunakan Login Admin Crypto","5129","listRefundAdminCrypto","Surefire suite","Fri Sep 18 07:04:07 UTC 2026","passed","Fri Sep 18 07:04:12 UTC 2026","testcases.backoffice.ListRefundTest","Surefire test","testcases.backoffice.ListRefundTest","listRefundAdminCrypto"
"Get User Backoffice Dengan Token Tidak Valid","1477","getUserWithInvalidToken","Surefire suite","Fri Sep 18 06:00:21 UTC 2026","passed","Fri Sep 18 06:00:23 UTC 2026","testcases.backoffice.GetDashboardTest","Surefire test","testcases.backoffice.GetDashboardTest","getUserWithInvalidToken"
"List Company Backoffice Menggunakan Login Marketing","4630","listCompanyWithMarketingLogin","Surefire suite","Fri Sep 18 07:03:00 UTC 2026","passed","Fri Sep 18 07:03:05 UTC 2026","testcases.backoffice.ListCompanyTest","Surefire test","testcases.backoffice.ListCompanyTest","listCompanyWithMarketingLogin"
"Get Group Detail Backoffice Menggunakan Login Admin Crypto","4804","getGroupDetailWithAdminCryptoLogin","Surefire suite","Fri Sep 18 07:28:21 UTC 2026","passed","Fri Sep 18 07:28:26 UTC 2026","testcases.backoffice.group.GetGroupTest","Surefire test","testcases.backoffice.group.GetGroupTest","getGroupDetailWithAdminCryptoLogin"
"Get Group Detail Backoffice Menggunakan HTTP Method POST","4725","getGroupDetailWithPostMethod","Surefire suite","Fri Sep 18 07:30:08 UTC 2026","passed","Fri Sep 18 07:30:13 UTC 2026","testcases.backoffice.group.GetGroupTest","Surefire test","testcases.backoffice.group.GetGroupTest","getGroupDetailWithPostMethod"
"Get Detail Waiting Company Backoffice Menggunakan Login Admin Crypto","4696","getDetailWaitingCompanyWithAdminCryptoLogin","Surefire suite","Fri Sep 18 07:42:19 UTC 2026","passed","Fri Sep 18 07:42:24 UTC 2026","testcases.backoffice.GetDetailWaitingCompanyTest","Surefire test","testcases.backoffice.GetDetailWaitingCompanyTest","getDetailWaitingCompanyWithAdminCryptoLogin"
"Delete Group Backoffice Menggunakan HTTP Method PATCH","1619","deleteGroupWithPatchMethod","Surefire suite","Fri Sep 18 07:37:09 UTC 2026","passed","Fri Sep 18 07:37:11 UTC 2026","testcases.backoffice.group.DeleteGroupTest","Surefire test","testcases.backoffice.group.DeleteGroupTest","deleteGroupWithPatchMethod"
"List Currency USDT Dengan Token Backoffice Valid Tapi Tanpa Header pbyv","1525","getCurrencyWithoutPbyvHeader","Surefire suite","Fri Sep 18 07:25:04 UTC 2026","passed","Fri Sep 18 07:25:05 UTC 2026","testcases.backoffice.currency.GetCurrencyTest","Surefire test","testcases.backoffice.currency.GetCurrencyTest","getCurrencyWithoutPbyvHeader"
"Refund Summary Dengan Header pbyv Salah","1545","getRefundWithWrongPbyvHeader","Surefire suite","Fri Sep 18 07:47:51 UTC 2026","passed","Fri Sep 18 07:47:53 UTC 2026","testcases.backoffice.refund.GetRefundTest","Surefire test","testcases.backoffice.refund.GetRefundTest","getRefundWithWrongPbyvHeader"
"Get List Group Company BO Menggunakan HTTP Method PATCH","4631","getListGroupCompanyWithPatchMethod","Surefire suite","Fri Sep 18 07:20:43 UTC 2026","passed","Fri Sep 18 07:20:48 UTC 2026","testcases.backoffice.settlement.GetListGroupCompanyTest","Surefire test","testcases.backoffice.settlement.GetListGroupCompanyTest","getListGroupCompanyWithPatchMethod"
"Create Manage Settlement BO Menggunakan HTTP Method PUT","4721","addManageSettlementWithPutMethod","Surefire suite","Fri Sep 18 07:09:50 UTC 2026","passed","Fri Sep 18 07:09:55 UTC 2026","testcases.backoffice.settlement.AddManageSettlementTest","Surefire test","testcases.backoffice.settlement.AddManageSettlementTest","addManageSettlementWithPutMethod"
"List Manage Settlement Backoffice Dengan Field Sort Merujuk ke Kolom yang Tidak Ada","4738","listManageSettlementWithInvalidSortField","Surefire suite","Fri Sep 18 07:16:24 UTC 2026","passed","Fri Sep 18 07:16:29 UTC 2026","testcases.backoffice.settlement.ManageSettlementTest","Surefire test","testcases.backoffice.settlement.ManageSettlementTest","listManageSettlementWithInvalidSortField"
"Create Manage Settlement BO Dengan companyId Valid Secara Format Tapi Tidak Ada","4762","addManageSettlementWithNonExistentCompanyId","Surefire suite","Fri Sep 18 07:09:12 UTC 2026","passed","Fri Sep 18 07:09:17 UTC 2026","testcases.backoffice.settlement.AddManageSettlementTest","Surefire test","testcases.backoffice.settlement.AddManageSettlementTest","addManageSettlementWithNonExistentCompanyId"
"Get Balance Merchant with Login Admin","4599","getFailedBalanceMerchantLoginAdmin","Surefire suite","Fri Sep 18 05:46:05 UTC 2026","passed","Fri Sep 18 05:46:10 UTC 2026","testcases.balance.GetBalanceQrisTest","Surefire test","testcases.balance.GetBalanceQrisTest","getFailedBalanceMerchantLoginAdmin"
"Delete Manage Settlement BO Dengan id yang Sama Dua Kali (Sudah Terhapus)","9478","deleteManageSettlementWithAlreadyDeletedId","Surefire suite","Fri Sep 18 07:11:46 UTC 2026","passed","Fri Sep 18 07:11:56 UTC 2026","testcases.backoffice.settlement.DeleteManageSettlementTest","Surefire test","testcases.backoffice.settlement.DeleteManageSettlementTest","deleteManageSettlementWithAlreadyDeletedId"
"Add Currency CS Admin Path Dengan Header powis Salah","1608","addCurrencyWithWrongPowisHeader","Surefire suite","Fri Sep 18 06:04:05 UTC 2026","passed","Fri Sep 18 06:04:06 UTC 2026","testcases.backoffice.currency.AddCurrencyTest","Surefire test","testcases.backoffice.currency.AddCurrencyTest","addCurrencyWithWrongPowisHeader"
"Delete Manage Settlement BO Menggunakan Login CS Admin","4708","deleteManageSettlementWithCSAdminLogin","Surefire suite","Fri Sep 18 07:11:59 UTC 2026","passed","Fri Sep 18 07:12:03 UTC 2026","testcases.backoffice.settlement.DeleteManageSettlementTest","Surefire test","testcases.backoffice.settlement.DeleteManageSettlementTest","deleteManageSettlementWithCSAdminLogin"
"Get History QR Admin Success Paid","11615","historyQRTestPaidAdmin","Surefire suite","Fri Sep 18 06:14:58 UTC 2026","broken","Fri Sep 18 06:15:09 UTC 2026","testcases.history.HistoryQRTest","Surefire test","testcases.history.HistoryQRTest","historyQRTestPaidAdmin"
"Get Detail Waiting Company Backoffice Dengan Format Id Tidak Valid (Bukan ObjectId)","4697","getDetailWaitingCompanyWithMalformedId","Surefire suite","Fri Sep 18 07:43:12 UTC 2026","passed","Fri Sep 18 07:43:16 UTC 2026","testcases.backoffice.GetDetailWaitingCompanyTest","Surefire test","testcases.backoffice.GetDetailWaitingCompanyTest","getDetailWaitingCompanyWithMalformedId"
"Get Notification Sender Ke Path yang Tidak Ada (Typo)","5004","getNotificationSenderWithWrongPath","Surefire suite","Fri Sep 18 07:52:55 UTC 2026","passed","Fri Sep 18 07:53:00 UTC 2026","testcases.backoffice.notifsender.NotificationSenderTest","Surefire test","testcases.backoffice.notifsender.NotificationSenderTest","getNotificationSenderWithWrongPath"
"Inquiry Test USDT Transfer Merchant","4918","inquiryUSDT","Surefire suite","Fri Sep 18 06:27:48 UTC 2026","passed","Fri Sep 18 06:27:53 UTC 2026","testcases.transfer.InquiryUSDTTest","Surefire test","testcases.transfer.InquiryUSDTTest","inquiryUSDT"
"Delete Manage Settlement BO Dengan id Berisi Payload XSS","4612","deleteManageSettlementWithXssId","Surefire suite","Fri Sep 18 07:14:24 UTC 2026","passed","Fri Sep 18 07:14:28 UTC 2026","testcases.backoffice.settlement.DeleteManageSettlementTest","Surefire test","testcases.backoffice.settlement.DeleteManageSettlementTest","deleteManageSettlementWithXssId"
"Get Detail Waiting Company Backoffice","5126","getDetailWaitingCompany","Surefire suite","Fri Sep 18 07:42:11 UTC 2026","passed","Fri Sep 18 07:42:16 UTC 2026","testcases.backoffice.GetDetailWaitingCompanyTest","Surefire test","testcases.backoffice.GetDetailWaitingCompanyTest","getDetailWaitingCompany"
"Create Manage Settlement BO Dengan Karakter SQL Injection pada groupName","4813","addManageSettlementWithSqlInjectionGroupName","Surefire suite","Fri Sep 18 07:09:58 UTC 2026","passed","Fri Sep 18 07:10:03 UTC 2026","testcases.backoffice.settlement.AddManageSettlementTest","Surefire test","testcases.backoffice.settlement.AddManageSettlementTest","addManageSettlementWithSqlInjectionGroupName"
"Reset Password Customer Service","4679","resetPasswordCS","Surefire suite","Fri Sep 18 06:52:20 UTC 2026","passed","Fri Sep 18 06:52:25 UTC 2026","testcases.settings.ResetPasswordTest","Surefire test","testcases.settings.ResetPasswordTest","resetPasswordCS"
"Get Balance Admin Transfer","8474","getBalanceAdmin","Surefire suite","Fri Sep 18 05:44:41 UTC 2026","passed","Fri Sep 18 05:44:50 UTC 2026","testcases.balance.GetBalanceTransferTest","Surefire test","testcases.balance.GetBalanceTransferTest","getBalanceAdmin"
"Inquiry Favorite Account Dengan Token Kadaluarsa","1527","inquiryFavoriteAccountWithExpiredToken","Surefire suite","Fri Sep 18 06:54:00 UTC 2026","passed","Fri Sep 18 06:54:01 UTC 2026","testcases.settings.favoriteaccount.InquiryFavoriteAccountTest","Surefire test","testcases.settings.favoriteaccount.InquiryFavoriteAccountTest","inquiryFavoriteAccountWithExpiredToken"
"Get List Google Authenticator Menggunakan Login CS Admin","4834","listOtpGoogleWithCSAdminLogin","Surefire suite","Fri Sep 18 07:57:08 UTC 2026","passed","Fri Sep 18 07:57:13 UTC 2026","testcases.backoffice.googleauth.ListOtpGoogleTest","Surefire test","testcases.backoffice.googleauth.ListOtpGoogleTest","listOtpGoogleWithCSAdminLogin"
"Delete Manage Settlement BO Dengan Token Backoffice Valid Tapi Tanpa Header pbyv","4529","deleteManageSettlementWithoutPbyvHeader","Surefire suite","Fri Sep 18 07:14:48 UTC 2026","passed","Fri Sep 18 07:14:52 UTC 2026","testcases.backoffice.settlement.DeleteManageSettlementTest","Surefire test","testcases.backoffice.settlement.DeleteManageSettlementTest","deleteManageSettlementWithoutPbyvHeader"
"Refund Summary Dengan Body Berupa JSON Array ([])","4632","getRefundWithArrayBody","Surefire suite","Fri Sep 18 07:45:14 UTC 2026","passed","Fri Sep 18 07:45:19 UTC 2026","testcases.backoffice.refund.GetRefundTest","Surefire test","testcases.backoffice.refund.GetRefundTest","getRefundWithArrayBody"
"Delete Manage Settlement BO Dengan id Berisi Spasi","4740","deleteManageSettlementWithWhitespaceId","Surefire suite","Fri Sep 18 07:14:08 UTC 2026","passed","Fri Sep 18 07:14:13 UTC 2026","testcases.backoffice.settlement.DeleteManageSettlementTest","Surefire test","testcases.backoffice.settlement.DeleteManageSettlementTest","deleteManageSettlementWithWhitespaceId"
"Create Manage Settlement BO Dengan Payload XSS pada companyName","4706","addManageSettlementWithXssCompanyName","Surefire suite","Fri Sep 18 07:10:29 UTC 2026","passed","Fri Sep 18 07:10:34 UTC 2026","testcases.backoffice.settlement.AddManageSettlementTest","Surefire test","testcases.backoffice.settlement.AddManageSettlementTest","addManageSettlementWithXssCompanyName"
"Get List Google Authenticator Dengan Token Kadaluarsa","1616","listOtpGoogleWithExpiredToken","Surefire suite","Fri Sep 18 07:57:39 UTC 2026","passed","Fri Sep 18 07:57:41 UTC 2026","testcases.backoffice.googleauth.ListOtpGoogleTest","Surefire test","testcases.backoffice.googleauth.ListOtpGoogleTest","listOtpGoogleWithExpiredToken"
"Add Currency CS Admin Path Dengan Token Kadaluarsa","1526","addCurrencyWithExpiredToken","Surefire suite","Fri Sep 18 06:02:03 UTC 2026","passed","Fri Sep 18 06:02:05 UTC 2026","testcases.backoffice.currency.AddCurrencyTest","Surefire test","testcases.backoffice.currency.AddCurrencyTest","addCurrencyWithExpiredToken"
"Add Group Backoffice Dengan name Hanya Spasi","1546","addGroupWithWhitespaceName","Surefire suite","Fri Sep 18 07:41:30 UTC 2026","passed","Fri Sep 18 07:41:32 UTC 2026","testcases.backoffice.group.AddGroupTest","Surefire test","testcases.backoffice.group.AddGroupTest","addGroupWithWhitespaceName"
"Test Reject USDT","17559","rejectedUSDT","Surefire suite","Fri Sep 18 05:54:06 UTC 2026","passed","Fri Sep 18 05:54:23 UTC 2026","testcases.backoffice.ApprovalTransferTest","Surefire test","testcases.backoffice.ApprovalTransferTest","rejectedUSDT"
"Delete Google Authenticator Menggunakan HTTP Method PUT","4804","deleteOtpGoogleWithPutMethod","Surefire suite","Fri Sep 18 08:02:37 UTC 2026","passed","Fri Sep 18 08:02:42 UTC 2026","testcases.backoffice.googleauth.DeleteOtpGoogleTest","Surefire test","testcases.backoffice.googleauth.DeleteOtpGoogleTest","deleteOtpGoogleWithPutMethod"
"Create Manage Settlement BO Dengan Token Backoffice Valid Tapi Tanpa Header pbyv","4606","addManageSettlementWithoutPbyvHeader","Surefire suite","Fri Sep 18 07:11:12 UTC 2026","passed","Fri Sep 18 07:11:17 UTC 2026","testcases.backoffice.settlement.AddManageSettlementTest","Surefire test","testcases.backoffice.settlement.AddManageSettlementTest","addManageSettlementWithoutPbyvHeader"
"Add Group Backoffice Tanpa Field feeBankPercent","1527","addGroupWithMissingFeeField","Surefire suite","Fri Sep 18 07:40:37 UTC 2026","passed","Fri Sep 18 07:40:38 UTC 2026","testcases.backoffice.group.AddGroupTest","Surefire test","testcases.backoffice.group.AddGroupTest","addGroupWithMissingFeeField"
"Get List Favorite Account Dengan Body JSON Tidak Valid (Malformed)","1553","getListFavoriteAccountWithMalformedJson","Surefire suite","Fri Sep 18 06:56:29 UTC 2026","passed","Fri Sep 18 06:56:31 UTC 2026","testcases.settings.favoriteaccount.GetListFavoriteAccountTest","Surefire test","testcases.settings.favoriteaccount.GetListFavoriteAccountTest","getListFavoriteAccountWithMalformedJson"
"List Refund Dengan Page/Size Negatif - Menemukan Bug Internal Server Error","4764","listRefundWithNegativePageSize","Surefire suite","Fri Sep 18 07:06:00 UTC 2026","passed","Fri Sep 18 07:06:05 UTC 2026","testcases.backoffice.ListRefundTest","Surefire test","testcases.backoffice.ListRefundTest","listRefundWithNegativePageSize"
"Created Favorite Account Dengan pin String Kosong","1653","createdFavoriteAccountWithEmptyPin","Surefire suite","Fri Sep 18 06:58:43 UTC 2026","passed","Fri Sep 18 06:58:44 UTC 2026","testcases.settings.favoriteaccount.CreatedFavoriteAccountTest","Surefire test","testcases.settings.favoriteaccount.CreatedFavoriteAccountTest","createdFavoriteAccountWithEmptyPin"
"Resend Google Authenticator Dengan email Tidak Terdaftar","4867","resendOtpGoogleWithNonExistentEmail","Surefire suite","Fri Sep 18 08:05:40 UTC 2026","passed","Fri Sep 18 08:05:45 UTC 2026","testcases.backoffice.googleauth.ResendOtpGoogleTest","Surefire test","testcases.backoffice.googleauth.ResendOtpGoogleTest","resendOtpGoogleWithNonExistentEmail"
"Get Notification Sender Dengan pinValidasi Salah","4906","getNotificationSenderWithWrongPinValidasi","Surefire suite","Fri Sep 18 07:53:03 UTC 2026","passed","Fri Sep 18 07:53:07 UTC 2026","testcases.backoffice.notifsender.NotificationSenderTest","Surefire test","testcases.backoffice.notifsender.NotificationSenderTest","getNotificationSenderWithWrongPinValidasi"
"Mutasi Company Admin","8122","mutasiCompanyAdmin","Surefire suite","Fri Sep 18 06:32:57 UTC 2026","passed","Fri Sep 18 06:33:05 UTC 2026","testcases.mutasi.MutasiTransferTest","Surefire test","testcases.mutasi.MutasiTransferTest","mutasiCompanyAdmin"
"Get Group Backoffice Menggunakan Login Merchant","4493","getGroupWithMerchantLogin","Surefire suite","Fri Sep 18 05:59:54 UTC 2026","passed","Fri Sep 18 05:59:59 UTC 2026","testcases.backoffice.GetDashboardTest","Surefire test","testcases.backoffice.GetDashboardTest","getGroupWithMerchantLogin"
"Add Currency CS Admin Path Dengan Content-Type text/plain","1583","addCurrencyWithWrongContentType","Surefire suite","Fri Sep 18 06:03:51 UTC 2026","passed","Fri Sep 18 06:03:53 UTC 2026","testcases.backoffice.currency.AddCurrencyTest","Surefire test","testcases.backoffice.currency.AddCurrencyTest","addCurrencyWithWrongContentType"
"Get User Marketing Backoffice","4717","getUserSuperBO","Surefire suite","Fri Sep 18 06:00:06 UTC 2026","passed","Fri Sep 18 06:00:11 UTC 2026","testcases.backoffice.GetDashboardTest","Surefire test","testcases.backoffice.GetDashboardTest","getUserSuperBO"
"Created Favorite Account Tanpa Field pin","1598","createdFavoriteAccountWithoutPinField","Surefire suite","Fri Sep 18 07:00:15 UTC 2026","passed","Fri Sep 18 07:00:16 UTC 2026","testcases.settings.favoriteaccount.CreatedFavoriteAccountTest","Surefire test","testcases.settings.favoriteaccount.CreatedFavoriteAccountTest","createdFavoriteAccountWithoutPinField"
"Inquiry Favorite Account Dengan Body JSON Tidak Valid (Malformed)","1441","inquiryFavoriteAccountWithMalformedJson","Surefire suite","Fri Sep 18 06:54:18 UTC 2026","passed","Fri Sep 18 06:54:19 UTC 2026","testcases.settings.favoriteaccount.InquiryFavoriteAccountTest","Surefire test","testcases.settings.favoriteaccount.InquiryFavoriteAccountTest","inquiryFavoriteAccountWithMalformedJson"
"Resend Google Authenticator Dengan email Berisi Karakter SQL Injection","4673","resendOtpGoogleWithSqlInjectionEmail","Surefire suite","Fri Sep 18 08:06:36 UTC 2026","passed","Fri Sep 18 08:06:40 UTC 2026","testcases.backoffice.googleauth.ResendOtpGoogleTest","Surefire test","testcases.backoffice.googleauth.ResendOtpGoogleTest","resendOtpGoogleWithSqlInjectionEmail"
"List Currency USDT Dengan Sort Tanpa Operator '=='","1535","getCurrencyWithMalformedSortOperator","Surefire suite","Fri Sep 18 07:23:42 UTC 2026","passed","Fri Sep 18 07:23:43 UTC 2026","testcases.backoffice.currency.GetCurrencyTest","Surefire test","testcases.backoffice.currency.GetCurrencyTest","getCurrencyWithMalformedSortOperator"
"Get List Group Backoffice Dengan enablePage Bertipe String","1612","getListGroupWithEnablePageAsString","Surefire suite","Fri Sep 18 07:31:55 UTC 2026","passed","Fri Sep 18 07:31:57 UTC 2026","testcases.backoffice.group.GetListGroupTest","Surefire test","testcases.backoffice.group.GetListGroupTest","getListGroupWithEnablePageAsString"
"Get List Favorite Account Dengan size 0","1597","getListFavoriteAccountWithZeroSize","Surefire suite","Fri Sep 18 06:57:29 UTC 2026","passed","Fri Sep 18 06:57:30 UTC 2026","testcases.settings.favoriteaccount.GetListFavoriteAccountTest","Surefire test","testcases.settings.favoriteaccount.GetListFavoriteAccountTest","getListFavoriteAccountWithZeroSize"
"Get List Favorite Account Merchant","4649","getListFavoriteAccount","Surefire suite","Fri Sep 18 06:55:31 UTC 2026","failed","Fri Sep 18 06:55:36 UTC 2026","testcases.settings.favoriteaccount.GetListFavoriteAccountTest","Surefire test","testcases.settings.favoriteaccount.GetListFavoriteAccountTest","getListFavoriteAccount"
"Normal Manual Transfer Balance Success","10091","manualTransferBalanceAdminCrypto","Surefire suite","Fri Sep 18 06:16:04 UTC 2026","passed","Fri Sep 18 06:16:14 UTC 2026","testcases.transfer.ManualTransferTest","Surefire test","testcases.transfer.ManualTransferTest","manualTransferBalanceAdminCrypto"
"Approval Refund Special Transfer Merchant","10989","approveRefundManualTransferMerchant","Surefire suite","Fri Sep 18 07:25:08 UTC 2026","passed","Fri Sep 18 07:25:19 UTC 2026","testcases.backoffice.ApprovalRefundTest","Surefire test","testcases.backoffice.ApprovalRefundTest","approveRefundManualTransferMerchant"
"Delete Group Backoffice Dengan Token Tidak Valid","1599","deleteGroupWithInvalidToken","Surefire suite","Fri Sep 18 07:36:11 UTC 2026","passed","Fri Sep 18 07:36:13 UTC 2026","testcases.backoffice.group.DeleteGroupTest","Surefire test","testcases.backoffice.group.DeleteGroupTest","deleteGroupWithInvalidToken"
"Inquiry Test Special Transfer Merchant","1491","inquirySpecialTransfer","Surefire suite","Fri Sep 18 06:18:50 UTC 2026","broken","Fri Sep 18 06:18:52 UTC 2026","testcases.transfer.InquirySpecialTransferTest","Surefire test","testcases.transfer.InquirySpecialTransferTest","inquirySpecialTransfer"
"Delete Google Authenticator Dengan Token Kadaluarsa","1602","deleteOtpGoogleWithExpiredToken","Surefire suite","Fri Sep 18 08:01:21 UTC 2026","passed","Fri Sep 18 08:01:23 UTC 2026","testcases.backoffice.googleauth.DeleteOtpGoogleTest","Surefire test","testcases.backoffice.googleauth.DeleteOtpGoogleTest","deleteOtpGoogleWithExpiredToken"
"Add Group Backoffice Dengan Nama yang Sudah Ada Sejak Test Lama (""sutarjo"")","1544","addGroupWithLegacyDuplicateName","Surefire suite","Fri Sep 18 07:40:08 UTC 2026","passed","Fri Sep 18 07:40:09 UTC 2026","testcases.backoffice.group.AddGroupTest","Surefire test","testcases.backoffice.group.AddGroupTest","addGroupWithLegacyDuplicateName"
"Delete Manage Settlement BO Tanpa Header id","9238","deleteManageSettlementWithoutIdHeader","Surefire suite","Fri Sep 18 07:14:36 UTC 2026","passed","Fri Sep 18 07:14:45 UTC 2026","testcases.backoffice.settlement.DeleteManageSettlementTest","Surefire test","testcases.backoffice.settlement.DeleteManageSettlementTest","deleteManageSettlementWithoutIdHeader"
"Get List Group Backoffice Menggunakan Login CS Admin","4763","getListGroupWithCSAdminLogin","Surefire suite","Fri Sep 18 07:31:31 UTC 2026","passed","Fri Sep 18 07:31:35 UTC 2026","testcases.backoffice.group.GetListGroupTest","Surefire test","testcases.backoffice.group.GetListGroupTest","getListGroupWithCSAdminLogin"
"List Currency USDT Menggunakan HTTP Method PATCH","1474","getCurrencyWithPatchMethod","Surefire suite","Fri Sep 18 07:24:11 UTC 2026","passed","Fri Sep 18 07:24:12 UTC 2026","testcases.backoffice.currency.GetCurrencyTest","Surefire test","testcases.backoffice.currency.GetCurrencyTest","getCurrencyWithPatchMethod"
"Add Currency CS Admin Path Menggunakan HTTP Method GET","1498","addCurrencyWithGetMethod","Surefire suite","Fri Sep 18 06:02:08 UTC 2026","passed","Fri Sep 18 06:02:09 UTC 2026","testcases.backoffice.currency.AddCurrencyTest","Surefire test","testcases.backoffice.currency.AddCurrencyTest","addCurrencyWithGetMethod"
"Get Group Detail Backoffice Dengan Group Id Berisi Payload XSS","5009","getGroupDetailWithXssId","Surefire suite","Fri Sep 18 07:30:47 UTC 2026","passed","Fri Sep 18 07:30:52 UTC 2026","testcases.backoffice.group.GetGroupTest","Surefire test","testcases.backoffice.group.GetGroupTest","getGroupDetailWithXssId"
"Delete Manage Settlement BO Menggunakan Login Merchant","4615","deleteManageSettlementWithMerchantLogin","Surefire suite","Fri Sep 18 07:13:06 UTC 2026","passed","Fri Sep 18 07:13:11 UTC 2026","testcases.backoffice.settlement.DeleteManageSettlementTest","Surefire test","testcases.backoffice.settlement.DeleteManageSettlementTest","deleteManageSettlementWithMerchantLogin"
"Get List Favorite Account Menggunakan HTTP Method PATCH","1498","getListFavoriteAccountWithPatchMethod","Surefire suite","Fri Sep 18 06:56:52 UTC 2026","passed","Fri Sep 18 06:56:54 UTC 2026","testcases.settings.favoriteaccount.GetListFavoriteAccountTest","Surefire test","testcases.settings.favoriteaccount.GetListFavoriteAccountTest","getListFavoriteAccountWithPatchMethod"
"List Currency USDT Menggunakan Login Supervisor","4676","getCurrencyWithSupervisorLogin","Surefire suite","Fri Sep 18 07:24:24 UTC 2026","passed","Fri Sep 18 07:24:29 UTC 2026","testcases.backoffice.currency.GetCurrencyTest","Surefire test","testcases.backoffice.currency.GetCurrencyTest","getCurrencyWithSupervisorLogin"
"Normal Flop Transfer Success","7452","transfer","Surefire suite","Fri Sep 18 06:24:15 UTC 2026","passed","Fri Sep 18 06:24:23 UTC 2026","testcases.transfer.TransferFlopTest","Surefire test","testcases.transfer.TransferFlopTest","transfer"
"Get List Group Backoffice Dengan Token Backoffice Valid Tapi Tanpa Header pbyv","1507","getListGroupWithoutPbyvHeader","Surefire suite","Fri Sep 18 07:34:09 UTC 2026","passed","Fri Sep 18 07:34:10 UTC 2026","testcases.backoffice.group.GetListGroupTest","Surefire test","testcases.backoffice.group.GetListGroupTest","getListGroupWithoutPbyvHeader"
"Add Group Backoffice Menggunakan Login Admin","4740","addGroupWithAdminLogin","Surefire suite","Fri Sep 18 07:38:37 UTC 2026","passed","Fri Sep 18 07:38:41 UTC 2026","testcases.backoffice.group.AddGroupTest","Surefire test","testcases.backoffice.group.AddGroupTest","addGroupWithAdminLogin"
"Normal Balance Special Transfer Success","1451","specialTransferBalanceAdminCrypto","Surefire suite","Fri Sep 18 06:18:19 UTC 2026","broken","Fri Sep 18 06:18:20 UTC 2026","testcases.transfer.SpecialTransferTest","Surefire test","testcases.transfer.SpecialTransferTest","specialTransferBalanceAdminCrypto"
"Test Get Report Transfer Merchant","18479","getReportTransferAdmin","Surefire suite","Fri Sep 18 06:32:27 UTC 2026","passed","Fri Sep 18 06:32:46 UTC 2026","testcases.report.ReportTransactionTest","Surefire test","testcases.report.ReportTransactionTest","getReportTransferAdmin"
"Success Login Marketing","3351","testLoginMarketing","Surefire suite","Fri Sep 18 06:47:52 UTC 2026","passed","Fri Sep 18 06:47:55 UTC 2026","testcases.auth.LoginTest","Surefire test","testcases.auth.LoginTest","testLoginMarketing"
"Login Merchant dengan Captcha yang Dipakai Ulang","4434","testLoginReusedCaptcha","Surefire suite","Fri Sep 18 06:48:22 UTC 2026","passed","Fri Sep 18 06:48:27 UTC 2026","testcases.auth.LoginTest","Surefire test","testcases.auth.LoginTest","testLoginReusedCaptcha"
"Mutasi Transfer Supervisor CS","12314","mutasiTransferSupervisorCS","Surefire suite","Fri Sep 18 06:43:05 UTC 2026","passed","Fri Sep 18 06:43:17 UTC 2026","testcases.mutasi.MutasiTransferTest","Surefire test","testcases.mutasi.MutasiTransferTest","mutasiTransferSupervisorCS"
"Get Notification Sender Dengan Body JSON Tidak Valid (Malformed)","4607","getNotificationSenderWithMalformedJson","Surefire suite","Fri Sep 18 07:50:56 UTC 2026","passed","Fri Sep 18 07:51:01 UTC 2026","testcases.backoffice.notifsender.NotificationSenderTest","Surefire test","testcases.backoffice.notifsender.NotificationSenderTest","getNotificationSenderWithMalformedJson"
"Login Merchant dengan Username Berisi Spasi Saja","3041","testLoginWhitespaceUsername","Surefire suite","Fri Sep 18 06:48:42 UTC 2026","passed","Fri Sep 18 06:48:45 UTC 2026","testcases.auth.LoginTest","Surefire test","testcases.auth.LoginTest","testLoginWhitespaceUsername"
"Refund Summary Menggunakan HTTP Method PUT","1541","getRefundWithPutMethod","Surefire suite","Fri Sep 18 07:47:15 UTC 2026","passed","Fri Sep 18 07:47:17 UTC 2026","testcases.backoffice.refund.GetRefundTest","Surefire test","testcases.backoffice.refund.GetRefundTest","getRefundWithPutMethod"
"Get List Group Company BO Dengan groupName Sangat Panjang (10.000 karakter)","4929","getListGroupCompanyWithOverlongGroupName","Surefire suite","Fri Sep 18 07:20:35 UTC 2026","passed","Fri Sep 18 07:20:40 UTC 2026","testcases.backoffice.settlement.GetListGroupCompanyTest","Surefire test","testcases.backoffice.settlement.GetListGroupCompanyTest","getListGroupCompanyWithOverlongGroupName"
"Success Login Supervisor With Captcha","3139","testLoginSupervisor","Surefire suite","Fri Sep 18 06:48:36 UTC 2026","passed","Fri Sep 18 06:48:39 UTC 2026","testcases.auth.LoginTest","Surefire test","testcases.auth.LoginTest","testLoginSupervisor"
"Add Group Backoffice Menggunakan Login Marketing","4762","addGroupWithMarketingLogin","Surefire suite","Fri Sep 18 07:40:21 UTC 2026","passed","Fri Sep 18 07:40:26 UTC 2026","testcases.backoffice.group.AddGroupTest","Surefire test","testcases.backoffice.group.AddGroupTest","addGroupWithMarketingLogin"
"Refund Summary Dengan startDate null","1566","getRefundWithNullStartDate","Surefire suite","Fri Sep 18 07:46:57 UTC 2026","passed","Fri Sep 18 07:46:59 UTC 2026","testcases.backoffice.refund.GetRefundTest","Surefire test","testcases.backoffice.refund.GetRefundTest","getRefundWithNullStartDate"
"Get Notification Sender Dengan pinValidasi Berupa null","4744","getNotificationSenderWithNullPinValidasi","Surefire suite","Fri Sep 18 07:51:43 UTC 2026","passed","Fri Sep 18 07:51:47 UTC 2026","testcases.backoffice.notifsender.NotificationSenderTest","Surefire test","testcases.backoffice.notifsender.NotificationSenderTest","getNotificationSenderWithNullPinValidasi"
"Get Detail Waiting Company Backoffice Menggunakan Login Merchant","4841","getDetailWaitingCompanyWithMerchantLogin","Surefire suite","Fri Sep 18 07:43:27 UTC 2026","passed","Fri Sep 18 07:43:32 UTC 2026","testcases.backoffice.GetDetailWaitingCompanyTest","Surefire test","testcases.backoffice.GetDetailWaitingCompanyTest","getDetailWaitingCompanyWithMerchantLogin"
"Add Group Backoffice Dengan name Bertipe Angka (Bukan String)","1555","addGroupWithNumericName","Surefire suite","Fri Sep 18 07:40:55 UTC 2026","passed","Fri Sep 18 07:40:57 UTC 2026","testcases.backoffice.group.AddGroupTest","Surefire test","testcases.backoffice.group.AddGroupTest","addGroupWithNumericName"
"Get List Group Backoffice Dengan Field sort Tidak Valid","1635","getListGroupWithInvalidSortField","Surefire suite","Fri Sep 18 07:32:09 UTC 2026","passed","Fri Sep 18 07:32:11 UTC 2026","testcases.backoffice.group.GetListGroupTest","Surefire test","testcases.backoffice.group.GetListGroupTest","getListGroupWithInvalidSortField"
"List Manage Settlement Backoffice Dengan Body JSON Tidak Valid (Malformed)","4804","listManageSettlementWithMalformedJson","Surefire suite","Fri Sep 18 07:16:41 UTC 2026","passed","Fri Sep 18 07:16:46 UTC 2026","testcases.backoffice.settlement.ManageSettlementTest","Surefire test","testcases.backoffice.settlement.ManageSettlementTest","listManageSettlementWithMalformedJson"
"Get List Favorite Account Tanpa Field page","1514","getListFavoriteAccountWithoutPageField","Surefire suite","Fri Sep 18 06:57:47 UTC 2026","failed","Fri Sep 18 06:57:48 UTC 2026","testcases.settings.favoriteaccount.GetListFavoriteAccountTest","Surefire test","testcases.settings.favoriteaccount.GetListFavoriteAccountTest","getListFavoriteAccountWithoutPageField"
"Add Currency CS Admin Path Menggunakan Login Admin Crypto","4556","addCurrencyWithAdminCryptoLogin","Surefire suite","Fri Sep 18 06:00:53 UTC 2026","passed","Fri Sep 18 06:00:58 UTC 2026","testcases.backoffice.currency.AddCurrencyTest","Surefire test","testcases.backoffice.currency.AddCurrencyTest","addCurrencyWithAdminCryptoLogin"
"List Waiting Company Backoffice Dengan Body Kosong ({})","4813","listWaitingCompanyWithEmptyBody","Surefire suite","Fri Sep 18 07:26:19 UTC 2026","passed","Fri Sep 18 07:26:24 UTC 2026","testcases.backoffice.ListWaitingCompanyTest","Surefire test","testcases.backoffice.ListWaitingCompanyTest","listWaitingCompanyWithEmptyBody"
"Get Dashboard Backoffice Menggunakan Login Merchant","4620","getDashboardWithMerchantLogin","Surefire suite","Fri Sep 18 05:59:15 UTC 2026","passed","Fri Sep 18 05:59:19 UTC 2026","testcases.backoffice.GetDashboardTest","Surefire test","testcases.backoffice.GetDashboardTest","getDashboardWithMerchantLogin"
"List Refund Menggunakan Login Marketing","4536","listRefundWithMarketingLogin","Surefire suite","Fri Sep 18 07:05:45 UTC 2026","passed","Fri Sep 18 07:05:50 UTC 2026","testcases.backoffice.ListRefundTest","Surefire test","testcases.backoffice.ListRefundTest","listRefundWithMarketingLogin"
"List Manage Settlement Backoffice Menggunakan HTTP Method PUT","4727","listManageSettlementWithPutMethod","Surefire suite","Fri Sep 18 07:17:35 UTC 2026","passed","Fri Sep 18 07:17:40 UTC 2026","testcases.backoffice.settlement.ManageSettlementTest","Surefire test","testcases.backoffice.settlement.ManageSettlementTest","listManageSettlementWithPutMethod"
"Get Notification Sender Dengan Karakter SQL Injection pada Field param","5042","getNotificationSenderWithSqlInjectionParam","Surefire suite","Fri Sep 18 07:52:15 UTC 2026","passed","Fri Sep 18 07:52:20 UTC 2026","testcases.backoffice.notifsender.NotificationSenderTest","Surefire test","testcases.backoffice.notifsender.NotificationSenderTest","getNotificationSenderWithSqlInjectionParam"
"Delete session Merchant on CS Admin","5146","deleteSessionCsAdmin","Surefire suite","Fri Sep 18 05:58:01 UTC 2026","broken","Fri Sep 18 05:58:07 UTC 2026","testcases.backoffice.users.EditUserTest","Surefire test","testcases.backoffice.users.EditUserTest","deleteSessionCsAdmin"
"Add Group Backoffice Dengan Payload Persis Sama (Dikirim Dua Kali)","3087","addGroupWithDuplicatePayload","Surefire suite","Fri Sep 18 07:39:25 UTC 2026","passed","Fri Sep 18 07:39:28 UTC 2026","testcases.backoffice.group.AddGroupTest","Surefire test","testcases.backoffice.group.AddGroupTest","addGroupWithDuplicatePayload"
"Test Rejected Special Transfer","11653","rejectedSpecialTransfer","Surefire suite","Fri Sep 18 05:53:36 UTC 2026","passed","Fri Sep 18 05:53:48 UTC 2026","testcases.backoffice.ApprovalTransferTest","Surefire test","testcases.backoffice.ApprovalTransferTest","rejectedSpecialTransfer"
"Get Detail User Backoffice Dengan Token Tidak Valid","1594","getUsersWithInvalidToken","Surefire suite","Fri Sep 18 07:54:05 UTC 2026","passed","Fri Sep 18 07:54:07 UTC 2026","testcases.backoffice.users.ListUsersTest","Surefire test","testcases.backoffice.users.ListUsersTest","getUsersWithInvalidToken"
"List Waiting Company Backoffice Menggunakan Login Supervisor","4778","listWaitingCompanyWithSupervisorLogin","Surefire suite","Fri Sep 18 07:27:45 UTC 2026","passed","Fri Sep 18 07:27:50 UTC 2026","testcases.backoffice.ListWaitingCompanyTest","Surefire test","testcases.backoffice.ListWaitingCompanyTest","listWaitingCompanyWithSupervisorLogin"
"Test Approved USDT Supervisor Tanpa URL","32805","approvedUSDTSupervisorWithoutURL","Surefire suite","Fri Sep 18 05:51:43 UTC 2026","passed","Fri Sep 18 05:52:16 UTC 2026","testcases.backoffice.ApprovalTransferTest","Surefire test","testcases.backoffice.ApprovalTransferTest","approvedUSDTSupervisorWithoutURL"
"Add Group Backoffice Dengan feeBankPercent Negatif","1651","addGroupWithNegativeFee","Surefire suite","Fri Sep 18 07:40:41 UTC 2026","passed","Fri Sep 18 07:40:43 UTC 2026","testcases.backoffice.group.AddGroupTest","Surefire test","testcases.backoffice.group.AddGroupTest","addGroupWithNegativeFee"
"Get History Flop Transfer Test Supervisor","9711","historyFlopTransferTestSupervisor","Surefire suite","Fri Sep 18 06:06:11 UTC 2026","passed","Fri Sep 18 06:06:21 UTC 2026","testcases.history.HistoryTransferTest","Surefire test","testcases.history.HistoryTransferTest","historyFlopTransferTestSupervisor"
"Get List Google Authenticator Menggunakan Login Supervisor","4749","listOtpGoogleWithSupervisorLogin","Surefire suite","Fri Sep 18 07:59:34 UTC 2026","passed","Fri Sep 18 07:59:39 UTC 2026","testcases.backoffice.googleauth.ListOtpGoogleTest","Surefire test","testcases.backoffice.googleauth.ListOtpGoogleTest","listOtpGoogleWithSupervisorLogin"
"Reset Pin Admin","5378","resetPinAdmin","Surefire suite","Fri Sep 18 07:00:19 UTC 2026","passed","Fri Sep 18 07:00:25 UTC 2026","testcases.settings.ResetPinTest","Surefire test","testcases.settings.ResetPinTest","resetPinAdmin"
"Get History Transfer Test CS","11618","historyTransferTestCS","Surefire suite","Fri Sep 18 06:11:22 UTC 2026","passed","Fri Sep 18 06:11:33 UTC 2026","testcases.history.HistoryTransferTest","Surefire test","testcases.history.HistoryTransferTest","historyTransferTestCS"
"Create Manage Settlement BO Dengan companyList Kosong ([])","4694","addManageSettlementWithEmptyCompanyList","Surefire suite","Fri Sep 18 07:07:57 UTC 2026","passed","Fri Sep 18 07:08:02 UTC 2026","testcases.backoffice.settlement.AddManageSettlementTest","Surefire test","testcases.backoffice.settlement.AddManageSettlementTest","addManageSettlementWithEmptyCompanyList"
"Inquiry Test Manual Transfer Merchant","5058","inquiryManualTransfer","Surefire suite","Fri Sep 18 06:26:59 UTC 2026","passed","Fri Sep 18 06:27:04 UTC 2026","testcases.transfer.InquiryManualTransferTest","Surefire test","testcases.transfer.InquiryManualTransferTest","inquiryManualTransfer"
"Resend Google Authenticator Dengan email Kosong","4759","resendOtpGoogleWithEmptyEmail","Surefire suite","Fri Sep 18 08:04:40 UTC 2026","passed","Fri Sep 18 08:04:44 UTC 2026","testcases.backoffice.googleauth.ResendOtpGoogleTest","Surefire test","testcases.backoffice.googleauth.ResendOtpGoogleTest","resendOtpGoogleWithEmptyEmail"
"Get Group Detail Backoffice Menggunakan Login Supervisor","4807","getGroupDetailWithSupervisorLogin","Surefire suite","Fri Sep 18 07:30:31 UTC 2026","passed","Fri Sep 18 07:30:36 UTC 2026","testcases.backoffice.group.GetGroupTest","Surefire test","testcases.backoffice.group.GetGroupTest","getGroupDetailWithSupervisorLogin"
"Reset Password Group","4929","resetPasswordGroup","Surefire suite","Fri Sep 18 06:52:36 UTC 2026","passed","Fri Sep 18 06:52:41 UTC 2026","testcases.settings.ResetPasswordTest","Surefire test","testcases.settings.ResetPasswordTest","resetPasswordGroup"
"Created Favorite Account Tanpa Login/Header Auth","1499","createdFavoriteAccountWithoutAuth","Surefire suite","Fri Sep 18 06:59:51 UTC 2026","passed","Fri Sep 18 06:59:53 UTC 2026","testcases.settings.favoriteaccount.CreatedFavoriteAccountTest","Surefire test","testcases.settings.favoriteaccount.CreatedFavoriteAccountTest","createdFavoriteAccountWithoutAuth"
"Get List Group Company BO Menggunakan Login Customer Service","4698","getListGroupCompanyWithCSLogin","Surefire suite","Fri Sep 18 07:19:20 UTC 2026","passed","Fri Sep 18 07:19:25 UTC 2026","testcases.backoffice.settlement.GetListGroupCompanyTest","Surefire test","testcases.backoffice.settlement.GetListGroupCompanyTest","getListGroupCompanyWithCSLogin"
"Delete Google Authenticator Menggunakan Login Admin","4822","deleteOtpGoogleWithAdminLogin","Surefire suite","Fri Sep 18 08:00:42 UTC 2026","passed","Fri Sep 18 08:00:47 UTC 2026","testcases.backoffice.googleauth.DeleteOtpGoogleTest","Surefire test","testcases.backoffice.googleauth.DeleteOtpGoogleTest","deleteOtpGoogleWithAdminLogin"
"Add Group Backoffice Dengan feeBankPercent Melebihi 100","1568","addGroupWithFeeOver100","Surefire suite","Fri Sep 18 07:39:49 UTC 2026","passed","Fri Sep 18 07:39:51 UTC 2026","testcases.backoffice.group.AddGroupTest","Surefire test","testcases.backoffice.group.AddGroupTest","addGroupWithFeeOver100"
"Delete Manage Settlement BO Dengan id Valid Secara Format Tapi Tidak Ada","4542","deleteManageSettlementWithNonExistentId","Surefire suite","Fri Sep 18 07:13:14 UTC 2026","passed","Fri Sep 18 07:13:18 UTC 2026","testcases.backoffice.settlement.DeleteManageSettlementTest","Surefire test","testcases.backoffice.settlement.DeleteManageSettlementTest","deleteManageSettlementWithNonExistentId"
"Success Login Admin","3815","testLoginAdmin","Surefire suite","Fri Sep 18 06:46:42 UTC 2026","passed","Fri Sep 18 06:46:46 UTC 2026","testcases.auth.LoginTest","Surefire test","testcases.auth.LoginTest","testLoginAdmin"
"Get Detail Waiting Company Backoffice Tanpa Id (Path Kosong)","4866","getDetailWaitingCompanyWithEmptyId","Surefire suite","Fri Sep 18 07:42:42 UTC 2026","passed","Fri Sep 18 07:42:47 UTC 2026","testcases.backoffice.GetDetailWaitingCompanyTest","Surefire test","testcases.backoffice.GetDetailWaitingCompanyTest","getDetailWaitingCompanyWithEmptyId"
"List Currency USDT Dengan Content-Type text/plain","1493","getCurrencyWithWrongContentType","Surefire suite","Fri Sep 18 07:24:37 UTC 2026","passed","Fri Sep 18 07:24:38 UTC 2026","testcases.backoffice.currency.GetCurrencyTest","Surefire test","testcases.backoffice.currency.GetCurrencyTest","getCurrencyWithWrongContentType"
"Resend Google Authenticator Menggunakan Login Admin Crypto","4941","resendOtpGoogleWithAdminCryptoLogin","Surefire suite","Fri Sep 18 08:03:45 UTC 2026","passed","Fri Sep 18 08:03:50 UTC 2026","testcases.backoffice.googleauth.ResendOtpGoogleTest","Surefire test","testcases.backoffice.googleauth.ResendOtpGoogleTest","resendOtpGoogleWithAdminCryptoLogin"
"Get Group Backoffice Menggunakan Login Admin Crypto","4501","getGroupWithAdminCryptoLogin","Surefire suite","Fri Sep 18 05:59:42 UTC 2026","passed","Fri Sep 18 05:59:47 UTC 2026","testcases.backoffice.GetDashboardTest","Surefire test","testcases.backoffice.GetDashboardTest","getGroupWithAdminCryptoLogin"
"List Waiting Company Backoffice Dengan Karakter SQL Injection pada Field Param","4763","listWaitingCompanyWithSqlInjectionParam","Surefire suite","Fri Sep 18 07:27:38 UTC 2026","passed","Fri Sep 18 07:27:42 UTC 2026","testcases.backoffice.ListWaitingCompanyTest","Surefire test","testcases.backoffice.ListWaitingCompanyTest","listWaitingCompanyWithSqlInjectionParam"
"List Currency USDT Dengan Token Kadaluarsa","1472","getCurrencyWithExpiredToken","Surefire suite","Fri Sep 18 07:23:05 UTC 2026","passed","Fri Sep 18 07:23:06 UTC 2026","testcases.backoffice.currency.GetCurrencyTest","Surefire test","testcases.backoffice.currency.GetCurrencyTest","getCurrencyWithExpiredToken"
"","4556","listUSDT","Surefire suite","Fri Sep 18 05:46:53 UTC 2026","passed","Fri Sep 18 05:46:57 UTC 2026","testcases.backoffice.ListTransferTest","Surefire test","testcases.backoffice.ListTransferTest","listUSDT"
"Created Favorite Account Dengan Field Tidak Dikenal pada Body","1662","createdFavoriteAccountWithUnknownField","Surefire suite","Fri Sep 18 06:59:23 UTC 2026","passed","Fri Sep 18 06:59:25 UTC 2026","testcases.settings.favoriteaccount.CreatedFavoriteAccountTest","Surefire test","testcases.settings.favoriteaccount.CreatedFavoriteAccountTest","createdFavoriteAccountWithUnknownField"
"Inquiry Favorite Account Dengan Token Valid Tapi Tanpa Header credentialId","1630","inquiryFavoriteAccountWithoutCredentialIdHeader","Surefire suite","Fri Sep 18 06:55:27 UTC 2026","passed","Fri Sep 18 06:55:28 UTC 2026","testcases.settings.favoriteaccount.InquiryFavoriteAccountTest","Surefire test","testcases.settings.favoriteaccount.InquiryFavoriteAccountTest","inquiryFavoriteAccountWithoutCredentialIdHeader"
"Delete Google Authenticator Dengan id Berisi Karakter SQL Injection","4733","deleteOtpGoogleWithSqlInjectionId","Surefire suite","Fri Sep 18 08:02:45 UTC 2026","passed","Fri Sep 18 08:02:50 UTC 2026","testcases.backoffice.googleauth.DeleteOtpGoogleTest","Surefire test","testcases.backoffice.googleauth.DeleteOtpGoogleTest","deleteOtpGoogleWithSqlInjectionId"
"Get Detail Waiting Company Backoffice Dengan Path Traversal pada Id","5393","getDetailWaitingCompanyWithPathTraversalId","Surefire suite","Fri Sep 18 07:43:50 UTC 2026","passed","Fri Sep 18 07:43:56 UTC 2026","testcases.backoffice.GetDetailWaitingCompanyTest","Surefire test","testcases.backoffice.GetDetailWaitingCompanyTest","getDetailWaitingCompanyWithPathTraversalId"
"Get List Group Company BO Menggunakan Login Supervisor","4679","getListGroupCompanyWithSupervisorLogin","Surefire suite","Fri Sep 18 07:21:14 UTC 2026","passed","Fri Sep 18 07:21:19 UTC 2026","testcases.backoffice.settlement.GetListGroupCompanyTest","Surefire test","testcases.backoffice.settlement.GetListGroupCompanyTest","getListGroupCompanyWithSupervisorLogin"
"Transfer Different Partner Reference, USDT Transfer to Transfer","21239","trfPartnerRefSpecialFailed","Surefire suite","Fri Sep 18 06:25:38 UTC 2026","passed","Fri Sep 18 06:25:59 UTC 2026","testcases.transfer.TransferUSDTTest","Surefire test","testcases.transfer.TransferUSDTTest","trfPartnerRefSpecialFailed"
"Refund Summary Menggunakan Login Admin","4776","getRefundWithAdminLogin","Surefire suite","Fri Sep 18 07:45:06 UTC 2026","passed","Fri Sep 18 07:45:11 UTC 2026","testcases.backoffice.refund.GetRefundTest","Surefire test","testcases.backoffice.refund.GetRefundTest","getRefundWithAdminLogin"
"Add Group Backoffice Menggunakan HTTP Method PUT","1508","addGroupWithPutMethod","Surefire suite","Fri Sep 18 07:41:04 UTC 2026","passed","Fri Sep 18 07:41:06 UTC 2026","testcases.backoffice.group.AddGroupTest","Surefire test","testcases.backoffice.group.AddGroupTest","addGroupWithPutMethod"
"Add Group Backoffice Dengan Token Backoffice Valid Tapi Tanpa Header pbyv","1479","addGroupWithoutPbyvHeader","Surefire suite","Fri Sep 18 07:42:07 UTC 2026","passed","Fri Sep 18 07:42:08 UTC 2026","testcases.backoffice.group.AddGroupTest","Surefire test","testcases.backoffice.group.AddGroupTest","addGroupWithoutPbyvHeader"
"List Company Backoffice Dengan Body Kosong ({})","5090","listCompanyWithEmptyBody","Surefire suite","Fri Sep 18 07:02:03 UTC 2026","passed","Fri Sep 18 07:02:09 UTC 2026","testcases.backoffice.ListCompanyTest","Surefire test","testcases.backoffice.ListCompanyTest","listCompanyWithEmptyBody"
"Get List Google Authenticator Dengan Tipe Data Salah pada Field limit (String, Bukan Integer)","4829","listOtpGoogleWithInvalidFieldType","Surefire suite","Fri Sep 18 07:58:00 UTC 2026","passed","Fri Sep 18 07:58:05 UTC 2026","testcases.backoffice.googleauth.ListOtpGoogleTest","Surefire test","testcases.backoffice.googleauth.ListOtpGoogleTest","listOtpGoogleWithInvalidFieldType"
"Get List Group Backoffice Dengan Content-Type text/plain","1482","getListGroupWithWrongContentType","Surefire suite","Fri Sep 18 07:33:37 UTC 2026","passed","Fri Sep 18 07:33:38 UTC 2026","testcases.backoffice.group.GetListGroupTest","Surefire test","testcases.backoffice.group.GetListGroupTest","getListGroupWithWrongContentType"
"Get List Group Backoffice Tanpa Body Sama Sekali","1529","getListGroupWithoutBody","Surefire suite","Fri Sep 18 07:34:00 UTC 2026","passed","Fri Sep 18 07:34:01 UTC 2026","testcases.backoffice.group.GetListGroupTest","Surefire test","testcases.backoffice.group.GetListGroupTest","getListGroupWithoutBody"
"Refund Summary Backoffice","5500","getRefundSummaryBO","Surefire suite","Fri Sep 18 07:44:50 UTC 2026","passed","Fri Sep 18 07:44:56 UTC 2026","testcases.backoffice.refund.GetRefundTest","Surefire test","testcases.backoffice.refund.GetRefundTest","getRefundSummaryBO"
"Get History Special Transfer Test Supervisor","9205","historySpecialTransferTestSupervisor","Surefire suite","Fri Sep 18 06:09:59 UTC 2026","passed","Fri Sep 18 06:10:09 UTC 2026","testcases.history.HistoryTransferTest","Surefire test","testcases.history.HistoryTransferTest","historySpecialTransferTestSupervisor"
"Get Dashboard Backoffice Menggunakan Login Admin","4452","getDashboardWithAdminLogin","Surefire suite","Fri Sep 18 05:58:40 UTC 2026","passed","Fri Sep 18 05:58:45 UTC 2026","testcases.backoffice.GetDashboardTest","Surefire test","testcases.backoffice.GetDashboardTest","getDashboardWithAdminLogin"
"Transfer Different Partner Reference, USDT Transfer to Manual Transfer","13423","trfPartnerRefUSDTFailed","Surefire suite","Fri Sep 18 06:17:58 UTC 2026","broken","Fri Sep 18 06:18:11 UTC 2026","testcases.transfer.ManualTransferTest","Surefire test","testcases.transfer.ManualTransferTest","trfPartnerRefUSDTFailed"
"Add Currency CS Admin Path Tanpa Body Sama Sekali","1518","addCurrencyWithoutBody","Surefire suite","Fri Sep 18 06:04:20 UTC 2026","passed","Fri Sep 18 06:04:22 UTC 2026","testcases.backoffice.currency.AddCurrencyTest","Surefire test","testcases.backoffice.currency.AddCurrencyTest","addCurrencyWithoutBody"
"Get List Group Backoffice Dengan Token Tidak Valid","1616","getListGroupWithInvalidToken","Surefire suite","Fri Sep 18 07:32:14 UTC 2026","passed","Fri Sep 18 07:32:15 UTC 2026","testcases.backoffice.group.GetListGroupTest","Surefire test","testcases.backoffice.group.GetListGroupTest","getListGroupWithInvalidToken"
"Get List Favorite Account Dengan Body Kosong ({})","1671","getListFavoriteAccountWithEmptyBody","Surefire suite","Fri Sep 18 06:56:07 UTC 2026","passed","Fri Sep 18 06:56:08 UTC 2026","testcases.settings.favoriteaccount.GetListFavoriteAccountTest","Surefire test","testcases.settings.favoriteaccount.GetListFavoriteAccountTest","getListFavoriteAccountWithEmptyBody"
"Get List Group Company BO Menggunakan HTTP Method PUT","4896","getListGroupCompanyWithPutMethod","Surefire suite","Fri Sep 18 07:20:59 UTC 2026","passed","Fri Sep 18 07:21:04 UTC 2026","testcases.backoffice.settlement.GetListGroupCompanyTest","Surefire test","testcases.backoffice.settlement.GetListGroupCompanyTest","getListGroupCompanyWithPutMethod"
"Mutasi USDT Transfer Balance","33683","mutasiUSDTTransferBalanceSupervisor","Surefire suite","Fri Sep 18 06:45:04 UTC 2026","passed","Fri Sep 18 06:45:37 UTC 2026","testcases.mutasi.MutasiTransferTest","Surefire test","testcases.mutasi.MutasiTransferTest","mutasiUSDTTransferBalanceSupervisor"
"Add Currency CS Admin Path Tanpa Field rate (Field Lain Saja)","6502","addCurrencyWithMissingRateField","Surefire suite","Fri Sep 18 06:02:46 UTC 2026","broken","Fri Sep 18 06:02:52 UTC 2026","testcases.backoffice.currency.AddCurrencyTest","Surefire test","testcases.backoffice.currency.AddCurrencyTest","addCurrencyWithMissingRateField"
"Resend Google Authenticator Ke Path yang Tidak Ada (Typo)","5113","resendOtpGoogleWithWrongPath","Surefire suite","Fri Sep 18 08:07:07 UTC 2026","passed","Fri Sep 18 08:07:12 UTC 2026","testcases.backoffice.googleauth.ResendOtpGoogleTest","Surefire test","testcases.backoffice.googleauth.ResendOtpGoogleTest","resendOtpGoogleWithWrongPath"
"Login Backoffice dengan Username Tidak Terdaftar","2950","testLoginBackofficeNonExistentUsername","Surefire suite","Fri Sep 18 06:47:01 UTC 2026","passed","Fri Sep 18 06:47:04 UTC 2026","testcases.auth.LoginTest","Surefire test","testcases.auth.LoginTest","testLoginBackofficeNonExistentUsername"
"Generate QR Success with before and after Balance","30096","generateQRBalanceFeeMarketing","Surefire suite","Fri Sep 18 06:29:32 UTC 2026","passed","Fri Sep 18 06:30:02 UTC 2026","testcases.QR.GenerateQRPaidTest","Surefire test","testcases.QR.GenerateQRPaidTest","generateQRBalanceFeeMarketing"
"List Company Backoffice Dengan Content-Type text/plain","4722","listCompanyWithWrongContentType","Surefire suite","Fri Sep 18 07:03:39 UTC 2026","passed","Fri Sep 18 07:03:44 UTC 2026","testcases.backoffice.ListCompanyTest","Surefire test","testcases.backoffice.ListCompanyTest","listCompanyWithWrongContentType"
"List Manage Settlement Backoffice Menggunakan Login CS Admin","4673","listManageSettlementWithCSAdminLogin","Surefire suite","Fri Sep 18 07:15:26 UTC 2026","passed","Fri Sep 18 07:15:31 UTC 2026","testcases.backoffice.settlement.ManageSettlementTest","Surefire test","testcases.backoffice.settlement.ManageSettlementTest","listManageSettlementWithCSAdminLogin"
"Add Group Backoffice Dengan Field Tidak Dikenal pada Body","1581","addGroupWithUnknownField","Surefire suite","Fri Sep 18 07:41:21 UTC 2026","passed","Fri Sep 18 07:41:23 UTC 2026","testcases.backoffice.group.AddGroupTest","Surefire test","testcases.backoffice.group.AddGroupTest","addGroupWithUnknownField"
"Test Get Report Transfer Merchant","4660","getReportBatchAdmin","Surefire suite","Fri Sep 18 06:31:23 UTC 2026","passed","Fri Sep 18 06:31:28 UTC 2026","testcases.report.ReportTransactionTest","Surefire test","testcases.report.ReportTransactionTest","getReportBatchAdmin"
"Get List Group Backoffice Dengan size 0","1625","getListGroupWithZeroSize","Surefire suite","Fri Sep 18 07:33:50 UTC 2026","passed","Fri Sep 18 07:33:52 UTC 2026","testcases.backoffice.group.GetListGroupTest","Surefire test","testcases.backoffice.group.GetListGroupTest","getListGroupWithZeroSize"
"Get Notification Sender Menggunakan HTTP Method GET","4634","getNotificationSenderWithGetMethod","Surefire suite","Fri Sep 18 07:49:44 UTC 2026","passed","Fri Sep 18 07:49:49 UTC 2026","testcases.backoffice.notifsender.NotificationSenderTest","Surefire test","testcases.backoffice.notifsender.NotificationSenderTest","getNotificationSenderWithGetMethod"
"List Refund Menggunakan Login Admin Biasa","4702","listRefundAdmin","Surefire suite","Fri Sep 18 07:03:59 UTC 2026","passed","Fri Sep 18 07:04:04 UTC 2026","testcases.backoffice.ListRefundTest","Surefire test","testcases.backoffice.ListRefundTest","listRefundAdmin"
"Test Rejected Manual Transfer Supervisor","17677","rejectedCashDepositSupervisor","Surefire suite","Fri Sep 18 05:53:15 UTC 2026","passed","Fri Sep 18 05:53:33 UTC 2026","testcases.backoffice.ApprovalTransferTest","Surefire test","testcases.backoffice.ApprovalTransferTest","rejectedCashDepositSupervisor"
"Get Notification Sender Dengan Ukuran Halaman Sangat Besar","35742","getNotificationSenderWithHugeSize","Surefire suite","Fri Sep 18 07:49:52 UTC 2026","passed","Fri Sep 18 07:50:28 UTC 2026","testcases.backoffice.notifsender.NotificationSenderTest","Surefire test","testcases.backoffice.notifsender.NotificationSenderTest","getNotificationSenderWithHugeSize"
"Created Favorite Account Menggunakan HTTP Method DELETE","1488","createdFavoriteAccountWithDeleteMethod","Surefire suite","Fri Sep 18 06:58:34 UTC 2026","passed","Fri Sep 18 06:58:35 UTC 2026","testcases.settings.favoriteaccount.CreatedFavoriteAccountTest","Surefire test","testcases.settings.favoriteaccount.CreatedFavoriteAccountTest","createdFavoriteAccountWithDeleteMethod"
"List Manage Settlement Backoffice Menggunakan Login Marketing","4680","listManageSettlementWithMarketingLogin","Surefire suite","Fri Sep 18 07:16:57 UTC 2026","passed","Fri Sep 18 07:17:01 UTC 2026","testcases.backoffice.settlement.ManageSettlementTest","Surefire test","testcases.backoffice.settlement.ManageSettlementTest","listManageSettlementWithMarketingLogin"
"Get List Favorite Account Dengan Field Tidak Dikenal pada Body","1541","getListFavoriteAccountWithUnknownField","Surefire suite","Fri Sep 18 06:57:10 UTC 2026","failed","Fri Sep 18 06:57:12 UTC 2026","testcases.settings.favoriteaccount.GetListFavoriteAccountTest","Surefire test","testcases.settings.favoriteaccount.GetListFavoriteAccountTest","getListFavoriteAccountWithUnknownField"
"Reset Password Backoffice","4795","resetPasswordBackoffice","Surefire suite","Fri Sep 18 06:52:13 UTC 2026","passed","Fri Sep 18 06:52:17 UTC 2026","testcases.settings.ResetPasswordTest","Surefire test","testcases.settings.ResetPasswordTest","resetPasswordBackoffice"
"Add Merchant From Backoffice","5383","addCompanyBackoffice","Surefire suite","Fri Sep 18 05:57:30 UTC 2026","passed","Fri Sep 18 05:57:35 UTC 2026","testcases.backoffice.AddCompanyTest","Surefire test","testcases.backoffice.AddCompanyTest","addCompanyBackoffice"
"Get List Group Company BO Dengan Token Tidak Valid","1545","getListGroupCompanyWithInvalidToken","Surefire suite","Fri Sep 18 07:19:55 UTC 2026","passed","Fri Sep 18 07:19:57 UTC 2026","testcases.backoffice.settlement.GetListGroupCompanyTest","Surefire test","testcases.backoffice.settlement.GetListGroupCompanyTest","getListGroupCompanyWithInvalidToken"
"Get List Group Backoffice Menggunakan Login Customer Service","4823","getListGroupWithCSLogin","Surefire suite","Fri Sep 18 07:31:38 UTC 2026","passed","Fri Sep 18 07:31:43 UTC 2026","testcases.backoffice.group.GetListGroupTest","Surefire test","testcases.backoffice.group.GetListGroupTest","getListGroupWithCSLogin"
"Mutasi Special Transfer CS","22708","mutasiSpecialTransferCS","Surefire suite","Fri Sep 18 06:39:59 UTC 2026","passed","Fri Sep 18 06:40:22 UTC 2026","testcases.mutasi.MutasiTransferTest","Surefire test","testcases.mutasi.MutasiTransferTest","mutasiSpecialTransferCS"
"List User Backoffice Dengan Token Tidak Valid","1535","listUsersWithInvalidToken","Surefire suite","Fri Sep 18 07:55:34 UTC 2026","passed","Fri Sep 18 07:55:35 UTC 2026","testcases.backoffice.users.ListUsersTest","Surefire test","testcases.backoffice.users.ListUsersTest","listUsersWithInvalidToken"
"Resend Google Authenticator Menggunakan HTTP Method PUT","4821","resendOtpGoogleWithPutMethod","Surefire suite","Fri Sep 18 08:06:28 UTC 2026","passed","Fri Sep 18 08:06:33 UTC 2026","testcases.backoffice.googleauth.ResendOtpGoogleTest","Surefire test","testcases.backoffice.googleauth.ResendOtpGoogleTest","resendOtpGoogleWithPutMethod"
"Mutasi Transfer","8526","mutasiTransferAdminCrypto","Surefire suite","Fri Sep 18 06:41:26 UTC 2026","passed","Fri Sep 18 06:41:35 UTC 2026","testcases.mutasi.MutasiTransferTest","Surefire test","testcases.mutasi.MutasiTransferTest","mutasiTransferAdminCrypto"
"Get Group Detail Backoffice Tanpa Group Id (Path Kosong)","4856","getGroupDetailWithEmptyId","Surefire suite","Fri Sep 18 07:28:44 UTC 2026","passed","Fri Sep 18 07:28:49 UTC 2026","testcases.backoffice.group.GetGroupTest","Surefire test","testcases.backoffice.group.GetGroupTest","getGroupDetailWithEmptyId"
"Get Dashboard Backoffice Menggunakan Login Marketing","4581","getDashboardWithMarketingLogin","Surefire suite","Fri Sep 18 05:59:07 UTC 2026","passed","Fri Sep 18 05:59:12 UTC 2026","testcases.backoffice.GetDashboardTest","Surefire test","testcases.backoffice.GetDashboardTest","getDashboardWithMarketingLogin"
"Get Group Detail Backoffice Dengan Path Traversal pada Group Id","4987","getGroupDetailWithPathTraversalId","Surefire suite","Fri Sep 18 07:30:00 UTC 2026","passed","Fri Sep 18 07:30:05 UTC 2026","testcases.backoffice.group.GetGroupTest","Surefire test","testcases.backoffice.group.GetGroupTest","getGroupDetailWithPathTraversalId"
"Add Group Backoffice Tanpa Login/Header Auth","1498","addGroupWithoutAuth","Surefire suite","Fri Sep 18 07:41:53 UTC 2026","passed","Fri Sep 18 07:41:54 UTC 2026","testcases.backoffice.group.AddGroupTest","Surefire test","testcases.backoffice.group.AddGroupTest","addGroupWithoutAuth"
"Get Dashboard Backoffice Menggunakan Login Customer Service","4717","getDashboardWithCSLogin","Surefire suite","Fri Sep 18 05:58:55 UTC 2026","passed","Fri Sep 18 05:59:00 UTC 2026","testcases.backoffice.GetDashboardTest","Surefire test","testcases.backoffice.GetDashboardTest","getDashboardWithCSLogin"
"Create Manage Settlement BO Dengan groupName Berupa null","4564","addManageSettlementWithNullGroupName","Surefire suite","Fri Sep 18 07:09:20 UTC 2026","passed","Fri Sep 18 07:09:24 UTC 2026","testcases.backoffice.settlement.AddManageSettlementTest","Surefire test","testcases.backoffice.settlement.AddManageSettlementTest","addManageSettlementWithNullGroupName"
"List Manage Settlement Backoffice","4730","listManageSettlementTest","Surefire suite","Fri Sep 18 07:14:55 UTC 2026","passed","Fri Sep 18 07:15:00 UTC 2026","testcases.backoffice.settlement.ManageSettlementTest","Surefire test","testcases.backoffice.settlement.ManageSettlementTest","listManageSettlementTest"
"Get List Group Backoffice Dengan Field Tidak Dikenal pada Body","1695","getListGroupWithUnknownField","Surefire suite","Fri Sep 18 07:33:32 UTC 2026","failed","Fri Sep 18 07:33:34 UTC 2026","testcases.backoffice.group.GetListGroupTest","Surefire test","testcases.backoffice.group.GetListGroupTest","getListGroupWithUnknownField"
"Add Currency CS Admin Path Dengan rate Desimal","1503","addCurrencyWithDecimalRate","Surefire suite","Fri Sep 18 06:01:41 UTC 2026","passed","Fri Sep 18 06:01:42 UTC 2026","testcases.backoffice.currency.AddCurrencyTest","Surefire test","testcases.backoffice.currency.AddCurrencyTest","addCurrencyWithDecimalRate"
"Transfer Different Parner Reference Supervisor, Manual Transfer to Transfer","21854","trfPartnerRefManualSpvFailed","Surefire suite","Fri Sep 18 06:20:58 UTC 2026","passed","Fri Sep 18 06:21:20 UTC 2026","testcases.transfer.TransferTest","Surefire test","testcases.transfer.TransferTest","trfPartnerRefManualSpvFailed"
"Inquiry Test Special Transfer Admin Crypto","1581","inquirySpecialTransferAdminCrypto","Surefire suite","Fri Sep 18 06:18:55 UTC 2026","broken","Fri Sep 18 06:18:56 UTC 2026","testcases.transfer.InquirySpecialTransferTest","Surefire test","testcases.transfer.InquirySpecialTransferTest","inquirySpecialTransferAdminCrypto"
"Delete Google Authenticator Menggunakan Login Marketing","4960","deleteOtpGoogleWithMarketingLogin","Surefire suite","Fri Sep 18 08:01:50 UTC 2026","passed","Fri Sep 18 08:01:55 UTC 2026","testcases.backoffice.googleauth.DeleteOtpGoogleTest","Surefire test","testcases.backoffice.googleauth.DeleteOtpGoogleTest","deleteOtpGoogleWithMarketingLogin"
"Get Group Detail Backoffice Menggunakan HTTP Method DELETE","4560","getGroupDetailWithDeleteMethod","Surefire suite","Fri Sep 18 07:28:37 UTC 2026","passed","Fri Sep 18 07:28:41 UTC 2026","testcases.backoffice.group.GetGroupTest","Surefire test","testcases.backoffice.group.GetGroupTest","getGroupDetailWithDeleteMethod"
"Get Balance Company on Login Admin","5003","getBalanceCompanyAdmin","Surefire suite","Fri Sep 18 05:45:25 UTC 2026","passed","Fri Sep 18 05:45:30 UTC 2026","testcases.balance.GetBalanceQrisTest","Surefire test","testcases.balance.GetBalanceQrisTest","getBalanceCompanyAdmin"
"Reset Password Admin","13941","resetPasswordAdmin","Surefire suite","Fri Sep 18 06:51:48 UTC 2026","passed","Fri Sep 18 06:52:02 UTC 2026","testcases.settings.ResetPasswordTest","Surefire test","testcases.settings.ResetPasswordTest","resetPasswordAdmin"
"List Manage Settlement Backoffice Menggunakan HTTP Method DELETE","4589","listManageSettlementWithDeleteMethod","Surefire suite","Fri Sep 18 07:15:42 UTC 2026","passed","Fri Sep 18 07:15:46 UTC 2026","testcases.backoffice.settlement.ManageSettlementTest","Surefire test","testcases.backoffice.settlement.ManageSettlementTest","listManageSettlementWithDeleteMethod"
"Refund Summary Dengan Token Backoffice Valid Tapi Tanpa Header pbyv","1617","getRefundWithoutPbyvHeader","Surefire suite","Fri Sep 18 07:48:14 UTC 2026","passed","Fri Sep 18 07:48:15 UTC 2026","testcases.backoffice.refund.GetRefundTest","Surefire test","testcases.backoffice.refund.GetRefundTest","getRefundWithoutPbyvHeader"
"Created Favorite Account Dengan Body JSON Tidak Valid (Malformed)","1439","createdFavoriteAccountWithMalformedJson","Surefire suite","Fri Sep 18 06:59:05 UTC 2026","passed","Fri Sep 18 06:59:07 UTC 2026","testcases.settings.favoriteaccount.CreatedFavoriteAccountTest","Surefire test","testcases.settings.favoriteaccount.CreatedFavoriteAccountTest","createdFavoriteAccountWithMalformedJson"
"List Refund Tanpa Body Sama Sekali","4670","listRefundWithoutBody","Surefire suite","Fri Sep 18 07:06:28 UTC 2026","passed","Fri Sep 18 07:06:33 UTC 2026","testcases.backoffice.ListRefundTest","Surefire test","testcases.backoffice.ListRefundTest","listRefundWithoutBody"
"List User Backoffice Dengan Body JSON Tidak Valid (Malformed)","4792","listUsersWithMalformedJson","Surefire suite","Fri Sep 18 07:55:38 UTC 2026","passed","Fri Sep 18 07:55:43 UTC 2026","testcases.backoffice.users.ListUsersTest","Surefire test","testcases.backoffice.users.ListUsersTest","listUsersWithMalformedJson"
"Get Group Backoffice Dengan Token Tidak Valid","1439","getGroupWithInvalidToken","Surefire suite","Fri Sep 18 05:59:50 UTC 2026","passed","Fri Sep 18 05:59:51 UTC 2026","testcases.backoffice.GetDashboardTest","Surefire test","testcases.backoffice.GetDashboardTest","getGroupWithInvalidToken"
"List Waiting Company Backoffice Menggunakan Login Merchant","4742","listWaitingCompanyWithMerchantLogin","Surefire suite","Fri Sep 18 07:27:22 UTC 2026","passed","Fri Sep 18 07:27:27 UTC 2026","testcases.backoffice.ListWaitingCompanyTest","Surefire test","testcases.backoffice.ListWaitingCompanyTest","listWaitingCompanyWithMerchantLogin"
"Get Group Detail Backoffice Menggunakan Login Merchant","4789","getGroupDetailWithMerchantLogin","Surefire suite","Fri Sep 18 07:29:37 UTC 2026","passed","Fri Sep 18 07:29:41 UTC 2026","testcases.backoffice.group.GetGroupTest","Surefire test","testcases.backoffice.group.GetGroupTest","getGroupDetailWithMerchantLogin"
"Inquiry Test USDT Transfer Admin Crypto","4674","inquiryUSDTAdminCrypto","Surefire suite","Fri Sep 18 06:27:56 UTC 2026","passed","Fri Sep 18 06:28:01 UTC 2026","testcases.transfer.InquiryUSDTTest","Surefire test","testcases.transfer.InquiryUSDTTest","inquiryUSDTAdminCrypto"
"Delete Manage Settlement BO Menggunakan Login Supervisor","4719","deleteManageSettlementWithSupervisorLogin","Surefire suite","Fri Sep 18 07:14:00 UTC 2026","passed","Fri Sep 18 07:14:05 UTC 2026","testcases.backoffice.settlement.DeleteManageSettlementTest","Surefire test","testcases.backoffice.settlement.DeleteManageSettlementTest","deleteManageSettlementWithSupervisorLogin"
"Get Group Detail Backoffice Dengan Group Id Berisi Karakter SQL Injection","4732","getGroupDetailWithSqlInjectionId","Surefire suite","Fri Sep 18 07:30:24 UTC 2026","passed","Fri Sep 18 07:30:28 UTC 2026","testcases.backoffice.group.GetGroupTest","Surefire test","testcases.backoffice.group.GetGroupTest","getGroupDetailWithSqlInjectionId"
"List Manage Settlement Backoffice Dengan Body Berupa Literal null","4560","listManageSettlementWithNullLiteralBody","Surefire suite","Fri Sep 18 07:17:20 UTC 2026","passed","Fri Sep 18 07:17:24 UTC 2026","testcases.backoffice.settlement.ManageSettlementTest","Surefire test","testcases.backoffice.settlement.ManageSettlementTest","listManageSettlementWithNullLiteralBody"
"Delete Google Authenticator Menggunakan Login CS Admin","4655","deleteOtpGoogleWithCSAdminLogin","Surefire suite","Fri Sep 18 08:00:50 UTC 2026","passed","Fri Sep 18 08:00:54 UTC 2026","testcases.backoffice.googleauth.DeleteOtpGoogleTest","Surefire test","testcases.backoffice.googleauth.DeleteOtpGoogleTest","deleteOtpGoogleWithCSAdminLogin"
"Get Dashboard Backoffice Menggunakan Login Admin Crypto","4676","getDashboardWithAdminCryptoLogin","Surefire suite","Fri Sep 18 05:58:32 UTC 2026","passed","Fri Sep 18 05:58:37 UTC 2026","testcases.backoffice.GetDashboardTest","Surefire test","testcases.backoffice.GetDashboardTest","getDashboardWithAdminCryptoLogin"
"Edit Company Cs Admin","4767","editCompanyCsAdmin","Surefire suite","Fri Sep 18 05:58:10 UTC 2026","passed","Fri Sep 18 05:58:14 UTC 2026","testcases.backoffice.users.EditUserTest","Surefire test","testcases.backoffice.users.EditUserTest","editCompanyCsAdmin"
"Inquiry Favorite Account Menggunakan HTTP Method GET","1780","inquiryFavoriteAccountWithGetMethod","Surefire suite","Fri Sep 18 06:54:04 UTC 2026","passed","Fri Sep 18 06:54:06 UTC 2026","testcases.settings.favoriteaccount.InquiryFavoriteAccountTest","Surefire test","testcases.settings.favoriteaccount.InquiryFavoriteAccountTest","inquiryFavoriteAccountWithGetMethod"
"Login Merchant dengan Password Kosong","3157","testLoginEmptyPassword","Surefire suite","Fri Sep 18 06:47:34 UTC 2026","passed","Fri Sep 18 06:47:37 UTC 2026","testcases.auth.LoginTest","Surefire test","testcases.auth.LoginTest","testLoginEmptyPassword"
"Get History Special Transfer Test","8432","historySpecialTransferTest","Surefire suite","Fri Sep 18 06:08:52 UTC 2026","passed","Fri Sep 18 06:09:00 UTC 2026","testcases.history.HistoryTransferTest","Surefire test","testcases.history.HistoryTransferTest","historySpecialTransferTest"
"List Currency USDT Menggunakan Login Customer Service","4689","getCurrencyWithCSLogin","Surefire suite","Fri Sep 18 07:22:48 UTC 2026","passed","Fri Sep 18 07:22:53 UTC 2026","testcases.backoffice.currency.GetCurrencyTest","Surefire test","testcases.backoffice.currency.GetCurrencyTest","getCurrencyWithCSLogin"
"Refund Summary Menggunakan Login CS Admin","4697","getRefundWithCSAdminLogin","Surefire suite","Fri Sep 18 07:45:22 UTC 2026","passed","Fri Sep 18 07:45:27 UTC 2026","testcases.backoffice.refund.GetRefundTest","Surefire test","testcases.backoffice.refund.GetRefundTest","getRefundWithCSAdminLogin"
"Add Currency CS Admin Path Menggunakan HTTP Method PUT","4116","addCurrencyWithPutMethod","Surefire suite","Fri Sep 18 06:03:21 UTC 2026","failed","Fri Sep 18 06:03:25 UTC 2026","testcases.backoffice.currency.AddCurrencyTest","Surefire test","testcases.backoffice.currency.AddCurrencyTest","addCurrencyWithPutMethod"
"List Company Backoffice","4729","getListCompany","Surefire suite","Fri Sep 18 07:01:33 UTC 2026","passed","Fri Sep 18 07:01:37 UTC 2026","testcases.backoffice.ListCompanyTest","Surefire test","testcases.backoffice.ListCompanyTest","getListCompany"
"Get Balance Merchant with Login Supervisor","4952","getBalanceMerchantLoginSupervisor","Surefire suite","Fri Sep 18 05:45:57 UTC 2026","passed","Fri Sep 18 05:46:02 UTC 2026","testcases.balance.GetBalanceQrisTest","Surefire test","testcases.balance.GetBalanceQrisTest","getBalanceMerchantLoginSupervisor"
"Success Login Admin Crypto","3166","testLoginAdminCrypto","Surefire suite","Fri Sep 18 06:46:49 UTC 2026","passed","Fri Sep 18 06:46:52 UTC 2026","testcases.auth.LoginTest","Surefire test","testcases.auth.LoginTest","testLoginAdminCrypto"
"Normal Flop Transfer Balance Admin Crypto Success","10608","flopTransferBalanceAdminCrypto","Surefire suite","Fri Sep 18 06:23:50 UTC 2026","passed","Fri Sep 18 06:24:01 UTC 2026","testcases.transfer.TransferFlopTest","Surefire test","testcases.transfer.TransferFlopTest","flopTransferBalanceAdminCrypto"
"Transfer Different Partner Reference, Special Transfer to Manual Transfer","20736","trfPartnerRefManualFailed","Surefire suite","Fri Sep 18 06:17:10 UTC 2026","passed","Fri Sep 18 06:17:31 UTC 2026","testcases.transfer.ManualTransferTest","Surefire test","testcases.transfer.ManualTransferTest","trfPartnerRefManualFailed"
"Refund Summary Dengan Karakter SQL Injection pada Field type","1562","getRefundWithSqlInjectionType","Surefire suite","Fri Sep 18 07:47:24 UTC 2026","passed","Fri Sep 18 07:47:26 UTC 2026","testcases.backoffice.refund.GetRefundTest","Surefire test","testcases.backoffice.refund.GetRefundTest","getRefundWithSqlInjectionType"
"Get List Google Authenticator Menggunakan Login Merchant","4750","listOtpGoogleWithMerchantLogin","Surefire suite","Fri Sep 18 07:58:48 UTC 2026","passed","Fri Sep 18 07:58:53 UTC 2026","testcases.backoffice.googleauth.ListOtpGoogleTest","Surefire test","testcases.backoffice.googleauth.ListOtpGoogleTest","listOtpGoogleWithMerchantLogin"
"Create Manage Settlement BO Menggunakan Login Merchant","4712","addManageSettlementWithMerchantLogin","Surefire suite","Fri Sep 18 07:09:04 UTC 2026","passed","Fri Sep 18 07:09:09 UTC 2026","testcases.backoffice.settlement.AddManageSettlementTest","Surefire test","testcases.backoffice.settlement.AddManageSettlementTest","addManageSettlementWithMerchantLogin"
"List Manage Settlement Backoffice Tanpa Body Sama Sekali","4615","listManageSettlementWithoutBody","Surefire suite","Fri Sep 18 07:18:34 UTC 2026","passed","Fri Sep 18 07:18:38 UTC 2026","testcases.backoffice.settlement.ManageSettlementTest","Surefire test","testcases.backoffice.settlement.ManageSettlementTest","listManageSettlementWithoutBody"
"Delete Group Backoffice Dengan Format id Tidak Valid (Bukan ObjectId)","1591","deleteGroupWithInvalidIdFormat","Surefire suite","Fri Sep 18 07:36:07 UTC 2026","passed","Fri Sep 18 07:36:08 UTC 2026","testcases.backoffice.group.DeleteGroupTest","Surefire test","testcases.backoffice.group.DeleteGroupTest","deleteGroupWithInvalidIdFormat"
"Get Dashboard Backoffice Tanpa Login/Header Auth","1495","getDashboardWithoutAuth","Surefire suite","Fri Sep 18 05:59:30 UTC 2026","passed","Fri Sep 18 05:59:32 UTC 2026","testcases.backoffice.GetDashboardTest","Surefire test","testcases.backoffice.GetDashboardTest","getDashboardWithoutAuth"
"List Waiting Company Backoffice Dengan Token Tidak Valid","1582","listWaitingCompanyWithInvalidToken","Surefire suite","Fri Sep 18 07:26:57 UTC 2026","passed","Fri Sep 18 07:26:59 UTC 2026","testcases.backoffice.ListWaitingCompanyTest","Surefire test","testcases.backoffice.ListWaitingCompanyTest","listWaitingCompanyWithInvalidToken"
"Created Favorite Account Dengan Header companyId Salah","1496","createdFavoriteAccountWithWrongCompanyIdHeader","Surefire suite","Fri Sep 18 06:59:28 UTC 2026","passed","Fri Sep 18 06:59:30 UTC 2026","testcases.settings.favoriteaccount.CreatedFavoriteAccountTest","Surefire test","testcases.settings.favoriteaccount.CreatedFavoriteAccountTest","createdFavoriteAccountWithWrongCompanyIdHeader"
"Get Detail Waiting Company Backoffice Menggunakan HTTP Method PUT","4709","getDetailWaitingCompanyWithPutMethod","Surefire suite","Fri Sep 18 07:44:07 UTC 2026","passed","Fri Sep 18 07:44:11 UTC 2026","testcases.backoffice.GetDetailWaitingCompanyTest","Surefire test","testcases.backoffice.GetDetailWaitingCompanyTest","getDetailWaitingCompanyWithPutMethod"
"Get List Group Backoffice Dengan size Negatif","1549","getListGroupWithNegativeSize","Surefire suite","Fri Sep 18 07:32:47 UTC 2026","passed","Fri Sep 18 07:32:49 UTC 2026","testcases.backoffice.group.GetListGroupTest","Surefire test","testcases.backoffice.group.GetListGroupTest","getListGroupWithNegativeSize"
"Created Favorite Account Dengan Token Valid Tapi Tanpa Header credentialId","1956","createdFavoriteAccountWithoutCredentialIdHeader","Surefire suite","Fri Sep 18 07:00:10 UTC 2026","passed","Fri Sep 18 07:00:12 UTC 2026","testcases.settings.favoriteaccount.CreatedFavoriteAccountTest","Surefire test","testcases.settings.favoriteaccount.CreatedFavoriteAccountTest","createdFavoriteAccountWithoutCredentialIdHeader"
"Get History Transfer Test Admin","13055","historyTransferTestAdmin","Surefire suite","Fri Sep 18 06:10:54 UTC 2026","passed","Fri Sep 18 06:11:07 UTC 2026","testcases.history.HistoryTransferTest","Surefire test","testcases.history.HistoryTransferTest","historyTransferTestAdmin"
"Mutasi USDT Transfer CS","28373","mutasiUSDTTransferCS","Surefire suite","Fri Sep 18 06:45:40 UTC 2026","passed","Fri Sep 18 06:46:09 UTC 2026","testcases.mutasi.MutasiTransferTest","Surefire test","testcases.mutasi.MutasiTransferTest","mutasiUSDTTransferCS"
"Create Manage Settlement BO Dengan Content-Type text/plain","4730","addManageSettlementWithWrongContentType","Surefire suite","Fri Sep 18 07:10:14 UTC 2026","passed","Fri Sep 18 07:10:18 UTC 2026","testcases.backoffice.settlement.AddManageSettlementTest","Surefire test","testcases.backoffice.settlement.AddManageSettlementTest","addManageSettlementWithWrongContentType"
"Get List Group Backoffice Dengan Header pbyv Salah","1507","getListGroupWithWrongPbyvHeader","Surefire suite","Fri Sep 18 07:33:46 UTC 2026","passed","Fri Sep 18 07:33:47 UTC 2026","testcases.backoffice.group.GetListGroupTest","Surefire test","testcases.backoffice.group.GetListGroupTest","getListGroupWithWrongPbyvHeader"
"List Manage Settlement Backoffice Menggunakan HTTP Method GET","4800","listManageSettlementWithGetMethod","Surefire suite","Fri Sep 18 07:16:01 UTC 2026","passed","Fri Sep 18 07:16:06 UTC 2026","testcases.backoffice.settlement.ManageSettlementTest","Surefire test","testcases.backoffice.settlement.ManageSettlementTest","listManageSettlementWithGetMethod"
"Mutasi Transfer Supervisor Balance CS","13743","mutasiTransferSupervisorBalanceCS","Surefire suite","Fri Sep 18 06:42:48 UTC 2026","passed","Fri Sep 18 06:43:02 UTC 2026","testcases.mutasi.MutasiTransferTest","Surefire test","testcases.mutasi.MutasiTransferTest","mutasiTransferSupervisorBalanceCS"
"Add Group Backoffice Menggunakan Login Merchant","4758","addGroupWithMerchantLogin","Surefire suite","Fri Sep 18 07:40:29 UTC 2026","passed","Fri Sep 18 07:40:34 UTC 2026","testcases.backoffice.group.AddGroupTest","Surefire test","testcases.backoffice.group.AddGroupTest","addGroupWithMerchantLogin"
"Inquiry Favorite Account Dengan Field Tidak Dikenal pada Body","1721","inquiryFavoriteAccountWithUnknownField","Surefire suite","Fri Sep 18 06:54:45 UTC 2026","passed","Fri Sep 18 06:54:47 UTC 2026","testcases.settings.favoriteaccount.InquiryFavoriteAccountTest","Surefire test","testcases.settings.favoriteaccount.InquiryFavoriteAccountTest","inquiryFavoriteAccountWithUnknownField"
"Get Notification Sender Menggunakan Login Customer Service","4796","getNotificationSenderWithCSLogin","Surefire suite","Fri Sep 18 07:49:09 UTC 2026","passed","Fri Sep 18 07:49:13 UTC 2026","testcases.backoffice.notifsender.NotificationSenderTest","Surefire test","testcases.backoffice.notifsender.NotificationSenderTest","getNotificationSenderWithCSLogin"
"List User Backoffice Dengan Body Kosong ({})","5014","listUsersWithEmptyBody","Surefire suite","Fri Sep 18 07:55:01 UTC 2026","passed","Fri Sep 18 07:55:06 UTC 2026","testcases.backoffice.users.ListUsersTest","Surefire test","testcases.backoffice.users.ListUsersTest","listUsersWithEmptyBody"
"Resend Google Authenticator Dengan Content-Type text/plain","4697","resendOtpGoogleWithWrongContentType","Surefire suite","Fri Sep 18 08:06:59 UTC 2026","passed","Fri Sep 18 08:07:04 UTC 2026","testcases.backoffice.googleauth.ResendOtpGoogleTest","Surefire test","testcases.backoffice.googleauth.ResendOtpGoogleTest","resendOtpGoogleWithWrongContentType"
"Success Assignment Cash Deposit","12483","assignCashDepositTest","Surefire suite","Fri Sep 18 05:56:42 UTC 2026","passed","Fri Sep 18 05:56:54 UTC 2026","testcases.backoffice.TransferAssignmentTest","Surefire test","testcases.backoffice.TransferAssignmentTest","assignCashDepositTest"
"Add Group Backoffice Dengan name Sangat Panjang","1520","addGroupWithVeryLongName","Surefire suite","Fri Sep 18 07:41:26 UTC 2026","passed","Fri Sep 18 07:41:27 UTC 2026","testcases.backoffice.group.AddGroupTest","Surefire test","testcases.backoffice.group.AddGroupTest","addGroupWithVeryLongName"
"Refund Summary Menggunakan HTTP Method DELETE","1481","getRefundWithDeleteMethod","Surefire suite","Fri Sep 18 07:45:42 UTC 2026","passed","Fri Sep 18 07:45:43 UTC 2026","testcases.backoffice.refund.GetRefundTest","Surefire test","testcases.backoffice.refund.GetRefundTest","getRefundWithDeleteMethod"
"Add Currency USDT Cs Admin","4748","addCurrencyCsAdmin","Surefire suite","Fri Sep 18 06:00:46 UTC 2026","passed","Fri Sep 18 06:00:50 UTC 2026","testcases.backoffice.currency.AddCurrencyTest","Surefire test","testcases.backoffice.currency.AddCurrencyTest","addCurrencyCsAdmin"
"Create Manage Settlement BO Dengan companyId Format Tidak Valid (Bukan ObjectId)","4599","addManageSettlementWithMalformedCompanyId","Surefire suite","Fri Sep 18 07:08:41 UTC 2026","passed","Fri Sep 18 07:08:46 UTC 2026","testcases.backoffice.settlement.AddManageSettlementTest","Surefire test","testcases.backoffice.settlement.AddManageSettlementTest","addManageSettlementWithMalformedCompanyId"
"Add Currency CS Admin Path Dengan rate Berupa Boolean","1510","addCurrencyWithBooleanRate","Surefire suite","Fri Sep 18 06:01:28 UTC 2026","passed","Fri Sep 18 06:01:30 UTC 2026","testcases.backoffice.currency.AddCurrencyTest","Surefire test","testcases.backoffice.currency.AddCurrencyTest","addCurrencyWithBooleanRate"
"Get List Google Authenticator Menggunakan HTTP Method PUT","4724","listOtpGoogleWithPutMethod","Surefire suite","Fri Sep 18 07:59:19 UTC 2026","passed","Fri Sep 18 07:59:23 UTC 2026","testcases.backoffice.googleauth.ListOtpGoogleTest","Surefire test","testcases.backoffice.googleauth.ListOtpGoogleTest","listOtpGoogleWithPutMethod"
"Get List Google Authenticator Ke Path yang Tidak Ada (Typo)","5232","listOtpGoogleWithWrongPath","Surefire suite","Fri Sep 18 07:59:57 UTC 2026","passed","Fri Sep 18 08:00:03 UTC 2026","testcases.backoffice.googleauth.ListOtpGoogleTest","Surefire test","testcases.backoffice.googleauth.ListOtpGoogleTest","listOtpGoogleWithWrongPath"
"Get List Group Backoffice Menggunakan HTTP Method GET","1600","getListGroupWithGetMethod","Surefire suite","Fri Sep 18 07:32:04 UTC 2026","passed","Fri Sep 18 07:32:06 UTC 2026","testcases.backoffice.group.GetListGroupTest","Surefire test","testcases.backoffice.group.GetListGroupTest","getListGroupWithGetMethod"
"Edit User Backoffice","4564","editUserBackoffice","Surefire suite","Fri Sep 18 05:58:17 UTC 2026","passed","Fri Sep 18 05:58:22 UTC 2026","testcases.backoffice.users.EditUserTest","Surefire test","testcases.backoffice.users.EditUserTest","editUserBackoffice"
"List Company Backoffice Menggunakan HTTP Method GET","4877","listCompanyWithGetMethod","Surefire suite","Fri Sep 18 07:02:12 UTC 2026","passed","Fri Sep 18 07:02:16 UTC 2026","testcases.backoffice.ListCompanyTest","Surefire test","testcases.backoffice.ListCompanyTest","listCompanyWithGetMethod"
"List User Backoffice Tanpa Login/Header Auth","1493","listUsersWithoutAuth","Surefire suite","Fri Sep 18 07:56:25 UTC 2026","passed","Fri Sep 18 07:56:26 UTC 2026","testcases.backoffice.users.ListUsersTest","Surefire test","testcases.backoffice.users.ListUsersTest","listUsersWithoutAuth"
"List Manage Settlement Backoffice Dengan Page/Size Negatif","4719","listManageSettlementWithNegativePageSize","Surefire suite","Fri Sep 18 07:17:12 UTC 2026","passed","Fri Sep 18 07:17:17 UTC 2026","testcases.backoffice.settlement.ManageSettlementTest","Surefire test","testcases.backoffice.settlement.ManageSettlementTest","listManageSettlementWithNegativePageSize"
"Test Get Report Transfer Merchant","6449","getReportMutationAdmin","Surefire suite","Fri Sep 18 06:31:38 UTC 2026","passed","Fri Sep 18 06:31:45 UTC 2026","testcases.report.ReportTransactionTest","Surefire test","testcases.report.ReportTransactionTest","getReportMutationAdmin"
"Delete Group Backoffice Menggunakan Login Merchant","4784","deleteGroupWithMerchantLogin","Surefire suite","Fri Sep 18 07:36:33 UTC 2026","passed","Fri Sep 18 07:36:38 UTC 2026","testcases.backoffice.group.DeleteGroupTest","Surefire test","testcases.backoffice.group.DeleteGroupTest","deleteGroupWithMerchantLogin"
"Refund Summary Dengan endDate Bukan Format Tanggal","1511","getRefundWithInvalidEndDate","Surefire suite","Fri Sep 18 07:46:10 UTC 2026","passed","Fri Sep 18 07:46:11 UTC 2026","testcases.backoffice.refund.GetRefundTest","Surefire test","testcases.backoffice.refund.GetRefundTest","getRefundWithInvalidEndDate"
"Get List Group Company BO Tanpa Header groupName","9307","getListGroupCompanyWithoutGroupNameHeader","Surefire suite","Fri Sep 18 07:21:50 UTC 2026","passed","Fri Sep 18 07:21:59 UTC 2026","testcases.backoffice.settlement.GetListGroupCompanyTest","Surefire test","testcases.backoffice.settlement.GetListGroupCompanyTest","getListGroupCompanyWithoutGroupNameHeader"
"Delete Group Backoffice Menggunakan Login CS Admin","4754","deleteGroupWithCSAdminLogin","Surefire suite","Fri Sep 18 07:35:19 UTC 2026","passed","Fri Sep 18 07:35:24 UTC 2026","testcases.backoffice.group.DeleteGroupTest","Surefire test","testcases.backoffice.group.DeleteGroupTest","deleteGroupWithCSAdminLogin"
"Mutasi Transfer Supervisor Balance","10316","mutasiTransferSupervisorBalance","Surefire suite","Fri Sep 18 06:42:35 UTC 2026","passed","Fri Sep 18 06:42:45 UTC 2026","testcases.mutasi.MutasiTransferTest","Surefire test","testcases.mutasi.MutasiTransferTest","mutasiTransferSupervisorBalance"
"Delete Manage Settlement BO Menggunakan Login Marketing","4762","deleteManageSettlementWithMarketingLogin","Surefire suite","Fri Sep 18 07:12:58 UTC 2026","passed","Fri Sep 18 07:13:03 UTC 2026","testcases.backoffice.settlement.DeleteManageSettlementTest","Surefire test","testcases.backoffice.settlement.DeleteManageSettlementTest","deleteManageSettlementWithMarketingLogin"
"Get List Group Backoffice Dengan page Negatif","1639","getListGroupWithNegativePage","Surefire suite","Fri Sep 18 07:32:43 UTC 2026","passed","Fri Sep 18 07:32:44 UTC 2026","testcases.backoffice.group.GetListGroupTest","Surefire test","testcases.backoffice.group.GetListGroupTest","getListGroupWithNegativePage"
"Get Group Detail Backoffice Dengan Header Authorization Tanpa Skema Bearer","1490","getGroupDetailWithMalformedAuthorizationHeader","Surefire suite","Fri Sep 18 07:29:17 UTC 2026","passed","Fri Sep 18 07:29:18 UTC 2026","testcases.backoffice.group.GetGroupTest","Surefire test","testcases.backoffice.group.GetGroupTest","getGroupDetailWithMalformedAuthorizationHeader"
"List Refund Dengan Body JSON Tidak Valid (Malformed)","4572","listRefundWithMalformedJson","Surefire suite","Fri Sep 18 07:05:38 UTC 2026","passed","Fri Sep 18 07:05:42 UTC 2026","testcases.backoffice.ListRefundTest","Surefire test","testcases.backoffice.ListRefundTest","listRefundWithMalformedJson"
"Normal Manual Transfer Success Admin Crypto","6840","manualTransferAdminCrypto","Surefire suite","Fri Sep 18 06:15:54 UTC 2026","passed","Fri Sep 18 06:16:01 UTC 2026","testcases.transfer.ManualTransferTest","Surefire test","testcases.transfer.ManualTransferTest","manualTransferAdminCrypto"
"List Currency USDT Ke Path yang Tidak Ada (Typo)","1735","getCurrencyWithWrongPath","Surefire suite","Fri Sep 18 07:24:41 UTC 2026","passed","Fri Sep 18 07:24:43 UTC 2026","testcases.backoffice.currency.GetCurrencyTest","Surefire test","testcases.backoffice.currency.GetCurrencyTest","getCurrencyWithWrongPath"
"Delete Manage Settlement BO Dengan Header Authorization Tanpa Skema Bearer","1502","deleteManageSettlementWithMalformedAuthorizationHeader","Surefire suite","Fri Sep 18 07:12:46 UTC 2026","passed","Fri Sep 18 07:12:48 UTC 2026","testcases.backoffice.settlement.DeleteManageSettlementTest","Surefire test","testcases.backoffice.settlement.DeleteManageSettlementTest","deleteManageSettlementWithMalformedAuthorizationHeader"
"Add Currency CS Admin Path Dengan Body Berupa JSON Array ([])","4571","addCurrencyWithArrayBody","Surefire suite","Fri Sep 18 06:01:09 UTC 2026","passed","Fri Sep 18 06:01:13 UTC 2026","testcases.backoffice.currency.AddCurrencyTest","Surefire test","testcases.backoffice.currency.AddCurrencyTest","addCurrencyWithArrayBody"
"","5962","listCashDeposit","Surefire suite","Fri Sep 18 05:46:28 UTC 2026","passed","Fri Sep 18 05:46:34 UTC 2026","testcases.backoffice.ListTransferTest","Surefire test","testcases.backoffice.ListTransferTest","listCashDeposit"
"Created Favorite Account Tanpa Field beneficiaryAccountNo","1672","createdFavoriteAccountWithoutBeneficiaryAccountNoField","Surefire suite","Fri Sep 18 06:59:56 UTC 2026","passed","Fri Sep 18 06:59:57 UTC 2026","testcases.settings.favoriteaccount.CreatedFavoriteAccountTest","Surefire test","testcases.settings.favoriteaccount.CreatedFavoriteAccountTest","createdFavoriteAccountWithoutBeneficiaryAccountNoField"
"Created Favorite Account Dengan Header credentialId Salah","1654","createdFavoriteAccountWithWrongCredentialIdHeader","Surefire suite","Fri Sep 18 06:59:37 UTC 2026","passed","Fri Sep 18 06:59:39 UTC 2026","testcases.settings.favoriteaccount.CreatedFavoriteAccountTest","Surefire test","testcases.settings.favoriteaccount.CreatedFavoriteAccountTest","createdFavoriteAccountWithWrongCredentialIdHeader"
"Add Currency CS Admin Path Dengan Bearer Token Kosong","1482","addCurrencyWithEmptyBearerToken","Surefire suite","Fri Sep 18 06:01:54 UTC 2026","passed","Fri Sep 18 06:01:56 UTC 2026","testcases.backoffice.currency.AddCurrencyTest","Surefire test","testcases.backoffice.currency.AddCurrencyTest","addCurrencyWithEmptyBearerToken"
"Delete Group Backoffice Dengan Body Berupa JSON Array ([])","1563","deleteGroupWithArrayBody","Surefire suite","Fri Sep 18 07:35:15 UTC 2026","passed","Fri Sep 18 07:35:16 UTC 2026","testcases.backoffice.group.DeleteGroupTest","Surefire test","testcases.backoffice.group.DeleteGroupTest","deleteGroupWithArrayBody"
"Get Notification Sender Dengan pinValidasi Berupa Angka (Bukan String)","5600","getNotificationSenderWithNumericPinValidasi","Surefire suite","Fri Sep 18 07:51:50 UTC 2026","passed","Fri Sep 18 07:51:56 UTC 2026","testcases.backoffice.notifsender.NotificationSenderTest","Surefire test","testcases.backoffice.notifsender.NotificationSenderTest","getNotificationSenderWithNumericPinValidasi"
"List Waiting Company Backoffice","4682","getListWaitingCompany","Surefire suite","Fri Sep 18 07:25:48 UTC 2026","passed","Fri Sep 18 07:25:53 UTC 2026","testcases.backoffice.ListWaitingCompanyTest","Surefire test","testcases.backoffice.ListWaitingCompanyTest","getListWaitingCompany"
"List Currency USDT Menggunakan Login Merchant","4636","getCurrencyWithMerchantLogin","Surefire suite","Fri Sep 18 07:23:54 UTC 2026","passed","Fri Sep 18 07:23:59 UTC 2026","testcases.backoffice.currency.GetCurrencyTest","Surefire test","testcases.backoffice.currency.GetCurrencyTest","getCurrencyWithMerchantLogin"
"Delete Group Backoffice Menggunakan HTTP Method DELETE","1510","deleteGroupWithDeleteMethod","Surefire suite","Fri Sep 18 07:35:35 UTC 2026","passed","Fri Sep 18 07:35:36 UTC 2026","testcases.backoffice.group.DeleteGroupTest","Surefire test","testcases.backoffice.group.DeleteGroupTest","deleteGroupWithDeleteMethod"
"Get List Google Authenticator Menggunakan Login Admin Crypto","4766","listOtpGoogleWithAdminCryptoLogin","Surefire suite","Fri Sep 18 07:56:45 UTC 2026","passed","Fri Sep 18 07:56:50 UTC 2026","testcases.backoffice.googleauth.ListOtpGoogleTest","Surefire test","testcases.backoffice.googleauth.ListOtpGoogleTest","listOtpGoogleWithAdminCryptoLogin"
"Refund Summary Dengan Token Tidak Valid","1492","getRefundWithInvalidToken","Surefire suite","Fri Sep 18 07:46:19 UTC 2026","passed","Fri Sep 18 07:46:20 UTC 2026","testcases.backoffice.refund.GetRefundTest","Surefire test","testcases.backoffice.refund.GetRefundTest","getRefundWithInvalidToken"
"Inquiry Favorite Account Menggunakan HTTP Method PUT","1493","inquiryFavoriteAccountWithPutMethod","Surefire suite","Fri Sep 18 06:54:36 UTC 2026","passed","Fri Sep 18 06:54:38 UTC 2026","testcases.settings.favoriteaccount.InquiryFavoriteAccountTest","Surefire test","testcases.settings.favoriteaccount.InquiryFavoriteAccountTest","inquiryFavoriteAccountWithPutMethod"
"List Manage Settlement Backoffice Dengan Body Kosong ({})","4606","listManageSettlementWithEmptyBody","Surefire suite","Fri Sep 18 07:15:49 UTC 2026","passed","Fri Sep 18 07:15:54 UTC 2026","testcases.backoffice.settlement.ManageSettlementTest","Surefire test","testcases.backoffice.settlement.ManageSettlementTest","listManageSettlementWithEmptyBody"
"List Company Backoffice Dengan Karakter SQL Injection pada Field Param - Menemukan Bug Gateway Timeout","5018","listCompanyWithSqlInjectionParam","Surefire suite","Fri Sep 18 07:03:23 UTC 2026","passed","Fri Sep 18 07:03:28 UTC 2026","testcases.backoffice.ListCompanyTest","Surefire test","testcases.backoffice.ListCompanyTest","listCompanyWithSqlInjectionParam"
"Test Approve Manual Transfer Supervisor dengan check Fee di Admin Crypto dan Admin Fee","41747","approvedCashDepositBalanceSupervisor","Surefire suite","Fri Sep 18 05:48:06 UTC 2026","passed","Fri Sep 18 05:48:48 UTC 2026","testcases.backoffice.ApprovalTransferTest","Surefire test","testcases.backoffice.ApprovalTransferTest","approvedCashDepositBalanceSupervisor"
"Login Merchant dengan Captcha Salah","3026","testLoginWrongCaptcha","Surefire suite","Fri Sep 18 06:48:54 UTC 2026","passed","Fri Sep 18 06:48:57 UTC 2026","testcases.auth.LoginTest","Surefire test","testcases.auth.LoginTest","testLoginWrongCaptcha"
"Inquiry Test Transfer Merchant","4919","inquiryTransfer","Surefire suite","Fri Sep 18 06:23:01 UTC 2026","passed","Fri Sep 18 06:23:06 UTC 2026","testcases.transfer.InquiryTransferTest","Surefire test","testcases.transfer.InquiryTransferTest","inquiryTransfer"
"Normal Manual Transfer Success with Account Supervisor","10258","manualTransferSupervisor","Surefire suite","Fri Sep 18 06:16:17 UTC 2026","passed","Fri Sep 18 06:16:27 UTC 2026","testcases.transfer.ManualTransferTest","Surefire test","testcases.transfer.ManualTransferTest","manualTransferSupervisor"
"Get Detail Waiting Company Backoffice Tanpa Login/Header Auth","1598","getDetailWaitingCompanyWithoutAuth","Surefire suite","Fri Sep 18 07:44:45 UTC 2026","passed","Fri Sep 18 07:44:47 UTC 2026","testcases.backoffice.GetDetailWaitingCompanyTest","Surefire test","testcases.backoffice.GetDetailWaitingCompanyTest","getDetailWaitingCompanyWithoutAuth"
"Resend Google Authenticator Menggunakan HTTP Method DELETE","4801","resendOtpGoogleWithDeleteMethod","Surefire suite","Fri Sep 18 08:04:24 UTC 2026","passed","Fri Sep 18 08:04:29 UTC 2026","testcases.backoffice.googleauth.ResendOtpGoogleTest","Surefire test","testcases.backoffice.googleauth.ResendOtpGoogleTest","resendOtpGoogleWithDeleteMethod"
"Get Notification Sender Dengan Body Berupa JSON Array ([])","4773","getNotificationSenderWithArrayBody","Surefire suite","Fri Sep 18 07:48:53 UTC 2026","passed","Fri Sep 18 07:48:58 UTC 2026","testcases.backoffice.notifsender.NotificationSenderTest","Surefire test","testcases.backoffice.notifsender.NotificationSenderTest","getNotificationSenderWithArrayBody"
"Add Group Backoffice Menggunakan HTTP Method PATCH","1591","addGroupWithPatchMethod","Surefire suite","Fri Sep 18 07:41:00 UTC 2026","passed","Fri Sep 18 07:41:01 UTC 2026","testcases.backoffice.group.AddGroupTest","Surefire test","testcases.backoffice.group.AddGroupTest","addGroupWithPatchMethod"
"Created Favorite Account Dengan Token Kadaluarsa","1475","createdFavoriteAccountWithExpiredToken","Surefire suite","Fri Sep 18 06:58:47 UTC 2026","passed","Fri Sep 18 06:58:49 UTC 2026","testcases.settings.favoriteaccount.CreatedFavoriteAccountTest","Surefire test","testcases.settings.favoriteaccount.CreatedFavoriteAccountTest","createdFavoriteAccountWithExpiredToken"
"Resend Google Authenticator Menggunakan Login CS Admin","4781","resendOtpGoogleWithCSAdminLogin","Surefire suite","Fri Sep 18 08:04:08 UTC 2026","passed","Fri Sep 18 08:04:13 UTC 2026","testcases.backoffice.googleauth.ResendOtpGoogleTest","Surefire test","testcases.backoffice.googleauth.ResendOtpGoogleTest","resendOtpGoogleWithCSAdminLogin"
"Get Group Detail Backoffice Dengan Group Id Sangat Panjang (10.000 karakter)","4844","getGroupDetailWithOverlongId","Surefire suite","Fri Sep 18 07:29:52 UTC 2026","passed","Fri Sep 18 07:29:57 UTC 2026","testcases.backoffice.group.GetGroupTest","Surefire test","testcases.backoffice.group.GetGroupTest","getGroupDetailWithOverlongId"
"Check Status QR CS","11147","checkStatusQRCS","Surefire suite","Fri Sep 18 06:28:12 UTC 2026","passed","Fri Sep 18 06:28:23 UTC 2026","testcases.QR.CheckStatusQRTest","Surefire test","testcases.QR.CheckStatusQRTest","checkStatusQRCS"
"Get List Group Backoffice Menggunakan HTTP Method PUT","1542","getListGroupWithPutMethod","Surefire suite","Fri Sep 18 07:33:11 UTC 2026","passed","Fri Sep 18 07:33:12 UTC 2026","testcases.backoffice.group.GetListGroupTest","Surefire test","testcases.backoffice.group.GetListGroupTest","getListGroupWithPutMethod"
"List Manage Settlement Backoffice Menggunakan Login Merchant","4594","listManageSettlementWithMerchantLogin","Surefire suite","Fri Sep 18 07:17:04 UTC 2026","passed","Fri Sep 18 07:17:09 UTC 2026","testcases.backoffice.settlement.ManageSettlementTest","Surefire test","testcases.backoffice.settlement.ManageSettlementTest","listManageSettlementWithMerchantLogin"
"Normal Special Transfer Success Admin Crypto","1465","specialTransferAdminCrypto","Surefire suite","Fri Sep 18 06:18:14 UTC 2026","broken","Fri Sep 18 06:18:16 UTC 2026","testcases.transfer.SpecialTransferTest","Surefire test","testcases.transfer.SpecialTransferTest","specialTransferAdminCrypto"
"List Waiting Company Backoffice Dengan Content-Type text/plain","4733","listWaitingCompanyWithWrongContentType","Surefire suite","Fri Sep 18 07:27:53 UTC 2026","passed","Fri Sep 18 07:27:58 UTC 2026","testcases.backoffice.ListWaitingCompanyTest","Surefire test","testcases.backoffice.ListWaitingCompanyTest","listWaitingCompanyWithWrongContentType"
"Create Manage Settlement BO Ke Path yang Tidak Ada (Typo)","5068","addManageSettlementWithWrongPath","Surefire suite","Fri Sep 18 07:10:21 UTC 2026","passed","Fri Sep 18 07:10:26 UTC 2026","testcases.backoffice.settlement.AddManageSettlementTest","Surefire test","testcases.backoffice.settlement.AddManageSettlementTest","addManageSettlementWithWrongPath"
"Get List Group Backoffice Dengan page Bertipe String","1591","getListGroupWithPageAsString","Surefire suite","Fri Sep 18 07:32:57 UTC 2026","passed","Fri Sep 18 07:32:58 UTC 2026","testcases.backoffice.group.GetListGroupTest","Surefire test","testcases.backoffice.group.GetListGroupTest","getListGroupWithPageAsString"
"Transfer Different Partner Reference, Transfer to Special Transfer","1552","trfPartnerRefTransferFailed","Surefire suite","Fri Sep 18 06:18:41 UTC 2026","broken","Fri Sep 18 06:18:43 UTC 2026","testcases.transfer.SpecialTransferTest","Surefire test","testcases.transfer.SpecialTransferTest","trfPartnerRefTransferFailed"
"Mutasi Transfer Balance","10354","mutasiTransferBalance","Surefire suite","Fri Sep 18 06:41:38 UTC 2026","passed","Fri Sep 18 06:41:48 UTC 2026","testcases.mutasi.MutasiTransferTest","Surefire test","testcases.mutasi.MutasiTransferTest","mutasiTransferBalance"
"Get Detail Waiting Company Backoffice Dengan Id Berisi Karakter SQL Injection","4666","getDetailWaitingCompanyWithSqlInjectionId","Surefire suite","Fri Sep 18 07:44:14 UTC 2026","passed","Fri Sep 18 07:44:19 UTC 2026","testcases.backoffice.GetDetailWaitingCompanyTest","Surefire test","testcases.backoffice.GetDetailWaitingCompanyTest","getDetailWaitingCompanyWithSqlInjectionId"
"Login Backoffice dengan Captcha Salah","2915","testLoginBackofficeWrongCaptcha","Surefire suite","Fri Sep 18 06:47:07 UTC 2026","passed","Fri Sep 18 06:47:10 UTC 2026","testcases.auth.LoginTest","Surefire test","testcases.auth.LoginTest","testLoginBackofficeWrongCaptcha"
"Add Currency CS Admin Path Dengan Body Kosong ({})","1526","addCurrencyWithEmptyBody","Surefire suite","Fri Sep 18 06:01:59 UTC 2026","passed","Fri Sep 18 06:02:00 UTC 2026","testcases.backoffice.currency.AddCurrencyTest","Surefire test","testcases.backoffice.currency.AddCurrencyTest","addCurrencyWithEmptyBody"
"List Currency USDT Dengan Field Sort Merujuk ke Kolom yang Tidak Ada","1571","getCurrencyWithInvalidSortField","Surefire suite","Fri Sep 18 07:23:24 UTC 2026","passed","Fri Sep 18 07:23:25 UTC 2026","testcases.backoffice.currency.GetCurrencyTest","Surefire test","testcases.backoffice.currency.GetCurrencyTest","getCurrencyWithInvalidSortField"
"List Currency USDT Dengan Body JSON Tidak Valid (Malformed)","1473","getCurrencyWithMalformedJson","Surefire suite","Fri Sep 18 07:23:37 UTC 2026","passed","Fri Sep 18 07:23:39 UTC 2026","testcases.backoffice.currency.GetCurrencyTest","Surefire test","testcases.backoffice.currency.GetCurrencyTest","getCurrencyWithMalformedJson"
"Add Currency USDT Backoffice","4652","addCurrencyBO","Surefire suite","Fri Sep 18 06:00:38 UTC 2026","passed","Fri Sep 18 06:00:43 UTC 2026","testcases.backoffice.currency.AddCurrencyTest","Surefire test","testcases.backoffice.currency.AddCurrencyTest","addCurrencyBO"
"Transfer Different Partner Reference, Transfer to USDT Transfer","21455","trfPartnerRefTransferFailed","Surefire suite","Fri Sep 18 06:26:02 UTC 2026","passed","Fri Sep 18 06:26:24 UTC 2026","testcases.transfer.TransferUSDTTest","Surefire test","testcases.transfer.TransferUSDTTest","trfPartnerRefTransferFailed"
"Get Detail Waiting Company Backoffice Dengan Id Milik Entitas Lain (Group Id)","4675","getDetailWaitingCompanyWithForeignEntityId","Surefire suite","Fri Sep 18 07:42:55 UTC 2026","passed","Fri Sep 18 07:43:00 UTC 2026","testcases.backoffice.GetDetailWaitingCompanyTest","Surefire test","testcases.backoffice.GetDetailWaitingCompanyTest","getDetailWaitingCompanyWithForeignEntityId"
"Get List Group Company BO Menggunakan Login Merchant","4743","getListGroupCompanyWithMerchantLogin","Surefire suite","Fri Sep 18 07:20:12 UTC 2026","passed","Fri Sep 18 07:20:17 UTC 2026","testcases.backoffice.settlement.GetListGroupCompanyTest","Surefire test","testcases.backoffice.settlement.GetListGroupCompanyTest","getListGroupCompanyWithMerchantLogin"
"Get History USDT Transfer Test CS","11393","historyUSDTTransferTestAdmin","Surefire suite","Fri Sep 18 06:12:29 UTC 2026","passed","Fri Sep 18 06:12:40 UTC 2026","testcases.history.HistoryTransferTest","Surefire test","testcases.history.HistoryTransferTest","historyUSDTTransferTestAdmin"
"Get Notification Sender Menggunakan Login Supervisor","4691","getNotificationSenderWithSupervisorLogin","Surefire suite","Fri Sep 18 07:52:31 UTC 2026","passed","Fri Sep 18 07:52:35 UTC 2026","testcases.backoffice.notifsender.NotificationSenderTest","Surefire test","testcases.backoffice.notifsender.NotificationSenderTest","getNotificationSenderWithSupervisorLogin"
"Resend Google Authenticator Dengan Field Tidak Dikenal pada Body","4789","resendOtpGoogleWithUnknownField","Surefire suite","Fri Sep 18 08:06:51 UTC 2026","failed","Fri Sep 18 08:06:56 UTC 2026","testcases.backoffice.googleauth.ResendOtpGoogleTest","Surefire test","testcases.backoffice.googleauth.ResendOtpGoogleTest","resendOtpGoogleWithUnknownField"
"List Waiting Company Backoffice Dengan Body Berupa JSON Array ([])","4671","listWaitingCompanyWithArrayBody","Surefire suite","Fri Sep 18 07:26:03 UTC 2026","passed","Fri Sep 18 07:26:08 UTC 2026","testcases.backoffice.ListWaitingCompanyTest","Surefire test","testcases.backoffice.ListWaitingCompanyTest","listWaitingCompanyWithArrayBody"
"Get List Favorite Account Dengan Body Berupa Literal null","1458","getListFavoriteAccountWithNullLiteralBody","Surefire suite","Fri Sep 18 06:56:43 UTC 2026","passed","Fri Sep 18 06:56:45 UTC 2026","testcases.settings.favoriteaccount.GetListFavoriteAccountTest","Surefire test","testcases.settings.favoriteaccount.GetListFavoriteAccountTest","getListFavoriteAccountWithNullLiteralBody"
"Get History Manual Transfer Test","8514","historyManualTransferTest","Surefire suite","Fri Sep 18 06:06:54 UTC 2026","passed","Fri Sep 18 06:07:03 UTC 2026","testcases.history.HistoryTransferTest","Surefire test","testcases.history.HistoryTransferTest","historyManualTransferTest"
"Get List Group Company BO Menggunakan Login Marketing","4869","getListGroupCompanyWithMarketingLogin","Surefire suite","Fri Sep 18 07:20:04 UTC 2026","passed","Fri Sep 18 07:20:09 UTC 2026","testcases.backoffice.settlement.GetListGroupCompanyTest","Surefire test","testcases.backoffice.settlement.GetListGroupCompanyTest","getListGroupCompanyWithMarketingLogin"
"Created Favorite Account Dengan Body Berupa Literal null","1514","createdFavoriteAccountWithNullLiteralBody","Surefire suite","Fri Sep 18 06:59:10 UTC 2026","passed","Fri Sep 18 06:59:11 UTC 2026","testcases.settings.favoriteaccount.CreatedFavoriteAccountTest","Surefire test","testcases.settings.favoriteaccount.CreatedFavoriteAccountTest","createdFavoriteAccountWithNullLiteralBody"
"List Currency USDT Menggunakan Login Admin","4652","getCurrencyWithAdminLogin","Surefire suite","Fri Sep 18 07:22:25 UTC 2026","passed","Fri Sep 18 07:22:30 UTC 2026","testcases.backoffice.currency.GetCurrencyTest","Surefire test","testcases.backoffice.currency.GetCurrencyTest","getCurrencyWithAdminLogin"
"List Company Backoffice Menggunakan Login Supervisor","4789","listCompanyWithSupervisorLogin","Surefire suite","Fri Sep 18 07:03:31 UTC 2026","passed","Fri Sep 18 07:03:36 UTC 2026","testcases.backoffice.ListCompanyTest","Surefire test","testcases.backoffice.ListCompanyTest","listCompanyWithSupervisorLogin"
"Get Dashboard Backoffice Menggunakan Login Supervisor","4607","getDashboardWithSupervisorLogin","Surefire suite","Fri Sep 18 05:59:22 UTC 2026","passed","Fri Sep 18 05:59:27 UTC 2026","testcases.backoffice.GetDashboardTest","Surefire test","testcases.backoffice.GetDashboardTest","getDashboardWithSupervisorLogin"
"Test Approve Manual Transfer dengan check Fee di Admin Crypto dan Admin Fee","41563","approvedCashDepositBalance","Surefire suite","Fri Sep 18 05:47:22 UTC 2026","passed","Fri Sep 18 05:48:03 UTC 2026","testcases.backoffice.ApprovalTransferTest","Surefire test","testcases.backoffice.ApprovalTransferTest","approvedCashDepositBalance"
"Get List Google Authenticator Dengan Page/Size Negatif","4668","listOtpGoogleWithNegativePageSize","Surefire suite","Fri Sep 18 07:58:56 UTC 2026","passed","Fri Sep 18 07:59:00 UTC 2026","testcases.backoffice.googleauth.ListOtpGoogleTest","Surefire test","testcases.backoffice.googleauth.ListOtpGoogleTest","listOtpGoogleWithNegativePageSize"
"Created Favorite Account Dengan Content-Type text/plain","1536","createdFavoriteAccountWithWrongContentType","Surefire suite","Fri Sep 18 06:59:33 UTC 2026","passed","Fri Sep 18 06:59:34 UTC 2026","testcases.settings.favoriteaccount.CreatedFavoriteAccountTest","Surefire test","testcases.settings.favoriteaccount.CreatedFavoriteAccountTest","createdFavoriteAccountWithWrongContentType"
"List Currency USDT Tanpa Body Sama Sekali","1491","getCurrencyWithoutBody","Surefire suite","Fri Sep 18 07:24:59 UTC 2026","passed","Fri Sep 18 07:25:01 UTC 2026","testcases.backoffice.currency.GetCurrencyTest","Surefire test","testcases.backoffice.currency.GetCurrencyTest","getCurrencyWithoutBody"
"Delete Google Authenticator Dengan id Valid Secara Format Tapi Tidak Ada","4800","deleteOtpGoogleWithNonExistentId","Surefire suite","Fri Sep 18 08:02:06 UTC 2026","passed","Fri Sep 18 08:02:11 UTC 2026","testcases.backoffice.googleauth.DeleteOtpGoogleTest","Surefire test","testcases.backoffice.googleauth.DeleteOtpGoogleTest","deleteOtpGoogleWithNonExistentId"
"Create Manage Settlement BO Menggunakan Login Supervisor","4991","addManageSettlementWithSupervisorLogin","Surefire suite","Fri Sep 18 07:10:06 UTC 2026","passed","Fri Sep 18 07:10:11 UTC 2026","testcases.backoffice.settlement.AddManageSettlementTest","Surefire test","testcases.backoffice.settlement.AddManageSettlementTest","addManageSettlementWithSupervisorLogin"
"Get List Group Backoffice Dengan Header Authorization Tanpa Skema Bearer","1511","getListGroupWithMalformedAuthorizationHeader","Surefire suite","Fri Sep 18 07:32:18 UTC 2026","passed","Fri Sep 18 07:32:20 UTC 2026","testcases.backoffice.group.GetListGroupTest","Surefire test","testcases.backoffice.group.GetListGroupTest","getListGroupWithMalformedAuthorizationHeader"
"Get Group Detail Backoffice Menggunakan Login CS Admin","4719","getGroupDetailWithCSAdminLogin","Surefire suite","Fri Sep 18 07:28:29 UTC 2026","passed","Fri Sep 18 07:28:34 UTC 2026","testcases.backoffice.group.GetGroupTest","Surefire test","testcases.backoffice.group.GetGroupTest","getGroupDetailWithCSAdminLogin"
"Get Notification Sender Menggunakan Login CS Admin","4838","getNotificationSenderWithCSAdminLogin","Surefire suite","Fri Sep 18 07:49:01 UTC 2026","passed","Fri Sep 18 07:49:06 UTC 2026","testcases.backoffice.notifsender.NotificationSenderTest","Surefire test","testcases.backoffice.notifsender.NotificationSenderTest","getNotificationSenderWithCSAdminLogin"
"Login Merchant tanpa Parameter Password","3067","testLoginMissingPasswordParam","Surefire suite","Fri Sep 18 06:48:04 UTC 2026","passed","Fri Sep 18 06:48:07 UTC 2026","testcases.auth.LoginTest","Surefire test","testcases.auth.LoginTest","testLoginMissingPasswordParam"
"Delete Group Backoffice Dengan Karakter SQL Injection pada id","1692","deleteGroupWithSqlInjectionId","Surefire suite","Fri Sep 18 07:37:18 UTC 2026","passed","Fri Sep 18 07:37:20 UTC 2026","testcases.backoffice.group.DeleteGroupTest","Surefire test","testcases.backoffice.group.DeleteGroupTest","deleteGroupWithSqlInjectionId"
"List Waiting Company Backoffice Tanpa Body Sama Sekali","4779","listWaitingCompanyWithoutBody","Surefire suite","Fri Sep 18 07:28:06 UTC 2026","passed","Fri Sep 18 07:28:10 UTC 2026","testcases.backoffice.ListWaitingCompanyTest","Surefire test","testcases.backoffice.ListWaitingCompanyTest","listWaitingCompanyWithoutBody"
"Inquiry Favorite Account Tanpa Login/Header Auth","1542","inquiryFavoriteAccountWithoutAuth","Surefire suite","Fri Sep 18 06:55:08 UTC 2026","passed","Fri Sep 18 06:55:10 UTC 2026","testcases.settings.favoriteaccount.InquiryFavoriteAccountTest","Surefire test","testcases.settings.favoriteaccount.InquiryFavoriteAccountTest","inquiryFavoriteAccountWithoutAuth"
"Get List Google Authenticator Tanpa Login/Header Auth","1504","listOtpGoogleWithoutAuth","Surefire suite","Fri Sep 18 08:00:06 UTC 2026","passed","Fri Sep 18 08:00:07 UTC 2026","testcases.backoffice.googleauth.ListOtpGoogleTest","Surefire test","testcases.backoffice.googleauth.ListOtpGoogleTest","listOtpGoogleWithoutAuth"
"Get History USDT Transfer Test Supervisor","8286","historyUSDTTransferTestSupervisor","Surefire suite","Fri Sep 18 06:13:24 UTC 2026","passed","Fri Sep 18 06:13:32 UTC 2026","testcases.history.HistoryTransferTest","Surefire test","testcases.history.HistoryTransferTest","historyUSDTTransferTestSupervisor"
"Get List Group Backoffice Dengan Body Kosong ({})","1715","getListGroupWithEmptyBody","Surefire suite","Fri Sep 18 07:31:51 UTC 2026","passed","Fri Sep 18 07:31:52 UTC 2026","testcases.backoffice.group.GetListGroupTest","Surefire test","testcases.backoffice.group.GetListGroupTest","getListGroupWithEmptyBody"
"Add Merchant From CS Admin","5081","addCompanyCsAdmin","Surefire suite","Fri Sep 18 05:57:38 UTC 2026","passed","Fri Sep 18 05:57:43 UTC 2026","testcases.backoffice.AddCompanyTest","Surefire test","testcases.backoffice.AddCompanyTest","addCompanyCsAdmin"
"Inquiry Favorite Account Menggunakan HTTP Method DELETE","1465","inquiryFavoriteAccountWithDeleteMethod","Surefire suite","Fri Sep 18 06:53:46 UTC 2026","passed","Fri Sep 18 06:53:47 UTC 2026","testcases.settings.favoriteaccount.InquiryFavoriteAccountTest","Surefire test","testcases.settings.favoriteaccount.InquiryFavoriteAccountTest","inquiryFavoriteAccountWithDeleteMethod"
"Get List Group Company BO Tanpa Login/Header Auth","1546","getListGroupCompanyWithoutAuth","Surefire suite","Fri Sep 18 07:21:45 UTC 2026","passed","Fri Sep 18 07:21:47 UTC 2026","testcases.backoffice.settlement.GetListGroupCompanyTest","Surefire test","testcases.backoffice.settlement.GetListGroupCompanyTest","getListGroupCompanyWithoutAuth"
"Add Group Backoffice Dengan name null","1555","addGroupWithNullName","Surefire suite","Fri Sep 18 07:40:51 UTC 2026","passed","Fri Sep 18 07:40:52 UTC 2026","testcases.backoffice.group.AddGroupTest","Surefire test","testcases.backoffice.group.AddGroupTest","addGroupWithNullName"
"","4742","listSettlement","Surefire suite","Fri Sep 18 05:46:37 UTC 2026","passed","Fri Sep 18 05:46:42 UTC 2026","testcases.backoffice.ListTransferTest","Surefire test","testcases.backoffice.ListTransferTest","listSettlement"
"Add Group Backoffice Dengan Header pbyv Salah","1511","addGroupWithWrongPbyvHeader","Surefire suite","Fri Sep 18 07:41:44 UTC 2026","passed","Fri Sep 18 07:41:45 UTC 2026","testcases.backoffice.group.AddGroupTest","Surefire test","testcases.backoffice.group.AddGroupTest","addGroupWithWrongPbyvHeader"
"Delete Group Backoffice Menggunakan Login Supervisor","4910","deleteGroupWithSupervisorLogin","Surefire suite","Fri Sep 18 07:37:23 UTC 2026","passed","Fri Sep 18 07:37:28 UTC 2026","testcases.backoffice.group.DeleteGroupTest","Surefire test","testcases.backoffice.group.DeleteGroupTest","deleteGroupWithSupervisorLogin"
"Refund Summary Menggunakan Login Merchant","4921","getRefundWithMerchantLogin","Surefire suite","Fri Sep 18 07:46:45 UTC 2026","passed","Fri Sep 18 07:46:50 UTC 2026","testcases.backoffice.refund.GetRefundTest","Surefire test","testcases.backoffice.refund.GetRefundTest","getRefundWithMerchantLogin"
"Get User Backoffice Tanpa Login/Header Auth","1437","getUserWithoutAuth","Surefire suite","Fri Sep 18 06:00:33 UTC 2026","passed","Fri Sep 18 06:00:35 UTC 2026","testcases.backoffice.GetDashboardTest","Surefire test","testcases.backoffice.GetDashboardTest","getUserWithoutAuth"
"Get History Special Transfer Test Fee Admin","11478","historySpecialTransferTestFeeAdmin","Surefire suite","Fri Sep 18 06:09:45 UTC 2026","passed","Fri Sep 18 06:09:56 UTC 2026","testcases.history.HistoryTransferTest","Surefire test","testcases.history.HistoryTransferTest","historySpecialTransferTestFeeAdmin"
"Create Manage Settlement BO Dengan Body Kosong ({})","4764","addManageSettlementWithEmptyBody","Surefire suite","Fri Sep 18 07:07:49 UTC 2026","passed","Fri Sep 18 07:07:54 UTC 2026","testcases.backoffice.settlement.AddManageSettlementTest","Surefire test","testcases.backoffice.settlement.AddManageSettlementTest","addManageSettlementWithEmptyBody"
"Test Get Report Transaction Supervisor","4870","getReportTransactionSupervisor","Surefire suite","Fri Sep 18 06:32:19 UTC 2026","passed","Fri Sep 18 06:32:24 UTC 2026","testcases.report.ReportTransactionTest","Surefire test","testcases.report.ReportTransactionTest","getReportTransactionSupervisor"
"Wrong Password Login Merchant","3184","testLoginWrongPassword","Surefire suite","Fri Sep 18 06:49:00 UTC 2026","passed","Fri Sep 18 06:49:04 UTC 2026","testcases.auth.LoginTest","Surefire test","testcases.auth.LoginTest","testLoginWrongPassword"
"List Currency USDT Menggunakan HTTP Method PUT","1627","getCurrencyWithPutMethod","Surefire suite","Fri Sep 18 07:24:15 UTC 2026","passed","Fri Sep 18 07:24:17 UTC 2026","testcases.backoffice.currency.GetCurrencyTest","Surefire test","testcases.backoffice.currency.GetCurrencyTest","getCurrencyWithPutMethod"
"Get Notification Sender Menggunakan HTTP Method DELETE","4851","getNotificationSenderWithDeleteMethod","Surefire suite","Fri Sep 18 07:49:16 UTC 2026","passed","Fri Sep 18 07:49:21 UTC 2026","testcases.backoffice.notifsender.NotificationSenderTest","Surefire test","testcases.backoffice.notifsender.NotificationSenderTest","getNotificationSenderWithDeleteMethod"
"Delete Manage Settlement BO Menggunakan Login Customer Service","4682","deleteManageSettlementWithCSLogin","Surefire suite","Fri Sep 18 07:12:07 UTC 2026","passed","Fri Sep 18 07:12:11 UTC 2026","testcases.backoffice.settlement.DeleteManageSettlementTest","Surefire test","testcases.backoffice.settlement.DeleteManageSettlementTest","deleteManageSettlementWithCSLogin"
"Inquiry Favorite Account Tanpa Body Sama Sekali","1540","inquiryFavoriteAccountWithoutBody","Surefire suite","Fri Sep 18 06:55:22 UTC 2026","passed","Fri Sep 18 06:55:24 UTC 2026","testcases.settings.favoriteaccount.InquiryFavoriteAccountTest","Surefire test","testcases.settings.favoriteaccount.InquiryFavoriteAccountTest","inquiryFavoriteAccountWithoutBody"
"Get List Favorite Account Tanpa Login/Header Auth","1546","getListFavoriteAccountWithoutAuth","Surefire suite","Fri Sep 18 06:57:33 UTC 2026","passed","Fri Sep 18 06:57:35 UTC 2026","testcases.settings.favoriteaccount.GetListFavoriteAccountTest","Surefire test","testcases.settings.favoriteaccount.GetListFavoriteAccountTest","getListFavoriteAccountWithoutAuth"
"List Waiting Company Backoffice Dengan Header Authorization Tanpa Skema Bearer","1497","listWaitingCompanyWithMalformedAuthorizationHeader","Surefire suite","Fri Sep 18 07:27:02 UTC 2026","passed","Fri Sep 18 07:27:04 UTC 2026","testcases.backoffice.ListWaitingCompanyTest","Surefire test","testcases.backoffice.ListWaitingCompanyTest","listWaitingCompanyWithMalformedAuthorizationHeader"
"List Currency USDT Menggunakan HTTP Method GET","1516","getCurrencyWithGetMethod","Surefire suite","Fri Sep 18 07:23:10 UTC 2026","passed","Fri Sep 18 07:23:11 UTC 2026","testcases.backoffice.currency.GetCurrencyTest","Surefire test","testcases.backoffice.currency.GetCurrencyTest","getCurrencyWithGetMethod"
"Get History QR Paid Merchant on login CS Admin","19634","historyQRPaidMerchantCSAdmin","Surefire suite","Fri Sep 18 06:13:49 UTC 2026","passed","Fri Sep 18 06:14:09 UTC 2026","testcases.history.HistoryQRTest","Surefire test","testcases.history.HistoryQRTest","historyQRPaidMerchantCSAdmin"
"Get List Group Company BO Menggunakan HTTP Method POST","4699","getListGroupCompanyWithPostMethod","Surefire suite","Fri Sep 18 07:20:51 UTC 2026","passed","Fri Sep 18 07:20:56 UTC 2026","testcases.backoffice.settlement.GetListGroupCompanyTest","Surefire test","testcases.backoffice.settlement.GetListGroupCompanyTest","getListGroupCompanyWithPostMethod"
"Get History USDT Transfer Supervisor on Login CS Admin","11879","historyUSDTTransferSupervisorTestCSAdmin","Surefire suite","Fri Sep 18 06:12:03 UTC 2026","passed","Fri Sep 18 06:12:14 UTC 2026","testcases.history.HistoryTransferTest","Surefire test","testcases.history.HistoryTransferTest","historyUSDTTransferSupervisorTestCSAdmin"
"Get List Group Ke Path yang Tidak Ada (Typo)","1827","getListGroupWithWrongPath","Surefire suite","Fri Sep 18 07:33:41 UTC 2026","passed","Fri Sep 18 07:33:43 UTC 2026","testcases.backoffice.group.GetListGroupTest","Surefire test","testcases.backoffice.group.GetListGroupTest","getListGroupWithWrongPath"
"Transfer Success Admin Crypto with before and after Balanced","9009","transferBalanceAdminCrypto","Surefire suite","Fri Sep 18 06:19:28 UTC 2026","failed","Fri Sep 18 06:19:37 UTC 2026","testcases.transfer.TransferTest","Surefire test","testcases.transfer.TransferTest","transferBalanceAdminCrypto"
"Get Detail Waiting Company Backoffice Dengan Header Authorization Tanpa Skema Bearer","1480","getDetailWaitingCompanyWithMalformedAuthorizationHeader","Surefire suite","Fri Sep 18 07:43:07 UTC 2026","passed","Fri Sep 18 07:43:09 UTC 2026","testcases.backoffice.GetDetailWaitingCompanyTest","Surefire test","testcases.backoffice.GetDetailWaitingCompanyTest","getDetailWaitingCompanyWithMalformedAuthorizationHeader"
"Mutasi USDT Transfer Balance CS","32804","mutasiUSDTTransferBalanceCS","Surefire suite","Fri Sep 18 06:44:28 UTC 2026","passed","Fri Sep 18 06:45:01 UTC 2026","testcases.mutasi.MutasiTransferTest","Surefire test","testcases.mutasi.MutasiTransferTest","mutasiUSDTTransferBalanceCS"
"Add Currency CS Admin Path Dengan Field rate Bernilai null","1545","addCurrencyWithNullRate","Surefire suite","Fri Sep 18 06:03:04 UTC 2026","broken","Fri Sep 18 06:03:06 UTC 2026","testcases.backoffice.currency.AddCurrencyTest","Surefire test","testcases.backoffice.currency.AddCurrencyTest","addCurrencyWithNullRate"
"Test Get Bank Statement","4735","getReportBankStatementAdmin","Surefire suite","Fri Sep 18 06:31:15 UTC 2026","passed","Fri Sep 18 06:31:20 UTC 2026","testcases.report.ReportTransactionTest","Surefire test","testcases.report.ReportTransactionTest","getReportBankStatementAdmin"
"Test Reject USDT Supervisor","17551","rejectedUSDTSupervisor","Surefire suite","Fri Sep 18 05:54:26 UTC 2026","passed","Fri Sep 18 05:54:44 UTC 2026","testcases.backoffice.ApprovalTransferTest","Surefire test","testcases.backoffice.ApprovalTransferTest","rejectedUSDTSupervisor"
"Login Merchant dengan Username Mengandung SQL Injection","3006","testLoginSqlInjectionUsername","Surefire suite","Fri Sep 18 06:48:30 UTC 2026","passed","Fri Sep 18 06:48:33 UTC 2026","testcases.auth.LoginTest","Surefire test","testcases.auth.LoginTest","testLoginSqlInjectionUsername"
"Refund Summary Dengan Payload XSS pada Field type","1565","getRefundWithXssType","Surefire suite","Fri Sep 18 07:47:56 UTC 2026","passed","Fri Sep 18 07:47:57 UTC 2026","testcases.backoffice.refund.GetRefundTest","Surefire test","testcases.backoffice.refund.GetRefundTest","getRefundWithXssType"
"List Manage Settlement Backoffice Tanpa Login/Header Auth","1472","listManageSettlementWithoutAuth","Surefire suite","Fri Sep 18 07:18:29 UTC 2026","passed","Fri Sep 18 07:18:31 UTC 2026","testcases.backoffice.settlement.ManageSettlementTest","Surefire test","testcases.backoffice.settlement.ManageSettlementTest","listManageSettlementWithoutAuth"
"Refund Summary Dengan Content-Type text/plain","1522","getRefundWithWrongContentType","Surefire suite","Fri Sep 18 07:47:42 UTC 2026","passed","Fri Sep 18 07:47:43 UTC 2026","testcases.backoffice.refund.GetRefundTest","Surefire test","testcases.backoffice.refund.GetRefundTest","getRefundWithWrongContentType"
"Resend Google Authenticator Tanpa Login/Header Auth","1536","resendOtpGoogleWithoutAuth","Surefire suite","Fri Sep 18 08:07:23 UTC 2026","passed","Fri Sep 18 08:07:24 UTC 2026","testcases.backoffice.googleauth.ResendOtpGoogleTest","Surefire test","testcases.backoffice.googleauth.ResendOtpGoogleTest","resendOtpGoogleWithoutAuth"
"Delete Google Authenticator Menggunakan Login Supervisor","5060","deleteOtpGoogleWithSupervisorLogin","Surefire suite","Fri Sep 18 08:02:53 UTC 2026","passed","Fri Sep 18 08:02:58 UTC 2026","testcases.backoffice.googleauth.DeleteOtpGoogleTest","Surefire test","testcases.backoffice.googleauth.DeleteOtpGoogleTest","deleteOtpGoogleWithSupervisorLogin"
"Get List Group Backoffice Dengan Karakter SQL Injection pada sort","1581","getListGroupWithSqlInjectionSort","Surefire suite","Fri Sep 18 07:33:20 UTC 2026","failed","Fri Sep 18 07:33:21 UTC 2026","testcases.backoffice.group.GetListGroupTest","Surefire test","testcases.backoffice.group.GetListGroupTest","getListGroupWithSqlInjectionSort"
"List Company Backoffice Tanpa Login/Header Auth","1467","listCompanyWithoutAuth","Surefire suite","Fri Sep 18 07:03:47 UTC 2026","passed","Fri Sep 18 07:03:48 UTC 2026","testcases.backoffice.ListCompanyTest","Surefire test","testcases.backoffice.ListCompanyTest","listCompanyWithoutAuth"
"List Manage Settlement Backoffice Dengan Token Kadaluarsa","1538","listManageSettlementWithExpiredToken","Surefire suite","Fri Sep 18 07:15:57 UTC 2026","passed","Fri Sep 18 07:15:58 UTC 2026","testcases.backoffice.settlement.ManageSettlementTest","Surefire test","testcases.backoffice.settlement.ManageSettlementTest","listManageSettlementWithExpiredToken"
"Get Notification Sender Tanpa Field pinValidasi","4646","getNotificationSenderWithoutPinValidasi","Surefire suite","Fri Sep 18 07:53:30 UTC 2026","passed","Fri Sep 18 07:53:35 UTC 2026","testcases.backoffice.notifsender.NotificationSenderTest","Surefire test","testcases.backoffice.notifsender.NotificationSenderTest","getNotificationSenderWithoutPinValidasi"
"Get List Group Company BO Dengan groupName Berisi Karakter SQL Injection","4557","getListGroupCompanyWithSqlInjectionGroupName","Surefire suite","Fri Sep 18 07:21:07 UTC 2026","passed","Fri Sep 18 07:21:11 UTC 2026","testcases.backoffice.settlement.GetListGroupCompanyTest","Surefire test","testcases.backoffice.settlement.GetListGroupCompanyTest","getListGroupCompanyWithSqlInjectionGroupName"
"Delete Group Backoffice Dengan Token Backoffice Valid Tapi Tanpa Header pbyv","1507","deleteGroupWithoutPbyvHeader","Surefire suite","Fri Sep 18 07:38:16 UTC 2026","passed","Fri Sep 18 07:38:18 UTC 2026","testcases.backoffice.group.DeleteGroupTest","Surefire test","testcases.backoffice.group.DeleteGroupTest","deleteGroupWithoutPbyvHeader"
"Inquiry Favorite Account Supervisor","7976","inquiryFavoriteAccountSupervisor","Surefire suite","Fri Sep 18 06:53:27 UTC 2026","failed","Fri Sep 18 06:53:35 UTC 2026","testcases.settings.favoriteaccount.InquiryFavoriteAccountTest","Surefire test","testcases.settings.favoriteaccount.InquiryFavoriteAccountTest","inquiryFavoriteAccountSupervisor"
"Refund Summary Tanpa Body Sama Sekali","1500","getRefundWithoutBody","Surefire suite","Fri Sep 18 07:48:05 UTC 2026","passed","Fri Sep 18 07:48:06 UTC 2026","testcases.backoffice.refund.GetRefundTest","Surefire test","testcases.backoffice.refund.GetRefundTest","getRefundWithoutBody"
"Get Detail Waiting Company Backoffice Menggunakan HTTP Method DELETE","4589","getDetailWaitingCompanyWithDeleteMethod","Surefire suite","Fri Sep 18 07:42:35 UTC 2026","passed","Fri Sep 18 07:42:39 UTC 2026","testcases.backoffice.GetDetailWaitingCompanyTest","Surefire test","testcases.backoffice.GetDetailWaitingCompanyTest","getDetailWaitingCompanyWithDeleteMethod"
"Get Notification Sender Dengan Sort Tanpa Operator '=='","4940","getNotificationSenderWithMalformedSortOperator","Surefire suite","Fri Sep 18 07:51:04 UTC 2026","passed","Fri Sep 18 07:51:08 UTC 2026","testcases.backoffice.notifsender.NotificationSenderTest","Surefire test","testcases.backoffice.notifsender.NotificationSenderTest","getNotificationSenderWithMalformedSortOperator"
"Refund Summary Dengan type Bertipe Angka (Bukan String)","1534","getRefundWithNumericType","Surefire suite","Fri Sep 18 07:47:06 UTC 2026","passed","Fri Sep 18 07:47:08 UTC 2026","testcases.backoffice.refund.GetRefundTest","Surefire test","testcases.backoffice.refund.GetRefundTest","getRefundWithNumericType"
"List User Backoffice","4796","listUsersBO","Surefire suite","Fri Sep 18 07:54:38 UTC 2026","passed","Fri Sep 18 07:54:43 UTC 2026","testcases.backoffice.users.ListUsersTest","Surefire test","testcases.backoffice.users.ListUsersTest","listUsersBO"
"Add Group Backoffice Dengan name String Kosong","1621","addGroupWithEmptyName","Surefire suite","Fri Sep 18 07:39:36 UTC 2026","passed","Fri Sep 18 07:39:37 UTC 2026","testcases.backoffice.group.AddGroupTest","Surefire test","testcases.backoffice.group.AddGroupTest","addGroupWithEmptyName"
"Reset Password Supervisor","5006","resetPasswordSupervisor","Surefire suite","Fri Sep 18 06:53:00 UTC 2026","passed","Fri Sep 18 06:53:05 UTC 2026","testcases.settings.ResetPasswordTest","Surefire test","testcases.settings.ResetPasswordTest","resetPasswordSupervisor"
"Normal Flop Transfer Balance Success","11281","flopTransferBalance","Surefire suite","Fri Sep 18 06:23:36 UTC 2026","passed","Fri Sep 18 06:23:47 UTC 2026","testcases.transfer.TransferFlopTest","Surefire test","testcases.transfer.TransferFlopTest","flopTransferBalance"
"Delete Manage Settlement BO Menggunakan Login Admin","4747","deleteManageSettlementWithAdminLogin","Surefire suite","Fri Sep 18 07:11:39 UTC 2026","passed","Fri Sep 18 07:11:43 UTC 2026","testcases.backoffice.settlement.DeleteManageSettlementTest","Surefire test","testcases.backoffice.settlement.DeleteManageSettlementTest","deleteManageSettlementWithAdminLogin"
"Refund Summary Dengan Header Authorization Tanpa Skema Bearer","1602","getRefundWithMalformedAuthorizationHeader","Surefire suite","Fri Sep 18 07:46:28 UTC 2026","passed","Fri Sep 18 07:46:29 UTC 2026","testcases.backoffice.refund.GetRefundTest","Surefire test","testcases.backoffice.refund.GetRefundTest","getRefundWithMalformedAuthorizationHeader"
"Get List Favorite Account Dengan Header companyId Salah","1486","getListFavoriteAccountWithWrongCompanyIdHeader","Surefire suite","Fri Sep 18 06:57:15 UTC 2026","passed","Fri Sep 18 06:57:16 UTC 2026","testcases.settings.favoriteaccount.GetListFavoriteAccountTest","Surefire test","testcases.settings.favoriteaccount.GetListFavoriteAccountTest","getListFavoriteAccountWithWrongCompanyIdHeader"
"Inquiry Favorite Account Dengan beneficiaryAccountNo Tidak Pernah Ada","1642","inquiryFavoriteAccountWithNonExistentBeneficiaryAccountNo","Surefire suite","Fri Sep 18 06:54:22 UTC 2026","passed","Fri Sep 18 06:54:24 UTC 2026","testcases.settings.favoriteaccount.InquiryFavoriteAccountTest","Surefire test","testcases.settings.favoriteaccount.InquiryFavoriteAccountTest","inquiryFavoriteAccountWithNonExistentBeneficiaryAccountNo"
"Get History Transfer Merchant on Login CS Admin","12677","historyTransferMerchantTestCSAdmin","Surefire suite","Fri Sep 18 06:10:12 UTC 2026","passed","Fri Sep 18 06:10:24 UTC 2026","testcases.history.HistoryTransferTest","Surefire test","testcases.history.HistoryTransferTest","historyTransferMerchantTestCSAdmin"
"Get History Manual Transfer Test Admin Crypto","8332","historyManualTransferTestAdminCrypto","Surefire suite","Fri Sep 18 06:07:20 UTC 2026","passed","Fri Sep 18 06:07:29 UTC 2026","testcases.history.HistoryTransferTest","Surefire test","testcases.history.HistoryTransferTest","historyManualTransferTestAdminCrypto"
"Check Status QR Supervisor","9778","checkStatusQRSupervisor","Surefire suite","Fri Sep 18 06:28:35 UTC 2026","passed","Fri Sep 18 06:28:45 UTC 2026","testcases.QR.CheckStatusQRTest","Surefire test","testcases.QR.CheckStatusQRTest","checkStatusQRSupervisor"
"Refund Summary Tanpa Field startDate","1552","getRefundWithoutStartDate","Surefire suite","Fri Sep 18 07:48:18 UTC 2026","passed","Fri Sep 18 07:48:20 UTC 2026","testcases.backoffice.refund.GetRefundTest","Surefire test","testcases.backoffice.refund.GetRefundTest","getRefundWithoutStartDate"
"Mutasi Manual Transfer CS","27982","mutasiManualTransferCS","Surefire suite","Fri Sep 18 06:36:04 UTC 2026","passed","Fri Sep 18 06:36:32 UTC 2026","testcases.mutasi.MutasiTransferTest","Surefire test","testcases.mutasi.MutasiTransferTest","mutasiManualTransferCS"
"Get List Group Company BO Ke Path yang Tidak Ada (Typo)","4925","getListGroupCompanyWithWrongPath","Surefire suite","Fri Sep 18 07:21:30 UTC 2026","passed","Fri Sep 18 07:21:35 UTC 2026","testcases.backoffice.settlement.GetListGroupCompanyTest","Surefire test","testcases.backoffice.settlement.GetListGroupCompanyTest","getListGroupCompanyWithWrongPath"
"Normal Transfer USDT Supervisor Success","6608","usdtTransferSupervisor","Surefire suite","Fri Sep 18 06:26:49 UTC 2026","passed","Fri Sep 18 06:26:56 UTC 2026","testcases.transfer.TransferUSDTTest","Surefire test","testcases.transfer.TransferUSDTTest","usdtTransferSupervisor"
"Get Group Detail Backoffice Menggunakan Login Group","4593","getGroupDetailWithGroupLogin","Surefire suite","Fri Sep 18 07:29:04 UTC 2026","passed","Fri Sep 18 07:29:09 UTC 2026","testcases.backoffice.group.GetGroupTest","Surefire test","testcases.backoffice.group.GetGroupTest","getGroupDetailWithGroupLogin"
"List Company Backoffice Dengan Body JSON Tidak Valid (Malformed)","4565","listCompanyWithMalformedJson","Surefire suite","Fri Sep 18 07:02:53 UTC 2026","passed","Fri Sep 18 07:02:57 UTC 2026","testcases.backoffice.ListCompanyTest","Surefire test","testcases.backoffice.ListCompanyTest","listCompanyWithMalformedJson"
"Create Manage Settlement BO Menggunakan HTTP Method DELETE","4529","addManageSettlementWithDeleteMethod","Surefire suite","Fri Sep 18 07:07:28 UTC 2026","passed","Fri Sep 18 07:07:32 UTC 2026","testcases.backoffice.settlement.AddManageSettlementTest","Surefire test","testcases.backoffice.settlement.AddManageSettlementTest","addManageSettlementWithDeleteMethod"
"Get Notification Sender Dengan Token Tidak Valid","1488","getNotificationSenderWithInvalidToken","Surefire suite","Fri Sep 18 07:50:47 UTC 2026","passed","Fri Sep 18 07:50:48 UTC 2026","testcases.backoffice.notifsender.NotificationSenderTest","Surefire test","testcases.backoffice.notifsender.NotificationSenderTest","getNotificationSenderWithInvalidToken"
"Add Currency CS Admin Path Dengan Header Authorization Tanpa Skema Bearer","1479","addCurrencyWithMalformedAuthorizationHeader","Surefire suite","Fri Sep 18 06:02:21 UTC 2026","passed","Fri Sep 18 06:02:23 UTC 2026","testcases.backoffice.currency.AddCurrencyTest","Surefire test","testcases.backoffice.currency.AddCurrencyTest","addCurrencyWithMalformedAuthorizationHeader"
"Get Notification Sender Dengan Body Berupa Literal null","4818","getNotificationSenderWithNullLiteralBody","Surefire suite","Fri Sep 18 07:51:35 UTC 2026","passed","Fri Sep 18 07:51:40 UTC 2026","testcases.backoffice.notifsender.NotificationSenderTest","Surefire test","testcases.backoffice.notifsender.NotificationSenderTest","getNotificationSenderWithNullLiteralBody"
"Inquiry Favorite Account Ke Path yang Tidak Ada (Typo)","1851","inquiryFavoriteAccountWithWrongPath","Surefire suite","Fri Sep 18 06:55:04 UTC 2026","passed","Fri Sep 18 06:55:05 UTC 2026","testcases.settings.favoriteaccount.InquiryFavoriteAccountTest","Surefire test","testcases.settings.favoriteaccount.InquiryFavoriteAccountTest","inquiryFavoriteAccountWithWrongPath"
"Delete Manage Settlement BO Menggunakan HTTP Method PATCH","4830","deleteManageSettlementWithPatchMethod","Surefire suite","Fri Sep 18 07:13:29 UTC 2026","passed","Fri Sep 18 07:13:34 UTC 2026","testcases.backoffice.settlement.DeleteManageSettlementTest","Surefire test","testcases.backoffice.settlement.DeleteManageSettlementTest","deleteManageSettlementWithPatchMethod"
"Delete Google Authenticator Tanpa Login/Header Auth","1502","deleteOtpGoogleWithoutAuth","Surefire suite","Fri Sep 18 08:03:25 UTC 2026","passed","Fri Sep 18 08:03:26 UTC 2026","testcases.backoffice.googleauth.DeleteOtpGoogleTest","Surefire test","testcases.backoffice.googleauth.DeleteOtpGoogleTest","deleteOtpGoogleWithoutAuth"
"Transfer Different Partner Reference, Manual Transfer to USDT Transfer","21232","trfPartnerRefManualFailed","Surefire suite","Fri Sep 18 06:25:14 UTC 2026","passed","Fri Sep 18 06:25:35 UTC 2026","testcases.transfer.TransferUSDTTest","Surefire test","testcases.transfer.TransferUSDTTest","trfPartnerRefManualFailed"
"Get List Favorite Account Dengan Content-Type text/plain","1520","getListFavoriteAccountWithWrongContentType","Surefire suite","Fri Sep 18 06:57:19 UTC 2026","passed","Fri Sep 18 06:57:21 UTC 2026","testcases.settings.favoriteaccount.GetListFavoriteAccountTest","Surefire test","testcases.settings.favoriteaccount.GetListFavoriteAccountTest","getListFavoriteAccountWithWrongContentType"
"Normal Transfer Success","9159","transferAdminCrypto","Surefire suite","Fri Sep 18 06:19:08 UTC 2026","failed","Fri Sep 18 06:19:18 UTC 2026","testcases.transfer.TransferTest","Surefire test","testcases.transfer.TransferTest","transferAdminCrypto"
"Success Assignment USDT Supervisor","12793","assignUSDTSupervisorTest","Surefire suite","Fri Sep 18 05:56:57 UTC 2026","passed","Fri Sep 18 05:57:10 UTC 2026","testcases.backoffice.TransferAssignmentTest","Surefire test","testcases.backoffice.TransferAssignmentTest","assignUSDTSupervisorTest"
"Get History QR CS","9613","historyQRTestCS","Surefire suite","Fri Sep 18 06:14:34 UTC 2026","passed","Fri Sep 18 06:14:43 UTC 2026","testcases.history.HistoryQRTest","Surefire test","testcases.history.HistoryQRTest","historyQRTestCS"
"Add Currency CS Admin Path Menggunakan Login Admin","4670","addCurrencyWithAdminLogin","Surefire suite","Fri Sep 18 06:01:01 UTC 2026","passed","Fri Sep 18 06:01:06 UTC 2026","testcases.backoffice.currency.AddCurrencyTest","Surefire test","testcases.backoffice.currency.AddCurrencyTest","addCurrencyWithAdminLogin"
"Inquiry Test Flop Transfer Admin Crypto","5398","inquiryFlopTransferAdminCrypto","Surefire suite","Fri Sep 18 06:27:23 UTC 2026","passed","Fri Sep 18 06:27:28 UTC 2026","testcases.transfer.InquiryFlopTransferTest","Surefire test","testcases.transfer.InquiryFlopTransferTest","inquiryFlopTransferAdminCrypto"
"Transfer with Wrong Pin","1429","transferWrongPin","Surefire suite","Fri Sep 18 06:18:32 UTC 2026","broken","Fri Sep 18 06:18:34 UTC 2026","testcases.transfer.SpecialTransferTest","Surefire test","testcases.transfer.SpecialTransferTest","transferWrongPin"
"Test Get Report Transaction Group","4903","getReportTransactionAdmin","Surefire suite","Fri Sep 18 06:31:56 UTC 2026","passed","Fri Sep 18 06:32:01 UTC 2026","testcases.report.ReportTransactionTest","Surefire test","testcases.report.ReportTransactionTest","getReportTransactionAdmin"
"Get List Google Authenticator Dengan Body Berupa JSON Array ([])","4862","listOtpGoogleWithArrayBody","Surefire suite","Fri Sep 18 07:57:01 UTC 2026","passed","Fri Sep 18 07:57:05 UTC 2026","testcases.backoffice.googleauth.ListOtpGoogleTest","Surefire test","testcases.backoffice.googleauth.ListOtpGoogleTest","listOtpGoogleWithArrayBody"
"List Manage Settlement Backoffice Dengan Field Tidak Dikenal pada Body","4928","listManageSettlementWithUnknownField","Surefire suite","Fri Sep 18 07:17:58 UTC 2026","passed","Fri Sep 18 07:18:03 UTC 2026","testcases.backoffice.settlement.ManageSettlementTest","Surefire test","testcases.backoffice.settlement.ManageSettlementTest","listManageSettlementWithUnknownField"
"Get List Google Authenticator Menggunakan Login Customer Service","4754","listOtpGoogleWithCSLogin","Surefire suite","Fri Sep 18 07:57:16 UTC 2026","passed","Fri Sep 18 07:57:21 UTC 2026","testcases.backoffice.googleauth.ListOtpGoogleTest","Surefire test","testcases.backoffice.googleauth.ListOtpGoogleTest","listOtpGoogleWithCSLogin"
"Delete Google Authenticator Menggunakan Login Customer Service","4911","deleteOtpGoogleWithCSLogin","Surefire suite","Fri Sep 18 08:00:57 UTC 2026","passed","Fri Sep 18 08:01:02 UTC 2026","testcases.backoffice.googleauth.DeleteOtpGoogleTest","Surefire test","testcases.backoffice.googleauth.DeleteOtpGoogleTest","deleteOtpGoogleWithCSLogin"
"Get List Group Backoffice Menggunakan HTTP Method DELETE","1474","getListGroupWithDeleteMethod","Surefire suite","Fri Sep 18 07:31:46 UTC 2026","passed","Fri Sep 18 07:31:48 UTC 2026","testcases.backoffice.group.GetListGroupTest","Surefire test","testcases.backoffice.group.GetListGroupTest","getListGroupWithDeleteMethod"
"Reset Pin Supervisor","5008","resetPinSupervisor","Surefire suite","Fri Sep 18 07:01:25 UTC 2026","passed","Fri Sep 18 07:01:30 UTC 2026","testcases.settings.ResetPinTest","Surefire test","testcases.settings.ResetPinTest","resetPinSupervisor"
"Get List Google Authenticator","4697","getListOtpGoogle","Surefire suite","Fri Sep 18 07:56:37 UTC 2026","passed","Fri Sep 18 07:56:42 UTC 2026","testcases.backoffice.googleauth.ListOtpGoogleTest","Surefire test","testcases.backoffice.googleauth.ListOtpGoogleTest","getListOtpGoogle"
"Add Group Backoffice Menggunakan HTTP Method GET","1576","addGroupWithGetMethod","Surefire suite","Fri Sep 18 07:39:58 UTC 2026","passed","Fri Sep 18 07:40:00 UTC 2026","testcases.backoffice.group.AddGroupTest","Surefire test","testcases.backoffice.group.AddGroupTest","addGroupWithGetMethod"
"Success Login Merchant","3194","testLoginWithCaptcha","Surefire suite","Fri Sep 18 06:48:48 UTC 2026","passed","Fri Sep 18 06:48:51 UTC 2026","testcases.auth.LoginTest","Surefire test","testcases.auth.LoginTest","testLoginWithCaptcha"
"List Currency USDT Dengan Header pbyv Salah","1531","getCurrencyWithWrongPbyvHeader","Surefire suite","Fri Sep 18 07:24:46 UTC 2026","passed","Fri Sep 18 07:24:47 UTC 2026","testcases.backoffice.currency.GetCurrencyTest","Surefire test","testcases.backoffice.currency.GetCurrencyTest","getCurrencyWithWrongPbyvHeader"
"Get History Flop Transfer Test Admin Crypto","9745","historyFlopTransferTestAdminCrypto","Surefire suite","Fri Sep 18 06:05:43 UTC 2026","passed","Fri Sep 18 06:05:52 UTC 2026","testcases.history.HistoryTransferTest","Surefire test","testcases.history.HistoryTransferTest","historyFlopTransferTestAdminCrypto"
"List Manage Settlement Backoffice Dengan Tipe Data Salah pada Field Limit (String, Bukan Integer)","4541","listManageSettlementWithInvalidFieldType","Surefire suite","Fri Sep 18 07:16:17 UTC 2026","passed","Fri Sep 18 07:16:21 UTC 2026","testcases.backoffice.settlement.ManageSettlementTest","Surefire test","testcases.backoffice.settlement.ManageSettlementTest","listManageSettlementWithInvalidFieldType"
"Create Manage Settlement BO Dengan groupName Kosong","4765","addManageSettlementWithEmptyGroupName","Surefire suite","Fri Sep 18 07:08:05 UTC 2026","passed","Fri Sep 18 07:08:09 UTC 2026","testcases.backoffice.settlement.AddManageSettlementTest","Surefire test","testcases.backoffice.settlement.AddManageSettlementTest","addManageSettlementWithEmptyGroupName"
"Get History Flop Transfer Merchant on Login CS Admin","23996","historyFlopTransferMerchantTestCSAdmin","Surefire suite","Fri Sep 18 06:04:29 UTC 2026","passed","Fri Sep 18 06:04:53 UTC 2026","testcases.history.HistoryTransferTest","Surefire test","testcases.history.HistoryTransferTest","historyFlopTransferMerchantTestCSAdmin"
"Add Currency CS Admin Path Dengan rate Berupa JSON Array","1465","addCurrencyWithArrayRate","Surefire suite","Fri Sep 18 06:01:16 UTC 2026","passed","Fri Sep 18 06:01:18 UTC 2026","testcases.backoffice.currency.AddCurrencyTest","Surefire test","testcases.backoffice.currency.AddCurrencyTest","addCurrencyWithArrayRate"
"Test Approved Manual Transfer","18788","approvedCashDeposit","Surefire suite","Fri Sep 18 05:47:00 UTC 2026","passed","Fri Sep 18 05:47:19 UTC 2026","testcases.backoffice.ApprovalTransferTest","Surefire test","testcases.backoffice.ApprovalTransferTest","approvedCashDeposit"
"Get List Group Company BO Dengan groupName Berisi Spasi","4798","getListGroupCompanyWithWhitespaceGroupName","Surefire suite","Fri Sep 18 07:21:22 UTC 2026","passed","Fri Sep 18 07:21:27 UTC 2026","testcases.backoffice.settlement.GetListGroupCompanyTest","Surefire test","testcases.backoffice.settlement.GetListGroupCompanyTest","getListGroupCompanyWithWhitespaceGroupName"
"List Waiting Company Backoffice Dengan Ukuran Halaman Sangat Besar","4719","listWaitingCompanyWithHugeSize","Surefire suite","Fri Sep 18 07:26:34 UTC 2026","passed","Fri Sep 18 07:26:39 UTC 2026","testcases.backoffice.ListWaitingCompanyTest","Surefire test","testcases.backoffice.ListWaitingCompanyTest","listWaitingCompanyWithHugeSize"
"List Waiting Company Backoffice Menggunakan Login CS Admin","4692","listWaitingCompanyWithCSAdminLogin","Surefire suite","Fri Sep 18 07:26:11 UTC 2026","passed","Fri Sep 18 07:26:16 UTC 2026","testcases.backoffice.ListWaitingCompanyTest","Surefire test","testcases.backoffice.ListWaitingCompanyTest","listWaitingCompanyWithCSAdminLogin"
"Get List Google Authenticator Dengan Content-Type text/plain","4678","listOtpGoogleWithWrongContentType","Surefire suite","Fri Sep 18 07:59:50 UTC 2026","passed","Fri Sep 18 07:59:54 UTC 2026","testcases.backoffice.googleauth.ListOtpGoogleTest","Surefire test","testcases.backoffice.googleauth.ListOtpGoogleTest","listOtpGoogleWithWrongContentType"
"Test Get Report RRN Dispute","4821","getReportRRNAdmin","Surefire suite","Fri Sep 18 06:31:48 UTC 2026","passed","Fri Sep 18 06:31:53 UTC 2026","testcases.report.ReportTransactionTest","Surefire test","testcases.report.ReportTransactionTest","getReportRRNAdmin"
"Get List Group Backoffice Dengan Body Berupa Literal null","1620","getListGroupWithNullLiteralBody","Surefire suite","Fri Sep 18 07:32:52 UTC 2026","passed","Fri Sep 18 07:32:54 UTC 2026","testcases.backoffice.group.GetListGroupTest","Surefire test","testcases.backoffice.group.GetListGroupTest","getListGroupWithNullLiteralBody"
"List Manage Settlement Backoffice Menggunakan Login Admin","4759","listManageSettlementWithAdminLogin","Surefire suite","Fri Sep 18 07:15:11 UTC 2026","passed","Fri Sep 18 07:15:16 UTC 2026","testcases.backoffice.settlement.ManageSettlementTest","Surefire test","testcases.backoffice.settlement.ManageSettlementTest","listManageSettlementWithAdminLogin"
"Get History Transfer Test","8767","historyTransferTest","Surefire suite","Fri Sep 18 06:10:42 UTC 2026","passed","Fri Sep 18 06:10:51 UTC 2026","testcases.history.HistoryTransferTest","Surefire test","testcases.history.HistoryTransferTest","historyTransferTest"
"Delete Manage Settlement BO Dengan id Berisi Karakter SQL Injection","4720","deleteManageSettlementWithSqlInjectionId","Surefire suite","Fri Sep 18 07:13:52 UTC 2026","passed","Fri Sep 18 07:13:57 UTC 2026","testcases.backoffice.settlement.DeleteManageSettlementTest","Surefire test","testcases.backoffice.settlement.DeleteManageSettlementTest","deleteManageSettlementWithSqlInjectionId"
"Add Group Backoffice Dengan Body Kosong ({})","1577","addGroupWithEmptyBody","Surefire suite","Fri Sep 18 07:39:31 UTC 2026","passed","Fri Sep 18 07:39:33 UTC 2026","testcases.backoffice.group.AddGroupTest","Surefire test","testcases.backoffice.group.AddGroupTest","addGroupWithEmptyBody"
"Get History QR Success Paid","8261","historyQRTestPaid","Surefire suite","Fri Sep 18 06:14:46 UTC 2026","passed","Fri Sep 18 06:14:55 UTC 2026","testcases.history.HistoryQRTest","Surefire test","testcases.history.HistoryQRTest","historyQRTestPaid"
"List Manage Settlement Backoffice Dengan Ukuran Halaman Sangat Besar","4602","listManageSettlementWithHugeSize","Surefire suite","Fri Sep 18 07:16:09 UTC 2026","passed","Fri Sep 18 07:16:14 UTC 2026","testcases.backoffice.settlement.ManageSettlementTest","Surefire test","testcases.backoffice.settlement.ManageSettlementTest","listManageSettlementWithHugeSize"
"Get Balance Merchant Transfer","5691","getBalanceMerchant","Surefire suite","Fri Sep 18 05:45:01 UTC 2026","passed","Fri Sep 18 05:45:06 UTC 2026","testcases.balance.GetBalanceTransferTest","Surefire test","testcases.balance.GetBalanceTransferTest","getBalanceMerchant"
"Get Detail Waiting Company Backoffice Dengan Id Sangat Panjang (10.000 karakter)","4673","getDetailWaitingCompanyWithOverlongId","Surefire suite","Fri Sep 18 07:43:43 UTC 2026","passed","Fri Sep 18 07:43:47 UTC 2026","testcases.backoffice.GetDetailWaitingCompanyTest","Surefire test","testcases.backoffice.GetDetailWaitingCompanyTest","getDetailWaitingCompanyWithOverlongId"
"List User Backoffice Menggunakan Login Merchant","4748","listUsersWithMerchantLogin","Surefire suite","Fri Sep 18 07:55:54 UTC 2026","passed","Fri Sep 18 07:55:59 UTC 2026","testcases.backoffice.users.ListUsersTest","Surefire test","testcases.backoffice.users.ListUsersTest","listUsersWithMerchantLogin"
"Mutasi Manual Transfer Balance","33248","mutasiManualTransferBalance","Surefire suite","Fri Sep 18 06:33:39 UTC 2026","passed","Fri Sep 18 06:34:13 UTC 2026","testcases.mutasi.MutasiTransferTest","Surefire test","testcases.mutasi.MutasiTransferTest","mutasiManualTransferBalance"
"List Currency USDT Dengan Field Tidak Dikenal pada Body","1536","getCurrencyWithUnknownField","Surefire suite","Fri Sep 18 07:24:32 UTC 2026","passed","Fri Sep 18 07:24:34 UTC 2026","testcases.backoffice.currency.GetCurrencyTest","Surefire test","testcases.backoffice.currency.GetCurrencyTest","getCurrencyWithUnknownField"
"Test Approved USDT","17868","approvedUSDT","Surefire suite","Fri Sep 18 05:50:41 UTC 2026","passed","Fri Sep 18 05:50:59 UTC 2026","testcases.backoffice.ApprovalTransferTest","Surefire test","testcases.backoffice.ApprovalTransferTest","approvedUSDT"
"Inquiry Test Flop Transfer Merchant","5325","inquiryTransfer","Surefire suite","Fri Sep 18 06:27:40 UTC 2026","passed","Fri Sep 18 06:27:45 UTC 2026","testcases.transfer.InquiryFlopTransferTest","Surefire test","testcases.transfer.InquiryFlopTransferTest","inquiryTransfer"
"List Currency USDT Dengan Payload XSS pada Field Param","1527","getCurrencyWithXssParam","Surefire suite","Fri Sep 18 07:24:50 UTC 2026","passed","Fri Sep 18 07:24:52 UTC 2026","testcases.backoffice.currency.GetCurrencyTest","Surefire test","testcases.backoffice.currency.GetCurrencyTest","getCurrencyWithXssParam"
"Mutasi Special Transfer Balance Supervisor CS","26634","mutasiSpecialTransferBalanceSupervisorCS","Surefire suite","Fri Sep 18 06:39:29 UTC 2026","passed","Fri Sep 18 06:39:56 UTC 2026","testcases.mutasi.MutasiTransferTest","Surefire test","testcases.mutasi.MutasiTransferTest","mutasiSpecialTransferBalanceSupervisorCS"
"Created Favorite Account Dengan Header Authorization Tanpa Skema Bearer","1441","createdFavoriteAccountWithMalformedAuthorizationHeader","Surefire suite","Fri Sep 18 06:59:01 UTC 2026","passed","Fri Sep 18 06:59:02 UTC 2026","testcases.settings.favoriteaccount.CreatedFavoriteAccountTest","Surefire test","testcases.settings.favoriteaccount.CreatedFavoriteAccountTest","createdFavoriteAccountWithMalformedAuthorizationHeader"
"List Currency USDT Dengan Body Berupa Literal null","1577","getCurrencyWithNullLiteralBody","Surefire suite","Fri Sep 18 07:24:06 UTC 2026","passed","Fri Sep 18 07:24:08 UTC 2026","testcases.backoffice.currency.GetCurrencyTest","Surefire test","testcases.backoffice.currency.GetCurrencyTest","getCurrencyWithNullLiteralBody"
"List Waiting Company Backoffice Dengan Body JSON Tidak Valid (Malformed)","4849","listWaitingCompanyWithMalformedJson","Surefire suite","Fri Sep 18 07:27:07 UTC 2026","passed","Fri Sep 18 07:27:11 UTC 2026","testcases.backoffice.ListWaitingCompanyTest","Surefire test","testcases.backoffice.ListWaitingCompanyTest","listWaitingCompanyWithMalformedJson"
"List Waiting Company Backoffice Menggunakan HTTP Method GET","4765","listWaitingCompanyWithGetMethod","Surefire suite","Fri Sep 18 07:26:27 UTC 2026","passed","Fri Sep 18 07:26:31 UTC 2026","testcases.backoffice.ListWaitingCompanyTest","Surefire test","testcases.backoffice.ListWaitingCompanyTest","listWaitingCompanyWithGetMethod"
"Test Approve Special Transfer Supervisor dengan check Fee di Admin Fee","26059","approvedSpecialTransferSupervisorBalance","Surefire suite","Fri Sep 18 05:50:12 UTC 2026","passed","Fri Sep 18 05:50:38 UTC 2026","testcases.backoffice.ApprovalTransferTest","Surefire test","testcases.backoffice.ApprovalTransferTest","approvedSpecialTransferSupervisorBalance"
"Create Manage Settlement BO Menggunakan Login CS Admin","5652","addManageSettlementWithCSAdminLogin","Surefire suite","Fri Sep 18 07:07:11 UTC 2026","passed","Fri Sep 18 07:07:17 UTC 2026","testcases.backoffice.settlement.AddManageSettlementTest","Surefire test","testcases.backoffice.settlement.AddManageSettlementTest","addManageSettlementWithCSAdminLogin"
"Get Detail Waiting Company Backoffice Dengan Token Kadaluarsa","1573","getDetailWaitingCompanyWithExpiredToken","Surefire suite","Fri Sep 18 07:42:50 UTC 2026","passed","Fri Sep 18 07:42:52 UTC 2026","testcases.backoffice.GetDetailWaitingCompanyTest","Surefire test","testcases.backoffice.GetDetailWaitingCompanyTest","getDetailWaitingCompanyWithExpiredToken"
"List Company Backoffice Dengan Field Sort Merujuk ke Kolom yang Tidak Ada","4736","listCompanyWithInvalidSortField","Surefire suite","Fri Sep 18 07:02:36 UTC 2026","passed","Fri Sep 18 07:02:41 UTC 2026","testcases.backoffice.ListCompanyTest","Surefire test","testcases.backoffice.ListCompanyTest","listCompanyWithInvalidSortField"
"Transfer Different Parner Reference Supervisor, Special Transfer to Transfer","22106","trfPartnerRefSpecialSpvFailed","Surefire suite","Fri Sep 18 06:21:47 UTC 2026","passed","Fri Sep 18 06:22:09 UTC 2026","testcases.transfer.TransferTest","Surefire test","testcases.transfer.TransferTest","trfPartnerRefSpecialSpvFailed"
