"DESCRIPTION","DURATION IN MS","NAME","PARENT SUITE","START TIME","STATUS","STOP TIME","SUB SUITE","SUITE","TEST CLASS","TEST METHOD"
"Delete Favorite Account Dengan Token Kadaluarsa","1447","deleteFavoriteAccountWithExpiredToken","Surefire suite","Wed Oct 07 08:15:03 UTC 2026","passed","Wed Oct 07 08:15:04 UTC 2026","testcases.settings.favoriteaccount.DeleteFavoriteAccountTest","Surefire test","testcases.settings.favoriteaccount.DeleteFavoriteAccountTest","deleteFavoriteAccountWithExpiredToken"
"Refund Summary Dengan Body Berupa JSON Array ([])","1461","getRefundWithArrayBody","Surefire suite","Wed Oct 07 08:37:45 UTC 2026","passed","Wed Oct 07 08:37:46 UTC 2026","testcases.backoffice.refund.GetRefundTest","Surefire test","testcases.backoffice.refund.GetRefundTest","getRefundWithArrayBody"
"Get List Google Authenticator Dengan Karakter SQL Injection pada Field param","1512","listOtpGoogleWithSqlInjectionParam","Surefire suite","Wed Oct 07 08:36:55 UTC 2026","passed","Wed Oct 07 08:36:56 UTC 2026","testcases.backoffice.googleauth.ListOtpGoogleTest","Surefire test","testcases.backoffice.googleauth.ListOtpGoogleTest","listOtpGoogleWithSqlInjectionParam"
"Get History QR Success Paid","8677","historyQRTestPaid","Surefire suite","Wed Oct 07 08:33:05 UTC 2026","passed","Wed Oct 07 08:33:14 UTC 2026","testcases.history.HistoryQRTest","Surefire test","testcases.history.HistoryQRTest","historyQRTestPaid"
"Get Detail Waiting Company Backoffice Menggunakan Login Admin Crypto","4826","getDetailWaitingCompanyWithAdminCryptoLogin","Surefire suite","Wed Oct 07 08:05:29 UTC 2026","passed","Wed Oct 07 08:05:34 UTC 2026","testcases.backoffice.GetDetailWaitingCompanyTest","Surefire test","testcases.backoffice.GetDetailWaitingCompanyTest","getDetailWaitingCompanyWithAdminCryptoLogin"
"Inquiry Favorite Account Ke Path yang Tidak Ada (Typo)","1401","inquiryFavoriteAccountWithWrongPath","Surefire suite","Wed Oct 07 08:38:39 UTC 2026","failed","Wed Oct 07 08:38:40 UTC 2026","testcases.settings.favoriteaccount.InquiryFavoriteAccountTest","Surefire test","testcases.settings.favoriteaccount.InquiryFavoriteAccountTest","inquiryFavoriteAccountWithWrongPath"
"List Manage Settlement Backoffice Dengan Field Tidak Dikenal pada Body","1502","listManageSettlementWithUnknownField","Surefire suite","Wed Oct 07 08:35:24 UTC 2026","passed","Wed Oct 07 08:35:26 UTC 2026","testcases.backoffice.settlement.ManageSettlementTest","Surefire test","testcases.backoffice.settlement.ManageSettlementTest","listManageSettlementWithUnknownField"
"List Refund Menggunakan Login Supervisor","4552","listRefundWithSupervisorLogin","Surefire suite","Wed Oct 07 09:22:23 UTC 2026","passed","Wed Oct 07 09:22:28 UTC 2026","testcases.backoffice.ListRefundTest","Surefire test","testcases.backoffice.ListRefundTest","listRefundWithSupervisorLogin"
"Add Group Backoffice Menggunakan Login Merchant","1488","addGroupWithMerchantLogin","Surefire suite","Wed Oct 07 08:09:27 UTC 2026","passed","Wed Oct 07 08:09:28 UTC 2026","testcases.backoffice.group.AddGroupTest","Surefire test","testcases.backoffice.group.AddGroupTest","addGroupWithMerchantLogin"
"Refund Summary Menggunakan Login Marketing","1435","getRefundWithMarketingLogin","Surefire suite","Wed Oct 07 08:38:57 UTC 2026","passed","Wed Oct 07 08:38:58 UTC 2026","testcases.backoffice.refund.GetRefundTest","Surefire test","testcases.backoffice.refund.GetRefundTest","getRefundWithMarketingLogin"
"List Waiting Company Backoffice Menggunakan Login Marketing","1507","listWaitingCompanyWithMarketingLogin","Surefire suite","Wed Oct 07 08:41:39 UTC 2026","passed","Wed Oct 07 08:41:40 UTC 2026","testcases.backoffice.ListWaitingCompanyTest","Surefire test","testcases.backoffice.ListWaitingCompanyTest","listWaitingCompanyWithMarketingLogin"
"List Company Backoffice Dengan Karakter SQL Injection pada Field Param - Menemukan Bug Gateway Timeout","1552","listCompanyWithSqlInjectionParam","Surefire suite","Wed Oct 07 08:43:23 UTC 2026","passed","Wed Oct 07 08:43:25 UTC 2026","testcases.backoffice.ListCompanyTest","Surefire test","testcases.backoffice.ListCompanyTest","listCompanyWithSqlInjectionParam"
"Delete Manage Settlement BO Dengan Token Tidak Valid","1480","deleteManageSettlementWithInvalidToken","Surefire suite","Wed Oct 07 08:25:31 UTC 2026","passed","Wed Oct 07 08:25:33 UTC 2026","testcases.backoffice.settlement.DeleteManageSettlementTest","Surefire test","testcases.backoffice.settlement.DeleteManageSettlementTest","deleteManageSettlementWithInvalidToken"
"Add Currency CS Admin Path Dengan Content-Type text/plain","1400","addCurrencyWithWrongContentType","Surefire suite","Wed Oct 07 09:17:17 UTC 2026","passed","Wed Oct 07 09:17:19 UTC 2026","testcases.backoffice.currency.AddCurrencyTest","Surefire test","testcases.backoffice.currency.AddCurrencyTest","addCurrencyWithWrongContentType"
"Get History Flop Transfer Test CS","8970","historyFlopTransferTestCS","Surefire suite","Wed Oct 07 09:26:51 UTC 2026","passed","Wed Oct 07 09:27:00 UTC 2026","testcases.history.HistoryTransferTest","Surefire test","testcases.history.HistoryTransferTest","historyFlopTransferTestCS"
"List Manage Settlement Backoffice Menggunakan HTTP Method DELETE","1434","listManageSettlementWithDeleteMethod","Surefire suite","Wed Oct 07 08:33:50 UTC 2026","passed","Wed Oct 07 08:33:51 UTC 2026","testcases.backoffice.settlement.ManageSettlementTest","Surefire test","testcases.backoffice.settlement.ManageSettlementTest","listManageSettlementWithDeleteMethod"
"Generate QR Code Merchant","1409","generateQRCode","Surefire suite","Wed Oct 07 08:35:04 UTC 2026","failed","Wed Oct 07 08:35:06 UTC 2026","testcases.QR.GenerateQRTest","Surefire test","testcases.QR.GenerateQRTest","generateQRCode"
"Inquiry Favorite Account Dengan beneficiaryAccountNo String Kosong","1454","inquiryFavoriteAccountWithEmptyBeneficiaryAccountNo","Surefire suite","Wed Oct 07 08:37:28 UTC 2026","failed","Wed Oct 07 08:37:29 UTC 2026","testcases.settings.favoriteaccount.InquiryFavoriteAccountTest","Surefire test","testcases.settings.favoriteaccount.InquiryFavoriteAccountTest","inquiryFavoriteAccountWithEmptyBeneficiaryAccountNo"
"Add Group Backoffice Menggunakan Login Marketing","1495","addGroupWithMarketingLogin","Surefire suite","Wed Oct 07 08:09:22 UTC 2026","passed","Wed Oct 07 08:09:24 UTC 2026","testcases.backoffice.group.AddGroupTest","Surefire test","testcases.backoffice.group.AddGroupTest","addGroupWithMarketingLogin"
"Get Group Detail Backoffice Menggunakan Login Supervisor","1574","getGroupDetailWithSupervisorLogin","Surefire suite","Wed Oct 07 08:12:30 UTC 2026","passed","Wed Oct 07 08:12:32 UTC 2026","testcases.backoffice.group.GetGroupTest","Surefire test","testcases.backoffice.group.GetGroupTest","getGroupDetailWithSupervisorLogin"
"Add Group Backoffice Menggunakan Login Customer Service","4611","addGroupWithCSLogin","Surefire suite","Wed Oct 07 08:08:02 UTC 2026","passed","Wed Oct 07 08:08:07 UTC 2026","testcases.backoffice.group.AddGroupTest","Surefire test","testcases.backoffice.group.AddGroupTest","addGroupWithCSLogin"
"List Company Backoffice Dengan Body JSON Tidak Valid (Malformed)","1421","listCompanyWithMalformedJson","Surefire suite","Wed Oct 07 08:43:05 UTC 2026","passed","Wed Oct 07 08:43:07 UTC 2026","testcases.backoffice.ListCompanyTest","Surefire test","testcases.backoffice.ListCompanyTest","listCompanyWithMalformedJson"
"Inquiry Favorite Account Dengan Header companyId Salah","1401","inquiryFavoriteAccountWithWrongCompanyIdHeader","Surefire suite","Wed Oct 07 08:38:26 UTC 2026","failed","Wed Oct 07 08:38:27 UTC 2026","testcases.settings.favoriteaccount.InquiryFavoriteAccountTest","Surefire test","testcases.settings.favoriteaccount.InquiryFavoriteAccountTest","inquiryFavoriteAccountWithWrongCompanyIdHeader"
"Get History QR CS","6642","historyQRTestCS","Surefire suite","Wed Oct 07 08:46:11 UTC 2026","passed","Wed Oct 07 08:46:18 UTC 2026","testcases.history.HistoryQRTest","Surefire test","testcases.history.HistoryQRTest","historyQRTestCS"
"Delete Group Backoffice Dengan Content-Type text/plain","1424","deleteGroupWithWrongContentType","Surefire suite","Wed Oct 07 08:15:13 UTC 2026","passed","Wed Oct 07 08:15:15 UTC 2026","testcases.backoffice.group.DeleteGroupTest","Surefire test","testcases.backoffice.group.DeleteGroupTest","deleteGroupWithWrongContentType"
"Success Assignment Cash Deposit Supervisor","8433","assignCashDepositSupervisorTest","Surefire suite","Wed Oct 07 08:41:29 UTC 2026","passed","Wed Oct 07 08:41:37 UTC 2026","testcases.backoffice.TransferAssignmentTest","Surefire test","testcases.backoffice.TransferAssignmentTest","assignCashDepositSupervisorTest"
"Get Dashboard Backoffice Menggunakan Login Admin Crypto","1490","getDashboardWithAdminCryptoLogin","Surefire suite","Wed Oct 07 08:20:44 UTC 2026","passed","Wed Oct 07 08:20:46 UTC 2026","testcases.backoffice.GetDashboardTest","Surefire test","testcases.backoffice.GetDashboardTest","getDashboardWithAdminCryptoLogin"
"Get List Group Company BO Dengan Header groupName Kosong","1526","getListGroupCompanyWithEmptyGroupNameHeader","Surefire suite","Wed Oct 07 08:30:25 UTC 2026","passed","Wed Oct 07 08:30:26 UTC 2026","testcases.backoffice.settlement.GetListGroupCompanyTest","Surefire test","testcases.backoffice.settlement.GetListGroupCompanyTest","getListGroupCompanyWithEmptyGroupNameHeader"
"Check Status QR Menggunakan HTTP Method PATCH","1409","checkStatusQRWithPatchMethod","Surefire suite","Wed Oct 07 08:34:06 UTC 2026","failed","Wed Oct 07 08:34:07 UTC 2026","testcases.QR.CheckStatusQRTest","Surefire test","testcases.QR.CheckStatusQRTest","checkStatusQRWithPatchMethod"
"Test Approved USDT","8712","approvedUSDTAdminCrypto","Surefire suite","Wed Oct 07 09:07:46 UTC 2026","passed","Wed Oct 07 09:07:55 UTC 2026","testcases.backoffice.ApprovalTransferTest","Surefire test","testcases.backoffice.ApprovalTransferTest","approvedUSDTAdminCrypto"
"Create Manage Settlement BO Menggunakan HTTP Method PATCH","1462","addManageSettlementWithPatchMethod","Surefire suite","Wed Oct 07 08:28:54 UTC 2026","passed","Wed Oct 07 08:28:56 UTC 2026","testcases.backoffice.settlement.AddManageSettlementTest","Surefire test","testcases.backoffice.settlement.AddManageSettlementTest","addManageSettlementWithPatchMethod"
"List Refund Menggunakan Login Merchant","4800","listRefundMerchant","Surefire suite","Wed Oct 07 09:21:02 UTC 2026","passed","Wed Oct 07 09:21:07 UTC 2026","testcases.backoffice.ListRefundTest","Surefire test","testcases.backoffice.ListRefundTest","listRefundMerchant"
"Add Currency CS Admin Path Dengan Token CS Admin Valid Tapi Tanpa Header powis","1492","addCurrencyWithoutPowisHeader","Surefire suite","Wed Oct 07 09:17:44 UTC 2026","passed","Wed Oct 07 09:17:46 UTC 2026","testcases.backoffice.currency.AddCurrencyTest","Surefire test","testcases.backoffice.currency.AddCurrencyTest","addCurrencyWithoutPowisHeader"
"Test Get Report Transfer Company","1639","getReportTransferAdminCrypto","Surefire suite","Wed Oct 07 08:07:36 UTC 2026","passed","Wed Oct 07 08:07:37 UTC 2026","testcases.report.ReportTransferTest","Surefire test","testcases.report.ReportTransferTest","getReportTransferAdminCrypto"
"Generate QR Success paid","3358","paidQR","Surefire suite","Wed Oct 07 08:12:20 UTC 2026","passed","Wed Oct 07 08:12:24 UTC 2026","testcases.QR.GenerateQRPaidTest","Surefire test","testcases.QR.GenerateQRPaidTest","paidQR"
"Delete Manage Settlement BO Dengan id Berisi Payload XSS","1496","deleteManageSettlementWithXssId","Surefire suite","Wed Oct 07 08:26:35 UTC 2026","passed","Wed Oct 07 08:26:36 UTC 2026","testcases.backoffice.settlement.DeleteManageSettlementTest","Surefire test","testcases.backoffice.settlement.DeleteManageSettlementTest","deleteManageSettlementWithXssId"
"Delete Group Backoffice Menggunakan Login Customer Service","1436","deleteGroupWithCSLogin","Surefire suite","Wed Oct 07 08:13:25 UTC 2026","passed","Wed Oct 07 08:13:26 UTC 2026","testcases.backoffice.group.DeleteGroupTest","Surefire test","testcases.backoffice.group.DeleteGroupTest","deleteGroupWithCSLogin"
"Get List Group Company BO Dengan Token Tidak Valid","1455","getListGroupCompanyWithInvalidToken","Surefire suite","Wed Oct 07 08:30:34 UTC 2026","passed","Wed Oct 07 08:30:35 UTC 2026","testcases.backoffice.settlement.GetListGroupCompanyTest","Surefire test","testcases.backoffice.settlement.GetListGroupCompanyTest","getListGroupCompanyWithInvalidToken"
"Create Manage Settlement BO Dengan Token Tidak Valid","1503","addManageSettlementWithInvalidToken","Surefire suite","Wed Oct 07 08:28:09 UTC 2026","passed","Wed Oct 07 08:28:11 UTC 2026","testcases.backoffice.settlement.AddManageSettlementTest","Surefire test","testcases.backoffice.settlement.AddManageSettlementTest","addManageSettlementWithInvalidToken"
"Test Get Report Company Merchant","1908","getReportCompanyAdmin","Surefire suite","Wed Oct 07 08:05:41 UTC 2026","passed","Wed Oct 07 08:05:43 UTC 2026","testcases.report.ReportTransactionTest","Surefire test","testcases.report.ReportTransactionTest","getReportCompanyAdmin"
"Inquiry Favorite Account Menggunakan HTTP Method PUT","1422","inquiryFavoriteAccountWithPutMethod","Surefire suite","Wed Oct 07 08:38:12 UTC 2026","failed","Wed Oct 07 08:38:14 UTC 2026","testcases.settings.favoriteaccount.InquiryFavoriteAccountTest","Surefire test","testcases.settings.favoriteaccount.InquiryFavoriteAccountTest","inquiryFavoriteAccountWithPutMethod"
"Add Group Backoffice Dengan Token Backoffice Valid Tapi Tanpa Header pbyv","1532","addGroupWithoutPbyvHeader","Surefire suite","Wed Oct 07 08:10:57 UTC 2026","passed","Wed Oct 07 08:10:59 UTC 2026","testcases.backoffice.group.AddGroupTest","Surefire test","testcases.backoffice.group.AddGroupTest","addGroupWithoutPbyvHeader"
"Delete Favorite Account Dengan pin String Kosong","41490","deleteFavoriteAccountWithEmptyPin","Surefire suite","Wed Oct 07 08:14:18 UTC 2026","failed","Wed Oct 07 08:15:00 UTC 2026","testcases.settings.favoriteaccount.DeleteFavoriteAccountTest","Surefire test","testcases.settings.favoriteaccount.DeleteFavoriteAccountTest","deleteFavoriteAccountWithEmptyPin"
"List Manage Settlement Backoffice Tanpa Login/Header Auth","1393","listManageSettlementWithoutAuth","Surefire suite","Wed Oct 07 08:35:42 UTC 2026","passed","Wed Oct 07 08:35:44 UTC 2026","testcases.backoffice.settlement.ManageSettlementTest","Surefire test","testcases.backoffice.settlement.ManageSettlementTest","listManageSettlementWithoutAuth"
"Resend Google Authenticator Dengan email Berisi Payload XSS","1407","resendOtpGoogleWithXssEmail","Surefire suite","Wed Oct 07 08:41:11 UTC 2026","passed","Wed Oct 07 08:41:12 UTC 2026","testcases.backoffice.googleauth.ResendOtpGoogleTest","Surefire test","testcases.backoffice.googleauth.ResendOtpGoogleTest","resendOtpGoogleWithXssEmail"
"Get Dashboard Backoffice Tanpa Login/Header Auth","1540","getDashboardWithoutAuth","Surefire suite","Wed Oct 07 08:21:20 UTC 2026","passed","Wed Oct 07 08:21:22 UTC 2026","testcases.backoffice.GetDashboardTest","Surefire test","testcases.backoffice.GetDashboardTest","getDashboardWithoutAuth"
"Get History QR Paid Merchant on login CS Admin","10459","historyQRPaidMerchantCSAdmin","Surefire suite","Wed Oct 07 08:45:48 UTC 2026","passed","Wed Oct 07 08:45:58 UTC 2026","testcases.history.HistoryQRTest","Surefire test","testcases.history.HistoryQRTest","historyQRPaidMerchantCSAdmin"
"Get List Group Backoffice Menggunakan HTTP Method PATCH","1431","getListGroupWithPatchMethod","Surefire suite","Wed Oct 07 08:17:33 UTC 2026","passed","Wed Oct 07 08:17:35 UTC 2026","testcases.backoffice.group.GetListGroupTest","Surefire test","testcases.backoffice.group.GetListGroupTest","getListGroupWithPatchMethod"
"List Manage Settlement Backoffice Ke Path yang Tidak Ada (Typo)","1706","listManageSettlementWithWrongPath","Surefire suite","Wed Oct 07 08:35:33 UTC 2026","passed","Wed Oct 07 08:35:35 UTC 2026","testcases.backoffice.settlement.ManageSettlementTest","Surefire test","testcases.backoffice.settlement.ManageSettlementTest","listManageSettlementWithWrongPath"
"Add Currency CS Admin Path Dengan rate Sangat Besar (Overflow)","1550","addCurrencyWithHugeRate","Surefire suite","Wed Oct 07 09:15:52 UTC 2026","passed","Wed Oct 07 09:15:53 UTC 2026","testcases.backoffice.currency.AddCurrencyTest","Surefire test","testcases.backoffice.currency.AddCurrencyTest","addCurrencyWithHugeRate"
"Add Currency CS Admin Path Menggunakan Login Supervisor","4464","addCurrencyWithSupervisorLogin","Surefire suite","Wed Oct 07 09:17:05 UTC 2026","passed","Wed Oct 07 09:17:10 UTC 2026","testcases.backoffice.currency.AddCurrencyTest","Surefire test","testcases.backoffice.currency.AddCurrencyTest","addCurrencyWithSupervisorLogin"
"Test Approved USDT Supervisor Tanpa URL","50616","approvedUSDTSupervisorWithoutURL","Surefire suite","Wed Oct 07 09:08:10 UTC 2026","passed","Wed Oct 07 09:09:01 UTC 2026","testcases.backoffice.ApprovalTransferTest","Surefire test","testcases.backoffice.ApprovalTransferTest","approvedUSDTSupervisorWithoutURL"
"Add Currency CS Admin Path Menggunakan Login Customer Service","4700","addCurrencyWithCSLogin","Surefire suite","Wed Oct 07 09:15:12 UTC 2026","passed","Wed Oct 07 09:15:17 UTC 2026","testcases.backoffice.currency.AddCurrencyTest","Surefire test","testcases.backoffice.currency.AddCurrencyTest","addCurrencyWithCSLogin"
"Created Favorite Account Tanpa Field beneficiaryBankCode","1445","createdFavoriteAccountWithoutBeneficiaryBankCodeField","Surefire suite","Wed Oct 07 08:36:57 UTC 2026","failed","Wed Oct 07 08:36:58 UTC 2026","testcases.settings.favoriteaccount.CreatedFavoriteAccountTest","Surefire test","testcases.settings.favoriteaccount.CreatedFavoriteAccountTest","createdFavoriteAccountWithoutBeneficiaryBankCodeField"
"Normal Flop Transfer Balance Admin Crypto Success","7775","flopTransferBalanceAdminCrypto","Surefire suite","Wed Oct 07 08:06:19 UTC 2026","passed","Wed Oct 07 08:06:27 UTC 2026","testcases.transfer.TransferFlopTest","Surefire test","testcases.transfer.TransferFlopTest","flopTransferBalanceAdminCrypto"
"Test Get Report Transfer Merchant","1824","getReportMutationAdmin","Surefire suite","Wed Oct 07 08:05:46 UTC 2026","passed","Wed Oct 07 08:05:48 UTC 2026","testcases.report.ReportTransactionTest","Surefire test","testcases.report.ReportTransactionTest","getReportMutationAdmin"
"Delete Group Backoffice Menggunakan Login Admin","1506","deleteGroupWithAdminLogin","Surefire suite","Wed Oct 07 08:13:11 UTC 2026","passed","Wed Oct 07 08:13:13 UTC 2026","testcases.backoffice.group.DeleteGroupTest","Surefire test","testcases.backoffice.group.DeleteGroupTest","deleteGroupWithAdminLogin"
"Get List Group Company BO Dengan groupName Berisi Payload XSS","1555","getListGroupCompanyWithXssGroupName","Surefire suite","Wed Oct 07 08:31:37 UTC 2026","passed","Wed Oct 07 08:31:39 UTC 2026","testcases.backoffice.settlement.GetListGroupCompanyTest","Surefire test","testcases.backoffice.settlement.GetListGroupCompanyTest","getListGroupCompanyWithXssGroupName"
"Get Balance Merchant with Login Supervisor","1496","getBalanceMerchantLoginSupervisor","Surefire suite","Wed Oct 07 08:08:26 UTC 2026","failed","Wed Oct 07 08:08:28 UTC 2026","testcases.balance.GetBalanceQrisTest","Surefire test","testcases.balance.GetBalanceQrisTest","getBalanceMerchantLoginSupervisor"
"Get History QR Admin","6833","historyQRTestAdmin","Surefire suite","Wed Oct 07 08:46:01 UTC 2026","passed","Wed Oct 07 08:46:08 UTC 2026","testcases.history.HistoryQRTest","Surefire test","testcases.history.HistoryQRTest","historyQRTestAdmin"
"Get History QR Supervisor","6661","historyQRTestSupervisor","Surefire suite","Wed Oct 07 08:46:51 UTC 2026","passed","Wed Oct 07 08:46:58 UTC 2026","testcases.history.HistoryQRTest","Surefire test","testcases.history.HistoryQRTest","historyQRTestSupervisor"
"Refund Summary Menggunakan Login Customer Service","1447","getRefundWithCSLogin","Surefire suite","Wed Oct 07 08:37:54 UTC 2026","passed","Wed Oct 07 08:37:55 UTC 2026","testcases.backoffice.refund.GetRefundTest","Surefire test","testcases.backoffice.refund.GetRefundTest","getRefundWithCSLogin"
"Get Notification Sender","2982","getNotificationSender","Surefire suite","Wed Oct 07 08:35:56 UTC 2026","passed","Wed Oct 07 08:35:59 UTC 2026","testcases.backoffice.notifsender.NotificationSenderTest","Surefire test","testcases.backoffice.notifsender.NotificationSenderTest","getNotificationSender"
"Get History Special Transfer Test Admin Crypto","5758","historySpecialTransferTestAdminCrypto","Surefire suite","Wed Oct 07 09:28:57 UTC 2026","passed","Wed Oct 07 09:29:02 UTC 2026","testcases.history.HistoryTransferTest","Surefire test","testcases.history.HistoryTransferTest","historySpecialTransferTestAdminCrypto"
"Get List Favorite Account Dengan size Bertipe String","1611","getListFavoriteAccountWithSizeAsString","Surefire suite","Wed Oct 07 09:46:58 UTC 2026","passed","Wed Oct 07 09:46:59 UTC 2026","testcases.settings.favoriteaccount.GetListFavoriteAccountTest","Surefire test","testcases.settings.favoriteaccount.GetListFavoriteAccountTest","getListFavoriteAccountWithSizeAsString"
"Get List Group Company BO Menggunakan HTTP Method PATCH","1467","getListGroupCompanyWithPatchMethod","Surefire suite","Wed Oct 07 08:31:05 UTC 2026","passed","Wed Oct 07 08:31:07 UTC 2026","testcases.backoffice.settlement.GetListGroupCompanyTest","Surefire test","testcases.backoffice.settlement.GetListGroupCompanyTest","getListGroupCompanyWithPatchMethod"
"Normal Transfer Success","13009","transfer","Surefire suite","Wed Oct 07 08:05:16 UTC 2026","failed","Wed Oct 07 08:05:29 UTC 2026","testcases.transfer.TransferTest","Surefire test","testcases.transfer.TransferTest","transfer"
"Created Favorite Account Tanpa Login/Header Auth","1399","createdFavoriteAccountWithoutAuth","Surefire suite","Wed Oct 07 08:36:48 UTC 2026","passed","Wed Oct 07 08:36:49 UTC 2026","testcases.settings.favoriteaccount.CreatedFavoriteAccountTest","Surefire test","testcases.settings.favoriteaccount.CreatedFavoriteAccountTest","createdFavoriteAccountWithoutAuth"
"Delete Favorite Account Dengan id yang Tidak Pernah Ada","41593","deleteFavoriteAccountWithNonExistentId","Surefire suite","Wed Oct 07 08:17:35 UTC 2026","failed","Wed Oct 07 08:18:16 UTC 2026","testcases.settings.favoriteaccount.DeleteFavoriteAccountTest","Surefire test","testcases.settings.favoriteaccount.DeleteFavoriteAccountTest","deleteFavoriteAccountWithNonExistentId"
"Get Notification Sender Menggunakan Login Admin Crypto","1456","getNotificationSenderWithAdminCryptoLogin","Surefire suite","Wed Oct 07 08:36:02 UTC 2026","passed","Wed Oct 07 08:36:03 UTC 2026","testcases.backoffice.notifsender.NotificationSenderTest","Surefire test","testcases.backoffice.notifsender.NotificationSenderTest","getNotificationSenderWithAdminCryptoLogin"
"Inquiry Favorite Account Merchant","1496","inquiryFavoriteAccountMerchant","Surefire suite","Wed Oct 07 08:37:15 UTC 2026","failed","Wed Oct 07 08:37:16 UTC 2026","testcases.settings.favoriteaccount.InquiryFavoriteAccountTest","Surefire test","testcases.settings.favoriteaccount.InquiryFavoriteAccountTest","inquiryFavoriteAccountMerchant"
"Get List Google Authenticator Menggunakan Login Admin","4519","listOtpGoogleWithAdminLogin","Surefire suite","Wed Oct 07 08:35:15 UTC 2026","passed","Wed Oct 07 08:35:19 UTC 2026","testcases.backoffice.googleauth.ListOtpGoogleTest","Surefire test","testcases.backoffice.googleauth.ListOtpGoogleTest","listOtpGoogleWithAdminLogin"
"Get Notification Sender Dengan Field Sort Merujuk ke Kolom yang Tidak Ada","2073","getNotificationSenderWithInvalidSortField","Surefire suite","Wed Oct 07 08:37:12 UTC 2026","passed","Wed Oct 07 08:37:14 UTC 2026","testcases.backoffice.notifsender.NotificationSenderTest","Surefire test","testcases.backoffice.notifsender.NotificationSenderTest","getNotificationSenderWithInvalidSortField"
"Delete Favorite Account Dengan Token Tidak Valid","1432","deleteFavoriteAccountWithInvalidToken","Surefire suite","Wed Oct 07 08:17:21 UTC 2026","passed","Wed Oct 07 08:17:23 UTC 2026","testcases.settings.favoriteaccount.DeleteFavoriteAccountTest","Surefire test","testcases.settings.favoriteaccount.DeleteFavoriteAccountTest","deleteFavoriteAccountWithInvalidToken"
"Add User Backoffice Menggunakan Role CS (Bukan Backoffice)","7027","addMerchantBackofficeWithWrongRoleCS","Surefire suite","Wed Oct 07 08:50:34 UTC 2026","passed","Wed Oct 07 08:50:41 UTC 2026","testcases.backoffice.users.AddUserTest","Surefire test","testcases.backoffice.users.AddUserTest","addMerchantBackofficeWithWrongRoleCS"
"Mutasi USDT Transfer Supervisor","11794","mutasiUSDTTransferSupervisor","Surefire suite","Wed Oct 07 09:41:49 UTC 2026","passed","Wed Oct 07 09:42:00 UTC 2026","testcases.mutasi.MutasiTransferTest","Surefire test","testcases.mutasi.MutasiTransferTest","mutasiUSDTTransferSupervisor"
"Get List Google Authenticator Menggunakan Login Admin Crypto","1461","listOtpGoogleWithAdminCryptoLogin","Surefire suite","Wed Oct 07 08:35:10 UTC 2026","passed","Wed Oct 07 08:35:12 UTC 2026","testcases.backoffice.googleauth.ListOtpGoogleTest","Surefire test","testcases.backoffice.googleauth.ListOtpGoogleTest","listOtpGoogleWithAdminCryptoLogin"
"List Manage Settlement Backoffice Menggunakan HTTP Method PUT","1446","listManageSettlementWithPutMethod","Surefire suite","Wed Oct 07 08:35:08 UTC 2026","passed","Wed Oct 07 08:35:09 UTC 2026","testcases.backoffice.settlement.ManageSettlementTest","Surefire test","testcases.backoffice.settlement.ManageSettlementTest","listManageSettlementWithPutMethod"
"","1884","listSpecialTransfer","Surefire suite","Wed Oct 07 08:40:40 UTC 2026","passed","Wed Oct 07 08:40:42 UTC 2026","testcases.backoffice.ListTransferTest","Surefire test","testcases.backoffice.ListTransferTest","listSpecialTransfer"
"Delete Group Backoffice Dengan id yang Tidak Pernah Ada","1480","deleteGroupWithNonExistentId","Surefire suite","Wed Oct 07 08:14:37 UTC 2026","passed","Wed Oct 07 08:14:39 UTC 2026","testcases.backoffice.group.DeleteGroupTest","Surefire test","testcases.backoffice.group.DeleteGroupTest","deleteGroupWithNonExistentId"
"Mutasi Manual Transfer","18921","mutasiManualTransfer","Surefire suite","Wed Oct 07 09:35:03 UTC 2026","passed","Wed Oct 07 09:35:22 UTC 2026","testcases.mutasi.MutasiTransferTest","Surefire test","testcases.mutasi.MutasiTransferTest","mutasiManualTransfer"
"Delete Group Backoffice Dengan Header pbyv Salah","1561","deleteGroupWithWrongPbyvHeader","Surefire suite","Wed Oct 07 08:15:22 UTC 2026","passed","Wed Oct 07 08:15:24 UTC 2026","testcases.backoffice.group.DeleteGroupTest","Surefire test","testcases.backoffice.group.DeleteGroupTest","deleteGroupWithWrongPbyvHeader"
"Delete Favorite Account Tanpa Field id","41828","deleteFavoriteAccountWithoutIdField","Surefire suite","Wed Oct 07 08:24:43 UTC 2026","failed","Wed Oct 07 08:25:25 UTC 2026","testcases.settings.favoriteaccount.DeleteFavoriteAccountTest","Surefire test","testcases.settings.favoriteaccount.DeleteFavoriteAccountTest","deleteFavoriteAccountWithoutIdField"
"Create Manage Settlement BO Menggunakan Login Admin","1483","addManageSettlementWithAdminLogin","Surefire suite","Wed Oct 07 08:27:11 UTC 2026","passed","Wed Oct 07 08:27:12 UTC 2026","testcases.backoffice.settlement.AddManageSettlementTest","Surefire test","testcases.backoffice.settlement.AddManageSettlementTest","addManageSettlementWithAdminLogin"
"List Manage Settlement Backoffice Dengan Body JSON Tidak Valid (Malformed)","1479","listManageSettlementWithMalformedJson","Surefire suite","Wed Oct 07 08:34:30 UTC 2026","passed","Wed Oct 07 08:34:32 UTC 2026","testcases.backoffice.settlement.ManageSettlementTest","Surefire test","testcases.backoffice.settlement.ManageSettlementTest","listManageSettlementWithMalformedJson"
"Request Refund Transfer Merchant","1413","refundTransferMerchant","Surefire suite","Wed Oct 07 08:39:28 UTC 2026","failed","Wed Oct 07 08:39:29 UTC 2026","testcases.transfer.RefundTransferTest","Surefire test","testcases.transfer.RefundTransferTest","refundTransferMerchant"
"Mutasi Manual Transfer Balance CS","13854","mutasiManualTransferBalanceSupervisorCS","Surefire suite","Wed Oct 07 09:36:24 UTC 2026","passed","Wed Oct 07 09:36:37 UTC 2026","testcases.mutasi.MutasiTransferTest","Surefire test","testcases.mutasi.MutasiTransferTest","mutasiManualTransferBalanceSupervisorCS"
"Inquiry Favorite Account Dengan Token Kadaluarsa","1417","inquiryFavoriteAccountWithExpiredToken","Surefire suite","Wed Oct 07 08:37:37 UTC 2026","passed","Wed Oct 07 08:37:38 UTC 2026","testcases.settings.favoriteaccount.InquiryFavoriteAccountTest","Surefire test","testcases.settings.favoriteaccount.InquiryFavoriteAccountTest","inquiryFavoriteAccountWithExpiredToken"
"","10494","getCompanyDetail","Surefire suite","Wed Oct 07 08:54:41 UTC 2026","passed","Wed Oct 07 08:54:51 UTC 2026","testcases.backoffice.CheckCompanyDetailTest","Surefire test","testcases.backoffice.CheckCompanyDetailTest","getCompanyDetail"
"Test Get Report Transaction Group","1595","getReportTransactionAdmin","Surefire suite","Wed Oct 07 08:05:55 UTC 2026","passed","Wed Oct 07 08:05:57 UTC 2026","testcases.report.ReportTransactionTest","Surefire test","testcases.report.ReportTransactionTest","getReportTransactionAdmin"
"Resend Google Authenticator Dengan email Berisi Karakter SQL Injection","1508","resendOtpGoogleWithSqlInjectionEmail","Surefire suite","Wed Oct 07 08:40:48 UTC 2026","passed","Wed Oct 07 08:40:50 UTC 2026","testcases.backoffice.googleauth.ResendOtpGoogleTest","Surefire test","testcases.backoffice.googleauth.ResendOtpGoogleTest","resendOtpGoogleWithSqlInjectionEmail"
"Refund Summary Dengan Token Backoffice Valid Tapi Tanpa Header pbyv","1463","getRefundWithoutPbyvHeader","Surefire suite","Wed Oct 07 08:40:22 UTC 2026","passed","Wed Oct 07 08:40:23 UTC 2026","testcases.backoffice.refund.GetRefundTest","Surefire test","testcases.backoffice.refund.GetRefundTest","getRefundWithoutPbyvHeader"
"Resend Google Authenticator Dengan email Sangat Panjang (10.000 karakter)","1507","resendOtpGoogleWithOverlongEmail","Surefire suite","Wed Oct 07 08:40:35 UTC 2026","passed","Wed Oct 07 08:40:37 UTC 2026","testcases.backoffice.googleauth.ResendOtpGoogleTest","Surefire test","testcases.backoffice.googleauth.ResendOtpGoogleTest","resendOtpGoogleWithOverlongEmail"
"Get History Refund Test Admin Crypto","2933","historyRefundTestAdminCrypto","Surefire suite","Wed Oct 07 09:28:18 UTC 2026","passed","Wed Oct 07 09:28:21 UTC 2026","testcases.history.HistoryTransferTest","Surefire test","testcases.history.HistoryTransferTest","historyRefundTestAdminCrypto"
"Mutasi Transfer","5551","mutasiTransfer","Surefire suite","Wed Oct 07 09:39:05 UTC 2026","passed","Wed Oct 07 09:39:11 UTC 2026","testcases.mutasi.MutasiTransferTest","Surefire test","testcases.mutasi.MutasiTransferTest","mutasiTransfer"
"Check Status QR Dengan Header companyId Salah","1437","checkStatusQRWithWrongCompanyIdHeader","Surefire suite","Wed Oct 07 08:34:32 UTC 2026","failed","Wed Oct 07 08:34:34 UTC 2026","testcases.QR.CheckStatusQRTest","Surefire test","testcases.QR.CheckStatusQRTest","checkStatusQRWithWrongCompanyIdHeader"
"Created Favorite Account Dengan Token Kadaluarsa","1419","createdFavoriteAccountWithExpiredToken","Surefire suite","Wed Oct 07 08:35:46 UTC 2026","passed","Wed Oct 07 08:35:47 UTC 2026","testcases.settings.favoriteaccount.CreatedFavoriteAccountTest","Surefire test","testcases.settings.favoriteaccount.CreatedFavoriteAccountTest","createdFavoriteAccountWithExpiredToken"
"Delete Manage Settlement BO Tanpa Header id","5808","deleteManageSettlementWithoutIdHeader","Surefire suite","Wed Oct 07 08:26:44 UTC 2026","passed","Wed Oct 07 08:26:50 UTC 2026","testcases.backoffice.settlement.DeleteManageSettlementTest","Surefire test","testcases.backoffice.settlement.DeleteManageSettlementTest","deleteManageSettlementWithoutIdHeader"
"Get List Favorite Account Tanpa Login/Header Auth","1410","getListFavoriteAccountWithoutAuth","Surefire suite","Wed Oct 07 09:47:30 UTC 2026","passed","Wed Oct 07 09:47:31 UTC 2026","testcases.settings.favoriteaccount.GetListFavoriteAccountTest","Surefire test","testcases.settings.favoriteaccount.GetListFavoriteAccountTest","getListFavoriteAccountWithoutAuth"
"Normal Manual Transfer Success with Account Supervisor","1481","manualTransferSupervisor","Surefire suite","Wed Oct 07 08:08:17 UTC 2026","failed","Wed Oct 07 08:08:19 UTC 2026","testcases.transfer.ManualTransferTest","Surefire test","testcases.transfer.ManualTransferTest","manualTransferSupervisor"
"Normal Flop Transfer Success","10473","transfer","Surefire suite","Wed Oct 07 08:08:55 UTC 2026","failed","Wed Oct 07 08:09:05 UTC 2026","testcases.transfer.TransferFlopTest","Surefire test","testcases.transfer.TransferFlopTest","transfer"
"Add User Backoffice Dengan email Sangat Panjang","1820","addMerchantBackofficeWithOverlongEmail","Surefire suite","Wed Oct 07 08:06:43 UTC 2026","passed","Wed Oct 07 08:06:45 UTC 2026","testcases.backoffice.users.AddUserTest","Surefire test","testcases.backoffice.users.AddUserTest","addMerchantBackofficeWithOverlongEmail"
"Refund Summary Tanpa Field type","1521","getRefundWithoutType","Surefire suite","Wed Oct 07 08:40:31 UTC 2026","passed","Wed Oct 07 08:40:32 UTC 2026","testcases.backoffice.refund.GetRefundTest","Surefire test","testcases.backoffice.refund.GetRefundTest","getRefundWithoutType"
"Test Approved USDT","8459","approvedUSDT","Surefire suite","Wed Oct 07 09:07:34 UTC 2026","passed","Wed Oct 07 09:07:43 UTC 2026","testcases.backoffice.ApprovalTransferTest","Surefire test","testcases.backoffice.ApprovalTransferTest","approvedUSDT"
"Get Group Detail Backoffice Dengan Header Authorization Tanpa Skema Bearer","1479","getGroupDetailWithMalformedAuthorizationHeader","Surefire suite","Wed Oct 07 08:11:45 UTC 2026","passed","Wed Oct 07 08:11:47 UTC 2026","testcases.backoffice.group.GetGroupTest","Surefire test","testcases.backoffice.group.GetGroupTest","getGroupDetailWithMalformedAuthorizationHeader"
"Get Notification Sender Menggunakan Login Marketing","1432","getNotificationSenderWithMarketingLogin","Surefire suite","Wed Oct 07 08:37:35 UTC 2026","passed","Wed Oct 07 08:37:37 UTC 2026","testcases.backoffice.notifsender.NotificationSenderTest","Surefire test","testcases.backoffice.notifsender.NotificationSenderTest","getNotificationSenderWithMarketingLogin"
"Get List Group Company BO Dengan groupName Berisi Spasi","1478","getListGroupCompanyWithWhitespaceGroupName","Surefire suite","Wed Oct 07 08:31:28 UTC 2026","passed","Wed Oct 07 08:31:29 UTC 2026","testcases.backoffice.settlement.GetListGroupCompanyTest","Surefire test","testcases.backoffice.settlement.GetListGroupCompanyTest","getListGroupCompanyWithWhitespaceGroupName"
"Get List Group Backoffice Dengan Token Kadaluarsa","1512","getListGroupWithExpiredToken","Surefire suite","Wed Oct 07 08:16:35 UTC 2026","passed","Wed Oct 07 08:16:36 UTC 2026","testcases.backoffice.group.GetListGroupTest","Surefire test","testcases.backoffice.group.GetListGroupTest","getListGroupWithExpiredToken"
"Get History Transfer Supervisor on Login CS Admin","5549","historyTransferSupervisorTestCSAdmin","Surefire suite","Wed Oct 07 09:29:40 UTC 2026","passed","Wed Oct 07 09:29:45 UTC 2026","testcases.history.HistoryTransferTest","Surefire test","testcases.history.HistoryTransferTest","historyTransferSupervisorTestCSAdmin"
"Reset Pin Admin","7430","resetPinAdmin","Surefire suite","Wed Oct 07 08:05:16 UTC 2026","passed","Wed Oct 07 08:05:23 UTC 2026","testcases.settings.ResetPinTest","Surefire test","testcases.settings.ResetPinTest","resetPinAdmin"
"Delete Group Backoffice Tanpa Field name","1555","deleteGroupWithoutNameField","Surefire suite","Wed Oct 07 08:15:45 UTC 2026","passed","Wed Oct 07 08:15:47 UTC 2026","testcases.backoffice.group.DeleteGroupTest","Surefire test","testcases.backoffice.group.DeleteGroupTest","deleteGroupWithoutNameField"
"Created Favorite Account Dengan Header companyId Salah","1431","createdFavoriteAccountWithWrongCompanyIdHeader","Surefire suite","Wed Oct 07 08:36:26 UTC 2026","failed","Wed Oct 07 08:36:27 UTC 2026","testcases.settings.favoriteaccount.CreatedFavoriteAccountTest","Surefire test","testcases.settings.favoriteaccount.CreatedFavoriteAccountTest","createdFavoriteAccountWithWrongCompanyIdHeader"
"Add Currency CS Admin Path Menggunakan Login Admin Crypto","4728","addCurrencyWithAdminCryptoLogin","Surefire suite","Wed Oct 07 09:14:39 UTC 2026","passed","Wed Oct 07 09:14:43 UTC 2026","testcases.backoffice.currency.AddCurrencyTest","Surefire test","testcases.backoffice.currency.AddCurrencyTest","addCurrencyWithAdminCryptoLogin"
"Delete Favorite Account Dengan Karakter SQL Injection pada id","41563","deleteFavoriteAccountWithSqlInjectionId","Surefire suite","Wed Oct 07 08:19:13 UTC 2026","failed","Wed Oct 07 08:19:54 UTC 2026","testcases.settings.favoriteaccount.DeleteFavoriteAccountTest","Surefire test","testcases.settings.favoriteaccount.DeleteFavoriteAccountTest","deleteFavoriteAccountWithSqlInjectionId"
"Check Status QR Dengan id Sangat Panjang","1617","checkStatusQRWithOverlongId","Surefire suite","Wed Oct 07 08:34:01 UTC 2026","passed","Wed Oct 07 08:34:03 UTC 2026","testcases.QR.CheckStatusQRTest","Surefire test","testcases.QR.CheckStatusQRTest","checkStatusQRWithOverlongId"
"List Refund Dengan Field Range Berisi Nilai Tidak Valid","1552","listRefundWithInvalidRange","Surefire suite","Wed Oct 07 09:21:47 UTC 2026","passed","Wed Oct 07 09:21:48 UTC 2026","testcases.backoffice.ListRefundTest","Surefire test","testcases.backoffice.ListRefundTest","listRefundWithInvalidRange"
"Mutasi Manual Transfer Supervisor CS","11946","mutasiManualTransferSupervisorCS","Surefire suite","Wed Oct 07 09:37:10 UTC 2026","passed","Wed Oct 07 09:37:22 UTC 2026","testcases.mutasi.MutasiTransferTest","Surefire test","testcases.mutasi.MutasiTransferTest","mutasiManualTransferSupervisorCS"
"Delete Manage Settlement BO Ke Path yang Tidak Ada (Typo)","1772","deleteManageSettlementWithWrongPath","Surefire suite","Wed Oct 07 08:26:30 UTC 2026","passed","Wed Oct 07 08:26:32 UTC 2026","testcases.backoffice.settlement.DeleteManageSettlementTest","Surefire test","testcases.backoffice.settlement.DeleteManageSettlementTest","deleteManageSettlementWithWrongPath"
"Delete Google Authenticator Menggunakan HTTP Method POST","1612","deleteOtpGoogleWithPostMethod","Surefire suite","Wed Oct 07 08:19:58 UTC 2026","passed","Wed Oct 07 08:20:00 UTC 2026","testcases.backoffice.googleauth.DeleteOtpGoogleTest","Surefire test","testcases.backoffice.googleauth.DeleteOtpGoogleTest","deleteOtpGoogleWithPostMethod"
"Delete Favorite Account Ke Path yang Tidak Ada (Typo)","41778","deleteFavoriteAccountWithWrongPath","Surefire suite","Wed Oct 07 08:22:20 UTC 2026","failed","Wed Oct 07 08:23:02 UTC 2026","testcases.settings.favoriteaccount.DeleteFavoriteAccountTest","Surefire test","testcases.settings.favoriteaccount.DeleteFavoriteAccountTest","deleteFavoriteAccountWithWrongPath"
"Transfer Different Partner Reference, USDT Transfer to Transfer","10416","trfPartnerRefUSDTFailed","Surefire suite","Wed Oct 07 08:09:53 UTC 2026","failed","Wed Oct 07 08:10:04 UTC 2026","testcases.transfer.SpecialTransferTest","Surefire test","testcases.transfer.SpecialTransferTest","trfPartnerRefUSDTFailed"
"Login Merchant dengan Username Berisi Spasi Saja","2837","testLoginWhitespaceUsername","Surefire suite","Wed Oct 07 08:11:09 UTC 2026","passed","Wed Oct 07 08:11:12 UTC 2026","testcases.auth.LoginTest","Surefire test","testcases.auth.LoginTest","testLoginWhitespaceUsername"
"Add Whitelist Ip User CS Admin","1867","addWhitelistIpUserCsAdmin","Surefire suite","Wed Oct 07 08:05:58 UTC 2026","passed","Wed Oct 07 08:06:00 UTC 2026","testcases.backoffice.users.EditUserTest","Surefire test","testcases.backoffice.users.EditUserTest","addWhitelistIpUserCsAdmin"
"Delete Group Backoffice Dengan Token Tidak Valid","1414","deleteGroupWithInvalidToken","Surefire suite","Wed Oct 07 08:14:05 UTC 2026","passed","Wed Oct 07 08:14:07 UTC 2026","testcases.backoffice.group.DeleteGroupTest","Surefire test","testcases.backoffice.group.DeleteGroupTest","deleteGroupWithInvalidToken"
"List Manage Settlement Backoffice Dengan Token Kadaluarsa","1440","listManageSettlementWithExpiredToken","Surefire suite","Wed Oct 07 08:33:59 UTC 2026","passed","Wed Oct 07 08:34:00 UTC 2026","testcases.backoffice.settlement.ManageSettlementTest","Surefire test","testcases.backoffice.settlement.ManageSettlementTest","listManageSettlementWithExpiredToken"
"Test Approve Manual Transfer dengan check Fee di Admin Crypto dan Admin Fee","23076","approvedCashDepositBalance","Surefire suite","Wed Oct 07 09:05:48 UTC 2026","passed","Wed Oct 07 09:06:11 UTC 2026","testcases.backoffice.ApprovalTransferTest","Surefire test","testcases.backoffice.ApprovalTransferTest","approvedCashDepositBalance"
"Transfer Different Partner Reference, Manual Transfer to Transfer","10476","trfPartnerRefManualFailed","Surefire suite","Wed Oct 07 08:06:33 UTC 2026","failed","Wed Oct 07 08:06:43 UTC 2026","testcases.transfer.TransferTest","Surefire test","testcases.transfer.TransferTest","trfPartnerRefManualFailed"
"Mutasi Transfer Supervisor Balance CS","7467","mutasiTransferSupervisorBalanceCS","Surefire suite","Wed Oct 07 09:40:11 UTC 2026","passed","Wed Oct 07 09:40:18 UTC 2026","testcases.mutasi.MutasiTransferTest","Surefire test","testcases.mutasi.MutasiTransferTest","mutasiTransferSupervisorBalanceCS"
"Get List Group Company BO Menggunakan Login Marketing","1502","getListGroupCompanyWithMarketingLogin","Surefire suite","Wed Oct 07 08:30:43 UTC 2026","passed","Wed Oct 07 08:30:44 UTC 2026","testcases.backoffice.settlement.GetListGroupCompanyTest","Surefire test","testcases.backoffice.settlement.GetListGroupCompanyTest","getListGroupCompanyWithMarketingLogin"
"Get List Group Backoffice Menggunakan Login CS Admin","1571","getListGroupWithCSAdminLogin","Surefire suite","Wed Oct 07 08:16:12 UTC 2026","passed","Wed Oct 07 08:16:14 UTC 2026","testcases.backoffice.group.GetListGroupTest","Surefire test","testcases.backoffice.group.GetListGroupTest","getListGroupWithCSAdminLogin"
"List Manage Settlement Backoffice Dengan Page/Size Negatif","1463","listManageSettlementWithNegativePageSize","Surefire suite","Wed Oct 07 08:34:55 UTC 2026","passed","Wed Oct 07 08:34:56 UTC 2026","testcases.backoffice.settlement.ManageSettlementTest","Surefire test","testcases.backoffice.settlement.ManageSettlementTest","listManageSettlementWithNegativePageSize"
"Transfer Different Partner Reference, Transfer to USDT Transfer","10325","trfPartnerRefTransferFailed","Surefire suite","Wed Oct 07 08:08:10 UTC 2026","failed","Wed Oct 07 08:08:21 UTC 2026","testcases.transfer.TransferUSDTTest","Surefire test","testcases.transfer.TransferUSDTTest","trfPartnerRefTransferFailed"
"Add Group Backoffice Dengan Nama yang Sudah Ada Sejak Test Lama (""testzulma1"")","1505","addGroupWithLegacyDuplicateName","Surefire suite","Wed Oct 07 08:09:09 UTC 2026","passed","Wed Oct 07 08:09:10 UTC 2026","testcases.backoffice.group.AddGroupTest","Surefire test","testcases.backoffice.group.AddGroupTest","addGroupWithLegacyDuplicateName"
"Get List Favorite Account Dengan page Negatif","1598","getListFavoriteAccountWithNegativePage","Surefire suite","Wed Oct 07 09:46:30 UTC 2026","passed","Wed Oct 07 09:46:32 UTC 2026","testcases.settings.favoriteaccount.GetListFavoriteAccountTest","Surefire test","testcases.settings.favoriteaccount.GetListFavoriteAccountTest","getListFavoriteAccountWithNegativePage"
"Delete Google Authenticator Menggunakan Login Admin","1473","deleteOtpGoogleWithAdminLogin","Surefire suite","Wed Oct 07 08:18:50 UTC 2026","passed","Wed Oct 07 08:18:52 UTC 2026","testcases.backoffice.googleauth.DeleteOtpGoogleTest","Surefire test","testcases.backoffice.googleauth.DeleteOtpGoogleTest","deleteOtpGoogleWithAdminLogin"
"Add User Backoffice Dengan Body Kosong","1603","addMerchantBackofficeWithEmptyBody","Surefire suite","Wed Oct 07 08:05:58 UTC 2026","passed","Wed Oct 07 08:05:59 UTC 2026","testcases.backoffice.users.AddUserTest","Surefire test","testcases.backoffice.users.AddUserTest","addMerchantBackofficeWithEmptyBody"
"Delete Google Authenticator Menggunakan Login Merchant","1452","deleteOtpGoogleWithMerchantLogin","Surefire suite","Wed Oct 07 08:19:40 UTC 2026","passed","Wed Oct 07 08:19:42 UTC 2026","testcases.backoffice.googleauth.DeleteOtpGoogleTest","Surefire test","testcases.backoffice.googleauth.DeleteOtpGoogleTest","deleteOtpGoogleWithMerchantLogin"
"Inquiry Test Flop Transfer Merchant","10333","inquiryTransfer","Surefire suite","Wed Oct 07 08:08:24 UTC 2026","failed","Wed Oct 07 08:08:34 UTC 2026","testcases.transfer.InquiryFlopTransferTest","Surefire test","testcases.transfer.InquiryFlopTransferTest","inquiryTransfer"
"Generate QR Code Closed Merchant","1869","generateQRCodeClosed","Surefire suite","Wed Oct 07 08:35:09 UTC 2026","passed","Wed Oct 07 08:35:11 UTC 2026","testcases.QR.GenerateQRTest","Surefire test","testcases.QR.GenerateQRTest","generateQRCodeClosed"
"Transfer Different Partner Reference, USDT Transfer to Transfer","10311","trfPartnerRefUSDTFailed","Surefire suite","Wed Oct 07 08:06:59 UTC 2026","failed","Wed Oct 07 08:07:10 UTC 2026","testcases.transfer.TransferTest","Surefire test","testcases.transfer.TransferTest","trfPartnerRefUSDTFailed"
"Delete Favorite Account Dengan Body Kosong ({})","41771","deleteFavoriteAccountWithEmptyBody","Surefire suite","Wed Oct 07 08:12:49 UTC 2026","failed","Wed Oct 07 08:13:31 UTC 2026","testcases.settings.favoriteaccount.DeleteFavoriteAccountTest","Surefire test","testcases.settings.favoriteaccount.DeleteFavoriteAccountTest","deleteFavoriteAccountWithEmptyBody"
"List Refund Dengan Tipe Data Salah pada Field Limit (String, Bukan Integer)","1577","listRefundWithInvalidFieldType","Surefire suite","Wed Oct 07 09:21:42 UTC 2026","passed","Wed Oct 07 09:21:44 UTC 2026","testcases.backoffice.ListRefundTest","Surefire test","testcases.backoffice.ListRefundTest","listRefundWithInvalidFieldType"
"Get Notification Sender Dengan Content-Type text/plain","1510","getNotificationSenderWithWrongContentType","Surefire suite","Wed Oct 07 08:38:30 UTC 2026","passed","Wed Oct 07 08:38:32 UTC 2026","testcases.backoffice.notifsender.NotificationSenderTest","Surefire test","testcases.backoffice.notifsender.NotificationSenderTest","getNotificationSenderWithWrongContentType"
"List Currency USDT Backoffice","1541","getCurrencyBO","Surefire suite","Wed Oct 07 08:22:10 UTC 2026","passed","Wed Oct 07 08:22:11 UTC 2026","testcases.backoffice.currency.GetCurrencyTest","Surefire test","testcases.backoffice.currency.GetCurrencyTest","getCurrencyBO"
"Created Favorite Account Dengan Header credentialId Salah","1471","createdFavoriteAccountWithWrongCredentialIdHeader","Surefire suite","Wed Oct 07 08:36:35 UTC 2026","failed","Wed Oct 07 08:36:36 UTC 2026","testcases.settings.favoriteaccount.CreatedFavoriteAccountTest","Surefire test","testcases.settings.favoriteaccount.CreatedFavoriteAccountTest","createdFavoriteAccountWithWrongCredentialIdHeader"
"Mutasi Special Transfer Balance","10431","mutasiSpecialTransferBalance","Surefire suite","Wed Oct 07 09:37:37 UTC 2026","passed","Wed Oct 07 09:37:47 UTC 2026","testcases.mutasi.MutasiTransferTest","Surefire test","testcases.mutasi.MutasiTransferTest","mutasiSpecialTransferBalance"
"Delete Google Authenticator Menggunakan HTTP Method PUT","1601","deleteOtpGoogleWithPutMethod","Surefire suite","Wed Oct 07 08:20:03 UTC 2026","passed","Wed Oct 07 08:20:04 UTC 2026","testcases.backoffice.googleauth.DeleteOtpGoogleTest","Surefire test","testcases.backoffice.googleauth.DeleteOtpGoogleTest","deleteOtpGoogleWithPutMethod"
"Inquiry Favorite Account Dengan Token Valid Tapi Tanpa Header credentialId","1434","inquiryFavoriteAccountWithoutCredentialIdHeader","Surefire suite","Wed Oct 07 08:39:01 UTC 2026","failed","Wed Oct 07 08:39:02 UTC 2026","testcases.settings.favoriteaccount.InquiryFavoriteAccountTest","Surefire test","testcases.settings.favoriteaccount.InquiryFavoriteAccountTest","inquiryFavoriteAccountWithoutCredentialIdHeader"
"Test Get Report Transaction Merchant","1453","getReportTransactionMerchant","Surefire suite","Wed Oct 07 08:40:52 UTC 2026","failed","Wed Oct 07 08:40:53 UTC 2026","testcases.report.ReportTransactionTest","Surefire test","testcases.report.ReportTransactionTest","getReportTransactionMerchant"
"Inquiry Test Transfer Admin Crypto","1733","inquiryTransferAdminCrypto","Surefire suite","Wed Oct 07 08:05:56 UTC 2026","passed","Wed Oct 07 08:05:58 UTC 2026","testcases.transfer.InquiryTransferTest","Surefire test","testcases.transfer.InquiryTransferTest","inquiryTransferAdminCrypto"
"List Company Backoffice Tanpa Body Sama Sekali","1540","listCompanyWithoutBody","Surefire suite","Wed Oct 07 08:43:41 UTC 2026","passed","Wed Oct 07 08:43:43 UTC 2026","testcases.backoffice.ListCompanyTest","Surefire test","testcases.backoffice.ListCompanyTest","listCompanyWithoutBody"
"Delete Google Authenticator Dengan Header Authorization Tanpa Skema Bearer","1434","deleteOtpGoogleWithMalformedAuthorizationHeader","Surefire suite","Wed Oct 07 08:19:27 UTC 2026","passed","Wed Oct 07 08:19:28 UTC 2026","testcases.backoffice.googleauth.DeleteOtpGoogleTest","Surefire test","testcases.backoffice.googleauth.DeleteOtpGoogleTest","deleteOtpGoogleWithMalformedAuthorizationHeader"
"Get List Group Company BO Ke Path yang Tidak Ada (Typo)","1805","getListGroupCompanyWithWrongPath","Surefire suite","Wed Oct 07 08:31:32 UTC 2026","passed","Wed Oct 07 08:31:34 UTC 2026","testcases.backoffice.settlement.GetListGroupCompanyTest","Surefire test","testcases.backoffice.settlement.GetListGroupCompanyTest","getListGroupCompanyWithWrongPath"
"Get Notification Sender Ke Path yang Tidak Ada (Typo)","1786","getNotificationSenderWithWrongPath","Surefire suite","Wed Oct 07 08:38:35 UTC 2026","passed","Wed Oct 07 08:38:36 UTC 2026","testcases.backoffice.notifsender.NotificationSenderTest","Surefire test","testcases.backoffice.notifsender.NotificationSenderTest","getNotificationSenderWithWrongPath"
"Get Notification Sender Menggunakan Login Merchant","1423","getNotificationSenderWithMerchantLogin","Surefire suite","Wed Oct 07 08:37:40 UTC 2026","passed","Wed Oct 07 08:37:41 UTC 2026","testcases.backoffice.notifsender.NotificationSenderTest","Surefire test","testcases.backoffice.notifsender.NotificationSenderTest","getNotificationSenderWithMerchantLogin"
"Delete Favorite Account Dengan id Sangat Panjang","41779","deleteFavoriteAccountWithVeryLongId","Surefire suite","Wed Oct 07 08:20:02 UTC 2026","failed","Wed Oct 07 08:20:44 UTC 2026","testcases.settings.favoriteaccount.DeleteFavoriteAccountTest","Surefire test","testcases.settings.favoriteaccount.DeleteFavoriteAccountTest","deleteFavoriteAccountWithVeryLongId"
"Refund Summary Dengan Body Berupa Literal null","1551","getRefundWithNullLiteralBody","Surefire suite","Wed Oct 07 08:39:05 UTC 2026","passed","Wed Oct 07 08:39:07 UTC 2026","testcases.backoffice.refund.GetRefundTest","Surefire test","testcases.backoffice.refund.GetRefundTest","getRefundWithNullLiteralBody"
"Get Group Detail Backoffice Menggunakan Login Group","4536","getGroupDetailWithGroupLogin","Surefire suite","Wed Oct 07 08:11:33 UTC 2026","passed","Wed Oct 07 08:11:38 UTC 2026","testcases.backoffice.group.GetGroupTest","Surefire test","testcases.backoffice.group.GetGroupTest","getGroupDetailWithGroupLogin"
"Refund Summary Dengan Payload XSS pada Field type","1512","getRefundWithXssType","Surefire suite","Wed Oct 07 08:40:04 UTC 2026","passed","Wed Oct 07 08:40:06 UTC 2026","testcases.backoffice.refund.GetRefundTest","Surefire test","testcases.backoffice.refund.GetRefundTest","getRefundWithXssType"
"Delete Manage Settlement BO Menggunakan HTTP Method PATCH","1540","deleteManageSettlementWithPatchMethod","Surefire suite","Wed Oct 07 08:26:03 UTC 2026","passed","Wed Oct 07 08:26:04 UTC 2026","testcases.backoffice.settlement.DeleteManageSettlementTest","Surefire test","testcases.backoffice.settlement.DeleteManageSettlementTest","deleteManageSettlementWithPatchMethod"
"Add Group Backoffice Menggunakan Login Admin","4605","addGroupWithAdminLogin","Surefire suite","Wed Oct 07 08:07:45 UTC 2026","passed","Wed Oct 07 08:07:50 UTC 2026","testcases.backoffice.group.AddGroupTest","Surefire test","testcases.backoffice.group.AddGroupTest","addGroupWithAdminLogin"
"Add Group Backoffice Dengan name Bertipe Angka (Bukan String)","1520","addGroupWithNumericName","Surefire suite","Wed Oct 07 08:09:49 UTC 2026","passed","Wed Oct 07 08:09:51 UTC 2026","testcases.backoffice.group.AddGroupTest","Surefire test","testcases.backoffice.group.AddGroupTest","addGroupWithNumericName"
"Delete Manage Settlement BO Dengan Token Kadaluarsa","1430","deleteManageSettlementWithExpiredToken","Surefire suite","Wed Oct 07 08:25:23 UTC 2026","passed","Wed Oct 07 08:25:24 UTC 2026","testcases.backoffice.settlement.DeleteManageSettlementTest","Surefire test","testcases.backoffice.settlement.DeleteManageSettlementTest","deleteManageSettlementWithExpiredToken"
"List Currency USDT Tanpa Body Sama Sekali","1453","getCurrencyWithoutBody","Surefire suite","Wed Oct 07 08:24:30 UTC 2026","passed","Wed Oct 07 08:24:31 UTC 2026","testcases.backoffice.currency.GetCurrencyTest","Surefire test","testcases.backoffice.currency.GetCurrencyTest","getCurrencyWithoutBody"
"List Manage Settlement Backoffice Dengan Token Backoffice Valid Tapi Tanpa Header pbyv","1455","listManageSettlementWithoutPbyvHeader","Surefire suite","Wed Oct 07 08:35:51 UTC 2026","passed","Wed Oct 07 08:35:53 UTC 2026","testcases.backoffice.settlement.ManageSettlementTest","Surefire test","testcases.backoffice.settlement.ManageSettlementTest","listManageSettlementWithoutPbyvHeader"
"Inquiry Favorite Account Dengan Header credentialId Salah","1398","inquiryFavoriteAccountWithWrongCredentialIdHeader","Surefire suite","Wed Oct 07 08:38:35 UTC 2026","failed","Wed Oct 07 08:38:36 UTC 2026","testcases.settings.favoriteaccount.InquiryFavoriteAccountTest","Surefire test","testcases.settings.favoriteaccount.InquiryFavoriteAccountTest","inquiryFavoriteAccountWithWrongCredentialIdHeader"
"Created Favorite Account Dengan Token Valid Tapi Tanpa Header credentialId","1448","createdFavoriteAccountWithoutCredentialIdHeader","Surefire suite","Wed Oct 07 08:37:06 UTC 2026","failed","Wed Oct 07 08:37:07 UTC 2026","testcases.settings.favoriteaccount.CreatedFavoriteAccountTest","Surefire test","testcases.settings.favoriteaccount.CreatedFavoriteAccountTest","createdFavoriteAccountWithoutCredentialIdHeader"
"Delete Favorite Account Tanpa Field pin","41633","deleteFavoriteAccountWithoutPinField","Surefire suite","Wed Oct 07 08:25:28 UTC 2026","failed","Wed Oct 07 08:26:09 UTC 2026","testcases.settings.favoriteaccount.DeleteFavoriteAccountTest","Surefire test","testcases.settings.favoriteaccount.DeleteFavoriteAccountTest","deleteFavoriteAccountWithoutPinField"
"Create Manage Settlement BO Menggunakan Login Customer Service","1588","addManageSettlementWithCSLogin","Surefire suite","Wed Oct 07 08:27:24 UTC 2026","passed","Wed Oct 07 08:27:26 UTC 2026","testcases.backoffice.settlement.AddManageSettlementTest","Surefire test","testcases.backoffice.settlement.AddManageSettlementTest","addManageSettlementWithCSLogin"
"Check Status QR Dengan Token Kadaluarsa","1473","checkStatusQRWithExpiredToken","Surefire suite","Wed Oct 07 08:33:34 UTC 2026","failed","Wed Oct 07 08:33:35 UTC 2026","testcases.QR.CheckStatusQRTest","Surefire test","testcases.QR.CheckStatusQRTest","checkStatusQRWithExpiredToken"
"Test Approved USDT Tanpa URL","50877","approvedUSDTwithoutURL","Surefire suite","Wed Oct 07 09:09:04 UTC 2026","passed","Wed Oct 07 09:09:55 UTC 2026","testcases.backoffice.ApprovalTransferTest","Surefire test","testcases.backoffice.ApprovalTransferTest","approvedUSDTwithoutURL"
"Get Group Detail Backoffice Dengan Group Id Berisi Payload XSS","1851","getGroupDetailWithXssId","Surefire suite","Wed Oct 07 08:12:39 UTC 2026","passed","Wed Oct 07 08:12:41 UTC 2026","testcases.backoffice.group.GetGroupTest","Surefire test","testcases.backoffice.group.GetGroupTest","getGroupDetailWithXssId"
"Check Status QR Supervisor","6946","checkStatusQRSupervisor","Surefire suite","Wed Oct 07 08:48:54 UTC 2026","failed","Wed Oct 07 08:49:01 UTC 2026","testcases.QR.CheckStatusQRTest","Surefire test","testcases.QR.CheckStatusQRTest","checkStatusQRSupervisor"
"Get History Flop Transfer Test Supervisor","6196","historyFlopTransferTestSupervisor","Surefire suite","Wed Oct 07 09:27:03 UTC 2026","passed","Wed Oct 07 09:27:10 UTC 2026","testcases.history.HistoryTransferTest","Surefire test","testcases.history.HistoryTransferTest","historyFlopTransferTestSupervisor"
"Get History Flop Transfer Test","5814","historyFlopTransferTest","Surefire suite","Wed Oct 07 09:26:19 UTC 2026","passed","Wed Oct 07 09:26:25 UTC 2026","testcases.history.HistoryTransferTest","Surefire test","testcases.history.HistoryTransferTest","historyFlopTransferTest"
"Get History USDT Transfer Test CS","5025","historyUSDTTransferTestCS","Surefire suite","Wed Oct 07 09:31:15 UTC 2026","passed","Wed Oct 07 09:31:20 UTC 2026","testcases.history.HistoryTransferTest","Surefire test","testcases.history.HistoryTransferTest","historyUSDTTransferTestCS"
"Get Detail User Backoffice Tanpa Login/Header Auth","1459","getUsersWithoutAuth","Surefire suite","Wed Oct 07 08:33:36 UTC 2026","passed","Wed Oct 07 08:33:38 UTC 2026","testcases.backoffice.users.ListUsersTest","Surefire test","testcases.backoffice.users.ListUsersTest","getUsersWithoutAuth"
"Check Status QR Dengan Path Traversal pada id","1874","checkStatusQRWithPathTraversalId","Surefire suite","Wed Oct 07 08:34:10 UTC 2026","passed","Wed Oct 07 08:34:12 UTC 2026","testcases.QR.CheckStatusQRTest","Surefire test","testcases.QR.CheckStatusQRTest","checkStatusQRWithPathTraversalId"
"Delete Manage Settlement BO Dengan id Sangat Panjang (10.000 karakter)","1527","deleteManageSettlementWithOverlongId","Surefire suite","Wed Oct 07 08:25:58 UTC 2026","passed","Wed Oct 07 08:26:00 UTC 2026","testcases.backoffice.settlement.DeleteManageSettlementTest","Surefire test","testcases.backoffice.settlement.DeleteManageSettlementTest","deleteManageSettlementWithOverlongId"
"Get User Backoffice Tanpa Login/Header Auth","1439","getUserWithoutAuth","Surefire suite","Wed Oct 07 08:22:05 UTC 2026","passed","Wed Oct 07 08:22:06 UTC 2026","testcases.backoffice.GetDashboardTest","Surefire test","testcases.backoffice.GetDashboardTest","getUserWithoutAuth"
"Get List Favorite Account Dengan Token Kadaluarsa","1471","getListFavoriteAccountWithExpiredToken","Surefire suite","Wed Oct 07 09:46:07 UTC 2026","passed","Wed Oct 07 09:46:09 UTC 2026","testcases.settings.favoriteaccount.GetListFavoriteAccountTest","Surefire test","testcases.settings.favoriteaccount.GetListFavoriteAccountTest","getListFavoriteAccountWithExpiredToken"
"Get Dashboard Backoffice Menggunakan Login Supervisor","1501","getDashboardWithSupervisorLogin","Surefire suite","Wed Oct 07 08:21:16 UTC 2026","passed","Wed Oct 07 08:21:17 UTC 2026","testcases.backoffice.GetDashboardTest","Surefire test","testcases.backoffice.GetDashboardTest","getDashboardWithSupervisorLogin"
"List User Backoffice Menggunakan Login Supervisor","4548","listUsersWithSupervisorLogin","Surefire suite","Wed Oct 07 08:34:49 UTC 2026","passed","Wed Oct 07 08:34:54 UTC 2026","testcases.backoffice.users.ListUsersTest","Surefire test","testcases.backoffice.users.ListUsersTest","listUsersWithSupervisorLogin"
"List Waiting Company Backoffice Menggunakan Login CS Admin","1453","listWaitingCompanyWithCSAdminLogin","Surefire suite","Wed Oct 07 08:40:58 UTC 2026","passed","Wed Oct 07 08:41:00 UTC 2026","testcases.backoffice.ListWaitingCompanyTest","Surefire test","testcases.backoffice.ListWaitingCompanyTest","listWaitingCompanyWithCSAdminLogin"
"Get List Group Company BO Dengan groupName Sangat Panjang (10.000 karakter)","1484","getListGroupCompanyWithOverlongGroupName","Surefire suite","Wed Oct 07 08:31:01 UTC 2026","passed","Wed Oct 07 08:31:02 UTC 2026","testcases.backoffice.settlement.GetListGroupCompanyTest","Surefire test","testcases.backoffice.settlement.GetListGroupCompanyTest","getListGroupCompanyWithOverlongGroupName"
"List Company Backoffice Dengan Tipe Data Salah pada Field Limit (String, Bukan Integer)","1464","listCompanyWithInvalidFieldType","Surefire suite","Wed Oct 07 08:42:47 UTC 2026","passed","Wed Oct 07 08:42:49 UTC 2026","testcases.backoffice.ListCompanyTest","Surefire test","testcases.backoffice.ListCompanyTest","listCompanyWithInvalidFieldType"
"Delete Group Backoffice Dengan id Sangat Panjang","1560","deleteGroupWithVeryLongId","Surefire suite","Wed Oct 07 08:15:09 UTC 2026","passed","Wed Oct 07 08:15:10 UTC 2026","testcases.backoffice.group.DeleteGroupTest","Surefire test","testcases.backoffice.group.DeleteGroupTest","deleteGroupWithVeryLongId"
"Delete Google Authenticator Menggunakan Login Admin Crypto","1541","deleteOtpGoogleWithAdminCryptoLogin","Surefire suite","Wed Oct 07 08:18:46 UTC 2026","passed","Wed Oct 07 08:18:47 UTC 2026","testcases.backoffice.googleauth.DeleteOtpGoogleTest","Surefire test","testcases.backoffice.googleauth.DeleteOtpGoogleTest","deleteOtpGoogleWithAdminCryptoLogin"
"Add Currency CS Admin Path Dengan Token Tidak Valid","1549","addCurrencyWithInvalidToken","Surefire suite","Wed Oct 07 09:15:56 UTC 2026","passed","Wed Oct 07 09:15:58 UTC 2026","testcases.backoffice.currency.AddCurrencyTest","Surefire test","testcases.backoffice.currency.AddCurrencyTest","addCurrencyWithInvalidToken"
"Login Merchant dengan Captcha yang Dipakai Ulang","4277","testLoginReusedCaptcha","Surefire suite","Wed Oct 07 08:10:56 UTC 2026","passed","Wed Oct 07 08:11:00 UTC 2026","testcases.auth.LoginTest","Surefire test","testcases.auth.LoginTest","testLoginReusedCaptcha"
"List Manage Settlement Backoffice Dengan Content-Type text/plain","1403","listManageSettlementWithWrongContentType","Surefire suite","Wed Oct 07 08:35:29 UTC 2026","passed","Wed Oct 07 08:35:30 UTC 2026","testcases.backoffice.settlement.ManageSettlementTest","Surefire test","testcases.backoffice.settlement.ManageSettlementTest","listManageSettlementWithWrongContentType"
"Get List Favorite Account Supervisor","4587","getListFavoriteAccountSupervisor","Surefire suite","Wed Oct 07 09:45:46 UTC 2026","passed","Wed Oct 07 09:45:51 UTC 2026","testcases.settings.favoriteaccount.GetListFavoriteAccountTest","Surefire test","testcases.settings.favoriteaccount.GetListFavoriteAccountTest","getListFavoriteAccountSupervisor"
"Add Group Backoffice Menggunakan HTTP Method GET","1573","addGroupWithGetMethod","Surefire suite","Wed Oct 07 08:09:00 UTC 2026","passed","Wed Oct 07 08:09:01 UTC 2026","testcases.backoffice.group.AddGroupTest","Surefire test","testcases.backoffice.group.AddGroupTest","addGroupWithGetMethod"
"Add Currency CS Admin Path Tanpa Login/Header Auth","1459","addCurrencyWithoutAuth","Surefire suite","Wed Oct 07 09:17:35 UTC 2026","passed","Wed Oct 07 09:17:37 UTC 2026","testcases.backoffice.currency.AddCurrencyTest","Surefire test","testcases.backoffice.currency.AddCurrencyTest","addCurrencyWithoutAuth"
"List User Backoffice Dengan Field Sort Merujuk ke Kolom yang Tidak Ada","1503","listUsersWithInvalidSortField","Surefire suite","Wed Oct 07 08:34:15 UTC 2026","passed","Wed Oct 07 08:34:16 UTC 2026","testcases.backoffice.users.ListUsersTest","Surefire test","testcases.backoffice.users.ListUsersTest","listUsersWithInvalidSortField"
"Delete Group Ke Path yang Tidak Ada (Typo)","1540","deleteGroupWithWrongPath","Surefire suite","Wed Oct 07 08:15:18 UTC 2026","passed","Wed Oct 07 08:15:19 UTC 2026","testcases.backoffice.group.DeleteGroupTest","Surefire test","testcases.backoffice.group.DeleteGroupTest","deleteGroupWithWrongPath"
"List Waiting Company Backoffice Menggunakan Login Merchant","1442","listWaitingCompanyWithMerchantLogin","Surefire suite","Wed Oct 07 08:41:43 UTC 2026","passed","Wed Oct 07 08:41:45 UTC 2026","testcases.backoffice.ListWaitingCompanyTest","Surefire test","testcases.backoffice.ListWaitingCompanyTest","listWaitingCompanyWithMerchantLogin"
"List Currency USDT Menggunakan HTTP Method DELETE","1441","getCurrencyWithDeleteMethod","Surefire suite","Wed Oct 07 08:22:36 UTC 2026","passed","Wed Oct 07 08:22:38 UTC 2026","testcases.backoffice.currency.GetCurrencyTest","Surefire test","testcases.backoffice.currency.GetCurrencyTest","getCurrencyWithDeleteMethod"
"Mutasi Special Transfer Supervisor CS","8707","mutasiSpecialTransferSupervisorCS","Surefire suite","Wed Oct 07 09:38:53 UTC 2026","passed","Wed Oct 07 09:39:02 UTC 2026","testcases.mutasi.MutasiTransferTest","Surefire test","testcases.mutasi.MutasiTransferTest","mutasiSpecialTransferSupervisorCS"
"Login Merchant dengan Username Tidak Terdaftar","2812","testLoginNonExistentUsername","Surefire suite","Wed Oct 07 08:10:50 UTC 2026","passed","Wed Oct 07 08:10:53 UTC 2026","testcases.auth.LoginTest","Surefire test","testcases.auth.LoginTest","testLoginNonExistentUsername"
"Add Currency CS Admin Path Dengan rate Berupa String Non-Numerik","1555","addCurrencyWithStringRate","Surefire suite","Wed Oct 07 09:17:01 UTC 2026","passed","Wed Oct 07 09:17:02 UTC 2026","testcases.backoffice.currency.AddCurrencyTest","Surefire test","testcases.backoffice.currency.AddCurrencyTest","addCurrencyWithStringRate"
"Add Currency CS Admin Path Dengan rate Berupa JSON Array","1570","addCurrencyWithArrayRate","Surefire suite","Wed Oct 07 09:14:59 UTC 2026","passed","Wed Oct 07 09:15:00 UTC 2026","testcases.backoffice.currency.AddCurrencyTest","Surefire test","testcases.backoffice.currency.AddCurrencyTest","addCurrencyWithArrayRate"
"Add User Backoffice Dengan Token Tidak Valid","1488","addMerchantBackofficeWithInvalidToken","Surefire suite","Wed Oct 07 08:06:21 UTC 2026","passed","Wed Oct 07 08:06:22 UTC 2026","testcases.backoffice.users.AddUserTest","Surefire test","testcases.backoffice.users.AddUserTest","addMerchantBackofficeWithInvalidToken"
"Get List Group Backoffice Dengan size 0","1502","getListGroupWithZeroSize","Surefire suite","Wed Oct 07 08:18:14 UTC 2026","passed","Wed Oct 07 08:18:16 UTC 2026","testcases.backoffice.group.GetListGroupTest","Surefire test","testcases.backoffice.group.GetListGroupTest","getListGroupWithZeroSize"
"Refund Summary Dengan type Bertipe Angka (Bukan String)","1493","getRefundWithNumericType","Surefire suite","Wed Oct 07 08:39:19 UTC 2026","passed","Wed Oct 07 08:39:21 UTC 2026","testcases.backoffice.refund.GetRefundTest","Surefire test","testcases.backoffice.refund.GetRefundTest","getRefundWithNumericType"
"Created Favorite Account Merchant","1465","createdFavoriteAccount","Surefire suite","Wed Oct 07 08:35:23 UTC 2026","failed","Wed Oct 07 08:35:25 UTC 2026","testcases.settings.favoriteaccount.CreatedFavoriteAccountTest","Surefire test","testcases.settings.favoriteaccount.CreatedFavoriteAccountTest","createdFavoriteAccount"
"Get Notification Sender Menggunakan HTTP Method PUT","1451","getNotificationSenderWithPutMethod","Surefire suite","Wed Oct 07 08:38:07 UTC 2026","passed","Wed Oct 07 08:38:08 UTC 2026","testcases.backoffice.notifsender.NotificationSenderTest","Surefire test","testcases.backoffice.notifsender.NotificationSenderTest","getNotificationSenderWithPutMethod"
"Add Group Backoffice Dengan Body JSON Tidak Valid (Malformed)","1518","addGroupWithMalformedJson","Surefire suite","Wed Oct 07 08:09:18 UTC 2026","passed","Wed Oct 07 08:09:19 UTC 2026","testcases.backoffice.group.AddGroupTest","Surefire test","testcases.backoffice.group.AddGroupTest","addGroupWithMalformedJson"
"Add Currency CS Admin Path Dengan rate Negatif","1548","addCurrencyWithNegativeRate","Surefire suite","Wed Oct 07 09:16:29 UTC 2026","passed","Wed Oct 07 09:16:31 UTC 2026","testcases.backoffice.currency.AddCurrencyTest","Surefire test","testcases.backoffice.currency.AddCurrencyTest","addCurrencyWithNegativeRate"
"List Company Backoffice Dengan Token Tidak Valid","1535","listCompanyWithInvalidToken","Surefire suite","Wed Oct 07 08:42:56 UTC 2026","passed","Wed Oct 07 08:42:58 UTC 2026","testcases.backoffice.ListCompanyTest","Surefire test","testcases.backoffice.ListCompanyTest","listCompanyWithInvalidToken"
"List Waiting Company Backoffice Dengan Ukuran Halaman Sangat Besar","1469","listWaitingCompanyWithHugeSize","Surefire suite","Wed Oct 07 08:41:12 UTC 2026","passed","Wed Oct 07 08:41:13 UTC 2026","testcases.backoffice.ListWaitingCompanyTest","Surefire test","testcases.backoffice.ListWaitingCompanyTest","listWaitingCompanyWithHugeSize"
"Get List Group Company BO Menggunakan HTTP Method POST","1503","getListGroupCompanyWithPostMethod","Surefire suite","Wed Oct 07 08:31:10 UTC 2026","passed","Wed Oct 07 08:31:11 UTC 2026","testcases.backoffice.settlement.GetListGroupCompanyTest","Surefire test","testcases.backoffice.settlement.GetListGroupCompanyTest","getListGroupCompanyWithPostMethod"
"Get List Google Authenticator Menggunakan Login Customer Service","4456","listOtpGoogleWithCSLogin","Surefire suite","Wed Oct 07 08:35:31 UTC 2026","passed","Wed Oct 07 08:35:36 UTC 2026","testcases.backoffice.googleauth.ListOtpGoogleTest","Surefire test","testcases.backoffice.googleauth.ListOtpGoogleTest","listOtpGoogleWithCSLogin"
"Delete Group Backoffice Menggunakan Login Merchant","1445","deleteGroupWithMerchantLogin","Surefire suite","Wed Oct 07 08:14:23 UTC 2026","passed","Wed Oct 07 08:14:25 UTC 2026","testcases.backoffice.group.DeleteGroupTest","Surefire test","testcases.backoffice.group.DeleteGroupTest","deleteGroupWithMerchantLogin"
"Add User Backoffice Dengan Payload XSS pada email","1509","addMerchantBackofficeWithXssEmail","Surefire suite","Wed Oct 07 08:07:20 UTC 2026","passed","Wed Oct 07 08:07:21 UTC 2026","testcases.backoffice.users.AddUserTest","Surefire test","testcases.backoffice.users.AddUserTest","addMerchantBackofficeWithXssEmail"
"Add Currency CS Admin Path Menggunakan HTTP Method DELETE","1441","addCurrencyWithDeleteMethod","Surefire suite","Wed Oct 07 09:15:24 UTC 2026","passed","Wed Oct 07 09:15:26 UTC 2026","testcases.backoffice.currency.AddCurrencyTest","Surefire test","testcases.backoffice.currency.AddCurrencyTest","addCurrencyWithDeleteMethod"
"Add User Backoffice Dengan email yang Sudah Terdaftar","1618","addMerchantBackofficeWithAlreadyRegisteredEmail","Surefire suite","Wed Oct 07 08:05:33 UTC 2026","passed","Wed Oct 07 08:05:34 UTC 2026","testcases.backoffice.users.AddUserTest","Surefire test","testcases.backoffice.users.AddUserTest","addMerchantBackofficeWithAlreadyRegisteredEmail"
"Transfer Different Partner Reference, Transfer to Special Transfer","10361","trfPartnerRefTransferFailed","Surefire suite","Wed Oct 07 08:09:40 UTC 2026","failed","Wed Oct 07 08:09:50 UTC 2026","testcases.transfer.SpecialTransferTest","Surefire test","testcases.transfer.SpecialTransferTest","trfPartnerRefTransferFailed"
"Transfer Different Parner Reference Supervisor, Manual Transfer to Transfer","10599","trfPartnerRefManualSpvFailed","Surefire suite","Wed Oct 07 08:07:14 UTC 2026","failed","Wed Oct 07 08:07:24 UTC 2026","testcases.transfer.TransferTest","Surefire test","testcases.transfer.TransferTest","trfPartnerRefManualSpvFailed"
"Reset Pin Merchant","2115","resetPinMerchant","Surefire suite","Wed Oct 07 08:35:18 UTC 2026","passed","Wed Oct 07 08:35:20 UTC 2026","testcases.settings.ResetPinTest","Surefire test","testcases.settings.ResetPinTest","resetPinMerchant"
"List Currency USDT Dengan Body Berupa JSON Array ([])","1476","getCurrencyWithArrayBody","Surefire suite","Wed Oct 07 08:22:23 UTC 2026","passed","Wed Oct 07 08:22:25 UTC 2026","testcases.backoffice.currency.GetCurrencyTest","Surefire test","testcases.backoffice.currency.GetCurrencyTest","getCurrencyWithArrayBody"
"Mutasi Transfer Supervisor CS","6570","mutasiTransferSupervisorCS","Surefire suite","Wed Oct 07 09:40:21 UTC 2026","passed","Wed Oct 07 09:40:28 UTC 2026","testcases.mutasi.MutasiTransferTest","Surefire test","testcases.mutasi.MutasiTransferTest","mutasiTransferSupervisorCS"
"Delete Manage Settlement BO Tanpa Login/Header Auth","1458","deleteManageSettlementWithoutAuth","Surefire suite","Wed Oct 07 08:26:39 UTC 2026","passed","Wed Oct 07 08:26:41 UTC 2026","testcases.backoffice.settlement.DeleteManageSettlementTest","Surefire test","testcases.backoffice.settlement.DeleteManageSettlementTest","deleteManageSettlementWithoutAuth"
"Inquiry Test Special Transfer Admin Crypto","1746","inquirySpecialTransferAdminCrypto","Surefire suite","Wed Oct 07 08:07:20 UTC 2026","passed","Wed Oct 07 08:07:22 UTC 2026","testcases.transfer.InquirySpecialTransferTest","Surefire test","testcases.transfer.InquirySpecialTransferTest","inquirySpecialTransferAdminCrypto"
"List User Backoffice Tanpa Body Sama Sekali","1455","listUsersWithoutBody","Surefire suite","Wed Oct 07 08:35:01 UTC 2026","passed","Wed Oct 07 08:35:03 UTC 2026","testcases.backoffice.users.ListUsersTest","Surefire test","testcases.backoffice.users.ListUsersTest","listUsersWithoutBody"
"Refund Summary Dengan type String Kosong","1545","getRefundWithEmptyType","Surefire suite","Wed Oct 07 08:38:12 UTC 2026","passed","Wed Oct 07 08:38:13 UTC 2026","testcases.backoffice.refund.GetRefundTest","Surefire test","testcases.backoffice.refund.GetRefundTest","getRefundWithEmptyType"
"Inquiry Favorite Account Supervisor","4857","inquiryFavoriteAccountSupervisor","Surefire suite","Wed Oct 07 08:59:32 UTC 2026","passed","Wed Oct 07 08:59:37 UTC 2026","testcases.settings.favoriteaccount.InquiryFavoriteAccountTest","Surefire test","testcases.settings.favoriteaccount.InquiryFavoriteAccountTest","inquiryFavoriteAccountSupervisor"
"List Currency USDT Tanpa Login/Header Auth","1419","getCurrencyWithoutAuth","Surefire suite","Wed Oct 07 08:24:25 UTC 2026","passed","Wed Oct 07 08:24:27 UTC 2026","testcases.backoffice.currency.GetCurrencyTest","Surefire test","testcases.backoffice.currency.GetCurrencyTest","getCurrencyWithoutAuth"
"Created Favorite Account Menggunakan HTTP Method GET","1411","createdFavoriteAccountWithGetMethod","Surefire suite","Wed Oct 07 08:35:50 UTC 2026","failed","Wed Oct 07 08:35:51 UTC 2026","testcases.settings.favoriteaccount.CreatedFavoriteAccountTest","Surefire test","testcases.settings.favoriteaccount.CreatedFavoriteAccountTest","createdFavoriteAccountWithGetMethod"
"List Refund Tanpa Login/Header Auth","1435","listRefundWithoutAuth","Surefire suite","Wed Oct 07 09:22:31 UTC 2026","passed","Wed Oct 07 09:22:32 UTC 2026","testcases.backoffice.ListRefundTest","Surefire test","testcases.backoffice.ListRefundTest","listRefundWithoutAuth"
"Create Manage Settlement BO Dengan groupName Sangat Panjang (10.000 karakter)","1533","addManageSettlementWithOverlongGroupName","Surefire suite","Wed Oct 07 08:28:50 UTC 2026","passed","Wed Oct 07 08:28:51 UTC 2026","testcases.backoffice.settlement.AddManageSettlementTest","Surefire test","testcases.backoffice.settlement.AddManageSettlementTest","addManageSettlementWithOverlongGroupName"
"Add Currency Ke Path yang Tidak Ada (Typo)","1692","addCurrencyWithWrongPath","Surefire suite","Wed Oct 07 09:17:22 UTC 2026","passed","Wed Oct 07 09:17:24 UTC 2026","testcases.backoffice.currency.AddCurrencyTest","Surefire test","testcases.backoffice.currency.AddCurrencyTest","addCurrencyWithWrongPath"
"Get List Favorite Account Ke Path yang Tidak Ada (Typo)","1845","getListFavoriteAccountWithWrongPath","Surefire suite","Wed Oct 07 09:47:20 UTC 2026","passed","Wed Oct 07 09:47:22 UTC 2026","testcases.settings.favoriteaccount.GetListFavoriteAccountTest","Surefire test","testcases.settings.favoriteaccount.GetListFavoriteAccountTest","getListFavoriteAccountWithWrongPath"
"Add User Backoffice","7837","addMerchantBackoffice","Surefire suite","Wed Oct 07 08:05:22 UTC 2026","passed","Wed Oct 07 08:05:30 UTC 2026","testcases.backoffice.users.AddUserTest","Surefire test","testcases.backoffice.users.AddUserTest","addMerchantBackoffice"
"Get List Group Backoffice Menggunakan Login Admin Crypto","1583","getListGroupWithAdminCryptoLogin","Surefire suite","Wed Oct 07 08:15:59 UTC 2026","passed","Wed Oct 07 08:16:00 UTC 2026","testcases.backoffice.group.GetListGroupTest","Surefire test","testcases.backoffice.group.GetListGroupTest","getListGroupWithAdminCryptoLogin"
"Create Manage Settlement BO Dengan Content-Type text/plain","1416","addManageSettlementWithWrongContentType","Surefire suite","Wed Oct 07 08:29:12 UTC 2026","passed","Wed Oct 07 08:29:14 UTC 2026","testcases.backoffice.settlement.AddManageSettlementTest","Surefire test","testcases.backoffice.settlement.AddManageSettlementTest","addManageSettlementWithWrongContentType"
"Add Currency CS Admin Path Dengan rate Berupa JSON Object","1479","addCurrencyWithObjectRate","Surefire suite","Wed Oct 07 09:16:43 UTC 2026","passed","Wed Oct 07 09:16:44 UTC 2026","testcases.backoffice.currency.AddCurrencyTest","Surefire test","testcases.backoffice.currency.AddCurrencyTest","addCurrencyWithObjectRate"
"Mutasi Transfer Supervisor","5630","mutasiTransferSupervisor","Surefire suite","Wed Oct 07 09:39:51 UTC 2026","passed","Wed Oct 07 09:39:56 UTC 2026","testcases.mutasi.MutasiTransferTest","Surefire test","testcases.mutasi.MutasiTransferTest","mutasiTransferSupervisor"
"Delete Google Authenticator Menggunakan Login Marketing","1544","deleteOtpGoogleWithMarketingLogin","Surefire suite","Wed Oct 07 08:19:36 UTC 2026","passed","Wed Oct 07 08:19:37 UTC 2026","testcases.backoffice.googleauth.DeleteOtpGoogleTest","Surefire test","testcases.backoffice.googleauth.DeleteOtpGoogleTest","deleteOtpGoogleWithMarketingLogin"
"Get Group Detail Backoffice Menggunakan HTTP Method POST","1472","getGroupDetailWithPostMethod","Surefire suite","Wed Oct 07 08:12:17 UTC 2026","passed","Wed Oct 07 08:12:18 UTC 2026","testcases.backoffice.group.GetGroupTest","Surefire test","testcases.backoffice.group.GetGroupTest","getGroupDetailWithPostMethod"
"Success Assignment USDT","6671","assignUSDTTest","Surefire suite","Wed Oct 07 08:42:00 UTC 2026","passed","Wed Oct 07 08:42:06 UTC 2026","testcases.backoffice.TransferAssignmentTest","Surefire test","testcases.backoffice.TransferAssignmentTest","assignUSDTTest"
"Get List Google Authenticator Tanpa Body Sama Sekali","1399","listOtpGoogleWithoutBody","Surefire suite","Wed Oct 07 08:37:22 UTC 2026","passed","Wed Oct 07 08:37:24 UTC 2026","testcases.backoffice.googleauth.ListOtpGoogleTest","Surefire test","testcases.backoffice.googleauth.ListOtpGoogleTest","listOtpGoogleWithoutBody"
"List Manage Settlement Backoffice","2227","listManageSettlementTest","Surefire suite","Wed Oct 07 08:33:10 UTC 2026","passed","Wed Oct 07 08:33:12 UTC 2026","testcases.backoffice.settlement.ManageSettlementTest","Surefire test","testcases.backoffice.settlement.ManageSettlementTest","listManageSettlementTest"
"Reset Pin Backoffice","7897","resetPinBackoffice","Surefire suite","Wed Oct 07 08:32:54 UTC 2026","passed","Wed Oct 07 08:33:02 UTC 2026","testcases.settings.ResetPinTest","Surefire test","testcases.settings.ResetPinTest","resetPinBackoffice"
"Delete Manage Settlement BO Menggunakan Login Merchant","1454","deleteManageSettlementWithMerchantLogin","Surefire suite","Wed Oct 07 08:25:49 UTC 2026","passed","Wed Oct 07 08:25:51 UTC 2026","testcases.backoffice.settlement.DeleteManageSettlementTest","Surefire test","testcases.backoffice.settlement.DeleteManageSettlementTest","deleteManageSettlementWithMerchantLogin"
"Resend Google Authenticator Menggunakan Login Marketing","1472","resendOtpGoogleWithMarketingLogin","Surefire suite","Wed Oct 07 08:40:08 UTC 2026","passed","Wed Oct 07 08:40:10 UTC 2026","testcases.backoffice.googleauth.ResendOtpGoogleTest","Surefire test","testcases.backoffice.googleauth.ResendOtpGoogleTest","resendOtpGoogleWithMarketingLogin"
"List Company Backoffice Dengan Body Kosong ({})","1817","listCompanyWithEmptyBody","Surefire suite","Wed Oct 07 08:42:33 UTC 2026","passed","Wed Oct 07 08:42:35 UTC 2026","testcases.backoffice.ListCompanyTest","Surefire test","testcases.backoffice.ListCompanyTest","listCompanyWithEmptyBody"
"Created Favorite Account Dengan Body Berupa Literal null","1432","createdFavoriteAccountWithNullLiteralBody","Surefire suite","Wed Oct 07 08:36:08 UTC 2026","passed","Wed Oct 07 08:36:09 UTC 2026","testcases.settings.favoriteaccount.CreatedFavoriteAccountTest","Surefire test","testcases.settings.favoriteaccount.CreatedFavoriteAccountTest","createdFavoriteAccountWithNullLiteralBody"
"Check Status QR CS","13776","checkStatusQRCS","Surefire suite","Wed Oct 07 08:48:37 UTC 2026","failed","Wed Oct 07 08:48:51 UTC 2026","testcases.QR.CheckStatusQRTest","Surefire test","testcases.QR.CheckStatusQRTest","checkStatusQRCS"
"Get Notification Sender Tanpa Body Sama Sekali","1404","getNotificationSenderWithoutBody","Surefire suite","Wed Oct 07 08:38:48 UTC 2026","passed","Wed Oct 07 08:38:50 UTC 2026","testcases.backoffice.notifsender.NotificationSenderTest","Surefire test","testcases.backoffice.notifsender.NotificationSenderTest","getNotificationSenderWithoutBody"
"Add Group Backoffice Dengan Payload XSS pada name","1715","addGroupWithXssName","Surefire suite","Wed Oct 07 08:10:39 UTC 2026","passed","Wed Oct 07 08:10:41 UTC 2026","testcases.backoffice.group.AddGroupTest","Surefire test","testcases.backoffice.group.AddGroupTest","addGroupWithXssName"
"Add User Backoffice Dengan Body Literal null","1456","addMerchantBackofficeWithNullLiteralBody","Surefire suite","Wed Oct 07 08:06:39 UTC 2026","passed","Wed Oct 07 08:06:40 UTC 2026","testcases.backoffice.users.AddUserTest","Surefire test","testcases.backoffice.users.AddUserTest","addMerchantBackofficeWithNullLiteralBody"
"Get List Group Backoffice Dengan Body Berupa Literal null","1438","getListGroupWithNullLiteralBody","Surefire suite","Wed Oct 07 08:17:20 UTC 2026","passed","Wed Oct 07 08:17:21 UTC 2026","testcases.backoffice.group.GetListGroupTest","Surefire test","testcases.backoffice.group.GetListGroupTest","getListGroupWithNullLiteralBody"
"List User Backoffice Menggunakan Login Admin Crypto","4635","listUsersWithAdminCryptoLogin","Surefire suite","Wed Oct 07 08:33:45 UTC 2026","passed","Wed Oct 07 08:33:50 UTC 2026","testcases.backoffice.users.ListUsersTest","Surefire test","testcases.backoffice.users.ListUsersTest","listUsersWithAdminCryptoLogin"
"Created Favorite Account Dengan Field Tidak Dikenal pada Body","1503","createdFavoriteAccountWithUnknownField","Surefire suite","Wed Oct 07 08:36:21 UTC 2026","failed","Wed Oct 07 08:36:23 UTC 2026","testcases.settings.favoriteaccount.CreatedFavoriteAccountTest","Surefire test","testcases.settings.favoriteaccount.CreatedFavoriteAccountTest","createdFavoriteAccountWithUnknownField"
"Get Dashboard Backoffice Dengan Token Tidak Valid","1455","getDashboardWithInvalidToken","Surefire suite","Wed Oct 07 08:21:02 UTC 2026","passed","Wed Oct 07 08:21:03 UTC 2026","testcases.backoffice.GetDashboardTest","Surefire test","testcases.backoffice.GetDashboardTest","getDashboardWithInvalidToken"
"Test Approved Special Transfer","6081","approvedSpecialTransfer","Surefire suite","Wed Oct 07 09:06:49 UTC 2026","passed","Wed Oct 07 09:06:55 UTC 2026","testcases.backoffice.ApprovalTransferTest","Surefire test","testcases.backoffice.ApprovalTransferTest","approvedSpecialTransfer"
"Inquiry Favorite Account Dengan Content-Type text/plain","1395","inquiryFavoriteAccountWithWrongContentType","Surefire suite","Wed Oct 07 08:38:30 UTC 2026","passed","Wed Oct 07 08:38:32 UTC 2026","testcases.settings.favoriteaccount.InquiryFavoriteAccountTest","Surefire test","testcases.settings.favoriteaccount.InquiryFavoriteAccountTest","inquiryFavoriteAccountWithWrongContentType"
"Get List Favorite Account Tanpa Body Sama Sekali","1401","getListFavoriteAccountWithoutBody","Surefire suite","Wed Oct 07 09:47:34 UTC 2026","passed","Wed Oct 07 09:47:36 UTC 2026","testcases.settings.favoriteaccount.GetListFavoriteAccountTest","Surefire test","testcases.settings.favoriteaccount.GetListFavoriteAccountTest","getListFavoriteAccountWithoutBody"
"Test Approved Manual Transfer","12417","approvedCashDeposit","Surefire suite","Wed Oct 07 09:05:33 UTC 2026","passed","Wed Oct 07 09:05:45 UTC 2026","testcases.backoffice.ApprovalTransferTest","Surefire test","testcases.backoffice.ApprovalTransferTest","approvedCashDeposit"
"Normal Manual Transfer Balance Success","7006","manualTransferBalanceAdminCrypto","Surefire suite","Wed Oct 07 08:06:53 UTC 2026","passed","Wed Oct 07 08:07:00 UTC 2026","testcases.transfer.ManualTransferTest","Surefire test","testcases.transfer.ManualTransferTest","manualTransferBalanceAdminCrypto"
"List Manage Settlement Backoffice Dengan Field Sort Merujuk ke Kolom yang Tidak Ada","1509","listManageSettlementWithInvalidSortField","Surefire suite","Wed Oct 07 08:34:17 UTC 2026","passed","Wed Oct 07 08:34:18 UTC 2026","testcases.backoffice.settlement.ManageSettlementTest","Surefire test","testcases.backoffice.settlement.ManageSettlementTest","listManageSettlementWithInvalidSortField"
"Delete Google Authenticator Dengan Token Tidak Valid","1533","deleteOtpGoogleWithInvalidToken","Surefire suite","Wed Oct 07 08:19:22 UTC 2026","passed","Wed Oct 07 08:19:24 UTC 2026","testcases.backoffice.googleauth.DeleteOtpGoogleTest","Surefire test","testcases.backoffice.googleauth.DeleteOtpGoogleTest","deleteOtpGoogleWithInvalidToken"
"Delete Group Backoffice Tanpa Body Sama Sekali","1555","deleteGroupWithoutBody","Surefire suite","Wed Oct 07 08:15:36 UTC 2026","passed","Wed Oct 07 08:15:37 UTC 2026","testcases.backoffice.group.DeleteGroupTest","Surefire test","testcases.backoffice.group.DeleteGroupTest","deleteGroupWithoutBody"
"List Refund Menggunakan Login Merchant","1563","listRefundWithMerchantLogin","Surefire suite","Wed Oct 07 09:22:09 UTC 2026","passed","Wed Oct 07 09:22:11 UTC 2026","testcases.backoffice.ListRefundTest","Surefire test","testcases.backoffice.ListRefundTest","listRefundWithMerchantLogin"
"List Currency USDT Dengan Field Sort Merujuk ke Kolom yang Tidak Ada","1597","getCurrencyWithInvalidSortField","Surefire suite","Wed Oct 07 08:23:04 UTC 2026","passed","Wed Oct 07 08:23:05 UTC 2026","testcases.backoffice.currency.GetCurrencyTest","Surefire test","testcases.backoffice.currency.GetCurrencyTest","getCurrencyWithInvalidSortField"
"List Waiting Company Backoffice Dengan Page/Size Negatif","1505","listWaitingCompanyWithNegativePageSize","Surefire suite","Wed Oct 07 08:41:48 UTC 2026","passed","Wed Oct 07 08:41:49 UTC 2026","testcases.backoffice.ListWaitingCompanyTest","Surefire test","testcases.backoffice.ListWaitingCompanyTest","listWaitingCompanyWithNegativePageSize"
"Check Status QR Dengan Header Authorization Tanpa Skema Bearer","1474","checkStatusQRWithMalformedAuthorizationHeader","Surefire suite","Wed Oct 07 08:33:47 UTC 2026","failed","Wed Oct 07 08:33:49 UTC 2026","testcases.QR.CheckStatusQRTest","Surefire test","testcases.QR.CheckStatusQRTest","checkStatusQRWithMalformedAuthorizationHeader"
"Mutasi Special Transfer Balance Supervisor","9983","mutasiSpecialTransferBalanceSupervisor","Surefire suite","Wed Oct 07 09:38:04 UTC 2026","passed","Wed Oct 07 09:38:14 UTC 2026","testcases.mutasi.MutasiTransferTest","Surefire test","testcases.mutasi.MutasiTransferTest","mutasiSpecialTransferBalanceSupervisor"
"Get User Marketing Backoffice","1546","getUserSuperBO","Surefire suite","Wed Oct 07 08:21:47 UTC 2026","passed","Wed Oct 07 08:21:49 UTC 2026","testcases.backoffice.GetDashboardTest","Surefire test","testcases.backoffice.GetDashboardTest","getUserSuperBO"
"List Currency USDT Menggunakan Login Marketing","1498","getCurrencyWithMarketingLogin","Surefire suite","Wed Oct 07 08:23:26 UTC 2026","passed","Wed Oct 07 08:23:28 UTC 2026","testcases.backoffice.currency.GetCurrencyTest","Surefire test","testcases.backoffice.currency.GetCurrencyTest","getCurrencyWithMarketingLogin"
"Delete Group Backoffice Menggunakan Login CS Admin","1472","deleteGroupWithCSAdminLogin","Surefire suite","Wed Oct 07 08:13:20 UTC 2026","passed","Wed Oct 07 08:13:22 UTC 2026","testcases.backoffice.group.DeleteGroupTest","Surefire test","testcases.backoffice.group.DeleteGroupTest","deleteGroupWithCSAdminLogin"
"Refund Summary Dengan endDate Bukan Format Tanggal","1488","getRefundWithInvalidEndDate","Surefire suite","Wed Oct 07 08:38:30 UTC 2026","passed","Wed Oct 07 08:38:31 UTC 2026","testcases.backoffice.refund.GetRefundTest","Surefire test","testcases.backoffice.refund.GetRefundTest","getRefundWithInvalidEndDate"
"Get Detail User Backoffice Dengan Format User Id Tidak Valid (Bukan ObjectId)","1482","getUsersWithMalformedId","Surefire suite","Wed Oct 07 08:33:19 UTC 2026","passed","Wed Oct 07 08:33:21 UTC 2026","testcases.backoffice.users.ListUsersTest","Surefire test","testcases.backoffice.users.ListUsersTest","getUsersWithMalformedId"
"List Currency USDT Dengan Header pbyv Salah","1466","getCurrencyWithWrongPbyvHeader","Surefire suite","Wed Oct 07 08:24:17 UTC 2026","passed","Wed Oct 07 08:24:18 UTC 2026","testcases.backoffice.currency.GetCurrencyTest","Surefire test","testcases.backoffice.currency.GetCurrencyTest","getCurrencyWithWrongPbyvHeader"
"Get List Favorite Account Merchant","7680","getListFavoriteAccount","Surefire suite","Wed Oct 07 09:45:28 UTC 2026","passed","Wed Oct 07 09:45:35 UTC 2026","testcases.settings.favoriteaccount.GetListFavoriteAccountTest","Surefire test","testcases.settings.favoriteaccount.GetListFavoriteAccountTest","getListFavoriteAccount"
"List Refund Dengan Token Tidak Valid","1442","listRefundWithInvalidToken","Surefire suite","Wed Oct 07 09:21:56 UTC 2026","passed","Wed Oct 07 09:21:57 UTC 2026","testcases.backoffice.ListRefundTest","Surefire test","testcases.backoffice.ListRefundTest","listRefundWithInvalidToken"
"Get Notification Sender Dengan Body Berupa Literal null","1425","getNotificationSenderWithNullLiteralBody","Surefire suite","Wed Oct 07 08:37:49 UTC 2026","passed","Wed Oct 07 08:37:50 UTC 2026","testcases.backoffice.notifsender.NotificationSenderTest","Surefire test","testcases.backoffice.notifsender.NotificationSenderTest","getNotificationSenderWithNullLiteralBody"
"List User Backoffice Dengan Body Kosong ({})","1601","listUsersWithEmptyBody","Surefire suite","Wed Oct 07 08:34:00 UTC 2026","passed","Wed Oct 07 08:34:02 UTC 2026","testcases.backoffice.users.ListUsersTest","Surefire test","testcases.backoffice.users.ListUsersTest","listUsersWithEmptyBody"
"Mutasi USDT Transfer CS","11359","mutasiUSDTTransferCS","Surefire suite","Wed Oct 07 09:41:34 UTC 2026","passed","Wed Oct 07 09:41:46 UTC 2026","testcases.mutasi.MutasiTransferTest","Surefire test","testcases.mutasi.MutasiTransferTest","mutasiUSDTTransferCS"
"Delete Manage Settlement BO Dengan Token Backoffice Valid Tapi Tanpa Header pbyv","1463","deleteManageSettlementWithoutPbyvHeader","Surefire suite","Wed Oct 07 08:26:53 UTC 2026","passed","Wed Oct 07 08:26:54 UTC 2026","testcases.backoffice.settlement.DeleteManageSettlementTest","Surefire test","testcases.backoffice.settlement.DeleteManageSettlementTest","deleteManageSettlementWithoutPbyvHeader"
"Delete Google Authenticator Menggunakan Login Customer Service","1462","deleteOtpGoogleWithCSLogin","Surefire suite","Wed Oct 07 08:18:59 UTC 2026","passed","Wed Oct 07 08:19:01 UTC 2026","testcases.backoffice.googleauth.DeleteOtpGoogleTest","Surefire test","testcases.backoffice.googleauth.DeleteOtpGoogleTest","deleteOtpGoogleWithCSLogin"
"List Waiting Company Backoffice Menggunakan HTTP Method GET","1468","listWaitingCompanyWithGetMethod","Surefire suite","Wed Oct 07 08:41:07 UTC 2026","passed","Wed Oct 07 08:41:09 UTC 2026","testcases.backoffice.ListWaitingCompanyTest","Surefire test","testcases.backoffice.ListWaitingCompanyTest","listWaitingCompanyWithGetMethod"
"Inquiry Favorite Account Menggunakan HTTP Method PATCH","1422","inquiryFavoriteAccountWithPatchMethod","Surefire suite","Wed Oct 07 08:38:08 UTC 2026","passed","Wed Oct 07 08:38:09 UTC 2026","testcases.settings.favoriteaccount.InquiryFavoriteAccountTest","Surefire test","testcases.settings.favoriteaccount.InquiryFavoriteAccountTest","inquiryFavoriteAccountWithPatchMethod"
"Get Notification Sender Tanpa Login/Header Auth","1397","getNotificationSenderWithoutAuth","Surefire suite","Wed Oct 07 08:38:44 UTC 2026","passed","Wed Oct 07 08:38:45 UTC 2026","testcases.backoffice.notifsender.NotificationSenderTest","Surefire test","testcases.backoffice.notifsender.NotificationSenderTest","getNotificationSenderWithoutAuth"
"Inquiry Test Transfer Merchant","10309","inquiryTransfer","Surefire suite","Wed Oct 07 08:40:34 UTC 2026","failed","Wed Oct 07 08:40:45 UTC 2026","testcases.transfer.InquiryTransferTest","Surefire test","testcases.transfer.InquiryTransferTest","inquiryTransfer"
"Get List Favorite Account Menggunakan HTTP Method PATCH","1477","getListFavoriteAccountWithPatchMethod","Surefire suite","Wed Oct 07 09:46:48 UTC 2026","passed","Wed Oct 07 09:46:50 UTC 2026","testcases.settings.favoriteaccount.GetListFavoriteAccountTest","Surefire test","testcases.settings.favoriteaccount.GetListFavoriteAccountTest","getListFavoriteAccountWithPatchMethod"
"Refund Summary Dengan startDate Hanya Tanggal (Tanpa Waktu/Zona)","1549","getRefundWithDateOnlyFormat","Surefire suite","Wed Oct 07 08:37:58 UTC 2026","passed","Wed Oct 07 08:38:00 UTC 2026","testcases.backoffice.refund.GetRefundTest","Surefire test","testcases.backoffice.refund.GetRefundTest","getRefundWithDateOnlyFormat"
"List Currency USDT Dengan Sort Tanpa Operator '=='","1615","getCurrencyWithMalformedSortOperator","Surefire suite","Wed Oct 07 08:23:22 UTC 2026","passed","Wed Oct 07 08:23:23 UTC 2026","testcases.backoffice.currency.GetCurrencyTest","Surefire test","testcases.backoffice.currency.GetCurrencyTest","getCurrencyWithMalformedSortOperator"
"List Currency USDT Menggunakan Login Supervisor","1535","getCurrencyWithSupervisorLogin","Surefire suite","Wed Oct 07 08:23:58 UTC 2026","passed","Wed Oct 07 08:24:00 UTC 2026","testcases.backoffice.currency.GetCurrencyTest","Surefire test","testcases.backoffice.currency.GetCurrencyTest","getCurrencyWithSupervisorLogin"
"Created Favorite Account Menggunakan HTTP Method DELETE","1413","createdFavoriteAccountWithDeleteMethod","Surefire suite","Wed Oct 07 08:35:32 UTC 2026","passed","Wed Oct 07 08:35:34 UTC 2026","testcases.settings.favoriteaccount.CreatedFavoriteAccountTest","Surefire test","testcases.settings.favoriteaccount.CreatedFavoriteAccountTest","createdFavoriteAccountWithDeleteMethod"
"Add Group Backoffice Dengan name Sangat Panjang","1505","addGroupWithVeryLongName","Surefire suite","Wed Oct 07 08:10:16 UTC 2026","passed","Wed Oct 07 08:10:18 UTC 2026","testcases.backoffice.group.AddGroupTest","Surefire test","testcases.backoffice.group.AddGroupTest","addGroupWithVeryLongName"
"Add Currency USDT Cs Admin","4825","addCurrencyCsAdmin","Surefire suite","Wed Oct 07 09:14:31 UTC 2026","passed","Wed Oct 07 09:14:36 UTC 2026","testcases.backoffice.currency.AddCurrencyTest","Surefire test","testcases.backoffice.currency.AddCurrencyTest","addCurrencyCsAdmin"
"Get Detail Waiting Company Backoffice","2528","getDetailWaitingCompany","Surefire suite","Wed Oct 07 08:05:23 UTC 2026","passed","Wed Oct 07 08:05:26 UTC 2026","testcases.backoffice.GetDetailWaitingCompanyTest","Surefire test","testcases.backoffice.GetDetailWaitingCompanyTest","getDetailWaitingCompany"
"Inquiry Favorite Account Dengan Body Berupa Literal null","1496","inquiryFavoriteAccountWithNullLiteralBody","Surefire suite","Wed Oct 07 08:38:03 UTC 2026","passed","Wed Oct 07 08:38:05 UTC 2026","testcases.settings.favoriteaccount.InquiryFavoriteAccountTest","Surefire test","testcases.settings.favoriteaccount.InquiryFavoriteAccountTest","inquiryFavoriteAccountWithNullLiteralBody"
"Get Group Detail Backoffice Menggunakan HTTP Method DELETE","1405","getGroupDetailWithDeleteMethod","Surefire suite","Wed Oct 07 08:11:15 UTC 2026","passed","Wed Oct 07 08:11:17 UTC 2026","testcases.backoffice.group.GetGroupTest","Surefire test","testcases.backoffice.group.GetGroupTest","getGroupDetailWithDeleteMethod"
"Get List Group Backoffice Tanpa Body Sama Sekali","1552","getListGroupWithoutBody","Surefire suite","Wed Oct 07 08:18:23 UTC 2026","passed","Wed Oct 07 08:18:25 UTC 2026","testcases.backoffice.group.GetListGroupTest","Surefire test","testcases.backoffice.group.GetListGroupTest","getListGroupWithoutBody"
"Test Approved Special Transfer Supervisor","5655","approvedSpecialTransferSupervisor","Surefire suite","Wed Oct 07 09:07:12 UTC 2026","passed","Wed Oct 07 09:07:18 UTC 2026","testcases.backoffice.ApprovalTransferTest","Surefire test","testcases.backoffice.ApprovalTransferTest","approvedSpecialTransferSupervisor"
"Delete Favorite Account Tanpa Login/Header Auth","1409","deleteFavoriteAccountWithoutAuth","Surefire suite","Wed Oct 07 08:23:49 UTC 2026","passed","Wed Oct 07 08:23:51 UTC 2026","testcases.settings.favoriteaccount.DeleteFavoriteAccountTest","Surefire test","testcases.settings.favoriteaccount.DeleteFavoriteAccountTest","deleteFavoriteAccountWithoutAuth"
"List Refund Menggunakan Login Merchant","4673","listRefundMarketing","Surefire suite","Wed Oct 07 09:20:55 UTC 2026","passed","Wed Oct 07 09:20:59 UTC 2026","testcases.backoffice.ListRefundTest","Surefire test","testcases.backoffice.ListRefundTest","listRefundMarketing"
"Add Currency CS Admin Path Menggunakan Login Backoffice","1542","addCurrencyWithBackofficeLogin","Surefire suite","Wed Oct 07 09:15:03 UTC 2026","passed","Wed Oct 07 09:15:05 UTC 2026","testcases.backoffice.currency.AddCurrencyTest","Surefire test","testcases.backoffice.currency.AddCurrencyTest","addCurrencyWithBackofficeLogin"
"Delete Manage Settlement BO Dengan Format id Tidak Valid (Bukan ObjectId)","1498","deleteManageSettlementWithMalformedId","Surefire suite","Wed Oct 07 08:25:40 UTC 2026","passed","Wed Oct 07 08:25:42 UTC 2026","testcases.backoffice.settlement.DeleteManageSettlementTest","Surefire test","testcases.backoffice.settlement.DeleteManageSettlementTest","deleteManageSettlementWithMalformedId"
"List Manage Settlement Backoffice Dengan Ukuran Halaman Sangat Besar","1516","listManageSettlementWithHugeSize","Surefire suite","Wed Oct 07 08:34:08 UTC 2026","passed","Wed Oct 07 08:34:09 UTC 2026","testcases.backoffice.settlement.ManageSettlementTest","Surefire test","testcases.backoffice.settlement.ManageSettlementTest","listManageSettlementWithHugeSize"
"Create Manage Settlement BO Tanpa Field companyList","1516","addManageSettlementWithoutCompanyList","Surefire suite","Wed Oct 07 08:29:40 UTC 2026","passed","Wed Oct 07 08:29:41 UTC 2026","testcases.backoffice.settlement.AddManageSettlementTest","Surefire test","testcases.backoffice.settlement.AddManageSettlementTest","addManageSettlementWithoutCompanyList"
"Delete Google Authenticator Menggunakan HTTP Method DELETE","1521","deleteOtpGoogleWithDeleteMethod","Surefire suite","Wed Oct 07 08:19:04 UTC 2026","passed","Wed Oct 07 08:19:05 UTC 2026","testcases.backoffice.googleauth.DeleteOtpGoogleTest","Surefire test","testcases.backoffice.googleauth.DeleteOtpGoogleTest","deleteOtpGoogleWithDeleteMethod"
"Get List Google Authenticator Menggunakan HTTP Method DELETE","1425","listOtpGoogleWithDeleteMethod","Surefire suite","Wed Oct 07 08:35:39 UTC 2026","passed","Wed Oct 07 08:35:40 UTC 2026","testcases.backoffice.googleauth.ListOtpGoogleTest","Surefire test","testcases.backoffice.googleauth.ListOtpGoogleTest","listOtpGoogleWithDeleteMethod"
"Get List Google Authenticator Dengan Body Kosong ({})","1481","listOtpGoogleWithEmptyBody","Surefire suite","Wed Oct 07 08:35:43 UTC 2026","passed","Wed Oct 07 08:35:45 UTC 2026","testcases.backoffice.googleauth.ListOtpGoogleTest","Surefire test","testcases.backoffice.googleauth.ListOtpGoogleTest","listOtpGoogleWithEmptyBody"
"Get History USDT Transfer Test","5150","historyUSDTTransferTest","Surefire suite","Wed Oct 07 09:30:51 UTC 2026","passed","Wed Oct 07 09:30:56 UTC 2026","testcases.history.HistoryTransferTest","Surefire test","testcases.history.HistoryTransferTest","historyUSDTTransferTest"
"Check Status QR Dengan id Berisi Spasi","1412","checkStatusQRWithWhitespaceId","Surefire suite","Wed Oct 07 08:34:28 UTC 2026","failed","Wed Oct 07 08:34:29 UTC 2026","testcases.QR.CheckStatusQRTest","Surefire test","testcases.QR.CheckStatusQRTest","checkStatusQRWithWhitespaceId"
"Test Settlement USDT CS Admin dengan check Fee di Admin Crypto dan Admin Fee","20947","settlementUSDTCSAdmin","Surefire suite","Wed Oct 07 09:11:26 UTC 2026","passed","Wed Oct 07 09:11:47 UTC 2026","testcases.backoffice.ApprovalTransferTest","Surefire test","testcases.backoffice.ApprovalTransferTest","settlementUSDTCSAdmin"
"Delete Manage Settlement BO Menggunakan Login Customer Service","1470","deleteManageSettlementWithCSLogin","Surefire suite","Wed Oct 07 08:25:09 UTC 2026","passed","Wed Oct 07 08:25:11 UTC 2026","testcases.backoffice.settlement.DeleteManageSettlementTest","Surefire test","testcases.backoffice.settlement.DeleteManageSettlementTest","deleteManageSettlementWithCSLogin"
"Get History Manual Transfer Supervisor on Login CS Admin","5107","historyManualTransferSupervisorTestCSAdmin","Surefire suite","Wed Oct 07 09:27:21 UTC 2026","passed","Wed Oct 07 09:27:26 UTC 2026","testcases.history.HistoryTransferTest","Surefire test","testcases.history.HistoryTransferTest","historyManualTransferSupervisorTestCSAdmin"
"Delete Google Authenticator Dengan Token Backoffice Valid Tapi Tanpa Header pbyv","1482","deleteOtpGoogleWithoutPbyvHeader","Surefire suite","Wed Oct 07 08:20:35 UTC 2026","passed","Wed Oct 07 08:20:37 UTC 2026","testcases.backoffice.googleauth.DeleteOtpGoogleTest","Surefire test","testcases.backoffice.googleauth.DeleteOtpGoogleTest","deleteOtpGoogleWithoutPbyvHeader"
"Get List Group Backoffice Tanpa Field size","1487","getListGroupWithoutSizeField","Surefire suite","Wed Oct 07 08:18:37 UTC 2026","passed","Wed Oct 07 08:18:38 UTC 2026","testcases.backoffice.group.GetListGroupTest","Surefire test","testcases.backoffice.group.GetListGroupTest","getListGroupWithoutSizeField"
"Resend Google Authenticator Menggunakan Login Customer Service","1476","resendOtpGoogleWithCSLogin","Surefire suite","Wed Oct 07 08:39:24 UTC 2026","passed","Wed Oct 07 08:39:26 UTC 2026","testcases.backoffice.googleauth.ResendOtpGoogleTest","Surefire test","testcases.backoffice.googleauth.ResendOtpGoogleTest","resendOtpGoogleWithCSLogin"
"Resend Google Authenticator Dengan Token Tidak Valid","1519","resendOtpGoogleWithInvalidToken","Surefire suite","Wed Oct 07 08:39:51 UTC 2026","passed","Wed Oct 07 08:39:52 UTC 2026","testcases.backoffice.googleauth.ResendOtpGoogleTest","Surefire test","testcases.backoffice.googleauth.ResendOtpGoogleTest","resendOtpGoogleWithInvalidToken"
"Test Rejected Special Transfer Supervisor","5577","rejectedSpecialTransferSupervisor","Surefire suite","Wed Oct 07 09:10:31 UTC 2026","passed","Wed Oct 07 09:10:37 UTC 2026","testcases.backoffice.ApprovalTransferTest","Surefire test","testcases.backoffice.ApprovalTransferTest","rejectedSpecialTransferSupervisor"
"Get User Backoffice Menggunakan Login Merchant","1509","getUserWithMerchantLogin","Surefire suite","Wed Oct 07 08:22:01 UTC 2026","passed","Wed Oct 07 08:22:02 UTC 2026","testcases.backoffice.GetDashboardTest","Surefire test","testcases.backoffice.GetDashboardTest","getUserWithMerchantLogin"
"Get Balance Company on Login Admin","1888","getBalanceCompanyAdmin","Surefire suite","Wed Oct 07 08:06:23 UTC 2026","passed","Wed Oct 07 08:06:25 UTC 2026","testcases.balance.GetBalanceQrisTest","Surefire test","testcases.balance.GetBalanceQrisTest","getBalanceCompanyAdmin"
"Resend Google Authenticator Dengan Body JSON Tidak Valid (Malformed)","1392","resendOtpGoogleWithMalformedJson","Surefire suite","Wed Oct 07 08:40:04 UTC 2026","passed","Wed Oct 07 08:40:05 UTC 2026","testcases.backoffice.googleauth.ResendOtpGoogleTest","Surefire test","testcases.backoffice.googleauth.ResendOtpGoogleTest","resendOtpGoogleWithMalformedJson"
"Resend Google Authenticator Menggunakan HTTP Method PUT","1433","resendOtpGoogleWithPutMethod","Surefire suite","Wed Oct 07 08:40:44 UTC 2026","passed","Wed Oct 07 08:40:45 UTC 2026","testcases.backoffice.googleauth.ResendOtpGoogleTest","Surefire test","testcases.backoffice.googleauth.ResendOtpGoogleTest","resendOtpGoogleWithPutMethod"
"Check Status QR Merchant","3400","checkStatusQRMerchant","Surefire suite","Wed Oct 07 08:33:17 UTC 2026","failed","Wed Oct 07 08:33:20 UTC 2026","testcases.QR.CheckStatusQRTest","Surefire test","testcases.QR.CheckStatusQRTest","checkStatusQRMerchant"
"Reset Password Admin","1725","resetPasswordAdmin","Surefire suite","Wed Oct 07 08:05:27 UTC 2026","passed","Wed Oct 07 08:05:28 UTC 2026","testcases.settings.ResetPasswordTest","Surefire test","testcases.settings.ResetPasswordTest","resetPasswordAdmin"
"List Currency USDT Dengan Field Tidak Dikenal pada Body","1528","getCurrencyWithUnknownField","Surefire suite","Wed Oct 07 08:24:03 UTC 2026","passed","Wed Oct 07 08:24:04 UTC 2026","testcases.backoffice.currency.GetCurrencyTest","Surefire test","testcases.backoffice.currency.GetCurrencyTest","getCurrencyWithUnknownField"
"Transfer with Wrong Pin","10346","transferWrongPin","Surefire suite","Wed Oct 07 08:07:30 UTC 2026","failed","Wed Oct 07 08:07:41 UTC 2026","testcases.transfer.TransferUSDTTest","Surefire test","testcases.transfer.TransferUSDTTest","transferWrongPin"
"Get List Google Authenticator Menggunakan Login Marketing","1488","listOtpGoogleWithMarketingLogin","Surefire suite","Wed Oct 07 08:36:28 UTC 2026","passed","Wed Oct 07 08:36:29 UTC 2026","testcases.backoffice.googleauth.ListOtpGoogleTest","Surefire test","testcases.backoffice.googleauth.ListOtpGoogleTest","listOtpGoogleWithMarketingLogin"
"Add Group Backoffice Dengan Karakter SQL Injection pada name","1532","addGroupWithSqlInjectionName","Surefire suite","Wed Oct 07 08:10:03 UTC 2026","passed","Wed Oct 07 08:10:04 UTC 2026","testcases.backoffice.group.AddGroupTest","Surefire test","testcases.backoffice.group.AddGroupTest","addGroupWithSqlInjectionName"
"Delete Manage Settlement BO Menggunakan Login Marketing","1524","deleteManageSettlementWithMarketingLogin","Surefire suite","Wed Oct 07 08:25:45 UTC 2026","passed","Wed Oct 07 08:25:46 UTC 2026","testcases.backoffice.settlement.DeleteManageSettlementTest","Surefire test","testcases.backoffice.settlement.DeleteManageSettlementTest","deleteManageSettlementWithMarketingLogin"
"Get List Group Backoffice Menggunakan Login Customer Service","1470","getListGroupWithCSLogin","Surefire suite","Wed Oct 07 08:16:17 UTC 2026","passed","Wed Oct 07 08:16:18 UTC 2026","testcases.backoffice.group.GetListGroupTest","Surefire test","testcases.backoffice.group.GetListGroupTest","getListGroupWithCSLogin"
"Add Group Backoffice Dengan feePlatformPercent Bertipe String","1475","addGroupWithFeeAsString","Surefire suite","Wed Oct 07 08:08:46 UTC 2026","passed","Wed Oct 07 08:08:48 UTC 2026","testcases.backoffice.group.AddGroupTest","Surefire test","testcases.backoffice.group.AddGroupTest","addGroupWithFeeAsString"
"Reset Password Group","1806","resetPasswordGroup","Surefire suite","Wed Oct 07 08:05:47 UTC 2026","passed","Wed Oct 07 08:05:48 UTC 2026","testcases.settings.ResetPasswordTest","Surefire test","testcases.settings.ResetPasswordTest","resetPasswordGroup"
"Resend Google Authenticator Dengan Body Berupa Literal null","1410","resendOtpGoogleWithNullLiteralBody","Surefire suite","Wed Oct 07 08:40:26 UTC 2026","passed","Wed Oct 07 08:40:28 UTC 2026","testcases.backoffice.googleauth.ResendOtpGoogleTest","Surefire test","testcases.backoffice.googleauth.ResendOtpGoogleTest","resendOtpGoogleWithNullLiteralBody"
"List Manage Settlement Backoffice Menggunakan Login CS Admin","4566","listManageSettlementWithCSAdminLogin","Surefire suite","Wed Oct 07 08:33:35 UTC 2026","passed","Wed Oct 07 08:33:39 UTC 2026","testcases.backoffice.settlement.ManageSettlementTest","Surefire test","testcases.backoffice.settlement.ManageSettlementTest","listManageSettlementWithCSAdminLogin"
"Refund Summary Dengan Token Kadaluarsa","1660","getRefundWithExpiredToken","Surefire suite","Wed Oct 07 08:38:16 UTC 2026","passed","Wed Oct 07 08:38:18 UTC 2026","testcases.backoffice.refund.GetRefundTest","Surefire test","testcases.backoffice.refund.GetRefundTest","getRefundWithExpiredToken"
"Get History Manual Transfer Merchant on Login CS Admin","5312","historyManualTransferMerchantTestCSAdmin","Surefire suite","Wed Oct 07 09:27:13 UTC 2026","passed","Wed Oct 07 09:27:18 UTC 2026","testcases.history.HistoryTransferTest","Surefire test","testcases.history.HistoryTransferTest","historyManualTransferMerchantTestCSAdmin"
"List Company Backoffice Dengan Content-Type text/plain","1594","listCompanyWithWrongContentType","Surefire suite","Wed Oct 07 08:43:32 UTC 2026","passed","Wed Oct 07 08:43:34 UTC 2026","testcases.backoffice.ListCompanyTest","Surefire test","testcases.backoffice.ListCompanyTest","listCompanyWithWrongContentType"
"List Refund Menggunakan Login Admin Crypto","4707","listRefundAdminCrypto","Surefire suite","Wed Oct 07 09:20:47 UTC 2026","passed","Wed Oct 07 09:20:52 UTC 2026","testcases.backoffice.ListRefundTest","Surefire test","testcases.backoffice.ListRefundTest","listRefundAdminCrypto"
"Get List Favorite Account Dengan size Negatif","1568","getListFavoriteAccountWithNegativeSize","Surefire suite","Wed Oct 07 09:46:35 UTC 2026","passed","Wed Oct 07 09:46:36 UTC 2026","testcases.settings.favoriteaccount.GetListFavoriteAccountTest","Surefire test","testcases.settings.favoriteaccount.GetListFavoriteAccountTest","getListFavoriteAccountWithNegativeSize"
"Login Backoffice dengan Password Salah","4390","testLoginBackofficeWrongPassword","Surefire suite","Wed Oct 07 08:44:04 UTC 2026","passed","Wed Oct 07 08:44:08 UTC 2026","testcases.auth.LoginTest","Surefire test","testcases.auth.LoginTest","testLoginBackofficeWrongPassword"
"Delete Manage Settlement BO Menggunakan HTTP Method PUT","1480","deleteManageSettlementWithPutMethod","Surefire suite","Wed Oct 07 08:26:12 UTC 2026","passed","Wed Oct 07 08:26:14 UTC 2026","testcases.backoffice.settlement.DeleteManageSettlementTest","Surefire test","testcases.backoffice.settlement.DeleteManageSettlementTest","deleteManageSettlementWithPutMethod"
"Get List Favorite Account Dengan Header Authorization Tanpa Skema Bearer","1454","getListFavoriteAccountWithMalformedAuthorizationHeader","Surefire suite","Wed Oct 07 09:46:21 UTC 2026","passed","Wed Oct 07 09:46:23 UTC 2026","testcases.settings.favoriteaccount.GetListFavoriteAccountTest","Surefire test","testcases.settings.favoriteaccount.GetListFavoriteAccountTest","getListFavoriteAccountWithMalformedAuthorizationHeader"
"Create Manage Settlement BO Menggunakan HTTP Method PUT","1496","addManageSettlementWithPutMethod","Surefire suite","Wed Oct 07 08:28:59 UTC 2026","passed","Wed Oct 07 08:29:00 UTC 2026","testcases.backoffice.settlement.AddManageSettlementTest","Surefire test","testcases.backoffice.settlement.AddManageSettlementTest","addManageSettlementWithPutMethod"
"Get Group Detail Backoffice","1565","getGroupDetail","Surefire suite","Wed Oct 07 08:11:02 UTC 2026","passed","Wed Oct 07 08:11:03 UTC 2026","testcases.backoffice.group.GetGroupTest","Surefire test","testcases.backoffice.group.GetGroupTest","getGroupDetail"
"List Waiting Company Backoffice Dengan Token Tidak Valid","1431","listWaitingCompanyWithInvalidToken","Surefire suite","Wed Oct 07 08:41:25 UTC 2026","passed","Wed Oct 07 08:41:27 UTC 2026","testcases.backoffice.ListWaitingCompanyTest","Surefire test","testcases.backoffice.ListWaitingCompanyTest","listWaitingCompanyWithInvalidToken"
"Get List Favorite Account Tanpa Field size","1530","getListFavoriteAccountWithoutSizeField","Surefire suite","Wed Oct 07 09:47:48 UTC 2026","passed","Wed Oct 07 09:47:49 UTC 2026","testcases.settings.favoriteaccount.GetListFavoriteAccountTest","Surefire test","testcases.settings.favoriteaccount.GetListFavoriteAccountTest","getListFavoriteAccountWithoutSizeField"
"Add Currency CS Admin Path Menggunakan Login Marketing","4545","addCurrencyWithMarketingLogin","Surefire suite","Wed Oct 07 09:16:10 UTC 2026","passed","Wed Oct 07 09:16:14 UTC 2026","testcases.backoffice.currency.AddCurrencyTest","Surefire test","testcases.backoffice.currency.AddCurrencyTest","addCurrencyWithMarketingLogin"
"Get List Group Backoffice Menggunakan Login Marketing","1445","getListGroupWithMarketingLogin","Surefire suite","Wed Oct 07 08:17:02 UTC 2026","passed","Wed Oct 07 08:17:03 UTC 2026","testcases.backoffice.group.GetListGroupTest","Surefire test","testcases.backoffice.group.GetListGroupTest","getListGroupWithMarketingLogin"
"Add User Backoffice Tanpa Field email","1501","addMerchantBackofficeWithoutEmailField","Surefire suite","Wed Oct 07 08:07:33 UTC 2026","passed","Wed Oct 07 08:07:35 UTC 2026","testcases.backoffice.users.AddUserTest","Surefire test","testcases.backoffice.users.AddUserTest","addMerchantBackofficeWithoutEmailField"
"List Company Backoffice Menggunakan Login Marketing","1449","listCompanyWithMarketingLogin","Surefire suite","Wed Oct 07 08:43:10 UTC 2026","passed","Wed Oct 07 08:43:11 UTC 2026","testcases.backoffice.ListCompanyTest","Surefire test","testcases.backoffice.ListCompanyTest","listCompanyWithMarketingLogin"
"Create Manage Settlement BO Dengan companyList Kosong ([])","1527","addManageSettlementWithEmptyCompanyList","Surefire suite","Wed Oct 07 08:27:47 UTC 2026","passed","Wed Oct 07 08:27:48 UTC 2026","testcases.backoffice.settlement.AddManageSettlementTest","Surefire test","testcases.backoffice.settlement.AddManageSettlementTest","addManageSettlementWithEmptyCompanyList"
"Get Notification Sender Dengan Ukuran Halaman Sangat Besar","18019","getNotificationSenderWithHugeSize","Surefire suite","Wed Oct 07 08:36:46 UTC 2026","passed","Wed Oct 07 08:37:04 UTC 2026","testcases.backoffice.notifsender.NotificationSenderTest","Surefire test","testcases.backoffice.notifsender.NotificationSenderTest","getNotificationSenderWithHugeSize"
"List Waiting Company Backoffice Dengan Header Authorization Tanpa Skema Bearer","1414","listWaitingCompanyWithMalformedAuthorizationHeader","Surefire suite","Wed Oct 07 08:41:30 UTC 2026","passed","Wed Oct 07 08:41:31 UTC 2026","testcases.backoffice.ListWaitingCompanyTest","Surefire test","testcases.backoffice.ListWaitingCompanyTest","listWaitingCompanyWithMalformedAuthorizationHeader"
"Resend Google Authenticator Menggunakan Login Admin Crypto","1431","resendOtpGoogleWithAdminCryptoLogin","Surefire suite","Wed Oct 07 08:39:06 UTC 2026","passed","Wed Oct 07 08:39:08 UTC 2026","testcases.backoffice.googleauth.ResendOtpGoogleTest","Surefire test","testcases.backoffice.googleauth.ResendOtpGoogleTest","resendOtpGoogleWithAdminCryptoLogin"
"Login Backoffice dengan Captcha Salah","2986","testLoginBackofficeWrongCaptcha","Surefire suite","Wed Oct 07 08:43:58 UTC 2026","passed","Wed Oct 07 08:44:01 UTC 2026","testcases.auth.LoginTest","Surefire test","testcases.auth.LoginTest","testLoginBackofficeWrongCaptcha"
"Create Manage Settlement BO Ke Path yang Tidak Ada (Typo)","1841","addManageSettlementWithWrongPath","Surefire suite","Wed Oct 07 08:29:17 UTC 2026","passed","Wed Oct 07 08:29:19 UTC 2026","testcases.backoffice.settlement.AddManageSettlementTest","Surefire test","testcases.backoffice.settlement.AddManageSettlementTest","addManageSettlementWithWrongPath"
"Get History QR Supervisor Success Paid","8022","historyQRTestPaidSupervisor","Surefire suite","Wed Oct 07 08:46:40 UTC 2026","passed","Wed Oct 07 08:46:48 UTC 2026","testcases.history.HistoryQRTest","Surefire test","testcases.history.HistoryQRTest","historyQRTestPaidSupervisor"
"Get History Manual Transfer Test Admin","5149","historyManualTransferTestFeeAdmin","Surefire suite","Wed Oct 07 09:28:02 UTC 2026","passed","Wed Oct 07 09:28:07 UTC 2026","testcases.history.HistoryTransferTest","Surefire test","testcases.history.HistoryTransferTest","historyManualTransferTestFeeAdmin"
"Get History Flop Transfer Test Admin","8868","historyFlopTransferTestAdmin","Surefire suite","Wed Oct 07 09:26:28 UTC 2026","passed","Wed Oct 07 09:26:37 UTC 2026","testcases.history.HistoryTransferTest","Surefire test","testcases.history.HistoryTransferTest","historyFlopTransferTestAdmin"
"Get Balance Admin Transfer","1659","getBalanceAdmin","Surefire suite","Wed Oct 07 08:06:32 UTC 2026","passed","Wed Oct 07 08:06:34 UTC 2026","testcases.balance.GetBalanceTransferTest","Surefire test","testcases.balance.GetBalanceTransferTest","getBalanceAdmin"
"Delete Google Authenticator Dengan Token Kadaluarsa","1507","deleteOtpGoogleWithExpiredToken","Surefire suite","Wed Oct 07 08:19:13 UTC 2026","passed","Wed Oct 07 08:19:15 UTC 2026","testcases.backoffice.googleauth.DeleteOtpGoogleTest","Surefire test","testcases.backoffice.googleauth.DeleteOtpGoogleTest","deleteOtpGoogleWithExpiredToken"
"Get List Favorite Account Dengan Token Valid Tapi Tanpa Header credentialId","1642","getListFavoriteAccountWithoutCredentialIdHeader","Surefire suite","Wed Oct 07 09:47:39 UTC 2026","passed","Wed Oct 07 09:47:40 UTC 2026","testcases.settings.favoriteaccount.GetListFavoriteAccountTest","Surefire test","testcases.settings.favoriteaccount.GetListFavoriteAccountTest","getListFavoriteAccountWithoutCredentialIdHeader"
"Create Manage Settlement BO Menggunakan HTTP Method DELETE","1507","addManageSettlementWithDeleteMethod","Surefire suite","Wed Oct 07 08:27:29 UTC 2026","passed","Wed Oct 07 08:27:30 UTC 2026","testcases.backoffice.settlement.AddManageSettlementTest","Surefire test","testcases.backoffice.settlement.AddManageSettlementTest","addManageSettlementWithDeleteMethod"
"Add Currency CS Admin Path Dengan Body Kosong ({})","1511","addCurrencyWithEmptyBody","Surefire suite","Wed Oct 07 09:15:38 UTC 2026","passed","Wed Oct 07 09:15:40 UTC 2026","testcases.backoffice.currency.AddCurrencyTest","Surefire test","testcases.backoffice.currency.AddCurrencyTest","addCurrencyWithEmptyBody"
"Refund Summary Dengan Body Kosong ({})","1483","getRefundWithEmptyBody","Surefire suite","Wed Oct 07 08:38:07 UTC 2026","passed","Wed Oct 07 08:38:09 UTC 2026","testcases.backoffice.refund.GetRefundTest","Surefire test","testcases.backoffice.refund.GetRefundTest","getRefundWithEmptyBody"
"Get List Group Company BO Menggunakan Login Supervisor","1505","getListGroupCompanyWithSupervisorLogin","Surefire suite","Wed Oct 07 08:31:23 UTC 2026","passed","Wed Oct 07 08:31:25 UTC 2026","testcases.backoffice.settlement.GetListGroupCompanyTest","Surefire test","testcases.backoffice.settlement.GetListGroupCompanyTest","getListGroupCompanyWithSupervisorLogin"
"Get Detail Waiting Company Backoffice Dengan Token Tidak Valid","1507","getDetailWaitingCompanyWithInvalidToken","Surefire suite","Wed Oct 07 08:06:03 UTC 2026","passed","Wed Oct 07 08:06:05 UTC 2026","testcases.backoffice.GetDetailWaitingCompanyTest","Surefire test","testcases.backoffice.GetDetailWaitingCompanyTest","getDetailWaitingCompanyWithInvalidToken"
"Resend Google Authenticator Dengan Body Kosong ({}) - Tanpa email","1424","resendOtpGoogleWithEmptyBody","Surefire suite","Wed Oct 07 08:39:33 UTC 2026","passed","Wed Oct 07 08:39:34 UTC 2026","testcases.backoffice.googleauth.ResendOtpGoogleTest","Surefire test","testcases.backoffice.googleauth.ResendOtpGoogleTest","resendOtpGoogleWithEmptyBody"
"Add Group Backoffice Tanpa Field feeBankPercent","1519","addGroupWithMissingFeeField","Surefire suite","Wed Oct 07 08:09:31 UTC 2026","passed","Wed Oct 07 08:09:33 UTC 2026","testcases.backoffice.group.AddGroupTest","Surefire test","testcases.backoffice.group.AddGroupTest","addGroupWithMissingFeeField"
"Reset Pin Admin Crypto","1517","resetPinAdminCrypto","Surefire suite","Wed Oct 07 08:07:46 UTC 2026","passed","Wed Oct 07 08:07:47 UTC 2026","testcases.settings.ResetPinTest","Surefire test","testcases.settings.ResetPinTest","resetPinAdminCrypto"
"Created Favorite Account Menggunakan HTTP Method PATCH","1435","createdFavoriteAccountWithPatchMethod","Surefire suite","Wed Oct 07 08:36:12 UTC 2026","passed","Wed Oct 07 08:36:14 UTC 2026","testcases.settings.favoriteaccount.CreatedFavoriteAccountTest","Surefire test","testcases.settings.favoriteaccount.CreatedFavoriteAccountTest","createdFavoriteAccountWithPatchMethod"
"List Manage Settlement Backoffice Tanpa Body Sama Sekali","1402","listManageSettlementWithoutBody","Surefire suite","Wed Oct 07 08:35:47 UTC 2026","passed","Wed Oct 07 08:35:48 UTC 2026","testcases.backoffice.settlement.ManageSettlementTest","Surefire test","testcases.backoffice.settlement.ManageSettlementTest","listManageSettlementWithoutBody"
"Delete Google Authenticator Dengan id Berisi Karakter SQL Injection","1490","deleteOtpGoogleWithSqlInjectionId","Surefire suite","Wed Oct 07 08:20:07 UTC 2026","passed","Wed Oct 07 08:20:09 UTC 2026","testcases.backoffice.googleauth.DeleteOtpGoogleTest","Surefire test","testcases.backoffice.googleauth.DeleteOtpGoogleTest","deleteOtpGoogleWithSqlInjectionId"
"Add Currency CS Admin Path Menggunakan HTTP Method PATCH","1437","addCurrencyWithPatchMethod","Surefire suite","Wed Oct 07 09:16:47 UTC 2026","passed","Wed Oct 07 09:16:49 UTC 2026","testcases.backoffice.currency.AddCurrencyTest","Surefire test","testcases.backoffice.currency.AddCurrencyTest","addCurrencyWithPatchMethod"
"List Currency USDT Menggunakan Login Admin","1496","getCurrencyWithAdminLogin","Surefire suite","Wed Oct 07 08:22:19 UTC 2026","passed","Wed Oct 07 08:22:20 UTC 2026","testcases.backoffice.currency.GetCurrencyTest","Surefire test","testcases.backoffice.currency.GetCurrencyTest","getCurrencyWithAdminLogin"
"Delete Manage Settlement BO Menggunakan Login CS Admin","1479","deleteManageSettlementWithCSAdminLogin","Surefire suite","Wed Oct 07 08:25:05 UTC 2026","passed","Wed Oct 07 08:25:06 UTC 2026","testcases.backoffice.settlement.DeleteManageSettlementTest","Surefire test","testcases.backoffice.settlement.DeleteManageSettlementTest","deleteManageSettlementWithCSAdminLogin"
"List Manage Settlement Backoffice Menggunakan Login Admin Crypto","4832","listManageSettlementWithAdminCryptoLogin","Surefire suite","Wed Oct 07 08:33:15 UTC 2026","passed","Wed Oct 07 08:33:20 UTC 2026","testcases.backoffice.settlement.ManageSettlementTest","Surefire test","testcases.backoffice.settlement.ManageSettlementTest","listManageSettlementWithAdminCryptoLogin"
"List Waiting Company Backoffice Dengan Karakter SQL Injection pada Field Param","1516","listWaitingCompanyWithSqlInjectionParam","Surefire suite","Wed Oct 07 08:41:52 UTC 2026","passed","Wed Oct 07 08:41:54 UTC 2026","testcases.backoffice.ListWaitingCompanyTest","Surefire test","testcases.backoffice.ListWaitingCompanyTest","listWaitingCompanyWithSqlInjectionParam"
"Add Group Backoffice Dengan Nama Sama Namun Beda Kapitalisasi","3149","addGroupWithDuplicateNameDifferentCase","Surefire suite","Wed Oct 07 08:08:14 UTC 2026","passed","Wed Oct 07 08:08:17 UTC 2026","testcases.backoffice.group.AddGroupTest","Surefire test","testcases.backoffice.group.AddGroupTest","addGroupWithDuplicateNameDifferentCase"
"Add User Backoffice Menggunakan HTTP Method GET","1806","addMerchantBackofficeWithGetMethod","Surefire suite","Wed Oct 07 08:06:11 UTC 2026","passed","Wed Oct 07 08:06:13 UTC 2026","testcases.backoffice.users.AddUserTest","Surefire test","testcases.backoffice.users.AddUserTest","addMerchantBackofficeWithGetMethod"
"Login Merchant tanpa Parameter Captcha","2972","testLoginMissingCaptchaParam","Surefire suite","Wed Oct 07 08:10:32 UTC 2026","passed","Wed Oct 07 08:10:35 UTC 2026","testcases.auth.LoginTest","Surefire test","testcases.auth.LoginTest","testLoginMissingCaptchaParam"
"List Manage Settlement Backoffice Dengan Header Authorization Tanpa Skema Bearer","1443","listManageSettlementWithMalformedAuthorizationHeader","Surefire suite","Wed Oct 07 08:34:26 UTC 2026","passed","Wed Oct 07 08:34:27 UTC 2026","testcases.backoffice.settlement.ManageSettlementTest","Surefire test","testcases.backoffice.settlement.ManageSettlementTest","listManageSettlementWithMalformedAuthorizationHeader"
"Test Reject USDT Supervisor","8471","rejectedUSDTSupervisor","Surefire suite","Wed Oct 07 09:10:52 UTC 2026","passed","Wed Oct 07 09:11:00 UTC 2026","testcases.backoffice.ApprovalTransferTest","Surefire test","testcases.backoffice.ApprovalTransferTest","rejectedUSDTSupervisor"
"Get List Group Backoffice Dengan Field sort Tidak Valid","1637","getListGroupWithInvalidSortField","Surefire suite","Wed Oct 07 08:16:44 UTC 2026","passed","Wed Oct 07 08:16:46 UTC 2026","testcases.backoffice.group.GetListGroupTest","Surefire test","testcases.backoffice.group.GetListGroupTest","getListGroupWithInvalidSortField"
"Add User Backoffice Tanpa Body Sama Sekali","1420","addMerchantBackofficeWithoutBody","Surefire suite","Wed Oct 07 08:07:29 UTC 2026","passed","Wed Oct 07 08:07:30 UTC 2026","testcases.backoffice.users.AddUserTest","Surefire test","testcases.backoffice.users.AddUserTest","addMerchantBackofficeWithoutBody"
"Inquiry Test Transfer Merchant Supervisor","10645","inquiryTransferSupervisor","Surefire suite","Wed Oct 07 08:07:54 UTC 2026","failed","Wed Oct 07 08:08:05 UTC 2026","testcases.transfer.InquiryTransferTest","Surefire test","testcases.transfer.InquiryTransferTest","inquiryTransferSupervisor"
"Get List Group Company BO Dengan Token Backoffice Valid Tapi Tanpa Header pbyv","1578","getListGroupCompanyWithoutPbyvHeader","Surefire suite","Wed Oct 07 08:31:55 UTC 2026","passed","Wed Oct 07 08:31:57 UTC 2026","testcases.backoffice.settlement.GetListGroupCompanyTest","Surefire test","testcases.backoffice.settlement.GetListGroupCompanyTest","getListGroupCompanyWithoutPbyvHeader"
"Inquiry Test Manual Transfer Merchant Supervisor","10675","inquiryManualTransferSupervisor","Surefire suite","Wed Oct 07 08:05:38 UTC 2026","failed","Wed Oct 07 08:05:49 UTC 2026","testcases.transfer.InquiryManualTransferTest","Surefire test","testcases.transfer.InquiryManualTransferTest","inquiryManualTransferSupervisor"
"Success Assignment USDT Supervisor","6534","assignUSDTSupervisorTest","Surefire suite","Wed Oct 07 08:41:50 UTC 2026","passed","Wed Oct 07 08:41:57 UTC 2026","testcases.backoffice.TransferAssignmentTest","Surefire test","testcases.backoffice.TransferAssignmentTest","assignUSDTSupervisorTest"
"Get Detail User Backoffice Dengan Token Tidak Valid","1475","getUsersWithInvalidToken","Surefire suite","Wed Oct 07 08:33:15 UTC 2026","passed","Wed Oct 07 08:33:16 UTC 2026","testcases.backoffice.users.ListUsersTest","Surefire test","testcases.backoffice.users.ListUsersTest","getUsersWithInvalidToken"
"Get Detail Waiting Company Backoffice Dengan Header Authorization Tanpa Skema Bearer","1454","getDetailWaitingCompanyWithMalformedAuthorizationHeader","Surefire suite","Wed Oct 07 08:06:08 UTC 2026","passed","Wed Oct 07 08:06:09 UTC 2026","testcases.backoffice.GetDetailWaitingCompanyTest","Surefire test","testcases.backoffice.GetDetailWaitingCompanyTest","getDetailWaitingCompanyWithMalformedAuthorizationHeader"
"List Currency USDT Dengan Body JSON Tidak Valid (Malformed)","1434","getCurrencyWithMalformedJson","Surefire suite","Wed Oct 07 08:23:17 UTC 2026","passed","Wed Oct 07 08:23:19 UTC 2026","testcases.backoffice.currency.GetCurrencyTest","Surefire test","testcases.backoffice.currency.GetCurrencyTest","getCurrencyWithMalformedJson"
"Mutasi Special Transfer Balance CS","10576","mutasiSpecialTransferBalanceCS","Surefire suite","Wed Oct 07 09:37:50 UTC 2026","passed","Wed Oct 07 09:38:01 UTC 2026","testcases.mutasi.MutasiTransferTest","Surefire test","testcases.mutasi.MutasiTransferTest","mutasiSpecialTransferBalanceCS"
"List Currency USDT Menggunakan Login Admin Crypto","1551","getCurrencyWithAdminCryptoLogin","Surefire suite","Wed Oct 07 08:22:14 UTC 2026","passed","Wed Oct 07 08:22:16 UTC 2026","testcases.backoffice.currency.GetCurrencyTest","Surefire test","testcases.backoffice.currency.GetCurrencyTest","getCurrencyWithAdminCryptoLogin"
"Test Approved Manual Transfer Supervisor","8855","approvedCashDepositSupervisor","Surefire suite","Wed Oct 07 09:06:37 UTC 2026","passed","Wed Oct 07 09:06:46 UTC 2026","testcases.backoffice.ApprovalTransferTest","Surefire test","testcases.backoffice.ApprovalTransferTest","approvedCashDepositSupervisor"
"List Currency USDT Menggunakan HTTP Method PATCH","1439","getCurrencyWithPatchMethod","Surefire suite","Wed Oct 07 08:23:45 UTC 2026","passed","Wed Oct 07 08:23:46 UTC 2026","testcases.backoffice.currency.GetCurrencyTest","Surefire test","testcases.backoffice.currency.GetCurrencyTest","getCurrencyWithPatchMethod"
"Get History Manual Transfer Test Admin","5165","historyManualTransferTestAdmin","Surefire suite","Wed Oct 07 09:27:38 UTC 2026","passed","Wed Oct 07 09:27:43 UTC 2026","testcases.history.HistoryTransferTest","Surefire test","testcases.history.HistoryTransferTest","historyManualTransferTestAdmin"
"Create Manage Settlement BO Dengan companyId Duplikat (Sudah Terdaftar)","6086","addManageSettlementWithDuplicateCompanyId","Surefire suite","Wed Oct 07 08:27:33 UTC 2026","failed","Wed Oct 07 08:27:39 UTC 2026","testcases.backoffice.settlement.AddManageSettlementTest","Surefire test","testcases.backoffice.settlement.AddManageSettlementTest","addManageSettlementWithDuplicateCompanyId"
"Edit Company Cs Admin","1871","editCompanyCsAdmin","Surefire suite","Wed Oct 07 08:06:08 UTC 2026","passed","Wed Oct 07 08:06:10 UTC 2026","testcases.backoffice.users.EditUserTest","Surefire test","testcases.backoffice.users.EditUserTest","editCompanyCsAdmin"
"Add Group Backoffice Dengan feeBankPercent Negatif","1535","addGroupWithNegativeFee","Surefire suite","Wed Oct 07 08:09:36 UTC 2026","passed","Wed Oct 07 08:09:37 UTC 2026","testcases.backoffice.group.AddGroupTest","Surefire test","testcases.backoffice.group.AddGroupTest","addGroupWithNegativeFee"
"List Refund Menggunakan Login Backoffice","4512","listRefundWithBackofficeLogin","Surefire suite","Wed Oct 07 09:21:10 UTC 2026","passed","Wed Oct 07 09:21:15 UTC 2026","testcases.backoffice.ListRefundTest","Surefire test","testcases.backoffice.ListRefundTest","listRefundWithBackofficeLogin"
"Get Balance Merchant with Login Admin","2319","getBalanceAdmin","Surefire suite","Wed Oct 07 08:06:17 UTC 2026","passed","Wed Oct 07 08:06:20 UTC 2026","testcases.balance.GetBalanceQrisTest","Surefire test","testcases.balance.GetBalanceQrisTest","getBalanceAdmin"
"Reset Pin CS Admin","1528","resetPinCSAdmin","Surefire suite","Wed Oct 07 08:06:18 UTC 2026","passed","Wed Oct 07 08:06:19 UTC 2026","testcases.settings.ResetPinTest","Surefire test","testcases.settings.ResetPinTest","resetPinCSAdmin"
"Get List Favorite Account Dengan Body JSON Tidak Valid (Malformed)","1411","getListFavoriteAccountWithMalformedJson","Surefire suite","Wed Oct 07 09:46:26 UTC 2026","passed","Wed Oct 07 09:46:27 UTC 2026","testcases.settings.favoriteaccount.GetListFavoriteAccountTest","Surefire test","testcases.settings.favoriteaccount.GetListFavoriteAccountTest","getListFavoriteAccountWithMalformedJson"
"Get Group Backoffice Menggunakan Login Merchant","1466","getGroupWithMerchantLogin","Surefire suite","Wed Oct 07 08:21:38 UTC 2026","passed","Wed Oct 07 08:21:39 UTC 2026","testcases.backoffice.GetDashboardTest","Surefire test","testcases.backoffice.GetDashboardTest","getGroupWithMerchantLogin"
"Get Group Detail Backoffice Menggunakan HTTP Method PUT","1462","getGroupDetailWithPutMethod","Surefire suite","Wed Oct 07 08:12:21 UTC 2026","passed","Wed Oct 07 08:12:23 UTC 2026","testcases.backoffice.group.GetGroupTest","Surefire test","testcases.backoffice.group.GetGroupTest","getGroupDetailWithPutMethod"
"Delete Google Authenticator Dengan Format id Tidak Valid (Bukan ObjectId)","1472","deleteOtpGoogleWithMalformedId","Surefire suite","Wed Oct 07 08:19:31 UTC 2026","passed","Wed Oct 07 08:19:33 UTC 2026","testcases.backoffice.googleauth.DeleteOtpGoogleTest","Surefire test","testcases.backoffice.googleauth.DeleteOtpGoogleTest","deleteOtpGoogleWithMalformedId"
"Refund Summary Dengan Rentang Tanggal Sangat Lebar","1570","getRefundWithHugeRange","Surefire suite","Wed Oct 07 08:38:25 UTC 2026","passed","Wed Oct 07 08:38:27 UTC 2026","testcases.backoffice.refund.GetRefundTest","Surefire test","testcases.backoffice.refund.GetRefundTest","getRefundWithHugeRange"
"Delete Group Backoffice Tanpa Login/Header Auth","1524","deleteGroupWithoutAuth","Surefire suite","Wed Oct 07 08:15:31 UTC 2026","passed","Wed Oct 07 08:15:33 UTC 2026","testcases.backoffice.group.DeleteGroupTest","Surefire test","testcases.backoffice.group.DeleteGroupTest","deleteGroupWithoutAuth"
"List Refund Menggunakan Login Customer Service","4489","listRefundWithCSLogin","Surefire suite","Wed Oct 07 09:21:25 UTC 2026","passed","Wed Oct 07 09:21:30 UTC 2026","testcases.backoffice.ListRefundTest","Surefire test","testcases.backoffice.ListRefundTest","listRefundWithCSLogin"
"Success Login CS Admin","3760","testLoginCSAdmin","Surefire suite","Wed Oct 07 08:05:30 UTC 2026","passed","Wed Oct 07 08:05:34 UTC 2026","testcases.auth.LoginTest","Surefire test","testcases.auth.LoginTest","testLoginCSAdmin"
"Delete Favorite Account Dengan pin Salah","41425","deleteFavoriteAccountWithWrongPin","Surefire suite","Wed Oct 07 08:23:05 UTC 2026","failed","Wed Oct 07 08:23:46 UTC 2026","testcases.settings.favoriteaccount.DeleteFavoriteAccountTest","Surefire test","testcases.settings.favoriteaccount.DeleteFavoriteAccountTest","deleteFavoriteAccountWithWrongPin"
"Get Group Detail Backoffice Tanpa Login/Header Auth","1492","getGroupDetailWithoutAuth","Surefire suite","Wed Oct 07 08:12:44 UTC 2026","passed","Wed Oct 07 08:12:46 UTC 2026","testcases.backoffice.group.GetGroupTest","Surefire test","testcases.backoffice.group.GetGroupTest","getGroupDetailWithoutAuth"
"Get List Group Backoffice Dengan page Negatif","1467","getListGroupWithNegativePage","Surefire suite","Wed Oct 07 08:17:11 UTC 2026","passed","Wed Oct 07 08:17:12 UTC 2026","testcases.backoffice.group.GetListGroupTest","Surefire test","testcases.backoffice.group.GetListGroupTest","getListGroupWithNegativePage"
"Create Manage Settlement BO Menggunakan Login Supervisor","1449","addManageSettlementWithSupervisorLogin","Surefire suite","Wed Oct 07 08:29:08 UTC 2026","passed","Wed Oct 07 08:29:09 UTC 2026","testcases.backoffice.settlement.AddManageSettlementTest","Surefire test","testcases.backoffice.settlement.AddManageSettlementTest","addManageSettlementWithSupervisorLogin"
"Add Group Backoffice Dengan Body Berupa Literal null","1472","addGroupWithNullLiteralBody","Surefire suite","Wed Oct 07 08:09:40 UTC 2026","passed","Wed Oct 07 08:09:42 UTC 2026","testcases.backoffice.group.AddGroupTest","Surefire test","testcases.backoffice.group.AddGroupTest","addGroupWithNullLiteralBody"
"List Currency USDT Dengan Token Kadaluarsa","1437","getCurrencyWithExpiredToken","Surefire suite","Wed Oct 07 08:22:45 UTC 2026","passed","Wed Oct 07 08:22:47 UTC 2026","testcases.backoffice.currency.GetCurrencyTest","Surefire test","testcases.backoffice.currency.GetCurrencyTest","getCurrencyWithExpiredToken"
"Get List Group Company BO Menggunakan Login CS Admin","1537","getListGroupCompanyWithCSAdminLogin","Surefire suite","Wed Oct 07 08:30:07 UTC 2026","passed","Wed Oct 07 08:30:08 UTC 2026","testcases.backoffice.settlement.GetListGroupCompanyTest","Surefire test","testcases.backoffice.settlement.GetListGroupCompanyTest","getListGroupCompanyWithCSAdminLogin"
"List Waiting Company Backoffice Dengan Field Sort Merujuk ke Kolom yang Tidak Ada","1514","listWaitingCompanyWithInvalidSortField","Surefire suite","Wed Oct 07 08:41:21 UTC 2026","passed","Wed Oct 07 08:41:22 UTC 2026","testcases.backoffice.ListWaitingCompanyTest","Surefire test","testcases.backoffice.ListWaitingCompanyTest","listWaitingCompanyWithInvalidSortField"
"Login Merchant dengan Password Kosong","3136","testLoginEmptyPassword","Surefire suite","Wed Oct 07 08:10:20 UTC 2026","passed","Wed Oct 07 08:10:23 UTC 2026","testcases.auth.LoginTest","Surefire test","testcases.auth.LoginTest","testLoginEmptyPassword"
"List Company Backoffice","1697","getListCompany","Surefire suite","Wed Oct 07 08:42:15 UTC 2026","passed","Wed Oct 07 08:42:16 UTC 2026","testcases.backoffice.ListCompanyTest","Surefire test","testcases.backoffice.ListCompanyTest","getListCompany"
"Transfer Different Partner Reference, Manual Transfer to Transfer","10462","trfPartnerRefManualFailed","Surefire suite","Wed Oct 07 08:09:26 UTC 2026","failed","Wed Oct 07 08:09:37 UTC 2026","testcases.transfer.SpecialTransferTest","Surefire test","testcases.transfer.SpecialTransferTest","trfPartnerRefManualFailed"
"Refund Summary Dengan startDate Bukan Format Tanggal","1476","getRefundWithInvalidStartDate","Surefire suite","Wed Oct 07 08:38:34 UTC 2026","passed","Wed Oct 07 08:38:36 UTC 2026","testcases.backoffice.refund.GetRefundTest","Surefire test","testcases.backoffice.refund.GetRefundTest","getRefundWithInvalidStartDate"
"Get History QR Open Merchant on login CS Admin","14336","historyQROpenMerchantCSAdmin","Surefire suite","Wed Oct 07 08:45:30 UTC 2026","passed","Wed Oct 07 08:45:45 UTC 2026","testcases.history.HistoryQRTest","Surefire test","testcases.history.HistoryQRTest","historyQROpenMerchantCSAdmin"
"List Refund Dengan Body Kosong ({})","1600","listRefundWithEmptyBody","Surefire suite","Wed Oct 07 09:21:33 UTC 2026","passed","Wed Oct 07 09:21:34 UTC 2026","testcases.backoffice.ListRefundTest","Surefire test","testcases.backoffice.ListRefundTest","listRefundWithEmptyBody"
"Resend Google Authenticator Menggunakan Login CS Admin","1446","resendOtpGoogleWithCSAdminLogin","Surefire suite","Wed Oct 07 08:39:20 UTC 2026","passed","Wed Oct 07 08:39:21 UTC 2026","testcases.backoffice.googleauth.ResendOtpGoogleTest","Surefire test","testcases.backoffice.googleauth.ResendOtpGoogleTest","resendOtpGoogleWithCSAdminLogin"
"Get Detail Waiting Company Backoffice Dengan Id Berisi Spasi","2021","getDetailWaitingCompanyWithWhitespaceId","Surefire suite","Wed Oct 07 08:07:08 UTC 2026","passed","Wed Oct 07 08:07:10 UTC 2026","testcases.backoffice.GetDetailWaitingCompanyTest","Surefire test","testcases.backoffice.GetDetailWaitingCompanyTest","getDetailWaitingCompanyWithWhitespaceId"
"Inquiry Test USDT Transfer Admin Crypto","1949","inquiryUSDTAdminCrypto","Surefire suite","Wed Oct 07 08:06:01 UTC 2026","passed","Wed Oct 07 08:06:03 UTC 2026","testcases.transfer.InquiryUSDTTest","Surefire test","testcases.transfer.InquiryUSDTTest","inquiryUSDTAdminCrypto"
"Resend Google Authenticator Dengan email Berupa null","1452","resendOtpGoogleWithNullEmail","Surefire suite","Wed Oct 07 08:40:22 UTC 2026","passed","Wed Oct 07 08:40:23 UTC 2026","testcases.backoffice.googleauth.ResendOtpGoogleTest","Surefire test","testcases.backoffice.googleauth.ResendOtpGoogleTest","resendOtpGoogleWithNullEmail"
"List Waiting Company Backoffice Tanpa Login/Header Auth","1425","listWaitingCompanyWithoutAuth","Surefire suite","Wed Oct 07 08:42:06 UTC 2026","passed","Wed Oct 07 08:42:07 UTC 2026","testcases.backoffice.ListWaitingCompanyTest","Surefire test","testcases.backoffice.ListWaitingCompanyTest","listWaitingCompanyWithoutAuth"
"Get History USDT Transfer Merchant on Login CS Admin","5698","historyUSDTTransferMerchantTestCSAdmin","Surefire suite","Wed Oct 07 09:30:34 UTC 2026","passed","Wed Oct 07 09:30:39 UTC 2026","testcases.history.HistoryTransferTest","Surefire test","testcases.history.HistoryTransferTest","historyUSDTTransferMerchantTestCSAdmin"
"Refund Summary Dengan Content-Type text/plain","1403","getRefundWithWrongContentType","Surefire suite","Wed Oct 07 08:39:50 UTC 2026","passed","Wed Oct 07 08:39:52 UTC 2026","testcases.backoffice.refund.GetRefundTest","Surefire test","testcases.backoffice.refund.GetRefundTest","getRefundWithWrongContentType"
"Created Favorite Account Dengan Header Authorization Tanpa Skema Bearer","1551","createdFavoriteAccountWithMalformedAuthorizationHeader","Surefire suite","Wed Oct 07 08:35:59 UTC 2026","passed","Wed Oct 07 08:36:00 UTC 2026","testcases.settings.favoriteaccount.CreatedFavoriteAccountTest","Surefire test","testcases.settings.favoriteaccount.CreatedFavoriteAccountTest","createdFavoriteAccountWithMalformedAuthorizationHeader"
"Get List Group","1567","getListGroup","Surefire suite","Wed Oct 07 08:15:54 UTC 2026","passed","Wed Oct 07 08:15:56 UTC 2026","testcases.backoffice.group.GetListGroupTest","Surefire test","testcases.backoffice.group.GetListGroupTest","getListGroup"
"Resend Google Authenticator Dengan Header Authorization Tanpa Skema Bearer","1407","resendOtpGoogleWithMalformedAuthorizationHeader","Surefire suite","Wed Oct 07 08:39:55 UTC 2026","passed","Wed Oct 07 08:39:57 UTC 2026","testcases.backoffice.googleauth.ResendOtpGoogleTest","Surefire test","testcases.backoffice.googleauth.ResendOtpGoogleTest","resendOtpGoogleWithMalformedAuthorizationHeader"
"Mutasi USDT Transfer Balance","13054","mutasiUSDTTransferBalanceSupervisor","Surefire suite","Wed Oct 07 09:41:18 UTC 2026","passed","Wed Oct 07 09:41:31 UTC 2026","testcases.mutasi.MutasiTransferTest","Surefire test","testcases.mutasi.MutasiTransferTest","mutasiUSDTTransferBalanceSupervisor"
"Delete Manage Settlement BO Menggunakan HTTP Method DELETE","1479","deleteManageSettlementWithDeleteMethod","Surefire suite","Wed Oct 07 08:25:14 UTC 2026","passed","Wed Oct 07 08:25:15 UTC 2026","testcases.backoffice.settlement.DeleteManageSettlementTest","Surefire test","testcases.backoffice.settlement.DeleteManageSettlementTest","deleteManageSettlementWithDeleteMethod"
"Mutasi Special Transfer CS","8404","mutasiSpecialTransferCS","Surefire suite","Wed Oct 07 09:38:30 UTC 2026","passed","Wed Oct 07 09:38:39 UTC 2026","testcases.mutasi.MutasiTransferTest","Surefire test","testcases.mutasi.MutasiTransferTest","mutasiSpecialTransferCS"
"Create Manage Settlement BO Menggunakan Login Marketing","1508","addManageSettlementWithMarketingLogin","Surefire suite","Wed Oct 07 08:28:27 UTC 2026","passed","Wed Oct 07 08:28:29 UTC 2026","testcases.backoffice.settlement.AddManageSettlementTest","Surefire test","testcases.backoffice.settlement.AddManageSettlementTest","addManageSettlementWithMarketingLogin"
"Refund Summary Tanpa Field endDate","1511","getRefundWithoutEndDate","Surefire suite","Wed Oct 07 08:40:17 UTC 2026","passed","Wed Oct 07 08:40:19 UTC 2026","testcases.backoffice.refund.GetRefundTest","Surefire test","testcases.backoffice.refund.GetRefundTest","getRefundWithoutEndDate"
"Resend Google Authenticator Menggunakan HTTP Method DELETE","1395","resendOtpGoogleWithDeleteMethod","Surefire suite","Wed Oct 07 08:39:29 UTC 2026","passed","Wed Oct 07 08:39:30 UTC 2026","testcases.backoffice.googleauth.ResendOtpGoogleTest","Surefire test","testcases.backoffice.googleauth.ResendOtpGoogleTest","resendOtpGoogleWithDeleteMethod"
"Request Refund Transfer CS","1657","refundTransferCS","Surefire suite","Wed Oct 07 08:06:32 UTC 2026","passed","Wed Oct 07 08:06:34 UTC 2026","testcases.transfer.RefundTransferTest","Surefire test","testcases.transfer.RefundTransferTest","refundTransferCS"
"Test Get Report Transfer Merchant","1538","getReportBatchAdmin","Surefire suite","Wed Oct 07 08:05:36 UTC 2026","passed","Wed Oct 07 08:05:38 UTC 2026","testcases.report.ReportTransactionTest","Surefire test","testcases.report.ReportTransactionTest","getReportBatchAdmin"
"Resend Google Authenticator Dengan Content-Type text/plain","1442","resendOtpGoogleWithWrongContentType","Surefire suite","Wed Oct 07 08:41:02 UTC 2026","passed","Wed Oct 07 08:41:03 UTC 2026","testcases.backoffice.googleauth.ResendOtpGoogleTest","Surefire test","testcases.backoffice.googleauth.ResendOtpGoogleTest","resendOtpGoogleWithWrongContentType"
"Get Balance Merchant with Login Admin Crypto","7519","getFailedBalanceMerchantLoginAdminCrypto","Surefire suite","Wed Oct 07 08:05:18 UTC 2026","passed","Wed Oct 07 08:05:26 UTC 2026","testcases.balance.GetBalanceQrisTest","Surefire test","testcases.balance.GetBalanceQrisTest","getFailedBalanceMerchantLoginAdminCrypto"
"Get Dashboard User Backoffice","1498","getDashboardSuperBO","Surefire suite","Wed Oct 07 08:20:40 UTC 2026","passed","Wed Oct 07 08:20:41 UTC 2026","testcases.backoffice.GetDashboardTest","Surefire test","testcases.backoffice.GetDashboardTest","getDashboardSuperBO"
"Get History Special Transfer Test Supervisor","5070","historySpecialTransferTestSupervisor","Surefire suite","Wed Oct 07 09:29:22 UTC 2026","passed","Wed Oct 07 09:29:27 UTC 2026","testcases.history.HistoryTransferTest","Surefire test","testcases.history.HistoryTransferTest","historySpecialTransferTestSupervisor"
"Get Notification Sender Dengan Body JSON Tidak Valid (Malformed)","1422","getNotificationSenderWithMalformedJson","Surefire suite","Wed Oct 07 08:37:26 UTC 2026","passed","Wed Oct 07 08:37:28 UTC 2026","testcases.backoffice.notifsender.NotificationSenderTest","Surefire test","testcases.backoffice.notifsender.NotificationSenderTest","getNotificationSenderWithMalformedJson"
"Delete Group Backoffice Dengan id String Kosong","1594","deleteGroupWithEmptyId","Surefire suite","Wed Oct 07 08:13:38 UTC 2026","passed","Wed Oct 07 08:13:40 UTC 2026","testcases.backoffice.group.DeleteGroupTest","Surefire test","testcases.backoffice.group.DeleteGroupTest","deleteGroupWithEmptyId"
"Reset Password Supervisor","1826","resetPasswordSupervisor","Surefire suite","Wed Oct 07 08:05:26 UTC 2026","passed","Wed Oct 07 08:05:28 UTC 2026","testcases.settings.ResetPasswordTest","Surefire test","testcases.settings.ResetPasswordTest","resetPasswordSupervisor"
"Reset Password Admin Crypto","2221","resetPasswordAdminCrypto","Surefire suite","Wed Oct 07 08:07:40 UTC 2026","passed","Wed Oct 07 08:07:43 UTC 2026","testcases.settings.ResetPasswordTest","Surefire test","testcases.settings.ResetPasswordTest","resetPasswordAdminCrypto"
"Inquiry Favorite Account Menggunakan HTTP Method DELETE","1406","inquiryFavoriteAccountWithDeleteMethod","Surefire suite","Wed Oct 07 08:37:24 UTC 2026","passed","Wed Oct 07 08:37:25 UTC 2026","testcases.settings.favoriteaccount.InquiryFavoriteAccountTest","Surefire test","testcases.settings.favoriteaccount.InquiryFavoriteAccountTest","inquiryFavoriteAccountWithDeleteMethod"
"Create Manage Settlement BO Tanpa Body Sama Sekali","1422","addManageSettlementWithoutBody","Surefire suite","Wed Oct 07 08:29:31 UTC 2026","passed","Wed Oct 07 08:29:32 UTC 2026","testcases.backoffice.settlement.AddManageSettlementTest","Surefire test","testcases.backoffice.settlement.AddManageSettlementTest","addManageSettlementWithoutBody"
"Inquiry Test USDT Transfer Merchant Supervisor","10561","inquiryUSDTSupervisor","Surefire suite","Wed Oct 07 08:06:47 UTC 2026","failed","Wed Oct 07 08:06:57 UTC 2026","testcases.transfer.InquiryUSDTTest","Surefire test","testcases.transfer.InquiryUSDTTest","inquiryUSDTSupervisor"
"Refund Summary Dengan Field Tidak Dikenal pada Body","1515","getRefundWithUnknownField","Surefire suite","Wed Oct 07 08:39:46 UTC 2026","passed","Wed Oct 07 08:39:47 UTC 2026","testcases.backoffice.refund.GetRefundTest","Surefire test","testcases.backoffice.refund.GetRefundTest","getRefundWithUnknownField"
"Normal Flop Supervisor Transfer Success","10673","flopTransferSupervisor","Surefire suite","Wed Oct 07 08:06:33 UTC 2026","failed","Wed Oct 07 08:06:44 UTC 2026","testcases.transfer.TransferFlopTest","Surefire test","testcases.transfer.TransferFlopTest","flopTransferSupervisor"
"List Currency USDT Menggunakan HTTP Method PUT","1611","getCurrencyWithPutMethod","Surefire suite","Wed Oct 07 08:23:49 UTC 2026","passed","Wed Oct 07 08:23:51 UTC 2026","testcases.backoffice.currency.GetCurrencyTest","Surefire test","testcases.backoffice.currency.GetCurrencyTest","getCurrencyWithPutMethod"
"","1675","listCashDeposit","Surefire suite","Wed Oct 07 08:07:50 UTC 2026","failed","Wed Oct 07 08:07:52 UTC 2026","testcases.backoffice.ListTransferTest","Surefire test","testcases.backoffice.ListTransferTest","listCashDeposit"
"Check Status QR Menggunakan HTTP Method DELETE","3234","checkStatusQRWithDeleteMethod","Surefire suite","Wed Oct 07 08:33:23 UTC 2026","passed","Wed Oct 07 08:33:27 UTC 2026","testcases.QR.CheckStatusQRTest","Surefire test","testcases.QR.CheckStatusQRTest","checkStatusQRWithDeleteMethod"
"Get List Google Authenticator Dengan Tipe Data Salah pada Field limit (String, Bukan Integer)","1494","listOtpGoogleWithInvalidFieldType","Surefire suite","Wed Oct 07 08:36:01 UTC 2026","passed","Wed Oct 07 08:36:02 UTC 2026","testcases.backoffice.googleauth.ListOtpGoogleTest","Surefire test","testcases.backoffice.googleauth.ListOtpGoogleTest","listOtpGoogleWithInvalidFieldType"
"List User Backoffice Dengan Token Tidak Valid","1432","listUsersWithInvalidToken","Surefire suite","Wed Oct 07 08:34:19 UTC 2026","passed","Wed Oct 07 08:34:21 UTC 2026","testcases.backoffice.users.ListUsersTest","Surefire test","testcases.backoffice.users.ListUsersTest","listUsersWithInvalidToken"
"Add Group Backoffice Tanpa Body Sama Sekali","1547","addGroupWithoutBody","Surefire suite","Wed Oct 07 08:10:48 UTC 2026","passed","Wed Oct 07 08:10:50 UTC 2026","testcases.backoffice.group.AddGroupTest","Surefire test","testcases.backoffice.group.AddGroupTest","addGroupWithoutBody"
"Refund Summary Dengan Token Tidak Valid","1445","getRefundWithInvalidToken","Surefire suite","Wed Oct 07 08:38:39 UTC 2026","passed","Wed Oct 07 08:38:40 UTC 2026","testcases.backoffice.refund.GetRefundTest","Surefire test","testcases.backoffice.refund.GetRefundTest","getRefundWithInvalidToken"
"Get Group Detail Backoffice Dengan Group Id Berisi Karakter SQL Injection","1604","getGroupDetailWithSqlInjectionId","Surefire suite","Wed Oct 07 08:12:26 UTC 2026","passed","Wed Oct 07 08:12:27 UTC 2026","testcases.backoffice.group.GetGroupTest","Surefire test","testcases.backoffice.group.GetGroupTest","getGroupDetailWithSqlInjectionId"
"Get List Google Authenticator Menggunakan Login CS Admin","1444","listOtpGoogleWithCSAdminLogin","Surefire suite","Wed Oct 07 08:35:27 UTC 2026","passed","Wed Oct 07 08:35:28 UTC 2026","testcases.backoffice.googleauth.ListOtpGoogleTest","Surefire test","testcases.backoffice.googleauth.ListOtpGoogleTest","listOtpGoogleWithCSAdminLogin"
"Add Group Backoffice Dengan Header Authorization Tanpa Skema Bearer","1518","addGroupWithMalformedAuthorizationHeader","Surefire suite","Wed Oct 07 08:09:13 UTC 2026","passed","Wed Oct 07 08:09:15 UTC 2026","testcases.backoffice.group.AddGroupTest","Surefire test","testcases.backoffice.group.AddGroupTest","addGroupWithMalformedAuthorizationHeader"
"Add Currency CS Admin Path Dengan rate Berupa Boolean","1524","addCurrencyWithBooleanRate","Surefire suite","Wed Oct 07 09:15:08 UTC 2026","passed","Wed Oct 07 09:15:09 UTC 2026","testcases.backoffice.currency.AddCurrencyTest","Surefire test","testcases.backoffice.currency.AddCurrencyTest","addCurrencyWithBooleanRate"
"Get List Google Authenticator Dengan Token Tidak Valid","1449","listOtpGoogleWithInvalidToken","Surefire suite","Wed Oct 07 08:36:10 UTC 2026","passed","Wed Oct 07 08:36:11 UTC 2026","testcases.backoffice.googleauth.ListOtpGoogleTest","Surefire test","testcases.backoffice.googleauth.ListOtpGoogleTest","listOtpGoogleWithInvalidToken"
"Get List Group Backoffice Dengan page Bertipe String","1527","getListGroupWithPageAsString","Surefire suite","Wed Oct 07 08:17:24 UTC 2026","passed","Wed Oct 07 08:17:26 UTC 2026","testcases.backoffice.group.GetListGroupTest","Surefire test","testcases.backoffice.group.GetListGroupTest","getListGroupWithPageAsString"
"List Manage Settlement Backoffice Dengan Tipe Data Salah pada Field Limit (String, Bukan Integer)","1555","listManageSettlementWithInvalidFieldType","Surefire suite","Wed Oct 07 08:34:12 UTC 2026","passed","Wed Oct 07 08:34:14 UTC 2026","testcases.backoffice.settlement.ManageSettlementTest","Surefire test","testcases.backoffice.settlement.ManageSettlementTest","listManageSettlementWithInvalidFieldType"
"Get List Favorite Account Dengan Token Tidak Valid","1479","getListFavoriteAccountWithInvalidToken","Surefire suite","Wed Oct 07 09:46:17 UTC 2026","passed","Wed Oct 07 09:46:18 UTC 2026","testcases.settings.favoriteaccount.GetListFavoriteAccountTest","Surefire test","testcases.settings.favoriteaccount.GetListFavoriteAccountTest","getListFavoriteAccountWithInvalidToken"
"Delete Favorite Account Dengan Body Berupa Literal null","1412","deleteFavoriteAccountWithNullLiteralBody","Surefire suite","Wed Oct 07 08:18:19 UTC 2026","passed","Wed Oct 07 08:18:21 UTC 2026","testcases.settings.favoriteaccount.DeleteFavoriteAccountTest","Surefire test","testcases.settings.favoriteaccount.DeleteFavoriteAccountTest","deleteFavoriteAccountWithNullLiteralBody"
"Get List Group Company BO Menggunakan HTTP Method PUT","1489","getListGroupCompanyWithPutMethod","Surefire suite","Wed Oct 07 08:31:14 UTC 2026","passed","Wed Oct 07 08:31:16 UTC 2026","testcases.backoffice.settlement.GetListGroupCompanyTest","Surefire test","testcases.backoffice.settlement.GetListGroupCompanyTest","getListGroupCompanyWithPutMethod"
"Get Detail Waiting Company Backoffice Dengan Token Kadaluarsa","1521","getDetailWaitingCompanyWithExpiredToken","Surefire suite","Wed Oct 07 08:05:54 UTC 2026","passed","Wed Oct 07 08:05:56 UTC 2026","testcases.backoffice.GetDetailWaitingCompanyTest","Surefire test","testcases.backoffice.GetDetailWaitingCompanyTest","getDetailWaitingCompanyWithExpiredToken"
"Create Manage Settlement BO Dengan Karakter SQL Injection pada groupName","1636","addManageSettlementWithSqlInjectionGroupName","Surefire suite","Wed Oct 07 08:29:03 UTC 2026","passed","Wed Oct 07 08:29:05 UTC 2026","testcases.backoffice.settlement.AddManageSettlementTest","Surefire test","testcases.backoffice.settlement.AddManageSettlementTest","addManageSettlementWithSqlInjectionGroupName"
"Success Login Supervisor With Captcha","3748","testLoginSupervisor","Surefire suite","Wed Oct 07 08:05:31 UTC 2026","passed","Wed Oct 07 08:05:35 UTC 2026","testcases.auth.LoginTest","Surefire test","testcases.auth.LoginTest","testLoginSupervisor"
"List Waiting Company Backoffice Menggunakan Login Supervisor","1472","listWaitingCompanyWithSupervisorLogin","Surefire suite","Wed Oct 07 08:41:57 UTC 2026","passed","Wed Oct 07 08:41:58 UTC 2026","testcases.backoffice.ListWaitingCompanyTest","Surefire test","testcases.backoffice.ListWaitingCompanyTest","listWaitingCompanyWithSupervisorLogin"
"Resend Google Authenticator Menggunakan Login Merchant","1430","resendOtpGoogleWithMerchantLogin","Surefire suite","Wed Oct 07 08:40:13 UTC 2026","passed","Wed Oct 07 08:40:14 UTC 2026","testcases.backoffice.googleauth.ResendOtpGoogleTest","Surefire test","testcases.backoffice.googleauth.ResendOtpGoogleTest","resendOtpGoogleWithMerchantLogin"
"Add Group Backoffice Dengan name String Kosong","1502","addGroupWithEmptyName","Surefire suite","Wed Oct 07 08:08:37 UTC 2026","passed","Wed Oct 07 08:08:39 UTC 2026","testcases.backoffice.group.AddGroupTest","Surefire test","testcases.backoffice.group.AddGroupTest","addGroupWithEmptyName"
"Add Currency CS Admin Path Tanpa Body Sama Sekali","1416","addCurrencyWithoutBody","Surefire suite","Wed Oct 07 09:17:40 UTC 2026","passed","Wed Oct 07 09:17:41 UTC 2026","testcases.backoffice.currency.AddCurrencyTest","Surefire test","testcases.backoffice.currency.AddCurrencyTest","addCurrencyWithoutBody"
"Refund Summary Menggunakan Login Admin Crypto","1498","getRefundWithAdminCryptoLogin","Surefire suite","Wed Oct 07 08:37:36 UTC 2026","passed","Wed Oct 07 08:37:37 UTC 2026","testcases.backoffice.refund.GetRefundTest","Surefire test","testcases.backoffice.refund.GetRefundTest","getRefundWithAdminCryptoLogin"
"Get History USDT Transfer Test Supervisor","5146","historyUSDTTransferTestSupervisor","Surefire suite","Wed Oct 07 09:31:31 UTC 2026","passed","Wed Oct 07 09:31:36 UTC 2026","testcases.history.HistoryTransferTest","Surefire test","testcases.history.HistoryTransferTest","historyUSDTTransferTestSupervisor"
"Get Group Detail Backoffice Dengan Group Id yang Tidak Ada","1468","getGroupDetailWithNonExistentId","Surefire suite","Wed Oct 07 08:12:03 UTC 2026","passed","Wed Oct 07 08:12:05 UTC 2026","testcases.backoffice.group.GetGroupTest","Surefire test","testcases.backoffice.group.GetGroupTest","getGroupDetailWithNonExistentId"
"Inquiry Favorite Account Tanpa Field beneficiaryAccountNo","1437","inquiryFavoriteAccountWithoutBeneficiaryAccountNoField","Surefire suite","Wed Oct 07 08:38:48 UTC 2026","failed","Wed Oct 07 08:38:49 UTC 2026","testcases.settings.favoriteaccount.InquiryFavoriteAccountTest","Surefire test","testcases.settings.favoriteaccount.InquiryFavoriteAccountTest","inquiryFavoriteAccountWithoutBeneficiaryAccountNoField"
"Resend Google Authenticator Dengan Field Tidak Dikenal pada Body","1431","resendOtpGoogleWithUnknownField","Surefire suite","Wed Oct 07 08:40:57 UTC 2026","passed","Wed Oct 07 08:40:59 UTC 2026","testcases.backoffice.googleauth.ResendOtpGoogleTest","Surefire test","testcases.backoffice.googleauth.ResendOtpGoogleTest","resendOtpGoogleWithUnknownField"
"List Manage Settlement Backoffice Dengan Payload XSS pada Field Param","1449","listManageSettlementWithXssParam","Surefire suite","Wed Oct 07 08:35:38 UTC 2026","passed","Wed Oct 07 08:35:39 UTC 2026","testcases.backoffice.settlement.ManageSettlementTest","Surefire test","testcases.backoffice.settlement.ManageSettlementTest","listManageSettlementWithXssParam"
"Test Get Report RRN Dispute","1686","getReportRRNAdmin","Surefire suite","Wed Oct 07 08:05:51 UTC 2026","passed","Wed Oct 07 08:05:52 UTC 2026","testcases.report.ReportTransactionTest","Surefire test","testcases.report.ReportTransactionTest","getReportRRNAdmin"
"Get List Google Authenticator Dengan Body Berupa JSON Array ([])","1478","listOtpGoogleWithArrayBody","Surefire suite","Wed Oct 07 08:35:22 UTC 2026","passed","Wed Oct 07 08:35:24 UTC 2026","testcases.backoffice.googleauth.ListOtpGoogleTest","Surefire test","testcases.backoffice.googleauth.ListOtpGoogleTest","listOtpGoogleWithArrayBody"
"Create Manage Settlement BO Dengan groupName Berupa null","1487","addManageSettlementWithNullGroupName","Surefire suite","Wed Oct 07 08:28:41 UTC 2026","passed","Wed Oct 07 08:28:42 UTC 2026","testcases.backoffice.settlement.AddManageSettlementTest","Surefire test","testcases.backoffice.settlement.AddManageSettlementTest","addManageSettlementWithNullGroupName"
"List Refund Menggunakan Login Admin Biasa","7975","listRefundAdmin","Surefire suite","Wed Oct 07 09:20:36 UTC 2026","passed","Wed Oct 07 09:20:44 UTC 2026","testcases.backoffice.ListRefundTest","Surefire test","testcases.backoffice.ListRefundTest","listRefundAdmin"
"Delete Favorite Account Dengan Format id Tidak Valid (Bukan ObjectId)","41648","deleteFavoriteAccountWithInvalidIdFormat","Surefire suite","Wed Oct 07 08:16:37 UTC 2026","failed","Wed Oct 07 08:17:18 UTC 2026","testcases.settings.favoriteaccount.DeleteFavoriteAccountTest","Surefire test","testcases.settings.favoriteaccount.DeleteFavoriteAccountTest","deleteFavoriteAccountWithInvalidIdFormat"
"List User Backoffice Dengan Ukuran Halaman Sangat Besar","2165","listUsersWithHugeSize","Surefire suite","Wed Oct 07 08:34:05 UTC 2026","passed","Wed Oct 07 08:34:07 UTC 2026","testcases.backoffice.users.ListUsersTest","Surefire test","testcases.backoffice.users.ListUsersTest","listUsersWithHugeSize"
"Get List Google Authenticator Dengan Content-Type text/plain","1505","listOtpGoogleWithWrongContentType","Surefire suite","Wed Oct 07 08:37:09 UTC 2026","passed","Wed Oct 07 08:37:10 UTC 2026","testcases.backoffice.googleauth.ListOtpGoogleTest","Surefire test","testcases.backoffice.googleauth.ListOtpGoogleTest","listOtpGoogleWithWrongContentType"
"List Currency USDT Dengan Tipe Data Salah pada Field limit (String, Bukan Integer)","1526","getCurrencyWithInvalidFieldType","Surefire suite","Wed Oct 07 08:22:59 UTC 2026","passed","Wed Oct 07 08:23:01 UTC 2026","testcases.backoffice.currency.GetCurrencyTest","Surefire test","testcases.backoffice.currency.GetCurrencyTest","getCurrencyWithInvalidFieldType"
"Get Group Backoffice Menggunakan Login Admin Crypto","1486","getGroupWithAdminCryptoLogin","Surefire suite","Wed Oct 07 08:21:29 UTC 2026","passed","Wed Oct 07 08:21:31 UTC 2026","testcases.backoffice.GetDashboardTest","Surefire test","testcases.backoffice.GetDashboardTest","getGroupWithAdminCryptoLogin"
"Get Notification Sender Dengan pinValidasi Berupa null","1449","getNotificationSenderWithNullPinValidasi","Surefire suite","Wed Oct 07 08:37:53 UTC 2026","passed","Wed Oct 07 08:37:54 UTC 2026","testcases.backoffice.notifsender.NotificationSenderTest","Surefire test","testcases.backoffice.notifsender.NotificationSenderTest","getNotificationSenderWithNullPinValidasi"
"Get List Group Backoffice Tanpa Field page","1557","getListGroupWithoutPageField","Surefire suite","Wed Oct 07 08:18:28 UTC 2026","passed","Wed Oct 07 08:18:29 UTC 2026","testcases.backoffice.group.GetListGroupTest","Surefire test","testcases.backoffice.group.GetListGroupTest","getListGroupWithoutPageField"
"Created Favorite Account Supervisor","4766","createdFavoriteAccountSupervisor","Surefire suite","Wed Oct 07 08:57:02 UTC 2026","passed","Wed Oct 07 08:57:07 UTC 2026","testcases.settings.favoriteaccount.CreatedFavoriteAccountTest","Surefire test","testcases.settings.favoriteaccount.CreatedFavoriteAccountTest","createdFavoriteAccountSupervisor"
"Add Group Backoffice Dengan Nama Sama Namun Field Fee Berbeda","3194","addGroupWithDuplicateNameDifferentFees","Surefire suite","Wed Oct 07 08:08:20 UTC 2026","passed","Wed Oct 07 08:08:23 UTC 2026","testcases.backoffice.group.AddGroupTest","Surefire test","testcases.backoffice.group.AddGroupTest","addGroupWithDuplicateNameDifferentFees"
"Add Group Backoffice Dengan name Hanya Spasi","1623","addGroupWithWhitespaceName","Surefire suite","Wed Oct 07 08:10:21 UTC 2026","passed","Wed Oct 07 08:10:23 UTC 2026","testcases.backoffice.group.AddGroupTest","Surefire test","testcases.backoffice.group.AddGroupTest","addGroupWithWhitespaceName"
"Get Detail Waiting Company Backoffice Dengan Id Milik Entitas Lain (Group Id)","1664","getDetailWaitingCompanyWithForeignEntityId","Surefire suite","Wed Oct 07 08:05:59 UTC 2026","passed","Wed Oct 07 08:06:00 UTC 2026","testcases.backoffice.GetDetailWaitingCompanyTest","Surefire test","testcases.backoffice.GetDetailWaitingCompanyTest","getDetailWaitingCompanyWithForeignEntityId"
"Get List Google Authenticator Tanpa Login/Header Auth","1424","listOtpGoogleWithoutAuth","Surefire suite","Wed Oct 07 08:37:18 UTC 2026","passed","Wed Oct 07 08:37:19 UTC 2026","testcases.backoffice.googleauth.ListOtpGoogleTest","Surefire test","testcases.backoffice.googleauth.ListOtpGoogleTest","listOtpGoogleWithoutAuth"
"Get History Special Transfer Test","5147","historySpecialTransferTest","Surefire suite","Wed Oct 07 09:28:40 UTC 2026","passed","Wed Oct 07 09:28:45 UTC 2026","testcases.history.HistoryTransferTest","Surefire test","testcases.history.HistoryTransferTest","historySpecialTransferTest"
"Get List Group Backoffice Menggunakan Login Supervisor","1456","getListGroupWithSupervisorLogin","Surefire suite","Wed Oct 07 08:17:51 UTC 2026","passed","Wed Oct 07 08:17:53 UTC 2026","testcases.backoffice.group.GetListGroupTest","Surefire test","testcases.backoffice.group.GetListGroupTest","getListGroupWithSupervisorLogin"
"Delete Favorite Account Dengan id String Kosong","41649","deleteFavoriteAccountWithEmptyId","Surefire suite","Wed Oct 07 08:13:34 UTC 2026","failed","Wed Oct 07 08:14:15 UTC 2026","testcases.settings.favoriteaccount.DeleteFavoriteAccountTest","Surefire test","testcases.settings.favoriteaccount.DeleteFavoriteAccountTest","deleteFavoriteAccountWithEmptyId"
"Delete Group Backoffice Menggunakan HTTP Method GET","1468","deleteGroupWithGetMethod","Surefire suite","Wed Oct 07 08:13:52 UTC 2026","passed","Wed Oct 07 08:13:53 UTC 2026","testcases.backoffice.group.DeleteGroupTest","Surefire test","testcases.backoffice.group.DeleteGroupTest","deleteGroupWithGetMethod"
"Get Balance Merchant Transfer","1428","getBalanceMerchant","Surefire suite","Wed Oct 07 08:40:48 UTC 2026","failed","Wed Oct 07 08:40:49 UTC 2026","testcases.balance.GetBalanceTransferTest","Surefire test","testcases.balance.GetBalanceTransferTest","getBalanceMerchant"
"Resend Google Authenticator Menggunakan HTTP Method GET","1437","resendOtpGoogleWithGetMethod","Surefire suite","Wed Oct 07 08:39:46 UTC 2026","passed","Wed Oct 07 08:39:48 UTC 2026","testcases.backoffice.googleauth.ResendOtpGoogleTest","Surefire test","testcases.backoffice.googleauth.ResendOtpGoogleTest","resendOtpGoogleWithGetMethod"
"List Currency USDT Ke Path yang Tidak Ada (Typo)","1821","getCurrencyWithWrongPath","Surefire suite","Wed Oct 07 08:24:12 UTC 2026","passed","Wed Oct 07 08:24:13 UTC 2026","testcases.backoffice.currency.GetCurrencyTest","Surefire test","testcases.backoffice.currency.GetCurrencyTest","getCurrencyWithWrongPath"
"Get List Favorite Account Dengan Karakter SQL Injection pada sort","1638","getListFavoriteAccountWithSqlInjectionSort","Surefire suite","Wed Oct 07 09:47:02 UTC 2026","passed","Wed Oct 07 09:47:04 UTC 2026","testcases.settings.favoriteaccount.GetListFavoriteAccountTest","Surefire test","testcases.settings.favoriteaccount.GetListFavoriteAccountTest","getListFavoriteAccountWithSqlInjectionSort"
"Normal Balance Special Transfer Success","6764","specialTransferBalanceAdminCrypto","Surefire suite","Wed Oct 07 08:06:37 UTC 2026","passed","Wed Oct 07 08:06:44 UTC 2026","testcases.transfer.SpecialTransferTest","Surefire test","testcases.transfer.SpecialTransferTest","specialTransferBalanceAdminCrypto"
"Normal Flop Transfer Balance Success","1420","flopTransferBalance","Surefire suite","Wed Oct 07 08:08:51 UTC 2026","failed","Wed Oct 07 08:08:52 UTC 2026","testcases.transfer.TransferFlopTest","Surefire test","testcases.transfer.TransferFlopTest","flopTransferBalance"
"Get Detail Waiting Company Backoffice Dengan Path Traversal pada Id","2038","getDetailWaitingCompanyWithPathTraversalId","Surefire suite","Wed Oct 07 08:06:42 UTC 2026","passed","Wed Oct 07 08:06:44 UTC 2026","testcases.backoffice.GetDetailWaitingCompanyTest","Surefire test","testcases.backoffice.GetDetailWaitingCompanyTest","getDetailWaitingCompanyWithPathTraversalId"
"Add Currency CS Admin Path Dengan Field rate Bernilai null","1536","addCurrencyWithNullRate","Surefire suite","Wed Oct 07 09:16:38 UTC 2026","passed","Wed Oct 07 09:16:40 UTC 2026","testcases.backoffice.currency.AddCurrencyTest","Surefire test","testcases.backoffice.currency.AddCurrencyTest","addCurrencyWithNullRate"
"Add User Backoffice Dengan Header Authorization Tanpa Skema Bearer","1443","addMerchantBackofficeWithMalformedAuthorizationHeader","Surefire suite","Wed Oct 07 08:06:25 UTC 2026","passed","Wed Oct 07 08:06:27 UTC 2026","testcases.backoffice.users.AddUserTest","Surefire test","testcases.backoffice.users.AddUserTest","addMerchantBackofficeWithMalformedAuthorizationHeader"
"Add Currency CS Admin Path Menggunakan Login Merchant","4520","addCurrencyWithMerchantLogin","Surefire suite","Wed Oct 07 09:16:17 UTC 2026","passed","Wed Oct 07 09:16:22 UTC 2026","testcases.backoffice.currency.AddCurrencyTest","Surefire test","testcases.backoffice.currency.AddCurrencyTest","addCurrencyWithMerchantLogin"
"Normal Special Transfer Success Admin Crypto","3603","specialTransferAdminCrypto","Surefire suite","Wed Oct 07 08:06:30 UTC 2026","passed","Wed Oct 07 08:06:34 UTC 2026","testcases.transfer.SpecialTransferTest","Surefire test","testcases.transfer.SpecialTransferTest","specialTransferAdminCrypto"
"Get List Google Authenticator Dengan Page/Size Negatif","1462","listOtpGoogleWithNegativePageSize","Surefire suite","Wed Oct 07 08:36:37 UTC 2026","passed","Wed Oct 07 08:36:38 UTC 2026","testcases.backoffice.googleauth.ListOtpGoogleTest","Surefire test","testcases.backoffice.googleauth.ListOtpGoogleTest","listOtpGoogleWithNegativePageSize"
"List Refund Dengan Body JSON Tidak Valid (Malformed)","1435","listRefundWithMalformedJson","Surefire suite","Wed Oct 07 09:22:00 UTC 2026","passed","Wed Oct 07 09:22:02 UTC 2026","testcases.backoffice.ListRefundTest","Surefire test","testcases.backoffice.ListRefundTest","listRefundWithMalformedJson"
"Add Group Backoffice Dengan Body Berupa JSON Array ([])","1433","addGroupWithArrayBody","Surefire suite","Wed Oct 07 08:07:53 UTC 2026","passed","Wed Oct 07 08:07:54 UTC 2026","testcases.backoffice.group.AddGroupTest","Surefire test","testcases.backoffice.group.AddGroupTest","addGroupWithArrayBody"
"Get Detail Waiting Company Backoffice Dengan Id Berisi Payload XSS","1558","getDetailWaitingCompanyWithXssId","Surefire suite","Wed Oct 07 08:07:13 UTC 2026","passed","Wed Oct 07 08:07:14 UTC 2026","testcases.backoffice.GetDetailWaitingCompanyTest","Surefire test","testcases.backoffice.GetDetailWaitingCompanyTest","getDetailWaitingCompanyWithXssId"
"Get History Manual Transfer Test Supervisor","4870","historyManualTransferTestSupervisor","Surefire suite","Wed Oct 07 09:28:10 UTC 2026","passed","Wed Oct 07 09:28:15 UTC 2026","testcases.history.HistoryTransferTest","Surefire test","testcases.history.HistoryTransferTest","historyManualTransferTestSupervisor"
"List Manage Settlement Backoffice Menggunakan Login Customer Service","4471","listManageSettlementWithCSLogin","Surefire suite","Wed Oct 07 08:33:42 UTC 2026","passed","Wed Oct 07 08:33:47 UTC 2026","testcases.backoffice.settlement.ManageSettlementTest","Surefire test","testcases.backoffice.settlement.ManageSettlementTest","listManageSettlementWithCSLogin"
"Refund Summary Dengan startDate Setelah endDate (Rentang Terbalik)","1523","getRefundWithReversedRange","Surefire suite","Wed Oct 07 08:39:32 UTC 2026","passed","Wed Oct 07 08:39:34 UTC 2026","testcases.backoffice.refund.GetRefundTest","Surefire test","testcases.backoffice.refund.GetRefundTest","getRefundWithReversedRange"
"Refund Summary Menggunakan Login Merchant","1446","getRefundWithMerchantLogin","Surefire suite","Wed Oct 07 08:39:01 UTC 2026","passed","Wed Oct 07 08:39:02 UTC 2026","testcases.backoffice.refund.GetRefundTest","Surefire test","testcases.backoffice.refund.GetRefundTest","getRefundWithMerchantLogin"
"List Currency USDT Dengan Body Berupa Literal null","1446","getCurrencyWithNullLiteralBody","Surefire suite","Wed Oct 07 08:23:40 UTC 2026","passed","Wed Oct 07 08:23:42 UTC 2026","testcases.backoffice.currency.GetCurrencyTest","Surefire test","testcases.backoffice.currency.GetCurrencyTest","getCurrencyWithNullLiteralBody"
"Get List Google Authenticator Menggunakan Login Merchant","1470","listOtpGoogleWithMerchantLogin","Surefire suite","Wed Oct 07 08:36:32 UTC 2026","passed","Wed Oct 07 08:36:34 UTC 2026","testcases.backoffice.googleauth.ListOtpGoogleTest","Surefire test","testcases.backoffice.googleauth.ListOtpGoogleTest","listOtpGoogleWithMerchantLogin"
"Get History QR CS Success Paid","8454","historyQRTestPaidCS","Surefire suite","Wed Oct 07 08:46:29 UTC 2026","passed","Wed Oct 07 08:46:37 UTC 2026","testcases.history.HistoryQRTest","Surefire test","testcases.history.HistoryQRTest","historyQRTestPaidCS"
"Delete session Merchant on Backoffice","1631","deleteSessionBackoffice","Surefire suite","Wed Oct 07 08:07:27 UTC 2026","passed","Wed Oct 07 08:07:29 UTC 2026","testcases.backoffice.users.EditUserTest","Surefire test","testcases.backoffice.users.EditUserTest","deleteSessionBackoffice"
"List Waiting Company Backoffice Dengan Content-Type text/plain","1426","listWaitingCompanyWithWrongContentType","Surefire suite","Wed Oct 07 08:42:01 UTC 2026","passed","Wed Oct 07 08:42:03 UTC 2026","testcases.backoffice.ListWaitingCompanyTest","Surefire test","testcases.backoffice.ListWaitingCompanyTest","listWaitingCompanyWithWrongContentType"
"Refund Summary Menggunakan HTTP Method DELETE","1417","getRefundWithDeleteMethod","Surefire suite","Wed Oct 07 08:38:03 UTC 2026","passed","Wed Oct 07 08:38:04 UTC 2026","testcases.backoffice.refund.GetRefundTest","Surefire test","testcases.backoffice.refund.GetRefundTest","getRefundWithDeleteMethod"
"Delete Favorite Account Menggunakan HTTP Method PATCH","1414","deleteFavoriteAccountWithPatchMethod","Surefire suite","Wed Oct 07 08:18:24 UTC 2026","passed","Wed Oct 07 08:18:25 UTC 2026","testcases.settings.favoriteaccount.DeleteFavoriteAccountTest","Surefire test","testcases.settings.favoriteaccount.DeleteFavoriteAccountTest","deleteFavoriteAccountWithPatchMethod"
"Add Currency CS Admin Path Dengan Body JSON Tidak Valid (Malformed)","1451","addCurrencyWithMalformedJson","Surefire suite","Wed Oct 07 09:16:05 UTC 2026","passed","Wed Oct 07 09:16:07 UTC 2026","testcases.backoffice.currency.AddCurrencyTest","Surefire test","testcases.backoffice.currency.AddCurrencyTest","addCurrencyWithMalformedJson"
"Get Balance Merchant with Login Marketing","1491","getFailedBalanceMerchantLoginMarketing","Surefire suite","Wed Oct 07 08:06:02 UTC 2026","passed","Wed Oct 07 08:06:04 UTC 2026","testcases.balance.GetBalanceQrisTest","Surefire test","testcases.balance.GetBalanceQrisTest","getFailedBalanceMerchantLoginMarketing"
"Login Merchant dengan Username Kosong","2921","testLoginEmptyUsername","Surefire suite","Wed Oct 07 08:10:26 UTC 2026","passed","Wed Oct 07 08:10:29 UTC 2026","testcases.auth.LoginTest","Surefire test","testcases.auth.LoginTest","testLoginEmptyUsername"
"Get List Favorite Account Menggunakan HTTP Method PUT","1589","getListFavoriteAccountWithPutMethod","Surefire suite","Wed Oct 07 09:46:53 UTC 2026","passed","Wed Oct 07 09:46:55 UTC 2026","testcases.settings.favoriteaccount.GetListFavoriteAccountTest","Surefire test","testcases.settings.favoriteaccount.GetListFavoriteAccountTest","getListFavoriteAccountWithPutMethod"
"Get Dashboard Backoffice Menggunakan Login CS Admin","1489","getDashboardWithCSAdminLogin","Surefire suite","Wed Oct 07 08:20:53 UTC 2026","passed","Wed Oct 07 08:20:55 UTC 2026","testcases.backoffice.GetDashboardTest","Surefire test","testcases.backoffice.GetDashboardTest","getDashboardWithCSAdminLogin"
"Get List Group Backoffice Menggunakan Login Admin","1553","getListGroupWithAdminLogin","Surefire suite","Wed Oct 07 08:16:03 UTC 2026","passed","Wed Oct 07 08:16:05 UTC 2026","testcases.backoffice.group.GetListGroupTest","Surefire test","testcases.backoffice.group.GetListGroupTest","getListGroupWithAdminLogin"
"Get Group Backoffice Dengan Token Tidak Valid","1457","getGroupWithInvalidToken","Surefire suite","Wed Oct 07 08:21:34 UTC 2026","passed","Wed Oct 07 08:21:35 UTC 2026","testcases.backoffice.GetDashboardTest","Surefire test","testcases.backoffice.GetDashboardTest","getGroupWithInvalidToken"
"Get Detail Waiting Company Backoffice Tanpa Login/Header Auth","1565","getDetailWaitingCompanyWithoutAuth","Surefire suite","Wed Oct 07 08:07:17 UTC 2026","passed","Wed Oct 07 08:07:19 UTC 2026","testcases.backoffice.GetDetailWaitingCompanyTest","Surefire test","testcases.backoffice.GetDetailWaitingCompanyTest","getDetailWaitingCompanyWithoutAuth"
"Get List Group Company BO Dengan groupName Tidak Terdaftar","1479","getListGroupCompanyWithNonExistentGroupName","Surefire suite","Wed Oct 07 08:30:56 UTC 2026","passed","Wed Oct 07 08:30:58 UTC 2026","testcases.backoffice.settlement.GetListGroupCompanyTest","Surefire test","testcases.backoffice.settlement.GetListGroupCompanyTest","getListGroupCompanyWithNonExistentGroupName"
"Get History Manual Transfer Test CS","5078","historyManualTransferTestCS","Surefire suite","Wed Oct 07 09:27:54 UTC 2026","passed","Wed Oct 07 09:27:59 UTC 2026","testcases.history.HistoryTransferTest","Surefire test","testcases.history.HistoryTransferTest","historyManualTransferTestCS"
"Get List Favorite Account Dengan Body Berupa Literal null","1493","getListFavoriteAccountWithNullLiteralBody","Surefire suite","Wed Oct 07 09:46:39 UTC 2026","passed","Wed Oct 07 09:46:41 UTC 2026","testcases.settings.favoriteaccount.GetListFavoriteAccountTest","Surefire test","testcases.settings.favoriteaccount.GetListFavoriteAccountTest","getListFavoriteAccountWithNullLiteralBody"
"Get List Group Backoffice Menggunakan HTTP Method PUT","1560","getListGroupWithPutMethod","Surefire suite","Wed Oct 07 08:17:38 UTC 2026","passed","Wed Oct 07 08:17:39 UTC 2026","testcases.backoffice.group.GetListGroupTest","Surefire test","testcases.backoffice.group.GetListGroupTest","getListGroupWithPutMethod"
"List User Backoffice Dengan Tipe Data Salah pada Field Limit (String, Bukan Integer)","1535","listUsersWithInvalidFieldType","Surefire suite","Wed Oct 07 08:34:10 UTC 2026","passed","Wed Oct 07 08:34:12 UTC 2026","testcases.backoffice.users.ListUsersTest","Surefire test","testcases.backoffice.users.ListUsersTest","listUsersWithInvalidFieldType"
"Get List Google Authenticator Dengan Field Sort Merujuk ke Kolom yang Tidak Ada","1543","listOtpGoogleWithInvalidSortField","Surefire suite","Wed Oct 07 08:36:05 UTC 2026","passed","Wed Oct 07 08:36:07 UTC 2026","testcases.backoffice.googleauth.ListOtpGoogleTest","Surefire test","testcases.backoffice.googleauth.ListOtpGoogleTest","listOtpGoogleWithInvalidSortField"
"Refund Summary Menggunakan HTTP Method GET","1499","getRefundWithGetMethod","Surefire suite","Wed Oct 07 08:38:21 UTC 2026","passed","Wed Oct 07 08:38:22 UTC 2026","testcases.backoffice.refund.GetRefundTest","Surefire test","testcases.backoffice.refund.GetRefundTest","getRefundWithGetMethod"
"Get Detail Waiting Company Backoffice Menggunakan Login Marketing","4676","getDetailWaitingCompanyWithMarketingLogin","Surefire suite","Wed Oct 07 08:06:17 UTC 2026","passed","Wed Oct 07 08:06:22 UTC 2026","testcases.backoffice.GetDetailWaitingCompanyTest","Surefire test","testcases.backoffice.GetDetailWaitingCompanyTest","getDetailWaitingCompanyWithMarketingLogin"
"Created Favorite Account Dengan pin String Kosong","1432","createdFavoriteAccountWithEmptyPin","Surefire suite","Wed Oct 07 08:35:41 UTC 2026","failed","Wed Oct 07 08:35:43 UTC 2026","testcases.settings.favoriteaccount.CreatedFavoriteAccountTest","Surefire test","testcases.settings.favoriteaccount.CreatedFavoriteAccountTest","createdFavoriteAccountWithEmptyPin"
"Reset Pin Supervisor","7876","resetPinSupervisor","Surefire suite","Wed Oct 07 08:05:15 UTC 2026","passed","Wed Oct 07 08:05:23 UTC 2026","testcases.settings.ResetPinTest","Surefire test","testcases.settings.ResetPinTest","resetPinSupervisor"
"Get List Group Backoffice Menggunakan Login Merchant","1472","getListGroupWithMerchantLogin","Surefire suite","Wed Oct 07 08:17:06 UTC 2026","passed","Wed Oct 07 08:17:08 UTC 2026","testcases.backoffice.group.GetListGroupTest","Surefire test","testcases.backoffice.group.GetListGroupTest","getListGroupWithMerchantLogin"
"Delete Favorite Account yang Sama Dipanggil Dua Kali (Sudah Terhapus)","1404","deleteFavoriteAccountAlreadyDeleted","Surefire suite","Wed Oct 07 08:12:36 UTC 2026","failed","Wed Oct 07 08:12:37 UTC 2026","testcases.settings.favoriteaccount.DeleteFavoriteAccountTest","Surefire test","testcases.settings.favoriteaccount.DeleteFavoriteAccountTest","deleteFavoriteAccountAlreadyDeleted"
"List Manage Settlement Backoffice Dengan Body Kosong ({})","1596","listManageSettlementWithEmptyBody","Surefire suite","Wed Oct 07 08:33:54 UTC 2026","passed","Wed Oct 07 08:33:56 UTC 2026","testcases.backoffice.settlement.ManageSettlementTest","Surefire test","testcases.backoffice.settlement.ManageSettlementTest","listManageSettlementWithEmptyBody"
"Get List Group Backoffice Dengan Body Berupa JSON Array ([])","1442","getListGroupWithArrayBody","Surefire suite","Wed Oct 07 08:16:08 UTC 2026","passed","Wed Oct 07 08:16:09 UTC 2026","testcases.backoffice.group.GetListGroupTest","Surefire test","testcases.backoffice.group.GetListGroupTest","getListGroupWithArrayBody"
"Created Favorite Account Dengan Body Berupa JSON Array ([])","1427","createdFavoriteAccountWithArrayBody","Surefire suite","Wed Oct 07 08:35:28 UTC 2026","passed","Wed Oct 07 08:35:29 UTC 2026","testcases.settings.favoriteaccount.CreatedFavoriteAccountTest","Surefire test","testcases.settings.favoriteaccount.CreatedFavoriteAccountTest","createdFavoriteAccountWithArrayBody"
"Resend Google Authenticator Dengan email Tidak Terdaftar","1467","resendOtpGoogleWithNonExistentEmail","Surefire suite","Wed Oct 07 08:40:17 UTC 2026","passed","Wed Oct 07 08:40:19 UTC 2026","testcases.backoffice.googleauth.ResendOtpGoogleTest","Surefire test","testcases.backoffice.googleauth.ResendOtpGoogleTest","resendOtpGoogleWithNonExistentEmail"
"Add User Backoffice Tanpa Login/Header Auth","1436","addMerchantBackofficeWithoutAuth","Surefire suite","Wed Oct 07 08:07:24 UTC 2026","passed","Wed Oct 07 08:07:26 UTC 2026","testcases.backoffice.users.AddUserTest","Surefire test","testcases.backoffice.users.AddUserTest","addMerchantBackofficeWithoutAuth"
"Add Currency CS Admin Path Dengan rate Desimal","1580","addCurrencyWithDecimalRate","Surefire suite","Wed Oct 07 09:15:20 UTC 2026","passed","Wed Oct 07 09:15:21 UTC 2026","testcases.backoffice.currency.AddCurrencyTest","Surefire test","testcases.backoffice.currency.AddCurrencyTest","addCurrencyWithDecimalRate"
"Get Group Detail Backoffice Tanpa Group Id (Path Kosong)","1489","getGroupDetailWithEmptyId","Surefire suite","Wed Oct 07 08:11:20 UTC 2026","passed","Wed Oct 07 08:11:21 UTC 2026","testcases.backoffice.group.GetGroupTest","Surefire test","testcases.backoffice.group.GetGroupTest","getGroupDetailWithEmptyId"
"Get History Special Transfer Merchant on Login CS Admin","5125","historySpecialTransferMerchantTestCSAdmin","Surefire suite","Wed Oct 07 09:28:24 UTC 2026","passed","Wed Oct 07 09:28:29 UTC 2026","testcases.history.HistoryTransferTest","Surefire test","testcases.history.HistoryTransferTest","historySpecialTransferMerchantTestCSAdmin"
"Refund Summary Menggunakan Login CS Admin","1457","getRefundWithCSAdminLogin","Surefire suite","Wed Oct 07 08:37:49 UTC 2026","passed","Wed Oct 07 08:37:51 UTC 2026","testcases.backoffice.refund.GetRefundTest","Surefire test","testcases.backoffice.refund.GetRefundTest","getRefundWithCSAdminLogin"
"Add Currency CS Admin Path Dengan Bearer Token Kosong","1458","addCurrencyWithEmptyBearerToken","Surefire suite","Wed Oct 07 09:15:34 UTC 2026","passed","Wed Oct 07 09:15:35 UTC 2026","testcases.backoffice.currency.AddCurrencyTest","Surefire test","testcases.backoffice.currency.AddCurrencyTest","addCurrencyWithEmptyBearerToken"
"Get History Transfer Test Admin","6671","historyTransferTestAdmin","Surefire suite","Wed Oct 07 09:29:57 UTC 2026","passed","Wed Oct 07 09:30:04 UTC 2026","testcases.history.HistoryTransferTest","Surefire test","testcases.history.HistoryTransferTest","historyTransferTestAdmin"
"Refund Summary Dengan Karakter SQL Injection pada Field type","1454","getRefundWithSqlInjectionType","Surefire suite","Wed Oct 07 08:39:37 UTC 2026","passed","Wed Oct 07 08:39:38 UTC 2026","testcases.backoffice.refund.GetRefundTest","Surefire test","testcases.backoffice.refund.GetRefundTest","getRefundWithSqlInjectionType"
"Add User Backoffice Dengan email Kosong","1624","addMerchantBackofficeWithEmptyEmail","Surefire suite","Wed Oct 07 08:06:02 UTC 2026","passed","Wed Oct 07 08:06:04 UTC 2026","testcases.backoffice.users.AddUserTest","Surefire test","testcases.backoffice.users.AddUserTest","addMerchantBackofficeWithEmptyEmail"
"Create Manage Settlement BO Dengan Token Kadaluarsa","1447","addManageSettlementWithExpiredToken","Surefire suite","Wed Oct 07 08:27:56 UTC 2026","passed","Wed Oct 07 08:27:57 UTC 2026","testcases.backoffice.settlement.AddManageSettlementTest","Surefire test","testcases.backoffice.settlement.AddManageSettlementTest","addManageSettlementWithExpiredToken"
"Success Login Admin Crypto","3282","testLoginAdminCrypto","Surefire suite","Wed Oct 07 08:07:29 UTC 2026","passed","Wed Oct 07 08:07:33 UTC 2026","testcases.auth.LoginTest","Surefire test","testcases.auth.LoginTest","testLoginAdminCrypto"
"List User Backoffice Menggunakan Login Marketing","4505","listUsersWithMarketingLogin","Surefire suite","Wed Oct 07 08:34:28 UTC 2026","passed","Wed Oct 07 08:34:33 UTC 2026","testcases.backoffice.users.ListUsersTest","Surefire test","testcases.backoffice.users.ListUsersTest","listUsersWithMarketingLogin"
"Get Notification Sender Dengan Sort Tanpa Operator '=='","1552","getNotificationSenderWithMalformedSortOperator","Surefire suite","Wed Oct 07 08:37:31 UTC 2026","passed","Wed Oct 07 08:37:32 UTC 2026","testcases.backoffice.notifsender.NotificationSenderTest","Surefire test","testcases.backoffice.notifsender.NotificationSenderTest","getNotificationSenderWithMalformedSortOperator"
"Delete Group Backoffice Dengan Token Kadaluarsa","1437","deleteGroupWithExpiredToken","Surefire suite","Wed Oct 07 08:13:48 UTC 2026","passed","Wed Oct 07 08:13:49 UTC 2026","testcases.backoffice.group.DeleteGroupTest","Surefire test","testcases.backoffice.group.DeleteGroupTest","deleteGroupWithExpiredToken"
"Delete Favorite Account Menggunakan HTTP Method PUT","41563","deleteFavoriteAccountWithPutMethod","Surefire suite","Wed Oct 07 08:18:28 UTC 2026","failed","Wed Oct 07 08:19:10 UTC 2026","testcases.settings.favoriteaccount.DeleteFavoriteAccountTest","Surefire test","testcases.settings.favoriteaccount.DeleteFavoriteAccountTest","deleteFavoriteAccountWithPutMethod"
"List Company Backoffice Dengan Field Sort Merujuk ke Kolom yang Tidak Ada","1572","listCompanyWithInvalidSortField","Surefire suite","Wed Oct 07 08:42:52 UTC 2026","passed","Wed Oct 07 08:42:53 UTC 2026","testcases.backoffice.ListCompanyTest","Surefire test","testcases.backoffice.ListCompanyTest","listCompanyWithInvalidSortField"
"Get List Google Authenticator Menggunakan Login Supervisor","1562","listOtpGoogleWithSupervisorLogin","Surefire suite","Wed Oct 07 08:36:59 UTC 2026","passed","Wed Oct 07 08:37:01 UTC 2026","testcases.backoffice.googleauth.ListOtpGoogleTest","Surefire test","testcases.backoffice.googleauth.ListOtpGoogleTest","listOtpGoogleWithSupervisorLogin"
"Get Group Detail Backoffice Menggunakan Login Merchant","1479","getGroupDetailWithMerchantLogin","Surefire suite","Wed Oct 07 08:11:59 UTC 2026","passed","Wed Oct 07 08:12:00 UTC 2026","testcases.backoffice.group.GetGroupTest","Surefire test","testcases.backoffice.group.GetGroupTest","getGroupDetailWithMerchantLogin"
"Delete Group Backoffice Dengan Header Authorization Tanpa Skema Bearer","1468","deleteGroupWithMalformedAuthorizationHeader","Surefire suite","Wed Oct 07 08:14:10 UTC 2026","passed","Wed Oct 07 08:14:11 UTC 2026","testcases.backoffice.group.DeleteGroupTest","Surefire test","testcases.backoffice.group.DeleteGroupTest","deleteGroupWithMalformedAuthorizationHeader"
"Add Group Backoffice Dengan name null","1538","addGroupWithNullName","Surefire suite","Wed Oct 07 08:09:45 UTC 2026","passed","Wed Oct 07 08:09:46 UTC 2026","testcases.backoffice.group.AddGroupTest","Surefire test","testcases.backoffice.group.AddGroupTest","addGroupWithNullName"
"Create Manage Settlement BO Dengan Body Berupa JSON Array ([])","1434","addManageSettlementWithArrayBody","Surefire suite","Wed Oct 07 08:27:15 UTC 2026","passed","Wed Oct 07 08:27:17 UTC 2026","testcases.backoffice.settlement.AddManageSettlementTest","Surefire test","testcases.backoffice.settlement.AddManageSettlementTest","addManageSettlementWithArrayBody"
"Get History Transfer Test Admin Crypto","5740","historyTransferTestAdminCrypto","Surefire suite","Wed Oct 07 09:30:07 UTC 2026","passed","Wed Oct 07 09:30:13 UTC 2026","testcases.history.HistoryTransferTest","Surefire test","testcases.history.HistoryTransferTest","historyTransferTestAdminCrypto"
"Get List Group Company BO Menggunakan Login Customer Service","1539","getListGroupCompanyWithCSLogin","Surefire suite","Wed Oct 07 08:30:11 UTC 2026","passed","Wed Oct 07 08:30:13 UTC 2026","testcases.backoffice.settlement.GetListGroupCompanyTest","Surefire test","testcases.backoffice.settlement.GetListGroupCompanyTest","getListGroupCompanyWithCSLogin"
"Add User Backoffice Dengan JSON Tidak Valid (Malformed)","1486","addMerchantBackofficeWithMalformedJson","Surefire suite","Wed Oct 07 08:06:30 UTC 2026","passed","Wed Oct 07 08:06:31 UTC 2026","testcases.backoffice.users.AddUserTest","Surefire test","testcases.backoffice.users.AddUserTest","addMerchantBackofficeWithMalformedJson"
"Delete Manage Settlement BO","4499","deleteManageSettlementBO","Surefire suite","Wed Oct 07 08:24:39 UTC 2026","passed","Wed Oct 07 08:24:43 UTC 2026","testcases.backoffice.settlement.DeleteManageSettlementTest","Surefire test","testcases.backoffice.settlement.DeleteManageSettlementTest","deleteManageSettlementBO"
"List Currency USDT Dengan Body Kosong ({})","1562","getCurrencyWithEmptyBody","Surefire suite","Wed Oct 07 08:22:41 UTC 2026","passed","Wed Oct 07 08:22:42 UTC 2026","testcases.backoffice.currency.GetCurrencyTest","Surefire test","testcases.backoffice.currency.GetCurrencyTest","getCurrencyWithEmptyBody"
"Test Get Report Transaction Supervisor","1636","getReportTransactionSupervisor","Surefire suite","Wed Oct 07 08:08:22 UTC 2026","failed","Wed Oct 07 08:08:23 UTC 2026","testcases.report.ReportTransactionTest","Surefire test","testcases.report.ReportTransactionTest","getReportTransactionSupervisor"
"Test Approved USDT Supervisor","9621","approvedUSDTSupervisor","Surefire suite","Wed Oct 07 09:07:58 UTC 2026","passed","Wed Oct 07 09:08:07 UTC 2026","testcases.backoffice.ApprovalTransferTest","Surefire test","testcases.backoffice.ApprovalTransferTest","approvedUSDTSupervisor"
"Get List Favorite Account Dengan Body Kosong ({})","1668","getListFavoriteAccountWithEmptyBody","Surefire suite","Wed Oct 07 09:46:03 UTC 2026","passed","Wed Oct 07 09:46:04 UTC 2026","testcases.settings.favoriteaccount.GetListFavoriteAccountTest","Surefire test","testcases.settings.favoriteaccount.GetListFavoriteAccountTest","getListFavoriteAccountWithEmptyBody"
"Login Merchant tanpa Parameter Password","2925","testLoginMissingPasswordParam","Surefire suite","Wed Oct 07 08:10:38 UTC 2026","passed","Wed Oct 07 08:10:41 UTC 2026","testcases.auth.LoginTest","Surefire test","testcases.auth.LoginTest","testLoginMissingPasswordParam"
"Get History USDT Transfer Test Admin","5074","historyUSDTTransferTestFeeAdmin","Surefire suite","Wed Oct 07 09:31:23 UTC 2026","passed","Wed Oct 07 09:31:28 UTC 2026","testcases.history.HistoryTransferTest","Surefire test","testcases.history.HistoryTransferTest","historyUSDTTransferTestFeeAdmin"
"Get Detail Waiting Company Backoffice Menggunakan HTTP Method POST","1524","getDetailWaitingCompanyWithPostMethod","Surefire suite","Wed Oct 07 08:06:47 UTC 2026","passed","Wed Oct 07 08:06:48 UTC 2026","testcases.backoffice.GetDetailWaitingCompanyTest","Surefire test","testcases.backoffice.GetDetailWaitingCompanyTest","getDetailWaitingCompanyWithPostMethod"
"Add Group Backoffice Menggunakan HTTP Method PATCH","1439","addGroupWithPatchMethod","Surefire suite","Wed Oct 07 08:09:54 UTC 2026","passed","Wed Oct 07 08:09:55 UTC 2026","testcases.backoffice.group.AddGroupTest","Surefire test","testcases.backoffice.group.AddGroupTest","addGroupWithPatchMethod"
"Delete Group Backoffice Menggunakan Login Marketing","1442","deleteGroupWithMarketingLogin","Surefire suite","Wed Oct 07 08:14:19 UTC 2026","passed","Wed Oct 07 08:14:20 UTC 2026","testcases.backoffice.group.DeleteGroupTest","Surefire test","testcases.backoffice.group.DeleteGroupTest","deleteGroupWithMarketingLogin"
"List Company Backoffice Menggunakan Login Supervisor","1461","listCompanyWithSupervisorLogin","Surefire suite","Wed Oct 07 08:43:28 UTC 2026","passed","Wed Oct 07 08:43:29 UTC 2026","testcases.backoffice.ListCompanyTest","Surefire test","testcases.backoffice.ListCompanyTest","listCompanyWithSupervisorLogin"
"List Refund Dengan Ukuran Halaman Sangat Besar","1853","listRefundWithHugeSize","Surefire suite","Wed Oct 07 09:21:37 UTC 2026","passed","Wed Oct 07 09:21:39 UTC 2026","testcases.backoffice.ListRefundTest","Surefire test","testcases.backoffice.ListRefundTest","listRefundWithHugeSize"
"Create Manage Settlement BO Dengan companyId Valid Secara Format Tapi Tidak Ada","1502","addManageSettlementWithNonExistentCompanyId","Surefire suite","Wed Oct 07 08:28:36 UTC 2026","passed","Wed Oct 07 08:28:38 UTC 2026","testcases.backoffice.settlement.AddManageSettlementTest","Surefire test","testcases.backoffice.settlement.AddManageSettlementTest","addManageSettlementWithNonExistentCompanyId"
"Mutasi Special Transfer Supervisor","8552","mutasiSpecialTransferSupervisor","Surefire suite","Wed Oct 07 09:38:42 UTC 2026","passed","Wed Oct 07 09:38:50 UTC 2026","testcases.mutasi.MutasiTransferTest","Surefire test","testcases.mutasi.MutasiTransferTest","mutasiSpecialTransferSupervisor"
"List Currency USDT Menggunakan Login Customer Service","1458","getCurrencyWithCSLogin","Surefire suite","Wed Oct 07 08:22:32 UTC 2026","passed","Wed Oct 07 08:22:33 UTC 2026","testcases.backoffice.currency.GetCurrencyTest","Surefire test","testcases.backoffice.currency.GetCurrencyTest","getCurrencyWithCSLogin"
"Get List Group Company BO Menggunakan Login Admin","1556","getListGroupCompanyWithAdminLogin","Surefire suite","Wed Oct 07 08:30:02 UTC 2026","passed","Wed Oct 07 08:30:04 UTC 2026","testcases.backoffice.settlement.GetListGroupCompanyTest","Surefire test","testcases.backoffice.settlement.GetListGroupCompanyTest","getListGroupCompanyWithAdminLogin"
"Add User Backoffice Menggunakan HTTP Method PUT","1463","addMerchantBackofficeWithPutMethod","Surefire suite","Wed Oct 07 08:06:53 UTC 2026","passed","Wed Oct 07 08:06:54 UTC 2026","testcases.backoffice.users.AddUserTest","Surefire test","testcases.backoffice.users.AddUserTest","addMerchantBackofficeWithPutMethod"
"Delete Favorite Account Tanpa Body Sama Sekali","1372","deleteFavoriteAccountWithoutBody","Surefire suite","Wed Oct 07 08:23:54 UTC 2026","passed","Wed Oct 07 08:23:55 UTC 2026","testcases.settings.favoriteaccount.DeleteFavoriteAccountTest","Surefire test","testcases.settings.favoriteaccount.DeleteFavoriteAccountTest","deleteFavoriteAccountWithoutBody"
"Get Notification Sender Dengan Karakter SQL Injection pada Field param","1723","getNotificationSenderWithSqlInjectionParam","Surefire suite","Wed Oct 07 08:38:11 UTC 2026","passed","Wed Oct 07 08:38:13 UTC 2026","testcases.backoffice.notifsender.NotificationSenderTest","Surefire test","testcases.backoffice.notifsender.NotificationSenderTest","getNotificationSenderWithSqlInjectionParam"
"Get List Group Backoffice Menggunakan HTTP Method DELETE","1441","getListGroupWithDeleteMethod","Surefire suite","Wed Oct 07 08:16:21 UTC 2026","passed","Wed Oct 07 08:16:23 UTC 2026","testcases.backoffice.group.GetListGroupTest","Surefire test","testcases.backoffice.group.GetListGroupTest","getListGroupWithDeleteMethod"
"Get List Group Backoffice Dengan Body JSON Tidak Valid (Malformed)","1421","getListGroupWithMalformedJson","Surefire suite","Wed Oct 07 08:16:58 UTC 2026","passed","Wed Oct 07 08:16:59 UTC 2026","testcases.backoffice.group.GetListGroupTest","Surefire test","testcases.backoffice.group.GetListGroupTest","getListGroupWithMalformedJson"
"Delete Google Authenticator Ke Path yang Tidak Ada (Typo)","1612","deleteOtpGoogleWithWrongPath","Surefire suite","Wed Oct 07 08:20:21 UTC 2026","passed","Wed Oct 07 08:20:23 UTC 2026","testcases.backoffice.googleauth.DeleteOtpGoogleTest","Surefire test","testcases.backoffice.googleauth.DeleteOtpGoogleTest","deleteOtpGoogleWithWrongPath"
"Mutasi USDT Transfer Balance CS","13342","mutasiUSDTTransferBalanceCS","Surefire suite","Wed Oct 07 09:41:02 UTC 2026","passed","Wed Oct 07 09:41:15 UTC 2026","testcases.mutasi.MutasiTransferTest","Surefire test","testcases.mutasi.MutasiTransferTest","mutasiUSDTTransferBalanceCS"
"Check Status QR Dengan id Milik Entitas Lain (Group Id)","1440","checkStatusQRWithForeignEntityId","Surefire suite","Wed Oct 07 08:33:39 UTC 2026","failed","Wed Oct 07 08:33:40 UTC 2026","testcases.QR.CheckStatusQRTest","Surefire test","testcases.QR.CheckStatusQRTest","checkStatusQRWithForeignEntityId"
"Get List Group Backoffice Dengan Content-Type text/plain","1433","getListGroupWithWrongContentType","Surefire suite","Wed Oct 07 08:18:00 UTC 2026","passed","Wed Oct 07 08:18:02 UTC 2026","testcases.backoffice.group.GetListGroupTest","Surefire test","testcases.backoffice.group.GetListGroupTest","getListGroupWithWrongContentType"
"Reset Password Backoffice","1569","resetPasswordBackoffice","Surefire suite","Wed Oct 07 08:33:05 UTC 2026","passed","Wed Oct 07 08:33:06 UTC 2026","testcases.settings.ResetPasswordTest","Surefire test","testcases.settings.ResetPasswordTest","resetPasswordBackoffice"
"Delete Favorite Account Dengan Header credentialId Salah","41458","deleteFavoriteAccountWithWrongCredentialIdHeader","Surefire suite","Wed Oct 07 08:21:36 UTC 2026","failed","Wed Oct 07 08:22:17 UTC 2026","testcases.settings.favoriteaccount.DeleteFavoriteAccountTest","Surefire test","testcases.settings.favoriteaccount.DeleteFavoriteAccountTest","deleteFavoriteAccountWithWrongCredentialIdHeader"
"Refund Summary Dengan type null","1513","getRefundWithNullType","Surefire suite","Wed Oct 07 08:39:15 UTC 2026","passed","Wed Oct 07 08:39:16 UTC 2026","testcases.backoffice.refund.GetRefundTest","Surefire test","testcases.backoffice.refund.GetRefundTest","getRefundWithNullType"
"Normal Special Transfer Success","1424","transfer","Surefire suite","Wed Oct 07 08:09:09 UTC 2026","failed","Wed Oct 07 08:09:10 UTC 2026","testcases.transfer.SpecialTransferTest","Surefire test","testcases.transfer.SpecialTransferTest","transfer"
"Add User Backoffice Menggunakan HTTP Method PATCH","1421","addMerchantBackofficeWithPatchMethod","Surefire suite","Wed Oct 07 08:06:48 UTC 2026","passed","Wed Oct 07 08:06:50 UTC 2026","testcases.backoffice.users.AddUserTest","Surefire test","testcases.backoffice.users.AddUserTest","addMerchantBackofficeWithPatchMethod"
"List User Backoffice Menggunakan Login CS Admin","4588","listUsersWithCSAdminLogin","Surefire suite","Wed Oct 07 08:33:53 UTC 2026","passed","Wed Oct 07 08:33:57 UTC 2026","testcases.backoffice.users.ListUsersTest","Surefire test","testcases.backoffice.users.ListUsersTest","listUsersWithCSAdminLogin"
"Normal Flop Transfer Success Admin Crypto","4376","flopTransferAdminCrypto","Surefire suite","Wed Oct 07 08:06:12 UTC 2026","passed","Wed Oct 07 08:06:16 UTC 2026","testcases.transfer.TransferFlopTest","Surefire test","testcases.transfer.TransferFlopTest","flopTransferAdminCrypto"
"Get Notification Sender Dengan Token Kadaluarsa","1463","getNotificationSenderWithExpiredToken","Surefire suite","Wed Oct 07 08:36:37 UTC 2026","passed","Wed Oct 07 08:36:39 UTC 2026","testcases.backoffice.notifsender.NotificationSenderTest","Surefire test","testcases.backoffice.notifsender.NotificationSenderTest","getNotificationSenderWithExpiredToken"
"Create Manage Settlement BO Dengan Payload XSS pada companyName","1474","addManageSettlementWithXssCompanyName","Surefire suite","Wed Oct 07 08:29:22 UTC 2026","passed","Wed Oct 07 08:29:23 UTC 2026","testcases.backoffice.settlement.AddManageSettlementTest","Surefire test","testcases.backoffice.settlement.AddManageSettlementTest","addManageSettlementWithXssCompanyName"
"Get List Google Authenticator Dengan Sort Tanpa Operator '=='","1495","listOtpGoogleWithMalformedSortOperator","Surefire suite","Wed Oct 07 08:36:23 UTC 2026","passed","Wed Oct 07 08:36:25 UTC 2026","testcases.backoffice.googleauth.ListOtpGoogleTest","Surefire test","testcases.backoffice.googleauth.ListOtpGoogleTest","listOtpGoogleWithMalformedSortOperator"
"Add Group Backoffice Tanpa Field name","1513","addGroupWithoutNameField","Surefire suite","Wed Oct 07 08:10:53 UTC 2026","passed","Wed Oct 07 08:10:54 UTC 2026","testcases.backoffice.group.AddGroupTest","Surefire test","testcases.backoffice.group.AddGroupTest","addGroupWithoutNameField"
"Transfer Different Partner Reference, Transfer to Manual Transfer","10381","trfPartnerRefTransferFailed","Surefire suite","Wed Oct 07 08:40:08 UTC 2026","failed","Wed Oct 07 08:40:18 UTC 2026","testcases.transfer.ManualTransferTest","Surefire test","testcases.transfer.ManualTransferTest","trfPartnerRefTransferFailed"
"Get List Google Authenticator Dengan Body Berupa Literal null","1425","listOtpGoogleWithNullLiteralBody","Surefire suite","Wed Oct 07 08:36:41 UTC 2026","passed","Wed Oct 07 08:36:43 UTC 2026","testcases.backoffice.googleauth.ListOtpGoogleTest","Surefire test","testcases.backoffice.googleauth.ListOtpGoogleTest","listOtpGoogleWithNullLiteralBody"
"Refund Summary Tanpa Login/Header Auth","1431","getRefundWithoutAuth","Surefire suite","Wed Oct 07 08:40:09 UTC 2026","passed","Wed Oct 07 08:40:10 UTC 2026","testcases.backoffice.refund.GetRefundTest","Surefire test","testcases.backoffice.refund.GetRefundTest","getRefundWithoutAuth"
"Refund Summary Menggunakan HTTP Method PATCH","1410","getRefundWithPatchMethod","Surefire suite","Wed Oct 07 08:39:24 UTC 2026","passed","Wed Oct 07 08:39:25 UTC 2026","testcases.backoffice.refund.GetRefundTest","Surefire test","testcases.backoffice.refund.GetRefundTest","getRefundWithPatchMethod"
"Get History Special Transfer Test CS","5174","historySpecialTransferTestCS","Surefire suite","Wed Oct 07 09:29:05 UTC 2026","passed","Wed Oct 07 09:29:11 UTC 2026","testcases.history.HistoryTransferTest","Surefire test","testcases.history.HistoryTransferTest","historySpecialTransferTestCS"
"Get Notification Sender Dengan Body Kosong ({})","1449","getNotificationSenderWithEmptyBody","Surefire suite","Wed Oct 07 08:36:28 UTC 2026","passed","Wed Oct 07 08:36:30 UTC 2026","testcases.backoffice.notifsender.NotificationSenderTest","Surefire test","testcases.backoffice.notifsender.NotificationSenderTest","getNotificationSenderWithEmptyBody"
"Get Notification Sender Dengan Page/Size Negatif","1561","getNotificationSenderWithNegativePageSize","Surefire suite","Wed Oct 07 08:37:44 UTC 2026","passed","Wed Oct 07 08:37:46 UTC 2026","testcases.backoffice.notifsender.NotificationSenderTest","Surefire test","testcases.backoffice.notifsender.NotificationSenderTest","getNotificationSenderWithNegativePageSize"
"Get Group Detail Backoffice Dengan Token Tidak Valid","1428","getGroupDetailWithInvalidToken","Surefire suite","Wed Oct 07 08:11:41 UTC 2026","passed","Wed Oct 07 08:11:42 UTC 2026","testcases.backoffice.group.GetGroupTest","Surefire test","testcases.backoffice.group.GetGroupTest","getGroupDetailWithInvalidToken"
"Transfer with Wrong Pin","47655","transferWrongPin","Surefire suite","Wed Oct 07 08:05:42 UTC 2026","failed","Wed Oct 07 08:06:29 UTC 2026","testcases.transfer.TransferTest","Surefire test","testcases.transfer.TransferTest","transferWrongPin"
"Check Status QR Dengan Token Valid Tapi Tanpa Header credentialId","1433","checkStatusQRWithoutCredentialIdHeader","Surefire suite","Wed Oct 07 08:34:55 UTC 2026","failed","Wed Oct 07 08:34:56 UTC 2026","testcases.QR.CheckStatusQRTest","Surefire test","testcases.QR.CheckStatusQRTest","checkStatusQRWithoutCredentialIdHeader"
"Refund Summary Menggunakan Login Supervisor","1446","getRefundWithSupervisorLogin","Surefire suite","Wed Oct 07 08:39:41 UTC 2026","passed","Wed Oct 07 08:39:43 UTC 2026","testcases.backoffice.refund.GetRefundTest","Surefire test","testcases.backoffice.refund.GetRefundTest","getRefundWithSupervisorLogin"
"Created Favorite Account Customer Service","10464","createdFavoriteAccountCS","Surefire suite","Wed Oct 07 08:56:49 UTC 2026","passed","Wed Oct 07 08:56:59 UTC 2026","testcases.settings.favoriteaccount.CreatedFavoriteAccountTest","Surefire test","testcases.settings.favoriteaccount.CreatedFavoriteAccountTest","createdFavoriteAccountCS"
"Add Group Backoffice Dengan Header pbyv Salah","1471","addGroupWithWrongPbyvHeader","Surefire suite","Wed Oct 07 08:10:35 UTC 2026","passed","Wed Oct 07 08:10:36 UTC 2026","testcases.backoffice.group.AddGroupTest","Surefire test","testcases.backoffice.group.AddGroupTest","addGroupWithWrongPbyvHeader"
"Inquiry Favorite Account Tanpa Body Sama Sekali","1407","inquiryFavoriteAccountWithoutBody","Surefire suite","Wed Oct 07 08:38:57 UTC 2026","passed","Wed Oct 07 08:38:58 UTC 2026","testcases.settings.favoriteaccount.InquiryFavoriteAccountTest","Surefire test","testcases.settings.favoriteaccount.InquiryFavoriteAccountTest","inquiryFavoriteAccountWithoutBody"
"Get Detail User Backoffice","7178","getUsersBO","Surefire suite","Wed Oct 07 08:33:00 UTC 2026","passed","Wed Oct 07 08:33:07 UTC 2026","testcases.backoffice.users.ListUsersTest","Surefire test","testcases.backoffice.users.ListUsersTest","getUsersBO"
"Mutasi USDT Transfer Balance","13069","mutasiUSDTTransferBalance","Surefire suite","Wed Oct 07 09:40:46 UTC 2026","passed","Wed Oct 07 09:40:59 UTC 2026","testcases.mutasi.MutasiTransferTest","Surefire test","testcases.mutasi.MutasiTransferTest","mutasiUSDTTransferBalance"
"List Currency USDT Dengan Karakter SQL Injection pada Field Param","1583","getCurrencyWithSqlInjectionParam","Surefire suite","Wed Oct 07 08:23:54 UTC 2026","passed","Wed Oct 07 08:23:55 UTC 2026","testcases.backoffice.currency.GetCurrencyTest","Surefire test","testcases.backoffice.currency.GetCurrencyTest","getCurrencyWithSqlInjectionParam"
"Resend Google Authenticator Dengan email Kosong","1447","resendOtpGoogleWithEmptyEmail","Surefire suite","Wed Oct 07 08:39:37 UTC 2026","passed","Wed Oct 07 08:39:39 UTC 2026","testcases.backoffice.googleauth.ResendOtpGoogleTest","Surefire test","testcases.backoffice.googleauth.ResendOtpGoogleTest","resendOtpGoogleWithEmptyEmail"
"Delete Group Backoffice Dengan Payload XSS pada name","1680","deleteGroupWithXssName","Surefire suite","Wed Oct 07 08:15:27 UTC 2026","passed","Wed Oct 07 08:15:28 UTC 2026","testcases.backoffice.group.DeleteGroupTest","Surefire test","testcases.backoffice.group.DeleteGroupTest","deleteGroupWithXssName"
"Get List Group Backoffice Tanpa Login/Header Auth","1517","getListGroupWithoutAuth","Surefire suite","Wed Oct 07 08:18:19 UTC 2026","passed","Wed Oct 07 08:18:20 UTC 2026","testcases.backoffice.group.GetListGroupTest","Surefire test","testcases.backoffice.group.GetListGroupTest","getListGroupWithoutAuth"
"Refund Summary Menggunakan HTTP Method PUT","1510","getRefundWithPutMethod","Surefire suite","Wed Oct 07 08:39:28 UTC 2026","passed","Wed Oct 07 08:39:29 UTC 2026","testcases.backoffice.refund.GetRefundTest","Surefire test","testcases.backoffice.refund.GetRefundTest","getRefundWithPutMethod"
"Add User Backoffice Menggunakan Role Supervisor (Bukan Backoffice)","4575","addMerchantBackofficeWithWrongRoleSupervisor","Surefire suite","Wed Oct 07 08:50:44 UTC 2026","passed","Wed Oct 07 08:50:48 UTC 2026","testcases.backoffice.users.AddUserTest","Surefire test","testcases.backoffice.users.AddUserTest","addMerchantBackofficeWithWrongRoleSupervisor"
"Add Group Backoffice Tanpa Login/Header Auth","1425","addGroupWithoutAuth","Surefire suite","Wed Oct 07 08:10:44 UTC 2026","passed","Wed Oct 07 08:10:45 UTC 2026","testcases.backoffice.group.AddGroupTest","Surefire test","testcases.backoffice.group.AddGroupTest","addGroupWithoutAuth"
"Created Favorite Account Dengan pin Salah","1422","createdFavoriteAccountWithWrongPin","Surefire suite","Wed Oct 07 08:36:44 UTC 2026","failed","Wed Oct 07 08:36:45 UTC 2026","testcases.settings.favoriteaccount.CreatedFavoriteAccountTest","Surefire test","testcases.settings.favoriteaccount.CreatedFavoriteAccountTest","createdFavoriteAccountWithWrongPin"
"Get Dashboard Backoffice Menggunakan Login Marketing","1531","getDashboardWithMarketingLogin","Surefire suite","Wed Oct 07 08:21:06 UTC 2026","passed","Wed Oct 07 08:21:08 UTC 2026","testcases.backoffice.GetDashboardTest","Surefire test","testcases.backoffice.GetDashboardTest","getDashboardWithMarketingLogin"
"Add Currency CS Admin Path Dengan Karakter SQL Injection pada rate","1452","addCurrencyWithSqlInjectionRate","Surefire suite","Wed Oct 07 09:16:56 UTC 2026","passed","Wed Oct 07 09:16:58 UTC 2026","testcases.backoffice.currency.AddCurrencyTest","Surefire test","testcases.backoffice.currency.AddCurrencyTest","addCurrencyWithSqlInjectionRate"
"Get Detail Waiting Company Backoffice Tanpa Id (Path Kosong)","2088","getDetailWaitingCompanyWithEmptyId","Surefire suite","Wed Oct 07 08:05:49 UTC 2026","passed","Wed Oct 07 08:05:51 UTC 2026","testcases.backoffice.GetDetailWaitingCompanyTest","Surefire test","testcases.backoffice.GetDetailWaitingCompanyTest","getDetailWaitingCompanyWithEmptyId"
"Get List Google Authenticator Dengan Token Kadaluarsa","1446","listOtpGoogleWithExpiredToken","Surefire suite","Wed Oct 07 08:35:48 UTC 2026","passed","Wed Oct 07 08:35:49 UTC 2026","testcases.backoffice.googleauth.ListOtpGoogleTest","Surefire test","testcases.backoffice.googleauth.ListOtpGoogleTest","listOtpGoogleWithExpiredToken"
"List Company Backoffice Tanpa Login/Header Auth","1453","listCompanyWithoutAuth","Surefire suite","Wed Oct 07 08:43:37 UTC 2026","passed","Wed Oct 07 08:43:38 UTC 2026","testcases.backoffice.ListCompanyTest","Surefire test","testcases.backoffice.ListCompanyTest","listCompanyWithoutAuth"
"Create Manage Settlement BO Menggunakan HTTP Method GET","1494","addManageSettlementWithGetMethod","Surefire suite","Wed Oct 07 08:28:00 UTC 2026","passed","Wed Oct 07 08:28:02 UTC 2026","testcases.backoffice.settlement.AddManageSettlementTest","Surefire test","testcases.backoffice.settlement.AddManageSettlementTest","addManageSettlementWithGetMethod"
"Inquiry Favorite Account Dengan Body Berupa JSON Array ([])","1396","inquiryFavoriteAccountWithArrayBody","Surefire suite","Wed Oct 07 08:37:19 UTC 2026","passed","Wed Oct 07 08:37:21 UTC 2026","testcases.settings.favoriteaccount.InquiryFavoriteAccountTest","Surefire test","testcases.settings.favoriteaccount.InquiryFavoriteAccountTest","inquiryFavoriteAccountWithArrayBody"
"Transfer Different Partner Reference, USDT Transfer to Manual Transfer","10328","trfPartnerRefUSDTFailed","Surefire suite","Wed Oct 07 08:40:21 UTC 2026","failed","Wed Oct 07 08:40:31 UTC 2026","testcases.transfer.ManualTransferTest","Surefire test","testcases.transfer.ManualTransferTest","trfPartnerRefUSDTFailed"
"Delete Manage Settlement BO Dengan id Milik Entitas Lain (Group Id)","1492","deleteManageSettlementWithForeignEntityId","Surefire suite","Wed Oct 07 08:25:27 UTC 2026","passed","Wed Oct 07 08:25:28 UTC 2026","testcases.backoffice.settlement.DeleteManageSettlementTest","Surefire test","testcases.backoffice.settlement.DeleteManageSettlementTest","deleteManageSettlementWithForeignEntityId"
"Delete Group Backoffice Dengan Format id Tidak Valid (Bukan ObjectId)","1490","deleteGroupWithInvalidIdFormat","Surefire suite","Wed Oct 07 08:14:01 UTC 2026","passed","Wed Oct 07 08:14:02 UTC 2026","testcases.backoffice.group.DeleteGroupTest","Surefire test","testcases.backoffice.group.DeleteGroupTest","deleteGroupWithInvalidIdFormat"
"Delete Group Backoffice Menggunakan HTTP Method PUT","1441","deleteGroupWithPutMethod","Surefire suite","Wed Oct 07 08:14:50 UTC 2026","passed","Wed Oct 07 08:14:52 UTC 2026","testcases.backoffice.group.DeleteGroupTest","Surefire test","testcases.backoffice.group.DeleteGroupTest","deleteGroupWithPutMethod"
"List Refund Tanpa Body Sama Sekali","1436","listRefundWithoutBody","Surefire suite","Wed Oct 07 09:22:35 UTC 2026","passed","Wed Oct 07 09:22:37 UTC 2026","testcases.backoffice.ListRefundTest","Surefire test","testcases.backoffice.ListRefundTest","listRefundWithoutBody"
"Get List Favorite Account Dengan size 0","1541","getListFavoriteAccountWithZeroSize","Surefire suite","Wed Oct 07 09:47:25 UTC 2026","passed","Wed Oct 07 09:47:27 UTC 2026","testcases.settings.favoriteaccount.GetListFavoriteAccountTest","Surefire test","testcases.settings.favoriteaccount.GetListFavoriteAccountTest","getListFavoriteAccountWithZeroSize"
"Create Manage Settlement BO Dengan Body Kosong ({})","1460","addManageSettlementWithEmptyBody","Surefire suite","Wed Oct 07 08:27:42 UTC 2026","passed","Wed Oct 07 08:27:44 UTC 2026","testcases.backoffice.settlement.AddManageSettlementTest","Surefire test","testcases.backoffice.settlement.AddManageSettlementTest","addManageSettlementWithEmptyBody"
"List Refund Menggunakan Login Marketing","1595","listRefundWithMarketingLogin","Surefire suite","Wed Oct 07 09:22:05 UTC 2026","passed","Wed Oct 07 09:22:06 UTC 2026","testcases.backoffice.ListRefundTest","Surefire test","testcases.backoffice.ListRefundTest","listRefundWithMarketingLogin"
"Create Manage Settlement BO Dengan companyId Format Tidak Valid (Bukan ObjectId)","1508","addManageSettlementWithMalformedCompanyId","Surefire suite","Wed Oct 07 08:28:18 UTC 2026","passed","Wed Oct 07 08:28:20 UTC 2026","testcases.backoffice.settlement.AddManageSettlementTest","Surefire test","testcases.backoffice.settlement.AddManageSettlementTest","addManageSettlementWithMalformedCompanyId"
"Get Balance Admin Crypto Transfer","2833","getBalanceAdminCrypto","Surefire suite","Wed Oct 07 08:05:29 UTC 2026","passed","Wed Oct 07 08:05:32 UTC 2026","testcases.balance.GetBalanceTransferTest","Surefire test","testcases.balance.GetBalanceTransferTest","getBalanceAdminCrypto"
"Request Refund Transfer Admin Crypto","1614","refundTransferAdminCrypto","Surefire suite","Wed Oct 07 08:07:25 UTC 2026","passed","Wed Oct 07 08:07:26 UTC 2026","testcases.transfer.RefundTransferTest","Surefire test","testcases.transfer.RefundTransferTest","refundTransferAdminCrypto"
"Mutasi USDT Transfer","11895","mutasiUSDTTransfer","Surefire suite","Wed Oct 07 09:40:31 UTC 2026","passed","Wed Oct 07 09:40:43 UTC 2026","testcases.mutasi.MutasiTransferTest","Surefire test","testcases.mutasi.MutasiTransferTest","mutasiUSDTTransfer"
"Get List Favorite Account Dengan Body Berupa JSON Array ([])","1457","getListFavoriteAccountWithArrayBody","Surefire suite","Wed Oct 07 09:45:54 UTC 2026","passed","Wed Oct 07 09:45:55 UTC 2026","testcases.settings.favoriteaccount.GetListFavoriteAccountTest","Surefire test","testcases.settings.favoriteaccount.GetListFavoriteAccountTest","getListFavoriteAccountWithArrayBody"
"Get List Group Backoffice Dengan Karakter SQL Injection pada sort","1590","getListGroupWithSqlInjectionSort","Surefire suite","Wed Oct 07 08:17:47 UTC 2026","passed","Wed Oct 07 08:17:48 UTC 2026","testcases.backoffice.group.GetListGroupTest","Surefire test","testcases.backoffice.group.GetListGroupTest","getListGroupWithSqlInjectionSort"
"List Waiting Company Backoffice Menggunakan Login Admin Crypto","1506","listWaitingCompanyWithAdminCryptoLogin","Surefire suite","Wed Oct 07 08:40:49 UTC 2026","passed","Wed Oct 07 08:40:51 UTC 2026","testcases.backoffice.ListWaitingCompanyTest","Surefire test","testcases.backoffice.ListWaitingCompanyTest","listWaitingCompanyWithAdminCryptoLogin"
"Get List Group Backoffice Dengan Token Tidak Valid","1459","getListGroupWithInvalidToken","Surefire suite","Wed Oct 07 08:16:49 UTC 2026","passed","Wed Oct 07 08:16:50 UTC 2026","testcases.backoffice.group.GetListGroupTest","Surefire test","testcases.backoffice.group.GetListGroupTest","getListGroupWithInvalidToken"
"Normal Transfer with Account Supervisor","10484","transferSupervisor","Surefire suite","Wed Oct 07 08:07:00 UTC 2026","failed","Wed Oct 07 08:07:11 UTC 2026","testcases.transfer.TransferTest","Surefire test","testcases.transfer.TransferTest","transferSupervisor"
"Delete Group Backoffice Dengan Body Berupa Literal null","1434","deleteGroupWithNullLiteralBody","Surefire suite","Wed Oct 07 08:14:42 UTC 2026","passed","Wed Oct 07 08:14:43 UTC 2026","testcases.backoffice.group.DeleteGroupTest","Surefire test","testcases.backoffice.group.DeleteGroupTest","deleteGroupWithNullLiteralBody"
"Login Backoffice dengan Username Tidak Terdaftar","2871","testLoginBackofficeNonExistentUsername","Surefire suite","Wed Oct 07 08:43:52 UTC 2026","passed","Wed Oct 07 08:43:55 UTC 2026","testcases.auth.LoginTest","Surefire test","testcases.auth.LoginTest","testLoginBackofficeNonExistentUsername"
"List Waiting Company Backoffice","1569","getListWaitingCompany","Surefire suite","Wed Oct 07 08:40:45 UTC 2026","passed","Wed Oct 07 08:40:46 UTC 2026","testcases.backoffice.ListWaitingCompanyTest","Surefire test","testcases.backoffice.ListWaitingCompanyTest","getListWaitingCompany"
"Delete Group Backoffice Menggunakan HTTP Method DELETE","1546","deleteGroupWithDeleteMethod","Surefire suite","Wed Oct 07 08:13:29 UTC 2026","passed","Wed Oct 07 08:13:31 UTC 2026","testcases.backoffice.group.DeleteGroupTest","Surefire test","testcases.backoffice.group.DeleteGroupTest","deleteGroupWithDeleteMethod"
"Get List Google Authenticator Menggunakan HTTP Method PATCH","1550","listOtpGoogleWithPatchMethod","Surefire suite","Wed Oct 07 08:36:46 UTC 2026","passed","Wed Oct 07 08:36:47 UTC 2026","testcases.backoffice.googleauth.ListOtpGoogleTest","Surefire test","testcases.backoffice.googleauth.ListOtpGoogleTest","listOtpGoogleWithPatchMethod"
"Generate Open QR Code Merchant","2295","generateOpenQRCode","Surefire suite","Wed Oct 07 08:34:59 UTC 2026","passed","Wed Oct 07 08:35:01 UTC 2026","testcases.QR.GenerateQRTest","Surefire test","testcases.QR.GenerateQRTest","generateOpenQRCode"
"Get List Group Company BO Menggunakan Login Admin Crypto","1566","getListGroupCompanyWithAdminCryptoLogin","Surefire suite","Wed Oct 07 08:29:58 UTC 2026","passed","Wed Oct 07 08:29:59 UTC 2026","testcases.backoffice.settlement.GetListGroupCompanyTest","Surefire test","testcases.backoffice.settlement.GetListGroupCompanyTest","getListGroupCompanyWithAdminCryptoLogin"
"List Company Backoffice Dengan Header Authorization Tanpa Skema Bearer","1465","listCompanyWithMalformedAuthorizationHeader","Surefire suite","Wed Oct 07 08:43:01 UTC 2026","passed","Wed Oct 07 08:43:02 UTC 2026","testcases.backoffice.ListCompanyTest","Surefire test","testcases.backoffice.ListCompanyTest","listCompanyWithMalformedAuthorizationHeader"
"Delete Group Backoffice Menggunakan Login Supervisor","1596","deleteGroupWithSupervisorLogin","Surefire suite","Wed Oct 07 08:14:59 UTC 2026","passed","Wed Oct 07 08:15:01 UTC 2026","testcases.backoffice.group.DeleteGroupTest","Surefire test","testcases.backoffice.group.DeleteGroupTest","deleteGroupWithSupervisorLogin"
"Transfer Different Partner Reference, USDT Transfer to Transfer","10460","trfPartnerRefSpecialFailed","Surefire suite","Wed Oct 07 08:07:57 UTC 2026","skipped","Wed Oct 07 08:08:07 UTC 2026","testcases.transfer.TransferUSDTTest","Surefire test","testcases.transfer.TransferUSDTTest","trfPartnerRefSpecialFailed"
"Add Group Backoffice Dengan flagLock Bertipe String","1542","addGroupWithFlagLockAsString","Surefire suite","Wed Oct 07 08:08:55 UTC 2026","passed","Wed Oct 07 08:08:57 UTC 2026","testcases.backoffice.group.AddGroupTest","Surefire test","testcases.backoffice.group.AddGroupTest","addGroupWithFlagLockAsString"
"Refund Summary Dengan Header pbyv Salah","1507","getRefundWithWrongPbyvHeader","Surefire suite","Wed Oct 07 08:40:00 UTC 2026","passed","Wed Oct 07 08:40:01 UTC 2026","testcases.backoffice.refund.GetRefundTest","Surefire test","testcases.backoffice.refund.GetRefundTest","getRefundWithWrongPbyvHeader"
"Add Group Backoffice Menggunakan HTTP Method PUT","1538","addGroupWithPutMethod","Surefire suite","Wed Oct 07 08:09:58 UTC 2026","passed","Wed Oct 07 08:10:00 UTC 2026","testcases.backoffice.group.AddGroupTest","Surefire test","testcases.backoffice.group.AddGroupTest","addGroupWithPutMethod"
"Test Rejected Manual Transfer Supervisor","9101","rejectedCashDepositSupervisor","Surefire suite","Wed Oct 07 09:10:10 UTC 2026","passed","Wed Oct 07 09:10:20 UTC 2026","testcases.backoffice.ApprovalTransferTest","Surefire test","testcases.backoffice.ApprovalTransferTest","rejectedCashDepositSupervisor"
"Add Currency USDT Backoffice","7567","addCurrencyBO","Surefire suite","Wed Oct 07 09:14:20 UTC 2026","passed","Wed Oct 07 09:14:28 UTC 2026","testcases.backoffice.currency.AddCurrencyTest","Surefire test","testcases.backoffice.currency.AddCurrencyTest","addCurrencyBO"
"Success Login Merchant","2935","testLoginWithCaptcha","Surefire suite","Wed Oct 07 08:11:15 UTC 2026","passed","Wed Oct 07 08:11:18 UTC 2026","testcases.auth.LoginTest","Surefire test","testcases.auth.LoginTest","testLoginWithCaptcha"
"Created Favorite Account Tanpa Field pin","1460","createdFavoriteAccountWithoutPinField","Surefire suite","Wed Oct 07 08:37:10 UTC 2026","failed","Wed Oct 07 08:37:12 UTC 2026","testcases.settings.favoriteaccount.CreatedFavoriteAccountTest","Surefire test","testcases.settings.favoriteaccount.CreatedFavoriteAccountTest","createdFavoriteAccountWithoutPinField"
"Resend Google Authenticator Dengan email Berupa Angka (Bukan String)","1427","resendOtpGoogleWithNumericEmail","Surefire suite","Wed Oct 07 08:40:31 UTC 2026","passed","Wed Oct 07 08:40:32 UTC 2026","testcases.backoffice.googleauth.ResendOtpGoogleTest","Surefire test","testcases.backoffice.googleauth.ResendOtpGoogleTest","resendOtpGoogleWithNumericEmail"
"Add User Backoffice Dengan email Bernilai null","1595","addMerchantBackofficeWithNullEmailValue","Surefire suite","Wed Oct 07 08:06:34 UTC 2026","passed","Wed Oct 07 08:06:36 UTC 2026","testcases.backoffice.users.AddUserTest","Surefire test","testcases.backoffice.users.AddUserTest","addMerchantBackofficeWithNullEmailValue"
"Inquiry Test Special Transfer Merchant","10441","inquirySpecialTransfer","Surefire suite","Wed Oct 07 08:08:37 UTC 2026","failed","Wed Oct 07 08:08:48 UTC 2026","testcases.transfer.InquirySpecialTransferTest","Surefire test","testcases.transfer.InquirySpecialTransferTest","inquirySpecialTransfer"
"Create Manage Settlement BO Dengan Body JSON Tidak Valid (Malformed)","1437","addManageSettlementWithMalformedJson","Surefire suite","Wed Oct 07 08:28:23 UTC 2026","passed","Wed Oct 07 08:28:24 UTC 2026","testcases.backoffice.settlement.AddManageSettlementTest","Surefire test","testcases.backoffice.settlement.AddManageSettlementTest","addManageSettlementWithMalformedJson"
"Normal Transfer USDT Success Admin Crypto","3685","usdtTransferAdminCrypto","Surefire suite","Wed Oct 07 08:05:40 UTC 2026","passed","Wed Oct 07 08:05:43 UTC 2026","testcases.transfer.TransferUSDTTest","Surefire test","testcases.transfer.TransferUSDTTest","usdtTransferAdminCrypto"
"Mutasi Manual Transfer Balance","15152","mutasiManualTransferBalance","Surefire suite","Wed Oct 07 09:35:25 UTC 2026","passed","Wed Oct 07 09:35:40 UTC 2026","testcases.mutasi.MutasiTransferTest","Surefire test","testcases.mutasi.MutasiTransferTest","mutasiManualTransferBalance"
"Refund Summary Dengan startDate null","1500","getRefundWithNullStartDate","Surefire suite","Wed Oct 07 08:39:10 UTC 2026","passed","Wed Oct 07 08:39:12 UTC 2026","testcases.backoffice.refund.GetRefundTest","Surefire test","testcases.backoffice.refund.GetRefundTest","getRefundWithNullStartDate"
"Get List Google Authenticator Dengan Token Backoffice Valid Tapi Tanpa Header pbyv","1425","listOtpGoogleWithoutPbyvHeader","Surefire suite","Wed Oct 07 08:37:27 UTC 2026","passed","Wed Oct 07 08:37:28 UTC 2026","testcases.backoffice.googleauth.ListOtpGoogleTest","Surefire test","testcases.backoffice.googleauth.ListOtpGoogleTest","listOtpGoogleWithoutPbyvHeader"
"Get List Group Company BO Tanpa Header groupName","5799","getListGroupCompanyWithoutGroupNameHeader","Surefire suite","Wed Oct 07 08:31:46 UTC 2026","passed","Wed Oct 07 08:31:52 UTC 2026","testcases.backoffice.settlement.GetListGroupCompanyTest","Surefire test","testcases.backoffice.settlement.GetListGroupCompanyTest","getListGroupCompanyWithoutGroupNameHeader"
"Get History QR","10573","historyQRTest","Surefire suite","Wed Oct 07 08:32:52 UTC 2026","passed","Wed Oct 07 08:33:02 UTC 2026","testcases.history.HistoryQRTest","Surefire test","testcases.history.HistoryQRTest","historyQRTest"
"Add User Backoffice Dengan Format email Tidak Valid","1532","addMerchantBackofficeWithInvalidEmailFormat","Surefire suite","Wed Oct 07 08:06:16 UTC 2026","passed","Wed Oct 07 08:06:18 UTC 2026","testcases.backoffice.users.AddUserTest","Surefire test","testcases.backoffice.users.AddUserTest","addMerchantBackofficeWithInvalidEmailFormat"
"Get List Google Authenticator Dengan Ukuran Halaman Sangat Besar","1501","listOtpGoogleWithHugeSize","Surefire suite","Wed Oct 07 08:35:56 UTC 2026","passed","Wed Oct 07 08:35:58 UTC 2026","testcases.backoffice.googleauth.ListOtpGoogleTest","Surefire test","testcases.backoffice.googleauth.ListOtpGoogleTest","listOtpGoogleWithHugeSize"
"Test Get Report Transfer Merchant","7955","getReportTransferAdmin","Surefire suite","Wed Oct 07 08:06:00 UTC 2026","failed","Wed Oct 07 08:06:08 UTC 2026","testcases.report.ReportTransactionTest","Surefire test","testcases.report.ReportTransactionTest","getReportTransferAdmin"
"Mutasi Transfer CS","5716","mutasiTransferCS","Surefire suite","Wed Oct 07 09:39:42 UTC 2026","passed","Wed Oct 07 09:39:48 UTC 2026","testcases.mutasi.MutasiTransferTest","Surefire test","testcases.mutasi.MutasiTransferTest","mutasiTransferCS"
"List Currency USDT Dengan Ukuran Halaman Sangat Besar","1894","getCurrencyWithHugeSize","Surefire suite","Wed Oct 07 08:22:54 UTC 2026","passed","Wed Oct 07 08:22:56 UTC 2026","testcases.backoffice.currency.GetCurrencyTest","Surefire test","testcases.backoffice.currency.GetCurrencyTest","getCurrencyWithHugeSize"
"Get Group Detail Backoffice Dengan Group Id Berisi Spasi","1458","getGroupDetailWithWhitespaceId","Surefire suite","Wed Oct 07 08:12:35 UTC 2026","passed","Wed Oct 07 08:12:36 UTC 2026","testcases.backoffice.group.GetGroupTest","Surefire test","testcases.backoffice.group.GetGroupTest","getGroupDetailWithWhitespaceId"
"Inquiry Test Special Transfer Merchant Supervisor","10708","inquirySpecialTransferSupervisor","Surefire suite","Wed Oct 07 08:06:05 UTC 2026","failed","Wed Oct 07 08:06:16 UTC 2026","testcases.transfer.InquirySpecialTransferTest","Surefire test","testcases.transfer.InquirySpecialTransferTest","inquirySpecialTransferSupervisor"
"Test Approve Special Transfer Supervisor dengan check Fee di Admin Fee","10691","approvedSpecialTransferSupervisorBalance","Surefire suite","Wed Oct 07 09:07:21 UTC 2026","passed","Wed Oct 07 09:07:31 UTC 2026","testcases.backoffice.ApprovalTransferTest","Surefire test","testcases.backoffice.ApprovalTransferTest","approvedSpecialTransferSupervisorBalance"
"Get History Manual Transfer Test Admin Crypto","4959","historyManualTransferTestAdminCrypto","Surefire suite","Wed Oct 07 09:27:46 UTC 2026","passed","Wed Oct 07 09:27:51 UTC 2026","testcases.history.HistoryTransferTest","Surefire test","testcases.history.HistoryTransferTest","historyManualTransferTestAdminCrypto"
"Get Detail Waiting Company Backoffice Dengan Id yang Tidak Ada","1632","getDetailWaitingCompanyWithNonExistentId","Surefire suite","Wed Oct 07 08:06:32 UTC 2026","passed","Wed Oct 07 08:06:34 UTC 2026","testcases.backoffice.GetDetailWaitingCompanyTest","Surefire test","testcases.backoffice.GetDetailWaitingCompanyTest","getDetailWaitingCompanyWithNonExistentId"
"List Manage Settlement Backoffice Dengan Karakter SQL Injection pada Field Param","1445","listManageSettlementWithSqlInjectionParam","Surefire suite","Wed Oct 07 08:35:12 UTC 2026","passed","Wed Oct 07 08:35:14 UTC 2026","testcases.backoffice.settlement.ManageSettlementTest","Surefire test","testcases.backoffice.settlement.ManageSettlementTest","listManageSettlementWithSqlInjectionParam"
"Add User Backoffice Dengan Token Kadaluarsa","1568","addMerchantBackofficeWithExpiredToken","Surefire suite","Wed Oct 07 08:06:07 UTC 2026","passed","Wed Oct 07 08:06:08 UTC 2026","testcases.backoffice.users.AddUserTest","Surefire test","testcases.backoffice.users.AddUserTest","addMerchantBackofficeWithExpiredToken"
"List Refund Dengan Page/Size Negatif - Menemukan Bug Internal Server Error","1569","listRefundWithNegativePageSize","Surefire suite","Wed Oct 07 09:22:14 UTC 2026","passed","Wed Oct 07 09:22:15 UTC 2026","testcases.backoffice.ListRefundTest","Surefire test","testcases.backoffice.ListRefundTest","listRefundWithNegativePageSize"
"Mutasi Special Transfer Balance Supervisor CS","10361","mutasiSpecialTransferBalanceSupervisorCS","Surefire suite","Wed Oct 07 09:38:17 UTC 2026","passed","Wed Oct 07 09:38:27 UTC 2026","testcases.mutasi.MutasiTransferTest","Surefire test","testcases.mutasi.MutasiTransferTest","mutasiSpecialTransferBalanceSupervisorCS"
"Get History QR Admin Success Paid","5129","historyQRTestPaidAdmin","Surefire suite","Wed Oct 07 08:46:21 UTC 2026","broken","Wed Oct 07 08:46:26 UTC 2026","testcases.history.HistoryQRTest","Surefire test","testcases.history.HistoryQRTest","historyQRTestPaidAdmin"
"Create Manage Settlement BO Tanpa Field groupName","1498","addManageSettlementWithoutGroupName","Surefire suite","Wed Oct 07 08:29:44 UTC 2026","passed","Wed Oct 07 08:29:46 UTC 2026","testcases.backoffice.settlement.AddManageSettlementTest","Surefire test","testcases.backoffice.settlement.AddManageSettlementTest","addManageSettlementWithoutGroupName"
"Delete Favorite Account Menggunakan HTTP Method DELETE","1398","deleteFavoriteAccountWithDeleteMethod","Surefire suite","Wed Oct 07 08:12:45 UTC 2026","passed","Wed Oct 07 08:12:46 UTC 2026","testcases.settings.favoriteaccount.DeleteFavoriteAccountTest","Surefire test","testcases.settings.favoriteaccount.DeleteFavoriteAccountTest","deleteFavoriteAccountWithDeleteMethod"
"Test Rejected Special Transfer","5854","rejectedSpecialTransfer","Surefire suite","Wed Oct 07 09:10:23 UTC 2026","passed","Wed Oct 07 09:10:28 UTC 2026","testcases.backoffice.ApprovalTransferTest","Surefire test","testcases.backoffice.ApprovalTransferTest","rejectedSpecialTransfer"
"Get List Favorite Account Dengan Field Tidak Dikenal pada Body","1619","getListFavoriteAccountWithUnknownField","Surefire suite","Wed Oct 07 09:47:07 UTC 2026","passed","Wed Oct 07 09:47:08 UTC 2026","testcases.settings.favoriteaccount.GetListFavoriteAccountTest","Surefire test","testcases.settings.favoriteaccount.GetListFavoriteAccountTest","getListFavoriteAccountWithUnknownField"
"Inquiry Favorite Account Dengan beneficiaryAccountNo Tidak Pernah Ada","1422","inquiryFavoriteAccountWithNonExistentBeneficiaryAccountNo","Surefire suite","Wed Oct 07 08:37:59 UTC 2026","failed","Wed Oct 07 08:38:00 UTC 2026","testcases.settings.favoriteaccount.InquiryFavoriteAccountTest","Surefire test","testcases.settings.favoriteaccount.InquiryFavoriteAccountTest","inquiryFavoriteAccountWithNonExistentBeneficiaryAccountNo"
"Mutasi Transfer","4968","mutasiTransferAdminCrypto","Surefire suite","Wed Oct 07 09:39:14 UTC 2026","passed","Wed Oct 07 09:39:19 UTC 2026","testcases.mutasi.MutasiTransferTest","Surefire test","testcases.mutasi.MutasiTransferTest","mutasiTransferAdminCrypto"
"Create Manage Settlement BO Menggunakan Login Admin Crypto","1543","addManageSettlementWithAdminCryptoLogin","Surefire suite","Wed Oct 07 08:27:06 UTC 2026","passed","Wed Oct 07 08:27:08 UTC 2026","testcases.backoffice.settlement.AddManageSettlementTest","Surefire test","testcases.backoffice.settlement.AddManageSettlementTest","addManageSettlementWithAdminCryptoLogin"
"Get List Google Authenticator Dengan Body JSON Tidak Valid (Malformed)","1446","listOtpGoogleWithMalformedJson","Surefire suite","Wed Oct 07 08:36:19 UTC 2026","passed","Wed Oct 07 08:36:20 UTC 2026","testcases.backoffice.googleauth.ListOtpGoogleTest","Surefire test","testcases.backoffice.googleauth.ListOtpGoogleTest","listOtpGoogleWithMalformedJson"
"Delete Group Backoffice","4719","deleteGroupBO","Surefire suite","Wed Oct 07 08:12:59 UTC 2026","passed","Wed Oct 07 08:13:04 UTC 2026","testcases.backoffice.group.DeleteGroupTest","Surefire test","testcases.backoffice.group.DeleteGroupTest","deleteGroupBO"
"Get List Favorite Account Dengan page Melebihi Total Halaman","1534","getListFavoriteAccountWithPageBeyondTotalPages","Surefire suite","Wed Oct 07 09:46:44 UTC 2026","passed","Wed Oct 07 09:46:45 UTC 2026","testcases.settings.favoriteaccount.GetListFavoriteAccountTest","Surefire test","testcases.settings.favoriteaccount.GetListFavoriteAccountTest","getListFavoriteAccountWithPageBeyondTotalPages"
"Transfer Success with before and after Balanced","6887","transferBalance","Surefire suite","Wed Oct 07 08:05:32 UTC 2026","failed","Wed Oct 07 08:05:39 UTC 2026","testcases.transfer.TransferTest","Surefire test","testcases.transfer.TransferTest","transferBalance"
"Create Manage Settlement BO Dengan groupName Kosong","1574","addManageSettlementWithEmptyGroupName","Surefire suite","Wed Oct 07 08:27:51 UTC 2026","passed","Wed Oct 07 08:27:53 UTC 2026","testcases.backoffice.settlement.AddManageSettlementTest","Surefire test","testcases.backoffice.settlement.AddManageSettlementTest","addManageSettlementWithEmptyGroupName"
"Get Detail Waiting Company Backoffice Dengan Id Berisi Karakter SQL Injection","1474","getDetailWaitingCompanyWithSqlInjectionId","Surefire suite","Wed Oct 07 08:06:56 UTC 2026","passed","Wed Oct 07 08:06:57 UTC 2026","testcases.backoffice.GetDetailWaitingCompanyTest","Surefire test","testcases.backoffice.GetDetailWaitingCompanyTest","getDetailWaitingCompanyWithSqlInjectionId"
"Delete Google Authenticator Dengan id Valid Secara Format Tapi Tidak Ada","1458","deleteOtpGoogleWithNonExistentId","Surefire suite","Wed Oct 07 08:19:45 UTC 2026","passed","Wed Oct 07 08:19:46 UTC 2026","testcases.backoffice.googleauth.DeleteOtpGoogleTest","Surefire test","testcases.backoffice.googleauth.DeleteOtpGoogleTest","deleteOtpGoogleWithNonExistentId"
"List Manage Settlement Backoffice Dengan Body Berupa JSON Array ([])","1473","listManageSettlementWithArrayBody","Surefire suite","Wed Oct 07 08:33:30 UTC 2026","passed","Wed Oct 07 08:33:32 UTC 2026","testcases.backoffice.settlement.ManageSettlementTest","Surefire test","testcases.backoffice.settlement.ManageSettlementTest","listManageSettlementWithArrayBody"
"Delete Google Authenticator Dengan id Berisi Payload XSS","1756","deleteOtpGoogleWithXssId","Surefire suite","Wed Oct 07 08:20:26 UTC 2026","passed","Wed Oct 07 08:20:28 UTC 2026","testcases.backoffice.googleauth.DeleteOtpGoogleTest","Surefire test","testcases.backoffice.googleauth.DeleteOtpGoogleTest","deleteOtpGoogleWithXssId"
"Get List Group Backoffice Dengan Body Kosong ({})","1620","getListGroupWithEmptyBody","Surefire suite","Wed Oct 07 08:16:26 UTC 2026","passed","Wed Oct 07 08:16:27 UTC 2026","testcases.backoffice.group.GetListGroupTest","Surefire test","testcases.backoffice.group.GetListGroupTest","getListGroupWithEmptyBody"
"List Waiting Company Backoffice Dengan Body JSON Tidak Valid (Malformed)","1561","listWaitingCompanyWithMalformedJson","Surefire suite","Wed Oct 07 08:41:34 UTC 2026","passed","Wed Oct 07 08:41:36 UTC 2026","testcases.backoffice.ListWaitingCompanyTest","Surefire test","testcases.backoffice.ListWaitingCompanyTest","listWaitingCompanyWithMalformedJson"
"Get Detail User Backoffice Menggunakan Login Merchant","4652","getUsersWithMerchantLogin","Surefire suite","Wed Oct 07 08:33:24 UTC 2026","passed","Wed Oct 07 08:33:28 UTC 2026","testcases.backoffice.users.ListUsersTest","Surefire test","testcases.backoffice.users.ListUsersTest","getUsersWithMerchantLogin"
"Get Notification Sender Menggunakan HTTP Method PATCH","1402","getNotificationSenderWithPatchMethod","Surefire suite","Wed Oct 07 08:38:02 UTC 2026","passed","Wed Oct 07 08:38:04 UTC 2026","testcases.backoffice.notifsender.NotificationSenderTest","Surefire test","testcases.backoffice.notifsender.NotificationSenderTest","getNotificationSenderWithPatchMethod"
"Get Notification Sender Dengan Body Berupa JSON Array ([])","1445","getNotificationSenderWithArrayBody","Surefire suite","Wed Oct 07 08:36:11 UTC 2026","passed","Wed Oct 07 08:36:12 UTC 2026","testcases.backoffice.notifsender.NotificationSenderTest","Surefire test","testcases.backoffice.notifsender.NotificationSenderTest","getNotificationSenderWithArrayBody"
"Add Group Ke Path yang Tidak Ada (Typo)","1486","addGroupWithWrongPath","Surefire suite","Wed Oct 07 08:10:30 UTC 2026","passed","Wed Oct 07 08:10:32 UTC 2026","testcases.backoffice.group.AddGroupTest","Surefire test","testcases.backoffice.group.AddGroupTest","addGroupWithWrongPath"
"Generate QR Success with before and after Balance","12430","generateQRBalanceFeeMarketing","Surefire suite","Wed Oct 07 08:11:54 UTC 2026","passed","Wed Oct 07 08:12:06 UTC 2026","testcases.QR.GenerateQRPaidTest","Surefire test","testcases.QR.GenerateQRPaidTest","generateQRBalanceFeeMarketing"
"Mutasi Manual Transfer Balance","17151","mutasiManualTransferBalanceSupervisor","Surefire suite","Wed Oct 07 09:36:03 UTC 2026","passed","Wed Oct 07 09:36:21 UTC 2026","testcases.mutasi.MutasiTransferTest","Surefire test","testcases.mutasi.MutasiTransferTest","mutasiManualTransferBalanceSupervisor"
"Get List Group Backoffice Dengan Header pbyv Salah","1478","getListGroupWithWrongPbyvHeader","Surefire suite","Wed Oct 07 08:18:10 UTC 2026","passed","Wed Oct 07 08:18:11 UTC 2026","testcases.backoffice.group.GetListGroupTest","Surefire test","testcases.backoffice.group.GetListGroupTest","getListGroupWithWrongPbyvHeader"
"Resend Google Authenticator Menggunakan Login Supervisor","1414","resendOtpGoogleWithSupervisorLogin","Surefire suite","Wed Oct 07 08:40:53 UTC 2026","passed","Wed Oct 07 08:40:54 UTC 2026","testcases.backoffice.googleauth.ResendOtpGoogleTest","Surefire test","testcases.backoffice.googleauth.ResendOtpGoogleTest","resendOtpGoogleWithSupervisorLogin"
"Get History Transfer Test","5964","historyTransferTest","Surefire suite","Wed Oct 07 09:29:48 UTC 2026","passed","Wed Oct 07 09:29:54 UTC 2026","testcases.history.HistoryTransferTest","Surefire test","testcases.history.HistoryTransferTest","historyTransferTest"
"Delete Group Backoffice Dengan Token Backoffice Valid Tapi Tanpa Header pbyv","1565","deleteGroupWithoutPbyvHeader","Surefire suite","Wed Oct 07 08:15:50 UTC 2026","passed","Wed Oct 07 08:15:51 UTC 2026","testcases.backoffice.group.DeleteGroupTest","Surefire test","testcases.backoffice.group.DeleteGroupTest","deleteGroupWithoutPbyvHeader"
"Delete Google Authenticator Dengan id Milik Entitas Lain (Group Id)","1506","deleteOtpGoogleWithForeignEntityId","Surefire suite","Wed Oct 07 08:19:18 UTC 2026","passed","Wed Oct 07 08:19:19 UTC 2026","testcases.backoffice.googleauth.DeleteOtpGoogleTest","Surefire test","testcases.backoffice.googleauth.DeleteOtpGoogleTest","deleteOtpGoogleWithForeignEntityId"
"Mutasi Manual Transfer CS","11978","mutasiManualTransferCS","Surefire suite","Wed Oct 07 09:36:40 UTC 2026","passed","Wed Oct 07 09:36:52 UTC 2026","testcases.mutasi.MutasiTransferTest","Surefire test","testcases.mutasi.MutasiTransferTest","mutasiManualTransferCS"
"Get List Google Authenticator","1509","getListOtpGoogle","Surefire suite","Wed Oct 07 08:35:06 UTC 2026","passed","Wed Oct 07 08:35:07 UTC 2026","testcases.backoffice.googleauth.ListOtpGoogleTest","Surefire test","testcases.backoffice.googleauth.ListOtpGoogleTest","getListOtpGoogle"
"Reset Password Customer Service","1975","resetPasswordCS","Surefire suite","Wed Oct 07 08:06:22 UTC 2026","passed","Wed Oct 07 08:06:24 UTC 2026","testcases.settings.ResetPasswordTest","Surefire test","testcases.settings.ResetPasswordTest","resetPasswordCS"
"Delete Favorite Account Dengan Body JSON Tidak Valid (Malformed)","1442","deleteFavoriteAccountWithMalformedJson","Surefire suite","Wed Oct 07 08:17:30 UTC 2026","passed","Wed Oct 07 08:17:32 UTC 2026","testcases.settings.favoriteaccount.DeleteFavoriteAccountTest","Surefire test","testcases.settings.favoriteaccount.DeleteFavoriteAccountTest","deleteFavoriteAccountWithMalformedJson"
"Delete Group Backoffice Dengan id Bertipe Angka (Bukan String)","1468","deleteGroupWithIdAsNumber","Surefire suite","Wed Oct 07 08:13:56 UTC 2026","passed","Wed Oct 07 08:13:58 UTC 2026","testcases.backoffice.group.DeleteGroupTest","Surefire test","testcases.backoffice.group.DeleteGroupTest","deleteGroupWithIdAsNumber"
"Refund Summary Backoffice","1558","getRefundSummaryBO","Surefire suite","Wed Oct 07 08:37:31 UTC 2026","passed","Wed Oct 07 08:37:33 UTC 2026","testcases.backoffice.refund.GetRefundTest","Surefire test","testcases.backoffice.refund.GetRefundTest","getRefundSummaryBO"
"Get List Group Company BO Dengan Header Authorization Tanpa Skema Bearer","1449","getListGroupCompanyWithMalformedAuthorizationHeader","Surefire suite","Wed Oct 07 08:30:38 UTC 2026","passed","Wed Oct 07 08:30:40 UTC 2026","testcases.backoffice.settlement.GetListGroupCompanyTest","Surefire test","testcases.backoffice.settlement.GetListGroupCompanyTest","getListGroupCompanyWithMalformedAuthorizationHeader"
"Get Group Detail Backoffice Dengan Token Kadaluarsa","1525","getGroupDetailWithExpiredToken","Surefire suite","Wed Oct 07 08:11:24 UTC 2026","passed","Wed Oct 07 08:11:26 UTC 2026","testcases.backoffice.group.GetGroupTest","Surefire test","testcases.backoffice.group.GetGroupTest","getGroupDetailWithExpiredToken"
"List Manage Settlement Backoffice Dengan Body Berupa Literal null","1441","listManageSettlementWithNullLiteralBody","Surefire suite","Wed Oct 07 08:34:59 UTC 2026","passed","Wed Oct 07 08:35:00 UTC 2026","testcases.backoffice.settlement.ManageSettlementTest","Surefire test","testcases.backoffice.settlement.ManageSettlementTest","listManageSettlementWithNullLiteralBody"
"List Waiting Company Backoffice Dengan Body Berupa JSON Array ([])","1461","listWaitingCompanyWithArrayBody","Surefire suite","Wed Oct 07 08:40:54 UTC 2026","passed","Wed Oct 07 08:40:55 UTC 2026","testcases.backoffice.ListWaitingCompanyTest","Surefire test","testcases.backoffice.ListWaitingCompanyTest","listWaitingCompanyWithArrayBody"
"","1515","listUSDT","Surefire suite","Wed Oct 07 08:07:55 UTC 2026","passed","Wed Oct 07 08:07:56 UTC 2026","testcases.backoffice.ListTransferTest","Surefire test","testcases.backoffice.ListTransferTest","listUSDT"
"Get List Google Authenticator Ke Path yang Tidak Ada (Typo)","1769","listOtpGoogleWithWrongPath","Surefire suite","Wed Oct 07 08:37:13 UTC 2026","passed","Wed Oct 07 08:37:15 UTC 2026","testcases.backoffice.googleauth.ListOtpGoogleTest","Surefire test","testcases.backoffice.googleauth.ListOtpGoogleTest","listOtpGoogleWithWrongPath"
"Inquiry Favorite Account Dengan Field Tidak Dikenal pada Body","1443","inquiryFavoriteAccountWithUnknownField","Surefire suite","Wed Oct 07 08:38:21 UTC 2026","failed","Wed Oct 07 08:38:23 UTC 2026","testcases.settings.favoriteaccount.InquiryFavoriteAccountTest","Surefire test","testcases.settings.favoriteaccount.InquiryFavoriteAccountTest","inquiryFavoriteAccountWithUnknownField"
"List Currency USDT Dengan Token Backoffice Valid Tapi Tanpa Header pbyv","1511","getCurrencyWithoutPbyvHeader","Surefire suite","Wed Oct 07 08:24:34 UTC 2026","passed","Wed Oct 07 08:24:36 UTC 2026","testcases.backoffice.currency.GetCurrencyTest","Surefire test","testcases.backoffice.currency.GetCurrencyTest","getCurrencyWithoutPbyvHeader"
"Inquiry Favorite Account Tanpa Field beneficiaryBankCode","1399","inquiryFavoriteAccountWithoutBeneficiaryBankCodeField","Surefire suite","Wed Oct 07 08:38:52 UTC 2026","failed","Wed Oct 07 08:38:54 UTC 2026","testcases.settings.favoriteaccount.InquiryFavoriteAccountTest","Surefire test","testcases.settings.favoriteaccount.InquiryFavoriteAccountTest","inquiryFavoriteAccountWithoutBeneficiaryBankCodeField"
"Get Notification Sender Dengan pinValidasi Berisi Karakter SQL Injection","1528","getNotificationSenderWithSqlInjectionPinValidasi","Surefire suite","Wed Oct 07 08:38:16 UTC 2026","passed","Wed Oct 07 08:38:18 UTC 2026","testcases.backoffice.notifsender.NotificationSenderTest","Surefire test","testcases.backoffice.notifsender.NotificationSenderTest","getNotificationSenderWithSqlInjectionPinValidasi"
"Delete Manage Settlement BO Menggunakan Login Admin","1548","deleteManageSettlementWithAdminLogin","Surefire suite","Wed Oct 07 08:24:51 UTC 2026","passed","Wed Oct 07 08:24:52 UTC 2026","testcases.backoffice.settlement.DeleteManageSettlementTest","Surefire test","testcases.backoffice.settlement.DeleteManageSettlementTest","deleteManageSettlementWithAdminLogin"
"Get History Transfer Test Supervisor","5823","historyTransferTestSupervisor","Surefire suite","Wed Oct 07 09:30:25 UTC 2026","passed","Wed Oct 07 09:30:31 UTC 2026","testcases.history.HistoryTransferTest","Surefire test","testcases.history.HistoryTransferTest","historyTransferTestSupervisor"
"List Company Backoffice Menggunakan Login CS Admin","1602","listCompanyWithCSAdminLogin","Surefire suite","Wed Oct 07 08:42:28 UTC 2026","passed","Wed Oct 07 08:42:30 UTC 2026","testcases.backoffice.ListCompanyTest","Surefire test","testcases.backoffice.ListCompanyTest","listCompanyWithCSAdminLogin"
"Add User Backoffice Dengan Body Berupa Array","1449","addMerchantBackofficeWithArrayBody","Surefire suite","Wed Oct 07 08:05:37 UTC 2026","passed","Wed Oct 07 08:05:39 UTC 2026","testcases.backoffice.users.AddUserTest","Surefire test","testcases.backoffice.users.AddUserTest","addMerchantBackofficeWithArrayBody"
"Add Group Backoffice Dengan Content-Type text/plain","1543","addGroupWithWrongContentType","Surefire suite","Wed Oct 07 08:10:26 UTC 2026","passed","Wed Oct 07 08:10:27 UTC 2026","testcases.backoffice.group.AddGroupTest","Surefire test","testcases.backoffice.group.AddGroupTest","addGroupWithWrongContentType"
"List Currency USDT Dengan Page/Size Negatif","1571","getCurrencyWithNegativePageSize","Surefire suite","Wed Oct 07 08:23:35 UTC 2026","passed","Wed Oct 07 08:23:37 UTC 2026","testcases.backoffice.currency.GetCurrencyTest","Surefire test","testcases.backoffice.currency.GetCurrencyTest","getCurrencyWithNegativePageSize"
"Get Group Backoffice Tanpa Login/Header Auth","1520","getGroupWithoutAuth","Surefire suite","Wed Oct 07 08:21:43 UTC 2026","passed","Wed Oct 07 08:21:44 UTC 2026","testcases.backoffice.GetDashboardTest","Surefire test","testcases.backoffice.GetDashboardTest","getGroupWithoutAuth"
"List Refund Dengan Karakter SQL Injection pada Field Param - Menemukan Bug Internal Server Error","1665","listRefundWithSqlInjectionParam","Surefire suite","Wed Oct 07 09:22:18 UTC 2026","passed","Wed Oct 07 09:22:20 UTC 2026","testcases.backoffice.ListRefundTest","Surefire test","testcases.backoffice.ListRefundTest","listRefundWithSqlInjectionParam"
"Transfer Different Parner Reference Supervisor, Special Transfer to Transfer","10381","trfPartnerRefSpecialSpvFailed","Surefire suite","Wed Oct 07 08:07:27 UTC 2026","skipped","Wed Oct 07 08:07:38 UTC 2026","testcases.transfer.TransferTest","Surefire test","testcases.transfer.TransferTest","trfPartnerRefSpecialSpvFailed"
"Get List Group Backoffice Dengan Header Authorization Tanpa Skema Bearer","1424","getListGroupWithMalformedAuthorizationHeader","Surefire suite","Wed Oct 07 08:16:53 UTC 2026","passed","Wed Oct 07 08:16:55 UTC 2026","testcases.backoffice.group.GetListGroupTest","Surefire test","testcases.backoffice.group.GetListGroupTest","getListGroupWithMalformedAuthorizationHeader"
"Delete Group Backoffice Dengan Body Berupa JSON Array ([])","1542","deleteGroupWithArrayBody","Surefire suite","Wed Oct 07 08:13:16 UTC 2026","passed","Wed Oct 07 08:13:17 UTC 2026","testcases.backoffice.group.DeleteGroupTest","Surefire test","testcases.backoffice.group.DeleteGroupTest","deleteGroupWithArrayBody"
"Resend Google Authenticator Dengan Token Kadaluarsa","1404","resendOtpGoogleWithExpiredToken","Surefire suite","Wed Oct 07 08:39:42 UTC 2026","passed","Wed Oct 07 08:39:43 UTC 2026","testcases.backoffice.googleauth.ResendOtpGoogleTest","Surefire test","testcases.backoffice.googleauth.ResendOtpGoogleTest","resendOtpGoogleWithExpiredToken"
"Get List Google Authenticator Menggunakan HTTP Method GET","1474","listOtpGoogleWithGetMethod","Surefire suite","Wed Oct 07 08:35:52 UTC 2026","passed","Wed Oct 07 08:35:53 UTC 2026","testcases.backoffice.googleauth.ListOtpGoogleTest","Surefire test","testcases.backoffice.googleauth.ListOtpGoogleTest","listOtpGoogleWithGetMethod"
"Reset Pin Group","5102","resetPinGroup","Surefire suite","Wed Oct 07 08:05:31 UTC 2026","passed","Wed Oct 07 08:05:36 UTC 2026","testcases.settings.ResetPinTest","Surefire test","testcases.settings.ResetPinTest","resetPinGroup"
"Get Notification Sender Dengan Field Tidak Dikenal pada Body","2094","getNotificationSenderWithUnknownField","Surefire suite","Wed Oct 07 08:38:25 UTC 2026","passed","Wed Oct 07 08:38:27 UTC 2026","testcases.backoffice.notifsender.NotificationSenderTest","Surefire test","testcases.backoffice.notifsender.NotificationSenderTest","getNotificationSenderWithUnknownField"
"Get Balance Marketing","2554","getBalanceMarketing","Surefire suite","Wed Oct 07 08:05:57 UTC 2026","passed","Wed Oct 07 08:05:59 UTC 2026","testcases.balance.GetBalanceQrisTest","Surefire test","testcases.balance.GetBalanceQrisTest","getBalanceMarketing"
"Add Group Backoffice Dengan Body Kosong ({})","1498","addGroupWithEmptyBody","Surefire suite","Wed Oct 07 08:08:33 UTC 2026","passed","Wed Oct 07 08:08:34 UTC 2026","testcases.backoffice.group.AddGroupTest","Surefire test","testcases.backoffice.group.AddGroupTest","addGroupWithEmptyBody"
"Add Group Backoffice Menggunakan HTTP Method DELETE","1577","addGroupWithDeleteMethod","Surefire suite","Wed Oct 07 08:08:10 UTC 2026","passed","Wed Oct 07 08:08:11 UTC 2026","testcases.backoffice.group.AddGroupTest","Surefire test","testcases.backoffice.group.AddGroupTest","addGroupWithDeleteMethod"
"Get Notification Sender Menggunakan Login Admin","1466","getNotificationSenderWithAdminLogin","Surefire suite","Wed Oct 07 08:36:06 UTC 2026","passed","Wed Oct 07 08:36:08 UTC 2026","testcases.backoffice.notifsender.NotificationSenderTest","Surefire test","testcases.backoffice.notifsender.NotificationSenderTest","getNotificationSenderWithAdminLogin"
"Inquiry Test Flop Transfer Merchant Supervisor","10903","inquiryFlopTransferSupervisor","Surefire suite","Wed Oct 07 08:05:52 UTC 2026","failed","Wed Oct 07 08:06:02 UTC 2026","testcases.transfer.InquiryFlopTransferTest","Surefire test","testcases.transfer.InquiryFlopTransferTest","inquiryFlopTransferSupervisor"
"Refund Summary Menggunakan Login Admin","1474","getRefundWithAdminLogin","Surefire suite","Wed Oct 07 08:37:40 UTC 2026","passed","Wed Oct 07 08:37:42 UTC 2026","testcases.backoffice.refund.GetRefundTest","Surefire test","testcases.backoffice.refund.GetRefundTest","getRefundWithAdminLogin"
"Get List Group Company BO Dengan Multiple Header groupName","1518","getListGroupCompanyWithMultipleGroupNameHeaders","Surefire suite","Wed Oct 07 08:30:52 UTC 2026","passed","Wed Oct 07 08:30:53 UTC 2026","testcases.backoffice.settlement.GetListGroupCompanyTest","Surefire test","testcases.backoffice.settlement.GetListGroupCompanyTest","getListGroupCompanyWithMultipleGroupNameHeaders"
"Get Dashboard Backoffice Menggunakan Login Customer Service","1463","getDashboardWithCSLogin","Surefire suite","Wed Oct 07 08:20:58 UTC 2026","passed","Wed Oct 07 08:20:59 UTC 2026","testcases.backoffice.GetDashboardTest","Surefire test","testcases.backoffice.GetDashboardTest","getDashboardWithCSLogin"
"Get Group Detail Backoffice Menggunakan Login CS Admin","1462","getGroupDetailWithCSAdminLogin","Surefire suite","Wed Oct 07 08:11:11 UTC 2026","passed","Wed Oct 07 08:11:12 UTC 2026","testcases.backoffice.group.GetGroupTest","Surefire test","testcases.backoffice.group.GetGroupTest","getGroupDetailWithCSAdminLogin"
"Login Merchant tanpa Parameter Username","2882","testLoginMissingUsernameParam","Surefire suite","Wed Oct 07 08:10:44 UTC 2026","passed","Wed Oct 07 08:10:47 UTC 2026","testcases.auth.LoginTest","Surefire test","testcases.auth.LoginTest","testLoginMissingUsernameParam"
"Created Favorite Account Tanpa Field beneficiaryAccountNo","1454","createdFavoriteAccountWithoutBeneficiaryAccountNoField","Surefire suite","Wed Oct 07 08:36:52 UTC 2026","failed","Wed Oct 07 08:36:54 UTC 2026","testcases.settings.favoriteaccount.CreatedFavoriteAccountTest","Surefire test","testcases.settings.favoriteaccount.CreatedFavoriteAccountTest","createdFavoriteAccountWithoutBeneficiaryAccountNoField"
"Get History Special Transfer Supervisor on Login CS Admin","5212","historySpecialTransferSupervisorTestCSAdmin","Surefire suite","Wed Oct 07 09:28:32 UTC 2026","passed","Wed Oct 07 09:28:37 UTC 2026","testcases.history.HistoryTransferTest","Surefire test","testcases.history.HistoryTransferTest","historySpecialTransferSupervisorTestCSAdmin"
"Get Balance Merchant with Login Admin","1472","getFailedBalanceMerchantLoginAdmin","Surefire suite","Wed Oct 07 08:06:28 UTC 2026","passed","Wed Oct 07 08:06:29 UTC 2026","testcases.balance.GetBalanceQrisTest","Surefire test","testcases.balance.GetBalanceQrisTest","getFailedBalanceMerchantLoginAdmin"
"Success Login Marketing","3422","testLoginMarketing","Surefire suite","Wed Oct 07 08:05:24 UTC 2026","passed","Wed Oct 07 08:05:28 UTC 2026","testcases.auth.LoginTest","Surefire test","testcases.auth.LoginTest","testLoginMarketing"
"Inquiry Test Flop Transfer Admin Crypto","3104","inquiryFlopTransferAdminCrypto","Surefire suite","Wed Oct 07 08:06:06 UTC 2026","passed","Wed Oct 07 08:06:09 UTC 2026","testcases.transfer.InquiryFlopTransferTest","Surefire test","testcases.transfer.InquiryFlopTransferTest","inquiryFlopTransferAdminCrypto"
"Get List Group Ke Path yang Tidak Ada (Typo)","1811","getListGroupWithWrongPath","Surefire suite","Wed Oct 07 08:18:05 UTC 2026","passed","Wed Oct 07 08:18:07 UTC 2026","testcases.backoffice.group.GetListGroupTest","Surefire test","testcases.backoffice.group.GetListGroupTest","getListGroupWithWrongPath"
"List Waiting Company Backoffice Dengan Tipe Data Salah pada Field Limit (String, Bukan Integer)","1415","listWaitingCompanyWithInvalidFieldType","Surefire suite","Wed Oct 07 08:41:16 UTC 2026","passed","Wed Oct 07 08:41:18 UTC 2026","testcases.backoffice.ListWaitingCompanyTest","Surefire test","testcases.backoffice.ListWaitingCompanyTest","listWaitingCompanyWithInvalidFieldType"
"Add Merchant From CS Admin","4933","addCompanyCsAdmin","Surefire suite","Wed Oct 07 08:05:50 UTC 2026","passed","Wed Oct 07 08:05:55 UTC 2026","testcases.backoffice.AddCompanyTest","Surefire test","testcases.backoffice.AddCompanyTest","addCompanyCsAdmin"
"Created Favorite Account Tanpa Body Sama Sekali","1435","createdFavoriteAccountWithoutBody","Surefire suite","Wed Oct 07 08:37:01 UTC 2026","passed","Wed Oct 07 08:37:03 UTC 2026","testcases.settings.favoriteaccount.CreatedFavoriteAccountTest","Surefire test","testcases.settings.favoriteaccount.CreatedFavoriteAccountTest","createdFavoriteAccountWithoutBody"
"Reset Pin Customer Service","1547","resetPinCS","Surefire suite","Wed Oct 07 08:06:13 UTC 2026","passed","Wed Oct 07 08:06:15 UTC 2026","testcases.settings.ResetPinTest","Surefire test","testcases.settings.ResetPinTest","resetPinCS"
"Get Detail Waiting Company Backoffice Dengan Id Sangat Panjang (10.000 karakter)","1583","getDetailWaitingCompanyWithOverlongId","Surefire suite","Wed Oct 07 08:06:37 UTC 2026","passed","Wed Oct 07 08:06:39 UTC 2026","testcases.backoffice.GetDetailWaitingCompanyTest","Surefire test","testcases.backoffice.GetDetailWaitingCompanyTest","getDetailWaitingCompanyWithOverlongId"
"Get History Transfer Test CS","5978","historyTransferTestCS","Surefire suite","Wed Oct 07 09:30:16 UTC 2026","passed","Wed Oct 07 09:30:22 UTC 2026","testcases.history.HistoryTransferTest","Surefire test","testcases.history.HistoryTransferTest","historyTransferTestCS"
"Delete Google Authenticator Menggunakan Login Supervisor","1492","deleteOtpGoogleWithSupervisorLogin","Surefire suite","Wed Oct 07 08:20:12 UTC 2026","passed","Wed Oct 07 08:20:13 UTC 2026","testcases.backoffice.googleauth.DeleteOtpGoogleTest","Surefire test","testcases.backoffice.googleauth.DeleteOtpGoogleTest","deleteOtpGoogleWithSupervisorLogin"
"Inquiry Favorite Account Dengan Header Authorization Tanpa Skema Bearer","1395","inquiryFavoriteAccountWithMalformedAuthorizationHeader","Surefire suite","Wed Oct 07 08:37:50 UTC 2026","passed","Wed Oct 07 08:37:52 UTC 2026","testcases.settings.favoriteaccount.InquiryFavoriteAccountTest","Surefire test","testcases.settings.favoriteaccount.InquiryFavoriteAccountTest","inquiryFavoriteAccountWithMalformedAuthorizationHeader"
"Transfer Different Parner Reference Supervisor, USDT Transfer to Transfer","10528","trfPartnerRefUSDTSpvFailed","Surefire suite","Wed Oct 07 08:07:41 UTC 2026","failed","Wed Oct 07 08:07:51 UTC 2026","testcases.transfer.TransferTest","Surefire test","testcases.transfer.TransferTest","trfPartnerRefUSDTSpvFailed"
"List Manage Settlement Backoffice Menggunakan Login Supervisor","4407","listManageSettlementWithSupervisorLogin","Surefire suite","Wed Oct 07 08:35:17 UTC 2026","passed","Wed Oct 07 08:35:21 UTC 2026","testcases.backoffice.settlement.ManageSettlementTest","Surefire test","testcases.backoffice.settlement.ManageSettlementTest","listManageSettlementWithSupervisorLogin"
"Create Manage Settlement BO Dengan Tipe Data Salah pada companyList (String, Bukan Array)","1474","addManageSettlementWithInvalidFieldType","Surefire suite","Wed Oct 07 08:28:05 UTC 2026","passed","Wed Oct 07 08:28:06 UTC 2026","testcases.backoffice.settlement.AddManageSettlementTest","Surefire test","testcases.backoffice.settlement.AddManageSettlementTest","addManageSettlementWithInvalidFieldType"
"Get Group Detail Backoffice Menggunakan Login Marketing","1431","getGroupDetailWithMarketingLogin","Surefire suite","Wed Oct 07 08:11:54 UTC 2026","passed","Wed Oct 07 08:11:56 UTC 2026","testcases.backoffice.group.GetGroupTest","Surefire test","testcases.backoffice.group.GetGroupTest","getGroupDetailWithMarketingLogin"
"Success Login Backoffice","3168","testLoginBackoffice","Surefire suite","Wed Oct 07 08:43:46 UTC 2026","passed","Wed Oct 07 08:43:49 UTC 2026","testcases.auth.LoginTest","Surefire test","testcases.auth.LoginTest","testLoginBackoffice"
"Delete Group Backoffice Dengan Body Kosong ({})","1512","deleteGroupWithEmptyBody","Surefire suite","Wed Oct 07 08:13:34 UTC 2026","passed","Wed Oct 07 08:13:35 UTC 2026","testcases.backoffice.group.DeleteGroupTest","Surefire test","testcases.backoffice.group.DeleteGroupTest","deleteGroupWithEmptyBody"
"Add Currency CS Admin Path Dengan Field Tidak Dikenal pada Body","1516","addCurrencyWithUnknownField","Surefire suite","Wed Oct 07 09:17:13 UTC 2026","passed","Wed Oct 07 09:17:14 UTC 2026","testcases.backoffice.currency.AddCurrencyTest","Surefire test","testcases.backoffice.currency.AddCurrencyTest","addCurrencyWithUnknownField"
"List Currency USDT Menggunakan Login CS Admin","1435","getCurrencyWithCSAdminLogin","Surefire suite","Wed Oct 07 08:22:28 UTC 2026","passed","Wed Oct 07 08:22:29 UTC 2026","testcases.backoffice.currency.GetCurrencyTest","Surefire test","testcases.backoffice.currency.GetCurrencyTest","getCurrencyWithCSAdminLogin"
"Add User Backoffice Dengan Content-Type Tidak Didukung","1418","addMerchantBackofficeWithWrongContentType","Surefire suite","Wed Oct 07 08:07:11 UTC 2026","passed","Wed Oct 07 08:07:12 UTC 2026","testcases.backoffice.users.AddUserTest","Surefire test","testcases.backoffice.users.AddUserTest","addMerchantBackofficeWithWrongContentType"
"Get Dashboard Backoffice Menggunakan Login Merchant","1487","getDashboardWithMerchantLogin","Surefire suite","Wed Oct 07 08:21:11 UTC 2026","passed","Wed Oct 07 08:21:12 UTC 2026","testcases.backoffice.GetDashboardTest","Surefire test","testcases.backoffice.GetDashboardTest","getDashboardWithMerchantLogin"
"Get Notification Sender Menggunakan Login Supervisor","1414","getNotificationSenderWithSupervisorLogin","Surefire suite","Wed Oct 07 08:38:21 UTC 2026","passed","Wed Oct 07 08:38:22 UTC 2026","testcases.backoffice.notifsender.NotificationSenderTest","Surefire test","testcases.backoffice.notifsender.NotificationSenderTest","getNotificationSenderWithSupervisorLogin"
"Request Refund Manual Transfer Merchant","1426","refundManualTransferMerchant","Surefire suite","Wed Oct 07 08:39:19 UTC 2026","failed","Wed Oct 07 08:39:20 UTC 2026","testcases.transfer.RefundTransferTest","Surefire test","testcases.transfer.RefundTransferTest","refundManualTransferMerchant"
"Delete Favorite Account Dengan Body Berupa JSON Array ([])","1400","deleteFavoriteAccountWithArrayBody","Surefire suite","Wed Oct 07 08:12:40 UTC 2026","passed","Wed Oct 07 08:12:42 UTC 2026","testcases.settings.favoriteaccount.DeleteFavoriteAccountTest","Surefire test","testcases.settings.favoriteaccount.DeleteFavoriteAccountTest","deleteFavoriteAccountWithArrayBody"
"List Currency USDT Dengan Content-Type text/plain","1442","getCurrencyWithWrongContentType","Surefire suite","Wed Oct 07 08:24:07 UTC 2026","passed","Wed Oct 07 08:24:09 UTC 2026","testcases.backoffice.currency.GetCurrencyTest","Surefire test","testcases.backoffice.currency.GetCurrencyTest","getCurrencyWithWrongContentType"
"List User Backoffice Dengan Body JSON Tidak Valid (Malformed)","1436","listUsersWithMalformedJson","Surefire suite","Wed Oct 07 08:34:24 UTC 2026","passed","Wed Oct 07 08:34:25 UTC 2026","testcases.backoffice.users.ListUsersTest","Surefire test","testcases.backoffice.users.ListUsersTest","listUsersWithMalformedJson"
"Get History Flop Transfer Test Admin Crypto","8588","historyFlopTransferTestAdminCrypto","Surefire suite","Wed Oct 07 09:26:40 UTC 2026","passed","Wed Oct 07 09:26:48 UTC 2026","testcases.history.HistoryTransferTest","Surefire test","testcases.history.HistoryTransferTest","historyFlopTransferTestAdminCrypto"
"Transfer with Wrong Pin","10528","transferWrongPin","Surefire suite","Wed Oct 07 08:09:13 UTC 2026","skipped","Wed Oct 07 08:09:23 UTC 2026","testcases.transfer.SpecialTransferTest","Surefire test","testcases.transfer.SpecialTransferTest","transferWrongPin"
"Add Currency CS Admin Path Menggunakan Login Admin","4560","addCurrencyWithAdminLogin","Surefire suite","Wed Oct 07 09:14:46 UTC 2026","passed","Wed Oct 07 09:14:51 UTC 2026","testcases.backoffice.currency.AddCurrencyTest","Surefire test","testcases.backoffice.currency.AddCurrencyTest","addCurrencyWithAdminLogin"
"Mutasi Transaction Admin","8164","mutasiAdmin","Surefire suite","Wed Oct 07 09:34:44 UTC 2026","passed","Wed Oct 07 09:34:52 UTC 2026","testcases.mutasi.MutasiTransferTest","Surefire test","testcases.mutasi.MutasiTransferTest","mutasiAdmin"
"Request Refund Special Transfer Merchant","1442","refundSpecialTransferMerchant","Surefire suite","Wed Oct 07 08:39:23 UTC 2026","failed","Wed Oct 07 08:39:25 UTC 2026","testcases.transfer.RefundTransferTest","Surefire test","testcases.transfer.RefundTransferTest","refundSpecialTransferMerchant"
"Add Currency CS Admin Path Menggunakan HTTP Method PUT","1504","addCurrencyWithPutMethod","Surefire suite","Wed Oct 07 09:16:52 UTC 2026","passed","Wed Oct 07 09:16:53 UTC 2026","testcases.backoffice.currency.AddCurrencyTest","Surefire test","testcases.backoffice.currency.AddCurrencyTest","addCurrencyWithPutMethod"
"Mutasi Company Admin","4745","mutasiCompanyAdmin","Surefire suite","Wed Oct 07 09:34:55 UTC 2026","passed","Wed Oct 07 09:35:00 UTC 2026","testcases.mutasi.MutasiTransferTest","Surefire test","testcases.mutasi.MutasiTransferTest","mutasiCompanyAdmin"
"Get History Special Transfer Test Admin","5421","historySpecialTransferTestAdmin","Surefire suite","Wed Oct 07 09:28:48 UTC 2026","passed","Wed Oct 07 09:28:54 UTC 2026","testcases.history.HistoryTransferTest","Surefire test","testcases.history.HistoryTransferTest","historySpecialTransferTestAdmin"
"Check Status QR Menggunakan HTTP Method PUT","1439","checkStatusQRWithPutMethod","Surefire suite","Wed Oct 07 08:34:19 UTC 2026","failed","Wed Oct 07 08:34:21 UTC 2026","testcases.QR.CheckStatusQRTest","Surefire test","testcases.QR.CheckStatusQRTest","checkStatusQRWithPutMethod"
"Get List Google Authenticator Menggunakan HTTP Method PUT","1668","listOtpGoogleWithPutMethod","Surefire suite","Wed Oct 07 08:36:50 UTC 2026","passed","Wed Oct 07 08:36:52 UTC 2026","testcases.backoffice.googleauth.ListOtpGoogleTest","Surefire test","testcases.backoffice.googleauth.ListOtpGoogleTest","listOtpGoogleWithPutMethod"
"Add Currency CS Admin Path Tanpa Field rate (Field Lain Saja)","1477","addCurrencyWithMissingRateField","Surefire suite","Wed Oct 07 09:16:25 UTC 2026","passed","Wed Oct 07 09:16:26 UTC 2026","testcases.backoffice.currency.AddCurrencyTest","Surefire test","testcases.backoffice.currency.AddCurrencyTest","addCurrencyWithMissingRateField"
"Delete Manage Settlement BO Dengan id Valid Secara Format Tapi Tidak Ada","1469","deleteManageSettlementWithNonExistentId","Surefire suite","Wed Oct 07 08:25:54 UTC 2026","passed","Wed Oct 07 08:25:55 UTC 2026","testcases.backoffice.settlement.DeleteManageSettlementTest","Surefire test","testcases.backoffice.settlement.DeleteManageSettlementTest","deleteManageSettlementWithNonExistentId"
"Check Status QR Dengan Format id Tidak Valid (Bukan ObjectId)","1473","checkStatusQRWithMalformedId","Surefire suite","Wed Oct 07 08:33:52 UTC 2026","failed","Wed Oct 07 08:33:53 UTC 2026","testcases.QR.CheckStatusQRTest","Surefire test","testcases.QR.CheckStatusQRTest","checkStatusQRWithMalformedId"
"Transfer Different Partner Reference, Special Transfer to Transfer","10237","trfPartnerRefSpecialFailed","Surefire suite","Wed Oct 07 08:06:46 UTC 2026","skipped","Wed Oct 07 08:06:56 UTC 2026","testcases.transfer.TransferTest","Surefire test","testcases.transfer.TransferTest","trfPartnerRefSpecialFailed"
"Add Currency CS Admin Path Dengan Body Berupa Literal null","1436","addCurrencyWithNullLiteralBody","Surefire suite","Wed Oct 07 09:16:34 UTC 2026","passed","Wed Oct 07 09:16:35 UTC 2026","testcases.backoffice.currency.AddCurrencyTest","Surefire test","testcases.backoffice.currency.AddCurrencyTest","addCurrencyWithNullLiteralBody"
"Get List Group Company BO Menggunakan Login Merchant","1473","getListGroupCompanyWithMerchantLogin","Surefire suite","Wed Oct 07 08:30:47 UTC 2026","passed","Wed Oct 07 08:30:49 UTC 2026","testcases.backoffice.settlement.GetListGroupCompanyTest","Surefire test","testcases.backoffice.settlement.GetListGroupCompanyTest","getListGroupCompanyWithMerchantLogin"
"List Manage Settlement Backoffice Menggunakan HTTP Method PATCH","1560","listManageSettlementWithPatchMethod","Surefire suite","Wed Oct 07 08:35:03 UTC 2026","passed","Wed Oct 07 08:35:05 UTC 2026","testcases.backoffice.settlement.ManageSettlementTest","Surefire test","testcases.backoffice.settlement.ManageSettlementTest","listManageSettlementWithPatchMethod"
"Delete Manage Settlement BO Menggunakan HTTP Method POST","1611","deleteManageSettlementWithPostMethod","Surefire suite","Wed Oct 07 08:26:07 UTC 2026","passed","Wed Oct 07 08:26:09 UTC 2026","testcases.backoffice.settlement.DeleteManageSettlementTest","Surefire test","testcases.backoffice.settlement.DeleteManageSettlementTest","deleteManageSettlementWithPostMethod"
"Mutasi Transfer Supervisor Balance","8304","mutasiTransferSupervisorBalance","Surefire suite","Wed Oct 07 09:39:59 UTC 2026","passed","Wed Oct 07 09:40:08 UTC 2026","testcases.mutasi.MutasiTransferTest","Surefire test","testcases.mutasi.MutasiTransferTest","mutasiTransferSupervisorBalance"
"Transfer Different Partner Reference, Manual Transfer to USDT Transfer","10312","trfPartnerRefManualFailed","Surefire suite","Wed Oct 07 08:07:44 UTC 2026","failed","Wed Oct 07 08:07:54 UTC 2026","testcases.transfer.TransferUSDTTest","Surefire test","testcases.transfer.TransferUSDTTest","trfPartnerRefManualFailed"
"Delete Favorite Account Dengan Field Tidak Dikenal pada Body","1583","deleteFavoriteAccountWithUnknownField","Surefire suite","Wed Oct 07 08:19:57 UTC 2026","failed","Wed Oct 07 08:19:59 UTC 2026","testcases.settings.favoriteaccount.DeleteFavoriteAccountTest","Surefire test","testcases.settings.favoriteaccount.DeleteFavoriteAccountTest","deleteFavoriteAccountWithUnknownField"
"List Company Backoffice Dengan Page/Size Negatif - Menemukan Bug Gateway Timeout","1549","listCompanyWithNegativePageSize","Surefire suite","Wed Oct 07 08:43:19 UTC 2026","passed","Wed Oct 07 08:43:20 UTC 2026","testcases.backoffice.ListCompanyTest","Surefire test","testcases.backoffice.ListCompanyTest","listCompanyWithNegativePageSize"
"Login Merchant dengan Username Mengandung SQL Injection","2829","testLoginSqlInjectionUsername","Surefire suite","Wed Oct 07 08:11:03 UTC 2026","passed","Wed Oct 07 08:11:06 UTC 2026","testcases.auth.LoginTest","Surefire test","testcases.auth.LoginTest","testLoginSqlInjectionUsername"
"Test Reject USDT","8575","rejectedUSDT","Surefire suite","Wed Oct 07 09:10:40 UTC 2026","passed","Wed Oct 07 09:10:49 UTC 2026","testcases.backoffice.ApprovalTransferTest","Surefire test","testcases.backoffice.ApprovalTransferTest","rejectedUSDT"
"Mutasi Manual Transfer Supervisor","11907","mutasiManualTransferSupervisor","Surefire suite","Wed Oct 07 09:36:55 UTC 2026","passed","Wed Oct 07 09:37:07 UTC 2026","testcases.mutasi.MutasiTransferTest","Surefire test","testcases.mutasi.MutasiTransferTest","mutasiManualTransferSupervisor"
"Check Status QR Dengan Karakter SQL Injection pada id","1395","checkStatusQRWithSqlInjectionId","Surefire suite","Wed Oct 07 08:34:24 UTC 2026","failed","Wed Oct 07 08:34:25 UTC 2026","testcases.QR.CheckStatusQRTest","Surefire test","testcases.QR.CheckStatusQRTest","checkStatusQRWithSqlInjectionId"
"Normal Manual Transfer Success Admin Crypto","3500","manualTransferAdminCrypto","Surefire suite","Wed Oct 07 08:06:47 UTC 2026","passed","Wed Oct 07 08:06:50 UTC 2026","testcases.transfer.ManualTransferTest","Surefire test","testcases.transfer.ManualTransferTest","manualTransferAdminCrypto"
"Check Status QR Menggunakan HTTP Method POST","1398","checkStatusQRWithPostMethod","Surefire suite","Wed Oct 07 08:34:15 UTC 2026","failed","Wed Oct 07 08:34:16 UTC 2026","testcases.QR.CheckStatusQRTest","Surefire test","testcases.QR.CheckStatusQRTest","checkStatusQRWithPostMethod"
"Inquiry Favorite Account Dengan Body Kosong ({})","1548","inquiryFavoriteAccountWithEmptyBody","Surefire suite","Wed Oct 07 08:37:32 UTC 2026","failed","Wed Oct 07 08:37:34 UTC 2026","testcases.settings.favoriteaccount.InquiryFavoriteAccountTest","Surefire test","testcases.settings.favoriteaccount.InquiryFavoriteAccountTest","inquiryFavoriteAccountWithEmptyBody"
"Get Detail Waiting Company Backoffice Menggunakan HTTP Method DELETE","1460","getDetailWaitingCompanyWithDeleteMethod","Surefire suite","Wed Oct 07 08:05:45 UTC 2026","passed","Wed Oct 07 08:05:46 UTC 2026","testcases.backoffice.GetDetailWaitingCompanyTest","Surefire test","testcases.backoffice.GetDetailWaitingCompanyTest","getDetailWaitingCompanyWithDeleteMethod"
"Normal Transfer USDT Balance Success","1410","transferBalance","Surefire suite","Wed Oct 07 08:07:26 UTC 2026","failed","Wed Oct 07 08:07:27 UTC 2026","testcases.transfer.TransferUSDTTest","Surefire test","testcases.transfer.TransferUSDTTest","transferBalance"
"Get History Flop Transfer Supervisor on Login CS Admin","8771","historyFlopTransferSupervisorTestCSAdmin","Surefire suite","Wed Oct 07 09:26:07 UTC 2026","passed","Wed Oct 07 09:26:16 UTC 2026","testcases.history.HistoryTransferTest","Surefire test","testcases.history.HistoryTransferTest","historyFlopTransferSupervisorTestCSAdmin"
"Get List Group Backoffice Dengan Field Tidak Dikenal pada Body","1508","getListGroupWithUnknownField","Surefire suite","Wed Oct 07 08:17:56 UTC 2026","passed","Wed Oct 07 08:17:57 UTC 2026","testcases.backoffice.group.GetListGroupTest","Surefire test","testcases.backoffice.group.GetListGroupTest","getListGroupWithUnknownField"
"Created Favorite Account Dengan Body Kosong ({})","1470","createdFavoriteAccountWithEmptyBody","Surefire suite","Wed Oct 07 08:35:37 UTC 2026","failed","Wed Oct 07 08:35:38 UTC 2026","testcases.settings.favoriteaccount.CreatedFavoriteAccountTest","Surefire test","testcases.settings.favoriteaccount.CreatedFavoriteAccountTest","createdFavoriteAccountWithEmptyBody"
"Add Group Backoffice Dengan Field Tidak Dikenal pada Body","1545","addGroupWithUnknownField","Surefire suite","Wed Oct 07 08:10:12 UTC 2026","passed","Wed Oct 07 08:10:13 UTC 2026","testcases.backoffice.group.AddGroupTest","Surefire test","testcases.backoffice.group.AddGroupTest","addGroupWithUnknownField"
"Resend Google Authenticator Ke Path yang Tidak Ada (Typo)","1775","resendOtpGoogleWithWrongPath","Surefire suite","Wed Oct 07 08:41:06 UTC 2026","passed","Wed Oct 07 08:41:08 UTC 2026","testcases.backoffice.googleauth.ResendOtpGoogleTest","Surefire test","testcases.backoffice.googleauth.ResendOtpGoogleTest","resendOtpGoogleWithWrongPath"
"Get Notification Sender Dengan Token Tidak Valid","1440","getNotificationSenderWithInvalidToken","Surefire suite","Wed Oct 07 08:37:17 UTC 2026","passed","Wed Oct 07 08:37:19 UTC 2026","testcases.backoffice.notifsender.NotificationSenderTest","Surefire test","testcases.backoffice.notifsender.NotificationSenderTest","getNotificationSenderWithInvalidToken"
"Get Detail User Backoffice Tanpa User Id (Path Kosong) - Menemukan Bug Bad Gateway","1944","getUsersWithEmptyId","Surefire suite","Wed Oct 07 08:33:10 UTC 2026","passed","Wed Oct 07 08:33:12 UTC 2026","testcases.backoffice.users.ListUsersTest","Surefire test","testcases.backoffice.users.ListUsersTest","getUsersWithEmptyId"
"Test Get Report Transaction CS","4904","getReportTransactionCS","Surefire suite","Wed Oct 07 08:05:37 UTC 2026","passed","Wed Oct 07 08:05:42 UTC 2026","testcases.report.ReportTransactionTest","Surefire test","testcases.report.ReportTransactionTest","getReportTransactionCS"
"Request Refund Transfer Waiting Merchant","1413","refundTransferWaitingMerchant","Surefire suite","Wed Oct 07 08:39:32 UTC 2026","failed","Wed Oct 07 08:39:34 UTC 2026","testcases.transfer.RefundTransferTest","Surefire test","testcases.transfer.RefundTransferTest","refundTransferWaitingMerchant"
"Refund Summary Ke Path yang Tidak Ada (Typo)","1708","getRefundWithWrongPath","Surefire suite","Wed Oct 07 08:39:55 UTC 2026","passed","Wed Oct 07 08:39:57 UTC 2026","testcases.backoffice.refund.GetRefundTest","Surefire test","testcases.backoffice.refund.GetRefundTest","getRefundWithWrongPath"
"Approval Refund Transfer Merchant","3370","approveRefundTransferMerchant","Surefire suite","Wed Oct 07 09:05:26 UTC 2026","passed","Wed Oct 07 09:05:30 UTC 2026","testcases.backoffice.ApprovalRefundTest","Surefire test","testcases.backoffice.ApprovalRefundTest","approveRefundTransferMerchant"
"Add Group Backoffice Menggunakan Login CS Admin","1466","addGroupWithCSAdminLogin","Surefire suite","Wed Oct 07 08:07:57 UTC 2026","passed","Wed Oct 07 08:07:59 UTC 2026","testcases.backoffice.group.AddGroupTest","Surefire test","testcases.backoffice.group.AddGroupTest","addGroupWithCSAdminLogin"
"Special Transfer Success with before and after Balance","1468","specialTransferSupervisor","Surefire suite","Wed Oct 07 08:08:13 UTC 2026","failed","Wed Oct 07 08:08:14 UTC 2026","testcases.transfer.SpecialTransferTest","Surefire test","testcases.transfer.SpecialTransferTest","specialTransferSupervisor"
"Delete Google Authenticator Menggunakan HTTP Method PATCH","1412","deleteOtpGoogleWithPatchMethod","Surefire suite","Wed Oct 07 08:19:54 UTC 2026","passed","Wed Oct 07 08:19:55 UTC 2026","testcases.backoffice.googleauth.DeleteOtpGoogleTest","Surefire test","testcases.backoffice.googleauth.DeleteOtpGoogleTest","deleteOtpGoogleWithPatchMethod"
"Transfer Different Partner Reference, Special Transfer to Manual Transfer","10267","trfPartnerRefManualFailed","Surefire suite","Wed Oct 07 08:39:54 UTC 2026","failed","Wed Oct 07 08:40:05 UTC 2026","testcases.transfer.ManualTransferTest","Surefire test","testcases.transfer.ManualTransferTest","trfPartnerRefManualFailed"
"Get Balance Merchant with Login Admin Crypto","7336","getBalanceAdminLoginAdminCrypto","Surefire suite","Wed Oct 07 08:52:43 UTC 2026","passed","Wed Oct 07 08:52:50 UTC 2026","testcases.balance.GetBalanceQrisTest","Surefire test","testcases.balance.GetBalanceQrisTest","getBalanceAdminLoginAdminCrypto"
"Delete Manage Settlement BO Dengan Header Authorization Tanpa Skema Bearer","1442","deleteManageSettlementWithMalformedAuthorizationHeader","Surefire suite","Wed Oct 07 08:25:36 UTC 2026","passed","Wed Oct 07 08:25:37 UTC 2026","testcases.backoffice.settlement.DeleteManageSettlementTest","Surefire test","testcases.backoffice.settlement.DeleteManageSettlementTest","deleteManageSettlementWithMalformedAuthorizationHeader"
"Get Detail Waiting Company Backoffice Dengan Format Id Tidak Valid (Bukan ObjectId)","1580","getDetailWaitingCompanyWithMalformedId","Surefire suite","Wed Oct 07 08:06:12 UTC 2026","passed","Wed Oct 07 08:06:14 UTC 2026","testcases.backoffice.GetDetailWaitingCompanyTest","Surefire test","testcases.backoffice.GetDetailWaitingCompanyTest","getDetailWaitingCompanyWithMalformedId"
"Get Detail Waiting Company Backoffice Menggunakan Login Supervisor","4545","getDetailWaitingCompanyWithSupervisorLogin","Surefire suite","Wed Oct 07 08:07:00 UTC 2026","passed","Wed Oct 07 08:07:05 UTC 2026","testcases.backoffice.GetDetailWaitingCompanyTest","Surefire test","testcases.backoffice.GetDetailWaitingCompanyTest","getDetailWaitingCompanyWithSupervisorLogin"
"Get History Manual Transfer Test","5544","historyManualTransferTest","Surefire suite","Wed Oct 07 09:27:29 UTC 2026","passed","Wed Oct 07 09:27:35 UTC 2026","testcases.history.HistoryTransferTest","Surefire test","testcases.history.HistoryTransferTest","historyManualTransferTest"
"Get Detail Waiting Company Backoffice Menggunakan HTTP Method PUT","1588","getDetailWaitingCompanyWithPutMethod","Surefire suite","Wed Oct 07 08:06:51 UTC 2026","passed","Wed Oct 07 08:06:53 UTC 2026","testcases.backoffice.GetDetailWaitingCompanyTest","Surefire test","testcases.backoffice.GetDetailWaitingCompanyTest","getDetailWaitingCompanyWithPutMethod"
"Add User Backoffice Dengan Field Tidak Dikenal pada Body","1884","addMerchantBackofficeWithUnknownField","Surefire suite","Wed Oct 07 08:07:02 UTC 2026","passed","Wed Oct 07 08:07:03 UTC 2026","testcases.backoffice.users.AddUserTest","Surefire test","testcases.backoffice.users.AddUserTest","addMerchantBackofficeWithUnknownField"
"Get Detail Waiting Company Backoffice Menggunakan Login Merchant","4549","getDetailWaitingCompanyWithMerchantLogin","Surefire suite","Wed Oct 07 08:06:25 UTC 2026","passed","Wed Oct 07 08:06:29 UTC 2026","testcases.backoffice.GetDetailWaitingCompanyTest","Surefire test","testcases.backoffice.GetDetailWaitingCompanyTest","getDetailWaitingCompanyWithMerchantLogin"
"Add User Backoffice Menggunakan HTTP Method DELETE","1508","addMerchantBackofficeWithDeleteMethod","Surefire suite","Wed Oct 07 08:05:42 UTC 2026","passed","Wed Oct 07 08:05:43 UTC 2026","testcases.backoffice.users.AddUserTest","Surefire test","testcases.backoffice.users.AddUserTest","addMerchantBackofficeWithDeleteMethod"
"Refund Summary Dengan type Tidak Dikenal","1487","getRefundWithInvalidType","Surefire suite","Wed Oct 07 08:38:43 UTC 2026","passed","Wed Oct 07 08:38:45 UTC 2026","testcases.backoffice.refund.GetRefundTest","Surefire test","testcases.backoffice.refund.GetRefundTest","getRefundWithInvalidType"
"Created Favorite Account Dengan Content-Type text/plain","1463","createdFavoriteAccountWithWrongContentType","Surefire suite","Wed Oct 07 08:36:30 UTC 2026","passed","Wed Oct 07 08:36:32 UTC 2026","testcases.settings.favoriteaccount.CreatedFavoriteAccountTest","Surefire test","testcases.settings.favoriteaccount.CreatedFavoriteAccountTest","createdFavoriteAccountWithWrongContentType"
"Delete Favorite Account Supervisor","6648","deleteFavoriteAccountSupervisor","Surefire suite","Wed Oct 07 09:02:33 UTC 2026","passed","Wed Oct 07 09:02:39 UTC 2026","testcases.settings.favoriteaccount.DeleteFavoriteAccountTest","Surefire test","testcases.settings.favoriteaccount.DeleteFavoriteAccountTest","deleteFavoriteAccountSupervisor"
"Get History USDT Transfer Test Admin Crypto","5146","historyUSDTTransferTestAdminCrypto","Surefire suite","Wed Oct 07 09:31:07 UTC 2026","passed","Wed Oct 07 09:31:12 UTC 2026","testcases.history.HistoryTransferTest","Surefire test","testcases.history.HistoryTransferTest","historyUSDTTransferTestAdminCrypto"
"List Company Backoffice Menggunakan Login Admin Crypto","1502","listCompanyWithAdminCryptoLogin","Surefire suite","Wed Oct 07 08:42:19 UTC 2026","passed","Wed Oct 07 08:42:21 UTC 2026","testcases.backoffice.ListCompanyTest","Surefire test","testcases.backoffice.ListCompanyTest","listCompanyWithAdminCryptoLogin"
"Inquiry Test Manual Transfer Admin Crypto","1977","inquiryManualTransferAdminCrypto","Surefire suite","Wed Oct 07 08:05:35 UTC 2026","passed","Wed Oct 07 08:05:37 UTC 2026","testcases.transfer.InquiryManualTransferTest","Surefire test","testcases.transfer.InquiryManualTransferTest","inquiryManualTransferAdminCrypto"
"Add Group Backoffice Dengan Token Kadaluarsa","1436","addGroupWithExpiredToken","Surefire suite","Wed Oct 07 08:08:42 UTC 2026","passed","Wed Oct 07 08:08:43 UTC 2026","testcases.backoffice.group.AddGroupTest","Surefire test","testcases.backoffice.group.AddGroupTest","addGroupWithExpiredToken"
"Get Notification Sender Dengan pinValidasi Kosong","1541","getNotificationSenderWithEmptyPinValidasi","Surefire suite","Wed Oct 07 08:36:33 UTC 2026","passed","Wed Oct 07 08:36:34 UTC 2026","testcases.backoffice.notifsender.NotificationSenderTest","Surefire test","testcases.backoffice.notifsender.NotificationSenderTest","getNotificationSenderWithEmptyPinValidasi"
"Normal Transfer USDT Success","10331","transfer","Surefire suite","Wed Oct 07 08:07:13 UTC 2026","failed","Wed Oct 07 08:07:23 UTC 2026","testcases.transfer.TransferUSDTTest","Surefire test","testcases.transfer.TransferUSDTTest","transfer"
"Test Settlement USDT dengan check Fee di Admin Crypto dan Admin Fee","19772","settlementUSDT","Surefire suite","Wed Oct 07 09:11:03 UTC 2026","passed","Wed Oct 07 09:11:23 UTC 2026","testcases.backoffice.ApprovalTransferTest","Surefire test","testcases.backoffice.ApprovalTransferTest","settlementUSDT"
"Create Manage Settlement BO Dengan Header Authorization Tanpa Skema Bearer","1532","addManageSettlementWithMalformedAuthorizationHeader","Surefire suite","Wed Oct 07 08:28:14 UTC 2026","passed","Wed Oct 07 08:28:15 UTC 2026","testcases.backoffice.settlement.AddManageSettlementTest","Surefire test","testcases.backoffice.settlement.AddManageSettlementTest","addManageSettlementWithMalformedAuthorizationHeader"
"Resend Google Authenticator Dengan Body Berupa JSON Array ([])","1434","resendOtpGoogleWithArrayBody","Surefire suite","Wed Oct 07 08:39:15 UTC 2026","passed","Wed Oct 07 08:39:17 UTC 2026","testcases.backoffice.googleauth.ResendOtpGoogleTest","Surefire test","testcases.backoffice.googleauth.ResendOtpGoogleTest","resendOtpGoogleWithArrayBody"
"Get Dashboard Backoffice Menggunakan Login Admin","1508","getDashboardWithAdminLogin","Surefire suite","Wed Oct 07 08:20:49 UTC 2026","passed","Wed Oct 07 08:20:50 UTC 2026","testcases.backoffice.GetDashboardTest","Surefire test","testcases.backoffice.GetDashboardTest","getDashboardWithAdminLogin"
"Get List Favorite Account Tanpa Field page","1629","getListFavoriteAccountWithoutPageField","Surefire suite","Wed Oct 07 09:47:43 UTC 2026","passed","Wed Oct 07 09:47:45 UTC 2026","testcases.settings.favoriteaccount.GetListFavoriteAccountTest","Surefire test","testcases.settings.favoriteaccount.GetListFavoriteAccountTest","getListFavoriteAccountWithoutPageField"
"Get Notification Sender Dengan pinValidasi Salah","1524","getNotificationSenderWithWrongPinValidasi","Surefire suite","Wed Oct 07 08:38:39 UTC 2026","passed","Wed Oct 07 08:38:41 UTC 2026","testcases.backoffice.notifsender.NotificationSenderTest","Surefire test","testcases.backoffice.notifsender.NotificationSenderTest","getNotificationSenderWithWrongPinValidasi"
"Delete Favorite Account Dengan Header companyId Salah","41715","deleteFavoriteAccountWithWrongCompanyIdHeader","Surefire suite","Wed Oct 07 08:20:47 UTC 2026","failed","Wed Oct 07 08:21:28 UTC 2026","testcases.settings.favoriteaccount.DeleteFavoriteAccountTest","Surefire test","testcases.settings.favoriteaccount.DeleteFavoriteAccountTest","deleteFavoriteAccountWithWrongCompanyIdHeader"
"Add Group Backoffice Dengan feeBankPercent Melebihi 100","1493","addGroupWithFeeOver100","Surefire suite","Wed Oct 07 08:08:51 UTC 2026","passed","Wed Oct 07 08:08:52 UTC 2026","testcases.backoffice.group.AddGroupTest","Surefire test","testcases.backoffice.group.AddGroupTest","addGroupWithFeeOver100"
"Delete Favorite Account Dengan id Bertipe Angka (Bukan String)","41595","deleteFavoriteAccountWithIdAsNumber","Surefire suite","Wed Oct 07 08:15:52 UTC 2026","failed","Wed Oct 07 08:16:34 UTC 2026","testcases.settings.favoriteaccount.DeleteFavoriteAccountTest","Surefire test","testcases.settings.favoriteaccount.DeleteFavoriteAccountTest","deleteFavoriteAccountWithIdAsNumber"
"List Company Backoffice Menggunakan Login Merchant","1483","listCompanyWithMerchantLogin","Surefire suite","Wed Oct 07 08:43:14 UTC 2026","passed","Wed Oct 07 08:43:16 UTC 2026","testcases.backoffice.ListCompanyTest","Surefire test","testcases.backoffice.ListCompanyTest","listCompanyWithMerchantLogin"
"Get Group Detail Backoffice Dengan Path Traversal pada Group Id","1426","getGroupDetailWithPathTraversalId","Surefire suite","Wed Oct 07 08:12:12 UTC 2026","passed","Wed Oct 07 08:12:14 UTC 2026","testcases.backoffice.group.GetGroupTest","Surefire test","testcases.backoffice.group.GetGroupTest","getGroupDetailWithPathTraversalId"
"Test Approve Special Transfer dengan check Fee di Admin Fee","10913","approvedSpecialTransferBalance","Surefire suite","Wed Oct 07 09:06:58 UTC 2026","passed","Wed Oct 07 09:07:09 UTC 2026","testcases.backoffice.ApprovalTransferTest","Surefire test","testcases.backoffice.ApprovalTransferTest","approvedSpecialTransferBalance"
"Reset Password CS Admin","1759","resetPasswordCSAdmin","Surefire suite","Wed Oct 07 08:06:27 UTC 2026","passed","Wed Oct 07 08:06:29 UTC 2026","testcases.settings.ResetPasswordTest","Surefire test","testcases.settings.ResetPasswordTest","resetPasswordCSAdmin"
"Delete Group Backoffice Dengan Body JSON Tidak Valid (Malformed)","1516","deleteGroupWithMalformedJson","Surefire suite","Wed Oct 07 08:14:14 UTC 2026","passed","Wed Oct 07 08:14:16 UTC 2026","testcases.backoffice.group.DeleteGroupTest","Surefire test","testcases.backoffice.group.DeleteGroupTest","deleteGroupWithMalformedJson"
"Get History USDT Transfer Supervisor on Login CS Admin","5162","historyUSDTTransferSupervisorTestCSAdmin","Surefire suite","Wed Oct 07 09:30:42 UTC 2026","passed","Wed Oct 07 09:30:47 UTC 2026","testcases.history.HistoryTransferTest","Surefire test","testcases.history.HistoryTransferTest","historyUSDTTransferSupervisorTestCSAdmin"
"Delete Google Authenticator Dengan id Sangat Panjang (10.000 karakter)","1553","deleteOtpGoogleWithOverlongId","Surefire suite","Wed Oct 07 08:19:49 UTC 2026","passed","Wed Oct 07 08:19:51 UTC 2026","testcases.backoffice.googleauth.DeleteOtpGoogleTest","Surefire test","testcases.backoffice.googleauth.DeleteOtpGoogleTest","deleteOtpGoogleWithOverlongId"
"List Waiting Company Backoffice Tanpa Body Sama Sekali","1474","listWaitingCompanyWithoutBody","Surefire suite","Wed Oct 07 08:42:10 UTC 2026","passed","Wed Oct 07 08:42:12 UTC 2026","testcases.backoffice.ListWaitingCompanyTest","Surefire test","testcases.backoffice.ListWaitingCompanyTest","listWaitingCompanyWithoutBody"
"Delete Manage Settlement BO Dengan id Berisi Spasi","1472","deleteManageSettlementWithWhitespaceId","Surefire suite","Wed Oct 07 08:26:26 UTC 2026","passed","Wed Oct 07 08:26:27 UTC 2026","testcases.backoffice.settlement.DeleteManageSettlementTest","Surefire test","testcases.backoffice.settlement.DeleteManageSettlementTest","deleteManageSettlementWithWhitespaceId"
"Get Notification Sender Dengan Header Authorization Tanpa Skema Bearer","1426","getNotificationSenderWithMalformedAuthorizationHeader","Surefire suite","Wed Oct 07 08:37:22 UTC 2026","passed","Wed Oct 07 08:37:23 UTC 2026","testcases.backoffice.notifsender.NotificationSenderTest","Surefire test","testcases.backoffice.notifsender.NotificationSenderTest","getNotificationSenderWithMalformedAuthorizationHeader"
"Get List Favorite Account Menggunakan HTTP Method DELETE","1487","getListFavoriteAccountWithDeleteMethod","Surefire suite","Wed Oct 07 09:45:58 UTC 2026","passed","Wed Oct 07 09:46:00 UTC 2026","testcases.settings.favoriteaccount.GetListFavoriteAccountTest","Surefire test","testcases.settings.favoriteaccount.GetListFavoriteAccountTest","getListFavoriteAccountWithDeleteMethod"
"Edit User Backoffice","1626","editUserBackoffice","Surefire suite","Wed Oct 07 08:07:32 UTC 2026","passed","Wed Oct 07 08:07:33 UTC 2026","testcases.backoffice.users.EditUserTest","Surefire test","testcases.backoffice.users.EditUserTest","editUserBackoffice"
"Mutasi Manual Transfer Balance CS","17530","mutasiManualTransferBalanceCS","Surefire suite","Wed Oct 07 09:35:43 UTC 2026","passed","Wed Oct 07 09:36:00 UTC 2026","testcases.mutasi.MutasiTransferTest","Surefire test","testcases.mutasi.MutasiTransferTest","mutasiManualTransferBalanceCS"
"List Refund Dengan Field Sort Merujuk ke Kolom yang Tidak Ada","1502","listRefundWithInvalidSortField","Surefire suite","Wed Oct 07 09:21:51 UTC 2026","passed","Wed Oct 07 09:21:53 UTC 2026","testcases.backoffice.ListRefundTest","Surefire test","testcases.backoffice.ListRefundTest","listRefundWithInvalidSortField"
"Get List Group Company BO Tanpa Login/Header Auth","1432","getListGroupCompanyWithoutAuth","Surefire suite","Wed Oct 07 08:31:42 UTC 2026","passed","Wed Oct 07 08:31:43 UTC 2026","testcases.backoffice.settlement.GetListGroupCompanyTest","Surefire test","testcases.backoffice.settlement.GetListGroupCompanyTest","getListGroupCompanyWithoutAuth"
"Create Manage Settlement BO Menggunakan Login CS Admin","1466","addManageSettlementWithCSAdminLogin","Surefire suite","Wed Oct 07 08:27:20 UTC 2026","passed","Wed Oct 07 08:27:21 UTC 2026","testcases.backoffice.settlement.AddManageSettlementTest","Surefire test","testcases.backoffice.settlement.AddManageSettlementTest","addManageSettlementWithCSAdminLogin"
"List Manage Settlement Backoffice Menggunakan HTTP Method GET","1670","listManageSettlementWithGetMethod","Surefire suite","Wed Oct 07 08:34:03 UTC 2026","passed","Wed Oct 07 08:34:05 UTC 2026","testcases.backoffice.settlement.ManageSettlementTest","Surefire test","testcases.backoffice.settlement.ManageSettlementTest","listManageSettlementWithGetMethod"
"Delete Group Backoffice Menggunakan HTTP Method PATCH","1525","deleteGroupWithPatchMethod","Surefire suite","Wed Oct 07 08:14:46 UTC 2026","passed","Wed Oct 07 08:14:47 UTC 2026","testcases.backoffice.group.DeleteGroupTest","Surefire test","testcases.backoffice.group.DeleteGroupTest","deleteGroupWithPatchMethod"
"Normal Transfer Success","3814","transferAdminCrypto","Surefire suite","Wed Oct 07 08:07:03 UTC 2026","passed","Wed Oct 07 08:07:07 UTC 2026","testcases.transfer.TransferTest","Surefire test","testcases.transfer.TransferTest","transferAdminCrypto"
"Add User Backoffice Dengan Karakter SQL Injection pada email","1582","addMerchantBackofficeWithSqlInjectionEmail","Surefire suite","Wed Oct 07 08:06:57 UTC 2026","passed","Wed Oct 07 08:06:59 UTC 2026","testcases.backoffice.users.AddUserTest","Surefire test","testcases.backoffice.users.AddUserTest","addMerchantBackofficeWithSqlInjectionEmail"
"Get Group Detail Backoffice Menggunakan Login Admin Crypto","1489","getGroupDetailWithAdminCryptoLogin","Surefire suite","Wed Oct 07 08:11:06 UTC 2026","passed","Wed Oct 07 08:11:08 UTC 2026","testcases.backoffice.group.GetGroupTest","Surefire test","testcases.backoffice.group.GetGroupTest","getGroupDetailWithAdminCryptoLogin"
"Created Favorite Account Menggunakan HTTP Method PUT","1471","createdFavoriteAccountWithPutMethod","Surefire suite","Wed Oct 07 08:36:17 UTC 2026","failed","Wed Oct 07 08:36:18 UTC 2026","testcases.settings.favoriteaccount.CreatedFavoriteAccountTest","Surefire test","testcases.settings.favoriteaccount.CreatedFavoriteAccountTest","createdFavoriteAccountWithPutMethod"
"Success Login Group","5683","testLoginGroup","Surefire suite","Wed Oct 07 08:05:15 UTC 2026","passed","Wed Oct 07 08:05:21 UTC 2026","testcases.auth.LoginTest","Surefire test","testcases.auth.LoginTest","testLoginGroup"
"Get List Group Company BO Dengan Token Kadaluarsa","1526","getListGroupCompanyWithExpiredToken","Surefire suite","Wed Oct 07 08:30:29 UTC 2026","passed","Wed Oct 07 08:30:31 UTC 2026","testcases.backoffice.settlement.GetListGroupCompanyTest","Surefire test","testcases.backoffice.settlement.GetListGroupCompanyTest","getListGroupCompanyWithExpiredToken"
"Add Currency CS Admin Path Dengan Body Berupa JSON Array ([])","1456","addCurrencyWithArrayBody","Surefire suite","Wed Oct 07 09:14:54 UTC 2026","passed","Wed Oct 07 09:14:55 UTC 2026","testcases.backoffice.currency.AddCurrencyTest","Surefire test","testcases.backoffice.currency.AddCurrencyTest","addCurrencyWithArrayBody"
"Add Merchant From Backoffice","1986","addCompanyBackoffice","Surefire suite","Wed Oct 07 08:07:22 UTC 2026","passed","Wed Oct 07 08:07:24 UTC 2026","testcases.backoffice.AddCompanyTest","Surefire test","testcases.backoffice.AddCompanyTest","addCompanyBackoffice"
"Add User Backoffice Dengan email Berisi Spasi","1485","addMerchantBackofficeWithWhitespaceEmail","Surefire suite","Wed Oct 07 08:07:06 UTC 2026","passed","Wed Oct 07 08:07:08 UTC 2026","testcases.backoffice.users.AddUserTest","Surefire test","testcases.backoffice.users.AddUserTest","addMerchantBackofficeWithWhitespaceEmail"
"Mutasi Special Transfer","8579","mutasiSpecialTransfer","Surefire suite","Wed Oct 07 09:37:25 UTC 2026","passed","Wed Oct 07 09:37:34 UTC 2026","testcases.mutasi.MutasiTransferTest","Surefire test","testcases.mutasi.MutasiTransferTest","mutasiSpecialTransfer"
"Delete Google Authenticator","1506","deleteOtpGoogleBO","Surefire suite","Wed Oct 07 08:18:41 UTC 2026","passed","Wed Oct 07 08:18:43 UTC 2026","testcases.backoffice.googleauth.DeleteOtpGoogleTest","Surefire test","testcases.backoffice.googleauth.DeleteOtpGoogleTest","deleteOtpGoogleBO"
"Check Status QR Tanpa id (Path Kosong)","1452","checkStatusQRWithEmptyId","Surefire suite","Wed Oct 07 08:33:30 UTC 2026","failed","Wed Oct 07 08:33:31 UTC 2026","testcases.QR.CheckStatusQRTest","Surefire test","testcases.QR.CheckStatusQRTest","checkStatusQRWithEmptyId"
"Get List Favorite Account Dengan Content-Type text/plain","1432","getListFavoriteAccountWithWrongContentType","Surefire suite","Wed Oct 07 09:47:16 UTC 2026","passed","Wed Oct 07 09:47:17 UTC 2026","testcases.settings.favoriteaccount.GetListFavoriteAccountTest","Surefire test","testcases.settings.favoriteaccount.GetListFavoriteAccountTest","getListFavoriteAccountWithWrongContentType"
"Resend Google Authenticator Dengan Format email Tidak Valid","1447","resendOtpGoogleWithMalformedEmail","Surefire suite","Wed Oct 07 08:40:00 UTC 2026","passed","Wed Oct 07 08:40:01 UTC 2026","testcases.backoffice.googleauth.ResendOtpGoogleTest","Surefire test","testcases.backoffice.googleauth.ResendOtpGoogleTest","resendOtpGoogleWithMalformedEmail"
"Inquiry Favorite Account Dengan Body JSON Tidak Valid (Malformed)","1394","inquiryFavoriteAccountWithMalformedJson","Surefire suite","Wed Oct 07 08:37:55 UTC 2026","passed","Wed Oct 07 08:37:56 UTC 2026","testcases.settings.favoriteaccount.InquiryFavoriteAccountTest","Surefire test","testcases.settings.favoriteaccount.InquiryFavoriteAccountTest","inquiryFavoriteAccountWithMalformedJson"
"Add Currency CS Admin Path Dengan Token Kadaluarsa","1414","addCurrencyWithExpiredToken","Surefire suite","Wed Oct 07 09:15:43 UTC 2026","passed","Wed Oct 07 09:15:44 UTC 2026","testcases.backoffice.currency.AddCurrencyTest","Surefire test","testcases.backoffice.currency.AddCurrencyTest","addCurrencyWithExpiredToken"
"Delete Favorite Account Menggunakan HTTP Method GET","41701","deleteFavoriteAccountWithGetMethod","Surefire suite","Wed Oct 07 08:15:07 UTC 2026","failed","Wed Oct 07 08:15:49 UTC 2026","testcases.settings.favoriteaccount.DeleteFavoriteAccountTest","Surefire test","testcases.settings.favoriteaccount.DeleteFavoriteAccountTest","deleteFavoriteAccountWithGetMethod"
"List Company Backoffice Dengan Body Berupa JSON Array ([])","1431","listCompanyWithArrayBody","Surefire suite","Wed Oct 07 08:42:24 UTC 2026","passed","Wed Oct 07 08:42:25 UTC 2026","testcases.backoffice.ListCompanyTest","Surefire test","testcases.backoffice.ListCompanyTest","listCompanyWithArrayBody"
"Get List Group Backoffice Dengan size Negatif","1592","getListGroupWithNegativeSize","Surefire suite","Wed Oct 07 08:17:15 UTC 2026","passed","Wed Oct 07 08:17:17 UTC 2026","testcases.backoffice.group.GetListGroupTest","Surefire test","testcases.backoffice.group.GetListGroupTest","getListGroupWithNegativeSize"
"Check Status QR Dengan Payload XSS pada id","1400","checkStatusQRWithXssId","Surefire suite","Wed Oct 07 08:34:46 UTC 2026","failed","Wed Oct 07 08:34:47 UTC 2026","testcases.QR.CheckStatusQRTest","Surefire test","testcases.QR.CheckStatusQRTest","checkStatusQRWithXssId"
"List Currency USDT Menggunakan Login Merchant","1499","getCurrencyWithMerchantLogin","Surefire suite","Wed Oct 07 08:23:31 UTC 2026","passed","Wed Oct 07 08:23:32 UTC 2026","testcases.backoffice.currency.GetCurrencyTest","Surefire test","testcases.backoffice.currency.GetCurrencyTest","getCurrencyWithMerchantLogin"
"List User Backoffice Dengan Page/Size Negatif - Menemukan Bug Gateway Timeout","1473","listUsersWithNegativePageSize","Surefire suite","Wed Oct 07 08:34:40 UTC 2026","passed","Wed Oct 07 08:34:42 UTC 2026","testcases.backoffice.users.ListUsersTest","Surefire test","testcases.backoffice.users.ListUsersTest","listUsersWithNegativePageSize"
"Get Notification Sender Dengan Token Backoffice Valid Tapi Tanpa Header pbyv","1452","getNotificationSenderWithoutPbyvHeader","Surefire suite","Wed Oct 07 08:38:53 UTC 2026","passed","Wed Oct 07 08:38:54 UTC 2026","testcases.backoffice.notifsender.NotificationSenderTest","Surefire test","testcases.backoffice.notifsender.NotificationSenderTest","getNotificationSenderWithoutPbyvHeader"
"List Currency USDT Dengan Token Tidak Valid","1477","getCurrencyWithInvalidToken","Surefire suite","Wed Oct 07 08:23:08 UTC 2026","passed","Wed Oct 07 08:23:10 UTC 2026","testcases.backoffice.currency.GetCurrencyTest","Surefire test","testcases.backoffice.currency.GetCurrencyTest","getCurrencyWithInvalidToken"
"Add Group Backoffice Menggunakan Login Admin Crypto","1554","addGroupWithAdminCryptoLogin","Surefire suite","Wed Oct 07 08:07:41 UTC 2026","passed","Wed Oct 07 08:07:42 UTC 2026","testcases.backoffice.group.AddGroupTest","Surefire test","testcases.backoffice.group.AddGroupTest","addGroupWithAdminCryptoLogin"
"Get User Backoffice Menggunakan Login Admin Crypto","1474","getUserWithAdminCryptoLogin","Surefire suite","Wed Oct 07 08:21:52 UTC 2026","passed","Wed Oct 07 08:21:53 UTC 2026","testcases.backoffice.GetDashboardTest","Surefire test","testcases.backoffice.GetDashboardTest","getUserWithAdminCryptoLogin"
"Get List Group Backoffice Dengan enablePage Bertipe String","1452","getListGroupWithEnablePageAsString","Surefire suite","Wed Oct 07 08:16:30 UTC 2026","passed","Wed Oct 07 08:16:32 UTC 2026","testcases.backoffice.group.GetListGroupTest","Surefire test","testcases.backoffice.group.GetListGroupTest","getListGroupWithEnablePageAsString"
"Delete Favorite Account Merchant","1449","deleteFavoriteAccount","Surefire suite","Wed Oct 07 08:12:31 UTC 2026","failed","Wed Oct 07 08:12:33 UTC 2026","testcases.settings.favoriteaccount.DeleteFavoriteAccountTest","Surefire test","testcases.settings.favoriteaccount.DeleteFavoriteAccountTest","deleteFavoriteAccount"
"Delete Google Authenticator Tanpa Login/Header Auth","1458","deleteOtpGoogleWithoutAuth","Surefire suite","Wed Oct 07 08:20:31 UTC 2026","passed","Wed Oct 07 08:20:32 UTC 2026","testcases.backoffice.googleauth.DeleteOtpGoogleTest","Surefire test","testcases.backoffice.googleauth.DeleteOtpGoogleTest","deleteOtpGoogleWithoutAuth"
"List Company Backoffice Menggunakan HTTP Method GET","1478","listCompanyWithGetMethod","Surefire suite","Wed Oct 07 08:42:38 UTC 2026","passed","Wed Oct 07 08:42:39 UTC 2026","testcases.backoffice.ListCompanyTest","Surefire test","testcases.backoffice.ListCompanyTest","listCompanyWithGetMethod"
"Add Currency CS Admin Path Dengan rate Nol","1483","addCurrencyWithZeroRate","Surefire suite","Wed Oct 07 09:17:31 UTC 2026","passed","Wed Oct 07 09:17:32 UTC 2026","testcases.backoffice.currency.AddCurrencyTest","Surefire test","testcases.backoffice.currency.AddCurrencyTest","addCurrencyWithZeroRate"
"List User Backoffice","1538","listUsersBO","Surefire suite","Wed Oct 07 08:33:41 UTC 2026","passed","Wed Oct 07 08:33:42 UTC 2026","testcases.backoffice.users.ListUsersTest","Surefire test","testcases.backoffice.users.ListUsersTest","listUsersBO"
"Generate QR Success with before and after Balance","7987","generateQRTestPaidBalance","Surefire suite","Wed Oct 07 08:12:09 UTC 2026","passed","Wed Oct 07 08:12:17 UTC 2026","testcases.QR.GenerateQRPaidTest","Surefire test","testcases.QR.GenerateQRPaidTest","generateQRTestPaidBalance"
"Delete Favorite Account Dengan Content-Type text/plain","1445","deleteFavoriteAccountWithWrongContentType","Surefire suite","Wed Oct 07 08:21:31 UTC 2026","passed","Wed Oct 07 08:21:33 UTC 2026","testcases.settings.favoriteaccount.DeleteFavoriteAccountTest","Surefire test","testcases.settings.favoriteaccount.DeleteFavoriteAccountTest","deleteFavoriteAccountWithWrongContentType"
"Resend Google Authenticator Tanpa Login/Header Auth","1411","resendOtpGoogleWithoutAuth","Surefire suite","Wed Oct 07 08:41:15 UTC 2026","passed","Wed Oct 07 08:41:17 UTC 2026","testcases.backoffice.googleauth.ResendOtpGoogleTest","Surefire test","testcases.backoffice.googleauth.ResendOtpGoogleTest","resendOtpGoogleWithoutAuth"
"Get Notification Sender Dengan pinValidasi Berupa Angka (Bukan String)","2068","getNotificationSenderWithNumericPinValidasi","Surefire suite","Wed Oct 07 08:37:57 UTC 2026","passed","Wed Oct 07 08:37:59 UTC 2026","testcases.backoffice.notifsender.NotificationSenderTest","Surefire test","testcases.backoffice.notifsender.NotificationSenderTest","getNotificationSenderWithNumericPinValidasi"
"Normal Manual Transfer Success","1466","transfer","Surefire suite","Wed Oct 07 08:39:37 UTC 2026","failed","Wed Oct 07 08:39:38 UTC 2026","testcases.transfer.ManualTransferTest","Surefire test","testcases.transfer.ManualTransferTest","transfer"
"Add Currency CS Admin Path Dengan Header Authorization Tanpa Skema Bearer","1495","addCurrencyWithMalformedAuthorizationHeader","Surefire suite","Wed Oct 07 09:16:01 UTC 2026","passed","Wed Oct 07 09:16:02 UTC 2026","testcases.backoffice.currency.AddCurrencyTest","Surefire test","testcases.backoffice.currency.AddCurrencyTest","addCurrencyWithMalformedAuthorizationHeader"
"Refund Summary Dengan Header Authorization Tanpa Skema Bearer","1440","getRefundWithMalformedAuthorizationHeader","Surefire suite","Wed Oct 07 08:38:48 UTC 2026","passed","Wed Oct 07 08:38:49 UTC 2026","testcases.backoffice.refund.GetRefundTest","Surefire test","testcases.backoffice.refund.GetRefundTest","getRefundWithMalformedAuthorizationHeader"
"Get Notification Sender Dengan Tipe Data Salah pada Field limit (String, Bukan Integer)","1655","getNotificationSenderWithInvalidFieldType","Surefire suite","Wed Oct 07 08:37:07 UTC 2026","passed","Wed Oct 07 08:37:09 UTC 2026","testcases.backoffice.notifsender.NotificationSenderTest","Surefire test","testcases.backoffice.notifsender.NotificationSenderTest","getNotificationSenderWithInvalidFieldType"
"Transfer with Wrong Pin","10246","transferWrongPin","Surefire suite","Wed Oct 07 08:39:41 UTC 2026","failed","Wed Oct 07 08:39:51 UTC 2026","testcases.transfer.ManualTransferTest","Surefire test","testcases.transfer.ManualTransferTest","transferWrongPin"
"Delete Group Backoffice Tanpa Field id","1509","deleteGroupWithoutIdField","Surefire suite","Wed Oct 07 08:15:41 UTC 2026","passed","Wed Oct 07 08:15:42 UTC 2026","testcases.backoffice.group.DeleteGroupTest","Surefire test","testcases.backoffice.group.DeleteGroupTest","deleteGroupWithoutIdField"
"Get Notification Sender Menggunakan HTTP Method GET","1481","getNotificationSenderWithGetMethod","Surefire suite","Wed Oct 07 08:36:42 UTC 2026","passed","Wed Oct 07 08:36:43 UTC 2026","testcases.backoffice.notifsender.NotificationSenderTest","Surefire test","testcases.backoffice.notifsender.NotificationSenderTest","getNotificationSenderWithGetMethod"
"Get List Group Backoffice Dengan page Melebihi Total Halaman","1474","getListGroupWithPageBeyondTotalPages","Surefire suite","Wed Oct 07 08:17:29 UTC 2026","passed","Wed Oct 07 08:17:30 UTC 2026","testcases.backoffice.group.GetListGroupTest","Surefire test","testcases.backoffice.group.GetListGroupTest","getListGroupWithPageBeyondTotalPages"
"Inquiry Test Manual Transfer Merchant","10331","inquiryManualTransfer","Surefire suite","Wed Oct 07 08:39:05 UTC 2026","failed","Wed Oct 07 08:39:16 UTC 2026","testcases.transfer.InquiryManualTransferTest","Surefire test","testcases.transfer.InquiryManualTransferTest","inquiryManualTransfer"
"Add User Backoffice Ke Path yang Tidak Ada (Typo)","1482","addMerchantBackofficeWithWrongPath","Surefire suite","Wed Oct 07 08:07:15 UTC 2026","passed","Wed Oct 07 08:07:17 UTC 2026","testcases.backoffice.users.AddUserTest","Surefire test","testcases.backoffice.users.AddUserTest","addMerchantBackofficeWithWrongPath"
"Reset Password Marketing","2135","resetPasswordMarketing","Surefire suite","Wed Oct 07 08:05:51 UTC 2026","passed","Wed Oct 07 08:05:54 UTC 2026","testcases.settings.ResetPasswordTest","Surefire test","testcases.settings.ResetPasswordTest","resetPasswordMarketing"
"List Manage Settlement Backoffice Dengan Sort Tanpa Operator '=='","1445","listManageSettlementWithMalformedSortOperator","Surefire suite","Wed Oct 07 08:34:35 UTC 2026","passed","Wed Oct 07 08:34:36 UTC 2026","testcases.backoffice.settlement.ManageSettlementTest","Surefire test","testcases.backoffice.settlement.ManageSettlementTest","listManageSettlementWithMalformedSortOperator"
"Check Status QR Ke Path yang Tidak Ada (Typo)","1440","checkStatusQRWithWrongPath","Surefire suite","Wed Oct 07 08:34:41 UTC 2026","failed","Wed Oct 07 08:34:43 UTC 2026","testcases.QR.CheckStatusQRTest","Surefire test","testcases.QR.CheckStatusQRTest","checkStatusQRWithWrongPath"
"Normal Transfer USDT Supervisor Success","10929","usdtTransferSupervisor","Surefire suite","Wed Oct 07 08:06:19 UTC 2026","failed","Wed Oct 07 08:06:30 UTC 2026","testcases.transfer.TransferUSDTTest","Surefire test","testcases.transfer.TransferUSDTTest","usdtTransferSupervisor"
"Delete Favorite Account CS","12586","deleteFavoriteAccountCS","Surefire suite","Wed Oct 07 09:02:17 UTC 2026","passed","Wed Oct 07 09:02:29 UTC 2026","testcases.settings.favoriteaccount.DeleteFavoriteAccountTest","Surefire test","testcases.settings.favoriteaccount.DeleteFavoriteAccountTest","deleteFavoriteAccountCS"
"Delete Favorite Account Dengan Token Valid Tapi Tanpa Header credentialId","41579","deleteFavoriteAccountWithoutCredentialIdHeader","Surefire suite","Wed Oct 07 08:23:58 UTC 2026","failed","Wed Oct 07 08:24:40 UTC 2026","testcases.settings.favoriteaccount.DeleteFavoriteAccountTest","Surefire test","testcases.settings.favoriteaccount.DeleteFavoriteAccountTest","deleteFavoriteAccountWithoutCredentialIdHeader"
"Get List Group Backoffice Menggunakan HTTP Method GET","1578","getListGroupWithGetMethod","Surefire suite","Wed Oct 07 08:16:39 UTC 2026","passed","Wed Oct 07 08:16:41 UTC 2026","testcases.backoffice.group.GetListGroupTest","Surefire test","testcases.backoffice.group.GetListGroupTest","getListGroupWithGetMethod"
"Add User Backoffice Dengan email Bertipe Number","1483","addMerchantBackofficeWithEmailAsNumber","Surefire suite","Wed Oct 07 08:05:53 UTC 2026","passed","Wed Oct 07 08:05:55 UTC 2026","testcases.backoffice.users.AddUserTest","Surefire test","testcases.backoffice.users.AddUserTest","addMerchantBackofficeWithEmailAsNumber"
"Approval Refund Special Transfer Merchant","3586","approveRefundSpecialTransferMerchant","Surefire suite","Wed Oct 07 09:05:20 UTC 2026","passed","Wed Oct 07 09:05:23 UTC 2026","testcases.backoffice.ApprovalRefundTest","Surefire test","testcases.backoffice.ApprovalRefundTest","approveRefundSpecialTransferMerchant"
"Delete Group Backoffice Menggunakan Login Admin Crypto","1463","deleteGroupWithAdminCryptoLogin","Surefire suite","Wed Oct 07 08:13:07 UTC 2026","passed","Wed Oct 07 08:13:08 UTC 2026","testcases.backoffice.group.DeleteGroupTest","Surefire test","testcases.backoffice.group.DeleteGroupTest","deleteGroupWithAdminCryptoLogin"
"Delete session Merchant on CS Admin","2440","deleteSessionCsAdmin","Surefire suite","Wed Oct 07 08:06:03 UTC 2026","broken","Wed Oct 07 08:06:05 UTC 2026","testcases.backoffice.users.EditUserTest","Surefire test","testcases.backoffice.users.EditUserTest","deleteSessionCsAdmin"
"Get List Favorite Account CS","4920","getListFavoriteAccountCS","Surefire suite","Wed Oct 07 09:45:38 UTC 2026","passed","Wed Oct 07 09:45:43 UTC 2026","testcases.settings.favoriteaccount.GetListFavoriteAccountTest","Surefire test","testcases.settings.favoriteaccount.GetListFavoriteAccountTest","getListFavoriteAccountCS"
"Get History USDT Transfer Test CS","5277","historyUSDTTransferTestAdmin","Surefire suite","Wed Oct 07 09:30:59 UTC 2026","passed","Wed Oct 07 09:31:04 UTC 2026","testcases.history.HistoryTransferTest","Surefire test","testcases.history.HistoryTransferTest","historyUSDTTransferTestAdmin"
"Delete Group Backoffice Dengan id Valid Tapi name Tidak Cocok","6250","deleteGroupWithMismatchedName","Surefire suite","Wed Oct 07 08:14:28 UTC 2026","passed","Wed Oct 07 08:14:34 UTC 2026","testcases.backoffice.group.DeleteGroupTest","Surefire test","testcases.backoffice.group.DeleteGroupTest","deleteGroupWithMismatchedName"
"Create Manage Settlement BO Menggunakan Login Merchant","1536","addManageSettlementWithMerchantLogin","Surefire suite","Wed Oct 07 08:28:32 UTC 2026","passed","Wed Oct 07 08:28:33 UTC 2026","testcases.backoffice.settlement.AddManageSettlementTest","Surefire test","testcases.backoffice.settlement.AddManageSettlementTest","addManageSettlementWithMerchantLogin"
"List Manage Settlement Backoffice Menggunakan Login Merchant","4458","listManageSettlementWithMerchantLogin","Surefire suite","Wed Oct 07 08:34:47 UTC 2026","passed","Wed Oct 07 08:34:52 UTC 2026","testcases.backoffice.settlement.ManageSettlementTest","Surefire test","testcases.backoffice.settlement.ManageSettlementTest","listManageSettlementWithMerchantLogin"
"Success Login Customer Service","6032","testLoginCS","Surefire suite","Wed Oct 07 08:05:21 UTC 2026","passed","Wed Oct 07 08:05:27 UTC 2026","testcases.auth.LoginTest","Surefire test","testcases.auth.LoginTest","testLoginCS"
"List Manage Settlement Backoffice Menggunakan Login Admin","4576","listManageSettlementWithAdminLogin","Surefire suite","Wed Oct 07 08:33:23 UTC 2026","passed","Wed Oct 07 08:33:27 UTC 2026","testcases.backoffice.settlement.ManageSettlementTest","Surefire test","testcases.backoffice.settlement.ManageSettlementTest","listManageSettlementWithAdminLogin"
"Check Status QR Tanpa Login/Header Auth","1477","checkStatusQRWithoutAuth","Surefire suite","Wed Oct 07 08:34:50 UTC 2026","failed","Wed Oct 07 08:34:52 UTC 2026","testcases.QR.CheckStatusQRTest","Surefire test","testcases.QR.CheckStatusQRTest","checkStatusQRWithoutAuth"
"Delete Manage Settlement BO Dengan id Berisi Karakter SQL Injection","1452","deleteManageSettlementWithSqlInjectionId","Surefire suite","Wed Oct 07 08:26:17 UTC 2026","passed","Wed Oct 07 08:26:18 UTC 2026","testcases.backoffice.settlement.DeleteManageSettlementTest","Surefire test","testcases.backoffice.settlement.DeleteManageSettlementTest","deleteManageSettlementWithSqlInjectionId"
"Created Favorite Account Ke Path yang Tidak Ada (Typo)","1421","createdFavoriteAccountWithWrongPath","Surefire suite","Wed Oct 07 08:36:39 UTC 2026","failed","Wed Oct 07 08:36:40 UTC 2026","testcases.settings.favoriteaccount.CreatedFavoriteAccountTest","Surefire test","testcases.settings.favoriteaccount.CreatedFavoriteAccountTest","createdFavoriteAccountWithWrongPath"
"Delete Group Backoffice Dengan name String Kosong","1503","deleteGroupWithEmptyName","Surefire suite","Wed Oct 07 08:13:43 UTC 2026","passed","Wed Oct 07 08:13:45 UTC 2026","testcases.backoffice.group.DeleteGroupTest","Surefire test","testcases.backoffice.group.DeleteGroupTest","deleteGroupWithEmptyName"
"List Currency USDT Menggunakan HTTP Method GET","1472","getCurrencyWithGetMethod","Surefire suite","Wed Oct 07 08:22:50 UTC 2026","passed","Wed Oct 07 08:22:51 UTC 2026","testcases.backoffice.currency.GetCurrencyTest","Surefire test","testcases.backoffice.currency.GetCurrencyTest","getCurrencyWithGetMethod"
"Get List Group Company BO Dengan groupName Berisi Karakter SQL Injection","1508","getListGroupCompanyWithSqlInjectionGroupName","Surefire suite","Wed Oct 07 08:31:19 UTC 2026","passed","Wed Oct 07 08:31:20 UTC 2026","testcases.backoffice.settlement.GetListGroupCompanyTest","Surefire test","testcases.backoffice.settlement.GetListGroupCompanyTest","getListGroupCompanyWithSqlInjectionGroupName"
"Inquiry Favorite Account Tanpa Login/Header Auth","1390","inquiryFavoriteAccountWithoutAuth","Surefire suite","Wed Oct 07 08:38:43 UTC 2026","passed","Wed Oct 07 08:38:45 UTC 2026","testcases.settings.favoriteaccount.InquiryFavoriteAccountTest","Surefire test","testcases.settings.favoriteaccount.InquiryFavoriteAccountTest","inquiryFavoriteAccountWithoutAuth"
"Success Assignment Cash Deposit","6698","assignCashDepositTest","Surefire suite","Wed Oct 07 08:41:40 UTC 2026","passed","Wed Oct 07 08:41:47 UTC 2026","testcases.backoffice.TransferAssignmentTest","Surefire test","testcases.backoffice.TransferAssignmentTest","assignCashDepositTest"
"List Manage Settlement Backoffice Dengan Token Tidak Valid","1459","listManageSettlementWithInvalidToken","Surefire suite","Wed Oct 07 08:34:22 UTC 2026","passed","Wed Oct 07 08:34:23 UTC 2026","testcases.backoffice.settlement.ManageSettlementTest","Surefire test","testcases.backoffice.settlement.ManageSettlementTest","listManageSettlementWithInvalidToken"
"Get List Group Backoffice Dengan Token Backoffice Valid Tapi Tanpa Header pbyv","1554","getListGroupWithoutPbyvHeader","Surefire suite","Wed Oct 07 08:18:32 UTC 2026","passed","Wed Oct 07 08:18:34 UTC 2026","testcases.backoffice.group.GetListGroupTest","Surefire test","testcases.backoffice.group.GetListGroupTest","getListGroupWithoutPbyvHeader"
"Get List Group Backoffice Dengan size Bertipe String","1450","getListGroupWithSizeAsString","Surefire suite","Wed Oct 07 08:17:42 UTC 2026","passed","Wed Oct 07 08:17:44 UTC 2026","testcases.backoffice.group.GetListGroupTest","Surefire test","testcases.backoffice.group.GetListGroupTest","getListGroupWithSizeAsString"
"List User Backoffice Menggunakan Login Merchant","1559","listUsersWithMerchantLogin","Surefire suite","Wed Oct 07 08:34:36 UTC 2026","passed","Wed Oct 07 08:34:37 UTC 2026","testcases.backoffice.users.ListUsersTest","Surefire test","testcases.backoffice.users.ListUsersTest","listUsersWithMerchantLogin"
"Delete Group Backoffice yang Sama Dipanggil Dua Kali (Sudah Terhapus)","7615","deleteGroupAlreadyDeleted","Surefire suite","Wed Oct 07 08:12:49 UTC 2026","passed","Wed Oct 07 08:12:56 UTC 2026","testcases.backoffice.group.DeleteGroupTest","Surefire test","testcases.backoffice.group.DeleteGroupTest","deleteGroupAlreadyDeleted"
"Create Manage Settlement BO Dengan Body Berupa Literal null","1448","addManageSettlementWithNullLiteralBody","Surefire suite","Wed Oct 07 08:28:45 UTC 2026","passed","Wed Oct 07 08:28:47 UTC 2026","testcases.backoffice.settlement.AddManageSettlementTest","Surefire test","testcases.backoffice.settlement.AddManageSettlementTest","addManageSettlementWithNullLiteralBody"
"Generate QR Success with Fee Admin","18351","generateQRBalanceFeeAdmin","Surefire suite","Wed Oct 07 08:11:33 UTC 2026","passed","Wed Oct 07 08:11:51 UTC 2026","testcases.QR.GenerateQRPaidTest","Surefire test","testcases.QR.GenerateQRPaidTest","generateQRBalanceFeeAdmin"
"Check Status QR Dengan Token Tidak Valid","1439","checkStatusQRWithInvalidToken","Surefire suite","Wed Oct 07 08:33:43 UTC 2026","failed","Wed Oct 07 08:33:44 UTC 2026","testcases.QR.CheckStatusQRTest","Surefire test","testcases.QR.CheckStatusQRTest","checkStatusQRWithInvalidToken"
"Delete Group Backoffice Dengan Karakter SQL Injection pada id","1563","deleteGroupWithSqlInjectionId","Surefire suite","Wed Oct 07 08:14:55 UTC 2026","passed","Wed Oct 07 08:14:56 UTC 2026","testcases.backoffice.group.DeleteGroupTest","Surefire test","testcases.backoffice.group.DeleteGroupTest","deleteGroupWithSqlInjectionId"
"Test Approve Manual Transfer Supervisor dengan check Fee di Admin Crypto dan Admin Fee","19997","approvedCashDepositBalanceSupervisor","Surefire suite","Wed Oct 07 09:06:14 UTC 2026","passed","Wed Oct 07 09:06:34 UTC 2026","testcases.backoffice.ApprovalTransferTest","Surefire test","testcases.backoffice.ApprovalTransferTest","approvedCashDepositBalanceSupervisor"
"Get Group Detail Backoffice Dengan Group Id Sangat Panjang (10.000 karakter)","1468","getGroupDetailWithOverlongId","Surefire suite","Wed Oct 07 08:12:08 UTC 2026","passed","Wed Oct 07 08:12:09 UTC 2026","testcases.backoffice.group.GetGroupTest","Surefire test","testcases.backoffice.group.GetGroupTest","getGroupDetailWithOverlongId"
"Inquiry Test USDT Transfer Merchant","10435","inquiryUSDT","Surefire suite","Wed Oct 07 08:10:07 UTC 2026","failed","Wed Oct 07 08:10:17 UTC 2026","testcases.transfer.InquiryUSDTTest","Surefire test","testcases.transfer.InquiryUSDTTest","inquiryUSDT"
"Get Balance Merchant with Login CS","2419","getBalanceMerchantLoginCS","Surefire suite","Wed Oct 07 08:05:45 UTC 2026","passed","Wed Oct 07 08:05:47 UTC 2026","testcases.balance.GetBalanceQrisTest","Surefire test","testcases.balance.GetBalanceQrisTest","getBalanceMerchantLoginCS"
"Get List Google Authenticator Dengan Field Tidak Dikenal pada Body","1494","listOtpGoogleWithUnknownField","Surefire suite","Wed Oct 07 08:37:04 UTC 2026","passed","Wed Oct 07 08:37:06 UTC 2026","testcases.backoffice.googleauth.ListOtpGoogleTest","Surefire test","testcases.backoffice.googleauth.ListOtpGoogleTest","listOtpGoogleWithUnknownField"
"Add Currency CS Admin Path Dengan Header powis Salah","1476","addCurrencyWithWrongPowisHeader","Surefire suite","Wed Oct 07 09:17:27 UTC 2026","passed","Wed Oct 07 09:17:28 UTC 2026","testcases.backoffice.currency.AddCurrencyTest","Surefire test","testcases.backoffice.currency.AddCurrencyTest","addCurrencyWithWrongPowisHeader"
"Get List Google Authenticator Dengan Header Authorization Tanpa Skema Bearer","1429","listOtpGoogleWithMalformedAuthorizationHeader","Surefire suite","Wed Oct 07 08:36:14 UTC 2026","passed","Wed Oct 07 08:36:16 UTC 2026","testcases.backoffice.googleauth.ListOtpGoogleTest","Surefire test","testcases.backoffice.googleauth.ListOtpGoogleTest","listOtpGoogleWithMalformedAuthorizationHeader"
"Created Favorite Account Dengan Body JSON Tidak Valid (Malformed)","1436","createdFavoriteAccountWithMalformedJson","Surefire suite","Wed Oct 07 08:36:03 UTC 2026","passed","Wed Oct 07 08:36:05 UTC 2026","testcases.settings.favoriteaccount.CreatedFavoriteAccountTest","Surefire test","testcases.settings.favoriteaccount.CreatedFavoriteAccountTest","createdFavoriteAccountWithMalformedJson"
"Wrong Password Login Merchant","2942","testLoginWrongPassword","Surefire suite","Wed Oct 07 08:11:27 UTC 2026","passed","Wed Oct 07 08:11:30 UTC 2026","testcases.auth.LoginTest","Surefire test","testcases.auth.LoginTest","testLoginWrongPassword"
"Delete Favorite Account Dengan Header Authorization Tanpa Skema Bearer","1396","deleteFavoriteAccountWithMalformedAuthorizationHeader","Surefire suite","Wed Oct 07 08:17:26 UTC 2026","passed","Wed Oct 07 08:17:27 UTC 2026","testcases.settings.favoriteaccount.DeleteFavoriteAccountTest","Surefire test","testcases.settings.favoriteaccount.DeleteFavoriteAccountTest","deleteFavoriteAccountWithMalformedAuthorizationHeader"
"Request Refund Transfer Supervisor","1547","refundTransferSupervisor","Surefire suite","Wed Oct 07 08:08:08 UTC 2026","failed","Wed Oct 07 08:08:10 UTC 2026","testcases.transfer.RefundTransferTest","Surefire test","testcases.transfer.RefundTransferTest","refundTransferSupervisor"
"Get User Backoffice Dengan Token Tidak Valid","1481","getUserWithInvalidToken","Surefire suite","Wed Oct 07 08:21:56 UTC 2026","passed","Wed Oct 07 08:21:58 UTC 2026","testcases.backoffice.GetDashboardTest","Surefire test","testcases.backoffice.GetDashboardTest","getUserWithInvalidToken"
"Delete Google Authenticator Menggunakan Login CS Admin","1536","deleteOtpGoogleWithCSAdminLogin","Surefire suite","Wed Oct 07 08:18:55 UTC 2026","passed","Wed Oct 07 08:18:56 UTC 2026","testcases.backoffice.googleauth.DeleteOtpGoogleTest","Surefire test","testcases.backoffice.googleauth.DeleteOtpGoogleTest","deleteOtpGoogleWithCSAdminLogin"
"Refund Summary Tanpa Field startDate","1471","getRefundWithoutStartDate","Surefire suite","Wed Oct 07 08:40:26 UTC 2026","passed","Wed Oct 07 08:40:28 UTC 2026","testcases.backoffice.refund.GetRefundTest","Surefire test","testcases.backoffice.refund.GetRefundTest","getRefundWithoutStartDate"
"Get Notification Sender Menggunakan HTTP Method DELETE","1403","getNotificationSenderWithDeleteMethod","Surefire suite","Wed Oct 07 08:36:24 UTC 2026","passed","Wed Oct 07 08:36:25 UTC 2026","testcases.backoffice.notifsender.NotificationSenderTest","Surefire test","testcases.backoffice.notifsender.NotificationSenderTest","getNotificationSenderWithDeleteMethod"
"List Currency USDT Dengan Header Authorization Tanpa Skema Bearer","1483","getCurrencyWithMalformedAuthorizationHeader","Surefire suite","Wed Oct 07 08:23:13 UTC 2026","passed","Wed Oct 07 08:23:14 UTC 2026","testcases.backoffice.currency.GetCurrencyTest","Surefire test","testcases.backoffice.currency.GetCurrencyTest","getCurrencyWithMalformedAuthorizationHeader"
"Add Group Backoffice","1662","addGroupBO","Surefire suite","Wed Oct 07 08:07:36 UTC 2026","passed","Wed Oct 07 08:07:38 UTC 2026","testcases.backoffice.group.AddGroupTest","Surefire test","testcases.backoffice.group.AddGroupTest","addGroupBO"
"Get Notification Sender Tanpa Field pinValidasi","1432","getNotificationSenderWithoutPinValidasi","Surefire suite","Wed Oct 07 08:38:57 UTC 2026","passed","Wed Oct 07 08:38:59 UTC 2026","testcases.backoffice.notifsender.NotificationSenderTest","Surefire test","testcases.backoffice.notifsender.NotificationSenderTest","getNotificationSenderWithoutPinValidasi"
"Get List Group Company BO Dengan groupName Berbeda Kapitalisasi","1506","getListGroupCompanyWithDifferentCaseGroupName","Surefire suite","Wed Oct 07 08:30:20 UTC 2026","passed","Wed Oct 07 08:30:22 UTC 2026","testcases.backoffice.settlement.GetListGroupCompanyTest","Surefire test","testcases.backoffice.settlement.GetListGroupCompanyTest","getListGroupCompanyWithDifferentCaseGroupName"
"Refund Summary Tanpa Body Sama Sekali","1424","getRefundWithoutBody","Surefire suite","Wed Oct 07 08:40:13 UTC 2026","passed","Wed Oct 07 08:40:14 UTC 2026","testcases.backoffice.refund.GetRefundTest","Surefire test","testcases.backoffice.refund.GetRefundTest","getRefundWithoutBody"
"Get Group Detail Backoffice Dengan Format Group Id Tidak Valid (Bukan ObjectId)","1599","getGroupDetailWithMalformedId","Surefire suite","Wed Oct 07 08:11:50 UTC 2026","passed","Wed Oct 07 08:11:51 UTC 2026","testcases.backoffice.group.GetGroupTest","Surefire test","testcases.backoffice.group.GetGroupTest","getGroupDetailWithMalformedId"
"List Waiting Company Backoffice Dengan Body Kosong ({})","1534","listWaitingCompanyWithEmptyBody","Surefire suite","Wed Oct 07 08:41:03 UTC 2026","passed","Wed Oct 07 08:41:04 UTC 2026","testcases.backoffice.ListWaitingCompanyTest","Surefire test","testcases.backoffice.ListWaitingCompanyTest","listWaitingCompanyWithEmptyBody"
"Resend Google Authenticator Menggunakan Login Admin","1522","resendOtpGoogleWithAdminLogin","Surefire suite","Wed Oct 07 08:39:11 UTC 2026","passed","Wed Oct 07 08:39:12 UTC 2026","testcases.backoffice.googleauth.ResendOtpGoogleTest","Surefire test","testcases.backoffice.googleauth.ResendOtpGoogleTest","resendOtpGoogleWithAdminLogin"
"Inquiry Favorite Account Dengan Token Tidak Valid","1431","inquiryFavoriteAccountWithInvalidToken","Surefire suite","Wed Oct 07 08:37:46 UTC 2026","passed","Wed Oct 07 08:37:47 UTC 2026","testcases.settings.favoriteaccount.InquiryFavoriteAccountTest","Surefire test","testcases.settings.favoriteaccount.InquiryFavoriteAccountTest","inquiryFavoriteAccountWithInvalidToken"
"","1526","listSettlement","Surefire suite","Wed Oct 07 08:40:35 UTC 2026","passed","Wed Oct 07 08:40:37 UTC 2026","testcases.backoffice.ListTransferTest","Surefire test","testcases.backoffice.ListTransferTest","listSettlement"
"Delete Manage Settlement BO Dengan id yang Sama Dua Kali (Sudah Terhapus)","6138","deleteManageSettlementWithAlreadyDeletedId","Surefire suite","Wed Oct 07 08:24:55 UTC 2026","passed","Wed Oct 07 08:25:02 UTC 2026","testcases.backoffice.settlement.DeleteManageSettlementTest","Surefire test","testcases.backoffice.settlement.DeleteManageSettlementTest","deleteManageSettlementWithAlreadyDeletedId"
"Delete Manage Settlement BO Menggunakan Login Admin Crypto","1475","deleteManageSettlementWithAdminCryptoLogin","Surefire suite","Wed Oct 07 08:24:46 UTC 2026","passed","Wed Oct 07 08:24:48 UTC 2026","testcases.backoffice.settlement.DeleteManageSettlementTest","Surefire test","testcases.backoffice.settlement.DeleteManageSettlementTest","deleteManageSettlementWithAdminCryptoLogin"
"Get List Group Company BO","1631","getListGroupCompanyBO","Surefire suite","Wed Oct 07 08:29:53 UTC 2026","passed","Wed Oct 07 08:29:55 UTC 2026","testcases.backoffice.settlement.GetListGroupCompanyTest","Surefire test","testcases.backoffice.settlement.GetListGroupCompanyTest","getListGroupCompanyBO"
"Delete Manage Settlement BO Menggunakan Login Supervisor","1496","deleteManageSettlementWithSupervisorLogin","Surefire suite","Wed Oct 07 08:26:21 UTC 2026","passed","Wed Oct 07 08:26:23 UTC 2026","testcases.backoffice.settlement.DeleteManageSettlementTest","Surefire test","testcases.backoffice.settlement.DeleteManageSettlementTest","deleteManageSettlementWithSupervisorLogin"
"Get History Transfer Merchant on Login CS Admin","6910","historyTransferMerchantTestCSAdmin","Surefire suite","Wed Oct 07 09:29:30 UTC 2026","passed","Wed Oct 07 09:29:37 UTC 2026","testcases.history.HistoryTransferTest","Surefire test","testcases.history.HistoryTransferTest","historyTransferMerchantTestCSAdmin"
"Normal Transfer USDT Balance Success","6959","usdtTransferBalanceAdminCrypto","Surefire suite","Wed Oct 07 08:05:46 UTC 2026","passed","Wed Oct 07 08:05:53 UTC 2026","testcases.transfer.TransferUSDTTest","Surefire test","testcases.transfer.TransferUSDTTest","usdtTransferBalanceAdminCrypto"
"List User Backoffice Tanpa Login/Header Auth","1421","listUsersWithoutAuth","Surefire suite","Wed Oct 07 08:34:57 UTC 2026","passed","Wed Oct 07 08:34:58 UTC 2026","testcases.backoffice.users.ListUsersTest","Surefire test","testcases.backoffice.users.ListUsersTest","listUsersWithoutAuth"
"List Currency USDT Dengan Payload XSS pada Field Param","1512","getCurrencyWithXssParam","Surefire suite","Wed Oct 07 08:24:21 UTC 2026","passed","Wed Oct 07 08:24:22 UTC 2026","testcases.backoffice.currency.GetCurrencyTest","Surefire test","testcases.backoffice.currency.GetCurrencyTest","getCurrencyWithXssParam"
"Approval Refund Special Transfer Merchant","13721","approveRefundManualTransferMerchant","Surefire suite","Wed Oct 07 09:05:03 UTC 2026","passed","Wed Oct 07 09:05:16 UTC 2026","testcases.backoffice.ApprovalRefundTest","Surefire test","testcases.backoffice.ApprovalRefundTest","approveRefundManualTransferMerchant"
"List Refund Menggunakan Login CS Admin","4601","listRefundWithCSAdminLogin","Surefire suite","Wed Oct 07 09:21:18 UTC 2026","passed","Wed Oct 07 09:21:22 UTC 2026","testcases.backoffice.ListRefundTest","Surefire test","testcases.backoffice.ListRefundTest","listRefundWithCSAdminLogin"
"Get Detail Waiting Company Backoffice Menggunakan Login CS Admin","4715","getDetailWaitingCompanyWithCSAdminLogin","Surefire suite","Wed Oct 07 08:05:37 UTC 2026","passed","Wed Oct 07 08:05:42 UTC 2026","testcases.backoffice.GetDetailWaitingCompanyTest","Surefire test","testcases.backoffice.GetDetailWaitingCompanyTest","getDetailWaitingCompanyWithCSAdminLogin"
"Resend Google Authenticator Tanpa Body Sama Sekali","1390","resendOtpGoogleWithoutBody","Surefire suite","Wed Oct 07 08:41:20 UTC 2026","passed","Wed Oct 07 08:41:21 UTC 2026","testcases.backoffice.googleauth.ResendOtpGoogleTest","Surefire test","testcases.backoffice.googleauth.ResendOtpGoogleTest","resendOtpGoogleWithoutBody"
"Get Group User Backoffice","1514","getGroupSuperBO","Surefire suite","Wed Oct 07 08:21:25 UTC 2026","passed","Wed Oct 07 08:21:26 UTC 2026","testcases.backoffice.GetDashboardTest","Surefire test","testcases.backoffice.GetDashboardTest","getGroupSuperBO"
"Get List Group Company BO Menggunakan HTTP Method DELETE","1447","getListGroupCompanyWithDeleteMethod","Surefire suite","Wed Oct 07 08:30:16 UTC 2026","passed","Wed Oct 07 08:30:17 UTC 2026","testcases.backoffice.settlement.GetListGroupCompanyTest","Surefire test","testcases.backoffice.settlement.GetListGroupCompanyTest","getListGroupCompanyWithDeleteMethod"
"Test Get Bank Statement","2152","getReportBankStatementAdmin","Surefire suite","Wed Oct 07 08:05:31 UTC 2026","passed","Wed Oct 07 08:05:33 UTC 2026","testcases.report.ReportTransactionTest","Surefire test","testcases.report.ReportTransactionTest","getReportBankStatementAdmin"
"List User Backoffice Dengan Karakter SQL Injection pada Field Param - Menemukan Bug Gateway Timeout","1498","listUsersWithSqlInjectionParam","Surefire suite","Wed Oct 07 08:34:45 UTC 2026","passed","Wed Oct 07 08:34:46 UTC 2026","testcases.backoffice.users.ListUsersTest","Surefire test","testcases.backoffice.users.ListUsersTest","listUsersWithSqlInjectionParam"
"Delete Google Authenticator Dengan id Berisi Spasi","1895","deleteOtpGoogleWithWhitespaceId","Surefire suite","Wed Oct 07 08:20:16 UTC 2026","passed","Wed Oct 07 08:20:18 UTC 2026","testcases.backoffice.googleauth.DeleteOtpGoogleTest","Surefire test","testcases.backoffice.googleauth.DeleteOtpGoogleTest","deleteOtpGoogleWithWhitespaceId"
"Add User Backoffice Dengan email Baru yang Sama Dikirim Dua Kali","3741","addMerchantBackofficeWithDuplicateRequestSameNewEmail","Surefire suite","Wed Oct 07 08:05:46 UTC 2026","passed","Wed Oct 07 08:05:50 UTC 2026","testcases.backoffice.users.AddUserTest","Surefire test","testcases.backoffice.users.AddUserTest","addMerchantBackofficeWithDuplicateRequestSameNewEmail"
"Inquiry Favorite Account Dengan Karakter SQL Injection pada beneficiaryAccountNo","1450","inquiryFavoriteAccountWithSqlInjectionAccountNo","Surefire suite","Wed Oct 07 08:38:17 UTC 2026","failed","Wed Oct 07 08:38:18 UTC 2026","testcases.settings.favoriteaccount.InquiryFavoriteAccountTest","Surefire test","testcases.settings.favoriteaccount.InquiryFavoriteAccountTest","inquiryFavoriteAccountWithSqlInjectionAccountNo"
"Get History Flop Transfer Merchant on Login CS Admin","15784","historyFlopTransferMerchantTestCSAdmin","Surefire suite","Wed Oct 07 09:25:48 UTC 2026","passed","Wed Oct 07 09:26:04 UTC 2026","testcases.history.HistoryTransferTest","Surefire test","testcases.history.HistoryTransferTest","historyFlopTransferMerchantTestCSAdmin"
"Transfer Success Admin Crypto with before and after Balanced","7112","transferBalanceAdminCrypto","Surefire suite","Wed Oct 07 08:07:10 UTC 2026","passed","Wed Oct 07 08:07:17 UTC 2026","testcases.transfer.TransferTest","Surefire test","testcases.transfer.TransferTest","transferBalanceAdminCrypto"
"Get Detail User Backoffice Dengan User Id yang Tidak Ada","1736","getUsersWithNonExistentId","Surefire suite","Wed Oct 07 08:33:31 UTC 2026","passed","Wed Oct 07 08:33:33 UTC 2026","testcases.backoffice.users.ListUsersTest","Surefire test","testcases.backoffice.users.ListUsersTest","getUsersWithNonExistentId"
"Check Status QR Dengan id yang Tidak Pernah Ada","1498","checkStatusQRWithNonExistentId","Surefire suite","Wed Oct 07 08:33:56 UTC 2026","failed","Wed Oct 07 08:33:58 UTC 2026","testcases.QR.CheckStatusQRTest","Surefire test","testcases.QR.CheckStatusQRTest","checkStatusQRWithNonExistentId"
"Add Currency CS Admin Path Dengan Key rate Terduplikasi","1598","addCurrencyWithDuplicateRateKeys","Surefire suite","Wed Oct 07 09:15:29 UTC 2026","passed","Wed Oct 07 09:15:31 UTC 2026","testcases.backoffice.currency.AddCurrencyTest","Surefire test","testcases.backoffice.currency.AddCurrencyTest","addCurrencyWithDuplicateRateKeys"
"List Manage Settlement Backoffice Menggunakan Login Marketing","4706","listManageSettlementWithMarketingLogin","Surefire suite","Wed Oct 07 08:34:39 UTC 2026","passed","Wed Oct 07 08:34:44 UTC 2026","testcases.backoffice.settlement.ManageSettlementTest","Surefire test","testcases.backoffice.settlement.ManageSettlementTest","listManageSettlementWithMarketingLogin"
"Generate QR Code Failed Merchant","1432","generateQRCodeFailed","Surefire suite","Wed Oct 07 08:35:14 UTC 2026","failed","Wed Oct 07 08:35:15 UTC 2026","testcases.QR.GenerateQRTest","Surefire test","testcases.QR.GenerateQRTest","generateQRCodeFailed"
"Mutasi Transfer Balance","7253","mutasiTransferBalance","Surefire suite","Wed Oct 07 09:39:22 UTC 2026","passed","Wed Oct 07 09:39:29 UTC 2026","testcases.mutasi.MutasiTransferTest","Surefire test","testcases.mutasi.MutasiTransferTest","mutasiTransferBalance"
"Get Notification Sender Menggunakan Login Customer Service","1463","getNotificationSenderWithCSLogin","Surefire suite","Wed Oct 07 08:36:20 UTC 2026","passed","Wed Oct 07 08:36:21 UTC 2026","testcases.backoffice.notifsender.NotificationSenderTest","Surefire test","testcases.backoffice.notifsender.NotificationSenderTest","getNotificationSenderWithCSLogin"
"Test Approved Manual Transfer","9757","rejectedCashDeposit","Surefire suite","Wed Oct 07 09:09:58 UTC 2026","passed","Wed Oct 07 09:10:07 UTC 2026","testcases.backoffice.ApprovalTransferTest","Surefire test","testcases.backoffice.ApprovalTransferTest","rejectedCashDeposit"
"Created Favorite Account Dengan Token Tidak Valid","1449","createdFavoriteAccountWithInvalidToken","Surefire suite","Wed Oct 07 08:35:54 UTC 2026","passed","Wed Oct 07 08:35:56 UTC 2026","testcases.settings.favoriteaccount.CreatedFavoriteAccountTest","Surefire test","testcases.settings.favoriteaccount.CreatedFavoriteAccountTest","createdFavoriteAccountWithInvalidToken"
"Get Notification Sender Menggunakan Login CS Admin","1490","getNotificationSenderWithCSAdminLogin","Surefire suite","Wed Oct 07 08:36:15 UTC 2026","passed","Wed Oct 07 08:36:17 UTC 2026","testcases.backoffice.notifsender.NotificationSenderTest","Surefire test","testcases.backoffice.notifsender.NotificationSenderTest","getNotificationSenderWithCSAdminLogin"
"Success Login Admin","3114","testLoginAdmin","Surefire suite","Wed Oct 07 08:06:11 UTC 2026","passed","Wed Oct 07 08:06:14 UTC 2026","testcases.auth.LoginTest","Surefire test","testcases.auth.LoginTest","testLoginAdmin"
"Get History Special Transfer Test Fee Admin","5207","historySpecialTransferTestFeeAdmin","Surefire suite","Wed Oct 07 09:29:14 UTC 2026","passed","Wed Oct 07 09:29:19 UTC 2026","testcases.history.HistoryTransferTest","Surefire test","testcases.history.HistoryTransferTest","historySpecialTransferTestFeeAdmin"
"Resend Google Authenticator","1485","resendOtpGoogleBO","Surefire suite","Wed Oct 07 08:39:02 UTC 2026","passed","Wed Oct 07 08:39:03 UTC 2026","testcases.backoffice.googleauth.ResendOtpGoogleTest","Surefire test","testcases.backoffice.googleauth.ResendOtpGoogleTest","resendOtpGoogleBO"
"List Company Backoffice Dengan Ukuran Halaman Sangat Besar","2196","listCompanyWithHugeSize","Surefire suite","Wed Oct 07 08:42:42 UTC 2026","passed","Wed Oct 07 08:42:44 UTC 2026","testcases.backoffice.ListCompanyTest","Surefire test","testcases.backoffice.ListCompanyTest","listCompanyWithHugeSize"
"Create Manage Settlement BO Dengan Item companyList Tanpa companyId","1509","addManageSettlementWithoutCompanyId","Surefire suite","Wed Oct 07 08:29:35 UTC 2026","passed","Wed Oct 07 08:29:37 UTC 2026","testcases.backoffice.settlement.AddManageSettlementTest","Surefire test","testcases.backoffice.settlement.AddManageSettlementTest","addManageSettlementWithoutCompanyId"
"Resend Google Authenticator Menggunakan HTTP Method PATCH","1389","resendOtpGoogleWithPatchMethod","Surefire suite","Wed Oct 07 08:40:40 UTC 2026","passed","Wed Oct 07 08:40:41 UTC 2026","testcases.backoffice.googleauth.ResendOtpGoogleTest","Surefire test","testcases.backoffice.googleauth.ResendOtpGoogleTest","resendOtpGoogleWithPatchMethod"
"Refund Summary Dengan Body JSON Tidak Valid (Malformed)","1424","getRefundWithMalformedJson","Surefire suite","Wed Oct 07 08:38:52 UTC 2026","passed","Wed Oct 07 08:38:54 UTC 2026","testcases.backoffice.refund.GetRefundTest","Surefire test","testcases.backoffice.refund.GetRefundTest","getRefundWithMalformedJson"
"Inquiry Favorite Account Menggunakan HTTP Method GET","1432","inquiryFavoriteAccountWithGetMethod","Surefire suite","Wed Oct 07 08:37:41 UTC 2026","failed","Wed Oct 07 08:37:43 UTC 2026","testcases.settings.favoriteaccount.InquiryFavoriteAccountTest","Surefire test","testcases.settings.favoriteaccount.InquiryFavoriteAccountTest","inquiryFavoriteAccountWithGetMethod"
"Get Group Detail Backoffice Dengan Group Id Milik Entitas Lain (User Id)","1494","getGroupDetailWithForeignEntityId","Surefire suite","Wed Oct 07 08:11:29 UTC 2026","passed","Wed Oct 07 08:11:30 UTC 2026","testcases.backoffice.group.GetGroupTest","Surefire test","testcases.backoffice.group.GetGroupTest","getGroupDetailWithForeignEntityId"
"Delete Group Backoffice Dengan Field Tidak Dikenal pada Body","1506","deleteGroupWithUnknownField","Surefire suite","Wed Oct 07 08:15:04 UTC 2026","passed","Wed Oct 07 08:15:06 UTC 2026","testcases.backoffice.group.DeleteGroupTest","Surefire test","testcases.backoffice.group.DeleteGroupTest","deleteGroupWithUnknownField"
"Add Group Backoffice Dengan Token Tidak Valid","1439","addGroupWithInvalidToken","Surefire suite","Wed Oct 07 08:09:04 UTC 2026","passed","Wed Oct 07 08:09:06 UTC 2026","testcases.backoffice.group.AddGroupTest","Surefire test","testcases.backoffice.group.AddGroupTest","addGroupWithInvalidToken"
"Inquiry Favorite Account CS","11182","inquiryFavoriteAccountCS","Surefire suite","Wed Oct 07 08:59:17 UTC 2026","passed","Wed Oct 07 08:59:29 UTC 2026","testcases.settings.favoriteaccount.InquiryFavoriteAccountTest","Surefire test","testcases.settings.favoriteaccount.InquiryFavoriteAccountTest","inquiryFavoriteAccountCS"
"Check Status QR Dengan Header credentialId Salah","1408","checkStatusQRWithWrongCredentialIdHeader","Surefire suite","Wed Oct 07 08:34:37 UTC 2026","failed","Wed Oct 07 08:34:38 UTC 2026","testcases.QR.CheckStatusQRTest","Surefire test","testcases.QR.CheckStatusQRTest","checkStatusQRWithWrongCredentialIdHeader"
"Get List Favorite Account Menggunakan HTTP Method GET","1929","getListFavoriteAccountWithGetMethod","Surefire suite","Wed Oct 07 09:46:12 UTC 2026","passed","Wed Oct 07 09:46:14 UTC 2026","testcases.settings.favoriteaccount.GetListFavoriteAccountTest","Surefire test","testcases.settings.favoriteaccount.GetListFavoriteAccountTest","getListFavoriteAccountWithGetMethod"
"Add Group Backoffice Dengan Payload Persis Sama (Dikirim Dua Kali)","3107","addGroupWithDuplicatePayload","Surefire suite","Wed Oct 07 08:08:26 UTC 2026","passed","Wed Oct 07 08:08:30 UTC 2026","testcases.backoffice.group.AddGroupTest","Surefire test","testcases.backoffice.group.AddGroupTest","addGroupWithDuplicatePayload"
"Add Currency CS Admin Path Menggunakan HTTP Method GET","1822","addCurrencyWithGetMethod","Surefire suite","Wed Oct 07 09:15:47 UTC 2026","passed","Wed Oct 07 09:15:49 UTC 2026","testcases.backoffice.currency.AddCurrencyTest","Surefire test","testcases.backoffice.currency.AddCurrencyTest","addCurrencyWithGetMethod"
"Create Manage Settlement BO","6225","addManageSettlementBO","Surefire suite","Wed Oct 07 08:26:57 UTC 2026","passed","Wed Oct 07 08:27:03 UTC 2026","testcases.backoffice.settlement.AddManageSettlementTest","Surefire test","testcases.backoffice.settlement.AddManageSettlementTest","addManageSettlementBO"
"Get Balance Merchant","1469","getBalanceMerchant","Surefire suite","Wed Oct 07 08:12:27 UTC 2026","failed","Wed Oct 07 08:12:28 UTC 2026","testcases.balance.GetBalanceQrisTest","Surefire test","testcases.balance.GetBalanceQrisTest","getBalanceMerchant"
"Delete Google Authenticator Tanpa id (Path Kosong)","1731","deleteOtpGoogleWithEmptyId","Surefire suite","Wed Oct 07 08:19:08 UTC 2026","passed","Wed Oct 07 08:19:10 UTC 2026","testcases.backoffice.googleauth.DeleteOtpGoogleTest","Surefire test","testcases.backoffice.googleauth.DeleteOtpGoogleTest","deleteOtpGoogleWithEmptyId"
"Login Merchant dengan Captcha Salah","2920","testLoginWrongCaptcha","Surefire suite","Wed Oct 07 08:11:21 UTC 2026","passed","Wed Oct 07 08:11:24 UTC 2026","testcases.auth.LoginTest","Surefire test","testcases.auth.LoginTest","testLoginWrongCaptcha"
"Delete Manage Settlement BO Dengan Header id Kosong","1545","deleteManageSettlementWithEmptyIdHeader","Surefire suite","Wed Oct 07 08:25:18 UTC 2026","passed","Wed Oct 07 08:25:20 UTC 2026","testcases.backoffice.settlement.DeleteManageSettlementTest","Surefire test","testcases.backoffice.settlement.DeleteManageSettlementTest","deleteManageSettlementWithEmptyIdHeader"
"Get List Favorite Account Dengan Header companyId Salah","1464","getListFavoriteAccountWithWrongCompanyIdHeader","Surefire suite","Wed Oct 07 09:47:11 UTC 2026","passed","Wed Oct 07 09:47:13 UTC 2026","testcases.settings.favoriteaccount.GetListFavoriteAccountTest","Surefire test","testcases.settings.favoriteaccount.GetListFavoriteAccountTest","getListFavoriteAccountWithWrongCompanyIdHeader"
"Mutasi Transfer Balance CS","7225","mutasiTransferBalanceCS","Surefire suite","Wed Oct 07 09:39:32 UTC 2026","passed","Wed Oct 07 09:39:39 UTC 2026","testcases.mutasi.MutasiTransferTest","Surefire test","testcases.mutasi.MutasiTransferTest","mutasiTransferBalanceCS"
"Add Group Backoffice Menggunakan Login Supervisor","1482","addGroupWithSupervisorLogin","Surefire suite","Wed Oct 07 08:10:07 UTC 2026","passed","Wed Oct 07 08:10:09 UTC 2026","testcases.backoffice.group.AddGroupTest","Surefire test","testcases.backoffice.group.AddGroupTest","addGroupWithSupervisorLogin"
"Resend Google Authenticator Dengan Token Backoffice Valid Tapi Tanpa Header pbyv","1531","resendOtpGoogleWithoutPbyvHeader","Surefire suite","Wed Oct 07 08:41:24 UTC 2026","passed","Wed Oct 07 08:41:26 UTC 2026","testcases.backoffice.googleauth.ResendOtpGoogleTest","Surefire test","testcases.backoffice.googleauth.ResendOtpGoogleTest","resendOtpGoogleWithoutPbyvHeader"
"Create Manage Settlement BO Dengan Token Backoffice Valid Tapi Tanpa Header pbyv","1459","addManageSettlementWithoutPbyvHeader","Surefire suite","Wed Oct 07 08:29:49 UTC 2026","passed","Wed Oct 07 08:29:50 UTC 2026","testcases.backoffice.settlement.AddManageSettlementTest","Surefire test","testcases.backoffice.settlement.AddManageSettlementTest","addManageSettlementWithoutPbyvHeader"
"Create Manage Settlement BO Tanpa Login/Header Auth","1445","addManageSettlementWithoutAuth","Surefire suite","Wed Oct 07 08:29:26 UTC 2026","passed","Wed Oct 07 08:29:28 UTC 2026","testcases.backoffice.settlement.AddManageSettlementTest","Surefire test","testcases.backoffice.settlement.AddManageSettlementTest","addManageSettlementWithoutAuth"
"Reset Pin Marketing","4940","resetPinMarketing","Surefire suite","Wed Oct 07 08:05:39 UTC 2026","passed","Wed Oct 07 08:05:44 UTC 2026","testcases.settings.ResetPinTest","Surefire test","testcases.settings.ResetPinTest","resetPinMarketing"
"Reset Password Merchant","2191","resetPasswordMerchant","Surefire suite","Wed Oct 07 08:26:12 UTC 2026","passed","Wed Oct 07 08:26:14 UTC 2026","testcases.settings.ResetPasswordTest","Surefire test","testcases.settings.ResetPasswordTest","resetPasswordMerchant"
