"DESCRIPTION","DURATION IN MS","NAME","PARENT SUITE","START TIME","STATUS","STOP TIME","SUB SUITE","SUITE","TEST CLASS","TEST METHOD"
"Reset Pin Merchant","6224","resetPinMerchant","Surefire suite","Wed Sep 23 08:51:17 UTC 2026","passed","Wed Sep 23 08:51:23 UTC 2026","testcases.settings.ResetPinTest","Surefire test","testcases.settings.ResetPinTest","resetPinMerchant"
"Delete Manage Settlement BO Dengan id Valid Secara Format Tapi Tidak Ada","6276","deleteManageSettlementWithNonExistentId","Surefire suite","Wed Sep 23 08:20:11 UTC 2026","passed","Wed Sep 23 08:20:17 UTC 2026","testcases.backoffice.settlement.DeleteManageSettlementTest","Surefire test","testcases.backoffice.settlement.DeleteManageSettlementTest","deleteManageSettlementWithNonExistentId"
"Get History Special Transfer Test Admin Crypto","13930","historySpecialTransferTestAdminCrypto","Surefire suite","Wed Sep 23 09:48:17 UTC 2026","passed","Wed Sep 23 09:48:31 UTC 2026","testcases.history.HistoryTransferTest","Surefire test","testcases.history.HistoryTransferTest","historySpecialTransferTestAdminCrypto"
"Add Currency CS Admin Path Menggunakan Login Marketing","58211","addCurrencyWithMarketingLogin","Surefire suite","Wed Sep 23 09:30:04 UTC 2026","passed","Wed Sep 23 09:31:02 UTC 2026","testcases.backoffice.currency.AddCurrencyTest","Surefire test","testcases.backoffice.currency.AddCurrencyTest","addCurrencyWithMarketingLogin"
"Refund Summary Dengan Token Kadaluarsa","2538","getRefundWithExpiredToken","Surefire suite","Wed Sep 23 08:33:07 UTC 2026","passed","Wed Sep 23 08:33:10 UTC 2026","testcases.backoffice.refund.GetRefundTest","Surefire test","testcases.backoffice.refund.GetRefundTest","getRefundWithExpiredToken"
"Get List Favorite Account Dengan Header Authorization Tanpa Skema Bearer","1739","getListFavoriteAccountWithMalformedAuthorizationHeader","Surefire suite","Wed Sep 23 10:26:01 UTC 2026","passed","Wed Sep 23 10:26:03 UTC 2026","testcases.settings.favoriteaccount.GetListFavoriteAccountTest","Surefire test","testcases.settings.favoriteaccount.GetListFavoriteAccountTest","getListFavoriteAccountWithMalformedAuthorizationHeader"
"Refund Summary Dengan Karakter SQL Injection pada Field type","1566","getRefundWithSqlInjectionType","Surefire suite","Wed Sep 23 08:34:51 UTC 2026","passed","Wed Sep 23 08:34:53 UTC 2026","testcases.backoffice.refund.GetRefundTest","Surefire test","testcases.backoffice.refund.GetRefundTest","getRefundWithSqlInjectionType"
"Get Balance Admin Crypto Transfer","5452","getBalanceAdminCrypto","Surefire suite","Wed Sep 23 08:21:49 UTC 2026","passed","Wed Sep 23 08:21:54 UTC 2026","testcases.balance.GetBalanceTransferTest","Surefire test","testcases.balance.GetBalanceTransferTest","getBalanceAdminCrypto"
"Get List Favorite Account Tanpa Field size","1820","getListFavoriteAccountWithoutSizeField","Surefire suite","Wed Sep 23 10:27:42 UTC 2026","passed","Wed Sep 23 10:27:44 UTC 2026","testcases.settings.favoriteaccount.GetListFavoriteAccountTest","Surefire test","testcases.settings.favoriteaccount.GetListFavoriteAccountTest","getListFavoriteAccountWithoutSizeField"
"Get List Group Backoffice Dengan Token Backoffice Valid Tapi Tanpa Header pbyv","2142","getListGroupWithoutPbyvHeader","Surefire suite","Wed Sep 23 08:27:35 UTC 2026","passed","Wed Sep 23 08:27:37 UTC 2026","testcases.backoffice.group.GetListGroupTest","Surefire test","testcases.backoffice.group.GetListGroupTest","getListGroupWithoutPbyvHeader"
"Get Detail Waiting Company Backoffice Menggunakan Login Marketing","8664","getDetailWaitingCompanyWithMarketingLogin","Surefire suite","Wed Sep 23 08:33:07 UTC 2026","passed","Wed Sep 23 08:33:16 UTC 2026","testcases.backoffice.GetDetailWaitingCompanyTest","Surefire test","testcases.backoffice.GetDetailWaitingCompanyTest","getDetailWaitingCompanyWithMarketingLogin"
"Test Approve Special Transfer dengan check Fee di Admin Fee","36052","approvedSpecialTransferBalance","Surefire suite","Wed Sep 23 09:15:03 UTC 2026","passed","Wed Sep 23 09:15:40 UTC 2026","testcases.backoffice.ApprovalTransferTest","Surefire test","testcases.backoffice.ApprovalTransferTest","approvedSpecialTransferBalance"
"Delete Manage Settlement BO Dengan id yang Sama Dua Kali (Sudah Terhapus)","12430","deleteManageSettlementWithAlreadyDeletedId","Surefire suite","Wed Sep 23 08:18:31 UTC 2026","passed","Wed Sep 23 08:18:43 UTC 2026","testcases.backoffice.settlement.DeleteManageSettlementTest","Surefire test","testcases.backoffice.settlement.DeleteManageSettlementTest","deleteManageSettlementWithAlreadyDeletedId"
"Get List Google Authenticator Dengan Page/Size Negatif","6581","listOtpGoogleWithNegativePageSize","Surefire suite","Wed Sep 23 08:23:05 UTC 2026","passed","Wed Sep 23 08:23:12 UTC 2026","testcases.backoffice.googleauth.ListOtpGoogleTest","Surefire test","testcases.backoffice.googleauth.ListOtpGoogleTest","listOtpGoogleWithNegativePageSize"
"Reset Password Customer Service","7056","resetPasswordCS","Surefire suite","Wed Sep 23 08:17:23 UTC 2026","passed","Wed Sep 23 08:17:30 UTC 2026","testcases.settings.ResetPasswordTest","Surefire test","testcases.settings.ResetPasswordTest","resetPasswordCS"
"Test Get Report Transfer Merchant","11822","getReportTransferAdmin","Surefire suite","Wed Sep 23 08:18:08 UTC 2026","passed","Wed Sep 23 08:18:19 UTC 2026","testcases.report.ReportTransactionTest","Surefire test","testcases.report.ReportTransactionTest","getReportTransferAdmin"
"Get Balance Admin Transfer","5850","getBalanceAdmin","Surefire suite","Wed Sep 23 08:18:22 UTC 2026","passed","Wed Sep 23 08:18:28 UTC 2026","testcases.balance.GetBalanceTransferTest","Surefire test","testcases.balance.GetBalanceTransferTest","getBalanceAdmin"
"List Waiting Company Backoffice Menggunakan Login CS Admin","5430","listWaitingCompanyWithCSAdminLogin","Surefire suite","Wed Sep 23 08:18:09 UTC 2026","passed","Wed Sep 23 08:18:14 UTC 2026","testcases.backoffice.ListWaitingCompanyTest","Surefire test","testcases.backoffice.ListWaitingCompanyTest","listWaitingCompanyWithCSAdminLogin"
"Normal Transfer USDT Success Admin Crypto","7114","usdtTransferAdminCrypto","Surefire suite","Wed Sep 23 08:18:43 UTC 2026","passed","Wed Sep 23 08:18:51 UTC 2026","testcases.transfer.TransferUSDTTest","Surefire test","testcases.transfer.TransferUSDTTest","usdtTransferAdminCrypto"
"Add Group Backoffice Dengan Header pbyv Salah","2569","addGroupWithWrongPbyvHeader","Surefire suite","Wed Sep 23 08:40:34 UTC 2026","passed","Wed Sep 23 08:40:37 UTC 2026","testcases.backoffice.group.AddGroupTest","Surefire test","testcases.backoffice.group.AddGroupTest","addGroupWithWrongPbyvHeader"
"Transfer with Wrong Pin","59125","transferWrongPin","Surefire suite","Wed Sep 23 08:30:03 UTC 2026","failed","Wed Sep 23 08:31:02 UTC 2026","testcases.transfer.TransferTest","Surefire test","testcases.transfer.TransferTest","transferWrongPin"
"Get List Favorite Account Dengan size 0","2004","getListFavoriteAccountWithZeroSize","Surefire suite","Wed Sep 23 10:27:17 UTC 2026","passed","Wed Sep 23 10:27:19 UTC 2026","testcases.settings.favoriteaccount.GetListFavoriteAccountTest","Surefire test","testcases.settings.favoriteaccount.GetListFavoriteAccountTest","getListFavoriteAccountWithZeroSize"
"Inquiry Favorite Account Dengan Karakter SQL Injection pada beneficiaryAccountNo","2841","inquiryFavoriteAccountWithSqlInjectionAccountNo","Surefire suite","Wed Sep 23 08:47:40 UTC 2026","passed","Wed Sep 23 08:47:43 UTC 2026","testcases.settings.favoriteaccount.InquiryFavoriteAccountTest","Surefire test","testcases.settings.favoriteaccount.InquiryFavoriteAccountTest","inquiryFavoriteAccountWithSqlInjectionAccountNo"
"Get List Google Authenticator Dengan Sort Tanpa Operator '=='","5486","listOtpGoogleWithMalformedSortOperator","Surefire suite","Wed Sep 23 08:22:39 UTC 2026","passed","Wed Sep 23 08:22:45 UTC 2026","testcases.backoffice.googleauth.ListOtpGoogleTest","Surefire test","testcases.backoffice.googleauth.ListOtpGoogleTest","listOtpGoogleWithMalformedSortOperator"
"Get Detail User Backoffice Dengan Format User Id Tidak Valid (Bukan ObjectId)","6033","getUsersWithMalformedId","Surefire suite","Wed Sep 23 08:28:39 UTC 2026","passed","Wed Sep 23 08:28:45 UTC 2026","testcases.backoffice.users.ListUsersTest","Surefire test","testcases.backoffice.users.ListUsersTest","getUsersWithMalformedId"
"Inquiry Test Manual Transfer Admin Crypto","5386","inquiryManualTransferAdminCrypto","Surefire suite","Wed Sep 23 08:20:22 UTC 2026","passed","Wed Sep 23 08:20:27 UTC 2026","testcases.transfer.InquiryManualTransferTest","Surefire test","testcases.transfer.InquiryManualTransferTest","inquiryManualTransferAdminCrypto"
"Get List Group Backoffice Tanpa Login/Header Auth","1767","getListGroupWithoutAuth","Surefire suite","Wed Sep 23 08:27:18 UTC 2026","passed","Wed Sep 23 08:27:19 UTC 2026","testcases.backoffice.group.GetListGroupTest","Surefire test","testcases.backoffice.group.GetListGroupTest","getListGroupWithoutAuth"
"Get History Manual Transfer Test Supervisor","11891","historyManualTransferTestSupervisor","Surefire suite","Wed Sep 23 09:46:37 UTC 2026","passed","Wed Sep 23 09:46:49 UTC 2026","testcases.history.HistoryTransferTest","Surefire test","testcases.history.HistoryTransferTest","historyManualTransferTestSupervisor"
"Refund Summary Menggunakan HTTP Method DELETE","1777","getRefundWithDeleteMethod","Surefire suite","Wed Sep 23 08:32:52 UTC 2026","passed","Wed Sep 23 08:32:54 UTC 2026","testcases.backoffice.refund.GetRefundTest","Surefire test","testcases.backoffice.refund.GetRefundTest","getRefundWithDeleteMethod"
"List Currency USDT Dengan Payload XSS pada Field Param","1853","getCurrencyWithXssParam","Surefire suite","Wed Sep 23 08:20:15 UTC 2026","passed","Wed Sep 23 08:20:16 UTC 2026","testcases.backoffice.currency.GetCurrencyTest","Surefire test","testcases.backoffice.currency.GetCurrencyTest","getCurrencyWithXssParam"
"Get Group Detail Backoffice Dengan Path Traversal pada Group Id","6008","getGroupDetailWithPathTraversalId","Surefire suite","Wed Sep 23 08:22:30 UTC 2026","passed","Wed Sep 23 08:22:36 UTC 2026","testcases.backoffice.group.GetGroupTest","Surefire test","testcases.backoffice.group.GetGroupTest","getGroupDetailWithPathTraversalId"
"List Waiting Company Backoffice Dengan Body JSON Tidak Valid (Malformed)","4894","listWaitingCompanyWithMalformedJson","Surefire suite","Wed Sep 23 08:19:09 UTC 2026","passed","Wed Sep 23 08:19:14 UTC 2026","testcases.backoffice.ListWaitingCompanyTest","Surefire test","testcases.backoffice.ListWaitingCompanyTest","listWaitingCompanyWithMalformedJson"
"Add Currency CS Admin Path Dengan rate Nol","2175","addCurrencyWithZeroRate","Surefire suite","Wed Sep 23 09:32:34 UTC 2026","passed","Wed Sep 23 09:32:36 UTC 2026","testcases.backoffice.currency.AddCurrencyTest","Surefire test","testcases.backoffice.currency.AddCurrencyTest","addCurrencyWithZeroRate"
"Created Favorite Account Menggunakan HTTP Method PUT","1820","createdFavoriteAccountWithPutMethod","Surefire suite","Wed Sep 23 08:49:55 UTC 2026","passed","Wed Sep 23 08:49:56 UTC 2026","testcases.settings.favoriteaccount.CreatedFavoriteAccountTest","Surefire test","testcases.settings.favoriteaccount.CreatedFavoriteAccountTest","createdFavoriteAccountWithPutMethod"
"List Waiting Company Backoffice Dengan Token Tidak Valid","1671","listWaitingCompanyWithInvalidToken","Surefire suite","Wed Sep 23 08:19:00 UTC 2026","passed","Wed Sep 23 08:19:01 UTC 2026","testcases.backoffice.ListWaitingCompanyTest","Surefire test","testcases.backoffice.ListWaitingCompanyTest","listWaitingCompanyWithInvalidToken"
"Login Merchant dengan Username Berisi Spasi Saja","3281","testLoginWhitespaceUsername","Surefire suite","Wed Sep 23 08:18:47 UTC 2026","passed","Wed Sep 23 08:18:51 UTC 2026","testcases.auth.LoginTest","Surefire test","testcases.auth.LoginTest","testLoginWhitespaceUsername"
"Get History Flop Transfer Test Admin","19882","historyFlopTransferTestAdmin","Surefire suite","Wed Sep 23 09:43:12 UTC 2026","passed","Wed Sep 23 09:43:32 UTC 2026","testcases.history.HistoryTransferTest","Surefire test","testcases.history.HistoryTransferTest","historyFlopTransferTestAdmin"
"Delete Favorite Account Menggunakan HTTP Method GET","1999","deleteFavoriteAccountWithGetMethod","Surefire suite","Wed Sep 23 08:43:51 UTC 2026","passed","Wed Sep 23 08:43:53 UTC 2026","testcases.settings.favoriteaccount.DeleteFavoriteAccountTest","Surefire test","testcases.settings.favoriteaccount.DeleteFavoriteAccountTest","deleteFavoriteAccountWithGetMethod"
"Add Currency CS Admin Path Dengan Key rate Terduplikasi","1774","addCurrencyWithDuplicateRateKeys","Surefire suite","Wed Sep 23 09:29:12 UTC 2026","passed","Wed Sep 23 09:29:14 UTC 2026","testcases.backoffice.currency.AddCurrencyTest","Surefire test","testcases.backoffice.currency.AddCurrencyTest","addCurrencyWithDuplicateRateKeys"
"Delete Favorite Account Dengan id Bertipe Angka (Bukan String)","1854","deleteFavoriteAccountWithIdAsNumber","Surefire suite","Wed Sep 23 08:43:56 UTC 2026","failed","Wed Sep 23 08:43:58 UTC 2026","testcases.settings.favoriteaccount.DeleteFavoriteAccountTest","Surefire test","testcases.settings.favoriteaccount.DeleteFavoriteAccountTest","deleteFavoriteAccountWithIdAsNumber"
"Get Detail User Backoffice Tanpa Login/Header Auth","1525","getUsersWithoutAuth","Surefire suite","Wed Sep 23 08:29:07 UTC 2026","passed","Wed Sep 23 08:29:08 UTC 2026","testcases.backoffice.users.ListUsersTest","Surefire test","testcases.backoffice.users.ListUsersTest","getUsersWithoutAuth"
"Reset Pin Customer Service","7084","resetPinCS","Surefire suite","Wed Sep 23 08:17:13 UTC 2026","passed","Wed Sep 23 08:17:20 UTC 2026","testcases.settings.ResetPinTest","Surefire test","testcases.settings.ResetPinTest","resetPinCS"
"Created Favorite Account Dengan Body Kosong ({})","2891","createdFavoriteAccountWithEmptyBody","Surefire suite","Wed Sep 23 08:49:07 UTC 2026","passed","Wed Sep 23 08:49:10 UTC 2026","testcases.settings.favoriteaccount.CreatedFavoriteAccountTest","Surefire test","testcases.settings.favoriteaccount.CreatedFavoriteAccountTest","createdFavoriteAccountWithEmptyBody"
"List Currency USDT Backoffice","5540","getCurrencyBO","Surefire suite","Wed Sep 23 08:17:18 UTC 2026","passed","Wed Sep 23 08:17:24 UTC 2026","testcases.backoffice.currency.GetCurrencyTest","Surefire test","testcases.backoffice.currency.GetCurrencyTest","getCurrencyBO"
"Refund Summary Dengan startDate Hanya Tanggal (Tanpa Waktu/Zona)","1870","getRefundWithDateOnlyFormat","Surefire suite","Wed Sep 23 08:32:47 UTC 2026","passed","Wed Sep 23 08:32:49 UTC 2026","testcases.backoffice.refund.GetRefundTest","Surefire test","testcases.backoffice.refund.GetRefundTest","getRefundWithDateOnlyFormat"
"Inquiry Favorite Account Menggunakan HTTP Method DELETE","1870","inquiryFavoriteAccountWithDeleteMethod","Surefire suite","Wed Sep 23 08:46:38 UTC 2026","passed","Wed Sep 23 08:46:40 UTC 2026","testcases.settings.favoriteaccount.InquiryFavoriteAccountTest","Surefire test","testcases.settings.favoriteaccount.InquiryFavoriteAccountTest","inquiryFavoriteAccountWithDeleteMethod"
"Get History Refund Test Admin Crypto","8339","historyRefundTestAdminCrypto","Surefire suite","Wed Sep 23 09:46:52 UTC 2026","passed","Wed Sep 23 09:47:00 UTC 2026","testcases.history.HistoryTransferTest","Surefire test","testcases.history.HistoryTransferTest","historyRefundTestAdminCrypto"
"Login Merchant dengan Captcha yang Dipakai Ulang","6489","testLoginReusedCaptcha","Surefire suite","Wed Sep 23 08:18:32 UTC 2026","passed","Wed Sep 23 08:18:38 UTC 2026","testcases.auth.LoginTest","Surefire test","testcases.auth.LoginTest","testLoginReusedCaptcha"
"Get Dashboard Backoffice Menggunakan Login Merchant","5604","getDashboardWithMerchantLogin","Surefire suite","Wed Sep 23 08:36:00 UTC 2026","passed","Wed Sep 23 08:36:06 UTC 2026","testcases.backoffice.GetDashboardTest","Surefire test","testcases.backoffice.GetDashboardTest","getDashboardWithMerchantLogin"
"Reset Pin Group","5870","resetPinGroup","Surefire suite","Wed Sep 23 08:18:03 UTC 2026","passed","Wed Sep 23 08:18:09 UTC 2026","testcases.settings.ResetPinTest","Surefire test","testcases.settings.ResetPinTest","resetPinGroup"
"Get Dashboard Backoffice Menggunakan Login Supervisor","5260","getDashboardWithSupervisorLogin","Surefire suite","Wed Sep 23 08:36:09 UTC 2026","passed","Wed Sep 23 08:36:14 UTC 2026","testcases.backoffice.GetDashboardTest","Surefire test","testcases.backoffice.GetDashboardTest","getDashboardWithSupervisorLogin"
"List Currency USDT Menggunakan Login Merchant","5261","getCurrencyWithMerchantLogin","Surefire suite","Wed Sep 23 08:19:14 UTC 2026","passed","Wed Sep 23 08:19:19 UTC 2026","testcases.backoffice.currency.GetCurrencyTest","Surefire test","testcases.backoffice.currency.GetCurrencyTest","getCurrencyWithMerchantLogin"
"List Company Backoffice Dengan Page/Size Negatif - Menemukan Bug Gateway Timeout","6313","listCompanyWithNegativePageSize","Surefire suite","Wed Sep 23 08:27:24 UTC 2026","passed","Wed Sep 23 08:27:31 UTC 2026","testcases.backoffice.ListCompanyTest","Surefire test","testcases.backoffice.ListCompanyTest","listCompanyWithNegativePageSize"
"Normal Flop Transfer Success","9278","transfer","Surefire suite","Wed Sep 23 08:29:23 UTC 2026","passed","Wed Sep 23 08:29:32 UTC 2026","testcases.transfer.TransferFlopTest","Surefire test","testcases.transfer.TransferFlopTest","transfer"
"Get List Group Backoffice Dengan page Bertipe String","1785","getListGroupWithPageAsString","Surefire suite","Wed Sep 23 08:26:11 UTC 2026","passed","Wed Sep 23 08:26:13 UTC 2026","testcases.backoffice.group.GetListGroupTest","Surefire test","testcases.backoffice.group.GetListGroupTest","getListGroupWithPageAsString"
"Transfer Different Parner Reference Supervisor, USDT Transfer to Transfer","56760","trfPartnerRefUSDTSpvFailed","Surefire suite","Wed Sep 23 08:20:48 UTC 2026","passed","Wed Sep 23 08:21:44 UTC 2026","testcases.transfer.TransferTest","Surefire test","testcases.transfer.TransferTest","trfPartnerRefUSDTSpvFailed"
"Add Merchant From CS Admin","6698","addCompanyCsAdmin","Surefire suite","Wed Sep 23 08:18:01 UTC 2026","passed","Wed Sep 23 08:18:08 UTC 2026","testcases.backoffice.AddCompanyTest","Surefire test","testcases.backoffice.AddCompanyTest","addCompanyCsAdmin"
"Refund Summary Menggunakan HTTP Method GET","2686","getRefundWithGetMethod","Surefire suite","Wed Sep 23 08:33:13 UTC 2026","passed","Wed Sep 23 08:33:15 UTC 2026","testcases.backoffice.refund.GetRefundTest","Surefire test","testcases.backoffice.refund.GetRefundTest","getRefundWithGetMethod"
"Delete Google Authenticator Menggunakan Login Supervisor","5831","deleteOtpGoogleWithSupervisorLogin","Surefire suite","Wed Sep 23 08:31:03 UTC 2026","passed","Wed Sep 23 08:31:09 UTC 2026","testcases.backoffice.googleauth.DeleteOtpGoogleTest","Surefire test","testcases.backoffice.googleauth.DeleteOtpGoogleTest","deleteOtpGoogleWithSupervisorLogin"
"Get List Group Backoffice Menggunakan Login CS Admin","5163","getListGroupWithCSAdminLogin","Surefire suite","Wed Sep 23 08:24:39 UTC 2026","passed","Wed Sep 23 08:24:44 UTC 2026","testcases.backoffice.group.GetListGroupTest","Surefire test","testcases.backoffice.group.GetListGroupTest","getListGroupWithCSAdminLogin"
"Mutasi Transfer","11123","mutasiTransferAdminCrypto","Surefire suite","Wed Sep 23 10:12:30 UTC 2026","passed","Wed Sep 23 10:12:41 UTC 2026","testcases.mutasi.MutasiTransferTest","Surefire test","testcases.mutasi.MutasiTransferTest","mutasiTransferAdminCrypto"
"Get Group Detail Backoffice Menggunakan HTTP Method DELETE","5250","getGroupDetailWithDeleteMethod","Surefire suite","Wed Sep 23 08:20:59 UTC 2026","passed","Wed Sep 23 08:21:05 UTC 2026","testcases.backoffice.group.GetGroupTest","Surefire test","testcases.backoffice.group.GetGroupTest","getGroupDetailWithDeleteMethod"
"List Refund Menggunakan Login CS Admin","7118","listRefundWithCSAdminLogin","Surefire suite","Wed Sep 23 09:36:32 UTC 2026","passed","Wed Sep 23 09:36:40 UTC 2026","testcases.backoffice.ListRefundTest","Surefire test","testcases.backoffice.ListRefundTest","listRefundWithCSAdminLogin"
"Transfer Different Partner Reference, Manual Transfer to Transfer","57095","trfPartnerRefManualFailed","Surefire suite","Wed Sep 23 08:31:05 UTC 2026","passed","Wed Sep 23 08:32:02 UTC 2026","testcases.transfer.TransferTest","Surefire test","testcases.transfer.TransferTest","trfPartnerRefManualFailed"
"Created Favorite Account Dengan Header companyId Salah","1713","createdFavoriteAccountWithWrongCompanyIdHeader","Surefire suite","Wed Sep 23 08:50:06 UTC 2026","passed","Wed Sep 23 08:50:08 UTC 2026","testcases.settings.favoriteaccount.CreatedFavoriteAccountTest","Surefire test","testcases.settings.favoriteaccount.CreatedFavoriteAccountTest","createdFavoriteAccountWithWrongCompanyIdHeader"
"Delete Google Authenticator Dengan Format id Tidak Valid (Bukan ObjectId)","6439","deleteOtpGoogleWithMalformedId","Surefire suite","Wed Sep 23 08:29:38 UTC 2026","passed","Wed Sep 23 08:29:45 UTC 2026","testcases.backoffice.googleauth.DeleteOtpGoogleTest","Surefire test","testcases.backoffice.googleauth.DeleteOtpGoogleTest","deleteOtpGoogleWithMalformedId"
"List Company Backoffice Menggunakan HTTP Method GET","5269","listCompanyWithGetMethod","Surefire suite","Wed Sep 23 08:26:04 UTC 2026","passed","Wed Sep 23 08:26:09 UTC 2026","testcases.backoffice.ListCompanyTest","Surefire test","testcases.backoffice.ListCompanyTest","listCompanyWithGetMethod"
"Reset Pin Admin","5360","resetPinAdmin","Surefire suite","Wed Sep 23 08:16:59 UTC 2026","passed","Wed Sep 23 08:17:05 UTC 2026","testcases.settings.ResetPinTest","Surefire test","testcases.settings.ResetPinTest","resetPinAdmin"
"Success Login CS Admin","4427","testLoginCSAdmin","Surefire suite","Wed Sep 23 08:18:11 UTC 2026","passed","Wed Sep 23 08:18:16 UTC 2026","testcases.auth.LoginTest","Surefire test","testcases.auth.LoginTest","testLoginCSAdmin"
"Success Login Admin Crypto","4699","testLoginAdminCrypto","Surefire suite","Wed Sep 23 08:17:12 UTC 2026","passed","Wed Sep 23 08:17:17 UTC 2026","testcases.auth.LoginTest","Surefire test","testcases.auth.LoginTest","testLoginAdminCrypto"
"List User Backoffice","8323","listUsersBO","Surefire suite","Wed Sep 23 08:29:11 UTC 2026","passed","Wed Sep 23 08:29:19 UTC 2026","testcases.backoffice.users.ListUsersTest","Surefire test","testcases.backoffice.users.ListUsersTest","listUsersBO"
"Test Approved USDT Tanpa URL","72648","approvedUSDTwithoutURL","Surefire suite","Wed Sep 23 09:19:05 UTC 2026","passed","Wed Sep 23 09:20:18 UTC 2026","testcases.backoffice.ApprovalTransferTest","Surefire test","testcases.backoffice.ApprovalTransferTest","approvedUSDTwithoutURL"
"Create Manage Settlement BO Dengan Body Berupa JSON Array ([])","4925","addManageSettlementWithArrayBody","Surefire suite","Wed Sep 23 08:22:39 UTC 2026","passed","Wed Sep 23 08:22:44 UTC 2026","testcases.backoffice.settlement.AddManageSettlementTest","Surefire test","testcases.backoffice.settlement.AddManageSettlementTest","addManageSettlementWithArrayBody"
"Refund Summary Tanpa Body Sama Sekali","2934","getRefundWithoutBody","Surefire suite","Wed Sep 23 08:35:38 UTC 2026","passed","Wed Sep 23 08:35:41 UTC 2026","testcases.backoffice.refund.GetRefundTest","Surefire test","testcases.backoffice.refund.GetRefundTest","getRefundWithoutBody"
"Mutasi Transfer Balance CS","18178","mutasiTransferBalanceCS","Surefire suite","Wed Sep 23 10:13:06 UTC 2026","passed","Wed Sep 23 10:13:24 UTC 2026","testcases.mutasi.MutasiTransferTest","Surefire test","testcases.mutasi.MutasiTransferTest","mutasiTransferBalanceCS"
"Get List Favorite Account Menggunakan HTTP Method GET","2843","getListFavoriteAccountWithGetMethod","Surefire suite","Wed Sep 23 10:25:50 UTC 2026","passed","Wed Sep 23 10:25:53 UTC 2026","testcases.settings.favoriteaccount.GetListFavoriteAccountTest","Surefire test","testcases.settings.favoriteaccount.GetListFavoriteAccountTest","getListFavoriteAccountWithGetMethod"
"Get History Manual Transfer Test","9958","historyManualTransferTest","Surefire suite","Wed Sep 23 09:45:11 UTC 2026","passed","Wed Sep 23 09:45:20 UTC 2026","testcases.history.HistoryTransferTest","Surefire test","testcases.history.HistoryTransferTest","historyManualTransferTest"
"Request Refund Transfer Merchant","5472","refundTransferMerchant","Surefire suite","Wed Sep 23 08:19:52 UTC 2026","failed","Wed Sep 23 08:19:57 UTC 2026","testcases.transfer.RefundTransferTest","Surefire test","testcases.transfer.RefundTransferTest","refundTransferMerchant"
"Get List Google Authenticator Menggunakan Login Admin Crypto","6424","listOtpGoogleWithAdminCryptoLogin","Surefire suite","Wed Sep 23 08:20:33 UTC 2026","passed","Wed Sep 23 08:20:39 UTC 2026","testcases.backoffice.googleauth.ListOtpGoogleTest","Surefire test","testcases.backoffice.googleauth.ListOtpGoogleTest","listOtpGoogleWithAdminCryptoLogin"
"Get List Group Backoffice Dengan Header Authorization Tanpa Skema Bearer","1719","getListGroupWithMalformedAuthorizationHeader","Surefire suite","Wed Sep 23 08:25:30 UTC 2026","passed","Wed Sep 23 08:25:32 UTC 2026","testcases.backoffice.group.GetListGroupTest","Surefire test","testcases.backoffice.group.GetListGroupTest","getListGroupWithMalformedAuthorizationHeader"
"Get History Manual Transfer Test CS","17494","historyManualTransferTestCS","Surefire suite","Wed Sep 23 09:45:59 UTC 2026","passed","Wed Sep 23 09:46:16 UTC 2026","testcases.history.HistoryTransferTest","Surefire test","testcases.history.HistoryTransferTest","historyManualTransferTestCS"
"Create Manage Settlement BO Menggunakan HTTP Method GET","8582","addManageSettlementWithGetMethod","Surefire suite","Wed Sep 23 08:24:23 UTC 2026","passed","Wed Sep 23 08:24:32 UTC 2026","testcases.backoffice.settlement.AddManageSettlementTest","Surefire test","testcases.backoffice.settlement.AddManageSettlementTest","addManageSettlementWithGetMethod"
"Delete Group Backoffice Menggunakan Login Supervisor","6208","deleteGroupWithSupervisorLogin","Surefire suite","Wed Sep 23 08:35:21 UTC 2026","passed","Wed Sep 23 08:35:27 UTC 2026","testcases.backoffice.group.DeleteGroupTest","Surefire test","testcases.backoffice.group.DeleteGroupTest","deleteGroupWithSupervisorLogin"
"Mutasi USDT Transfer","45891","mutasiUSDTTransfer","Surefire suite","Wed Sep 23 10:15:04 UTC 2026","passed","Wed Sep 23 10:15:50 UTC 2026","testcases.mutasi.MutasiTransferTest","Surefire test","testcases.mutasi.MutasiTransferTest","mutasiUSDTTransfer"
"Add Group Backoffice Dengan Body Berupa Literal null","1506","addGroupWithNullLiteralBody","Surefire suite","Wed Sep 23 08:39:23 UTC 2026","passed","Wed Sep 23 08:39:25 UTC 2026","testcases.backoffice.group.AddGroupTest","Surefire test","testcases.backoffice.group.AddGroupTest","addGroupWithNullLiteralBody"
"Get Detail Waiting Company Backoffice Dengan Token Tidak Valid","2830","getDetailWaitingCompanyWithInvalidToken","Surefire suite","Wed Sep 23 08:32:48 UTC 2026","passed","Wed Sep 23 08:32:51 UTC 2026","testcases.backoffice.GetDetailWaitingCompanyTest","Surefire test","testcases.backoffice.GetDetailWaitingCompanyTest","getDetailWaitingCompanyWithInvalidToken"
"Refund Summary Dengan Rentang Tanggal Sangat Lebar","1621","getRefundWithHugeRange","Surefire suite","Wed Sep 23 08:33:18 UTC 2026","passed","Wed Sep 23 08:33:20 UTC 2026","testcases.backoffice.refund.GetRefundTest","Surefire test","testcases.backoffice.refund.GetRefundTest","getRefundWithHugeRange"
"Login Backoffice dengan Password Salah","9804","testLoginBackofficeWrongPassword","Surefire suite","Wed Sep 23 08:36:29 UTC 2026","passed","Wed Sep 23 08:36:39 UTC 2026","testcases.auth.LoginTest","Surefire test","testcases.auth.LoginTest","testLoginBackofficeWrongPassword"
"Mutasi Manual Transfer Supervisor","42614","mutasiManualTransferSupervisor","Surefire suite","Wed Sep 23 10:05:42 UTC 2026","passed","Wed Sep 23 10:06:24 UTC 2026","testcases.mutasi.MutasiTransferTest","Surefire test","testcases.mutasi.MutasiTransferTest","mutasiManualTransferSupervisor"
"Test Get Report Transaction CS","8789","getReportTransactionCS","Surefire suite","Wed Sep 23 08:17:01 UTC 2026","passed","Wed Sep 23 08:17:10 UTC 2026","testcases.report.ReportTransactionTest","Surefire test","testcases.report.ReportTransactionTest","getReportTransactionCS"
"Inquiry Test Transfer Merchant","6224","inquiryTransfer","Surefire suite","Wed Sep 23 08:34:10 UTC 2026","passed","Wed Sep 23 08:34:16 UTC 2026","testcases.transfer.InquiryTransferTest","Surefire test","testcases.transfer.InquiryTransferTest","inquiryTransfer"
"Get Group Detail Backoffice Dengan Token Tidak Valid","1664","getGroupDetailWithInvalidToken","Surefire suite","Wed Sep 23 08:21:37 UTC 2026","passed","Wed Sep 23 08:21:39 UTC 2026","testcases.backoffice.group.GetGroupTest","Surefire test","testcases.backoffice.group.GetGroupTest","getGroupDetailWithInvalidToken"
"Add Currency Ke Path yang Tidak Ada (Typo)","3031","addCurrencyWithWrongPath","Surefire suite","Wed Sep 23 09:32:22 UTC 2026","passed","Wed Sep 23 09:32:25 UTC 2026","testcases.backoffice.currency.AddCurrencyTest","Surefire test","testcases.backoffice.currency.AddCurrencyTest","addCurrencyWithWrongPath"
"Add Currency CS Admin Path Dengan Body Berupa Literal null","1879","addCurrencyWithNullLiteralBody","Surefire suite","Wed Sep 23 09:31:24 UTC 2026","passed","Wed Sep 23 09:31:26 UTC 2026","testcases.backoffice.currency.AddCurrencyTest","Surefire test","testcases.backoffice.currency.AddCurrencyTest","addCurrencyWithNullLiteralBody"
"Create Manage Settlement BO Dengan groupName Kosong","5049","addManageSettlementWithEmptyGroupName","Surefire suite","Wed Sep 23 08:24:10 UTC 2026","passed","Wed Sep 23 08:24:16 UTC 2026","testcases.backoffice.settlement.AddManageSettlementTest","Surefire test","testcases.backoffice.settlement.AddManageSettlementTest","addManageSettlementWithEmptyGroupName"
"Create Manage Settlement BO Dengan Body JSON Tidak Valid (Malformed)","6757","addManageSettlementWithMalformedJson","Surefire suite","Wed Sep 23 08:25:02 UTC 2026","passed","Wed Sep 23 08:25:09 UTC 2026","testcases.backoffice.settlement.AddManageSettlementTest","Surefire test","testcases.backoffice.settlement.AddManageSettlementTest","addManageSettlementWithMalformedJson"
"Add Currency CS Admin Path Dengan Header Authorization Tanpa Skema Bearer","4500","addCurrencyWithMalformedAuthorizationHeader","Surefire suite","Wed Sep 23 09:29:49 UTC 2026","passed","Wed Sep 23 09:29:53 UTC 2026","testcases.backoffice.currency.AddCurrencyTest","Surefire test","testcases.backoffice.currency.AddCurrencyTest","addCurrencyWithMalformedAuthorizationHeader"
"Delete Group Backoffice Dengan Header pbyv Salah","1768","deleteGroupWithWrongPbyvHeader","Surefire suite","Wed Sep 23 08:35:53 UTC 2026","passed","Wed Sep 23 08:35:55 UTC 2026","testcases.backoffice.group.DeleteGroupTest","Surefire test","testcases.backoffice.group.DeleteGroupTest","deleteGroupWithWrongPbyvHeader"
"Mutasi Special Transfer Supervisor","28453","mutasiSpecialTransferSupervisor","Surefire suite","Wed Sep 23 10:11:10 UTC 2026","passed","Wed Sep 23 10:11:38 UTC 2026","testcases.mutasi.MutasiTransferTest","Surefire test","testcases.mutasi.MutasiTransferTest","mutasiSpecialTransferSupervisor"
"Delete Google Authenticator Menggunakan Login Admin Crypto","6543","deleteOtpGoogleWithAdminCryptoLogin","Surefire suite","Wed Sep 23 08:28:14 UTC 2026","passed","Wed Sep 23 08:28:21 UTC 2026","testcases.backoffice.googleauth.DeleteOtpGoogleTest","Surefire test","testcases.backoffice.googleauth.DeleteOtpGoogleTest","deleteOtpGoogleWithAdminCryptoLogin"
"Test Reject USDT","25295","rejectedUSDT","Surefire suite","Wed Sep 23 09:21:54 UTC 2026","passed","Wed Sep 23 09:22:19 UTC 2026","testcases.backoffice.ApprovalTransferTest","Surefire test","testcases.backoffice.ApprovalTransferTest","rejectedUSDT"
"Delete Favorite Account Dengan pin Salah","2084","deleteFavoriteAccountWithWrongPin","Surefire suite","Wed Sep 23 08:45:42 UTC 2026","passed","Wed Sep 23 08:45:44 UTC 2026","testcases.settings.favoriteaccount.DeleteFavoriteAccountTest","Surefire test","testcases.settings.favoriteaccount.DeleteFavoriteAccountTest","deleteFavoriteAccountWithWrongPin"
"Get Dashboard Backoffice Tanpa Login/Header Auth","1590","getDashboardWithoutAuth","Surefire suite","Wed Sep 23 08:36:17 UTC 2026","passed","Wed Sep 23 08:36:19 UTC 2026","testcases.backoffice.GetDashboardTest","Surefire test","testcases.backoffice.GetDashboardTest","getDashboardWithoutAuth"
"Get Balance Merchant with Login Marketing","5271","getFailedBalanceMerchantLoginMarketing","Surefire suite","Wed Sep 23 08:18:08 UTC 2026","passed","Wed Sep 23 08:18:13 UTC 2026","testcases.balance.GetBalanceQrisTest","Surefire test","testcases.balance.GetBalanceQrisTest","getFailedBalanceMerchantLoginMarketing"
"List Currency USDT Dengan Karakter SQL Injection pada Field Param","1800","getCurrencyWithSqlInjectionParam","Surefire suite","Wed Sep 23 08:19:41 UTC 2026","passed","Wed Sep 23 08:19:43 UTC 2026","testcases.backoffice.currency.GetCurrencyTest","Surefire test","testcases.backoffice.currency.GetCurrencyTest","getCurrencyWithSqlInjectionParam"
"List User Backoffice Menggunakan Login Marketing","5423","listUsersWithMarketingLogin","Surefire suite","Wed Sep 23 08:30:34 UTC 2026","passed","Wed Sep 23 08:30:40 UTC 2026","testcases.backoffice.users.ListUsersTest","Surefire test","testcases.backoffice.users.ListUsersTest","listUsersWithMarketingLogin"
"Get User Backoffice Dengan Token Tidak Valid","2793","getUserWithInvalidToken","Surefire suite","Wed Sep 23 08:37:29 UTC 2026","passed","Wed Sep 23 08:37:32 UTC 2026","testcases.backoffice.GetDashboardTest","Surefire test","testcases.backoffice.GetDashboardTest","getUserWithInvalidToken"
"Add Merchant From Backoffice","7692","addCompanyBackoffice","Surefire suite","Wed Sep 23 08:41:12 UTC 2026","passed","Wed Sep 23 08:41:19 UTC 2026","testcases.backoffice.AddCompanyTest","Surefire test","testcases.backoffice.AddCompanyTest","addCompanyBackoffice"
"Inquiry Favorite Account Menggunakan HTTP Method GET","1928","inquiryFavoriteAccountWithGetMethod","Surefire suite","Wed Sep 23 08:46:58 UTC 2026","passed","Wed Sep 23 08:47:00 UTC 2026","testcases.settings.favoriteaccount.InquiryFavoriteAccountTest","Surefire test","testcases.settings.favoriteaccount.InquiryFavoriteAccountTest","inquiryFavoriteAccountWithGetMethod"
"Get History QR Supervisor Success Paid","14378","historyQRTestPaidSupervisor","Surefire suite","Wed Sep 23 08:54:21 UTC 2026","passed","Wed Sep 23 08:54:35 UTC 2026","testcases.history.HistoryQRTest","Surefire test","testcases.history.HistoryQRTest","historyQRTestPaidSupervisor"
"Get Balance Merchant with Login Supervisor","6727","getBalanceMerchantLoginSupervisor","Surefire suite","Wed Sep 23 08:17:22 UTC 2026","passed","Wed Sep 23 08:17:29 UTC 2026","testcases.balance.GetBalanceQrisTest","Surefire test","testcases.balance.GetBalanceQrisTest","getBalanceMerchantLoginSupervisor"
"List Currency USDT Menggunakan Login Marketing","5033","getCurrencyWithMarketingLogin","Surefire suite","Wed Sep 23 08:19:06 UTC 2026","passed","Wed Sep 23 08:19:11 UTC 2026","testcases.backoffice.currency.GetCurrencyTest","Surefire test","testcases.backoffice.currency.GetCurrencyTest","getCurrencyWithMarketingLogin"
"Get Balance Merchant","5627","getBalanceMerchant","Surefire suite","Wed Sep 23 08:19:15 UTC 2026","passed","Wed Sep 23 08:19:20 UTC 2026","testcases.balance.GetBalanceQrisTest","Surefire test","testcases.balance.GetBalanceQrisTest","getBalanceMerchant"
"List Company Backoffice Dengan Ukuran Halaman Sangat Besar","7938","listCompanyWithHugeSize","Surefire suite","Wed Sep 23 08:26:12 UTC 2026","passed","Wed Sep 23 08:26:20 UTC 2026","testcases.backoffice.ListCompanyTest","Surefire test","testcases.backoffice.ListCompanyTest","listCompanyWithHugeSize"
"Get History USDT Transfer Supervisor on Login CS Admin","17903","historyUSDTTransferSupervisorTestCSAdmin","Surefire suite","Wed Sep 23 09:52:00 UTC 2026","passed","Wed Sep 23 09:52:18 UTC 2026","testcases.history.HistoryTransferTest","Surefire test","testcases.history.HistoryTransferTest","historyUSDTTransferSupervisorTestCSAdmin"
"Transfer Different Parner Reference Supervisor, Special Transfer to Transfer","52874","trfPartnerRefSpecialSpvFailed","Surefire suite","Wed Sep 23 08:19:52 UTC 2026","passed","Wed Sep 23 08:20:45 UTC 2026","testcases.transfer.TransferTest","Surefire test","testcases.transfer.TransferTest","trfPartnerRefSpecialSpvFailed"
"Mutasi Special Transfer","26698","mutasiSpecialTransfer","Surefire suite","Wed Sep 23 10:07:11 UTC 2026","passed","Wed Sep 23 10:07:37 UTC 2026","testcases.mutasi.MutasiTransferTest","Surefire test","testcases.mutasi.MutasiTransferTest","mutasiSpecialTransfer"
"Inquiry Test Flop Transfer Admin Crypto","7158","inquiryFlopTransferAdminCrypto","Surefire suite","Wed Sep 23 08:19:44 UTC 2026","passed","Wed Sep 23 08:19:51 UTC 2026","testcases.transfer.InquiryFlopTransferTest","Surefire test","testcases.transfer.InquiryFlopTransferTest","inquiryFlopTransferAdminCrypto"
"Get Dashboard User Backoffice","5333","getDashboardSuperBO","Surefire suite","Wed Sep 23 08:35:01 UTC 2026","passed","Wed Sep 23 08:35:07 UTC 2026","testcases.backoffice.GetDashboardTest","Surefire test","testcases.backoffice.GetDashboardTest","getDashboardSuperBO"
"Created Favorite Account Dengan pin String Kosong","2722","createdFavoriteAccountWithEmptyPin","Surefire suite","Wed Sep 23 08:49:13 UTC 2026","passed","Wed Sep 23 08:49:16 UTC 2026","testcases.settings.favoriteaccount.CreatedFavoriteAccountTest","Surefire test","testcases.settings.favoriteaccount.CreatedFavoriteAccountTest","createdFavoriteAccountWithEmptyPin"
"List Currency USDT Menggunakan Login Supervisor","5140","getCurrencyWithSupervisorLogin","Surefire suite","Wed Sep 23 08:19:46 UTC 2026","passed","Wed Sep 23 08:19:51 UTC 2026","testcases.backoffice.currency.GetCurrencyTest","Surefire test","testcases.backoffice.currency.GetCurrencyTest","getCurrencyWithSupervisorLogin"
"","4865","listSpecialTransfer","Surefire suite","Wed Sep 23 08:31:45 UTC 2026","passed","Wed Sep 23 08:31:50 UTC 2026","testcases.backoffice.ListTransferTest","Surefire test","testcases.backoffice.ListTransferTest","listSpecialTransfer"
"Get List Group Company BO Menggunakan HTTP Method POST","6658","getListGroupCompanyWithPostMethod","Surefire suite","Wed Sep 23 08:30:07 UTC 2026","passed","Wed Sep 23 08:30:13 UTC 2026","testcases.backoffice.settlement.GetListGroupCompanyTest","Surefire test","testcases.backoffice.settlement.GetListGroupCompanyTest","getListGroupCompanyWithPostMethod"
"Delete Google Authenticator Dengan id Berisi Payload XSS","5787","deleteOtpGoogleWithXssId","Surefire suite","Wed Sep 23 08:31:32 UTC 2026","passed","Wed Sep 23 08:31:37 UTC 2026","testcases.backoffice.googleauth.DeleteOtpGoogleTest","Surefire test","testcases.backoffice.googleauth.DeleteOtpGoogleTest","deleteOtpGoogleWithXssId"
"List Currency USDT Menggunakan HTTP Method PUT","1716","getCurrencyWithPutMethod","Surefire suite","Wed Sep 23 08:19:36 UTC 2026","passed","Wed Sep 23 08:19:38 UTC 2026","testcases.backoffice.currency.GetCurrencyTest","Surefire test","testcases.backoffice.currency.GetCurrencyTest","getCurrencyWithPutMethod"
"Get Detail Waiting Company Backoffice Dengan Token Kadaluarsa","1768","getDetailWaitingCompanyWithExpiredToken","Surefire suite","Wed Sep 23 08:32:32 UTC 2026","passed","Wed Sep 23 08:32:34 UTC 2026","testcases.backoffice.GetDetailWaitingCompanyTest","Surefire test","testcases.backoffice.GetDetailWaitingCompanyTest","getDetailWaitingCompanyWithExpiredToken"
"List Waiting Company Backoffice Dengan Karakter SQL Injection pada Field Param","5651","listWaitingCompanyWithSqlInjectionParam","Surefire suite","Wed Sep 23 08:19:42 UTC 2026","passed","Wed Sep 23 08:19:48 UTC 2026","testcases.backoffice.ListWaitingCompanyTest","Surefire test","testcases.backoffice.ListWaitingCompanyTest","listWaitingCompanyWithSqlInjectionParam"
"Get Group Detail Backoffice Menggunakan HTTP Method POST","5083","getGroupDetailWithPostMethod","Surefire suite","Wed Sep 23 08:22:39 UTC 2026","passed","Wed Sep 23 08:22:44 UTC 2026","testcases.backoffice.group.GetGroupTest","Surefire test","testcases.backoffice.group.GetGroupTest","getGroupDetailWithPostMethod"
"Get History Flop Transfer Test Supervisor","13418","historyFlopTransferTestSupervisor","Surefire suite","Wed Sep 23 09:44:09 UTC 2026","passed","Wed Sep 23 09:44:23 UTC 2026","testcases.history.HistoryTransferTest","Surefire test","testcases.history.HistoryTransferTest","historyFlopTransferTestSupervisor"
"Success Login Admin","3956","testLoginAdmin","Surefire suite","Wed Sep 23 08:17:08 UTC 2026","passed","Wed Sep 23 08:17:12 UTC 2026","testcases.auth.LoginTest","Surefire test","testcases.auth.LoginTest","testLoginAdmin"
"List Currency USDT Menggunakan Login CS Admin","5125","getCurrencyWithCSAdminLogin","Surefire suite","Wed Sep 23 08:17:53 UTC 2026","passed","Wed Sep 23 08:17:58 UTC 2026","testcases.backoffice.currency.GetCurrencyTest","Surefire test","testcases.backoffice.currency.GetCurrencyTest","getCurrencyWithCSAdminLogin"
"List Currency USDT Dengan Token Kadaluarsa","1542","getCurrencyWithExpiredToken","Surefire suite","Wed Sep 23 08:18:22 UTC 2026","passed","Wed Sep 23 08:18:23 UTC 2026","testcases.backoffice.currency.GetCurrencyTest","Surefire test","testcases.backoffice.currency.GetCurrencyTest","getCurrencyWithExpiredToken"
"Delete Group Backoffice Dengan Body JSON Tidak Valid (Malformed)","1798","deleteGroupWithMalformedJson","Surefire suite","Wed Sep 23 08:34:07 UTC 2026","passed","Wed Sep 23 08:34:08 UTC 2026","testcases.backoffice.group.DeleteGroupTest","Surefire test","testcases.backoffice.group.DeleteGroupTest","deleteGroupWithMalformedJson"
"Create Manage Settlement BO Menggunakan Login Admin Crypto","6072","addManageSettlementWithAdminCryptoLogin","Surefire suite","Wed Sep 23 08:22:22 UTC 2026","passed","Wed Sep 23 08:22:28 UTC 2026","testcases.backoffice.settlement.AddManageSettlementTest","Surefire test","testcases.backoffice.settlement.AddManageSettlementTest","addManageSettlementWithAdminCryptoLogin"
"Add Group Backoffice Dengan feeBankPercent Negatif","2089","addGroupWithNegativeFee","Surefire suite","Wed Sep 23 08:39:18 UTC 2026","passed","Wed Sep 23 08:39:20 UTC 2026","testcases.backoffice.group.AddGroupTest","Surefire test","testcases.backoffice.group.AddGroupTest","addGroupWithNegativeFee"
"","10040","listCashDeposit","Surefire suite","Wed Sep 23 08:16:50 UTC 2026","passed","Wed Sep 23 08:17:00 UTC 2026","testcases.backoffice.ListTransferTest","Surefire test","testcases.backoffice.ListTransferTest","listCashDeposit"
"Get History QR Paid Merchant on login CS Admin","17583","historyQRPaidMerchantCSAdmin","Surefire suite","Wed Sep 23 08:52:56 UTC 2026","passed","Wed Sep 23 08:53:14 UTC 2026","testcases.history.HistoryQRTest","Surefire test","testcases.history.HistoryQRTest","historyQRPaidMerchantCSAdmin"
"Inquiry Test USDT Transfer Merchant","7564","inquiryUSDT","Surefire suite","Wed Sep 23 08:39:16 UTC 2026","passed","Wed Sep 23 08:39:24 UTC 2026","testcases.transfer.InquiryUSDTTest","Surefire test","testcases.transfer.InquiryUSDTTest","inquiryUSDT"
"Delete Group Backoffice Menggunakan Login Admin","5408","deleteGroupWithAdminLogin","Surefire suite","Wed Sep 23 08:32:36 UTC 2026","passed","Wed Sep 23 08:32:41 UTC 2026","testcases.backoffice.group.DeleteGroupTest","Surefire test","testcases.backoffice.group.DeleteGroupTest","deleteGroupWithAdminLogin"
"List Waiting Company Backoffice Menggunakan Login Merchant","5349","listWaitingCompanyWithMerchantLogin","Surefire suite","Wed Sep 23 08:19:25 UTC 2026","passed","Wed Sep 23 08:19:31 UTC 2026","testcases.backoffice.ListWaitingCompanyTest","Surefire test","testcases.backoffice.ListWaitingCompanyTest","listWaitingCompanyWithMerchantLogin"
"Get History USDT Transfer Test CS","15772","historyUSDTTransferTestAdmin","Surefire suite","Wed Sep 23 09:52:38 UTC 2026","passed","Wed Sep 23 09:52:53 UTC 2026","testcases.history.HistoryTransferTest","Surefire test","testcases.history.HistoryTransferTest","historyUSDTTransferTestAdmin"
"Add Group Backoffice Dengan Payload XSS pada name","2643","addGroupWithXssName","Surefire suite","Wed Sep 23 08:40:40 UTC 2026","passed","Wed Sep 23 08:40:43 UTC 2026","testcases.backoffice.group.AddGroupTest","Surefire test","testcases.backoffice.group.AddGroupTest","addGroupWithXssName"
"Delete Group Backoffice Dengan Body Berupa JSON Array ([])","6114","deleteGroupWithArrayBody","Surefire suite","Wed Sep 23 08:32:44 UTC 2026","passed","Wed Sep 23 08:32:50 UTC 2026","testcases.backoffice.group.DeleteGroupTest","Surefire test","testcases.backoffice.group.DeleteGroupTest","deleteGroupWithArrayBody"
"Add Currency CS Admin Path Menggunakan HTTP Method PUT","1868","addCurrencyWithPutMethod","Surefire suite","Wed Sep 23 09:31:47 UTC 2026","passed","Wed Sep 23 09:31:48 UTC 2026","testcases.backoffice.currency.AddCurrencyTest","Surefire test","testcases.backoffice.currency.AddCurrencyTest","addCurrencyWithPutMethod"
"Delete Group Backoffice Dengan id Bertipe Angka (Bukan String)","2240","deleteGroupWithIdAsNumber","Surefire suite","Wed Sep 23 08:33:47 UTC 2026","passed","Wed Sep 23 08:33:49 UTC 2026","testcases.backoffice.group.DeleteGroupTest","Surefire test","testcases.backoffice.group.DeleteGroupTest","deleteGroupWithIdAsNumber"
"Add Group Ke Path yang Tidak Ada (Typo)","3942","addGroupWithWrongPath","Surefire suite","Wed Sep 23 08:40:28 UTC 2026","passed","Wed Sep 23 08:40:31 UTC 2026","testcases.backoffice.group.AddGroupTest","Surefire test","testcases.backoffice.group.AddGroupTest","addGroupWithWrongPath"
"List Currency USDT Dengan Token Backoffice Valid Tapi Tanpa Header pbyv","1751","getCurrencyWithoutPbyvHeader","Surefire suite","Wed Sep 23 08:20:29 UTC 2026","passed","Wed Sep 23 08:20:31 UTC 2026","testcases.backoffice.currency.GetCurrencyTest","Surefire test","testcases.backoffice.currency.GetCurrencyTest","getCurrencyWithoutPbyvHeader"
"Delete Group Backoffice yang Sama Dipanggil Dua Kali (Sudah Terhapus)","7635","deleteGroupAlreadyDeleted","Surefire suite","Wed Sep 23 08:31:54 UTC 2026","failed","Wed Sep 23 08:32:01 UTC 2026","testcases.backoffice.group.DeleteGroupTest","Surefire test","testcases.backoffice.group.DeleteGroupTest","deleteGroupAlreadyDeleted"
"Reset Password CS Admin","5556","resetPasswordCSAdmin","Surefire suite","Wed Sep 23 08:18:19 UTC 2026","passed","Wed Sep 23 08:18:24 UTC 2026","testcases.settings.ResetPasswordTest","Surefire test","testcases.settings.ResetPasswordTest","resetPasswordCSAdmin"
"Get List Favorite Account Dengan size Negatif","1865","getListFavoriteAccountWithNegativeSize","Surefire suite","Wed Sep 23 10:26:15 UTC 2026","passed","Wed Sep 23 10:26:17 UTC 2026","testcases.settings.favoriteaccount.GetListFavoriteAccountTest","Surefire test","testcases.settings.favoriteaccount.GetListFavoriteAccountTest","getListFavoriteAccountWithNegativeSize"
"List Refund Dengan Tipe Data Salah pada Field Limit (String, Bukan Integer)","8086","listRefundWithInvalidFieldType","Surefire suite","Wed Sep 23 09:37:16 UTC 2026","passed","Wed Sep 23 09:37:24 UTC 2026","testcases.backoffice.ListRefundTest","Surefire test","testcases.backoffice.ListRefundTest","listRefundWithInvalidFieldType"
"Test Rejected Special Transfer","14941","rejectedSpecialTransfer","Surefire suite","Wed Sep 23 09:21:19 UTC 2026","passed","Wed Sep 23 09:21:34 UTC 2026","testcases.backoffice.ApprovalTransferTest","Surefire test","testcases.backoffice.ApprovalTransferTest","rejectedSpecialTransfer"
"Get List Group Backoffice Dengan Header pbyv Salah","1781","getListGroupWithWrongPbyvHeader","Surefire suite","Wed Sep 23 08:27:08 UTC 2026","passed","Wed Sep 23 08:27:10 UTC 2026","testcases.backoffice.group.GetListGroupTest","Surefire test","testcases.backoffice.group.GetListGroupTest","getListGroupWithWrongPbyvHeader"
"Refund Summary Tanpa Field endDate","1864","getRefundWithoutEndDate","Surefire suite","Wed Sep 23 08:35:44 UTC 2026","passed","Wed Sep 23 08:35:46 UTC 2026","testcases.backoffice.refund.GetRefundTest","Surefire test","testcases.backoffice.refund.GetRefundTest","getRefundWithoutEndDate"
"List Refund Menggunakan Login Merchant","6817","listRefundMerchant","Surefire suite","Wed Sep 23 09:36:12 UTC 2026","passed","Wed Sep 23 09:36:18 UTC 2026","testcases.backoffice.ListRefundTest","Surefire test","testcases.backoffice.ListRefundTest","listRefundMerchant"
"Add Currency CS Admin Path Dengan Bearer Token Kosong","1715","addCurrencyWithEmptyBearerToken","Surefire suite","Wed Sep 23 09:29:17 UTC 2026","passed","Wed Sep 23 09:29:18 UTC 2026","testcases.backoffice.currency.AddCurrencyTest","Surefire test","testcases.backoffice.currency.AddCurrencyTest","addCurrencyWithEmptyBearerToken"
"List Currency USDT Dengan Field Tidak Dikenal pada Body","1759","getCurrencyWithUnknownField","Surefire suite","Wed Sep 23 08:19:54 UTC 2026","passed","Wed Sep 23 08:19:56 UTC 2026","testcases.backoffice.currency.GetCurrencyTest","Surefire test","testcases.backoffice.currency.GetCurrencyTest","getCurrencyWithUnknownField"
"Get History QR Admin","10789","historyQRTestAdmin","Surefire suite","Wed Sep 23 08:53:17 UTC 2026","passed","Wed Sep 23 08:53:28 UTC 2026","testcases.history.HistoryQRTest","Surefire test","testcases.history.HistoryQRTest","historyQRTestAdmin"
"List User Backoffice Dengan Karakter SQL Injection pada Field Param - Menemukan Bug Gateway Timeout","8661","listUsersWithSqlInjectionParam","Surefire suite","Wed Sep 23 08:31:01 UTC 2026","passed","Wed Sep 23 08:31:10 UTC 2026","testcases.backoffice.users.ListUsersTest","Surefire test","testcases.backoffice.users.ListUsersTest","listUsersWithSqlInjectionParam"
"Created Favorite Account Customer Service","14088","createdFavoriteAccountCS","Surefire suite","Wed Sep 23 09:02:03 UTC 2026","passed","Wed Sep 23 09:02:17 UTC 2026","testcases.settings.favoriteaccount.CreatedFavoriteAccountTest","Surefire test","testcases.settings.favoriteaccount.CreatedFavoriteAccountTest","createdFavoriteAccountCS"
"Create Manage Settlement BO Menggunakan HTTP Method PUT","7870","addManageSettlementWithPutMethod","Surefire suite","Wed Sep 23 08:26:14 UTC 2026","passed","Wed Sep 23 08:26:22 UTC 2026","testcases.backoffice.settlement.AddManageSettlementTest","Surefire test","testcases.backoffice.settlement.AddManageSettlementTest","addManageSettlementWithPutMethod"
"Add Group Backoffice Menggunakan Login Admin Crypto","7688","addGroupWithAdminCryptoLogin","Surefire suite","Wed Sep 23 08:36:38 UTC 2026","passed","Wed Sep 23 08:36:46 UTC 2026","testcases.backoffice.group.AddGroupTest","Surefire test","testcases.backoffice.group.AddGroupTest","addGroupWithAdminCryptoLogin"
"Delete Google Authenticator Dengan id Valid Secara Format Tapi Tidak Ada","6275","deleteOtpGoogleWithNonExistentId","Surefire suite","Wed Sep 23 08:30:08 UTC 2026","passed","Wed Sep 23 08:30:14 UTC 2026","testcases.backoffice.googleauth.DeleteOtpGoogleTest","Surefire test","testcases.backoffice.googleauth.DeleteOtpGoogleTest","deleteOtpGoogleWithNonExistentId"
"Get List Google Authenticator Dengan Body Kosong ({})","6770","listOtpGoogleWithEmptyBody","Surefire suite","Wed Sep 23 08:21:32 UTC 2026","passed","Wed Sep 23 08:21:39 UTC 2026","testcases.backoffice.googleauth.ListOtpGoogleTest","Surefire test","testcases.backoffice.googleauth.ListOtpGoogleTest","listOtpGoogleWithEmptyBody"
"Delete Group Backoffice Menggunakan HTTP Method DELETE","1603","deleteGroupWithDeleteMethod","Surefire suite","Wed Sep 23 08:33:11 UTC 2026","passed","Wed Sep 23 08:33:13 UTC 2026","testcases.backoffice.group.DeleteGroupTest","Surefire test","testcases.backoffice.group.DeleteGroupTest","deleteGroupWithDeleteMethod"
"List Company Backoffice Dengan Body Berupa JSON Array ([])","6202","listCompanyWithArrayBody","Surefire suite","Wed Sep 23 08:25:36 UTC 2026","passed","Wed Sep 23 08:25:42 UTC 2026","testcases.backoffice.ListCompanyTest","Surefire test","testcases.backoffice.ListCompanyTest","listCompanyWithArrayBody"
"List Company Backoffice Dengan Header Authorization Tanpa Skema Bearer","1724","listCompanyWithMalformedAuthorizationHeader","Surefire suite","Wed Sep 23 08:26:52 UTC 2026","passed","Wed Sep 23 08:26:54 UTC 2026","testcases.backoffice.ListCompanyTest","Surefire test","testcases.backoffice.ListCompanyTest","listCompanyWithMalformedAuthorizationHeader"
"Get List Favorite Account Dengan page Negatif","1786","getListFavoriteAccountWithNegativePage","Surefire suite","Wed Sep 23 10:26:10 UTC 2026","passed","Wed Sep 23 10:26:12 UTC 2026","testcases.settings.favoriteaccount.GetListFavoriteAccountTest","Surefire test","testcases.settings.favoriteaccount.GetListFavoriteAccountTest","getListFavoriteAccountWithNegativePage"
"Get List Favorite Account Dengan Content-Type text/plain","3751","getListFavoriteAccountWithWrongContentType","Surefire suite","Wed Sep 23 10:27:04 UTC 2026","passed","Wed Sep 23 10:27:08 UTC 2026","testcases.settings.favoriteaccount.GetListFavoriteAccountTest","Surefire test","testcases.settings.favoriteaccount.GetListFavoriteAccountTest","getListFavoriteAccountWithWrongContentType"
"Refund Summary Ke Path yang Tidak Ada (Typo)","2081","getRefundWithWrongPath","Surefire suite","Wed Sep 23 08:35:15 UTC 2026","passed","Wed Sep 23 08:35:17 UTC 2026","testcases.backoffice.refund.GetRefundTest","Surefire test","testcases.backoffice.refund.GetRefundTest","getRefundWithWrongPath"
"Add Whitelist Ip User CS Admin","8036","addWhitelistIpUserCsAdmin","Surefire suite","Wed Sep 23 08:17:31 UTC 2026","passed","Wed Sep 23 08:17:40 UTC 2026","testcases.backoffice.users.EditUserTest","Surefire test","testcases.backoffice.users.EditUserTest","addWhitelistIpUserCsAdmin"
"Test Get Report Transaction Supervisor","7891","getReportTransactionSupervisor","Surefire suite","Wed Sep 23 08:22:26 UTC 2026","passed","Wed Sep 23 08:22:34 UTC 2026","testcases.report.ReportTransactionTest","Surefire test","testcases.report.ReportTransactionTest","getReportTransactionSupervisor"
"Get List Group Backoffice Menggunakan Login Admin","5166","getListGroupWithAdminLogin","Surefire suite","Wed Sep 23 08:24:22 UTC 2026","passed","Wed Sep 23 08:24:27 UTC 2026","testcases.backoffice.group.GetListGroupTest","Surefire test","testcases.backoffice.group.GetListGroupTest","getListGroupWithAdminLogin"
"List Currency USDT Dengan Ukuran Halaman Sangat Besar","2187","getCurrencyWithHugeSize","Surefire suite","Wed Sep 23 08:18:31 UTC 2026","passed","Wed Sep 23 08:18:34 UTC 2026","testcases.backoffice.currency.GetCurrencyTest","Surefire test","testcases.backoffice.currency.GetCurrencyTest","getCurrencyWithHugeSize"
"Delete Group Backoffice Menggunakan Login Admin Crypto","5422","deleteGroupWithAdminCryptoLogin","Surefire suite","Wed Sep 23 08:32:27 UTC 2026","passed","Wed Sep 23 08:32:33 UTC 2026","testcases.backoffice.group.DeleteGroupTest","Surefire test","testcases.backoffice.group.DeleteGroupTest","deleteGroupWithAdminCryptoLogin"
"Refund Summary Tanpa Field startDate","1938","getRefundWithoutStartDate","Surefire suite","Wed Sep 23 08:35:57 UTC 2026","passed","Wed Sep 23 08:35:59 UTC 2026","testcases.backoffice.refund.GetRefundTest","Surefire test","testcases.backoffice.refund.GetRefundTest","getRefundWithoutStartDate"
"List Currency USDT Menggunakan HTTP Method GET","2044","getCurrencyWithGetMethod","Surefire suite","Wed Sep 23 08:18:26 UTC 2026","passed","Wed Sep 23 08:18:28 UTC 2026","testcases.backoffice.currency.GetCurrencyTest","Surefire test","testcases.backoffice.currency.GetCurrencyTest","getCurrencyWithGetMethod"
"Get Detail Waiting Company Backoffice Menggunakan HTTP Method PUT","5337","getDetailWaitingCompanyWithPutMethod","Surefire suite","Wed Sep 23 08:34:10 UTC 2026","passed","Wed Sep 23 08:34:15 UTC 2026","testcases.backoffice.GetDetailWaitingCompanyTest","Surefire test","testcases.backoffice.GetDetailWaitingCompanyTest","getDetailWaitingCompanyWithPutMethod"
"Request Refund Transfer Supervisor","6380","refundTransferSupervisor","Surefire suite","Wed Sep 23 08:17:32 UTC 2026","passed","Wed Sep 23 08:17:38 UTC 2026","testcases.transfer.RefundTransferTest","Surefire test","testcases.transfer.RefundTransferTest","refundTransferSupervisor"
"Create Manage Settlement BO Menggunakan HTTP Method DELETE","6956","addManageSettlementWithDeleteMethod","Surefire suite","Wed Sep 23 08:23:05 UTC 2026","passed","Wed Sep 23 08:23:12 UTC 2026","testcases.backoffice.settlement.AddManageSettlementTest","Surefire test","testcases.backoffice.settlement.AddManageSettlementTest","addManageSettlementWithDeleteMethod"
"Delete Group Backoffice Menggunakan HTTP Method PATCH","1627","deleteGroupWithPatchMethod","Surefire suite","Wed Sep 23 08:35:06 UTC 2026","passed","Wed Sep 23 08:35:08 UTC 2026","testcases.backoffice.group.DeleteGroupTest","Surefire test","testcases.backoffice.group.DeleteGroupTest","deleteGroupWithPatchMethod"
"Get Group Backoffice Menggunakan Login Admin Crypto","6442","getGroupWithAdminCryptoLogin","Surefire suite","Wed Sep 23 08:36:33 UTC 2026","passed","Wed Sep 23 08:36:40 UTC 2026","testcases.backoffice.GetDashboardTest","Surefire test","testcases.backoffice.GetDashboardTest","getGroupWithAdminCryptoLogin"
"Check Status QR Merchant","10435","checkStatusQRMerchant","Surefire suite","Wed Sep 23 08:39:27 UTC 2026","passed","Wed Sep 23 08:39:37 UTC 2026","testcases.QR.CheckStatusQRTest","Surefire test","testcases.QR.CheckStatusQRTest","checkStatusQRMerchant"
"Add Currency CS Admin Path Dengan rate Berupa JSON Object","5126","addCurrencyWithObjectRate","Surefire suite","Wed Sep 23 09:31:34 UTC 2026","passed","Wed Sep 23 09:31:39 UTC 2026","testcases.backoffice.currency.AddCurrencyTest","Surefire test","testcases.backoffice.currency.AddCurrencyTest","addCurrencyWithObjectRate"
"Create Manage Settlement BO Menggunakan Login Admin","5368","addManageSettlementWithAdminLogin","Surefire suite","Wed Sep 23 08:22:31 UTC 2026","passed","Wed Sep 23 08:22:36 UTC 2026","testcases.backoffice.settlement.AddManageSettlementTest","Surefire test","testcases.backoffice.settlement.AddManageSettlementTest","addManageSettlementWithAdminLogin"
"Delete Google Authenticator Menggunakan HTTP Method PATCH","8191","deleteOtpGoogleWithPatchMethod","Surefire suite","Wed Sep 23 08:30:26 UTC 2026","passed","Wed Sep 23 08:30:34 UTC 2026","testcases.backoffice.googleauth.DeleteOtpGoogleTest","Surefire test","testcases.backoffice.googleauth.DeleteOtpGoogleTest","deleteOtpGoogleWithPatchMethod"
"Delete Group Backoffice Menggunakan Login CS Admin","5322","deleteGroupWithCSAdminLogin","Surefire suite","Wed Sep 23 08:32:53 UTC 2026","passed","Wed Sep 23 08:32:59 UTC 2026","testcases.backoffice.group.DeleteGroupTest","Surefire test","testcases.backoffice.group.DeleteGroupTest","deleteGroupWithCSAdminLogin"
"Add Currency CS Admin Path Menggunakan Login Customer Service","6196","addCurrencyWithCSLogin","Surefire suite","Wed Sep 23 09:28:53 UTC 2026","passed","Wed Sep 23 09:28:59 UTC 2026","testcases.backoffice.currency.AddCurrencyTest","Surefire test","testcases.backoffice.currency.AddCurrencyTest","addCurrencyWithCSLogin"
"Get List Google Authenticator Dengan Token Backoffice Valid Tapi Tanpa Header pbyv","5756","listOtpGoogleWithoutPbyvHeader","Surefire suite","Wed Sep 23 08:25:09 UTC 2026","passed","Wed Sep 23 08:25:15 UTC 2026","testcases.backoffice.googleauth.ListOtpGoogleTest","Surefire test","testcases.backoffice.googleauth.ListOtpGoogleTest","listOtpGoogleWithoutPbyvHeader"
"Delete Manage Settlement BO Menggunakan Login CS Admin","5580","deleteManageSettlementWithCSAdminLogin","Surefire suite","Wed Sep 23 08:18:46 UTC 2026","passed","Wed Sep 23 08:18:52 UTC 2026","testcases.backoffice.settlement.DeleteManageSettlementTest","Surefire test","testcases.backoffice.settlement.DeleteManageSettlementTest","deleteManageSettlementWithCSAdminLogin"
"Get History Transfer Test","11288","historyTransferTest","Surefire suite","Wed Sep 23 09:50:14 UTC 2026","passed","Wed Sep 23 09:50:25 UTC 2026","testcases.history.HistoryTransferTest","Surefire test","testcases.history.HistoryTransferTest","historyTransferTest"
"Get History USDT Transfer Merchant on Login CS Admin","19048","historyUSDTTransferMerchantTestCSAdmin","Surefire suite","Wed Sep 23 09:51:38 UTC 2026","passed","Wed Sep 23 09:51:57 UTC 2026","testcases.history.HistoryTransferTest","Surefire test","testcases.history.HistoryTransferTest","historyUSDTTransferMerchantTestCSAdmin"
"Test Approve Manual Transfer Supervisor dengan check Fee di Admin Crypto dan Admin Fee","56699","approvedCashDepositBalanceSupervisor","Surefire suite","Wed Sep 23 09:13:19 UTC 2026","passed","Wed Sep 23 09:14:15 UTC 2026","testcases.backoffice.ApprovalTransferTest","Surefire test","testcases.backoffice.ApprovalTransferTest","approvedCashDepositBalanceSupervisor"
"Get List Group Backoffice Menggunakan Login Supervisor","7881","getListGroupWithSupervisorLogin","Surefire suite","Wed Sep 23 08:26:42 UTC 2026","passed","Wed Sep 23 08:26:50 UTC 2026","testcases.backoffice.group.GetListGroupTest","Surefire test","testcases.backoffice.group.GetListGroupTest","getListGroupWithSupervisorLogin"
"Get List Google Authenticator Dengan Header Authorization Tanpa Skema Bearer","1728","listOtpGoogleWithMalformedAuthorizationHeader","Surefire suite","Wed Sep 23 08:22:26 UTC 2026","passed","Wed Sep 23 08:22:28 UTC 2026","testcases.backoffice.googleauth.ListOtpGoogleTest","Surefire test","testcases.backoffice.googleauth.ListOtpGoogleTest","listOtpGoogleWithMalformedAuthorizationHeader"
"Get Detail Waiting Company Backoffice Menggunakan Login CS Admin","5338","getDetailWaitingCompanyWithCSAdminLogin","Surefire suite","Wed Sep 23 08:32:03 UTC 2026","passed","Wed Sep 23 08:32:08 UTC 2026","testcases.backoffice.GetDetailWaitingCompanyTest","Surefire test","testcases.backoffice.GetDetailWaitingCompanyTest","getDetailWaitingCompanyWithCSAdminLogin"
"Test Approved USDT","23540","approvedUSDTAdminCrypto","Surefire suite","Wed Sep 23 09:17:03 UTC 2026","passed","Wed Sep 23 09:17:26 UTC 2026","testcases.backoffice.ApprovalTransferTest","Surefire test","testcases.backoffice.ApprovalTransferTest","approvedUSDTAdminCrypto"
"Get List Group Backoffice Tanpa Body Sama Sekali","1866","getListGroupWithoutBody","Surefire suite","Wed Sep 23 08:27:22 UTC 2026","passed","Wed Sep 23 08:27:24 UTC 2026","testcases.backoffice.group.GetListGroupTest","Surefire test","testcases.backoffice.group.GetListGroupTest","getListGroupWithoutBody"
"Delete Manage Settlement BO Dengan id Berisi Spasi","5298","deleteManageSettlementWithWhitespaceId","Surefire suite","Wed Sep 23 08:21:14 UTC 2026","passed","Wed Sep 23 08:21:20 UTC 2026","testcases.backoffice.settlement.DeleteManageSettlementTest","Surefire test","testcases.backoffice.settlement.DeleteManageSettlementTest","deleteManageSettlementWithWhitespaceId"
"Test Get Report RRN Dispute","4997","getReportRRNAdmin","Surefire suite","Wed Sep 23 08:17:51 UTC 2026","passed","Wed Sep 23 08:17:56 UTC 2026","testcases.report.ReportTransactionTest","Surefire test","testcases.report.ReportTransactionTest","getReportRRNAdmin"
"Refund Summary Dengan Token Backoffice Valid Tapi Tanpa Header pbyv","5236","getRefundWithoutPbyvHeader","Surefire suite","Wed Sep 23 08:35:49 UTC 2026","passed","Wed Sep 23 08:35:54 UTC 2026","testcases.backoffice.refund.GetRefundTest","Surefire test","testcases.backoffice.refund.GetRefundTest","getRefundWithoutPbyvHeader"
"Get Group Detail Backoffice Menggunakan Login Group","5614","getGroupDetailWithGroupLogin","Surefire suite","Wed Sep 23 08:21:28 UTC 2026","passed","Wed Sep 23 08:21:34 UTC 2026","testcases.backoffice.group.GetGroupTest","Surefire test","testcases.backoffice.group.GetGroupTest","getGroupDetailWithGroupLogin"
"Edit User Backoffice","7072","editUserBackoffice","Surefire suite","Wed Sep 23 08:17:08 UTC 2026","passed","Wed Sep 23 08:17:15 UTC 2026","testcases.backoffice.users.EditUserTest","Surefire test","testcases.backoffice.users.EditUserTest","editUserBackoffice"
"Get Detail User Backoffice Menggunakan Login Merchant","6703","getUsersWithMerchantLogin","Surefire suite","Wed Sep 23 08:28:48 UTC 2026","passed","Wed Sep 23 08:28:55 UTC 2026","testcases.backoffice.users.ListUsersTest","Surefire test","testcases.backoffice.users.ListUsersTest","getUsersWithMerchantLogin"
"Add Group Backoffice Menggunakan HTTP Method DELETE","1774","addGroupWithDeleteMethod","Surefire suite","Wed Sep 23 08:37:27 UTC 2026","passed","Wed Sep 23 08:37:29 UTC 2026","testcases.backoffice.group.AddGroupTest","Surefire test","testcases.backoffice.group.AddGroupTest","addGroupWithDeleteMethod"
"Add Group Backoffice Tanpa Field feeBankPercent","1708","addGroupWithMissingFeeField","Surefire suite","Wed Sep 23 08:39:13 UTC 2026","passed","Wed Sep 23 08:39:15 UTC 2026","testcases.backoffice.group.AddGroupTest","Surefire test","testcases.backoffice.group.AddGroupTest","addGroupWithMissingFeeField"
"Delete Manage Settlement BO Ke Path yang Tidak Ada (Typo)","6086","deleteManageSettlementWithWrongPath","Surefire suite","Wed Sep 23 08:21:23 UTC 2026","passed","Wed Sep 23 08:21:29 UTC 2026","testcases.backoffice.settlement.DeleteManageSettlementTest","Surefire test","testcases.backoffice.settlement.DeleteManageSettlementTest","deleteManageSettlementWithWrongPath"
"List Refund Dengan Body Kosong ({})","9097","listRefundWithEmptyBody","Surefire suite","Wed Sep 23 09:36:51 UTC 2026","passed","Wed Sep 23 09:37:00 UTC 2026","testcases.backoffice.ListRefundTest","Surefire test","testcases.backoffice.ListRefundTest","listRefundWithEmptyBody"
"Add Currency CS Admin Path Dengan rate Desimal","2246","addCurrencyWithDecimalRate","Surefire suite","Wed Sep 23 09:29:02 UTC 2026","passed","Wed Sep 23 09:29:04 UTC 2026","testcases.backoffice.currency.AddCurrencyTest","Surefire test","testcases.backoffice.currency.AddCurrencyTest","addCurrencyWithDecimalRate"
"Delete Group Backoffice Dengan Format id Tidak Valid (Bukan ObjectId)","2168","deleteGroupWithInvalidIdFormat","Surefire suite","Wed Sep 23 08:33:52 UTC 2026","passed","Wed Sep 23 08:33:54 UTC 2026","testcases.backoffice.group.DeleteGroupTest","Surefire test","testcases.backoffice.group.DeleteGroupTest","deleteGroupWithInvalidIdFormat"
"Get List Group Company BO Menggunakan Login Supervisor","5325","getListGroupCompanyWithSupervisorLogin","Surefire suite","Wed Sep 23 08:30:35 UTC 2026","passed","Wed Sep 23 08:30:41 UTC 2026","testcases.backoffice.settlement.GetListGroupCompanyTest","Surefire test","testcases.backoffice.settlement.GetListGroupCompanyTest","getListGroupCompanyWithSupervisorLogin"
"List User Backoffice Dengan Body Kosong ({})","7081","listUsersWithEmptyBody","Surefire suite","Wed Sep 23 08:29:42 UTC 2026","passed","Wed Sep 23 08:29:49 UTC 2026","testcases.backoffice.users.ListUsersTest","Surefire test","testcases.backoffice.users.ListUsersTest","listUsersWithEmptyBody"
"Normal Transfer Success","9776","transferAdminCrypto","Surefire suite","Wed Sep 23 08:19:16 UTC 2026","passed","Wed Sep 23 08:19:26 UTC 2026","testcases.transfer.TransferTest","Surefire test","testcases.transfer.TransferTest","transferAdminCrypto"
"Get Group Detail Backoffice Dengan Group Id Milik Entitas Lain (User Id)","4960","getGroupDetailWithForeignEntityId","Surefire suite","Wed Sep 23 08:21:21 UTC 2026","passed","Wed Sep 23 08:21:25 UTC 2026","testcases.backoffice.group.GetGroupTest","Surefire test","testcases.backoffice.group.GetGroupTest","getGroupDetailWithForeignEntityId"
"Test Settlement USDT dengan check Fee di Admin Crypto dan Admin Fee","62661","settlementUSDT","Surefire suite","Wed Sep 23 09:22:50 UTC 2026","passed","Wed Sep 23 09:23:52 UTC 2026","testcases.backoffice.ApprovalTransferTest","Surefire test","testcases.backoffice.ApprovalTransferTest","settlementUSDT"
"Delete Google Authenticator Menggunakan Login Customer Service","9211","deleteOtpGoogleWithCSLogin","Surefire suite","Wed Sep 23 08:28:42 UTC 2026","passed","Wed Sep 23 08:28:51 UTC 2026","testcases.backoffice.googleauth.DeleteOtpGoogleTest","Surefire test","testcases.backoffice.googleauth.DeleteOtpGoogleTest","deleteOtpGoogleWithCSLogin"
"Delete Group Backoffice Menggunakan Login Merchant","5651","deleteGroupWithMerchantLogin","Surefire suite","Wed Sep 23 08:34:22 UTC 2026","passed","Wed Sep 23 08:34:27 UTC 2026","testcases.backoffice.group.DeleteGroupTest","Surefire test","testcases.backoffice.group.DeleteGroupTest","deleteGroupWithMerchantLogin"
"Delete Google Authenticator Menggunakan HTTP Method POST","5137","deleteOtpGoogleWithPostMethod","Surefire suite","Wed Sep 23 08:30:37 UTC 2026","passed","Wed Sep 23 08:30:42 UTC 2026","testcases.backoffice.googleauth.DeleteOtpGoogleTest","Surefire test","testcases.backoffice.googleauth.DeleteOtpGoogleTest","deleteOtpGoogleWithPostMethod"
"Get Group Backoffice Dengan Token Tidak Valid","1862","getGroupWithInvalidToken","Surefire suite","Wed Sep 23 08:36:43 UTC 2026","passed","Wed Sep 23 08:36:44 UTC 2026","testcases.backoffice.GetDashboardTest","Surefire test","testcases.backoffice.GetDashboardTest","getGroupWithInvalidToken"
"Add Currency CS Admin Path Dengan Header powis Salah","2588","addCurrencyWithWrongPowisHeader","Surefire suite","Wed Sep 23 09:32:29 UTC 2026","passed","Wed Sep 23 09:32:31 UTC 2026","testcases.backoffice.currency.AddCurrencyTest","Surefire test","testcases.backoffice.currency.AddCurrencyTest","addCurrencyWithWrongPowisHeader"
"List Waiting Company Backoffice Dengan Tipe Data Salah pada Field Limit (String, Bukan Integer)","5450","listWaitingCompanyWithInvalidFieldType","Surefire suite","Wed Sep 23 08:18:43 UTC 2026","passed","Wed Sep 23 08:18:48 UTC 2026","testcases.backoffice.ListWaitingCompanyTest","Surefire test","testcases.backoffice.ListWaitingCompanyTest","listWaitingCompanyWithInvalidFieldType"
"Test Approved Special Transfer Supervisor","13714","approvedSpecialTransferSupervisor","Surefire suite","Wed Sep 23 09:15:43 UTC 2026","passed","Wed Sep 23 09:15:56 UTC 2026","testcases.backoffice.ApprovalTransferTest","Surefire test","testcases.backoffice.ApprovalTransferTest","approvedSpecialTransferSupervisor"
"Get Balance Merchant with Login Admin Crypto","7143","getBalanceAdminLoginAdminCrypto","Surefire suite","Wed Sep 23 08:57:49 UTC 2026","passed","Wed Sep 23 08:57:56 UTC 2026","testcases.balance.GetBalanceQrisTest","Surefire test","testcases.balance.GetBalanceQrisTest","getBalanceAdminLoginAdminCrypto"
"Create Manage Settlement BO Menggunakan Login CS Admin","5904","addManageSettlementWithCSAdminLogin","Surefire suite","Wed Sep 23 08:22:47 UTC 2026","passed","Wed Sep 23 08:22:53 UTC 2026","testcases.backoffice.settlement.AddManageSettlementTest","Surefire test","testcases.backoffice.settlement.AddManageSettlementTest","addManageSettlementWithCSAdminLogin"
"Create Manage Settlement BO Dengan Token Backoffice Valid Tapi Tanpa Header pbyv","5654","addManageSettlementWithoutPbyvHeader","Surefire suite","Wed Sep 23 08:27:57 UTC 2026","passed","Wed Sep 23 08:28:03 UTC 2026","testcases.backoffice.settlement.AddManageSettlementTest","Surefire test","testcases.backoffice.settlement.AddManageSettlementTest","addManageSettlementWithoutPbyvHeader"
"List Currency USDT Ke Path yang Tidak Ada (Typo)","1993","getCurrencyWithWrongPath","Surefire suite","Wed Sep 23 08:20:05 UTC 2026","passed","Wed Sep 23 08:20:07 UTC 2026","testcases.backoffice.currency.GetCurrencyTest","Surefire test","testcases.backoffice.currency.GetCurrencyTest","getCurrencyWithWrongPath"
"Created Favorite Account Dengan Body Berupa Literal null","1841","createdFavoriteAccountWithNullLiteralBody","Surefire suite","Wed Sep 23 08:49:45 UTC 2026","passed","Wed Sep 23 08:49:47 UTC 2026","testcases.settings.favoriteaccount.CreatedFavoriteAccountTest","Surefire test","testcases.settings.favoriteaccount.CreatedFavoriteAccountTest","createdFavoriteAccountWithNullLiteralBody"
"Refund Summary Dengan type Tidak Dikenal","3671","getRefundWithInvalidType","Surefire suite","Wed Sep 23 08:33:41 UTC 2026","passed","Wed Sep 23 08:33:45 UTC 2026","testcases.backoffice.refund.GetRefundTest","Surefire test","testcases.backoffice.refund.GetRefundTest","getRefundWithInvalidType"
"Add Group Backoffice Dengan Body Kosong ({})","2591","addGroupWithEmptyBody","Surefire suite","Wed Sep 23 08:37:54 UTC 2026","passed","Wed Sep 23 08:37:57 UTC 2026","testcases.backoffice.group.AddGroupTest","Surefire test","testcases.backoffice.group.AddGroupTest","addGroupWithEmptyBody"
"Test Get Report Company Merchant","5757","getReportCompanyAdmin","Surefire suite","Wed Sep 23 08:17:32 UTC 2026","passed","Wed Sep 23 08:17:38 UTC 2026","testcases.report.ReportTransactionTest","Surefire test","testcases.report.ReportTransactionTest","getReportCompanyAdmin"
"Get List Favorite Account CS","6317","getListFavoriteAccountCS","Surefire suite","Wed Sep 23 10:25:05 UTC 2026","passed","Wed Sep 23 10:25:12 UTC 2026","testcases.settings.favoriteaccount.GetListFavoriteAccountTest","Surefire test","testcases.settings.favoriteaccount.GetListFavoriteAccountTest","getListFavoriteAccountCS"
"List Company Backoffice Tanpa Login/Header Auth","3402","listCompanyWithoutAuth","Surefire suite","Wed Sep 23 08:27:59 UTC 2026","passed","Wed Sep 23 08:28:03 UTC 2026","testcases.backoffice.ListCompanyTest","Surefire test","testcases.backoffice.ListCompanyTest","listCompanyWithoutAuth"
"Test Approved Manual Transfer Supervisor","22740","approvedCashDepositSupervisor","Surefire suite","Wed Sep 23 09:14:18 UTC 2026","passed","Wed Sep 23 09:14:41 UTC 2026","testcases.backoffice.ApprovalTransferTest","Surefire test","testcases.backoffice.ApprovalTransferTest","approvedCashDepositSupervisor"
"Delete Group Ke Path yang Tidak Ada (Typo)","1770","deleteGroupWithWrongPath","Surefire suite","Wed Sep 23 08:35:48 UTC 2026","passed","Wed Sep 23 08:35:50 UTC 2026","testcases.backoffice.group.DeleteGroupTest","Surefire test","testcases.backoffice.group.DeleteGroupTest","deleteGroupWithWrongPath"
"List Waiting Company Backoffice","9247","getListWaitingCompany","Surefire suite","Wed Sep 23 08:17:39 UTC 2026","passed","Wed Sep 23 08:17:49 UTC 2026","testcases.backoffice.ListWaitingCompanyTest","Surefire test","testcases.backoffice.ListWaitingCompanyTest","getListWaitingCompany"
"Refund Summary Dengan type null","1638","getRefundWithNullType","Surefire suite","Wed Sep 23 08:34:26 UTC 2026","passed","Wed Sep 23 08:34:28 UTC 2026","testcases.backoffice.refund.GetRefundTest","Surefire test","testcases.backoffice.refund.GetRefundTest","getRefundWithNullType"
"Delete Google Authenticator Menggunakan Login Admin","5113","deleteOtpGoogleWithAdminLogin","Surefire suite","Wed Sep 23 08:28:24 UTC 2026","passed","Wed Sep 23 08:28:29 UTC 2026","testcases.backoffice.googleauth.DeleteOtpGoogleTest","Surefire test","testcases.backoffice.googleauth.DeleteOtpGoogleTest","deleteOtpGoogleWithAdminLogin"
"Add Group Backoffice Menggunakan Login Supervisor","8530","addGroupWithSupervisorLogin","Surefire suite","Wed Sep 23 08:39:55 UTC 2026","passed","Wed Sep 23 08:40:03 UTC 2026","testcases.backoffice.group.AddGroupTest","Surefire test","testcases.backoffice.group.AddGroupTest","addGroupWithSupervisorLogin"
"Mutasi Manual Transfer Balance CS","52940","mutasiManualTransferBalanceCS","Surefire suite","Wed Sep 23 10:02:25 UTC 2026","passed","Wed Sep 23 10:03:18 UTC 2026","testcases.mutasi.MutasiTransferTest","Surefire test","testcases.mutasi.MutasiTransferTest","mutasiManualTransferBalanceCS"
"Get History Special Transfer Test","13059","historySpecialTransferTest","Surefire suite","Wed Sep 23 09:47:42 UTC 2026","passed","Wed Sep 23 09:47:55 UTC 2026","testcases.history.HistoryTransferTest","Surefire test","testcases.history.HistoryTransferTest","historySpecialTransferTest"
"Delete Group Backoffice Dengan Token Backoffice Valid Tapi Tanpa Header pbyv","1788","deleteGroupWithoutPbyvHeader","Surefire suite","Wed Sep 23 08:36:24 UTC 2026","passed","Wed Sep 23 08:36:26 UTC 2026","testcases.backoffice.group.DeleteGroupTest","Surefire test","testcases.backoffice.group.DeleteGroupTest","deleteGroupWithoutPbyvHeader"
"Transfer Different Partner Reference, Manual Transfer to USDT Transfer","69001","trfPartnerRefManualFailed","Surefire suite","Wed Sep 23 08:36:02 UTC 2026","failed","Wed Sep 23 08:37:11 UTC 2026","testcases.transfer.TransferUSDTTest","Surefire test","testcases.transfer.TransferUSDTTest","trfPartnerRefManualFailed"
"Get Group Detail Backoffice Dengan Group Id Berisi Spasi","30104","getGroupDetailWithWhitespaceId","Surefire suite","Wed Sep 23 08:23:11 UTC 2026","passed","Wed Sep 23 08:23:41 UTC 2026","testcases.backoffice.group.GetGroupTest","Surefire test","testcases.backoffice.group.GetGroupTest","getGroupDetailWithWhitespaceId"
"Delete Favorite Account Dengan Body Berupa JSON Array ([])","2621","deleteFavoriteAccountWithArrayBody","Surefire suite","Wed Sep 23 08:43:20 UTC 2026","passed","Wed Sep 23 08:43:22 UTC 2026","testcases.settings.favoriteaccount.DeleteFavoriteAccountTest","Surefire test","testcases.settings.favoriteaccount.DeleteFavoriteAccountTest","deleteFavoriteAccountWithArrayBody"
"Get List Favorite Account Dengan size Bertipe String","2772","getListFavoriteAccountWithSizeAsString","Surefire suite","Wed Sep 23 10:26:43 UTC 2026","passed","Wed Sep 23 10:26:45 UTC 2026","testcases.settings.favoriteaccount.GetListFavoriteAccountTest","Surefire test","testcases.settings.favoriteaccount.GetListFavoriteAccountTest","getListFavoriteAccountWithSizeAsString"
"Add Currency CS Admin Path Dengan Field Tidak Dikenal pada Body","1881","addCurrencyWithUnknownField","Surefire suite","Wed Sep 23 09:32:13 UTC 2026","passed","Wed Sep 23 09:32:15 UTC 2026","testcases.backoffice.currency.AddCurrencyTest","Surefire test","testcases.backoffice.currency.AddCurrencyTest","addCurrencyWithUnknownField"
"Get Detail Waiting Company Backoffice Dengan Header Authorization Tanpa Skema Bearer","1795","getDetailWaitingCompanyWithMalformedAuthorizationHeader","Surefire suite","Wed Sep 23 08:32:54 UTC 2026","passed","Wed Sep 23 08:32:55 UTC 2026","testcases.backoffice.GetDetailWaitingCompanyTest","Surefire test","testcases.backoffice.GetDetailWaitingCompanyTest","getDetailWaitingCompanyWithMalformedAuthorizationHeader"
"Created Favorite Account Dengan Body Berupa JSON Array ([])","9347","createdFavoriteAccountWithArrayBody","Surefire suite","Wed Sep 23 08:48:50 UTC 2026","passed","Wed Sep 23 08:48:59 UTC 2026","testcases.settings.favoriteaccount.CreatedFavoriteAccountTest","Surefire test","testcases.settings.favoriteaccount.CreatedFavoriteAccountTest","createdFavoriteAccountWithArrayBody"
"Delete Manage Settlement BO Menggunakan Login Marketing","6527","deleteManageSettlementWithMarketingLogin","Surefire suite","Wed Sep 23 08:19:52 UTC 2026","passed","Wed Sep 23 08:19:58 UTC 2026","testcases.backoffice.settlement.DeleteManageSettlementTest","Surefire test","testcases.backoffice.settlement.DeleteManageSettlementTest","deleteManageSettlementWithMarketingLogin"
"Edit Company Cs Admin","7079","editCompanyCsAdmin","Surefire suite","Wed Sep 23 08:17:51 UTC 2026","failed","Wed Sep 23 08:17:58 UTC 2026","testcases.backoffice.users.EditUserTest","Surefire test","testcases.backoffice.users.EditUserTest","editCompanyCsAdmin"
"Get Group Detail Backoffice Tanpa Login/Header Auth","1619","getGroupDetailWithoutAuth","Surefire suite","Wed Sep 23 08:24:00 UTC 2026","passed","Wed Sep 23 08:24:02 UTC 2026","testcases.backoffice.group.GetGroupTest","Surefire test","testcases.backoffice.group.GetGroupTest","getGroupDetailWithoutAuth"
"Delete Favorite Account Dengan pin String Kosong","1916","deleteFavoriteAccountWithEmptyPin","Surefire suite","Wed Sep 23 08:43:41 UTC 2026","passed","Wed Sep 23 08:43:43 UTC 2026","testcases.settings.favoriteaccount.DeleteFavoriteAccountTest","Surefire test","testcases.settings.favoriteaccount.DeleteFavoriteAccountTest","deleteFavoriteAccountWithEmptyPin"
"List User Backoffice Dengan Body JSON Tidak Valid (Malformed)","7966","listUsersWithMalformedJson","Surefire suite","Wed Sep 23 08:30:23 UTC 2026","passed","Wed Sep 23 08:30:31 UTC 2026","testcases.backoffice.users.ListUsersTest","Surefire test","testcases.backoffice.users.ListUsersTest","listUsersWithMalformedJson"
"Delete Group Backoffice Dengan Content-Type text/plain","3969","deleteGroupWithWrongContentType","Surefire suite","Wed Sep 23 08:35:41 UTC 2026","passed","Wed Sep 23 08:35:45 UTC 2026","testcases.backoffice.group.DeleteGroupTest","Surefire test","testcases.backoffice.group.DeleteGroupTest","deleteGroupWithWrongContentType"
"Delete Manage Settlement BO Menggunakan HTTP Method PUT","8425","deleteManageSettlementWithPutMethod","Surefire suite","Wed Sep 23 08:20:46 UTC 2026","passed","Wed Sep 23 08:20:54 UTC 2026","testcases.backoffice.settlement.DeleteManageSettlementTest","Surefire test","testcases.backoffice.settlement.DeleteManageSettlementTest","deleteManageSettlementWithPutMethod"
"Delete Favorite Account CS","15091","deleteFavoriteAccountCS","Surefire suite","Wed Sep 23 09:07:47 UTC 2026","passed","Wed Sep 23 09:08:02 UTC 2026","testcases.settings.favoriteaccount.DeleteFavoriteAccountTest","Surefire test","testcases.settings.favoriteaccount.DeleteFavoriteAccountTest","deleteFavoriteAccountCS"
"Add Group Backoffice Tanpa Login/Header Auth","4272","addGroupWithoutAuth","Surefire suite","Wed Sep 23 08:40:46 UTC 2026","passed","Wed Sep 23 08:40:50 UTC 2026","testcases.backoffice.group.AddGroupTest","Surefire test","testcases.backoffice.group.AddGroupTest","addGroupWithoutAuth"
"Add Group Backoffice Dengan name null","1947","addGroupWithNullName","Surefire suite","Wed Sep 23 08:39:28 UTC 2026","passed","Wed Sep 23 08:39:30 UTC 2026","testcases.backoffice.group.AddGroupTest","Surefire test","testcases.backoffice.group.AddGroupTest","addGroupWithNullName"
"Delete Google Authenticator Menggunakan Login Merchant","7229","deleteOtpGoogleWithMerchantLogin","Surefire suite","Wed Sep 23 08:29:58 UTC 2026","passed","Wed Sep 23 08:30:05 UTC 2026","testcases.backoffice.googleauth.DeleteOtpGoogleTest","Surefire test","testcases.backoffice.googleauth.DeleteOtpGoogleTest","deleteOtpGoogleWithMerchantLogin"
"List Refund Dengan Token Tidak Valid","2479","listRefundWithInvalidToken","Surefire suite","Wed Sep 23 09:37:46 UTC 2026","passed","Wed Sep 23 09:37:49 UTC 2026","testcases.backoffice.ListRefundTest","Surefire test","testcases.backoffice.ListRefundTest","listRefundWithInvalidToken"
"List Currency USDT Dengan Tipe Data Salah pada Field limit (String, Bukan Integer)","1702","getCurrencyWithInvalidFieldType","Surefire suite","Wed Sep 23 08:18:37 UTC 2026","passed","Wed Sep 23 08:18:38 UTC 2026","testcases.backoffice.currency.GetCurrencyTest","Surefire test","testcases.backoffice.currency.GetCurrencyTest","getCurrencyWithInvalidFieldType"
"Normal Flop Transfer Balance Admin Crypto Success","15192","flopTransferBalanceAdminCrypto","Surefire suite","Wed Sep 23 08:17:53 UTC 2026","passed","Wed Sep 23 08:18:08 UTC 2026","testcases.transfer.TransferFlopTest","Surefire test","testcases.transfer.TransferFlopTest","flopTransferBalanceAdminCrypto"
"Get List Group Backoffice Menggunakan HTTP Method DELETE","1629","getListGroupWithDeleteMethod","Surefire suite","Wed Sep 23 08:24:57 UTC 2026","passed","Wed Sep 23 08:24:59 UTC 2026","testcases.backoffice.group.GetListGroupTest","Surefire test","testcases.backoffice.group.GetListGroupTest","getListGroupWithDeleteMethod"
"Get History Flop Transfer Test Admin Crypto","11029","historyFlopTransferTestAdminCrypto","Surefire suite","Wed Sep 23 09:43:35 UTC 2026","passed","Wed Sep 23 09:43:46 UTC 2026","testcases.history.HistoryTransferTest","Surefire test","testcases.history.HistoryTransferTest","historyFlopTransferTestAdminCrypto"
"List Currency USDT Dengan Body Kosong ({})","2720","getCurrencyWithEmptyBody","Surefire suite","Wed Sep 23 08:18:16 UTC 2026","passed","Wed Sep 23 08:18:19 UTC 2026","testcases.backoffice.currency.GetCurrencyTest","Surefire test","testcases.backoffice.currency.GetCurrencyTest","getCurrencyWithEmptyBody"
"Get History Transfer Supervisor on Login CS Admin","18726","historyTransferSupervisorTestCSAdmin","Surefire suite","Wed Sep 23 09:49:52 UTC 2026","passed","Wed Sep 23 09:50:11 UTC 2026","testcases.history.HistoryTransferTest","Surefire test","testcases.history.HistoryTransferTest","historyTransferSupervisorTestCSAdmin"
"Mutasi USDT Transfer Balance CS","42061","mutasiUSDTTransferBalanceCS","Surefire suite","Wed Sep 23 10:16:56 UTC 2026","passed","Wed Sep 23 10:17:38 UTC 2026","testcases.mutasi.MutasiTransferTest","Surefire test","testcases.mutasi.MutasiTransferTest","mutasiUSDTTransferBalanceCS"
"Get Group Detail Backoffice Tanpa Group Id (Path Kosong)","5244","getGroupDetailWithEmptyId","Surefire suite","Wed Sep 23 08:21:08 UTC 2026","passed","Wed Sep 23 08:21:13 UTC 2026","testcases.backoffice.group.GetGroupTest","Surefire test","testcases.backoffice.group.GetGroupTest","getGroupDetailWithEmptyId"
"Special Transfer Success with before and after Balance","12259","specialTransferSupervisor","Surefire suite","Wed Sep 23 08:17:41 UTC 2026","passed","Wed Sep 23 08:17:54 UTC 2026","testcases.transfer.SpecialTransferTest","Surefire test","testcases.transfer.SpecialTransferTest","specialTransferSupervisor"
"Get List Group Company BO Dengan groupName Berbeda Kapitalisasi","6313","getListGroupCompanyWithDifferentCaseGroupName","Surefire suite","Wed Sep 23 08:28:38 UTC 2026","failed","Wed Sep 23 08:28:45 UTC 2026","testcases.backoffice.settlement.GetListGroupCompanyTest","Surefire test","testcases.backoffice.settlement.GetListGroupCompanyTest","getListGroupCompanyWithDifferentCaseGroupName"
"Delete Favorite Account Dengan Token Kadaluarsa","1927","deleteFavoriteAccountWithExpiredToken","Surefire suite","Wed Sep 23 08:43:46 UTC 2026","passed","Wed Sep 23 08:43:48 UTC 2026","testcases.settings.favoriteaccount.DeleteFavoriteAccountTest","Surefire test","testcases.settings.favoriteaccount.DeleteFavoriteAccountTest","deleteFavoriteAccountWithExpiredToken"
"Mutasi Manual Transfer Balance","57651","mutasiManualTransferBalance","Surefire suite","Wed Sep 23 10:01:25 UTC 2026","passed","Wed Sep 23 10:02:22 UTC 2026","testcases.mutasi.MutasiTransferTest","Surefire test","testcases.mutasi.MutasiTransferTest","mutasiManualTransferBalance"
"Test Get Report Transfer Company","10329","getReportTransferAdminCrypto","Surefire suite","Wed Sep 23 08:21:57 UTC 2026","passed","Wed Sep 23 08:22:08 UTC 2026","testcases.report.ReportTransferTest","Surefire test","testcases.report.ReportTransferTest","getReportTransferAdminCrypto"
"Inquiry Favorite Account Dengan Content-Type text/plain","1884","inquiryFavoriteAccountWithWrongContentType","Surefire suite","Wed Sep 23 08:47:57 UTC 2026","passed","Wed Sep 23 08:47:59 UTC 2026","testcases.settings.favoriteaccount.InquiryFavoriteAccountTest","Surefire test","testcases.settings.favoriteaccount.InquiryFavoriteAccountTest","inquiryFavoriteAccountWithWrongContentType"
"Get History QR Admin Success Paid","15229","historyQRTestPaidAdmin","Surefire suite","Wed Sep 23 08:53:46 UTC 2026","broken","Wed Sep 23 08:54:01 UTC 2026","testcases.history.HistoryQRTest","Surefire test","testcases.history.HistoryQRTest","historyQRTestPaidAdmin"
"List Waiting Company Backoffice Tanpa Body Sama Sekali","4856","listWaitingCompanyWithoutBody","Surefire suite","Wed Sep 23 08:20:15 UTC 2026","passed","Wed Sep 23 08:20:20 UTC 2026","testcases.backoffice.ListWaitingCompanyTest","Surefire test","testcases.backoffice.ListWaitingCompanyTest","listWaitingCompanyWithoutBody"
"Get History Special Transfer Test Supervisor","14485","historySpecialTransferTestSupervisor","Surefire suite","Wed Sep 23 09:49:15 UTC 2026","passed","Wed Sep 23 09:49:29 UTC 2026","testcases.history.HistoryTransferTest","Surefire test","testcases.history.HistoryTransferTest","historySpecialTransferTestSupervisor"
"List Company Backoffice Dengan Field Sort Merujuk ke Kolom yang Tidak Ada","8119","listCompanyWithInvalidSortField","Surefire suite","Wed Sep 23 08:26:35 UTC 2026","passed","Wed Sep 23 08:26:43 UTC 2026","testcases.backoffice.ListCompanyTest","Surefire test","testcases.backoffice.ListCompanyTest","listCompanyWithInvalidSortField"
"Get History Manual Transfer Test Admin Crypto","13377","historyManualTransferTestAdminCrypto","Surefire suite","Wed Sep 23 09:45:42 UTC 2026","passed","Wed Sep 23 09:45:56 UTC 2026","testcases.history.HistoryTransferTest","Surefire test","testcases.history.HistoryTransferTest","historyManualTransferTestAdminCrypto"
"Delete Google Authenticator Dengan id Milik Entitas Lain (Group Id)","6080","deleteOtpGoogleWithForeignEntityId","Surefire suite","Wed Sep 23 08:29:20 UTC 2026","passed","Wed Sep 23 08:29:26 UTC 2026","testcases.backoffice.googleauth.DeleteOtpGoogleTest","Surefire test","testcases.backoffice.googleauth.DeleteOtpGoogleTest","deleteOtpGoogleWithForeignEntityId"
"Success Login Backoffice","3462","testLoginBackoffice","Surefire suite","Wed Sep 23 08:36:08 UTC 2026","passed","Wed Sep 23 08:36:12 UTC 2026","testcases.auth.LoginTest","Surefire test","testcases.auth.LoginTest","testLoginBackoffice"
"Normal Flop Transfer Success Admin Crypto","10201","flopTransferAdminCrypto","Surefire suite","Wed Sep 23 08:17:40 UTC 2026","passed","Wed Sep 23 08:17:50 UTC 2026","testcases.transfer.TransferFlopTest","Surefire test","testcases.transfer.TransferFlopTest","flopTransferAdminCrypto"
"Mutasi Manual Transfer Balance CS","43786","mutasiManualTransferBalanceSupervisorCS","Surefire suite","Wed Sep 23 10:04:09 UTC 2026","passed","Wed Sep 23 10:04:53 UTC 2026","testcases.mutasi.MutasiTransferTest","Surefire test","testcases.mutasi.MutasiTransferTest","mutasiManualTransferBalanceSupervisorCS"
"Delete Favorite Account Dengan Content-Type text/plain","1853","deleteFavoriteAccountWithWrongContentType","Surefire suite","Wed Sep 23 08:45:25 UTC 2026","passed","Wed Sep 23 08:45:27 UTC 2026","testcases.settings.favoriteaccount.DeleteFavoriteAccountTest","Surefire test","testcases.settings.favoriteaccount.DeleteFavoriteAccountTest","deleteFavoriteAccountWithWrongContentType"
"Get User Backoffice Menggunakan Login Admin Crypto","12375","getUserWithAdminCryptoLogin","Surefire suite","Wed Sep 23 08:37:13 UTC 2026","passed","Wed Sep 23 08:37:26 UTC 2026","testcases.backoffice.GetDashboardTest","Surefire test","testcases.backoffice.GetDashboardTest","getUserWithAdminCryptoLogin"
"Get List Favorite Account Dengan Body Berupa Literal null","2624","getListFavoriteAccountWithNullLiteralBody","Surefire suite","Wed Sep 23 10:26:20 UTC 2026","passed","Wed Sep 23 10:26:23 UTC 2026","testcases.settings.favoriteaccount.GetListFavoriteAccountTest","Surefire test","testcases.settings.favoriteaccount.GetListFavoriteAccountTest","getListFavoriteAccountWithNullLiteralBody"
"List Waiting Company Backoffice Tanpa Login/Header Auth","1694","listWaitingCompanyWithoutAuth","Surefire suite","Wed Sep 23 08:20:10 UTC 2026","passed","Wed Sep 23 08:20:12 UTC 2026","testcases.backoffice.ListWaitingCompanyTest","Surefire test","testcases.backoffice.ListWaitingCompanyTest","listWaitingCompanyWithoutAuth"
"Generate QR Success with before and after Balance","47686","generateQRBalanceFeeMarketing","Surefire suite","Wed Sep 23 08:41:14 UTC 2026","passed","Wed Sep 23 08:42:01 UTC 2026","testcases.QR.GenerateQRPaidTest","Surefire test","testcases.QR.GenerateQRPaidTest","generateQRBalanceFeeMarketing"
"Inquiry Favorite Account Tanpa Field beneficiaryBankCode","2496","inquiryFavoriteAccountWithoutBeneficiaryBankCodeField","Surefire suite","Wed Sep 23 08:48:24 UTC 2026","passed","Wed Sep 23 08:48:26 UTC 2026","testcases.settings.favoriteaccount.InquiryFavoriteAccountTest","Surefire test","testcases.settings.favoriteaccount.InquiryFavoriteAccountTest","inquiryFavoriteAccountWithoutBeneficiaryBankCodeField"
"Delete Manage Settlement BO Menggunakan HTTP Method DELETE","4901","deleteManageSettlementWithDeleteMethod","Surefire suite","Wed Sep 23 08:19:03 UTC 2026","passed","Wed Sep 23 08:19:08 UTC 2026","testcases.backoffice.settlement.DeleteManageSettlementTest","Surefire test","testcases.backoffice.settlement.DeleteManageSettlementTest","deleteManageSettlementWithDeleteMethod"
"Reset Password Marketing","9152","resetPasswordMarketing","Surefire suite","Wed Sep 23 08:17:34 UTC 2026","passed","Wed Sep 23 08:17:43 UTC 2026","testcases.settings.ResetPasswordTest","Surefire test","testcases.settings.ResetPasswordTest","resetPasswordMarketing"
"Mutasi Special Transfer Balance Supervisor","37605","mutasiSpecialTransferBalanceSupervisor","Surefire suite","Wed Sep 23 10:09:12 UTC 2026","passed","Wed Sep 23 10:09:50 UTC 2026","testcases.mutasi.MutasiTransferTest","Surefire test","testcases.mutasi.MutasiTransferTest","mutasiSpecialTransferBalanceSupervisor"
"Get List Group Company BO Dengan groupName Sangat Panjang (10.000 karakter)","6249","getListGroupCompanyWithOverlongGroupName","Surefire suite","Wed Sep 23 08:29:49 UTC 2026","passed","Wed Sep 23 08:29:55 UTC 2026","testcases.backoffice.settlement.GetListGroupCompanyTest","Surefire test","testcases.backoffice.settlement.GetListGroupCompanyTest","getListGroupCompanyWithOverlongGroupName"
"List Refund Dengan Page/Size Negatif - Menemukan Bug Internal Server Error","6340","listRefundWithNegativePageSize","Surefire suite","Wed Sep 23 09:38:21 UTC 2026","passed","Wed Sep 23 09:38:28 UTC 2026","testcases.backoffice.ListRefundTest","Surefire test","testcases.backoffice.ListRefundTest","listRefundWithNegativePageSize"
"Get Detail Waiting Company Backoffice Dengan Id Berisi Payload XSS","6265","getDetailWaitingCompanyWithXssId","Surefire suite","Wed Sep 23 08:34:45 UTC 2026","passed","Wed Sep 23 08:34:51 UTC 2026","testcases.backoffice.GetDetailWaitingCompanyTest","Surefire test","testcases.backoffice.GetDetailWaitingCompanyTest","getDetailWaitingCompanyWithXssId"
"Get Detail User Backoffice","5465","getUsersBO","Surefire suite","Wed Sep 23 08:28:16 UTC 2026","passed","Wed Sep 23 08:28:21 UTC 2026","testcases.backoffice.users.ListUsersTest","Surefire test","testcases.backoffice.users.ListUsersTest","getUsersBO"
"List Refund Tanpa Body Sama Sekali","6296","listRefundWithoutBody","Surefire suite","Wed Sep 23 09:38:59 UTC 2026","passed","Wed Sep 23 09:39:05 UTC 2026","testcases.backoffice.ListRefundTest","Surefire test","testcases.backoffice.ListRefundTest","listRefundWithoutBody"
"Delete Google Authenticator Dengan id Berisi Karakter SQL Injection","5468","deleteOtpGoogleWithSqlInjectionId","Surefire suite","Wed Sep 23 08:30:54 UTC 2026","passed","Wed Sep 23 08:31:00 UTC 2026","testcases.backoffice.googleauth.DeleteOtpGoogleTest","Surefire test","testcases.backoffice.googleauth.DeleteOtpGoogleTest","deleteOtpGoogleWithSqlInjectionId"
"List User Backoffice Dengan Tipe Data Salah pada Field Limit (String, Bukan Integer)","5563","listUsersWithInvalidFieldType","Surefire suite","Wed Sep 23 08:30:01 UTC 2026","passed","Wed Sep 23 08:30:06 UTC 2026","testcases.backoffice.users.ListUsersTest","Surefire test","testcases.backoffice.users.ListUsersTest","listUsersWithInvalidFieldType"
"Add Group Backoffice Dengan flagLock Bertipe String","1760","addGroupWithFlagLockAsString","Surefire suite","Wed Sep 23 08:38:19 UTC 2026","passed","Wed Sep 23 08:38:21 UTC 2026","testcases.backoffice.group.AddGroupTest","Surefire test","testcases.backoffice.group.AddGroupTest","addGroupWithFlagLockAsString"
"Reset Pin Marketing","7146","resetPinMarketing","Surefire suite","Wed Sep 23 08:17:46 UTC 2026","passed","Wed Sep 23 08:17:53 UTC 2026","testcases.settings.ResetPinTest","Surefire test","testcases.settings.ResetPinTest","resetPinMarketing"
"Inquiry Favorite Account Supervisor","12762","inquiryFavoriteAccountSupervisor","Surefire suite","Wed Sep 23 09:05:12 UTC 2026","passed","Wed Sep 23 09:05:25 UTC 2026","testcases.settings.favoriteaccount.InquiryFavoriteAccountTest","Surefire test","testcases.settings.favoriteaccount.InquiryFavoriteAccountTest","inquiryFavoriteAccountSupervisor"
"Success Login Supervisor With Captcha","8900","testLoginSupervisor","Surefire suite","Wed Sep 23 08:17:10 UTC 2026","passed","Wed Sep 23 08:17:19 UTC 2026","testcases.auth.LoginTest","Surefire test","testcases.auth.LoginTest","testLoginSupervisor"
"Login Merchant tanpa Parameter Password","3456","testLoginMissingPasswordParam","Surefire suite","Wed Sep 23 08:18:11 UTC 2026","passed","Wed Sep 23 08:18:14 UTC 2026","testcases.auth.LoginTest","Surefire test","testcases.auth.LoginTest","testLoginMissingPasswordParam"
"Delete Favorite Account Dengan Header companyId Salah","1859","deleteFavoriteAccountWithWrongCompanyIdHeader","Surefire suite","Wed Sep 23 08:45:20 UTC 2026","failed","Wed Sep 23 08:45:22 UTC 2026","testcases.settings.favoriteaccount.DeleteFavoriteAccountTest","Surefire test","testcases.settings.favoriteaccount.DeleteFavoriteAccountTest","deleteFavoriteAccountWithWrongCompanyIdHeader"
"List Currency USDT Dengan Sort Tanpa Operator '=='","1849","getCurrencyWithMalformedSortOperator","Surefire suite","Wed Sep 23 08:19:01 UTC 2026","passed","Wed Sep 23 08:19:03 UTC 2026","testcases.backoffice.currency.GetCurrencyTest","Surefire test","testcases.backoffice.currency.GetCurrencyTest","getCurrencyWithMalformedSortOperator"
"Get Group Detail Backoffice Menggunakan Login CS Admin","5875","getGroupDetailWithCSAdminLogin","Surefire suite","Wed Sep 23 08:20:50 UTC 2026","passed","Wed Sep 23 08:20:56 UTC 2026","testcases.backoffice.group.GetGroupTest","Surefire test","testcases.backoffice.group.GetGroupTest","getGroupDetailWithCSAdminLogin"
"Refund Summary Tanpa Field type","3045","getRefundWithoutType","Surefire suite","Wed Sep 23 08:36:02 UTC 2026","passed","Wed Sep 23 08:36:05 UTC 2026","testcases.backoffice.refund.GetRefundTest","Surefire test","testcases.backoffice.refund.GetRefundTest","getRefundWithoutType"
"Delete Manage Settlement BO Menggunakan HTTP Method POST","5096","deleteManageSettlementWithPostMethod","Surefire suite","Wed Sep 23 08:20:37 UTC 2026","passed","Wed Sep 23 08:20:43 UTC 2026","testcases.backoffice.settlement.DeleteManageSettlementTest","Surefire test","testcases.backoffice.settlement.DeleteManageSettlementTest","deleteManageSettlementWithPostMethod"
"Delete Favorite Account Tanpa Field pin","2857","deleteFavoriteAccountWithoutPinField","Surefire suite","Wed Sep 23 08:46:11 UTC 2026","passed","Wed Sep 23 08:46:13 UTC 2026","testcases.settings.favoriteaccount.DeleteFavoriteAccountTest","Surefire test","testcases.settings.favoriteaccount.DeleteFavoriteAccountTest","deleteFavoriteAccountWithoutPinField"
"Refund Summary Dengan Body Berupa Literal null","1730","getRefundWithNullLiteralBody","Surefire suite","Wed Sep 23 08:34:17 UTC 2026","passed","Wed Sep 23 08:34:19 UTC 2026","testcases.backoffice.refund.GetRefundTest","Surefire test","testcases.backoffice.refund.GetRefundTest","getRefundWithNullLiteralBody"
"Delete Favorite Account Supervisor","11893","deleteFavoriteAccountSupervisor","Surefire suite","Wed Sep 23 09:08:05 UTC 2026","passed","Wed Sep 23 09:08:17 UTC 2026","testcases.settings.favoriteaccount.DeleteFavoriteAccountTest","Surefire test","testcases.settings.favoriteaccount.DeleteFavoriteAccountTest","deleteFavoriteAccountSupervisor"
"List Waiting Company Backoffice Menggunakan Login Supervisor","5121","listWaitingCompanyWithSupervisorLogin","Surefire suite","Wed Sep 23 08:19:51 UTC 2026","passed","Wed Sep 23 08:19:56 UTC 2026","testcases.backoffice.ListWaitingCompanyTest","Surefire test","testcases.backoffice.ListWaitingCompanyTest","listWaitingCompanyWithSupervisorLogin"
"Get History Special Transfer Test CS","15989","historySpecialTransferTestCS","Surefire suite","Wed Sep 23 09:48:34 UTC 2026","passed","Wed Sep 23 09:48:50 UTC 2026","testcases.history.HistoryTransferTest","Surefire test","testcases.history.HistoryTransferTest","historySpecialTransferTestCS"
"Add Currency CS Admin Path Dengan Body Kosong ({})","1849","addCurrencyWithEmptyBody","Surefire suite","Wed Sep 23 09:29:21 UTC 2026","passed","Wed Sep 23 09:29:23 UTC 2026","testcases.backoffice.currency.AddCurrencyTest","Surefire test","testcases.backoffice.currency.AddCurrencyTest","addCurrencyWithEmptyBody"
"Get History Manual Transfer Test Admin","15652","historyManualTransferTestAdmin","Surefire suite","Wed Sep 23 09:45:23 UTC 2026","passed","Wed Sep 23 09:45:39 UTC 2026","testcases.history.HistoryTransferTest","Surefire test","testcases.history.HistoryTransferTest","historyManualTransferTestAdmin"
"Delete Manage Settlement BO Dengan Token Tidak Valid","3262","deleteManageSettlementWithInvalidToken","Surefire suite","Wed Sep 23 08:19:32 UTC 2026","passed","Wed Sep 23 08:19:35 UTC 2026","testcases.backoffice.settlement.DeleteManageSettlementTest","Surefire test","testcases.backoffice.settlement.DeleteManageSettlementTest","deleteManageSettlementWithInvalidToken"
"Get Detail User Backoffice Tanpa User Id (Path Kosong) - Menemukan Bug Bad Gateway","7272","getUsersWithEmptyId","Surefire suite","Wed Sep 23 08:28:24 UTC 2026","passed","Wed Sep 23 08:28:32 UTC 2026","testcases.backoffice.users.ListUsersTest","Surefire test","testcases.backoffice.users.ListUsersTest","getUsersWithEmptyId"
"Get Group User Backoffice","8468","getGroupSuperBO","Surefire suite","Wed Sep 23 08:36:22 UTC 2026","passed","Wed Sep 23 08:36:30 UTC 2026","testcases.backoffice.GetDashboardTest","Surefire test","testcases.backoffice.GetDashboardTest","getGroupSuperBO"
"List User Backoffice Menggunakan Login CS Admin","6060","listUsersWithCSAdminLogin","Surefire suite","Wed Sep 23 08:29:33 UTC 2026","passed","Wed Sep 23 08:29:39 UTC 2026","testcases.backoffice.users.ListUsersTest","Surefire test","testcases.backoffice.users.ListUsersTest","listUsersWithCSAdminLogin"
"Created Favorite Account Supervisor","11849","createdFavoriteAccountSupervisor","Surefire suite","Wed Sep 23 09:02:20 UTC 2026","passed","Wed Sep 23 09:02:32 UTC 2026","testcases.settings.favoriteaccount.CreatedFavoriteAccountTest","Surefire test","testcases.settings.favoriteaccount.CreatedFavoriteAccountTest","createdFavoriteAccountSupervisor"
"Get List Group Company BO Dengan groupName Tidak Terdaftar","7131","getListGroupCompanyWithNonExistentGroupName","Surefire suite","Wed Sep 23 08:29:39 UTC 2026","failed","Wed Sep 23 08:29:46 UTC 2026","testcases.backoffice.settlement.GetListGroupCompanyTest","Surefire test","testcases.backoffice.settlement.GetListGroupCompanyTest","getListGroupCompanyWithNonExistentGroupName"
"Delete Manage Settlement BO Dengan id Berisi Karakter SQL Injection","5628","deleteManageSettlementWithSqlInjectionId","Surefire suite","Wed Sep 23 08:20:57 UTC 2026","passed","Wed Sep 23 08:21:03 UTC 2026","testcases.backoffice.settlement.DeleteManageSettlementTest","Surefire test","testcases.backoffice.settlement.DeleteManageSettlementTest","deleteManageSettlementWithSqlInjectionId"
"Delete Group Backoffice Dengan name String Kosong","2865","deleteGroupWithEmptyName","Surefire suite","Wed Sep 23 08:33:30 UTC 2026","passed","Wed Sep 23 08:33:33 UTC 2026","testcases.backoffice.group.DeleteGroupTest","Surefire test","testcases.backoffice.group.DeleteGroupTest","deleteGroupWithEmptyName"
"Add Currency CS Admin Path Tanpa Body Sama Sekali","2594","addCurrencyWithoutBody","Surefire suite","Wed Sep 23 09:32:45 UTC 2026","passed","Wed Sep 23 09:32:48 UTC 2026","testcases.backoffice.currency.AddCurrencyTest","Surefire test","testcases.backoffice.currency.AddCurrencyTest","addCurrencyWithoutBody"
"Created Favorite Account Tanpa Body Sama Sekali","1737","createdFavoriteAccountWithoutBody","Surefire suite","Wed Sep 23 08:50:53 UTC 2026","passed","Wed Sep 23 08:50:55 UTC 2026","testcases.settings.favoriteaccount.CreatedFavoriteAccountTest","Surefire test","testcases.settings.favoriteaccount.CreatedFavoriteAccountTest","createdFavoriteAccountWithoutBody"
"Delete Manage Settlement BO Tanpa Header id","10057","deleteManageSettlementWithoutIdHeader","Surefire suite","Wed Sep 23 08:21:44 UTC 2026","passed","Wed Sep 23 08:21:54 UTC 2026","testcases.backoffice.settlement.DeleteManageSettlementTest","Surefire test","testcases.backoffice.settlement.DeleteManageSettlementTest","deleteManageSettlementWithoutIdHeader"
"Add Currency CS Admin Path Menggunakan Login Admin","12244","addCurrencyWithAdminLogin","Surefire suite","Wed Sep 23 09:28:10 UTC 2026","passed","Wed Sep 23 09:28:22 UTC 2026","testcases.backoffice.currency.AddCurrencyTest","Surefire test","testcases.backoffice.currency.AddCurrencyTest","addCurrencyWithAdminLogin"
"Normal Special Transfer Success","12161","transfer","Surefire suite","Wed Sep 23 08:20:09 UTC 2026","passed","Wed Sep 23 08:20:21 UTC 2026","testcases.transfer.SpecialTransferTest","Surefire test","testcases.transfer.SpecialTransferTest","transfer"
"Delete Favorite Account Dengan Header Authorization Tanpa Skema Bearer","2903","deleteFavoriteAccountWithMalformedAuthorizationHeader","Surefire suite","Wed Sep 23 08:44:18 UTC 2026","passed","Wed Sep 23 08:44:21 UTC 2026","testcases.settings.favoriteaccount.DeleteFavoriteAccountTest","Surefire test","testcases.settings.favoriteaccount.DeleteFavoriteAccountTest","deleteFavoriteAccountWithMalformedAuthorizationHeader"
"Delete Manage Settlement BO Menggunakan Login Merchant","6469","deleteManageSettlementWithMerchantLogin","Surefire suite","Wed Sep 23 08:20:01 UTC 2026","passed","Wed Sep 23 08:20:08 UTC 2026","testcases.backoffice.settlement.DeleteManageSettlementTest","Surefire test","testcases.backoffice.settlement.DeleteManageSettlementTest","deleteManageSettlementWithMerchantLogin"
"Get User Marketing Backoffice","6643","getUserSuperBO","Surefire suite","Wed Sep 23 08:37:04 UTC 2026","passed","Wed Sep 23 08:37:10 UTC 2026","testcases.backoffice.GetDashboardTest","Surefire test","testcases.backoffice.GetDashboardTest","getUserSuperBO"
"Add Group Backoffice Dengan Header Authorization Tanpa Skema Bearer","2722","addGroupWithMalformedAuthorizationHeader","Surefire suite","Wed Sep 23 08:38:40 UTC 2026","passed","Wed Sep 23 08:38:42 UTC 2026","testcases.backoffice.group.AddGroupTest","Surefire test","testcases.backoffice.group.AddGroupTest","addGroupWithMalformedAuthorizationHeader"
"Inquiry Favorite Account Tanpa Field beneficiaryAccountNo","2001","inquiryFavoriteAccountWithoutBeneficiaryAccountNoField","Surefire suite","Wed Sep 23 08:48:19 UTC 2026","passed","Wed Sep 23 08:48:21 UTC 2026","testcases.settings.favoriteaccount.InquiryFavoriteAccountTest","Surefire test","testcases.settings.favoriteaccount.InquiryFavoriteAccountTest","inquiryFavoriteAccountWithoutBeneficiaryAccountNoField"
"Mutasi Company Admin","11878","mutasiCompanyAdmin","Surefire suite","Wed Sep 23 10:00:26 UTC 2026","passed","Wed Sep 23 10:00:38 UTC 2026","testcases.mutasi.MutasiTransferTest","Surefire test","testcases.mutasi.MutasiTransferTest","mutasiCompanyAdmin"
"Add Currency CS Admin Path Menggunakan HTTP Method PATCH","1751","addCurrencyWithPatchMethod","Surefire suite","Wed Sep 23 09:31:42 UTC 2026","passed","Wed Sep 23 09:31:44 UTC 2026","testcases.backoffice.currency.AddCurrencyTest","Surefire test","testcases.backoffice.currency.AddCurrencyTest","addCurrencyWithPatchMethod"
"Created Favorite Account Menggunakan HTTP Method PATCH","1807","createdFavoriteAccountWithPatchMethod","Surefire suite","Wed Sep 23 08:49:50 UTC 2026","passed","Wed Sep 23 08:49:52 UTC 2026","testcases.settings.favoriteaccount.CreatedFavoriteAccountTest","Surefire test","testcases.settings.favoriteaccount.CreatedFavoriteAccountTest","createdFavoriteAccountWithPatchMethod"
"Get List Group Company BO Dengan Multiple Header groupName","6448","getListGroupCompanyWithMultipleGroupNameHeaders","Surefire suite","Wed Sep 23 08:29:29 UTC 2026","passed","Wed Sep 23 08:29:36 UTC 2026","testcases.backoffice.settlement.GetListGroupCompanyTest","Surefire test","testcases.backoffice.settlement.GetListGroupCompanyTest","getListGroupCompanyWithMultipleGroupNameHeaders"
"Generate QR Success with Fee Admin","45840","generateQRBalanceFeeAdmin","Surefire suite","Wed Sep 23 08:40:25 UTC 2026","passed","Wed Sep 23 08:41:11 UTC 2026","testcases.QR.GenerateQRPaidTest","Surefire test","testcases.QR.GenerateQRPaidTest","generateQRBalanceFeeAdmin"
"Get History QR","15471","historyQRTest","Surefire suite","Wed Sep 23 08:17:09 UTC 2026","passed","Wed Sep 23 08:17:24 UTC 2026","testcases.history.HistoryQRTest","Surefire test","testcases.history.HistoryQRTest","historyQRTest"
"Get List Favorite Account Tanpa Field page","2027","getListFavoriteAccountWithoutPageField","Surefire suite","Wed Sep 23 10:27:37 UTC 2026","passed","Wed Sep 23 10:27:39 UTC 2026","testcases.settings.favoriteaccount.GetListFavoriteAccountTest","Surefire test","testcases.settings.favoriteaccount.GetListFavoriteAccountTest","getListFavoriteAccountWithoutPageField"
"List Refund Menggunakan Login Admin Biasa","15117","listRefundAdmin","Surefire suite","Wed Sep 23 09:35:34 UTC 2026","passed","Wed Sep 23 09:35:49 UTC 2026","testcases.backoffice.ListRefundTest","Surefire test","testcases.backoffice.ListRefundTest","listRefundAdmin"
"Create Manage Settlement BO Tanpa Field groupName","7026","addManageSettlementWithoutGroupName","Surefire suite","Wed Sep 23 08:27:47 UTC 2026","passed","Wed Sep 23 08:27:54 UTC 2026","testcases.backoffice.settlement.AddManageSettlementTest","Surefire test","testcases.backoffice.settlement.AddManageSettlementTest","addManageSettlementWithoutGroupName"
"List Currency USDT Dengan Page/Size Negatif","1713","getCurrencyWithNegativePageSize","Surefire suite","Wed Sep 23 08:19:22 UTC 2026","passed","Wed Sep 23 08:19:24 UTC 2026","testcases.backoffice.currency.GetCurrencyTest","Surefire test","testcases.backoffice.currency.GetCurrencyTest","getCurrencyWithNegativePageSize"
"List Company Backoffice Dengan Karakter SQL Injection pada Field Param - Menemukan Bug Gateway Timeout","5103","listCompanyWithSqlInjectionParam","Surefire suite","Wed Sep 23 08:27:34 UTC 2026","passed","Wed Sep 23 08:27:39 UTC 2026","testcases.backoffice.ListCompanyTest","Surefire test","testcases.backoffice.ListCompanyTest","listCompanyWithSqlInjectionParam"
"Get History Manual Transfer Test Admin","14627","historyManualTransferTestFeeAdmin","Surefire suite","Wed Sep 23 09:46:19 UTC 2026","passed","Wed Sep 23 09:46:34 UTC 2026","testcases.history.HistoryTransferTest","Surefire test","testcases.history.HistoryTransferTest","historyManualTransferTestFeeAdmin"
"Generate QR Code Closed Merchant","10299","generateQRCodeClosed","Surefire suite","Wed Sep 23 08:40:02 UTC 2026","passed","Wed Sep 23 08:40:13 UTC 2026","testcases.QR.GenerateQRTest","Surefire test","testcases.QR.GenerateQRTest","generateQRCodeClosed"
"Delete Manage Settlement BO Menggunakan Login Supervisor","5418","deleteManageSettlementWithSupervisorLogin","Surefire suite","Wed Sep 23 08:21:06 UTC 2026","passed","Wed Sep 23 08:21:11 UTC 2026","testcases.backoffice.settlement.DeleteManageSettlementTest","Surefire test","testcases.backoffice.settlement.DeleteManageSettlementTest","deleteManageSettlementWithSupervisorLogin"
"Get List Group Company BO Dengan groupName Berisi Karakter SQL Injection","6999","getListGroupCompanyWithSqlInjectionGroupName","Surefire suite","Wed Sep 23 08:30:25 UTC 2026","passed","Wed Sep 23 08:30:32 UTC 2026","testcases.backoffice.settlement.GetListGroupCompanyTest","Surefire test","testcases.backoffice.settlement.GetListGroupCompanyTest","getListGroupCompanyWithSqlInjectionGroupName"
"Create Manage Settlement BO Dengan Header Authorization Tanpa Skema Bearer","1773","addManageSettlementWithMalformedAuthorizationHeader","Surefire suite","Wed Sep 23 08:24:49 UTC 2026","passed","Wed Sep 23 08:24:51 UTC 2026","testcases.backoffice.settlement.AddManageSettlementTest","Surefire test","testcases.backoffice.settlement.AddManageSettlementTest","addManageSettlementWithMalformedAuthorizationHeader"
"Delete Favorite Account Ke Path yang Tidak Ada (Typo)","3248","deleteFavoriteAccountWithWrongPath","Surefire suite","Wed Sep 23 08:45:36 UTC 2026","passed","Wed Sep 23 08:45:39 UTC 2026","testcases.settings.favoriteaccount.DeleteFavoriteAccountTest","Surefire test","testcases.settings.favoriteaccount.DeleteFavoriteAccountTest","deleteFavoriteAccountWithWrongPath"
"Get History USDT Transfer Test Admin Crypto","13913","historyUSDTTransferTestAdminCrypto","Surefire suite","Wed Sep 23 09:52:56 UTC 2026","passed","Wed Sep 23 09:53:10 UTC 2026","testcases.history.HistoryTransferTest","Surefire test","testcases.history.HistoryTransferTest","historyUSDTTransferTestAdminCrypto"
"Get Group Detail Backoffice Dengan Format Group Id Tidak Valid (Bukan ObjectId)","6211","getGroupDetailWithMalformedId","Surefire suite","Wed Sep 23 08:21:47 UTC 2026","failed","Wed Sep 23 08:21:53 UTC 2026","testcases.backoffice.group.GetGroupTest","Surefire test","testcases.backoffice.group.GetGroupTest","getGroupDetailWithMalformedId"
"Get Detail Waiting Company Backoffice Dengan Id Berisi Spasi","5844","getDetailWaitingCompanyWithWhitespaceId","Surefire suite","Wed Sep 23 08:34:36 UTC 2026","passed","Wed Sep 23 08:34:42 UTC 2026","testcases.backoffice.GetDetailWaitingCompanyTest","Surefire test","testcases.backoffice.GetDetailWaitingCompanyTest","getDetailWaitingCompanyWithWhitespaceId"
"Get Group Detail Backoffice Dengan Group Id yang Tidak Ada","5419","getGroupDetailWithNonExistentId","Surefire suite","Wed Sep 23 08:22:13 UTC 2026","passed","Wed Sep 23 08:22:18 UTC 2026","testcases.backoffice.group.GetGroupTest","Surefire test","testcases.backoffice.group.GetGroupTest","getGroupDetailWithNonExistentId"
"Delete Favorite Account Dengan Token Tidak Valid","7727","deleteFavoriteAccountWithInvalidToken","Surefire suite","Wed Sep 23 08:44:08 UTC 2026","passed","Wed Sep 23 08:44:15 UTC 2026","testcases.settings.favoriteaccount.DeleteFavoriteAccountTest","Surefire test","testcases.settings.favoriteaccount.DeleteFavoriteAccountTest","deleteFavoriteAccountWithInvalidToken"
"Request Refund Transfer Waiting Merchant","5441","refundTransferWaitingMerchant","Surefire suite","Wed Sep 23 08:20:00 UTC 2026","failed","Wed Sep 23 08:20:06 UTC 2026","testcases.transfer.RefundTransferTest","Surefire test","testcases.transfer.RefundTransferTest","refundTransferWaitingMerchant"
"Refund Summary Dengan Token Tidak Valid","3798","getRefundWithInvalidToken","Surefire suite","Wed Sep 23 08:33:34 UTC 2026","passed","Wed Sep 23 08:33:38 UTC 2026","testcases.backoffice.refund.GetRefundTest","Surefire test","testcases.backoffice.refund.GetRefundTest","getRefundWithInvalidToken"
"Login Merchant dengan Username Tidak Terdaftar","3204","testLoginNonExistentUsername","Surefire suite","Wed Sep 23 08:18:25 UTC 2026","passed","Wed Sep 23 08:18:29 UTC 2026","testcases.auth.LoginTest","Surefire test","testcases.auth.LoginTest","testLoginNonExistentUsername"
"Get List Group Backoffice Dengan Body Berupa Literal null","1662","getListGroupWithNullLiteralBody","Surefire suite","Wed Sep 23 08:26:07 UTC 2026","passed","Wed Sep 23 08:26:08 UTC 2026","testcases.backoffice.group.GetListGroupTest","Surefire test","testcases.backoffice.group.GetListGroupTest","getListGroupWithNullLiteralBody"
"Get List Group Backoffice Dengan Field Tidak Dikenal pada Body","1658","getListGroupWithUnknownField","Surefire suite","Wed Sep 23 08:26:53 UTC 2026","passed","Wed Sep 23 08:26:55 UTC 2026","testcases.backoffice.group.GetListGroupTest","Surefire test","testcases.backoffice.group.GetListGroupTest","getListGroupWithUnknownField"
"Delete Manage Settlement BO Dengan Header id Kosong","4952","deleteManageSettlementWithEmptyIdHeader","Surefire suite","Wed Sep 23 08:19:11 UTC 2026","passed","Wed Sep 23 08:19:16 UTC 2026","testcases.backoffice.settlement.DeleteManageSettlementTest","Surefire test","testcases.backoffice.settlement.DeleteManageSettlementTest","deleteManageSettlementWithEmptyIdHeader"
"Delete Favorite Account Menggunakan HTTP Method PUT","2046","deleteFavoriteAccountWithPutMethod","Surefire suite","Wed Sep 23 08:44:52 UTC 2026","passed","Wed Sep 23 08:44:54 UTC 2026","testcases.settings.favoriteaccount.DeleteFavoriteAccountTest","Surefire test","testcases.settings.favoriteaccount.DeleteFavoriteAccountTest","deleteFavoriteAccountWithPutMethod"
"List Refund Menggunakan Login Backoffice","8071","listRefundWithBackofficeLogin","Surefire suite","Wed Sep 23 09:36:21 UTC 2026","passed","Wed Sep 23 09:36:29 UTC 2026","testcases.backoffice.ListRefundTest","Surefire test","testcases.backoffice.ListRefundTest","listRefundWithBackofficeLogin"
"Get Detail Waiting Company Backoffice Dengan Id Sangat Panjang (10.000 karakter)","8280","getDetailWaitingCompanyWithOverlongId","Surefire suite","Wed Sep 23 08:33:38 UTC 2026","passed","Wed Sep 23 08:33:46 UTC 2026","testcases.backoffice.GetDetailWaitingCompanyTest","Surefire test","testcases.backoffice.GetDetailWaitingCompanyTest","getDetailWaitingCompanyWithOverlongId"
"Reset Password Merchant","6287","resetPasswordMerchant","Surefire suite","Wed Sep 23 08:51:08 UTC 2026","passed","Wed Sep 23 08:51:14 UTC 2026","testcases.settings.ResetPasswordTest","Surefire test","testcases.settings.ResetPasswordTest","resetPasswordMerchant"
"Delete Favorite Account Menggunakan HTTP Method PATCH","1938","deleteFavoriteAccountWithPatchMethod","Surefire suite","Wed Sep 23 08:44:47 UTC 2026","passed","Wed Sep 23 08:44:49 UTC 2026","testcases.settings.favoriteaccount.DeleteFavoriteAccountTest","Surefire test","testcases.settings.favoriteaccount.DeleteFavoriteAccountTest","deleteFavoriteAccountWithPatchMethod"
"Delete Google Authenticator Menggunakan HTTP Method PUT","6092","deleteOtpGoogleWithPutMethod","Surefire suite","Wed Sep 23 08:30:45 UTC 2026","passed","Wed Sep 23 08:30:51 UTC 2026","testcases.backoffice.googleauth.DeleteOtpGoogleTest","Surefire test","testcases.backoffice.googleauth.DeleteOtpGoogleTest","deleteOtpGoogleWithPutMethod"
"Get List Favorite Account Tanpa Body Sama Sekali","2446","getListFavoriteAccountWithoutBody","Surefire suite","Wed Sep 23 10:27:27 UTC 2026","passed","Wed Sep 23 10:27:29 UTC 2026","testcases.settings.favoriteaccount.GetListFavoriteAccountTest","Surefire test","testcases.settings.favoriteaccount.GetListFavoriteAccountTest","getListFavoriteAccountWithoutBody"
"Created Favorite Account Dengan Token Kadaluarsa","1905","createdFavoriteAccountWithExpiredToken","Surefire suite","Wed Sep 23 08:49:19 UTC 2026","passed","Wed Sep 23 08:49:21 UTC 2026","testcases.settings.favoriteaccount.CreatedFavoriteAccountTest","Surefire test","testcases.settings.favoriteaccount.CreatedFavoriteAccountTest","createdFavoriteAccountWithExpiredToken"
"Get List Group Backoffice Menggunakan Login Merchant","5853","getListGroupWithMerchantLogin","Surefire suite","Wed Sep 23 08:25:48 UTC 2026","passed","Wed Sep 23 08:25:54 UTC 2026","testcases.backoffice.group.GetListGroupTest","Surefire test","testcases.backoffice.group.GetListGroupTest","getListGroupWithMerchantLogin"
"Get Detail Waiting Company Backoffice Menggunakan Login Merchant","8083","getDetailWaitingCompanyWithMerchantLogin","Surefire suite","Wed Sep 23 08:33:19 UTC 2026","passed","Wed Sep 23 08:33:27 UTC 2026","testcases.backoffice.GetDetailWaitingCompanyTest","Surefire test","testcases.backoffice.GetDetailWaitingCompanyTest","getDetailWaitingCompanyWithMerchantLogin"
"Get History Flop Transfer Test CS","16865","historyFlopTransferTestCS","Surefire suite","Wed Sep 23 09:43:49 UTC 2026","passed","Wed Sep 23 09:44:06 UTC 2026","testcases.history.HistoryTransferTest","Surefire test","testcases.history.HistoryTransferTest","historyFlopTransferTestCS"
"Login Merchant dengan Username Mengandung SQL Injection","3440","testLoginSqlInjectionUsername","Surefire suite","Wed Sep 23 08:18:41 UTC 2026","passed","Wed Sep 23 08:18:44 UTC 2026","testcases.auth.LoginTest","Surefire test","testcases.auth.LoginTest","testLoginSqlInjectionUsername"
"Mutasi Special Transfer CS","31403","mutasiSpecialTransferCS","Surefire suite","Wed Sep 23 10:10:35 UTC 2026","passed","Wed Sep 23 10:11:07 UTC 2026","testcases.mutasi.MutasiTransferTest","Surefire test","testcases.mutasi.MutasiTransferTest","mutasiSpecialTransferCS"
"Generate QR Code Merchant","8186","generateQRCode","Surefire suite","Wed Sep 23 08:39:51 UTC 2026","passed","Wed Sep 23 08:39:59 UTC 2026","testcases.QR.GenerateQRTest","Surefire test","testcases.QR.GenerateQRTest","generateQRCode"
"Get List Google Authenticator Dengan Field Tidak Dikenal pada Body","8364","listOtpGoogleWithUnknownField","Surefire suite","Wed Sep 23 08:24:27 UTC 2026","passed","Wed Sep 23 08:24:35 UTC 2026","testcases.backoffice.googleauth.ListOtpGoogleTest","Surefire test","testcases.backoffice.googleauth.ListOtpGoogleTest","listOtpGoogleWithUnknownField"
"Get List Group Ke Path yang Tidak Ada (Typo)","1947","getListGroupWithWrongPath","Surefire suite","Wed Sep 23 08:27:03 UTC 2026","passed","Wed Sep 23 08:27:05 UTC 2026","testcases.backoffice.group.GetListGroupTest","Surefire test","testcases.backoffice.group.GetListGroupTest","getListGroupWithWrongPath"
"Mutasi Special Transfer Supervisor CS","31604","mutasiSpecialTransferSupervisorCS","Surefire suite","Wed Sep 23 10:11:41 UTC 2026","passed","Wed Sep 23 10:12:13 UTC 2026","testcases.mutasi.MutasiTransferTest","Surefire test","testcases.mutasi.MutasiTransferTest","mutasiSpecialTransferSupervisorCS"
"Get Group Detail Backoffice Menggunakan HTTP Method PUT","5214","getGroupDetailWithPutMethod","Surefire suite","Wed Sep 23 08:22:47 UTC 2026","passed","Wed Sep 23 08:22:52 UTC 2026","testcases.backoffice.group.GetGroupTest","Surefire test","testcases.backoffice.group.GetGroupTest","getGroupDetailWithPutMethod"
"List Company Backoffice Dengan Content-Type text/plain","6018","listCompanyWithWrongContentType","Surefire suite","Wed Sep 23 08:27:50 UTC 2026","passed","Wed Sep 23 08:27:56 UTC 2026","testcases.backoffice.ListCompanyTest","Surefire test","testcases.backoffice.ListCompanyTest","listCompanyWithWrongContentType"
"Refund Summary Dengan startDate Setelah endDate (Rentang Terbalik)","1752","getRefundWithReversedRange","Surefire suite","Wed Sep 23 08:34:46 UTC 2026","passed","Wed Sep 23 08:34:48 UTC 2026","testcases.backoffice.refund.GetRefundTest","Surefire test","testcases.backoffice.refund.GetRefundTest","getRefundWithReversedRange"
"Transfer Different Partner Reference, USDT Transfer to Transfer","58041","trfPartnerRefSpecialFailed","Surefire suite","Wed Sep 23 08:37:14 UTC 2026","failed","Wed Sep 23 08:38:12 UTC 2026","testcases.transfer.TransferUSDTTest","Surefire test","testcases.transfer.TransferUSDTTest","trfPartnerRefSpecialFailed"
"Reset Pin Supervisor","5876","resetPinSupervisor","Surefire suite","Wed Sep 23 08:22:46 UTC 2026","passed","Wed Sep 23 08:22:52 UTC 2026","testcases.settings.ResetPinTest","Surefire test","testcases.settings.ResetPinTest","resetPinSupervisor"
"Request Refund Special Transfer Merchant","7210","refundSpecialTransferMerchant","Surefire suite","Wed Sep 23 08:19:42 UTC 2026","failed","Wed Sep 23 08:19:49 UTC 2026","testcases.transfer.RefundTransferTest","Surefire test","testcases.transfer.RefundTransferTest","refundSpecialTransferMerchant"
"Mutasi Transfer Balance","19087","mutasiTransferBalance","Surefire suite","Wed Sep 23 10:12:44 UTC 2026","passed","Wed Sep 23 10:13:03 UTC 2026","testcases.mutasi.MutasiTransferTest","Surefire test","testcases.mutasi.MutasiTransferTest","mutasiTransferBalance"
"Get List Google Authenticator Ke Path yang Tidak Ada (Typo)","6027","listOtpGoogleWithWrongPath","Surefire suite","Wed Sep 23 08:24:46 UTC 2026","passed","Wed Sep 23 08:24:52 UTC 2026","testcases.backoffice.googleauth.ListOtpGoogleTest","Surefire test","testcases.backoffice.googleauth.ListOtpGoogleTest","listOtpGoogleWithWrongPath"
"Test Approved Special Transfer","16242","approvedSpecialTransfer","Surefire suite","Wed Sep 23 09:14:44 UTC 2026","passed","Wed Sep 23 09:15:00 UTC 2026","testcases.backoffice.ApprovalTransferTest","Surefire test","testcases.backoffice.ApprovalTransferTest","approvedSpecialTransfer"
"Refund Summary Backoffice","5767","getRefundSummaryBO","Surefire suite","Wed Sep 23 08:31:53 UTC 2026","passed","Wed Sep 23 08:31:59 UTC 2026","testcases.backoffice.refund.GetRefundTest","Surefire test","testcases.backoffice.refund.GetRefundTest","getRefundSummaryBO"
"Create Manage Settlement BO Dengan companyId Format Tidak Valid (Bukan ObjectId)","5343","addManageSettlementWithMalformedCompanyId","Surefire suite","Wed Sep 23 08:24:54 UTC 2026","passed","Wed Sep 23 08:24:59 UTC 2026","testcases.backoffice.settlement.AddManageSettlementTest","Surefire test","testcases.backoffice.settlement.AddManageSettlementTest","addManageSettlementWithMalformedCompanyId"
"Get Balance Merchant Transfer","6628","getBalanceMerchant","Surefire suite","Wed Sep 23 08:19:23 UTC 2026","failed","Wed Sep 23 08:19:30 UTC 2026","testcases.balance.GetBalanceTransferTest","Surefire test","testcases.balance.GetBalanceTransferTest","getBalanceMerchant"
"Create Manage Settlement BO Menggunakan Login Customer Service","5498","addManageSettlementWithCSLogin","Surefire suite","Wed Sep 23 08:22:56 UTC 2026","passed","Wed Sep 23 08:23:02 UTC 2026","testcases.backoffice.settlement.AddManageSettlementTest","Surefire test","testcases.backoffice.settlement.AddManageSettlementTest","addManageSettlementWithCSLogin"
"Inquiry Favorite Account Dengan Header Authorization Tanpa Skema Bearer","2591","inquiryFavoriteAccountWithMalformedAuthorizationHeader","Surefire suite","Wed Sep 23 08:47:09 UTC 2026","passed","Wed Sep 23 08:47:12 UTC 2026","testcases.settings.favoriteaccount.InquiryFavoriteAccountTest","Surefire test","testcases.settings.favoriteaccount.InquiryFavoriteAccountTest","inquiryFavoriteAccountWithMalformedAuthorizationHeader"
"Request Refund Manual Transfer Merchant","5686","refundManualTransferMerchant","Surefire suite","Wed Sep 23 08:19:33 UTC 2026","failed","Wed Sep 23 08:19:39 UTC 2026","testcases.transfer.RefundTransferTest","Surefire test","testcases.transfer.RefundTransferTest","refundManualTransferMerchant"
"List Refund Menggunakan Login Supervisor","11348","listRefundWithSupervisorLogin","Surefire suite","Wed Sep 23 09:38:39 UTC 2026","passed","Wed Sep 23 09:38:51 UTC 2026","testcases.backoffice.ListRefundTest","Surefire test","testcases.backoffice.ListRefundTest","listRefundWithSupervisorLogin"
"Add Currency CS Admin Path Dengan Token CS Admin Valid Tapi Tanpa Header powis","2606","addCurrencyWithoutPowisHeader","Surefire suite","Wed Sep 23 09:32:51 UTC 2026","passed","Wed Sep 23 09:32:53 UTC 2026","testcases.backoffice.currency.AddCurrencyTest","Surefire test","testcases.backoffice.currency.AddCurrencyTest","addCurrencyWithoutPowisHeader"
"Get Detail Waiting Company Backoffice Menggunakan HTTP Method POST","8412","getDetailWaitingCompanyWithPostMethod","Surefire suite","Wed Sep 23 08:33:58 UTC 2026","passed","Wed Sep 23 08:34:07 UTC 2026","testcases.backoffice.GetDetailWaitingCompanyTest","Surefire test","testcases.backoffice.GetDetailWaitingCompanyTest","getDetailWaitingCompanyWithPostMethod"
"Get List Google Authenticator Menggunakan Login Marketing","6257","listOtpGoogleWithMarketingLogin","Surefire suite","Wed Sep 23 08:22:48 UTC 2026","passed","Wed Sep 23 08:22:54 UTC 2026","testcases.backoffice.googleauth.ListOtpGoogleTest","Surefire test","testcases.backoffice.googleauth.ListOtpGoogleTest","listOtpGoogleWithMarketingLogin"
"Refund Summary Dengan Body Berupa JSON Array ([])","5943","getRefundWithArrayBody","Surefire suite","Wed Sep 23 08:32:22 UTC 2026","passed","Wed Sep 23 08:32:28 UTC 2026","testcases.backoffice.refund.GetRefundTest","Surefire test","testcases.backoffice.refund.GetRefundTest","getRefundWithArrayBody"
"Get History QR CS","12173","historyQRTestCS","Surefire suite","Wed Sep 23 08:53:31 UTC 2026","passed","Wed Sep 23 08:53:43 UTC 2026","testcases.history.HistoryQRTest","Surefire test","testcases.history.HistoryQRTest","historyQRTestCS"
"Test Approve Special Transfer Supervisor dengan check Fee di Admin Fee","33688","approvedSpecialTransferSupervisorBalance","Surefire suite","Wed Sep 23 09:15:59 UTC 2026","passed","Wed Sep 23 09:16:33 UTC 2026","testcases.backoffice.ApprovalTransferTest","Surefire test","testcases.backoffice.ApprovalTransferTest","approvedSpecialTransferSupervisorBalance"
"Add Group Backoffice Menggunakan Login Customer Service","7055","addGroupWithCSLogin","Surefire suite","Wed Sep 23 08:37:17 UTC 2026","passed","Wed Sep 23 08:37:24 UTC 2026","testcases.backoffice.group.AddGroupTest","Surefire test","testcases.backoffice.group.AddGroupTest","addGroupWithCSLogin"
"Created Favorite Account Menggunakan HTTP Method DELETE","1763","createdFavoriteAccountWithDeleteMethod","Surefire suite","Wed Sep 23 08:49:02 UTC 2026","passed","Wed Sep 23 08:49:04 UTC 2026","testcases.settings.favoriteaccount.CreatedFavoriteAccountTest","Surefire test","testcases.settings.favoriteaccount.CreatedFavoriteAccountTest","createdFavoriteAccountWithDeleteMethod"
"List Refund Menggunakan Login Marketing","6299","listRefundWithMarketingLogin","Surefire suite","Wed Sep 23 09:38:01 UTC 2026","passed","Wed Sep 23 09:38:07 UTC 2026","testcases.backoffice.ListRefundTest","Surefire test","testcases.backoffice.ListRefundTest","listRefundWithMarketingLogin"
"Add Group Backoffice Dengan Token Backoffice Valid Tapi Tanpa Header pbyv","5140","addGroupWithoutPbyvHeader","Surefire suite","Wed Sep 23 08:41:03 UTC 2026","passed","Wed Sep 23 08:41:09 UTC 2026","testcases.backoffice.group.AddGroupTest","Surefire test","testcases.backoffice.group.AddGroupTest","addGroupWithoutPbyvHeader"
"Get List Favorite Account Dengan Body Berupa JSON Array ([])","5538","getListFavoriteAccountWithArrayBody","Surefire suite","Wed Sep 23 10:25:25 UTC 2026","passed","Wed Sep 23 10:25:31 UTC 2026","testcases.settings.favoriteaccount.GetListFavoriteAccountTest","Surefire test","testcases.settings.favoriteaccount.GetListFavoriteAccountTest","getListFavoriteAccountWithArrayBody"
"Add Group Backoffice Dengan Nama Sama Namun Field Fee Berbeda","5935","addGroupWithDuplicateNameDifferentFees","Surefire suite","Wed Sep 23 08:37:38 UTC 2026","passed","Wed Sep 23 08:37:44 UTC 2026","testcases.backoffice.group.AddGroupTest","Surefire test","testcases.backoffice.group.AddGroupTest","addGroupWithDuplicateNameDifferentFees"
"Get List Favorite Account Dengan Karakter SQL Injection pada sort","1924","getListFavoriteAccountWithSqlInjectionSort","Surefire suite","Wed Sep 23 10:26:48 UTC 2026","passed","Wed Sep 23 10:26:50 UTC 2026","testcases.settings.favoriteaccount.GetListFavoriteAccountTest","Surefire test","testcases.settings.favoriteaccount.GetListFavoriteAccountTest","getListFavoriteAccountWithSqlInjectionSort"
"Get List Google Authenticator Dengan Tipe Data Salah pada Field limit (String, Bukan Integer)","4972","listOtpGoogleWithInvalidFieldType","Surefire suite","Wed Sep 23 08:22:04 UTC 2026","passed","Wed Sep 23 08:22:09 UTC 2026","testcases.backoffice.googleauth.ListOtpGoogleTest","Surefire test","testcases.backoffice.googleauth.ListOtpGoogleTest","listOtpGoogleWithInvalidFieldType"
"Get List Favorite Account Merchant","9784","getListFavoriteAccount","Surefire suite","Wed Sep 23 10:24:52 UTC 2026","passed","Wed Sep 23 10:25:02 UTC 2026","testcases.settings.favoriteaccount.GetListFavoriteAccountTest","Surefire test","testcases.settings.favoriteaccount.GetListFavoriteAccountTest","getListFavoriteAccount"
"Get List Google Authenticator Menggunakan Login CS Admin","6179","listOtpGoogleWithCSAdminLogin","Surefire suite","Wed Sep 23 08:21:03 UTC 2026","passed","Wed Sep 23 08:21:09 UTC 2026","testcases.backoffice.googleauth.ListOtpGoogleTest","Surefire test","testcases.backoffice.googleauth.ListOtpGoogleTest","listOtpGoogleWithCSAdminLogin"
"Get List Favorite Account Tanpa Login/Header Auth","1866","getListFavoriteAccountWithoutAuth","Surefire suite","Wed Sep 23 10:27:22 UTC 2026","passed","Wed Sep 23 10:27:24 UTC 2026","testcases.settings.favoriteaccount.GetListFavoriteAccountTest","Surefire test","testcases.settings.favoriteaccount.GetListFavoriteAccountTest","getListFavoriteAccountWithoutAuth"
"Test Get Bank Statement","6123","getReportBankStatementAdmin","Surefire suite","Wed Sep 23 08:17:15 UTC 2026","passed","Wed Sep 23 08:17:21 UTC 2026","testcases.report.ReportTransactionTest","Surefire test","testcases.report.ReportTransactionTest","getReportBankStatementAdmin"
"Delete Favorite Account Dengan Body JSON Tidak Valid (Malformed)","8095","deleteFavoriteAccountWithMalformedJson","Surefire suite","Wed Sep 23 08:44:24 UTC 2026","passed","Wed Sep 23 08:44:32 UTC 2026","testcases.settings.favoriteaccount.DeleteFavoriteAccountTest","Surefire test","testcases.settings.favoriteaccount.DeleteFavoriteAccountTest","deleteFavoriteAccountWithMalformedJson"
"Get Dashboard Backoffice Menggunakan Login Admin","5248","getDashboardWithAdminLogin","Surefire suite","Wed Sep 23 08:35:19 UTC 2026","passed","Wed Sep 23 08:35:24 UTC 2026","testcases.backoffice.GetDashboardTest","Surefire test","testcases.backoffice.GetDashboardTest","getDashboardWithAdminLogin"
"Login Merchant dengan Username Kosong","3410","testLoginEmptyUsername","Surefire suite","Wed Sep 23 08:17:58 UTC 2026","passed","Wed Sep 23 08:18:02 UTC 2026","testcases.auth.LoginTest","Surefire test","testcases.auth.LoginTest","testLoginEmptyUsername"
"Mutasi Special Transfer Balance","35382","mutasiSpecialTransferBalance","Surefire suite","Wed Sep 23 10:07:40 UTC 2026","passed","Wed Sep 23 10:08:16 UTC 2026","testcases.mutasi.MutasiTransferTest","Surefire test","testcases.mutasi.MutasiTransferTest","mutasiSpecialTransferBalance"
"Created Favorite Account Merchant","7738","createdFavoriteAccount","Surefire suite","Wed Sep 23 08:48:39 UTC 2026","failed","Wed Sep 23 08:48:47 UTC 2026","testcases.settings.favoriteaccount.CreatedFavoriteAccountTest","Surefire test","testcases.settings.favoriteaccount.CreatedFavoriteAccountTest","createdFavoriteAccount"
"Get Detail Waiting Company Backoffice Menggunakan HTTP Method DELETE","7083","getDetailWaitingCompanyWithDeleteMethod","Surefire suite","Wed Sep 23 08:32:11 UTC 2026","passed","Wed Sep 23 08:32:18 UTC 2026","testcases.backoffice.GetDetailWaitingCompanyTest","Surefire test","testcases.backoffice.GetDetailWaitingCompanyTest","getDetailWaitingCompanyWithDeleteMethod"
"List Refund Dengan Ukuran Halaman Sangat Besar","10140","listRefundWithHugeSize","Surefire suite","Wed Sep 23 09:37:03 UTC 2026","passed","Wed Sep 23 09:37:13 UTC 2026","testcases.backoffice.ListRefundTest","Surefire test","testcases.backoffice.ListRefundTest","listRefundWithHugeSize"
"List Waiting Company Backoffice Dengan Content-Type text/plain","8143","listWaitingCompanyWithWrongContentType","Surefire suite","Wed Sep 23 08:19:59 UTC 2026","passed","Wed Sep 23 08:20:07 UTC 2026","testcases.backoffice.ListWaitingCompanyTest","Surefire test","testcases.backoffice.ListWaitingCompanyTest","listWaitingCompanyWithWrongContentType"
"Delete Google Authenticator Menggunakan Login Marketing","7013","deleteOtpGoogleWithMarketingLogin","Surefire suite","Wed Sep 23 08:29:48 UTC 2026","passed","Wed Sep 23 08:29:55 UTC 2026","testcases.backoffice.googleauth.DeleteOtpGoogleTest","Surefire test","testcases.backoffice.googleauth.DeleteOtpGoogleTest","deleteOtpGoogleWithMarketingLogin"
"Get List Group Company BO Tanpa Header groupName","13027","getListGroupCompanyWithoutGroupNameHeader","Surefire suite","Wed Sep 23 08:31:18 UTC 2026","passed","Wed Sep 23 08:31:31 UTC 2026","testcases.backoffice.settlement.GetListGroupCompanyTest","Surefire test","testcases.backoffice.settlement.GetListGroupCompanyTest","getListGroupCompanyWithoutGroupNameHeader"
"Add Currency CS Admin Path Dengan Body JSON Tidak Valid (Malformed)","4132","addCurrencyWithMalformedJson","Surefire suite","Wed Sep 23 09:29:56 UTC 2026","passed","Wed Sep 23 09:30:01 UTC 2026","testcases.backoffice.currency.AddCurrencyTest","Surefire test","testcases.backoffice.currency.AddCurrencyTest","addCurrencyWithMalformedJson"
"Add Currency USDT Backoffice","9111","addCurrencyBO","Surefire suite","Wed Sep 23 09:27:38 UTC 2026","passed","Wed Sep 23 09:27:48 UTC 2026","testcases.backoffice.currency.AddCurrencyTest","Surefire test","testcases.backoffice.currency.AddCurrencyTest","addCurrencyBO"
"Created Favorite Account Tanpa Field pin","1908","createdFavoriteAccountWithoutPinField","Surefire suite","Wed Sep 23 08:51:03 UTC 2026","passed","Wed Sep 23 08:51:05 UTC 2026","testcases.settings.favoriteaccount.CreatedFavoriteAccountTest","Surefire test","testcases.settings.favoriteaccount.CreatedFavoriteAccountTest","createdFavoriteAccountWithoutPinField"
"Add Currency CS Admin Path Dengan Token Kadaluarsa","3516","addCurrencyWithExpiredToken","Surefire suite","Wed Sep 23 09:29:26 UTC 2026","passed","Wed Sep 23 09:29:30 UTC 2026","testcases.backoffice.currency.AddCurrencyTest","Surefire test","testcases.backoffice.currency.AddCurrencyTest","addCurrencyWithExpiredToken"
"List User Backoffice Dengan Page/Size Negatif - Menemukan Bug Gateway Timeout","6478","listUsersWithNegativePageSize","Surefire suite","Wed Sep 23 08:30:52 UTC 2026","passed","Wed Sep 23 08:30:58 UTC 2026","testcases.backoffice.users.ListUsersTest","Surefire test","testcases.backoffice.users.ListUsersTest","listUsersWithNegativePageSize"
"Add Group Backoffice Dengan name Bertipe Angka (Bukan String)","1921","addGroupWithNumericName","Surefire suite","Wed Sep 23 08:39:33 UTC 2026","passed","Wed Sep 23 08:39:35 UTC 2026","testcases.backoffice.group.AddGroupTest","Surefire test","testcases.backoffice.group.AddGroupTest","addGroupWithNumericName"
"Create Manage Settlement BO Dengan Token Kadaluarsa","1817","addManageSettlementWithExpiredToken","Surefire suite","Wed Sep 23 08:24:19 UTC 2026","passed","Wed Sep 23 08:24:20 UTC 2026","testcases.backoffice.settlement.AddManageSettlementTest","Surefire test","testcases.backoffice.settlement.AddManageSettlementTest","addManageSettlementWithExpiredToken"
"Get List Google Authenticator Dengan Content-Type text/plain","5364","listOtpGoogleWithWrongContentType","Surefire suite","Wed Sep 23 08:24:38 UTC 2026","passed","Wed Sep 23 08:24:43 UTC 2026","testcases.backoffice.googleauth.ListOtpGoogleTest","Surefire test","testcases.backoffice.googleauth.ListOtpGoogleTest","listOtpGoogleWithWrongContentType"
"Add Group Backoffice Dengan Karakter SQL Injection pada name","2625","addGroupWithSqlInjectionName","Surefire suite","Wed Sep 23 08:39:49 UTC 2026","passed","Wed Sep 23 08:39:52 UTC 2026","testcases.backoffice.group.AddGroupTest","Surefire test","testcases.backoffice.group.AddGroupTest","addGroupWithSqlInjectionName"
"Inquiry Favorite Account Dengan beneficiaryAccountNo Tidak Pernah Ada","2035","inquiryFavoriteAccountWithNonExistentBeneficiaryAccountNo","Surefire suite","Wed Sep 23 08:47:20 UTC 2026","passed","Wed Sep 23 08:47:22 UTC 2026","testcases.settings.favoriteaccount.InquiryFavoriteAccountTest","Surefire test","testcases.settings.favoriteaccount.InquiryFavoriteAccountTest","inquiryFavoriteAccountWithNonExistentBeneficiaryAccountNo"
"Get List Group Backoffice Menggunakan Login Customer Service","7727","getListGroupWithCSLogin","Surefire suite","Wed Sep 23 08:24:47 UTC 2026","passed","Wed Sep 23 08:24:54 UTC 2026","testcases.backoffice.group.GetListGroupTest","Surefire test","testcases.backoffice.group.GetListGroupTest","getListGroupWithCSLogin"
"Get History QR Supervisor","14752","historyQRTestSupervisor","Surefire suite","Wed Sep 23 08:54:38 UTC 2026","passed","Wed Sep 23 08:54:53 UTC 2026","testcases.history.HistoryQRTest","Surefire test","testcases.history.HistoryQRTest","historyQRTestSupervisor"
"Transfer Success with before and after Balanced","12261","transferBalance","Surefire suite","Wed Sep 23 08:29:47 UTC 2026","passed","Wed Sep 23 08:30:00 UTC 2026","testcases.transfer.TransferTest","Surefire test","testcases.transfer.TransferTest","transferBalance"
"Get List Group Company BO Menggunakan Login Admin Crypto","6723","getListGroupCompanyWithAdminCryptoLogin","Surefire suite","Wed Sep 23 08:27:54 UTC 2026","passed","Wed Sep 23 08:28:01 UTC 2026","testcases.backoffice.settlement.GetListGroupCompanyTest","Surefire test","testcases.backoffice.settlement.GetListGroupCompanyTest","getListGroupCompanyWithAdminCryptoLogin"
"Get List Favorite Account Dengan Header companyId Salah","2642","getListFavoriteAccountWithWrongCompanyIdHeader","Surefire suite","Wed Sep 23 10:26:58 UTC 2026","passed","Wed Sep 23 10:27:01 UTC 2026","testcases.settings.favoriteaccount.GetListFavoriteAccountTest","Surefire test","testcases.settings.favoriteaccount.GetListFavoriteAccountTest","getListFavoriteAccountWithWrongCompanyIdHeader"
"Get History USDT Transfer Test CS","18777","historyUSDTTransferTestCS","Surefire suite","Wed Sep 23 09:53:13 UTC 2026","passed","Wed Sep 23 09:53:32 UTC 2026","testcases.history.HistoryTransferTest","Surefire test","testcases.history.HistoryTransferTest","historyUSDTTransferTestCS"
"Delete Manage Settlement BO Tanpa Login/Header Auth","1523","deleteManageSettlementWithoutAuth","Surefire suite","Wed Sep 23 08:21:40 UTC 2026","passed","Wed Sep 23 08:21:41 UTC 2026","testcases.backoffice.settlement.DeleteManageSettlementTest","Surefire test","testcases.backoffice.settlement.DeleteManageSettlementTest","deleteManageSettlementWithoutAuth"
"Login Backoffice dengan Captcha Salah","4393","testLoginBackofficeWrongCaptcha","Surefire suite","Wed Sep 23 08:36:21 UTC 2026","passed","Wed Sep 23 08:36:26 UTC 2026","testcases.auth.LoginTest","Surefire test","testcases.auth.LoginTest","testLoginBackofficeWrongCaptcha"
"Delete Google Authenticator Tanpa Login/Header Auth","1554","deleteOtpGoogleWithoutAuth","Surefire suite","Wed Sep 23 08:31:40 UTC 2026","passed","Wed Sep 23 08:31:42 UTC 2026","testcases.backoffice.googleauth.DeleteOtpGoogleTest","Surefire test","testcases.backoffice.googleauth.DeleteOtpGoogleTest","deleteOtpGoogleWithoutAuth"
"Get Group Backoffice Tanpa Login/Header Auth","1751","getGroupWithoutAuth","Surefire suite","Wed Sep 23 08:36:59 UTC 2026","passed","Wed Sep 23 08:37:01 UTC 2026","testcases.backoffice.GetDashboardTest","Surefire test","testcases.backoffice.GetDashboardTest","getGroupWithoutAuth"
"Login Merchant dengan Password Kosong","5536","testLoginEmptyPassword","Surefire suite","Wed Sep 23 08:17:49 UTC 2026","passed","Wed Sep 23 08:17:55 UTC 2026","testcases.auth.LoginTest","Surefire test","testcases.auth.LoginTest","testLoginEmptyPassword"
"Get History Flop Transfer Supervisor on Login CS Admin","17886","historyFlopTransferSupervisorTestCSAdmin","Surefire suite","Wed Sep 23 09:42:37 UTC 2026","passed","Wed Sep 23 09:42:55 UTC 2026","testcases.history.HistoryTransferTest","Surefire test","testcases.history.HistoryTransferTest","historyFlopTransferSupervisorTestCSAdmin"
"Login Merchant dengan Captcha Salah","3228","testLoginWrongCaptcha","Surefire suite","Wed Sep 23 08:19:02 UTC 2026","passed","Wed Sep 23 08:19:06 UTC 2026","testcases.auth.LoginTest","Surefire test","testcases.auth.LoginTest","testLoginWrongCaptcha"
"List Refund Menggunakan Login Customer Service","5520","listRefundWithCSLogin","Surefire suite","Wed Sep 23 09:36:43 UTC 2026","passed","Wed Sep 23 09:36:48 UTC 2026","testcases.backoffice.ListRefundTest","Surefire test","testcases.backoffice.ListRefundTest","listRefundWithCSLogin"
"Get History QR Success Paid","19190","historyQRTestPaid","Surefire suite","Wed Sep 23 08:17:27 UTC 2026","passed","Wed Sep 23 08:17:46 UTC 2026","testcases.history.HistoryQRTest","Surefire test","testcases.history.HistoryQRTest","historyQRTestPaid"
"Login Backoffice dengan Username Tidak Terdaftar","3891","testLoginBackofficeNonExistentUsername","Surefire suite","Wed Sep 23 08:36:15 UTC 2026","passed","Wed Sep 23 08:36:18 UTC 2026","testcases.auth.LoginTest","Surefire test","testcases.auth.LoginTest","testLoginBackofficeNonExistentUsername"
"Normal Manual Transfer Success with Account Supervisor","12657","manualTransferSupervisor","Surefire suite","Wed Sep 23 08:17:57 UTC 2026","passed","Wed Sep 23 08:18:09 UTC 2026","testcases.transfer.ManualTransferTest","Surefire test","testcases.transfer.ManualTransferTest","manualTransferSupervisor"
"Mutasi Transaction Admin","12452","mutasiAdmin","Surefire suite","Wed Sep 23 10:00:11 UTC 2026","passed","Wed Sep 23 10:00:23 UTC 2026","testcases.mutasi.MutasiTransferTest","Surefire test","testcases.mutasi.MutasiTransferTest","mutasiAdmin"
"List Currency USDT Dengan Header pbyv Salah","1795","getCurrencyWithWrongPbyvHeader","Surefire suite","Wed Sep 23 08:20:10 UTC 2026","passed","Wed Sep 23 08:20:12 UTC 2026","testcases.backoffice.currency.GetCurrencyTest","Surefire test","testcases.backoffice.currency.GetCurrencyTest","getCurrencyWithWrongPbyvHeader"
"Get Dashboard Backoffice Menggunakan Login Admin Crypto","6566","getDashboardWithAdminCryptoLogin","Surefire suite","Wed Sep 23 08:35:10 UTC 2026","passed","Wed Sep 23 08:35:16 UTC 2026","testcases.backoffice.GetDashboardTest","Surefire test","testcases.backoffice.GetDashboardTest","getDashboardWithAdminCryptoLogin"
"List Waiting Company Backoffice Dengan Body Kosong ({})","5963","listWaitingCompanyWithEmptyBody","Surefire suite","Wed Sep 23 08:18:17 UTC 2026","passed","Wed Sep 23 08:18:23 UTC 2026","testcases.backoffice.ListWaitingCompanyTest","Surefire test","testcases.backoffice.ListWaitingCompanyTest","listWaitingCompanyWithEmptyBody"
"Mutasi Transfer Supervisor Balance","12736","mutasiTransferSupervisorBalance","Surefire suite","Wed Sep 23 10:14:05 UTC 2026","passed","Wed Sep 23 10:14:18 UTC 2026","testcases.mutasi.MutasiTransferTest","Surefire test","testcases.mutasi.MutasiTransferTest","mutasiTransferSupervisorBalance"
"Test Settlement USDT CS Admin dengan check Fee di Admin Crypto dan Admin Fee","63045","settlementUSDTCSAdmin","Surefire suite","Wed Sep 23 09:23:55 UTC 2026","passed","Wed Sep 23 09:24:59 UTC 2026","testcases.backoffice.ApprovalTransferTest","Surefire test","testcases.backoffice.ApprovalTransferTest","settlementUSDTCSAdmin"
"Add Group Backoffice Tanpa Field name","2912","addGroupWithoutNameField","Surefire suite","Wed Sep 23 08:40:58 UTC 2026","passed","Wed Sep 23 08:41:00 UTC 2026","testcases.backoffice.group.AddGroupTest","Surefire test","testcases.backoffice.group.AddGroupTest","addGroupWithoutNameField"
"Transfer Different Partner Reference, USDT Transfer to Transfer","52899","trfPartnerRefUSDTFailed","Surefire suite","Wed Sep 23 08:33:05 UTC 2026","failed","Wed Sep 23 08:33:58 UTC 2026","testcases.transfer.TransferTest","Surefire test","testcases.transfer.TransferTest","trfPartnerRefUSDTFailed"
"Add Group Backoffice Menggunakan Login Admin","6514","addGroupWithAdminLogin","Surefire suite","Wed Sep 23 08:36:49 UTC 2026","passed","Wed Sep 23 08:36:55 UTC 2026","testcases.backoffice.group.AddGroupTest","Surefire test","testcases.backoffice.group.AddGroupTest","addGroupWithAdminLogin"
"Add Group Backoffice Dengan Body Berupa JSON Array ([])","7172","addGroupWithArrayBody","Surefire suite","Wed Sep 23 08:36:58 UTC 2026","passed","Wed Sep 23 08:37:05 UTC 2026","testcases.backoffice.group.AddGroupTest","Surefire test","testcases.backoffice.group.AddGroupTest","addGroupWithArrayBody"
"Delete Favorite Account Tanpa Login/Header Auth","2612","deleteFavoriteAccountWithoutAuth","Surefire suite","Wed Sep 23 08:45:47 UTC 2026","passed","Wed Sep 23 08:45:50 UTC 2026","testcases.settings.favoriteaccount.DeleteFavoriteAccountTest","Surefire test","testcases.settings.favoriteaccount.DeleteFavoriteAccountTest","deleteFavoriteAccountWithoutAuth"
"Get List Google Authenticator Dengan Token Kadaluarsa","1692","listOtpGoogleWithExpiredToken","Surefire suite","Wed Sep 23 08:21:42 UTC 2026","passed","Wed Sep 23 08:21:44 UTC 2026","testcases.backoffice.googleauth.ListOtpGoogleTest","Surefire test","testcases.backoffice.googleauth.ListOtpGoogleTest","listOtpGoogleWithExpiredToken"
"List Refund Menggunakan Login Admin Crypto","7123","listRefundAdminCrypto","Surefire suite","Wed Sep 23 09:35:52 UTC 2026","passed","Wed Sep 23 09:35:59 UTC 2026","testcases.backoffice.ListRefundTest","Surefire test","testcases.backoffice.ListRefundTest","listRefundAdminCrypto"
"Delete Manage Settlement BO Menggunakan Login Customer Service","5266","deleteManageSettlementWithCSLogin","Surefire suite","Wed Sep 23 08:18:55 UTC 2026","passed","Wed Sep 23 08:19:00 UTC 2026","testcases.backoffice.settlement.DeleteManageSettlementTest","Surefire test","testcases.backoffice.settlement.DeleteManageSettlementTest","deleteManageSettlementWithCSLogin"
"Refund Summary Menggunakan Login Marketing","5989","getRefundWithMarketingLogin","Surefire suite","Wed Sep 23 08:33:58 UTC 2026","passed","Wed Sep 23 08:34:04 UTC 2026","testcases.backoffice.refund.GetRefundTest","Surefire test","testcases.backoffice.refund.GetRefundTest","getRefundWithMarketingLogin"
"Add Group Backoffice Dengan Nama yang Sudah Ada Sejak Test Lama (""sutarjo"")","1857","addGroupWithLegacyDuplicateName","Surefire suite","Wed Sep 23 08:38:35 UTC 2026","failed","Wed Sep 23 08:38:37 UTC 2026","testcases.backoffice.group.AddGroupTest","Surefire test","testcases.backoffice.group.AddGroupTest","addGroupWithLegacyDuplicateName"
"Get List Favorite Account Dengan Token Kadaluarsa","1735","getListFavoriteAccountWithExpiredToken","Surefire suite","Wed Sep 23 10:25:45 UTC 2026","passed","Wed Sep 23 10:25:47 UTC 2026","testcases.settings.favoriteaccount.GetListFavoriteAccountTest","Surefire test","testcases.settings.favoriteaccount.GetListFavoriteAccountTest","getListFavoriteAccountWithExpiredToken"
"Get List Google Authenticator Menggunakan Login Merchant","5243","listOtpGoogleWithMerchantLogin","Surefire suite","Wed Sep 23 08:22:57 UTC 2026","passed","Wed Sep 23 08:23:02 UTC 2026","testcases.backoffice.googleauth.ListOtpGoogleTest","Surefire test","testcases.backoffice.googleauth.ListOtpGoogleTest","listOtpGoogleWithMerchantLogin"
"Get History Transfer Test Admin","16646","historyTransferTestAdmin","Surefire suite","Wed Sep 23 09:50:28 UTC 2026","passed","Wed Sep 23 09:50:45 UTC 2026","testcases.history.HistoryTransferTest","Surefire test","testcases.history.HistoryTransferTest","historyTransferTestAdmin"
"Reset Password Admin Crypto","6255","resetPasswordAdminCrypto","Surefire suite","Wed Sep 23 08:17:20 UTC 2026","passed","Wed Sep 23 08:17:26 UTC 2026","testcases.settings.ResetPasswordTest","Surefire test","testcases.settings.ResetPasswordTest","resetPasswordAdminCrypto"
"Get List Favorite Account Menggunakan HTTP Method DELETE","1952","getListFavoriteAccountWithDeleteMethod","Surefire suite","Wed Sep 23 10:25:34 UTC 2026","passed","Wed Sep 23 10:25:36 UTC 2026","testcases.settings.favoriteaccount.GetListFavoriteAccountTest","Surefire test","testcases.settings.favoriteaccount.GetListFavoriteAccountTest","getListFavoriteAccountWithDeleteMethod"
"Get List Group Backoffice Dengan Token Tidak Valid","1509","getListGroupWithInvalidToken","Surefire suite","Wed Sep 23 08:25:26 UTC 2026","passed","Wed Sep 23 08:25:27 UTC 2026","testcases.backoffice.group.GetListGroupTest","Surefire test","testcases.backoffice.group.GetListGroupTest","getListGroupWithInvalidToken"
"Get List Group Company BO Dengan Header Authorization Tanpa Skema Bearer","1753","getListGroupCompanyWithMalformedAuthorizationHeader","Surefire suite","Wed Sep 23 08:29:06 UTC 2026","passed","Wed Sep 23 08:29:08 UTC 2026","testcases.backoffice.settlement.GetListGroupCompanyTest","Surefire test","testcases.backoffice.settlement.GetListGroupCompanyTest","getListGroupCompanyWithMalformedAuthorizationHeader"
"Refund Summary Dengan type Bertipe Angka (Bukan String)","2667","getRefundWithNumericType","Surefire suite","Wed Sep 23 08:34:31 UTC 2026","passed","Wed Sep 23 08:34:34 UTC 2026","testcases.backoffice.refund.GetRefundTest","Surefire test","testcases.backoffice.refund.GetRefundTest","getRefundWithNumericType"
"Generate Open QR Code Merchant","7830","generateOpenQRCode","Surefire suite","Wed Sep 23 08:39:40 UTC 2026","passed","Wed Sep 23 08:39:48 UTC 2026","testcases.QR.GenerateQRTest","Surefire test","testcases.QR.GenerateQRTest","generateOpenQRCode"
"Get List Group Backoffice Dengan Field sort Tidak Valid","1952","getListGroupWithInvalidSortField","Surefire suite","Wed Sep 23 08:25:21 UTC 2026","passed","Wed Sep 23 08:25:23 UTC 2026","testcases.backoffice.group.GetListGroupTest","Surefire test","testcases.backoffice.group.GetListGroupTest","getListGroupWithInvalidSortField"
"Delete Google Authenticator Dengan Token Tidak Valid","1743","deleteOtpGoogleWithInvalidToken","Surefire suite","Wed Sep 23 08:29:29 UTC 2026","passed","Wed Sep 23 08:29:30 UTC 2026","testcases.backoffice.googleauth.DeleteOtpGoogleTest","Surefire test","testcases.backoffice.googleauth.DeleteOtpGoogleTest","deleteOtpGoogleWithInvalidToken"
"Transfer with Wrong Pin","52179","transferWrongPin","Surefire suite","Wed Sep 23 08:25:01 UTC 2026","failed","Wed Sep 23 08:25:53 UTC 2026","testcases.transfer.ManualTransferTest","Surefire test","testcases.transfer.ManualTransferTest","transferWrongPin"
"Delete Group Backoffice","20245","deleteGroupBO","Surefire suite","Wed Sep 23 08:32:04 UTC 2026","passed","Wed Sep 23 08:32:24 UTC 2026","testcases.backoffice.group.DeleteGroupTest","Surefire test","testcases.backoffice.group.DeleteGroupTest","deleteGroupBO"
"Get List Group Company BO Menggunakan HTTP Method PATCH","5485","getListGroupCompanyWithPatchMethod","Surefire suite","Wed Sep 23 08:29:58 UTC 2026","passed","Wed Sep 23 08:30:04 UTC 2026","testcases.backoffice.settlement.GetListGroupCompanyTest","Surefire test","testcases.backoffice.settlement.GetListGroupCompanyTest","getListGroupCompanyWithPatchMethod"
"Reset Password Supervisor","6179","resetPasswordSupervisor","Surefire suite","Wed Sep 23 08:22:37 UTC 2026","passed","Wed Sep 23 08:22:43 UTC 2026","testcases.settings.ResetPasswordTest","Surefire test","testcases.settings.ResetPasswordTest","resetPasswordSupervisor"
"Get List Group Backoffice Dengan Token Kadaluarsa","1520","getListGroupWithExpiredToken","Surefire suite","Wed Sep 23 08:25:12 UTC 2026","passed","Wed Sep 23 08:25:13 UTC 2026","testcases.backoffice.group.GetListGroupTest","Surefire test","testcases.backoffice.group.GetListGroupTest","getListGroupWithExpiredToken"
"Delete Group Backoffice Menggunakan HTTP Method PUT","1592","deleteGroupWithPutMethod","Surefire suite","Wed Sep 23 08:35:11 UTC 2026","passed","Wed Sep 23 08:35:12 UTC 2026","testcases.backoffice.group.DeleteGroupTest","Surefire test","testcases.backoffice.group.DeleteGroupTest","deleteGroupWithPutMethod"
"Mutasi USDT Transfer CS","40129","mutasiUSDTTransferCS","Surefire suite","Wed Sep 23 10:18:25 UTC 2026","passed","Wed Sep 23 10:19:05 UTC 2026","testcases.mutasi.MutasiTransferTest","Surefire test","testcases.mutasi.MutasiTransferTest","mutasiUSDTTransferCS"
"Delete Manage Settlement BO","11436","deleteManageSettlementBO","Surefire suite","Wed Sep 23 08:17:56 UTC 2026","passed","Wed Sep 23 08:18:08 UTC 2026","testcases.backoffice.settlement.DeleteManageSettlementTest","Surefire test","testcases.backoffice.settlement.DeleteManageSettlementTest","deleteManageSettlementBO"
"Get List Group Company BO Tanpa Login/Header Auth","1780","getListGroupCompanyWithoutAuth","Surefire suite","Wed Sep 23 08:31:13 UTC 2026","passed","Wed Sep 23 08:31:15 UTC 2026","testcases.backoffice.settlement.GetListGroupCompanyTest","Surefire test","testcases.backoffice.settlement.GetListGroupCompanyTest","getListGroupCompanyWithoutAuth"
"Delete Google Authenticator Dengan Token Kadaluarsa","1522","deleteOtpGoogleWithExpiredToken","Surefire suite","Wed Sep 23 08:29:15 UTC 2026","passed","Wed Sep 23 08:29:16 UTC 2026","testcases.backoffice.googleauth.DeleteOtpGoogleTest","Surefire test","testcases.backoffice.googleauth.DeleteOtpGoogleTest","deleteOtpGoogleWithExpiredToken"
"Created Favorite Account Dengan Header Authorization Tanpa Skema Bearer","2620","createdFavoriteAccountWithMalformedAuthorizationHeader","Surefire suite","Wed Sep 23 08:49:33 UTC 2026","passed","Wed Sep 23 08:49:36 UTC 2026","testcases.settings.favoriteaccount.CreatedFavoriteAccountTest","Surefire test","testcases.settings.favoriteaccount.CreatedFavoriteAccountTest","createdFavoriteAccountWithMalformedAuthorizationHeader"
"Delete Google Authenticator Dengan id Sangat Panjang (10.000 karakter)","5932","deleteOtpGoogleWithOverlongId","Surefire suite","Wed Sep 23 08:30:17 UTC 2026","passed","Wed Sep 23 08:30:23 UTC 2026","testcases.backoffice.googleauth.DeleteOtpGoogleTest","Surefire test","testcases.backoffice.googleauth.DeleteOtpGoogleTest","deleteOtpGoogleWithOverlongId"
"List User Backoffice Tanpa Login/Header Auth","1828","listUsersWithoutAuth","Surefire suite","Wed Sep 23 08:31:22 UTC 2026","passed","Wed Sep 23 08:31:24 UTC 2026","testcases.backoffice.users.ListUsersTest","Surefire test","testcases.backoffice.users.ListUsersTest","listUsersWithoutAuth"
"Get Detail Waiting Company Backoffice Dengan Id Berisi Karakter SQL Injection","6093","getDetailWaitingCompanyWithSqlInjectionId","Surefire suite","Wed Sep 23 08:34:18 UTC 2026","passed","Wed Sep 23 08:34:24 UTC 2026","testcases.backoffice.GetDetailWaitingCompanyTest","Surefire test","testcases.backoffice.GetDetailWaitingCompanyTest","getDetailWaitingCompanyWithSqlInjectionId"
"List Company Backoffice Menggunakan Login Marketing","6446","listCompanyWithMarketingLogin","Surefire suite","Wed Sep 23 08:27:06 UTC 2026","passed","Wed Sep 23 08:27:12 UTC 2026","testcases.backoffice.ListCompanyTest","Surefire test","testcases.backoffice.ListCompanyTest","listCompanyWithMarketingLogin"
"Inquiry Test Transfer Admin Crypto","6852","inquiryTransferAdminCrypto","Surefire suite","Wed Sep 23 08:20:12 UTC 2026","passed","Wed Sep 23 08:20:19 UTC 2026","testcases.transfer.InquiryTransferTest","Surefire test","testcases.transfer.InquiryTransferTest","inquiryTransferAdminCrypto"
"List Currency USDT Dengan Field Sort Merujuk ke Kolom yang Tidak Ada","1754","getCurrencyWithInvalidSortField","Surefire suite","Wed Sep 23 08:18:41 UTC 2026","passed","Wed Sep 23 08:18:43 UTC 2026","testcases.backoffice.currency.GetCurrencyTest","Surefire test","testcases.backoffice.currency.GetCurrencyTest","getCurrencyWithInvalidSortField"
"Mutasi Manual Transfer CS","43157","mutasiManualTransferCS","Surefire suite","Wed Sep 23 10:04:56 UTC 2026","passed","Wed Sep 23 10:05:39 UTC 2026","testcases.mutasi.MutasiTransferTest","Surefire test","testcases.mutasi.MutasiTransferTest","mutasiManualTransferCS"
"List Currency USDT Dengan Body JSON Tidak Valid (Malformed)","1640","getCurrencyWithMalformedJson","Surefire suite","Wed Sep 23 08:18:56 UTC 2026","passed","Wed Sep 23 08:18:58 UTC 2026","testcases.backoffice.currency.GetCurrencyTest","Surefire test","testcases.backoffice.currency.GetCurrencyTest","getCurrencyWithMalformedJson"
"Check Status QR Supervisor","13803","checkStatusQRSupervisor","Surefire suite","Wed Sep 23 08:56:28 UTC 2026","passed","Wed Sep 23 08:56:42 UTC 2026","testcases.QR.CheckStatusQRTest","Surefire test","testcases.QR.CheckStatusQRTest","checkStatusQRSupervisor"
"Get List Favorite Account Dengan Body JSON Tidak Valid (Malformed)","1782","getListFavoriteAccountWithMalformedJson","Surefire suite","Wed Sep 23 10:26:06 UTC 2026","passed","Wed Sep 23 10:26:07 UTC 2026","testcases.settings.favoriteaccount.GetListFavoriteAccountTest","Surefire test","testcases.settings.favoriteaccount.GetListFavoriteAccountTest","getListFavoriteAccountWithMalformedJson"
"Test Approved Manual Transfer","26919","rejectedCashDeposit","Surefire suite","Wed Sep 23 09:20:21 UTC 2026","passed","Wed Sep 23 09:20:48 UTC 2026","testcases.backoffice.ApprovalTransferTest","Surefire test","testcases.backoffice.ApprovalTransferTest","rejectedCashDeposit"
"Mutasi Transfer Supervisor Balance CS","19817","mutasiTransferSupervisorBalanceCS","Surefire suite","Wed Sep 23 10:14:21 UTC 2026","passed","Wed Sep 23 10:14:41 UTC 2026","testcases.mutasi.MutasiTransferTest","Surefire test","testcases.mutasi.MutasiTransferTest","mutasiTransferSupervisorBalanceCS"
"Reset Password Group","6180","resetPasswordGroup","Surefire suite","Wed Sep 23 08:17:54 UTC 2026","passed","Wed Sep 23 08:18:00 UTC 2026","testcases.settings.ResetPasswordTest","Surefire test","testcases.settings.ResetPasswordTest","resetPasswordGroup"
"Add Currency CS Admin Path Dengan Body Berupa JSON Array ([])","5740","addCurrencyWithArrayBody","Surefire suite","Wed Sep 23 09:28:25 UTC 2026","passed","Wed Sep 23 09:28:31 UTC 2026","testcases.backoffice.currency.AddCurrencyTest","Surefire test","testcases.backoffice.currency.AddCurrencyTest","addCurrencyWithArrayBody"
"Inquiry Test Flop Transfer Merchant Supervisor","6120","inquiryFlopTransferSupervisor","Surefire suite","Wed Sep 23 08:18:23 UTC 2026","passed","Wed Sep 23 08:18:29 UTC 2026","testcases.transfer.InquiryFlopTransferTest","Surefire test","testcases.transfer.InquiryFlopTransferTest","inquiryFlopTransferSupervisor"
"Refund Summary Dengan Payload XSS pada Field type","2681","getRefundWithXssType","Surefire suite","Wed Sep 23 08:35:26 UTC 2026","passed","Wed Sep 23 08:35:29 UTC 2026","testcases.backoffice.refund.GetRefundTest","Surefire test","testcases.backoffice.refund.GetRefundTest","getRefundWithXssType"
"Refund Summary Dengan endDate Bukan Format Tanggal","2669","getRefundWithInvalidEndDate","Surefire suite","Wed Sep 23 08:33:23 UTC 2026","passed","Wed Sep 23 08:33:26 UTC 2026","testcases.backoffice.refund.GetRefundTest","Surefire test","testcases.backoffice.refund.GetRefundTest","getRefundWithInvalidEndDate"
"Get History Flop Transfer Test","11341","historyFlopTransferTest","Surefire suite","Wed Sep 23 09:42:58 UTC 2026","passed","Wed Sep 23 09:43:09 UTC 2026","testcases.history.HistoryTransferTest","Surefire test","testcases.history.HistoryTransferTest","historyFlopTransferTest"
"Mutasi Transfer CS","16942","mutasiTransferCS","Surefire suite","Wed Sep 23 10:13:27 UTC 2026","passed","Wed Sep 23 10:13:44 UTC 2026","testcases.mutasi.MutasiTransferTest","Surefire test","testcases.mutasi.MutasiTransferTest","mutasiTransferCS"
"Add Currency CS Admin Path Dengan rate Negatif","1862","addCurrencyWithNegativeRate","Surefire suite","Wed Sep 23 09:31:19 UTC 2026","passed","Wed Sep 23 09:31:21 UTC 2026","testcases.backoffice.currency.AddCurrencyTest","Surefire test","testcases.backoffice.currency.AddCurrencyTest","addCurrencyWithNegativeRate"
"Transfer Different Partner Reference, USDT Transfer to Manual Transfer","51652","trfPartnerRefUSDTFailed","Surefire suite","Wed Sep 23 08:27:52 UTC 2026","passed","Wed Sep 23 08:28:43 UTC 2026","testcases.transfer.ManualTransferTest","Surefire test","testcases.transfer.ManualTransferTest","trfPartnerRefUSDTFailed"
"Delete Manage Settlement BO Menggunakan HTTP Method PATCH","5463","deleteManageSettlementWithPatchMethod","Surefire suite","Wed Sep 23 08:20:29 UTC 2026","passed","Wed Sep 23 08:20:34 UTC 2026","testcases.backoffice.settlement.DeleteManageSettlementTest","Surefire test","testcases.backoffice.settlement.DeleteManageSettlementTest","deleteManageSettlementWithPatchMethod"
"Add Currency USDT Cs Admin","5755","addCurrencyCsAdmin","Surefire suite","Wed Sep 23 09:27:51 UTC 2026","passed","Wed Sep 23 09:27:56 UTC 2026","testcases.backoffice.currency.AddCurrencyTest","Surefire test","testcases.backoffice.currency.AddCurrencyTest","addCurrencyCsAdmin"
"Get Group Backoffice Menggunakan Login Merchant","8455","getGroupWithMerchantLogin","Surefire suite","Wed Sep 23 08:36:47 UTC 2026","passed","Wed Sep 23 08:36:56 UTC 2026","testcases.backoffice.GetDashboardTest","Surefire test","testcases.backoffice.GetDashboardTest","getGroupWithMerchantLogin"
"","5494","listUSDT","Surefire suite","Wed Sep 23 08:17:04 UTC 2026","passed","Wed Sep 23 08:17:09 UTC 2026","testcases.backoffice.ListTransferTest","Surefire test","testcases.backoffice.ListTransferTest","listUSDT"
"Created Favorite Account Dengan Field Tidak Dikenal pada Body","3069","createdFavoriteAccountWithUnknownField","Surefire suite","Wed Sep 23 08:49:59 UTC 2026","passed","Wed Sep 23 08:50:03 UTC 2026","testcases.settings.favoriteaccount.CreatedFavoriteAccountTest","Surefire test","testcases.settings.favoriteaccount.CreatedFavoriteAccountTest","createdFavoriteAccountWithUnknownField"
"Delete Manage Settlement BO Menggunakan Login Admin Crypto","6378","deleteManageSettlementWithAdminCryptoLogin","Surefire suite","Wed Sep 23 08:18:12 UTC 2026","passed","Wed Sep 23 08:18:18 UTC 2026","testcases.backoffice.settlement.DeleteManageSettlementTest","Surefire test","testcases.backoffice.settlement.DeleteManageSettlementTest","deleteManageSettlementWithAdminCryptoLogin"
"Create Manage Settlement BO Dengan Body Kosong ({})","14225","addManageSettlementWithEmptyBody","Surefire suite","Wed Sep 23 08:23:44 UTC 2026","passed","Wed Sep 23 08:23:58 UTC 2026","testcases.backoffice.settlement.AddManageSettlementTest","Surefire test","testcases.backoffice.settlement.AddManageSettlementTest","addManageSettlementWithEmptyBody"
"Refund Summary Menggunakan HTTP Method PUT","1739","getRefundWithPutMethod","Surefire suite","Wed Sep 23 08:34:42 UTC 2026","passed","Wed Sep 23 08:34:43 UTC 2026","testcases.backoffice.refund.GetRefundTest","Surefire test","testcases.backoffice.refund.GetRefundTest","getRefundWithPutMethod"
"Create Manage Settlement BO Ke Path yang Tidak Ada (Typo)","5782","addManageSettlementWithWrongPath","Surefire suite","Wed Sep 23 08:26:56 UTC 2026","passed","Wed Sep 23 08:27:02 UTC 2026","testcases.backoffice.settlement.AddManageSettlementTest","Surefire test","testcases.backoffice.settlement.AddManageSettlementTest","addManageSettlementWithWrongPath"
"Get List Google Authenticator Dengan Ukuran Halaman Sangat Besar","5527","listOtpGoogleWithHugeSize","Surefire suite","Wed Sep 23 08:21:56 UTC 2026","passed","Wed Sep 23 08:22:01 UTC 2026","testcases.backoffice.googleauth.ListOtpGoogleTest","Surefire test","testcases.backoffice.googleauth.ListOtpGoogleTest","listOtpGoogleWithHugeSize"
"Success Login Group","10882","testLoginGroup","Surefire suite","Wed Sep 23 08:17:40 UTC 2026","passed","Wed Sep 23 08:17:51 UTC 2026","testcases.auth.LoginTest","Surefire test","testcases.auth.LoginTest","testLoginGroup"
"Get List Google Authenticator","6966","getListOtpGoogle","Surefire suite","Wed Sep 23 08:20:23 UTC 2026","passed","Wed Sep 23 08:20:30 UTC 2026","testcases.backoffice.googleauth.ListOtpGoogleTest","Surefire test","testcases.backoffice.googleauth.ListOtpGoogleTest","getListOtpGoogle"
"Delete Favorite Account Tanpa Body Sama Sekali","3223","deleteFavoriteAccountWithoutBody","Surefire suite","Wed Sep 23 08:45:53 UTC 2026","passed","Wed Sep 23 08:45:56 UTC 2026","testcases.settings.favoriteaccount.DeleteFavoriteAccountTest","Surefire test","testcases.settings.favoriteaccount.DeleteFavoriteAccountTest","deleteFavoriteAccountWithoutBody"
"Get List Group Backoffice Dengan Karakter SQL Injection pada sort","2767","getListGroupWithSqlInjectionSort","Surefire suite","Wed Sep 23 08:26:36 UTC 2026","passed","Wed Sep 23 08:26:39 UTC 2026","testcases.backoffice.group.GetListGroupTest","Surefire test","testcases.backoffice.group.GetListGroupTest","getListGroupWithSqlInjectionSort"
"Mutasi Transfer Supervisor CS","17579","mutasiTransferSupervisorCS","Surefire suite","Wed Sep 23 10:14:44 UTC 2026","passed","Wed Sep 23 10:15:01 UTC 2026","testcases.mutasi.MutasiTransferTest","Surefire test","testcases.mutasi.MutasiTransferTest","mutasiTransferSupervisorCS"
"Normal Transfer with Account Supervisor","8026","transferSupervisor","Surefire suite","Wed Sep 23 08:18:46 UTC 2026","passed","Wed Sep 23 08:18:54 UTC 2026","testcases.transfer.TransferTest","Surefire test","testcases.transfer.TransferTest","transferSupervisor"
"Transfer Different Parner Reference Supervisor, Manual Transfer to Transfer","52046","trfPartnerRefManualSpvFailed","Surefire suite","Wed Sep 23 08:18:57 UTC 2026","passed","Wed Sep 23 08:19:49 UTC 2026","testcases.transfer.TransferTest","Surefire test","testcases.transfer.TransferTest","trfPartnerRefManualSpvFailed"
"Delete Group Backoffice Dengan Karakter SQL Injection pada id","1863","deleteGroupWithSqlInjectionId","Surefire suite","Wed Sep 23 08:35:15 UTC 2026","passed","Wed Sep 23 08:35:17 UTC 2026","testcases.backoffice.group.DeleteGroupTest","Surefire test","testcases.backoffice.group.DeleteGroupTest","deleteGroupWithSqlInjectionId"
"List Currency USDT Dengan Content-Type text/plain","2837","getCurrencyWithWrongContentType","Surefire suite","Wed Sep 23 08:19:59 UTC 2026","passed","Wed Sep 23 08:20:02 UTC 2026","testcases.backoffice.currency.GetCurrencyTest","Surefire test","testcases.backoffice.currency.GetCurrencyTest","getCurrencyWithWrongContentType"
"Create Manage Settlement BO Dengan Item companyList Tanpa companyId","7097","addManageSettlementWithoutCompanyId","Surefire suite","Wed Sep 23 08:27:28 UTC 2026","passed","Wed Sep 23 08:27:35 UTC 2026","testcases.backoffice.settlement.AddManageSettlementTest","Surefire test","testcases.backoffice.settlement.AddManageSettlementTest","addManageSettlementWithoutCompanyId"
"Normal Transfer USDT Supervisor Success","7471","usdtTransferSupervisor","Surefire suite","Wed Sep 23 08:22:06 UTC 2026","passed","Wed Sep 23 08:22:14 UTC 2026","testcases.transfer.TransferUSDTTest","Surefire test","testcases.transfer.TransferUSDTTest","usdtTransferSupervisor"
"Add Currency CS Admin Path Tanpa Login/Header Auth","2927","addCurrencyWithoutAuth","Surefire suite","Wed Sep 23 09:32:39 UTC 2026","passed","Wed Sep 23 09:32:42 UTC 2026","testcases.backoffice.currency.AddCurrencyTest","Surefire test","testcases.backoffice.currency.AddCurrencyTest","addCurrencyWithoutAuth"
"Delete Manage Settlement BO Dengan Format id Tidak Valid (Bukan ObjectId)","5668","deleteManageSettlementWithMalformedId","Surefire suite","Wed Sep 23 08:19:43 UTC 2026","passed","Wed Sep 23 08:19:49 UTC 2026","testcases.backoffice.settlement.DeleteManageSettlementTest","Surefire test","testcases.backoffice.settlement.DeleteManageSettlementTest","deleteManageSettlementWithMalformedId"
"Created Favorite Account Dengan Token Tidak Valid","1749","createdFavoriteAccountWithInvalidToken","Surefire suite","Wed Sep 23 08:49:29 UTC 2026","passed","Wed Sep 23 08:49:30 UTC 2026","testcases.settings.favoriteaccount.CreatedFavoriteAccountTest","Surefire test","testcases.settings.favoriteaccount.CreatedFavoriteAccountTest","createdFavoriteAccountWithInvalidToken"
"Delete Favorite Account Tanpa Field id","2067","deleteFavoriteAccountWithoutIdField","Surefire suite","Wed Sep 23 08:46:05 UTC 2026","failed","Wed Sep 23 08:46:08 UTC 2026","testcases.settings.favoriteaccount.DeleteFavoriteAccountTest","Surefire test","testcases.settings.favoriteaccount.DeleteFavoriteAccountTest","deleteFavoriteAccountWithoutIdField"
"List Company Backoffice","5357","getListCompany","Surefire suite","Wed Sep 23 08:25:18 UTC 2026","passed","Wed Sep 23 08:25:23 UTC 2026","testcases.backoffice.ListCompanyTest","Surefire test","testcases.backoffice.ListCompanyTest","getListCompany"
"List Company Backoffice Menggunakan Login Supervisor","5359","listCompanyWithSupervisorLogin","Surefire suite","Wed Sep 23 08:27:42 UTC 2026","passed","Wed Sep 23 08:27:47 UTC 2026","testcases.backoffice.ListCompanyTest","Surefire test","testcases.backoffice.ListCompanyTest","listCompanyWithSupervisorLogin"
"Get History USDT Transfer Test","13905","historyUSDTTransferTest","Surefire suite","Wed Sep 23 09:52:21 UTC 2026","passed","Wed Sep 23 09:52:35 UTC 2026","testcases.history.HistoryTransferTest","Surefire test","testcases.history.HistoryTransferTest","historyUSDTTransferTest"
"Create Manage Settlement BO Dengan Token Tidak Valid","1852","addManageSettlementWithInvalidToken","Surefire suite","Wed Sep 23 08:24:44 UTC 2026","passed","Wed Sep 23 08:24:46 UTC 2026","testcases.backoffice.settlement.AddManageSettlementTest","Surefire test","testcases.backoffice.settlement.AddManageSettlementTest","addManageSettlementWithInvalidToken"
"Delete Manage Settlement BO Dengan Token Kadaluarsa","1717","deleteManageSettlementWithExpiredToken","Surefire suite","Wed Sep 23 08:19:19 UTC 2026","passed","Wed Sep 23 08:19:21 UTC 2026","testcases.backoffice.settlement.DeleteManageSettlementTest","Surefire test","testcases.backoffice.settlement.DeleteManageSettlementTest","deleteManageSettlementWithExpiredToken"
"Test Get Report Transfer Merchant","7357","getReportMutationAdmin","Surefire suite","Wed Sep 23 08:17:41 UTC 2026","passed","Wed Sep 23 08:17:48 UTC 2026","testcases.report.ReportTransactionTest","Surefire test","testcases.report.ReportTransactionTest","getReportMutationAdmin"
"Inquiry Favorite Account Dengan Body Berupa Literal null","1897","inquiryFavoriteAccountWithNullLiteralBody","Surefire suite","Wed Sep 23 08:47:25 UTC 2026","passed","Wed Sep 23 08:47:27 UTC 2026","testcases.settings.favoriteaccount.InquiryFavoriteAccountTest","Surefire test","testcases.settings.favoriteaccount.InquiryFavoriteAccountTest","inquiryFavoriteAccountWithNullLiteralBody"
"Add Group Backoffice Dengan name Hanya Spasi","3548","addGroupWithWhitespaceName","Surefire suite","Wed Sep 23 08:40:16 UTC 2026","passed","Wed Sep 23 08:40:20 UTC 2026","testcases.backoffice.group.AddGroupTest","Surefire test","testcases.backoffice.group.AddGroupTest","addGroupWithWhitespaceName"
"Refund Summary Dengan Header Authorization Tanpa Skema Bearer","2902","getRefundWithMalformedAuthorizationHeader","Surefire suite","Wed Sep 23 08:33:48 UTC 2026","passed","Wed Sep 23 08:33:51 UTC 2026","testcases.backoffice.refund.GetRefundTest","Surefire test","testcases.backoffice.refund.GetRefundTest","getRefundWithMalformedAuthorizationHeader"
"Refund Summary Menggunakan Login Supervisor","6265","getRefundWithSupervisorLogin","Surefire suite","Wed Sep 23 08:34:56 UTC 2026","passed","Wed Sep 23 08:35:02 UTC 2026","testcases.backoffice.refund.GetRefundTest","Surefire test","testcases.backoffice.refund.GetRefundTest","getRefundWithSupervisorLogin"
"Get List Group Backoffice Dengan page Negatif","1820","getListGroupWithNegativePage","Surefire suite","Wed Sep 23 08:25:57 UTC 2026","passed","Wed Sep 23 08:25:59 UTC 2026","testcases.backoffice.group.GetListGroupTest","Surefire test","testcases.backoffice.group.GetListGroupTest","getListGroupWithNegativePage"
"Refund Summary Dengan Body JSON Tidak Valid (Malformed)","1826","getRefundWithMalformedJson","Surefire suite","Wed Sep 23 08:33:54 UTC 2026","passed","Wed Sep 23 08:33:55 UTC 2026","testcases.backoffice.refund.GetRefundTest","Surefire test","testcases.backoffice.refund.GetRefundTest","getRefundWithMalformedJson"
"Normal Transfer USDT Success","19218","transfer","Surefire suite","Wed Sep 23 08:34:19 UTC 2026","failed","Wed Sep 23 08:34:38 UTC 2026","testcases.transfer.TransferUSDTTest","Surefire test","testcases.transfer.TransferUSDTTest","transfer"
"Inquiry Test USDT Transfer Admin Crypto","5466","inquiryUSDTAdminCrypto","Surefire suite","Wed Sep 23 08:19:08 UTC 2026","passed","Wed Sep 23 08:19:13 UTC 2026","testcases.transfer.InquiryUSDTTest","Surefire test","testcases.transfer.InquiryUSDTTest","inquiryUSDTAdminCrypto"
"List User Backoffice Dengan Token Tidak Valid","1746","listUsersWithInvalidToken","Surefire suite","Wed Sep 23 08:30:19 UTC 2026","passed","Wed Sep 23 08:30:20 UTC 2026","testcases.backoffice.users.ListUsersTest","Surefire test","testcases.backoffice.users.ListUsersTest","listUsersWithInvalidToken"
"Inquiry Test USDT Transfer Merchant Supervisor","6359","inquiryUSDTSupervisor","Surefire suite","Wed Sep 23 08:22:17 UTC 2026","passed","Wed Sep 23 08:22:23 UTC 2026","testcases.transfer.InquiryUSDTTest","Surefire test","testcases.transfer.InquiryUSDTTest","inquiryUSDTSupervisor"
"Get List Google Authenticator Dengan Token Tidak Valid","1676","listOtpGoogleWithInvalidToken","Surefire suite","Wed Sep 23 08:22:21 UTC 2026","passed","Wed Sep 23 08:22:23 UTC 2026","testcases.backoffice.googleauth.ListOtpGoogleTest","Surefire test","testcases.backoffice.googleauth.ListOtpGoogleTest","listOtpGoogleWithInvalidToken"
"Get List Favorite Account Ke Path yang Tidak Ada (Typo)","2881","getListFavoriteAccountWithWrongPath","Surefire suite","Wed Sep 23 10:27:11 UTC 2026","passed","Wed Sep 23 10:27:14 UTC 2026","testcases.settings.favoriteaccount.GetListFavoriteAccountTest","Surefire test","testcases.settings.favoriteaccount.GetListFavoriteAccountTest","getListFavoriteAccountWithWrongPath"
"Add Group Backoffice Menggunakan Login Merchant","8122","addGroupWithMerchantLogin","Surefire suite","Wed Sep 23 08:39:02 UTC 2026","passed","Wed Sep 23 08:39:10 UTC 2026","testcases.backoffice.group.AddGroupTest","Surefire test","testcases.backoffice.group.AddGroupTest","addGroupWithMerchantLogin"
"Delete Favorite Account Dengan Header credentialId Salah","3348","deleteFavoriteAccountWithWrongCredentialIdHeader","Surefire suite","Wed Sep 23 08:45:30 UTC 2026","failed","Wed Sep 23 08:45:33 UTC 2026","testcases.settings.favoriteaccount.DeleteFavoriteAccountTest","Surefire test","testcases.settings.favoriteaccount.DeleteFavoriteAccountTest","deleteFavoriteAccountWithWrongCredentialIdHeader"
"Get List Google Authenticator Menggunakan Login Supervisor","5343","listOtpGoogleWithSupervisorLogin","Surefire suite","Wed Sep 23 08:24:18 UTC 2026","passed","Wed Sep 23 08:24:24 UTC 2026","testcases.backoffice.googleauth.ListOtpGoogleTest","Surefire test","testcases.backoffice.googleauth.ListOtpGoogleTest","listOtpGoogleWithSupervisorLogin"
"Delete Google Authenticator Tanpa id (Path Kosong)","6470","deleteOtpGoogleWithEmptyId","Surefire suite","Wed Sep 23 08:29:05 UTC 2026","passed","Wed Sep 23 08:29:12 UTC 2026","testcases.backoffice.googleauth.DeleteOtpGoogleTest","Surefire test","testcases.backoffice.googleauth.DeleteOtpGoogleTest","deleteOtpGoogleWithEmptyId"
"Delete Favorite Account Dengan id Sangat Panjang","4232","deleteFavoriteAccountWithVeryLongId","Surefire suite","Wed Sep 23 08:45:13 UTC 2026","failed","Wed Sep 23 08:45:17 UTC 2026","testcases.settings.favoriteaccount.DeleteFavoriteAccountTest","Surefire test","testcases.settings.favoriteaccount.DeleteFavoriteAccountTest","deleteFavoriteAccountWithVeryLongId"
"Get Group Detail Backoffice Dengan Header Authorization Tanpa Skema Bearer","1778","getGroupDetailWithMalformedAuthorizationHeader","Surefire suite","Wed Sep 23 08:21:42 UTC 2026","passed","Wed Sep 23 08:21:44 UTC 2026","testcases.backoffice.group.GetGroupTest","Surefire test","testcases.backoffice.group.GetGroupTest","getGroupDetailWithMalformedAuthorizationHeader"
"Generate QR Success with before and after Balance","16590","generateQRTestPaidBalance","Surefire suite","Wed Sep 23 08:42:04 UTC 2026","passed","Wed Sep 23 08:42:21 UTC 2026","testcases.QR.GenerateQRPaidTest","Surefire test","testcases.QR.GenerateQRPaidTest","generateQRTestPaidBalance"
"Delete Favorite Account Merchant","10103","deleteFavoriteAccount","Surefire suite","Wed Sep 23 08:42:47 UTC 2026","passed","Wed Sep 23 08:42:57 UTC 2026","testcases.settings.favoriteaccount.DeleteFavoriteAccountTest","Surefire test","testcases.settings.favoriteaccount.DeleteFavoriteAccountTest","deleteFavoriteAccount"
"Add Group Backoffice Dengan Token Kadaluarsa","2120","addGroupWithExpiredToken","Surefire suite","Wed Sep 23 08:38:04 UTC 2026","passed","Wed Sep 23 08:38:07 UTC 2026","testcases.backoffice.group.AddGroupTest","Surefire test","testcases.backoffice.group.AddGroupTest","addGroupWithExpiredToken"
"Approval Refund Special Transfer Merchant","16124","approveRefundManualTransferMerchant","Surefire suite","Wed Sep 23 09:10:52 UTC 2026","failed","Wed Sep 23 09:11:08 UTC 2026","testcases.backoffice.ApprovalRefundTest","Surefire test","testcases.backoffice.ApprovalRefundTest","approveRefundManualTransferMerchant"
"Get List Google Authenticator Dengan Body JSON Tidak Valid (Malformed)","5185","listOtpGoogleWithMalformedJson","Surefire suite","Wed Sep 23 08:22:31 UTC 2026","passed","Wed Sep 23 08:22:36 UTC 2026","testcases.backoffice.googleauth.ListOtpGoogleTest","Surefire test","testcases.backoffice.googleauth.ListOtpGoogleTest","listOtpGoogleWithMalformedJson"
"Request Refund Transfer Admin Crypto","5512","refundTransferAdminCrypto","Surefire suite","Wed Sep 23 08:20:03 UTC 2026","failed","Wed Sep 23 08:20:09 UTC 2026","testcases.transfer.RefundTransferTest","Surefire test","testcases.transfer.RefundTransferTest","refundTransferAdminCrypto"
"Delete session Merchant on Backoffice","8978","deleteSessionBackoffice","Surefire suite","Wed Sep 23 08:16:56 UTC 2026","passed","Wed Sep 23 08:17:05 UTC 2026","testcases.backoffice.users.EditUserTest","Surefire test","testcases.backoffice.users.EditUserTest","deleteSessionBackoffice"
"Test Approved Manual Transfer","32914","approvedCashDeposit","Surefire suite","Wed Sep 23 09:11:43 UTC 2026","passed","Wed Sep 23 09:12:16 UTC 2026","testcases.backoffice.ApprovalTransferTest","Surefire test","testcases.backoffice.ApprovalTransferTest","approvedCashDeposit"
"List User Backoffice Tanpa Body Sama Sekali","6868","listUsersWithoutBody","Surefire suite","Wed Sep 23 08:31:27 UTC 2026","passed","Wed Sep 23 08:31:33 UTC 2026","testcases.backoffice.users.ListUsersTest","Surefire test","testcases.backoffice.users.ListUsersTest","listUsersWithoutBody"
"Success Login Merchant","5509","testLoginWithCaptcha","Surefire suite","Wed Sep 23 08:18:54 UTC 2026","passed","Wed Sep 23 08:18:59 UTC 2026","testcases.auth.LoginTest","Surefire test","testcases.auth.LoginTest","testLoginWithCaptcha"
"Get List Group Backoffice Dengan Body Berupa JSON Array ([])","5274","getListGroupWithArrayBody","Surefire suite","Wed Sep 23 08:24:30 UTC 2026","passed","Wed Sep 23 08:24:36 UTC 2026","testcases.backoffice.group.GetListGroupTest","Surefire test","testcases.backoffice.group.GetListGroupTest","getListGroupWithArrayBody"
"List Waiting Company Backoffice Dengan Ukuran Halaman Sangat Besar","5358","listWaitingCompanyWithHugeSize","Surefire suite","Wed Sep 23 08:18:35 UTC 2026","passed","Wed Sep 23 08:18:40 UTC 2026","testcases.backoffice.ListWaitingCompanyTest","Surefire test","testcases.backoffice.ListWaitingCompanyTest","listWaitingCompanyWithHugeSize"
"Delete Group Backoffice Dengan id Valid Tapi name Tidak Cocok","23340","deleteGroupWithMismatchedName","Surefire suite","Wed Sep 23 08:34:30 UTC 2026","passed","Wed Sep 23 08:34:54 UTC 2026","testcases.backoffice.group.DeleteGroupTest","Surefire test","testcases.backoffice.group.DeleteGroupTest","deleteGroupWithMismatchedName"
"Delete Google Authenticator Dengan Token Backoffice Valid Tapi Tanpa Header pbyv","5605","deleteOtpGoogleWithoutPbyvHeader","Surefire suite","Wed Sep 23 08:31:45 UTC 2026","passed","Wed Sep 23 08:31:51 UTC 2026","testcases.backoffice.googleauth.DeleteOtpGoogleTest","Surefire test","testcases.backoffice.googleauth.DeleteOtpGoogleTest","deleteOtpGoogleWithoutPbyvHeader"
"Get List Favorite Account Dengan page Melebihi Total Halaman","1854","getListFavoriteAccountWithPageBeyondTotalPages","Surefire suite","Wed Sep 23 10:26:26 UTC 2026","passed","Wed Sep 23 10:26:27 UTC 2026","testcases.settings.favoriteaccount.GetListFavoriteAccountTest","Surefire test","testcases.settings.favoriteaccount.GetListFavoriteAccountTest","getListFavoriteAccountWithPageBeyondTotalPages"
"Inquiry Favorite Account Dengan Header companyId Salah","1755","inquiryFavoriteAccountWithWrongCompanyIdHeader","Surefire suite","Wed Sep 23 08:47:52 UTC 2026","passed","Wed Sep 23 08:47:54 UTC 2026","testcases.settings.favoriteaccount.InquiryFavoriteAccountTest","Surefire test","testcases.settings.favoriteaccount.InquiryFavoriteAccountTest","inquiryFavoriteAccountWithWrongCompanyIdHeader"
"Delete Group Backoffice Dengan Payload XSS pada name","1728","deleteGroupWithXssName","Surefire suite","Wed Sep 23 08:35:58 UTC 2026","passed","Wed Sep 23 08:35:59 UTC 2026","testcases.backoffice.group.DeleteGroupTest","Surefire test","testcases.backoffice.group.DeleteGroupTest","deleteGroupWithXssName"
"List Waiting Company Backoffice Dengan Field Sort Merujuk ke Kolom yang Tidak Ada","5353","listWaitingCompanyWithInvalidSortField","Surefire suite","Wed Sep 23 08:18:51 UTC 2026","passed","Wed Sep 23 08:18:57 UTC 2026","testcases.backoffice.ListWaitingCompanyTest","Surefire test","testcases.backoffice.ListWaitingCompanyTest","listWaitingCompanyWithInvalidSortField"
"List Company Backoffice Tanpa Body Sama Sekali","7162","listCompanyWithoutBody","Surefire suite","Wed Sep 23 08:28:06 UTC 2026","passed","Wed Sep 23 08:28:13 UTC 2026","testcases.backoffice.ListCompanyTest","Surefire test","testcases.backoffice.ListCompanyTest","listCompanyWithoutBody"
"List Refund Dengan Body JSON Tidak Valid (Malformed)","5809","listRefundWithMalformedJson","Surefire suite","Wed Sep 23 09:37:52 UTC 2026","passed","Wed Sep 23 09:37:58 UTC 2026","testcases.backoffice.ListRefundTest","Surefire test","testcases.backoffice.ListRefundTest","listRefundWithMalformedJson"
"Delete Google Authenticator Menggunakan HTTP Method DELETE","7777","deleteOtpGoogleWithDeleteMethod","Surefire suite","Wed Sep 23 08:28:54 UTC 2026","passed","Wed Sep 23 08:29:02 UTC 2026","testcases.backoffice.googleauth.DeleteOtpGoogleTest","Surefire test","testcases.backoffice.googleauth.DeleteOtpGoogleTest","deleteOtpGoogleWithDeleteMethod"
"List Currency USDT Menggunakan Login Admin","5474","getCurrencyWithAdminLogin","Surefire suite","Wed Sep 23 08:17:35 UTC 2026","passed","Wed Sep 23 08:17:41 UTC 2026","testcases.backoffice.currency.GetCurrencyTest","Surefire test","testcases.backoffice.currency.GetCurrencyTest","getCurrencyWithAdminLogin"
"Inquiry Favorite Account Menggunakan HTTP Method PATCH","1678","inquiryFavoriteAccountWithPatchMethod","Surefire suite","Wed Sep 23 08:47:30 UTC 2026","passed","Wed Sep 23 08:47:32 UTC 2026","testcases.settings.favoriteaccount.InquiryFavoriteAccountTest","Surefire test","testcases.settings.favoriteaccount.InquiryFavoriteAccountTest","inquiryFavoriteAccountWithPatchMethod"
"List Currency USDT Dengan Body Berupa Literal null","1869","getCurrencyWithNullLiteralBody","Surefire suite","Wed Sep 23 08:19:27 UTC 2026","passed","Wed Sep 23 08:19:29 UTC 2026","testcases.backoffice.currency.GetCurrencyTest","Surefire test","testcases.backoffice.currency.GetCurrencyTest","getCurrencyWithNullLiteralBody"
"List Refund Dengan Karakter SQL Injection pada Field Param - Menemukan Bug Internal Server Error","5608","listRefundWithSqlInjectionParam","Surefire suite","Wed Sep 23 09:38:31 UTC 2026","passed","Wed Sep 23 09:38:36 UTC 2026","testcases.backoffice.ListRefundTest","Surefire test","testcases.backoffice.ListRefundTest","listRefundWithSqlInjectionParam"
"Inquiry Favorite Account Dengan Token Tidak Valid","2950","inquiryFavoriteAccountWithInvalidToken","Surefire suite","Wed Sep 23 08:47:03 UTC 2026","passed","Wed Sep 23 08:47:06 UTC 2026","testcases.settings.favoriteaccount.InquiryFavoriteAccountTest","Surefire test","testcases.settings.favoriteaccount.InquiryFavoriteAccountTest","inquiryFavoriteAccountWithInvalidToken"
"Delete Favorite Account Dengan Format id Tidak Valid (Bukan ObjectId)","3515","deleteFavoriteAccountWithInvalidIdFormat","Surefire suite","Wed Sep 23 08:44:01 UTC 2026","failed","Wed Sep 23 08:44:05 UTC 2026","testcases.settings.favoriteaccount.DeleteFavoriteAccountTest","Surefire test","testcases.settings.favoriteaccount.DeleteFavoriteAccountTest","deleteFavoriteAccountWithInvalidIdFormat"
"Get History Manual Transfer Supervisor on Login CS Admin","21103","historyManualTransferSupervisorTestCSAdmin","Surefire suite","Wed Sep 23 09:44:46 UTC 2026","passed","Wed Sep 23 09:45:08 UTC 2026","testcases.history.HistoryTransferTest","Surefire test","testcases.history.HistoryTransferTest","historyManualTransferSupervisorTestCSAdmin"
"Get History USDT Transfer Test Admin","15100","historyUSDTTransferTestFeeAdmin","Surefire suite","Wed Sep 23 09:53:35 UTC 2026","passed","Wed Sep 23 09:53:50 UTC 2026","testcases.history.HistoryTransferTest","Surefire test","testcases.history.HistoryTransferTest","historyUSDTTransferTestFeeAdmin"
"Add Currency CS Admin Path Dengan rate Sangat Besar (Overflow)","1728","addCurrencyWithHugeRate","Surefire suite","Wed Sep 23 09:29:38 UTC 2026","passed","Wed Sep 23 09:29:39 UTC 2026","testcases.backoffice.currency.AddCurrencyTest","Surefire test","testcases.backoffice.currency.AddCurrencyTest","addCurrencyWithHugeRate"
"Normal Transfer USDT Balance Success","11156","usdtTransferBalanceAdminCrypto","Surefire suite","Wed Sep 23 08:18:54 UTC 2026","passed","Wed Sep 23 08:19:05 UTC 2026","testcases.transfer.TransferUSDTTest","Surefire test","testcases.transfer.TransferUSDTTest","usdtTransferBalanceAdminCrypto"
"Created Favorite Account Menggunakan HTTP Method GET","1865","createdFavoriteAccountWithGetMethod","Surefire suite","Wed Sep 23 08:49:24 UTC 2026","passed","Wed Sep 23 08:49:26 UTC 2026","testcases.settings.favoriteaccount.CreatedFavoriteAccountTest","Surefire test","testcases.settings.favoriteaccount.CreatedFavoriteAccountTest","createdFavoriteAccountWithGetMethod"
"Created Favorite Account Dengan Token Valid Tapi Tanpa Header credentialId","2493","createdFavoriteAccountWithoutCredentialIdHeader","Surefire suite","Wed Sep 23 08:50:58 UTC 2026","passed","Wed Sep 23 08:51:00 UTC 2026","testcases.settings.favoriteaccount.CreatedFavoriteAccountTest","Surefire test","testcases.settings.favoriteaccount.CreatedFavoriteAccountTest","createdFavoriteAccountWithoutCredentialIdHeader"
"Get History Transfer Test Admin Crypto","12672","historyTransferTestAdminCrypto","Surefire suite","Wed Sep 23 09:50:48 UTC 2026","passed","Wed Sep 23 09:51:00 UTC 2026","testcases.history.HistoryTransferTest","Surefire test","testcases.history.HistoryTransferTest","historyTransferTestAdminCrypto"
"Created Favorite Account Dengan Body JSON Tidak Valid (Malformed)","2973","createdFavoriteAccountWithMalformedJson","Surefire suite","Wed Sep 23 08:49:39 UTC 2026","passed","Wed Sep 23 08:49:42 UTC 2026","testcases.settings.favoriteaccount.CreatedFavoriteAccountTest","Surefire test","testcases.settings.favoriteaccount.CreatedFavoriteAccountTest","createdFavoriteAccountWithMalformedJson"
"Created Favorite Account Tanpa Field beneficiaryBankCode","2799","createdFavoriteAccountWithoutBeneficiaryBankCodeField","Surefire suite","Wed Sep 23 08:50:47 UTC 2026","passed","Wed Sep 23 08:50:50 UTC 2026","testcases.settings.favoriteaccount.CreatedFavoriteAccountTest","Surefire test","testcases.settings.favoriteaccount.CreatedFavoriteAccountTest","createdFavoriteAccountWithoutBeneficiaryBankCodeField"
"Get List Group Backoffice Menggunakan HTTP Method PATCH","1643","getListGroupWithPatchMethod","Surefire suite","Wed Sep 23 08:26:22 UTC 2026","passed","Wed Sep 23 08:26:24 UTC 2026","testcases.backoffice.group.GetListGroupTest","Surefire test","testcases.backoffice.group.GetListGroupTest","getListGroupWithPatchMethod"
"Normal Transfer USDT Balance Success","13095","transferBalance","Surefire suite","Wed Sep 23 08:34:41 UTC 2026","passed","Wed Sep 23 08:34:55 UTC 2026","testcases.transfer.TransferUSDTTest","Surefire test","testcases.transfer.TransferUSDTTest","transferBalance"
"Delete Google Authenticator Ke Path yang Tidak Ada (Typo)","6514","deleteOtpGoogleWithWrongPath","Surefire suite","Wed Sep 23 08:31:22 UTC 2026","passed","Wed Sep 23 08:31:29 UTC 2026","testcases.backoffice.googleauth.DeleteOtpGoogleTest","Surefire test","testcases.backoffice.googleauth.DeleteOtpGoogleTest","deleteOtpGoogleWithWrongPath"
"List Currency USDT Dengan Body Berupa JSON Array ([])","6236","getCurrencyWithArrayBody","Surefire suite","Wed Sep 23 08:17:44 UTC 2026","passed","Wed Sep 23 08:17:50 UTC 2026","testcases.backoffice.currency.GetCurrencyTest","Surefire test","testcases.backoffice.currency.GetCurrencyTest","getCurrencyWithArrayBody"
"Test Rejected Manual Transfer Supervisor","25395","rejectedCashDepositSupervisor","Surefire suite","Wed Sep 23 09:20:51 UTC 2026","passed","Wed Sep 23 09:21:16 UTC 2026","testcases.backoffice.ApprovalTransferTest","Surefire test","testcases.backoffice.ApprovalTransferTest","rejectedCashDepositSupervisor"
"Created Favorite Account Ke Path yang Tidak Ada (Typo)","2329","createdFavoriteAccountWithWrongPath","Surefire suite","Wed Sep 23 08:50:26 UTC 2026","passed","Wed Sep 23 08:50:28 UTC 2026","testcases.settings.favoriteaccount.CreatedFavoriteAccountTest","Surefire test","testcases.settings.favoriteaccount.CreatedFavoriteAccountTest","createdFavoriteAccountWithWrongPath"
"Add Currency CS Admin Path Tanpa Field rate (Field Lain Saja)","2700","addCurrencyWithMissingRateField","Surefire suite","Wed Sep 23 09:31:13 UTC 2026","passed","Wed Sep 23 09:31:16 UTC 2026","testcases.backoffice.currency.AddCurrencyTest","Surefire test","testcases.backoffice.currency.AddCurrencyTest","addCurrencyWithMissingRateField"
"Approval Refund Transfer Merchant","15207","approveRefundTransferMerchant","Surefire suite","Wed Sep 23 09:11:25 UTC 2026","failed","Wed Sep 23 09:11:40 UTC 2026","testcases.backoffice.ApprovalRefundTest","Surefire test","testcases.backoffice.ApprovalRefundTest","approveRefundTransferMerchant"
"Add Group Backoffice Dengan name Sangat Panjang","1870","addGroupWithVeryLongName","Surefire suite","Wed Sep 23 08:40:11 UTC 2026","passed","Wed Sep 23 08:40:13 UTC 2026","testcases.backoffice.group.AddGroupTest","Surefire test","testcases.backoffice.group.AddGroupTest","addGroupWithVeryLongName"
"Get List Group Backoffice Tanpa Field size","2585","getListGroupWithoutSizeField","Surefire suite","Wed Sep 23 08:27:40 UTC 2026","passed","Wed Sep 23 08:27:43 UTC 2026","testcases.backoffice.group.GetListGroupTest","Surefire test","testcases.backoffice.group.GetListGroupTest","getListGroupWithoutSizeField"
"Get List Google Authenticator Menggunakan HTTP Method DELETE","6329","listOtpGoogleWithDeleteMethod","Surefire suite","Wed Sep 23 08:21:23 UTC 2026","passed","Wed Sep 23 08:21:29 UTC 2026","testcases.backoffice.googleauth.ListOtpGoogleTest","Surefire test","testcases.backoffice.googleauth.ListOtpGoogleTest","listOtpGoogleWithDeleteMethod"
"Get List Google Authenticator Menggunakan Login Admin","8767","listOtpGoogleWithAdminLogin","Surefire suite","Wed Sep 23 08:20:42 UTC 2026","passed","Wed Sep 23 08:20:51 UTC 2026","testcases.backoffice.googleauth.ListOtpGoogleTest","Surefire test","testcases.backoffice.googleauth.ListOtpGoogleTest","listOtpGoogleWithAdminLogin"
"List Refund Menggunakan Login Merchant","6054","listRefundMarketing","Surefire suite","Wed Sep 23 09:36:02 UTC 2026","passed","Wed Sep 23 09:36:09 UTC 2026","testcases.backoffice.ListRefundTest","Surefire test","testcases.backoffice.ListRefundTest","listRefundMarketing"
"Get Dashboard Backoffice Menggunakan Login CS Admin","5522","getDashboardWithCSAdminLogin","Surefire suite","Wed Sep 23 08:35:27 UTC 2026","passed","Wed Sep 23 08:35:33 UTC 2026","testcases.backoffice.GetDashboardTest","Surefire test","testcases.backoffice.GetDashboardTest","getDashboardWithCSAdminLogin"
"Delete Group Backoffice Dengan id Sangat Panjang","1833","deleteGroupWithVeryLongId","Surefire suite","Wed Sep 23 08:35:36 UTC 2026","passed","Wed Sep 23 08:35:38 UTC 2026","testcases.backoffice.group.DeleteGroupTest","Surefire test","testcases.backoffice.group.DeleteGroupTest","deleteGroupWithVeryLongId"
"Delete Group Backoffice Menggunakan Login Marketing","7053","deleteGroupWithMarketingLogin","Surefire suite","Wed Sep 23 08:34:11 UTC 2026","passed","Wed Sep 23 08:34:19 UTC 2026","testcases.backoffice.group.DeleteGroupTest","Surefire test","testcases.backoffice.group.DeleteGroupTest","deleteGroupWithMarketingLogin"
"Get Dashboard Backoffice Menggunakan Login Marketing","7112","getDashboardWithMarketingLogin","Surefire suite","Wed Sep 23 08:35:50 UTC 2026","passed","Wed Sep 23 08:35:57 UTC 2026","testcases.backoffice.GetDashboardTest","Surefire test","testcases.backoffice.GetDashboardTest","getDashboardWithMarketingLogin"
"Create Manage Settlement BO Dengan groupName Berupa null","5267","addManageSettlementWithNullGroupName","Surefire suite","Wed Sep 23 08:25:39 UTC 2026","passed","Wed Sep 23 08:25:44 UTC 2026","testcases.backoffice.settlement.AddManageSettlementTest","Surefire test","testcases.backoffice.settlement.AddManageSettlementTest","addManageSettlementWithNullGroupName"
"Get List Group Company BO Menggunakan HTTP Method PUT","6074","getListGroupCompanyWithPutMethod","Surefire suite","Wed Sep 23 08:30:16 UTC 2026","passed","Wed Sep 23 08:30:22 UTC 2026","testcases.backoffice.settlement.GetListGroupCompanyTest","Surefire test","testcases.backoffice.settlement.GetListGroupCompanyTest","getListGroupCompanyWithPutMethod"
"Get List Group Backoffice Dengan size 0","1835","getListGroupWithZeroSize","Surefire suite","Wed Sep 23 08:27:13 UTC 2026","passed","Wed Sep 23 08:27:15 UTC 2026","testcases.backoffice.group.GetListGroupTest","Surefire test","testcases.backoffice.group.GetListGroupTest","getListGroupWithZeroSize"
"Add Currency CS Admin Path Dengan rate Berupa JSON Array","1956","addCurrencyWithArrayRate","Surefire suite","Wed Sep 23 09:28:34 UTC 2026","passed","Wed Sep 23 09:28:36 UTC 2026","testcases.backoffice.currency.AddCurrencyTest","Surefire test","testcases.backoffice.currency.AddCurrencyTest","addCurrencyWithArrayRate"
"Get List Favorite Account Menggunakan HTTP Method PATCH","3720","getListFavoriteAccountWithPatchMethod","Surefire suite","Wed Sep 23 10:26:30 UTC 2026","passed","Wed Sep 23 10:26:34 UTC 2026","testcases.settings.favoriteaccount.GetListFavoriteAccountTest","Surefire test","testcases.settings.favoriteaccount.GetListFavoriteAccountTest","getListFavoriteAccountWithPatchMethod"
"Get List Group","5474","getListGroup","Surefire suite","Wed Sep 23 08:24:05 UTC 2026","passed","Wed Sep 23 08:24:10 UTC 2026","testcases.backoffice.group.GetListGroupTest","Surefire test","testcases.backoffice.group.GetListGroupTest","getListGroup"
"Delete Group Backoffice Tanpa Login/Header Auth","1846","deleteGroupWithoutAuth","Surefire suite","Wed Sep 23 08:36:02 UTC 2026","passed","Wed Sep 23 08:36:04 UTC 2026","testcases.backoffice.group.DeleteGroupTest","Surefire test","testcases.backoffice.group.DeleteGroupTest","deleteGroupWithoutAuth"
"Get List Google Authenticator Dengan Body Berupa Literal null","30331","listOtpGoogleWithNullLiteralBody","Surefire suite","Wed Sep 23 08:23:15 UTC 2026","passed","Wed Sep 23 08:23:45 UTC 2026","testcases.backoffice.googleauth.ListOtpGoogleTest","Surefire test","testcases.backoffice.googleauth.ListOtpGoogleTest","listOtpGoogleWithNullLiteralBody"
"Get List Group Backoffice Dengan Content-Type text/plain","2596","getListGroupWithWrongContentType","Surefire suite","Wed Sep 23 08:26:58 UTC 2026","passed","Wed Sep 23 08:27:00 UTC 2026","testcases.backoffice.group.GetListGroupTest","Surefire test","testcases.backoffice.group.GetListGroupTest","getListGroupWithWrongContentType"
"Transfer Different Partner Reference, Transfer to Manual Transfer","53058","trfPartnerRefTransferFailed","Surefire suite","Wed Sep 23 08:26:55 UTC 2026","failed","Wed Sep 23 08:27:49 UTC 2026","testcases.transfer.ManualTransferTest","Surefire test","testcases.transfer.ManualTransferTest","trfPartnerRefTransferFailed"
"Get Detail User Backoffice Dengan User Id yang Tidak Ada","5446","getUsersWithNonExistentId","Surefire suite","Wed Sep 23 08:28:58 UTC 2026","passed","Wed Sep 23 08:29:04 UTC 2026","testcases.backoffice.users.ListUsersTest","Surefire test","testcases.backoffice.users.ListUsersTest","getUsersWithNonExistentId"
"Add Currency CS Admin Path Menggunakan HTTP Method DELETE","1714","addCurrencyWithDeleteMethod","Surefire suite","Wed Sep 23 09:29:07 UTC 2026","passed","Wed Sep 23 09:29:09 UTC 2026","testcases.backoffice.currency.AddCurrencyTest","Surefire test","testcases.backoffice.currency.AddCurrencyTest","addCurrencyWithDeleteMethod"
"Refund Summary Menggunakan Login Admin Crypto","7871","getRefundWithAdminCryptoLogin","Surefire suite","Wed Sep 23 08:32:02 UTC 2026","passed","Wed Sep 23 08:32:10 UTC 2026","testcases.backoffice.refund.GetRefundTest","Surefire test","testcases.backoffice.refund.GetRefundTest","getRefundWithAdminCryptoLogin"
"Inquiry Favorite Account Tanpa Body Sama Sekali","1923","inquiryFavoriteAccountWithoutBody","Surefire suite","Wed Sep 23 08:48:29 UTC 2026","passed","Wed Sep 23 08:48:31 UTC 2026","testcases.settings.favoriteaccount.InquiryFavoriteAccountTest","Surefire test","testcases.settings.favoriteaccount.InquiryFavoriteAccountTest","inquiryFavoriteAccountWithoutBody"
"Add Currency CS Admin Path Dengan Field rate Bernilai null","1944","addCurrencyWithNullRate","Surefire suite","Wed Sep 23 09:31:29 UTC 2026","passed","Wed Sep 23 09:31:31 UTC 2026","testcases.backoffice.currency.AddCurrencyTest","Surefire test","testcases.backoffice.currency.AddCurrencyTest","addCurrencyWithNullRate"
"","5521","listSettlement","Surefire suite","Wed Sep 23 08:31:36 UTC 2026","passed","Wed Sep 23 08:31:42 UTC 2026","testcases.backoffice.ListTransferTest","Surefire test","testcases.backoffice.ListTransferTest","listSettlement"
"Get List Group Backoffice Dengan Body JSON Tidak Valid (Malformed)","1606","getListGroupWithMalformedJson","Surefire suite","Wed Sep 23 08:25:35 UTC 2026","passed","Wed Sep 23 08:25:37 UTC 2026","testcases.backoffice.group.GetListGroupTest","Surefire test","testcases.backoffice.group.GetListGroupTest","getListGroupWithMalformedJson"
"Add Group Backoffice Dengan name String Kosong","1918","addGroupWithEmptyName","Surefire suite","Wed Sep 23 08:38:00 UTC 2026","passed","Wed Sep 23 08:38:01 UTC 2026","testcases.backoffice.group.AddGroupTest","Surefire test","testcases.backoffice.group.AddGroupTest","addGroupWithEmptyName"
"Transfer with Wrong Pin","61383","transferWrongPin","Surefire suite","Wed Sep 23 08:34:58 UTC 2026","passed","Wed Sep 23 08:35:59 UTC 2026","testcases.transfer.TransferUSDTTest","Surefire test","testcases.transfer.TransferUSDTTest","transferWrongPin"
"Create Manage Settlement BO Dengan Body Berupa Literal null","5720","addManageSettlementWithNullLiteralBody","Surefire suite","Wed Sep 23 08:25:47 UTC 2026","passed","Wed Sep 23 08:25:53 UTC 2026","testcases.backoffice.settlement.AddManageSettlementTest","Surefire test","testcases.backoffice.settlement.AddManageSettlementTest","addManageSettlementWithNullLiteralBody"
"Get Detail Waiting Company Backoffice Dengan Format Id Tidak Valid (Bukan ObjectId)","5348","getDetailWaitingCompanyWithMalformedId","Surefire suite","Wed Sep 23 08:32:59 UTC 2026","passed","Wed Sep 23 08:33:04 UTC 2026","testcases.backoffice.GetDetailWaitingCompanyTest","Surefire test","testcases.backoffice.GetDetailWaitingCompanyTest","getDetailWaitingCompanyWithMalformedId"
"Get History QR CS Success Paid","13690","historyQRTestPaidCS","Surefire suite","Wed Sep 23 08:54:04 UTC 2026","passed","Wed Sep 23 08:54:18 UTC 2026","testcases.history.HistoryQRTest","Surefire test","testcases.history.HistoryQRTest","historyQRTestPaidCS"
"Get Detail User Backoffice Dengan Token Tidak Valid","1840","getUsersWithInvalidToken","Surefire suite","Wed Sep 23 08:28:35 UTC 2026","passed","Wed Sep 23 08:28:36 UTC 2026","testcases.backoffice.users.ListUsersTest","Surefire test","testcases.backoffice.users.ListUsersTest","getUsersWithInvalidToken"
"Test Approved USDT Supervisor","21578","approvedUSDTSupervisor","Surefire suite","Wed Sep 23 09:17:29 UTC 2026","passed","Wed Sep 23 09:17:51 UTC 2026","testcases.backoffice.ApprovalTransferTest","Surefire test","testcases.backoffice.ApprovalTransferTest","approvedUSDTSupervisor"
"","14368","getCompanyDetail","Surefire suite","Wed Sep 23 08:59:39 UTC 2026","passed","Wed Sep 23 08:59:54 UTC 2026","testcases.backoffice.CheckCompanyDetailTest","Surefire test","testcases.backoffice.CheckCompanyDetailTest","getCompanyDetail"
"Create Manage Settlement BO Tanpa Field companyList","5428","addManageSettlementWithoutCompanyList","Surefire suite","Wed Sep 23 08:27:38 UTC 2026","passed","Wed Sep 23 08:27:44 UTC 2026","testcases.backoffice.settlement.AddManageSettlementTest","Surefire test","testcases.backoffice.settlement.AddManageSettlementTest","addManageSettlementWithoutCompanyList"
"Get History USDT Transfer Test Supervisor","14409","historyUSDTTransferTestSupervisor","Surefire suite","Wed Sep 23 09:53:53 UTC 2026","passed","Wed Sep 23 09:54:08 UTC 2026","testcases.history.HistoryTransferTest","Surefire test","testcases.history.HistoryTransferTest","historyUSDTTransferTestSupervisor"
"Get List Group Backoffice Dengan enablePage Bertipe String","1784","getListGroupWithEnablePageAsString","Surefire suite","Wed Sep 23 08:25:07 UTC 2026","passed","Wed Sep 23 08:25:09 UTC 2026","testcases.backoffice.group.GetListGroupTest","Surefire test","testcases.backoffice.group.GetListGroupTest","getListGroupWithEnablePageAsString"
"Inquiry Favorite Account CS","16395","inquiryFavoriteAccountCS","Surefire suite","Wed Sep 23 09:04:53 UTC 2026","passed","Wed Sep 23 09:05:09 UTC 2026","testcases.settings.favoriteaccount.InquiryFavoriteAccountTest","Surefire test","testcases.settings.favoriteaccount.InquiryFavoriteAccountTest","inquiryFavoriteAccountCS"
"List Waiting Company Backoffice Dengan Page/Size Negatif","5302","listWaitingCompanyWithNegativePageSize","Surefire suite","Wed Sep 23 08:19:34 UTC 2026","passed","Wed Sep 23 08:19:39 UTC 2026","testcases.backoffice.ListWaitingCompanyTest","Surefire test","testcases.backoffice.ListWaitingCompanyTest","listWaitingCompanyWithNegativePageSize"
"Inquiry Favorite Account Dengan Body Kosong ({})","2050","inquiryFavoriteAccountWithEmptyBody","Surefire suite","Wed Sep 23 08:46:48 UTC 2026","passed","Wed Sep 23 08:46:50 UTC 2026","testcases.settings.favoriteaccount.InquiryFavoriteAccountTest","Surefire test","testcases.settings.favoriteaccount.InquiryFavoriteAccountTest","inquiryFavoriteAccountWithEmptyBody"
"Request Refund Transfer CS","8886","refundTransferCS","Surefire suite","Wed Sep 23 08:17:33 UTC 2026","passed","Wed Sep 23 08:17:42 UTC 2026","testcases.transfer.RefundTransferTest","Surefire test","testcases.transfer.RefundTransferTest","refundTransferCS"
"Get List Favorite Account Dengan Field Tidak Dikenal pada Body","1935","getListFavoriteAccountWithUnknownField","Surefire suite","Wed Sep 23 10:26:53 UTC 2026","passed","Wed Sep 23 10:26:55 UTC 2026","testcases.settings.favoriteaccount.GetListFavoriteAccountTest","Surefire test","testcases.settings.favoriteaccount.GetListFavoriteAccountTest","getListFavoriteAccountWithUnknownField"
"Delete Google Authenticator Menggunakan Login CS Admin","5842","deleteOtpGoogleWithCSAdminLogin","Surefire suite","Wed Sep 23 08:28:32 UTC 2026","passed","Wed Sep 23 08:28:38 UTC 2026","testcases.backoffice.googleauth.DeleteOtpGoogleTest","Surefire test","testcases.backoffice.googleauth.DeleteOtpGoogleTest","deleteOtpGoogleWithCSAdminLogin"
"Add Currency CS Admin Path Dengan Karakter SQL Injection pada rate","1998","addCurrencyWithSqlInjectionRate","Surefire suite","Wed Sep 23 09:31:51 UTC 2026","passed","Wed Sep 23 09:31:53 UTC 2026","testcases.backoffice.currency.AddCurrencyTest","Surefire test","testcases.backoffice.currency.AddCurrencyTest","addCurrencyWithSqlInjectionRate"
"Get List Google Authenticator Menggunakan Login Customer Service","7698","listOtpGoogleWithCSLogin","Surefire suite","Wed Sep 23 08:21:12 UTC 2026","passed","Wed Sep 23 08:21:20 UTC 2026","testcases.backoffice.googleauth.ListOtpGoogleTest","Surefire test","testcases.backoffice.googleauth.ListOtpGoogleTest","listOtpGoogleWithCSLogin"
"Delete Favorite Account Dengan Karakter SQL Injection pada id","1904","deleteFavoriteAccountWithSqlInjectionId","Surefire suite","Wed Sep 23 08:44:57 UTC 2026","failed","Wed Sep 23 08:44:59 UTC 2026","testcases.settings.favoriteaccount.DeleteFavoriteAccountTest","Surefire test","testcases.settings.favoriteaccount.DeleteFavoriteAccountTest","deleteFavoriteAccountWithSqlInjectionId"
"List Currency USDT Menggunakan Login Admin Crypto","5309","getCurrencyWithAdminCryptoLogin","Surefire suite","Wed Sep 23 08:17:27 UTC 2026","passed","Wed Sep 23 08:17:32 UTC 2026","testcases.backoffice.currency.GetCurrencyTest","Surefire test","testcases.backoffice.currency.GetCurrencyTest","getCurrencyWithAdminCryptoLogin"
"List Company Backoffice Dengan Body Kosong ({})","5552","listCompanyWithEmptyBody","Surefire suite","Wed Sep 23 08:25:55 UTC 2026","passed","Wed Sep 23 08:26:01 UTC 2026","testcases.backoffice.ListCompanyTest","Surefire test","testcases.backoffice.ListCompanyTest","listCompanyWithEmptyBody"
"Add Group Backoffice","6093","addGroupBO","Surefire suite","Wed Sep 23 08:36:29 UTC 2026","passed","Wed Sep 23 08:36:35 UTC 2026","testcases.backoffice.group.AddGroupTest","Surefire test","testcases.backoffice.group.AddGroupTest","addGroupBO"
"Create Manage Settlement BO Menggunakan Login Merchant","5404","addManageSettlementWithMerchantLogin","Surefire suite","Wed Sep 23 08:25:22 UTC 2026","passed","Wed Sep 23 08:25:27 UTC 2026","testcases.backoffice.settlement.AddManageSettlementTest","Surefire test","testcases.backoffice.settlement.AddManageSettlementTest","addManageSettlementWithMerchantLogin"
"Delete Google Authenticator Dengan id Berisi Spasi","7327","deleteOtpGoogleWithWhitespaceId","Surefire suite","Wed Sep 23 08:31:12 UTC 2026","passed","Wed Sep 23 08:31:19 UTC 2026","testcases.backoffice.googleauth.DeleteOtpGoogleTest","Surefire test","testcases.backoffice.googleauth.DeleteOtpGoogleTest","deleteOtpGoogleWithWhitespaceId"
"Login Merchant tanpa Parameter Username","5093","testLoginMissingUsernameParam","Surefire suite","Wed Sep 23 08:18:17 UTC 2026","passed","Wed Sep 23 08:18:22 UTC 2026","testcases.auth.LoginTest","Surefire test","testcases.auth.LoginTest","testLoginMissingUsernameParam"
"List Currency USDT Dengan Header Authorization Tanpa Skema Bearer","1612","getCurrencyWithMalformedAuthorizationHeader","Surefire suite","Wed Sep 23 08:18:52 UTC 2026","passed","Wed Sep 23 08:18:53 UTC 2026","testcases.backoffice.currency.GetCurrencyTest","Surefire test","testcases.backoffice.currency.GetCurrencyTest","getCurrencyWithMalformedAuthorizationHeader"
"Get History Special Transfer Test Fee Admin","18965","historySpecialTransferTestFeeAdmin","Surefire suite","Wed Sep 23 09:48:53 UTC 2026","passed","Wed Sep 23 09:49:12 UTC 2026","testcases.history.HistoryTransferTest","Surefire test","testcases.history.HistoryTransferTest","historySpecialTransferTestFeeAdmin"
"Get Group Detail Backoffice Dengan Token Kadaluarsa","1710","getGroupDetailWithExpiredToken","Surefire suite","Wed Sep 23 08:21:16 UTC 2026","passed","Wed Sep 23 08:21:17 UTC 2026","testcases.backoffice.group.GetGroupTest","Surefire test","testcases.backoffice.group.GetGroupTest","getGroupDetailWithExpiredToken"
"Mutasi USDT Transfer Supervisor","38356","mutasiUSDTTransferSupervisor","Surefire suite","Wed Sep 23 10:19:08 UTC 2026","passed","Wed Sep 23 10:19:46 UTC 2026","testcases.mutasi.MutasiTransferTest","Surefire test","testcases.mutasi.MutasiTransferTest","mutasiUSDTTransferSupervisor"
"Inquiry Test Transfer Merchant Supervisor","6160","inquiryTransferSupervisor","Surefire suite","Wed Sep 23 08:21:57 UTC 2026","passed","Wed Sep 23 08:22:03 UTC 2026","testcases.transfer.InquiryTransferTest","Surefire test","testcases.transfer.InquiryTransferTest","inquiryTransferSupervisor"
"Create Manage Settlement BO Dengan Payload XSS pada companyName","7270","addManageSettlementWithXssCompanyName","Surefire suite","Wed Sep 23 08:27:05 UTC 2026","passed","Wed Sep 23 08:27:12 UTC 2026","testcases.backoffice.settlement.AddManageSettlementTest","Surefire test","testcases.backoffice.settlement.AddManageSettlementTest","addManageSettlementWithXssCompanyName"
"Inquiry Favorite Account Dengan beneficiaryAccountNo String Kosong","2879","inquiryFavoriteAccountWithEmptyBeneficiaryAccountNo","Surefire suite","Wed Sep 23 08:46:43 UTC 2026","passed","Wed Sep 23 08:46:45 UTC 2026","testcases.settings.favoriteaccount.InquiryFavoriteAccountTest","Surefire test","testcases.settings.favoriteaccount.InquiryFavoriteAccountTest","inquiryFavoriteAccountWithEmptyBeneficiaryAccountNo"
"Success Login Marketing","3509","testLoginMarketing","Surefire suite","Wed Sep 23 08:18:16 UTC 2026","passed","Wed Sep 23 08:18:19 UTC 2026","testcases.auth.LoginTest","Surefire test","testcases.auth.LoginTest","testLoginMarketing"
"Delete Group Backoffice Dengan Token Tidak Valid","1836","deleteGroupWithInvalidToken","Surefire suite","Wed Sep 23 08:33:57 UTC 2026","passed","Wed Sep 23 08:33:59 UTC 2026","testcases.backoffice.group.DeleteGroupTest","Surefire test","testcases.backoffice.group.DeleteGroupTest","deleteGroupWithInvalidToken"
"List Company Backoffice Dengan Token Tidak Valid","2735","listCompanyWithInvalidToken","Surefire suite","Wed Sep 23 08:26:46 UTC 2026","passed","Wed Sep 23 08:26:49 UTC 2026","testcases.backoffice.ListCompanyTest","Surefire test","testcases.backoffice.ListCompanyTest","listCompanyWithInvalidToken"
"Normal Transfer Success","9061","transfer","Surefire suite","Wed Sep 23 08:29:35 UTC 2026","passed","Wed Sep 23 08:29:44 UTC 2026","testcases.transfer.TransferTest","Surefire test","testcases.transfer.TransferTest","transfer"
"Inquiry Favorite Account Dengan Body Berupa JSON Array ([])","7620","inquiryFavoriteAccountWithArrayBody","Surefire suite","Wed Sep 23 08:46:27 UTC 2026","passed","Wed Sep 23 08:46:35 UTC 2026","testcases.settings.favoriteaccount.InquiryFavoriteAccountTest","Surefire test","testcases.settings.favoriteaccount.InquiryFavoriteAccountTest","inquiryFavoriteAccountWithArrayBody"
"Add Group Backoffice Dengan Nama Sama Namun Beda Kapitalisasi","3596","addGroupWithDuplicateNameDifferentCase","Surefire suite","Wed Sep 23 08:37:32 UTC 2026","passed","Wed Sep 23 08:37:35 UTC 2026","testcases.backoffice.group.AddGroupTest","Surefire test","testcases.backoffice.group.AddGroupTest","addGroupWithDuplicateNameDifferentCase"
"Get List Group Backoffice Menggunakan HTTP Method PUT","1583","getListGroupWithPutMethod","Surefire suite","Wed Sep 23 08:26:27 UTC 2026","passed","Wed Sep 23 08:26:29 UTC 2026","testcases.backoffice.group.GetListGroupTest","Surefire test","testcases.backoffice.group.GetListGroupTest","getListGroupWithPutMethod"
"Created Favorite Account Tanpa Login/Header Auth","1579","createdFavoriteAccountWithoutAuth","Surefire suite","Wed Sep 23 08:50:37 UTC 2026","passed","Wed Sep 23 08:50:39 UTC 2026","testcases.settings.favoriteaccount.CreatedFavoriteAccountTest","Surefire test","testcases.settings.favoriteaccount.CreatedFavoriteAccountTest","createdFavoriteAccountWithoutAuth"
"Get List Group Backoffice Menggunakan Login Marketing","5365","getListGroupWithMarketingLogin","Surefire suite","Wed Sep 23 08:25:40 UTC 2026","passed","Wed Sep 23 08:25:45 UTC 2026","testcases.backoffice.group.GetListGroupTest","Surefire test","testcases.backoffice.group.GetListGroupTest","getListGroupWithMarketingLogin"
"Add Group Backoffice Menggunakan Login Marketing","8918","addGroupWithMarketingLogin","Surefire suite","Wed Sep 23 08:38:50 UTC 2026","passed","Wed Sep 23 08:38:59 UTC 2026","testcases.backoffice.group.AddGroupTest","Surefire test","testcases.backoffice.group.AddGroupTest","addGroupWithMarketingLogin"
"List Currency USDT Menggunakan HTTP Method PATCH","1780","getCurrencyWithPatchMethod","Surefire suite","Wed Sep 23 08:19:32 UTC 2026","passed","Wed Sep 23 08:19:33 UTC 2026","testcases.backoffice.currency.GetCurrencyTest","Surefire test","testcases.backoffice.currency.GetCurrencyTest","getCurrencyWithPatchMethod"
"Inquiry Favorite Account Dengan Token Valid Tapi Tanpa Header credentialId","1877","inquiryFavoriteAccountWithoutCredentialIdHeader","Surefire suite","Wed Sep 23 08:48:34 UTC 2026","passed","Wed Sep 23 08:48:36 UTC 2026","testcases.settings.favoriteaccount.InquiryFavoriteAccountTest","Surefire test","testcases.settings.favoriteaccount.InquiryFavoriteAccountTest","inquiryFavoriteAccountWithoutCredentialIdHeader"
"Delete Group Backoffice Dengan id String Kosong","1888","deleteGroupWithEmptyId","Surefire suite","Wed Sep 23 08:33:25 UTC 2026","passed","Wed Sep 23 08:33:27 UTC 2026","testcases.backoffice.group.DeleteGroupTest","Surefire test","testcases.backoffice.group.DeleteGroupTest","deleteGroupWithEmptyId"
"Create Manage Settlement BO Menggunakan HTTP Method PATCH","5644","addManageSettlementWithPatchMethod","Surefire suite","Wed Sep 23 08:26:05 UTC 2026","passed","Wed Sep 23 08:26:11 UTC 2026","testcases.backoffice.settlement.AddManageSettlementTest","Surefire test","testcases.backoffice.settlement.AddManageSettlementTest","addManageSettlementWithPatchMethod"
"Refund Summary Dengan Content-Type text/plain","1832","getRefundWithWrongContentType","Surefire suite","Wed Sep 23 08:35:10 UTC 2026","passed","Wed Sep 23 08:35:12 UTC 2026","testcases.backoffice.refund.GetRefundTest","Surefire test","testcases.backoffice.refund.GetRefundTest","getRefundWithWrongContentType"
"Transfer Different Partner Reference, Manual Transfer to Transfer","54373","trfPartnerRefManualFailed","Surefire suite","Wed Sep 23 08:21:23 UTC 2026","failed","Wed Sep 23 08:22:18 UTC 2026","testcases.transfer.SpecialTransferTest","Surefire test","testcases.transfer.SpecialTransferTest","trfPartnerRefManualFailed"
"Get Detail Waiting Company Backoffice Menggunakan Login Supervisor","5770","getDetailWaitingCompanyWithSupervisorLogin","Surefire suite","Wed Sep 23 08:34:27 UTC 2026","passed","Wed Sep 23 08:34:33 UTC 2026","testcases.backoffice.GetDetailWaitingCompanyTest","Surefire test","testcases.backoffice.GetDetailWaitingCompanyTest","getDetailWaitingCompanyWithSupervisorLogin"
"Inquiry Favorite Account Dengan Header credentialId Salah","2965","inquiryFavoriteAccountWithWrongCredentialIdHeader","Surefire suite","Wed Sep 23 08:48:02 UTC 2026","passed","Wed Sep 23 08:48:05 UTC 2026","testcases.settings.favoriteaccount.InquiryFavoriteAccountTest","Surefire test","testcases.settings.favoriteaccount.InquiryFavoriteAccountTest","inquiryFavoriteAccountWithWrongCredentialIdHeader"
"Delete Manage Settlement BO Dengan id Milik Entitas Lain (Group Id)","5306","deleteManageSettlementWithForeignEntityId","Surefire suite","Wed Sep 23 08:19:24 UTC 2026","passed","Wed Sep 23 08:19:29 UTC 2026","testcases.backoffice.settlement.DeleteManageSettlementTest","Surefire test","testcases.backoffice.settlement.DeleteManageSettlementTest","deleteManageSettlementWithForeignEntityId"
"Get List Group Company BO Ke Path yang Tidak Ada (Typo)","6585","getListGroupCompanyWithWrongPath","Surefire suite","Wed Sep 23 08:30:54 UTC 2026","passed","Wed Sep 23 08:31:01 UTC 2026","testcases.backoffice.settlement.GetListGroupCompanyTest","Surefire test","testcases.backoffice.settlement.GetListGroupCompanyTest","getListGroupCompanyWithWrongPath"
"Check Status QR CS","17271","checkStatusQRCS","Surefire suite","Wed Sep 23 08:56:08 UTC 2026","passed","Wed Sep 23 08:56:25 UTC 2026","testcases.QR.CheckStatusQRTest","Surefire test","testcases.QR.CheckStatusQRTest","checkStatusQRCS"
"List User Backoffice Dengan Ukuran Halaman Sangat Besar","6192","listUsersWithHugeSize","Surefire suite","Wed Sep 23 08:29:52 UTC 2026","passed","Wed Sep 23 08:29:58 UTC 2026","testcases.backoffice.users.ListUsersTest","Surefire test","testcases.backoffice.users.ListUsersTest","listUsersWithHugeSize"
"Inquiry Favorite Account Dengan Token Kadaluarsa","1926","inquiryFavoriteAccountWithExpiredToken","Surefire suite","Wed Sep 23 08:46:53 UTC 2026","passed","Wed Sep 23 08:46:55 UTC 2026","testcases.settings.favoriteaccount.InquiryFavoriteAccountTest","Surefire test","testcases.settings.favoriteaccount.InquiryFavoriteAccountTest","inquiryFavoriteAccountWithExpiredToken"
"Get History Transfer Test CS","17509","historyTransferTestCS","Surefire suite","Wed Sep 23 09:51:03 UTC 2026","passed","Wed Sep 23 09:51:21 UTC 2026","testcases.history.HistoryTransferTest","Surefire test","testcases.history.HistoryTransferTest","historyTransferTestCS"
"Add Group Backoffice Dengan feePlatformPercent Bertipe String","1893","addGroupWithFeeAsString","Surefire suite","Wed Sep 23 08:38:10 UTC 2026","passed","Wed Sep 23 08:38:11 UTC 2026","testcases.backoffice.group.AddGroupTest","Surefire test","testcases.backoffice.group.AddGroupTest","addGroupWithFeeAsString"
"Add Group Backoffice Tanpa Body Sama Sekali","1615","addGroupWithoutBody","Surefire suite","Wed Sep 23 08:40:53 UTC 2026","passed","Wed Sep 23 08:40:55 UTC 2026","testcases.backoffice.group.AddGroupTest","Surefire test","testcases.backoffice.group.AddGroupTest","addGroupWithoutBody"
"Approval Refund Special Transfer Merchant","10819","approveRefundSpecialTransferMerchant","Surefire suite","Wed Sep 23 09:11:11 UTC 2026","failed","Wed Sep 23 09:11:22 UTC 2026","testcases.backoffice.ApprovalRefundTest","Surefire test","testcases.backoffice.ApprovalRefundTest","approveRefundSpecialTransferMerchant"
"Mutasi Special Transfer Balance Supervisor CS","39734","mutasiSpecialTransferBalanceSupervisorCS","Surefire suite","Wed Sep 23 10:09:53 UTC 2026","passed","Wed Sep 23 10:10:32 UTC 2026","testcases.mutasi.MutasiTransferTest","Surefire test","testcases.mutasi.MutasiTransferTest","mutasiSpecialTransferBalanceSupervisorCS"
"Add Currency CS Admin Path Menggunakan HTTP Method GET","1976","addCurrencyWithGetMethod","Surefire suite","Wed Sep 23 09:29:33 UTC 2026","passed","Wed Sep 23 09:29:35 UTC 2026","testcases.backoffice.currency.AddCurrencyTest","Surefire test","testcases.backoffice.currency.AddCurrencyTest","addCurrencyWithGetMethod"
"Get List Google Authenticator Menggunakan HTTP Method PUT","6251","listOtpGoogleWithPutMethod","Surefire suite","Wed Sep 23 08:23:59 UTC 2026","passed","Wed Sep 23 08:24:05 UTC 2026","testcases.backoffice.googleauth.ListOtpGoogleTest","Surefire test","testcases.backoffice.googleauth.ListOtpGoogleTest","listOtpGoogleWithPutMethod"
"Get List Group Backoffice Dengan page Melebihi Total Halaman","3330","getListGroupWithPageBeyondTotalPages","Surefire suite","Wed Sep 23 08:26:16 UTC 2026","passed","Wed Sep 23 08:26:19 UTC 2026","testcases.backoffice.group.GetListGroupTest","Surefire test","testcases.backoffice.group.GetListGroupTest","getListGroupWithPageBeyondTotalPages"
"Delete Google Authenticator","5744","deleteOtpGoogleBO","Surefire suite","Wed Sep 23 08:28:06 UTC 2026","passed","Wed Sep 23 08:28:11 UTC 2026","testcases.backoffice.googleauth.DeleteOtpGoogleTest","Surefire test","testcases.backoffice.googleauth.DeleteOtpGoogleTest","deleteOtpGoogleBO"
"Delete Favorite Account Dengan Body Berupa Literal null","2001","deleteFavoriteAccountWithNullLiteralBody","Surefire suite","Wed Sep 23 08:44:42 UTC 2026","passed","Wed Sep 23 08:44:44 UTC 2026","testcases.settings.favoriteaccount.DeleteFavoriteAccountTest","Surefire test","testcases.settings.favoriteaccount.DeleteFavoriteAccountTest","deleteFavoriteAccountWithNullLiteralBody"
"Create Manage Settlement BO Dengan companyId Duplikat (Sudah Terdaftar)","26184","addManageSettlementWithDuplicateCompanyId","Surefire suite","Wed Sep 23 08:23:15 UTC 2026","passed","Wed Sep 23 08:23:41 UTC 2026","testcases.backoffice.settlement.AddManageSettlementTest","Surefire test","testcases.backoffice.settlement.AddManageSettlementTest","addManageSettlementWithDuplicateCompanyId"
"Get Detail Waiting Company Backoffice Dengan Path Traversal pada Id","5971","getDetailWaitingCompanyWithPathTraversalId","Surefire suite","Wed Sep 23 08:33:49 UTC 2026","passed","Wed Sep 23 08:33:55 UTC 2026","testcases.backoffice.GetDetailWaitingCompanyTest","Surefire test","testcases.backoffice.GetDetailWaitingCompanyTest","getDetailWaitingCompanyWithPathTraversalId"
"Inquiry Test Special Transfer Merchant","5941","inquirySpecialTransfer","Surefire suite","Wed Sep 23 08:34:01 UTC 2026","passed","Wed Sep 23 08:34:07 UTC 2026","testcases.transfer.InquirySpecialTransferTest","Surefire test","testcases.transfer.InquirySpecialTransferTest","inquirySpecialTransfer"
"Add Group Backoffice Dengan Content-Type text/plain","1813","addGroupWithWrongContentType","Surefire suite","Wed Sep 23 08:40:23 UTC 2026","passed","Wed Sep 23 08:40:25 UTC 2026","testcases.backoffice.group.AddGroupTest","Surefire test","testcases.backoffice.group.AddGroupTest","addGroupWithWrongContentType"
"Get History Transfer Merchant on Login CS Admin","16582","historyTransferMerchantTestCSAdmin","Surefire suite","Wed Sep 23 09:49:32 UTC 2026","passed","Wed Sep 23 09:49:49 UTC 2026","testcases.history.HistoryTransferTest","Surefire test","testcases.history.HistoryTransferTest","historyTransferMerchantTestCSAdmin"
"Test Get Report Transfer Merchant","5361","getReportBatchAdmin","Surefire suite","Wed Sep 23 08:17:24 UTC 2026","passed","Wed Sep 23 08:17:29 UTC 2026","testcases.report.ReportTransactionTest","Surefire test","testcases.report.ReportTransactionTest","getReportBatchAdmin"
"Get List Group Backoffice Menggunakan Login Admin Crypto","5873","getListGroupWithAdminCryptoLogin","Surefire suite","Wed Sep 23 08:24:13 UTC 2026","passed","Wed Sep 23 08:24:19 UTC 2026","testcases.backoffice.group.GetListGroupTest","Surefire test","testcases.backoffice.group.GetListGroupTest","getListGroupWithAdminCryptoLogin"
"Reset Pin CS Admin","6723","resetPinCSAdmin","Surefire suite","Wed Sep 23 08:18:27 UTC 2026","passed","Wed Sep 23 08:18:34 UTC 2026","testcases.settings.ResetPinTest","Surefire test","testcases.settings.ResetPinTest","resetPinCSAdmin"
"Get History Flop Transfer Merchant on Login CS Admin","19914","historyFlopTransferMerchantTestCSAdmin","Surefire suite","Wed Sep 23 09:42:14 UTC 2026","passed","Wed Sep 23 09:42:34 UTC 2026","testcases.history.HistoryTransferTest","Surefire test","testcases.history.HistoryTransferTest","historyFlopTransferMerchantTestCSAdmin"
"Add Group Backoffice Dengan feeBankPercent Melebihi 100","1912","addGroupWithFeeOver100","Surefire suite","Wed Sep 23 08:38:15 UTC 2026","passed","Wed Sep 23 08:38:16 UTC 2026","testcases.backoffice.group.AddGroupTest","Surefire test","testcases.backoffice.group.AddGroupTest","addGroupWithFeeOver100"
"Get Group Detail Backoffice","5223","getGroupDetail","Surefire suite","Wed Sep 23 08:20:34 UTC 2026","passed","Wed Sep 23 08:20:39 UTC 2026","testcases.backoffice.group.GetGroupTest","Surefire test","testcases.backoffice.group.GetGroupTest","getGroupDetail"
"Get List Favorite Account Dengan Token Valid Tapi Tanpa Header credentialId","1911","getListFavoriteAccountWithoutCredentialIdHeader","Surefire suite","Wed Sep 23 10:27:32 UTC 2026","passed","Wed Sep 23 10:27:34 UTC 2026","testcases.settings.favoriteaccount.GetListFavoriteAccountTest","Surefire test","testcases.settings.favoriteaccount.GetListFavoriteAccountTest","getListFavoriteAccountWithoutCredentialIdHeader"
"List Waiting Company Backoffice Menggunakan Login Admin Crypto","5555","listWaitingCompanyWithAdminCryptoLogin","Surefire suite","Wed Sep 23 08:17:52 UTC 2026","passed","Wed Sep 23 08:17:57 UTC 2026","testcases.backoffice.ListWaitingCompanyTest","Surefire test","testcases.backoffice.ListWaitingCompanyTest","listWaitingCompanyWithAdminCryptoLogin"
"Get List Google Authenticator Menggunakan HTTP Method PATCH","7740","listOtpGoogleWithPatchMethod","Surefire suite","Wed Sep 23 08:23:48 UTC 2026","passed","Wed Sep 23 08:23:56 UTC 2026","testcases.backoffice.googleauth.ListOtpGoogleTest","Surefire test","testcases.backoffice.googleauth.ListOtpGoogleTest","listOtpGoogleWithPatchMethod"
"Get List Group Company BO Menggunakan HTTP Method DELETE","5421","getListGroupCompanyWithDeleteMethod","Surefire suite","Wed Sep 23 08:28:30 UTC 2026","passed","Wed Sep 23 08:28:35 UTC 2026","testcases.backoffice.settlement.GetListGroupCompanyTest","Surefire test","testcases.backoffice.settlement.GetListGroupCompanyTest","getListGroupCompanyWithDeleteMethod"
"Delete Manage Settlement BO Dengan Header Authorization Tanpa Skema Bearer","1736","deleteManageSettlementWithMalformedAuthorizationHeader","Surefire suite","Wed Sep 23 08:19:38 UTC 2026","passed","Wed Sep 23 08:19:40 UTC 2026","testcases.backoffice.settlement.DeleteManageSettlementTest","Surefire test","testcases.backoffice.settlement.DeleteManageSettlementTest","deleteManageSettlementWithMalformedAuthorizationHeader"
"Normal Flop Supervisor Transfer Success","10904","flopTransferSupervisor","Surefire suite","Wed Sep 23 08:18:32 UTC 2026","passed","Wed Sep 23 08:18:43 UTC 2026","testcases.transfer.TransferFlopTest","Surefire test","testcases.transfer.TransferFlopTest","flopTransferSupervisor"
"List Company Backoffice Menggunakan Login Admin Crypto","7004","listCompanyWithAdminCryptoLogin","Surefire suite","Wed Sep 23 08:25:26 UTC 2026","passed","Wed Sep 23 08:25:33 UTC 2026","testcases.backoffice.ListCompanyTest","Surefire test","testcases.backoffice.ListCompanyTest","listCompanyWithAdminCryptoLogin"
"Delete Favorite Account Dengan Field Tidak Dikenal pada Body","7217","deleteFavoriteAccountWithUnknownField","Surefire suite","Wed Sep 23 08:45:02 UTC 2026","passed","Wed Sep 23 08:45:10 UTC 2026","testcases.settings.favoriteaccount.DeleteFavoriteAccountTest","Surefire test","testcases.settings.favoriteaccount.DeleteFavoriteAccountTest","deleteFavoriteAccountWithUnknownField"
"Get Dashboard Backoffice Dengan Token Tidak Valid","1804","getDashboardWithInvalidToken","Surefire suite","Wed Sep 23 08:35:45 UTC 2026","passed","Wed Sep 23 08:35:47 UTC 2026","testcases.backoffice.GetDashboardTest","Surefire test","testcases.backoffice.GetDashboardTest","getDashboardWithInvalidToken"
"Delete Manage Settlement BO Dengan id Sangat Panjang (10.000 karakter)","6100","deleteManageSettlementWithOverlongId","Surefire suite","Wed Sep 23 08:20:20 UTC 2026","passed","Wed Sep 23 08:20:26 UTC 2026","testcases.backoffice.settlement.DeleteManageSettlementTest","Surefire test","testcases.backoffice.settlement.DeleteManageSettlementTest","deleteManageSettlementWithOverlongId"
"Test Approved USDT","23721","approvedUSDT","Surefire suite","Wed Sep 23 09:16:36 UTC 2026","passed","Wed Sep 23 09:17:00 UTC 2026","testcases.backoffice.ApprovalTransferTest","Surefire test","testcases.backoffice.ApprovalTransferTest","approvedUSDT"
"Inquiry Test Flop Transfer Merchant","6559","inquiryTransfer","Surefire suite","Wed Sep 23 08:28:55 UTC 2026","passed","Wed Sep 23 08:29:01 UTC 2026","testcases.transfer.InquiryFlopTransferTest","Surefire test","testcases.transfer.InquiryFlopTransferTest","inquiryTransfer"
"Transfer Different Partner Reference, Special Transfer to Transfer","57218","trfPartnerRefSpecialFailed","Surefire suite","Wed Sep 23 08:32:05 UTC 2026","passed","Wed Sep 23 08:33:02 UTC 2026","testcases.transfer.TransferTest","Surefire test","testcases.transfer.TransferTest","trfPartnerRefSpecialFailed"
"List User Backoffice Menggunakan Login Supervisor","5522","listUsersWithSupervisorLogin","Surefire suite","Wed Sep 23 08:31:13 UTC 2026","passed","Wed Sep 23 08:31:19 UTC 2026","testcases.backoffice.users.ListUsersTest","Surefire test","testcases.backoffice.users.ListUsersTest","listUsersWithSupervisorLogin"
"Get List Google Authenticator Dengan Karakter SQL Injection pada Field param","6787","listOtpGoogleWithSqlInjectionParam","Surefire suite","Wed Sep 23 08:24:08 UTC 2026","passed","Wed Sep 23 08:24:15 UTC 2026","testcases.backoffice.googleauth.ListOtpGoogleTest","Surefire test","testcases.backoffice.googleauth.ListOtpGoogleTest","listOtpGoogleWithSqlInjectionParam"
"Refund Summary Dengan startDate Bukan Format Tanggal","1678","getRefundWithInvalidStartDate","Surefire suite","Wed Sep 23 08:33:29 UTC 2026","passed","Wed Sep 23 08:33:31 UTC 2026","testcases.backoffice.refund.GetRefundTest","Surefire test","testcases.backoffice.refund.GetRefundTest","getRefundWithInvalidStartDate"
"Get List Group Backoffice Dengan Body Kosong ({})","1882","getListGroupWithEmptyBody","Surefire suite","Wed Sep 23 08:25:02 UTC 2026","passed","Wed Sep 23 08:25:04 UTC 2026","testcases.backoffice.group.GetListGroupTest","Surefire test","testcases.backoffice.group.GetListGroupTest","getListGroupWithEmptyBody"
"Get List Favorite Account Dengan Body Kosong ({})","3520","getListFavoriteAccountWithEmptyBody","Surefire suite","Wed Sep 23 10:25:39 UTC 2026","passed","Wed Sep 23 10:25:42 UTC 2026","testcases.settings.favoriteaccount.GetListFavoriteAccountTest","Surefire test","testcases.settings.favoriteaccount.GetListFavoriteAccountTest","getListFavoriteAccountWithEmptyBody"
"Refund Summary Dengan startDate null","1794","getRefundWithNullStartDate","Surefire suite","Wed Sep 23 08:34:22 UTC 2026","passed","Wed Sep 23 08:34:23 UTC 2026","testcases.backoffice.refund.GetRefundTest","Surefire test","testcases.backoffice.refund.GetRefundTest","getRefundWithNullStartDate"
"Create Manage Settlement BO Menggunakan Login Supervisor","7987","addManageSettlementWithSupervisorLogin","Surefire suite","Wed Sep 23 08:26:35 UTC 2026","passed","Wed Sep 23 08:26:43 UTC 2026","testcases.backoffice.settlement.AddManageSettlementTest","Surefire test","testcases.backoffice.settlement.AddManageSettlementTest","addManageSettlementWithSupervisorLogin"
"Create Manage Settlement BO Dengan Content-Type text/plain","7300","addManageSettlementWithWrongContentType","Surefire suite","Wed Sep 23 08:26:46 UTC 2026","passed","Wed Sep 23 08:26:53 UTC 2026","testcases.backoffice.settlement.AddManageSettlementTest","Surefire test","testcases.backoffice.settlement.AddManageSettlementTest","addManageSettlementWithWrongContentType"
"Get Group Detail Backoffice Dengan Group Id Berisi Payload XSS","12798","getGroupDetailWithXssId","Surefire suite","Wed Sep 23 08:23:44 UTC 2026","passed","Wed Sep 23 08:23:57 UTC 2026","testcases.backoffice.group.GetGroupTest","Surefire test","testcases.backoffice.group.GetGroupTest","getGroupDetailWithXssId"
"Add Currency CS Admin Path Menggunakan Login Admin Crypto","7767","addCurrencyWithAdminCryptoLogin","Surefire suite","Wed Sep 23 09:27:59 UTC 2026","passed","Wed Sep 23 09:28:07 UTC 2026","testcases.backoffice.currency.AddCurrencyTest","Surefire test","testcases.backoffice.currency.AddCurrencyTest","addCurrencyWithAdminCryptoLogin"
"Generate QR Code Failed Merchant","6390","generateQRCodeFailed","Surefire suite","Wed Sep 23 08:40:16 UTC 2026","passed","Wed Sep 23 08:40:22 UTC 2026","testcases.QR.GenerateQRTest","Surefire test","testcases.QR.GenerateQRTest","generateQRCodeFailed"
"Add Currency CS Admin Path Menggunakan Login Supervisor","8521","addCurrencyWithSupervisorLogin","Surefire suite","Wed Sep 23 09:32:01 UTC 2026","passed","Wed Sep 23 09:32:10 UTC 2026","testcases.backoffice.currency.AddCurrencyTest","Surefire test","testcases.backoffice.currency.AddCurrencyTest","addCurrencyWithSupervisorLogin"
"Inquiry Favorite Account Ke Path yang Tidak Ada (Typo)","2216","inquiryFavoriteAccountWithWrongPath","Surefire suite","Wed Sep 23 08:48:08 UTC 2026","passed","Wed Sep 23 08:48:10 UTC 2026","testcases.settings.favoriteaccount.InquiryFavoriteAccountTest","Surefire test","testcases.settings.favoriteaccount.InquiryFavoriteAccountTest","inquiryFavoriteAccountWithWrongPath"
"Delete Group Backoffice Tanpa Field id","2621","deleteGroupWithoutIdField","Surefire suite","Wed Sep 23 08:36:14 UTC 2026","passed","Wed Sep 23 08:36:17 UTC 2026","testcases.backoffice.group.DeleteGroupTest","Surefire test","testcases.backoffice.group.DeleteGroupTest","deleteGroupWithoutIdField"
"Get List Group Backoffice Dengan size Negatif","1771","getListGroupWithNegativeSize","Surefire suite","Wed Sep 23 08:26:02 UTC 2026","passed","Wed Sep 23 08:26:04 UTC 2026","testcases.backoffice.group.GetListGroupTest","Surefire test","testcases.backoffice.group.GetListGroupTest","getListGroupWithNegativeSize"
"List Refund Menggunakan Login Merchant","8235","listRefundWithMerchantLogin","Surefire suite","Wed Sep 23 09:38:10 UTC 2026","passed","Wed Sep 23 09:38:18 UTC 2026","testcases.backoffice.ListRefundTest","Surefire test","testcases.backoffice.ListRefundTest","listRefundWithMerchantLogin"
"Refund Summary Menggunakan Login Merchant","6342","getRefundWithMerchantLogin","Surefire suite","Wed Sep 23 08:34:07 UTC 2026","passed","Wed Sep 23 08:34:14 UTC 2026","testcases.backoffice.refund.GetRefundTest","Surefire test","testcases.backoffice.refund.GetRefundTest","getRefundWithMerchantLogin"
"Get Detail Waiting Company Backoffice Dengan Id yang Tidak Ada","5274","getDetailWaitingCompanyWithNonExistentId","Surefire suite","Wed Sep 23 08:33:30 UTC 2026","passed","Wed Sep 23 08:33:35 UTC 2026","testcases.backoffice.GetDetailWaitingCompanyTest","Surefire test","testcases.backoffice.GetDetailWaitingCompanyTest","getDetailWaitingCompanyWithNonExistentId"
"Get History Special Transfer Supervisor on Login CS Admin","17457","historySpecialTransferSupervisorTestCSAdmin","Surefire suite","Wed Sep 23 09:47:22 UTC 2026","passed","Wed Sep 23 09:47:39 UTC 2026","testcases.history.HistoryTransferTest","Surefire test","testcases.history.HistoryTransferTest","historySpecialTransferSupervisorTestCSAdmin"
"Normal Manual Transfer Success","13880","transfer","Surefire suite","Wed Sep 23 08:24:44 UTC 2026","passed","Wed Sep 23 08:24:58 UTC 2026","testcases.transfer.ManualTransferTest","Surefire test","testcases.transfer.ManualTransferTest","transfer"
"Create Manage Settlement BO Tanpa Body Sama Sekali","5694","addManageSettlementWithoutBody","Surefire suite","Wed Sep 23 08:27:20 UTC 2026","passed","Wed Sep 23 08:27:25 UTC 2026","testcases.backoffice.settlement.AddManageSettlementTest","Surefire test","testcases.backoffice.settlement.AddManageSettlementTest","addManageSettlementWithoutBody"
"Get Detail Waiting Company Backoffice Menggunakan Login Admin Crypto","5625","getDetailWaitingCompanyWithAdminCryptoLogin","Surefire suite","Wed Sep 23 08:31:54 UTC 2026","passed","Wed Sep 23 08:32:00 UTC 2026","testcases.backoffice.GetDetailWaitingCompanyTest","Surefire test","testcases.backoffice.GetDetailWaitingCompanyTest","getDetailWaitingCompanyWithAdminCryptoLogin"
"Add Group Backoffice Dengan Field Tidak Dikenal pada Body","1870","addGroupWithUnknownField","Surefire suite","Wed Sep 23 08:40:06 UTC 2026","passed","Wed Sep 23 08:40:08 UTC 2026","testcases.backoffice.group.AddGroupTest","Surefire test","testcases.backoffice.group.AddGroupTest","addGroupWithUnknownField"
"Get List Group Company BO Menggunakan Login Admin","6462","getListGroupCompanyWithAdminLogin","Surefire suite","Wed Sep 23 08:28:04 UTC 2026","passed","Wed Sep 23 08:28:10 UTC 2026","testcases.backoffice.settlement.GetListGroupCompanyTest","Surefire test","testcases.backoffice.settlement.GetListGroupCompanyTest","getListGroupCompanyWithAdminLogin"
"Mutasi Special Transfer Balance CS","50414","mutasiSpecialTransferBalanceCS","Surefire suite","Wed Sep 23 10:08:19 UTC 2026","passed","Wed Sep 23 10:09:09 UTC 2026","testcases.mutasi.MutasiTransferTest","Surefire test","testcases.mutasi.MutasiTransferTest","mutasiSpecialTransferBalanceCS"
"Normal Special Transfer Success Admin Crypto","15073","specialTransferAdminCrypto","Surefire suite","Wed Sep 23 08:18:11 UTC 2026","skipped","Wed Sep 23 08:18:26 UTC 2026","testcases.transfer.SpecialTransferTest","Surefire test","testcases.transfer.SpecialTransferTest","specialTransferAdminCrypto"
"Get Group Detail Backoffice Menggunakan Login Admin Crypto","5325","getGroupDetailWithAdminCryptoLogin","Surefire suite","Wed Sep 23 08:20:42 UTC 2026","passed","Wed Sep 23 08:20:47 UTC 2026","testcases.backoffice.group.GetGroupTest","Surefire test","testcases.backoffice.group.GetGroupTest","getGroupDetailWithAdminCryptoLogin"
"Add Group Backoffice Menggunakan HTTP Method PUT","3061","addGroupWithPutMethod","Surefire suite","Wed Sep 23 08:39:43 UTC 2026","passed","Wed Sep 23 08:39:46 UTC 2026","testcases.backoffice.group.AddGroupTest","Surefire test","testcases.backoffice.group.AddGroupTest","addGroupWithPutMethod"
"Inquiry Test Manual Transfer Merchant","5474","inquiryManualTransfer","Surefire suite","Wed Sep 23 08:28:46 UTC 2026","passed","Wed Sep 23 08:28:52 UTC 2026","testcases.transfer.InquiryManualTransferTest","Surefire test","testcases.transfer.InquiryManualTransferTest","inquiryManualTransfer"
"Mutasi Transfer Supervisor","15245","mutasiTransferSupervisor","Surefire suite","Wed Sep 23 10:13:47 UTC 2026","passed","Wed Sep 23 10:14:02 UTC 2026","testcases.mutasi.MutasiTransferTest","Surefire test","testcases.mutasi.MutasiTransferTest","mutasiTransferSupervisor"
"Delete Favorite Account Dengan Body Kosong ({})","2745","deleteFavoriteAccountWithEmptyBody","Surefire suite","Wed Sep 23 08:43:31 UTC 2026","passed","Wed Sep 23 08:43:33 UTC 2026","testcases.settings.favoriteaccount.DeleteFavoriteAccountTest","Surefire test","testcases.settings.favoriteaccount.DeleteFavoriteAccountTest","deleteFavoriteAccountWithEmptyBody"
"Created Favorite Account Dengan Content-Type text/plain","2985","createdFavoriteAccountWithWrongContentType","Surefire suite","Wed Sep 23 08:50:11 UTC 2026","passed","Wed Sep 23 08:50:14 UTC 2026","testcases.settings.favoriteaccount.CreatedFavoriteAccountTest","Surefire test","testcases.settings.favoriteaccount.CreatedFavoriteAccountTest","createdFavoriteAccountWithWrongContentType"
"Transfer Different Partner Reference, Transfer to USDT Transfer","57777","trfPartnerRefTransferFailed","Surefire suite","Wed Sep 23 08:38:15 UTC 2026","failed","Wed Sep 23 08:39:13 UTC 2026","testcases.transfer.TransferUSDTTest","Surefire test","testcases.transfer.TransferUSDTTest","trfPartnerRefTransferFailed"
"Test Reject USDT Supervisor","24733","rejectedUSDTSupervisor","Surefire suite","Wed Sep 23 09:22:22 UTC 2026","passed","Wed Sep 23 09:22:47 UTC 2026","testcases.backoffice.ApprovalTransferTest","Surefire test","testcases.backoffice.ApprovalTransferTest","rejectedUSDTSupervisor"
"Add Group Backoffice Menggunakan HTTP Method PATCH","2618","addGroupWithPatchMethod","Surefire suite","Wed Sep 23 08:39:38 UTC 2026","passed","Wed Sep 23 08:39:40 UTC 2026","testcases.backoffice.group.AddGroupTest","Surefire test","testcases.backoffice.group.AddGroupTest","addGroupWithPatchMethod"
"Get History Special Transfer Test Admin","15550","historySpecialTransferTestAdmin","Surefire suite","Wed Sep 23 09:47:58 UTC 2026","passed","Wed Sep 23 09:48:14 UTC 2026","testcases.history.HistoryTransferTest","Surefire test","testcases.history.HistoryTransferTest","historySpecialTransferTestAdmin"
"Reset Password Admin","9497","resetPasswordAdmin","Surefire suite","Wed Sep 23 08:16:47 UTC 2026","passed","Wed Sep 23 08:16:56 UTC 2026","testcases.settings.ResetPasswordTest","Surefire test","testcases.settings.ResetPasswordTest","resetPasswordAdmin"
"Get Group Detail Backoffice Dengan Group Id Berisi Karakter SQL Injection","4907","getGroupDetailWithSqlInjectionId","Surefire suite","Wed Sep 23 08:22:55 UTC 2026","passed","Wed Sep 23 08:23:00 UTC 2026","testcases.backoffice.group.GetGroupTest","Surefire test","testcases.backoffice.group.GetGroupTest","getGroupDetailWithSqlInjectionId"
"Add Currency CS Admin Path Dengan rate Berupa Boolean","1825","addCurrencyWithBooleanRate","Surefire suite","Wed Sep 23 09:28:48 UTC 2026","passed","Wed Sep 23 09:28:50 UTC 2026","testcases.backoffice.currency.AddCurrencyTest","Surefire test","testcases.backoffice.currency.AddCurrencyTest","addCurrencyWithBooleanRate"
"Refund Summary Menggunakan Login Admin","5681","getRefundWithAdminLogin","Surefire suite","Wed Sep 23 08:32:13 UTC 2026","passed","Wed Sep 23 08:32:19 UTC 2026","testcases.backoffice.refund.GetRefundTest","Surefire test","testcases.backoffice.refund.GetRefundTest","getRefundWithAdminLogin"
"Mutasi Manual Transfer Balance","44447","mutasiManualTransferBalanceSupervisor","Surefire suite","Wed Sep 23 10:03:21 UTC 2026","passed","Wed Sep 23 10:04:06 UTC 2026","testcases.mutasi.MutasiTransferTest","Surefire test","testcases.mutasi.MutasiTransferTest","mutasiManualTransferBalanceSupervisor"
"Get Detail Waiting Company Backoffice Tanpa Id (Path Kosong)","7686","getDetailWaitingCompanyWithEmptyId","Surefire suite","Wed Sep 23 08:32:21 UTC 2026","passed","Wed Sep 23 08:32:29 UTC 2026","testcases.backoffice.GetDetailWaitingCompanyTest","Surefire test","testcases.backoffice.GetDetailWaitingCompanyTest","getDetailWaitingCompanyWithEmptyId"
"Get Balance Marketing","8373","getBalanceMarketing","Surefire suite","Wed Sep 23 08:17:56 UTC 2026","passed","Wed Sep 23 08:18:05 UTC 2026","testcases.balance.GetBalanceQrisTest","Surefire test","testcases.balance.GetBalanceQrisTest","getBalanceMarketing"
"List Company Backoffice Dengan Body JSON Tidak Valid (Malformed)","5069","listCompanyWithMalformedJson","Surefire suite","Wed Sep 23 08:26:58 UTC 2026","passed","Wed Sep 23 08:27:03 UTC 2026","testcases.backoffice.ListCompanyTest","Surefire test","testcases.backoffice.ListCompanyTest","listCompanyWithMalformedJson"
"Delete Group Backoffice Tanpa Body Sama Sekali","3803","deleteGroupWithoutBody","Surefire suite","Wed Sep 23 08:36:07 UTC 2026","passed","Wed Sep 23 08:36:11 UTC 2026","testcases.backoffice.group.DeleteGroupTest","Surefire test","testcases.backoffice.group.DeleteGroupTest","deleteGroupWithoutBody"
"Delete session Merchant on CS Admin","5765","deleteSessionCsAdmin","Surefire suite","Wed Sep 23 08:17:43 UTC 2026","broken","Wed Sep 23 08:17:48 UTC 2026","testcases.backoffice.users.EditUserTest","Surefire test","testcases.backoffice.users.EditUserTest","deleteSessionCsAdmin"
"List Company Backoffice Dengan Tipe Data Salah pada Field Limit (String, Bukan Integer)","9225","listCompanyWithInvalidFieldType","Surefire suite","Wed Sep 23 08:26:23 UTC 2026","passed","Wed Sep 23 08:26:32 UTC 2026","testcases.backoffice.ListCompanyTest","Surefire test","testcases.backoffice.ListCompanyTest","listCompanyWithInvalidFieldType"
"Add Currency CS Admin Path Menggunakan Login Merchant","5448","addCurrencyWithMerchantLogin","Surefire suite","Wed Sep 23 09:31:05 UTC 2026","passed","Wed Sep 23 09:31:10 UTC 2026","testcases.backoffice.currency.AddCurrencyTest","Surefire test","testcases.backoffice.currency.AddCurrencyTest","addCurrencyWithMerchantLogin"
"Add Currency CS Admin Path Dengan Token Tidak Valid","3436","addCurrencyWithInvalidToken","Surefire suite","Wed Sep 23 09:29:42 UTC 2026","passed","Wed Sep 23 09:29:46 UTC 2026","testcases.backoffice.currency.AddCurrencyTest","Surefire test","testcases.backoffice.currency.AddCurrencyTest","addCurrencyWithInvalidToken"
"Delete Group Backoffice Dengan Token Kadaluarsa","1796","deleteGroupWithExpiredToken","Surefire suite","Wed Sep 23 08:33:36 UTC 2026","passed","Wed Sep 23 08:33:38 UTC 2026","testcases.backoffice.group.DeleteGroupTest","Surefire test","testcases.backoffice.group.DeleteGroupTest","deleteGroupWithExpiredToken"
"List Company Backoffice Menggunakan Login Merchant","6247","listCompanyWithMerchantLogin","Surefire suite","Wed Sep 23 08:27:15 UTC 2026","passed","Wed Sep 23 08:27:21 UTC 2026","testcases.backoffice.ListCompanyTest","Surefire test","testcases.backoffice.ListCompanyTest","listCompanyWithMerchantLogin"
"Add Group Backoffice Menggunakan Login CS Admin","5082","addGroupWithCSAdminLogin","Surefire suite","Wed Sep 23 08:37:08 UTC 2026","passed","Wed Sep 23 08:37:14 UTC 2026","testcases.backoffice.group.AddGroupTest","Surefire test","testcases.backoffice.group.AddGroupTest","addGroupWithCSAdminLogin"
"Delete Manage Settlement BO Menggunakan Login Admin","6333","deleteManageSettlementWithAdminLogin","Surefire suite","Wed Sep 23 08:18:21 UTC 2026","passed","Wed Sep 23 08:18:28 UTC 2026","testcases.backoffice.settlement.DeleteManageSettlementTest","Surefire test","testcases.backoffice.settlement.DeleteManageSettlementTest","deleteManageSettlementWithAdminLogin"
"Get Detail Waiting Company Backoffice","7621","getDetailWaitingCompany","Surefire suite","Wed Sep 23 08:31:43 UTC 2026","failed","Wed Sep 23 08:31:51 UTC 2026","testcases.backoffice.GetDetailWaitingCompanyTest","Surefire test","testcases.backoffice.GetDetailWaitingCompanyTest","getDetailWaitingCompany"
"Get List Favorite Account Menggunakan HTTP Method PUT","2405","getListFavoriteAccountWithPutMethod","Surefire suite","Wed Sep 23 10:26:37 UTC 2026","passed","Wed Sep 23 10:26:40 UTC 2026","testcases.settings.favoriteaccount.GetListFavoriteAccountTest","Surefire test","testcases.settings.favoriteaccount.GetListFavoriteAccountTest","getListFavoriteAccountWithPutMethod"
"Delete Group Backoffice Dengan Header Authorization Tanpa Skema Bearer","1763","deleteGroupWithMalformedAuthorizationHeader","Surefire suite","Wed Sep 23 08:34:02 UTC 2026","passed","Wed Sep 23 08:34:04 UTC 2026","testcases.backoffice.group.DeleteGroupTest","Surefire test","testcases.backoffice.group.DeleteGroupTest","deleteGroupWithMalformedAuthorizationHeader"
"Get List Google Authenticator Dengan Field Sort Merujuk ke Kolom yang Tidak Ada","6015","listOtpGoogleWithInvalidSortField","Surefire suite","Wed Sep 23 08:22:12 UTC 2026","passed","Wed Sep 23 08:22:18 UTC 2026","testcases.backoffice.googleauth.ListOtpGoogleTest","Surefire test","testcases.backoffice.googleauth.ListOtpGoogleTest","listOtpGoogleWithInvalidSortField"
"Get List Group Company BO Menggunakan Login Merchant","6194","getListGroupCompanyWithMerchantLogin","Surefire suite","Wed Sep 23 08:29:20 UTC 2026","passed","Wed Sep 23 08:29:26 UTC 2026","testcases.backoffice.settlement.GetListGroupCompanyTest","Surefire test","testcases.backoffice.settlement.GetListGroupCompanyTest","getListGroupCompanyWithMerchantLogin"
"Delete Manage Settlement BO Dengan id Berisi Payload XSS","5028","deleteManageSettlementWithXssId","Surefire suite","Wed Sep 23 08:21:32 UTC 2026","passed","Wed Sep 23 08:21:37 UTC 2026","testcases.backoffice.settlement.DeleteManageSettlementTest","Surefire test","testcases.backoffice.settlement.DeleteManageSettlementTest","deleteManageSettlementWithXssId"
"List Waiting Company Backoffice Dengan Body Berupa JSON Array ([])","5459","listWaitingCompanyWithArrayBody","Surefire suite","Wed Sep 23 08:18:00 UTC 2026","passed","Wed Sep 23 08:18:06 UTC 2026","testcases.backoffice.ListWaitingCompanyTest","Surefire test","testcases.backoffice.ListWaitingCompanyTest","listWaitingCompanyWithArrayBody"
"Inquiry Favorite Account Dengan Field Tidak Dikenal pada Body","2953","inquiryFavoriteAccountWithUnknownField","Surefire suite","Wed Sep 23 08:47:46 UTC 2026","passed","Wed Sep 23 08:47:49 UTC 2026","testcases.settings.favoriteaccount.InquiryFavoriteAccountTest","Surefire test","testcases.settings.favoriteaccount.InquiryFavoriteAccountTest","inquiryFavoriteAccountWithUnknownField"
"Get Group Detail Backoffice Dengan Group Id Sangat Panjang (10.000 karakter)","5471","getGroupDetailWithOverlongId","Surefire suite","Wed Sep 23 08:22:21 UTC 2026","passed","Wed Sep 23 08:22:27 UTC 2026","testcases.backoffice.group.GetGroupTest","Surefire test","testcases.backoffice.group.GetGroupTest","getGroupDetailWithOverlongId"
"Transfer Success Admin Crypto with before and after Balanced","12271","transferBalanceAdminCrypto","Surefire suite","Wed Sep 23 08:19:29 UTC 2026","passed","Wed Sep 23 08:19:41 UTC 2026","testcases.transfer.TransferTest","Surefire test","testcases.transfer.TransferTest","transferBalanceAdminCrypto"
"List Waiting Company Backoffice Dengan Header Authorization Tanpa Skema Bearer","1774","listWaitingCompanyWithMalformedAuthorizationHeader","Surefire suite","Wed Sep 23 08:19:04 UTC 2026","passed","Wed Sep 23 08:19:06 UTC 2026","testcases.backoffice.ListWaitingCompanyTest","Surefire test","testcases.backoffice.ListWaitingCompanyTest","listWaitingCompanyWithMalformedAuthorizationHeader"
"Generate QR Success paid","9821","paidQR","Surefire suite","Wed Sep 23 08:42:24 UTC 2026","passed","Wed Sep 23 08:42:34 UTC 2026","testcases.QR.GenerateQRPaidTest","Surefire test","testcases.QR.GenerateQRPaidTest","paidQR"
"Get List Google Authenticator Menggunakan HTTP Method GET","6397","listOtpGoogleWithGetMethod","Surefire suite","Wed Sep 23 08:21:47 UTC 2026","passed","Wed Sep 23 08:21:53 UTC 2026","testcases.backoffice.googleauth.ListOtpGoogleTest","Surefire test","testcases.backoffice.googleauth.ListOtpGoogleTest","listOtpGoogleWithGetMethod"
"Delete Favorite Account Dengan id String Kosong","2015","deleteFavoriteAccountWithEmptyId","Surefire suite","Wed Sep 23 08:43:36 UTC 2026","failed","Wed Sep 23 08:43:38 UTC 2026","testcases.settings.favoriteaccount.DeleteFavoriteAccountTest","Surefire test","testcases.settings.favoriteaccount.DeleteFavoriteAccountTest","deleteFavoriteAccountWithEmptyId"
"Get History Special Transfer Merchant on Login CS Admin","15756","historySpecialTransferMerchantTestCSAdmin","Surefire suite","Wed Sep 23 09:47:03 UTC 2026","passed","Wed Sep 23 09:47:19 UTC 2026","testcases.history.HistoryTransferTest","Surefire test","testcases.history.HistoryTransferTest","historySpecialTransferMerchantTestCSAdmin"
"Delete Group Backoffice Dengan Field Tidak Dikenal pada Body","2708","deleteGroupWithUnknownField","Surefire suite","Wed Sep 23 08:35:30 UTC 2026","passed","Wed Sep 23 08:35:33 UTC 2026","testcases.backoffice.group.DeleteGroupTest","Surefire test","testcases.backoffice.group.DeleteGroupTest","deleteGroupWithUnknownField"
"Get Balance Merchant with Login CS","6633","getBalanceMerchantLoginCS","Surefire suite","Wed Sep 23 08:17:52 UTC 2026","passed","Wed Sep 23 08:17:59 UTC 2026","testcases.balance.GetBalanceQrisTest","Surefire test","testcases.balance.GetBalanceQrisTest","getBalanceMerchantLoginCS"
"Get Group Detail Backoffice Menggunakan Login Marketing","5166","getGroupDetailWithMarketingLogin","Surefire suite","Wed Sep 23 08:21:56 UTC 2026","passed","Wed Sep 23 08:22:01 UTC 2026","testcases.backoffice.group.GetGroupTest","Surefire test","testcases.backoffice.group.GetGroupTest","getGroupDetailWithMarketingLogin"
"Normal Manual Transfer Success Admin Crypto","53240","manualTransferAdminCrypto","Surefire suite","Wed Sep 23 08:20:30 UTC 2026","failed","Wed Sep 23 08:21:24 UTC 2026","testcases.transfer.ManualTransferTest","Surefire test","testcases.transfer.ManualTransferTest","manualTransferAdminCrypto"
"Delete Favorite Account yang Sama Dipanggil Dua Kali (Sudah Terhapus)","16714","deleteFavoriteAccountAlreadyDeleted","Surefire suite","Wed Sep 23 08:43:00 UTC 2026","passed","Wed Sep 23 08:43:17 UTC 2026","testcases.settings.favoriteaccount.DeleteFavoriteAccountTest","Surefire test","testcases.settings.favoriteaccount.DeleteFavoriteAccountTest","deleteFavoriteAccountAlreadyDeleted"
"Get List Group Company BO Dengan Token Backoffice Valid Tapi Tanpa Header pbyv","6299","getListGroupCompanyWithoutPbyvHeader","Surefire suite","Wed Sep 23 08:31:34 UTC 2026","passed","Wed Sep 23 08:31:40 UTC 2026","testcases.backoffice.settlement.GetListGroupCompanyTest","Surefire test","testcases.backoffice.settlement.GetListGroupCompanyTest","getListGroupCompanyWithoutPbyvHeader"
"Delete Group Backoffice Dengan Body Kosong ({})","6155","deleteGroupWithEmptyBody","Surefire suite","Wed Sep 23 08:33:16 UTC 2026","passed","Wed Sep 23 08:33:22 UTC 2026","testcases.backoffice.group.DeleteGroupTest","Surefire test","testcases.backoffice.group.DeleteGroupTest","deleteGroupWithEmptyBody"
"Get List Group Company BO","5484","getListGroupCompanyBO","Surefire suite","Wed Sep 23 08:27:46 UTC 2026","passed","Wed Sep 23 08:27:51 UTC 2026","testcases.backoffice.settlement.GetListGroupCompanyTest","Surefire test","testcases.backoffice.settlement.GetListGroupCompanyTest","getListGroupCompanyBO"
"Inquiry Favorite Account Menggunakan HTTP Method PUT","2724","inquiryFavoriteAccountWithPutMethod","Surefire suite","Wed Sep 23 08:47:35 UTC 2026","passed","Wed Sep 23 08:47:37 UTC 2026","testcases.settings.favoriteaccount.InquiryFavoriteAccountTest","Surefire test","testcases.settings.favoriteaccount.InquiryFavoriteAccountTest","inquiryFavoriteAccountWithPutMethod"
"List Currency USDT Dengan Token Tidak Valid","2578","getCurrencyWithInvalidToken","Surefire suite","Wed Sep 23 08:18:46 UTC 2026","passed","Wed Sep 23 08:18:49 UTC 2026","testcases.backoffice.currency.GetCurrencyTest","Surefire test","testcases.backoffice.currency.GetCurrencyTest","getCurrencyWithInvalidToken"
"Get Detail Waiting Company Backoffice Tanpa Login/Header Auth","4295","getDetailWaitingCompanyWithoutAuth","Surefire suite","Wed Sep 23 08:34:54 UTC 2026","passed","Wed Sep 23 08:34:58 UTC 2026","testcases.backoffice.GetDetailWaitingCompanyTest","Surefire test","testcases.backoffice.GetDetailWaitingCompanyTest","getDetailWaitingCompanyWithoutAuth"
"Inquiry Test Special Transfer Admin Crypto","5967","inquirySpecialTransferAdminCrypto","Surefire suite","Wed Sep 23 08:19:54 UTC 2026","passed","Wed Sep 23 08:20:00 UTC 2026","testcases.transfer.InquirySpecialTransferTest","Surefire test","testcases.transfer.InquirySpecialTransferTest","inquirySpecialTransferAdminCrypto"
"List Waiting Company Backoffice Menggunakan HTTP Method GET","5390","listWaitingCompanyWithGetMethod","Surefire suite","Wed Sep 23 08:18:26 UTC 2026","passed","Wed Sep 23 08:18:31 UTC 2026","testcases.backoffice.ListWaitingCompanyTest","Surefire test","testcases.backoffice.ListWaitingCompanyTest","listWaitingCompanyWithGetMethod"
"Create Manage Settlement BO Dengan Tipe Data Salah pada companyList (String, Bukan Array)","5977","addManageSettlementWithInvalidFieldType","Surefire suite","Wed Sep 23 08:24:35 UTC 2026","passed","Wed Sep 23 08:24:41 UTC 2026","testcases.backoffice.settlement.AddManageSettlementTest","Surefire test","testcases.backoffice.settlement.AddManageSettlementTest","addManageSettlementWithInvalidFieldType"
"Get List Group Company BO Dengan groupName Berisi Payload XSS","6350","getListGroupCompanyWithXssGroupName","Surefire suite","Wed Sep 23 08:31:04 UTC 2026","passed","Wed Sep 23 08:31:10 UTC 2026","testcases.backoffice.settlement.GetListGroupCompanyTest","Surefire test","testcases.backoffice.settlement.GetListGroupCompanyTest","getListGroupCompanyWithXssGroupName"
"Get User Backoffice Tanpa Login/Header Auth","1677","getUserWithoutAuth","Surefire suite","Wed Sep 23 08:37:44 UTC 2026","passed","Wed Sep 23 08:37:46 UTC 2026","testcases.backoffice.GetDashboardTest","Surefire test","testcases.backoffice.GetDashboardTest","getUserWithoutAuth"
"Delete Group Backoffice Menggunakan Login Customer Service","6553","deleteGroupWithCSLogin","Surefire suite","Wed Sep 23 08:33:02 UTC 2026","passed","Wed Sep 23 08:33:08 UTC 2026","testcases.backoffice.group.DeleteGroupTest","Surefire test","testcases.backoffice.group.DeleteGroupTest","deleteGroupWithCSLogin"
"Inquiry Test Manual Transfer Merchant Supervisor","7106","inquiryManualTransferSupervisor","Surefire suite","Wed Sep 23 08:18:12 UTC 2026","passed","Wed Sep 23 08:18:20 UTC 2026","testcases.transfer.InquiryManualTransferTest","Surefire test","testcases.transfer.InquiryManualTransferTest","inquiryManualTransferSupervisor"
"Create Manage Settlement BO","12656","addManageSettlementBO","Surefire suite","Wed Sep 23 08:22:06 UTC 2026","passed","Wed Sep 23 08:22:19 UTC 2026","testcases.backoffice.settlement.AddManageSettlementTest","Surefire test","testcases.backoffice.settlement.AddManageSettlementTest","addManageSettlementBO"
"Get List Group Company BO Dengan Header groupName Kosong","5439","getListGroupCompanyWithEmptyGroupNameHeader","Surefire suite","Wed Sep 23 08:28:48 UTC 2026","passed","Wed Sep 23 08:28:53 UTC 2026","testcases.backoffice.settlement.GetListGroupCompanyTest","Surefire test","testcases.backoffice.settlement.GetListGroupCompanyTest","getListGroupCompanyWithEmptyGroupNameHeader"
"Create Manage Settlement BO Tanpa Login/Header Auth","1619","addManageSettlementWithoutAuth","Surefire suite","Wed Sep 23 08:27:15 UTC 2026","passed","Wed Sep 23 08:27:17 UTC 2026","testcases.backoffice.settlement.AddManageSettlementTest","Surefire test","testcases.backoffice.settlement.AddManageSettlementTest","addManageSettlementWithoutAuth"
"Wrong Password Login Merchant","3245","testLoginWrongPassword","Surefire suite","Wed Sep 23 08:19:09 UTC 2026","passed","Wed Sep 23 08:19:12 UTC 2026","testcases.auth.LoginTest","Surefire test","testcases.auth.LoginTest","testLoginWrongPassword"
"Created Favorite Account Dengan Header credentialId Salah","6275","createdFavoriteAccountWithWrongCredentialIdHeader","Surefire suite","Wed Sep 23 08:50:17 UTC 2026","passed","Wed Sep 23 08:50:23 UTC 2026","testcases.settings.favoriteaccount.CreatedFavoriteAccountTest","Surefire test","testcases.settings.favoriteaccount.CreatedFavoriteAccountTest","createdFavoriteAccountWithWrongCredentialIdHeader"
"Get List Google Authenticator Tanpa Login/Header Auth","2623","listOtpGoogleWithoutAuth","Surefire suite","Wed Sep 23 08:24:55 UTC 2026","passed","Wed Sep 23 08:24:58 UTC 2026","testcases.backoffice.googleauth.ListOtpGoogleTest","Surefire test","testcases.backoffice.googleauth.ListOtpGoogleTest","listOtpGoogleWithoutAuth"
"Delete Google Authenticator Dengan Header Authorization Tanpa Skema Bearer","1750","deleteOtpGoogleWithMalformedAuthorizationHeader","Surefire suite","Wed Sep 23 08:29:33 UTC 2026","passed","Wed Sep 23 08:29:35 UTC 2026","testcases.backoffice.googleauth.DeleteOtpGoogleTest","Surefire test","testcases.backoffice.googleauth.DeleteOtpGoogleTest","deleteOtpGoogleWithMalformedAuthorizationHeader"
"Get Dashboard Backoffice Menggunakan Login Customer Service","6374","getDashboardWithCSLogin","Surefire suite","Wed Sep 23 08:35:36 UTC 2026","passed","Wed Sep 23 08:35:42 UTC 2026","testcases.backoffice.GetDashboardTest","Surefire test","testcases.backoffice.GetDashboardTest","getDashboardWithCSLogin"
"Get Group Detail Backoffice Menggunakan Login Merchant","5907","getGroupDetailWithMerchantLogin","Surefire suite","Wed Sep 23 08:22:04 UTC 2026","passed","Wed Sep 23 08:22:10 UTC 2026","testcases.backoffice.group.GetGroupTest","Surefire test","testcases.backoffice.group.GetGroupTest","getGroupDetailWithMerchantLogin"
"List User Backoffice Menggunakan Login Merchant","6134","listUsersWithMerchantLogin","Surefire suite","Wed Sep 23 08:30:43 UTC 2026","passed","Wed Sep 23 08:30:49 UTC 2026","testcases.backoffice.users.ListUsersTest","Surefire test","testcases.backoffice.users.ListUsersTest","listUsersWithMerchantLogin"
"Get Balance Merchant with Login Admin","5314","getFailedBalanceMerchantLoginAdmin","Surefire suite","Wed Sep 23 08:18:50 UTC 2026","passed","Wed Sep 23 08:18:55 UTC 2026","testcases.balance.GetBalanceQrisTest","Surefire test","testcases.balance.GetBalanceQrisTest","getFailedBalanceMerchantLoginAdmin"
"List Currency USDT Tanpa Login/Header Auth","1820","getCurrencyWithoutAuth","Surefire suite","Wed Sep 23 08:20:19 UTC 2026","passed","Wed Sep 23 08:20:21 UTC 2026","testcases.backoffice.currency.GetCurrencyTest","Surefire test","testcases.backoffice.currency.GetCurrencyTest","getCurrencyWithoutAuth"
"Get List Group Company BO Dengan Token Kadaluarsa","2461","getListGroupCompanyWithExpiredToken","Surefire suite","Wed Sep 23 08:28:56 UTC 2026","passed","Wed Sep 23 08:28:59 UTC 2026","testcases.backoffice.settlement.GetListGroupCompanyTest","Surefire test","testcases.backoffice.settlement.GetListGroupCompanyTest","getListGroupCompanyWithExpiredToken"
"List Currency USDT Menggunakan HTTP Method DELETE","1837","getCurrencyWithDeleteMethod","Surefire suite","Wed Sep 23 08:18:11 UTC 2026","passed","Wed Sep 23 08:18:13 UTC 2026","testcases.backoffice.currency.GetCurrencyTest","Surefire test","testcases.backoffice.currency.GetCurrencyTest","getCurrencyWithDeleteMethod"
"Get Balance Merchant with Login Admin","6104","getBalanceAdmin","Surefire suite","Wed Sep 23 08:18:31 UTC 2026","passed","Wed Sep 23 08:18:37 UTC 2026","testcases.balance.GetBalanceQrisTest","Surefire test","testcases.balance.GetBalanceQrisTest","getBalanceAdmin"
"Add Group Backoffice Dengan Payload Persis Sama (Dikirim Dua Kali)","3654","addGroupWithDuplicatePayload","Surefire suite","Wed Sep 23 08:37:47 UTC 2026","passed","Wed Sep 23 08:37:51 UTC 2026","testcases.backoffice.group.AddGroupTest","Surefire test","testcases.backoffice.group.AddGroupTest","addGroupWithDuplicatePayload"
"Test Rejected Special Transfer Supervisor","13590","rejectedSpecialTransferSupervisor","Surefire suite","Wed Sep 23 09:21:37 UTC 2026","passed","Wed Sep 23 09:21:51 UTC 2026","testcases.backoffice.ApprovalTransferTest","Surefire test","testcases.backoffice.ApprovalTransferTest","rejectedSpecialTransferSupervisor"
"Delete Group Backoffice Dengan id yang Tidak Pernah Ada","1652","deleteGroupWithNonExistentId","Surefire suite","Wed Sep 23 08:34:57 UTC 2026","passed","Wed Sep 23 08:34:58 UTC 2026","testcases.backoffice.group.DeleteGroupTest","Surefire test","testcases.backoffice.group.DeleteGroupTest","deleteGroupWithNonExistentId"
"Delete Favorite Account Dengan Token Valid Tapi Tanpa Header credentialId","3398","deleteFavoriteAccountWithoutCredentialIdHeader","Surefire suite","Wed Sep 23 08:45:59 UTC 2026","failed","Wed Sep 23 08:46:02 UTC 2026","testcases.settings.favoriteaccount.DeleteFavoriteAccountTest","Surefire test","testcases.settings.favoriteaccount.DeleteFavoriteAccountTest","deleteFavoriteAccountWithoutCredentialIdHeader"
"Refund Summary Dengan type String Kosong","2295","getRefundWithEmptyType","Surefire suite","Wed Sep 23 08:33:02 UTC 2026","passed","Wed Sep 23 08:33:04 UTC 2026","testcases.backoffice.refund.GetRefundTest","Surefire test","testcases.backoffice.refund.GetRefundTest","getRefundWithEmptyType"
"Get List Group Company BO Menggunakan Login Customer Service","5142","getListGroupCompanyWithCSLogin","Surefire suite","Wed Sep 23 08:28:22 UTC 2026","passed","Wed Sep 23 08:28:27 UTC 2026","testcases.backoffice.settlement.GetListGroupCompanyTest","Surefire test","testcases.backoffice.settlement.GetListGroupCompanyTest","getListGroupCompanyWithCSLogin"
"Get History Transfer Test Supervisor","10950","historyTransferTestSupervisor","Surefire suite","Wed Sep 23 09:51:24 UTC 2026","passed","Wed Sep 23 09:51:35 UTC 2026","testcases.history.HistoryTransferTest","Surefire test","testcases.history.HistoryTransferTest","historyTransferTestSupervisor"
"Mutasi Manual Transfer","40714","mutasiManualTransfer","Surefire suite","Wed Sep 23 10:00:41 UTC 2026","passed","Wed Sep 23 10:01:22 UTC 2026","testcases.mutasi.MutasiTransferTest","Surefire test","testcases.mutasi.MutasiTransferTest","mutasiManualTransfer"
"Normal Balance Special Transfer Success","11240","specialTransferBalanceAdminCrypto","Surefire suite","Wed Sep 23 08:18:29 UTC 2026","passed","Wed Sep 23 08:18:40 UTC 2026","testcases.transfer.SpecialTransferTest","Surefire test","testcases.transfer.SpecialTransferTest","specialTransferBalanceAdminCrypto"
"Delete Favorite Account Dengan id yang Tidak Pernah Ada","4127","deleteFavoriteAccountWithNonExistentId","Surefire suite","Wed Sep 23 08:44:35 UTC 2026","failed","Wed Sep 23 08:44:39 UTC 2026","testcases.settings.favoriteaccount.DeleteFavoriteAccountTest","Surefire test","testcases.settings.favoriteaccount.DeleteFavoriteAccountTest","deleteFavoriteAccountWithNonExistentId"
"Created Favorite Account Dengan pin Salah","3279","createdFavoriteAccountWithWrongPin","Surefire suite","Wed Sep 23 08:50:31 UTC 2026","passed","Wed Sep 23 08:50:34 UTC 2026","testcases.settings.favoriteaccount.CreatedFavoriteAccountTest","Surefire test","testcases.settings.favoriteaccount.CreatedFavoriteAccountTest","createdFavoriteAccountWithWrongPin"
"Inquiry Favorite Account Merchant","7609","inquiryFavoriteAccountMerchant","Surefire suite","Wed Sep 23 08:46:16 UTC 2026","passed","Wed Sep 23 08:46:24 UTC 2026","testcases.settings.favoriteaccount.InquiryFavoriteAccountTest","Surefire test","testcases.settings.favoriteaccount.InquiryFavoriteAccountTest","inquiryFavoriteAccountMerchant"
"Get List Group Company BO Dengan Token Tidak Valid","1801","getListGroupCompanyWithInvalidToken","Surefire suite","Wed Sep 23 08:29:02 UTC 2026","passed","Wed Sep 23 08:29:03 UTC 2026","testcases.backoffice.settlement.GetListGroupCompanyTest","Surefire test","testcases.backoffice.settlement.GetListGroupCompanyTest","getListGroupCompanyWithInvalidToken"
"Success Login Customer Service","3919","testLoginCS","Surefire suite","Wed Sep 23 08:17:45 UTC 2026","passed","Wed Sep 23 08:17:49 UTC 2026","testcases.auth.LoginTest","Surefire test","testcases.auth.LoginTest","testLoginCS"
"List Currency USDT Menggunakan Login Customer Service","6982","getCurrencyWithCSLogin","Surefire suite","Wed Sep 23 08:18:01 UTC 2026","passed","Wed Sep 23 08:18:08 UTC 2026","testcases.backoffice.currency.GetCurrencyTest","Surefire test","testcases.backoffice.currency.GetCurrencyTest","getCurrencyWithCSLogin"
"Test Get Report Transaction Merchant","6884","getReportTransactionMerchant","Surefire suite","Wed Sep 23 08:42:37 UTC 2026","passed","Wed Sep 23 08:42:44 UTC 2026","testcases.report.ReportTransactionTest","Surefire test","testcases.report.ReportTransactionTest","getReportTransactionMerchant"
"List Waiting Company Backoffice Menggunakan Login Marketing","5256","listWaitingCompanyWithMarketingLogin","Surefire suite","Wed Sep 23 08:19:17 UTC 2026","passed","Wed Sep 23 08:19:22 UTC 2026","testcases.backoffice.ListWaitingCompanyTest","Surefire test","testcases.backoffice.ListWaitingCompanyTest","listWaitingCompanyWithMarketingLogin"
"Refund Summary Dengan Header pbyv Salah","3629","getRefundWithWrongPbyvHeader","Surefire suite","Wed Sep 23 08:35:20 UTC 2026","passed","Wed Sep 23 08:35:23 UTC 2026","testcases.backoffice.refund.GetRefundTest","Surefire test","testcases.backoffice.refund.GetRefundTest","getRefundWithWrongPbyvHeader"
"Refund Summary Dengan Field Tidak Dikenal pada Body","1715","getRefundWithUnknownField","Surefire suite","Wed Sep 23 08:35:05 UTC 2026","passed","Wed Sep 23 08:35:07 UTC 2026","testcases.backoffice.refund.GetRefundTest","Surefire test","testcases.backoffice.refund.GetRefundTest","getRefundWithUnknownField"
"Mutasi USDT Transfer Balance","60214","mutasiUSDTTransferBalance","Surefire suite","Wed Sep 23 10:15:53 UTC 2026","passed","Wed Sep 23 10:16:53 UTC 2026","testcases.mutasi.MutasiTransferTest","Surefire test","testcases.mutasi.MutasiTransferTest","mutasiUSDTTransferBalance"
"List Company Backoffice Menggunakan Login CS Admin","6800","listCompanyWithCSAdminLogin","Surefire suite","Wed Sep 23 08:25:45 UTC 2026","passed","Wed Sep 23 08:25:52 UTC 2026","testcases.backoffice.ListCompanyTest","Surefire test","testcases.backoffice.ListCompanyTest","listCompanyWithCSAdminLogin"
"Get List Group Backoffice Tanpa Field page","4419","getListGroupWithoutPageField","Surefire suite","Wed Sep 23 08:27:27 UTC 2026","passed","Wed Sep 23 08:27:32 UTC 2026","testcases.backoffice.group.GetListGroupTest","Surefire test","testcases.backoffice.group.GetListGroupTest","getListGroupWithoutPageField"
"Delete Group Backoffice Tanpa Field name","1652","deleteGroupWithoutNameField","Surefire suite","Wed Sep 23 08:36:20 UTC 2026","passed","Wed Sep 23 08:36:21 UTC 2026","testcases.backoffice.group.DeleteGroupTest","Surefire test","testcases.backoffice.group.DeleteGroupTest","deleteGroupWithoutNameField"
"Inquiry Favorite Account Tanpa Login/Header Auth","2505","inquiryFavoriteAccountWithoutAuth","Surefire suite","Wed Sep 23 08:48:13 UTC 2026","passed","Wed Sep 23 08:48:16 UTC 2026","testcases.settings.favoriteaccount.InquiryFavoriteAccountTest","Surefire test","testcases.settings.favoriteaccount.InquiryFavoriteAccountTest","inquiryFavoriteAccountWithoutAuth"
"Mutasi Manual Transfer Supervisor CS","40202","mutasiManualTransferSupervisorCS","Surefire suite","Wed Sep 23 10:06:27 UTC 2026","passed","Wed Sep 23 10:07:08 UTC 2026","testcases.mutasi.MutasiTransferTest","Surefire test","testcases.mutasi.MutasiTransferTest","mutasiManualTransferSupervisorCS"
"Transfer Different Partner Reference, USDT Transfer to Transfer","80242","trfPartnerRefUSDTFailed","Surefire suite","Wed Sep 23 08:23:21 UTC 2026","passed","Wed Sep 23 08:24:41 UTC 2026","testcases.transfer.SpecialTransferTest","Surefire test","testcases.transfer.SpecialTransferTest","trfPartnerRefUSDTFailed"
"Get Balance Merchant with Login Admin Crypto","5387","getFailedBalanceMerchantLoginAdminCrypto","Surefire suite","Wed Sep 23 08:21:41 UTC 2026","passed","Wed Sep 23 08:21:46 UTC 2026","testcases.balance.GetBalanceQrisTest","Surefire test","testcases.balance.GetBalanceQrisTest","getFailedBalanceMerchantLoginAdminCrypto"
"Delete Group Backoffice Dengan Body Berupa Literal null","1858","deleteGroupWithNullLiteralBody","Surefire suite","Wed Sep 23 08:35:01 UTC 2026","passed","Wed Sep 23 08:35:03 UTC 2026","testcases.backoffice.group.DeleteGroupTest","Surefire test","testcases.backoffice.group.DeleteGroupTest","deleteGroupWithNullLiteralBody"
"Refund Summary Menggunakan HTTP Method PATCH","1707","getRefundWithPatchMethod","Surefire suite","Wed Sep 23 08:34:37 UTC 2026","passed","Wed Sep 23 08:34:39 UTC 2026","testcases.backoffice.refund.GetRefundTest","Surefire test","testcases.backoffice.refund.GetRefundTest","getRefundWithPatchMethod"
"Add Currency CS Admin Path Dengan Content-Type text/plain","1726","addCurrencyWithWrongContentType","Surefire suite","Wed Sep 23 09:32:18 UTC 2026","passed","Wed Sep 23 09:32:19 UTC 2026","testcases.backoffice.currency.AddCurrencyTest","Surefire test","testcases.backoffice.currency.AddCurrencyTest","addCurrencyWithWrongContentType"
"Get List Google Authenticator Dengan Body Berupa JSON Array ([])","5949","listOtpGoogleWithArrayBody","Surefire suite","Wed Sep 23 08:20:54 UTC 2026","passed","Wed Sep 23 08:21:00 UTC 2026","testcases.backoffice.googleauth.ListOtpGoogleTest","Surefire test","testcases.backoffice.googleauth.ListOtpGoogleTest","listOtpGoogleWithArrayBody"
"Add Group Backoffice Dengan Token Tidak Valid","2730","addGroupWithInvalidToken","Surefire suite","Wed Sep 23 08:38:29 UTC 2026","passed","Wed Sep 23 08:38:32 UTC 2026","testcases.backoffice.group.AddGroupTest","Surefire test","testcases.backoffice.group.AddGroupTest","addGroupWithInvalidToken"
"Add Currency CS Admin Path Dengan rate Berupa String Non-Numerik","1895","addCurrencyWithStringRate","Surefire suite","Wed Sep 23 09:31:56 UTC 2026","passed","Wed Sep 23 09:31:58 UTC 2026","testcases.backoffice.currency.AddCurrencyTest","Surefire test","testcases.backoffice.currency.AddCurrencyTest","addCurrencyWithStringRate"
"Create Manage Settlement BO Dengan groupName Sangat Panjang (10.000 karakter)","6235","addManageSettlementWithOverlongGroupName","Surefire suite","Wed Sep 23 08:25:56 UTC 2026","passed","Wed Sep 23 08:26:02 UTC 2026","testcases.backoffice.settlement.AddManageSettlementTest","Surefire test","testcases.backoffice.settlement.AddManageSettlementTest","addManageSettlementWithOverlongGroupName"
"List Currency USDT Tanpa Body Sama Sekali","1830","getCurrencyWithoutBody","Surefire suite","Wed Sep 23 08:20:24 UTC 2026","passed","Wed Sep 23 08:20:26 UTC 2026","testcases.backoffice.currency.GetCurrencyTest","Surefire test","testcases.backoffice.currency.GetCurrencyTest","getCurrencyWithoutBody"
"List Refund Dengan Field Sort Merujuk ke Kolom yang Tidak Ada","7374","listRefundWithInvalidSortField","Surefire suite","Wed Sep 23 09:37:36 UTC 2026","passed","Wed Sep 23 09:37:43 UTC 2026","testcases.backoffice.ListRefundTest","Surefire test","testcases.backoffice.ListRefundTest","listRefundWithInvalidSortField"
"Mutasi Transfer","10536","mutasiTransfer","Surefire suite","Wed Sep 23 10:12:16 UTC 2026","passed","Wed Sep 23 10:12:27 UTC 2026","testcases.mutasi.MutasiTransferTest","Surefire test","testcases.mutasi.MutasiTransferTest","mutasiTransfer"
"Get List Google Authenticator Tanpa Body Sama Sekali","5096","listOtpGoogleWithoutBody","Surefire suite","Wed Sep 23 08:25:01 UTC 2026","passed","Wed Sep 23 08:25:06 UTC 2026","testcases.backoffice.googleauth.ListOtpGoogleTest","Surefire test","testcases.backoffice.googleauth.ListOtpGoogleTest","listOtpGoogleWithoutBody"
"Add Currency CS Admin Path Menggunakan Login Backoffice","5635","addCurrencyWithBackofficeLogin","Surefire suite","Wed Sep 23 09:28:39 UTC 2026","passed","Wed Sep 23 09:28:45 UTC 2026","testcases.backoffice.currency.AddCurrencyTest","Surefire test","testcases.backoffice.currency.AddCurrencyTest","addCurrencyWithBackofficeLogin"
"Get List Group Backoffice Menggunakan HTTP Method GET","1712","getListGroupWithGetMethod","Surefire suite","Wed Sep 23 08:25:16 UTC 2026","passed","Wed Sep 23 08:25:18 UTC 2026","testcases.backoffice.group.GetListGroupTest","Surefire test","testcases.backoffice.group.GetListGroupTest","getListGroupWithGetMethod"
"Refund Summary Menggunakan Login CS Admin","5187","getRefundWithCSAdminLogin","Surefire suite","Wed Sep 23 08:32:31 UTC 2026","passed","Wed Sep 23 08:32:36 UTC 2026","testcases.backoffice.refund.GetRefundTest","Surefire test","testcases.backoffice.refund.GetRefundTest","getRefundWithCSAdminLogin"
"Get List Group Company BO Menggunakan Login Marketing","6041","getListGroupCompanyWithMarketingLogin","Surefire suite","Wed Sep 23 08:29:11 UTC 2026","passed","Wed Sep 23 08:29:17 UTC 2026","testcases.backoffice.settlement.GetListGroupCompanyTest","Surefire test","testcases.backoffice.settlement.GetListGroupCompanyTest","getListGroupCompanyWithMarketingLogin"
"Delete Manage Settlement BO Dengan Token Backoffice Valid Tapi Tanpa Header pbyv","5733","deleteManageSettlementWithoutPbyvHeader","Surefire suite","Wed Sep 23 08:21:57 UTC 2026","passed","Wed Sep 23 08:22:03 UTC 2026","testcases.backoffice.settlement.DeleteManageSettlementTest","Surefire test","testcases.backoffice.settlement.DeleteManageSettlementTest","deleteManageSettlementWithoutPbyvHeader"
"Create Manage Settlement BO Dengan companyId Valid Secara Format Tapi Tidak Ada","6113","addManageSettlementWithNonExistentCompanyId","Surefire suite","Wed Sep 23 08:25:30 UTC 2026","passed","Wed Sep 23 08:25:36 UTC 2026","testcases.backoffice.settlement.AddManageSettlementTest","Surefire test","testcases.backoffice.settlement.AddManageSettlementTest","addManageSettlementWithNonExistentCompanyId"
"Get List Favorite Account Supervisor","6602","getListFavoriteAccountSupervisor","Surefire suite","Wed Sep 23 10:25:15 UTC 2026","failed","Wed Sep 23 10:25:21 UTC 2026","testcases.settings.favoriteaccount.GetListFavoriteAccountTest","Surefire test","testcases.settings.favoriteaccount.GetListFavoriteAccountTest","getListFavoriteAccountSupervisor"
"Reset Pin Admin Crypto","7642","resetPinAdminCrypto","Surefire suite","Wed Sep 23 08:17:29 UTC 2026","passed","Wed Sep 23 08:17:37 UTC 2026","testcases.settings.ResetPinTest","Surefire test","testcases.settings.ResetPinTest","resetPinAdminCrypto"
"Transfer with Wrong Pin","56295","transferWrongPin","Surefire suite","Wed Sep 23 08:20:24 UTC 2026","passed","Wed Sep 23 08:21:20 UTC 2026","testcases.transfer.SpecialTransferTest","Surefire test","testcases.transfer.SpecialTransferTest","transferWrongPin"
"Refund Summary Tanpa Login/Header Auth","2991","getRefundWithoutAuth","Surefire suite","Wed Sep 23 08:35:32 UTC 2026","passed","Wed Sep 23 08:35:35 UTC 2026","testcases.backoffice.refund.GetRefundTest","Surefire test","testcases.backoffice.refund.GetRefundTest","getRefundWithoutAuth"
"List Refund Tanpa Login/Header Auth","2529","listRefundWithoutAuth","Surefire suite","Wed Sep 23 09:38:54 UTC 2026","passed","Wed Sep 23 09:38:56 UTC 2026","testcases.backoffice.ListRefundTest","Surefire test","testcases.backoffice.ListRefundTest","listRefundWithoutAuth"
"Test Get Report Transaction Group","5384","getReportTransactionAdmin","Surefire suite","Wed Sep 23 08:17:59 UTC 2026","passed","Wed Sep 23 08:18:05 UTC 2026","testcases.report.ReportTransactionTest","Surefire test","testcases.report.ReportTransactionTest","getReportTransactionAdmin"
"Add Group Backoffice Menggunakan HTTP Method GET","1650","addGroupWithGetMethod","Surefire suite","Wed Sep 23 08:38:24 UTC 2026","passed","Wed Sep 23 08:38:26 UTC 2026","testcases.backoffice.group.AddGroupTest","Surefire test","testcases.backoffice.group.AddGroupTest","addGroupWithGetMethod"
"Transfer Different Partner Reference, Special Transfer to Manual Transfer","56237","trfPartnerRefManualFailed","Surefire suite","Wed Sep 23 08:25:56 UTC 2026","passed","Wed Sep 23 08:26:52 UTC 2026","testcases.transfer.ManualTransferTest","Surefire test","testcases.transfer.ManualTransferTest","trfPartnerRefManualFailed"
"Normal Flop Transfer Balance Success","15763","flopTransferBalance","Surefire suite","Wed Sep 23 08:29:04 UTC 2026","passed","Wed Sep 23 08:29:20 UTC 2026","testcases.transfer.TransferFlopTest","Surefire test","testcases.transfer.TransferFlopTest","flopTransferBalance"
"Refund Summary Menggunakan Login Customer Service","5415","getRefundWithCSLogin","Surefire suite","Wed Sep 23 08:32:39 UTC 2026","passed","Wed Sep 23 08:32:44 UTC 2026","testcases.backoffice.refund.GetRefundTest","Surefire test","testcases.backoffice.refund.GetRefundTest","getRefundWithCSLogin"
"Created Favorite Account Tanpa Field beneficiaryAccountNo","1904","createdFavoriteAccountWithoutBeneficiaryAccountNoField","Surefire suite","Wed Sep 23 08:50:42 UTC 2026","passed","Wed Sep 23 08:50:44 UTC 2026","testcases.settings.favoriteaccount.CreatedFavoriteAccountTest","Surefire test","testcases.settings.favoriteaccount.CreatedFavoriteAccountTest","createdFavoriteAccountWithoutBeneficiaryAccountNoField"
"Inquiry Favorite Account Dengan Body JSON Tidak Valid (Malformed)","1699","inquiryFavoriteAccountWithMalformedJson","Surefire suite","Wed Sep 23 08:47:15 UTC 2026","passed","Wed Sep 23 08:47:17 UTC 2026","testcases.settings.favoriteaccount.InquiryFavoriteAccountTest","Surefire test","testcases.settings.favoriteaccount.InquiryFavoriteAccountTest","inquiryFavoriteAccountWithMalformedJson"
"Delete Favorite Account Menggunakan HTTP Method DELETE","1638","deleteFavoriteAccountWithDeleteMethod","Surefire suite","Wed Sep 23 08:43:25 UTC 2026","passed","Wed Sep 23 08:43:27 UTC 2026","testcases.settings.favoriteaccount.DeleteFavoriteAccountTest","Surefire test","testcases.settings.favoriteaccount.DeleteFavoriteAccountTest","deleteFavoriteAccountWithDeleteMethod"
"Inquiry Test Special Transfer Merchant Supervisor","6645","inquirySpecialTransferSupervisor","Surefire suite","Wed Sep 23 08:21:47 UTC 2026","passed","Wed Sep 23 08:21:54 UTC 2026","testcases.transfer.InquirySpecialTransferTest","Surefire test","testcases.transfer.InquirySpecialTransferTest","inquirySpecialTransferSupervisor"
"Get History Manual Transfer Merchant on Login CS Admin","17867","historyManualTransferMerchantTestCSAdmin","Surefire suite","Wed Sep 23 09:44:26 UTC 2026","passed","Wed Sep 23 09:44:43 UTC 2026","testcases.history.HistoryTransferTest","Surefire test","testcases.history.HistoryTransferTest","historyManualTransferMerchantTestCSAdmin"
"Delete Group Backoffice Menggunakan HTTP Method GET","2907","deleteGroupWithGetMethod","Surefire suite","Wed Sep 23 08:33:41 UTC 2026","passed","Wed Sep 23 08:33:44 UTC 2026","testcases.backoffice.group.DeleteGroupTest","Surefire test","testcases.backoffice.group.DeleteGroupTest","deleteGroupWithGetMethod"
"Get List Favorite Account Dengan Token Tidak Valid","1824","getListFavoriteAccountWithInvalidToken","Surefire suite","Wed Sep 23 10:25:56 UTC 2026","passed","Wed Sep 23 10:25:58 UTC 2026","testcases.settings.favoriteaccount.GetListFavoriteAccountTest","Surefire test","testcases.settings.favoriteaccount.GetListFavoriteAccountTest","getListFavoriteAccountWithInvalidToken"
"Login Merchant tanpa Parameter Captcha","3152","testLoginMissingCaptchaParam","Surefire suite","Wed Sep 23 08:18:05 UTC 2026","passed","Wed Sep 23 08:18:08 UTC 2026","testcases.auth.LoginTest","Surefire test","testcases.auth.LoginTest","testLoginMissingCaptchaParam"
"Get Balance Company on Login Admin","6359","getBalanceCompanyAdmin","Surefire suite","Wed Sep 23 08:18:40 UTC 2026","passed","Wed Sep 23 08:18:47 UTC 2026","testcases.balance.GetBalanceQrisTest","Surefire test","testcases.balance.GetBalanceQrisTest","getBalanceCompanyAdmin"
"Get List Group Company BO Menggunakan Login CS Admin","5560","getListGroupCompanyWithCSAdminLogin","Surefire suite","Wed Sep 23 08:28:13 UTC 2026","passed","Wed Sep 23 08:28:19 UTC 2026","testcases.backoffice.settlement.GetListGroupCompanyTest","Surefire test","testcases.backoffice.settlement.GetListGroupCompanyTest","getListGroupCompanyWithCSAdminLogin"
"Get User Backoffice Menggunakan Login Merchant","6889","getUserWithMerchantLogin","Surefire suite","Wed Sep 23 08:37:35 UTC 2026","passed","Wed Sep 23 08:37:41 UTC 2026","testcases.backoffice.GetDashboardTest","Surefire test","testcases.backoffice.GetDashboardTest","getUserWithMerchantLogin"
"Get List Group Backoffice Dengan size Bertipe String","1541","getListGroupWithSizeAsString","Surefire suite","Wed Sep 23 08:26:32 UTC 2026","passed","Wed Sep 23 08:26:33 UTC 2026","testcases.backoffice.group.GetListGroupTest","Surefire test","testcases.backoffice.group.GetListGroupTest","getListGroupWithSizeAsString"
"List User Backoffice Menggunakan Login Admin Crypto","7067","listUsersWithAdminCryptoLogin","Surefire suite","Wed Sep 23 08:29:22 UTC 2026","passed","Wed Sep 23 08:29:30 UTC 2026","testcases.backoffice.users.ListUsersTest","Surefire test","testcases.backoffice.users.ListUsersTest","listUsersWithAdminCryptoLogin"
"Create Manage Settlement BO Menggunakan Login Marketing","6983","addManageSettlementWithMarketingLogin","Surefire suite","Wed Sep 23 08:25:12 UTC 2026","passed","Wed Sep 23 08:25:19 UTC 2026","testcases.backoffice.settlement.AddManageSettlementTest","Surefire test","testcases.backoffice.settlement.AddManageSettlementTest","addManageSettlementWithMarketingLogin"
"List Refund Dengan Field Range Berisi Nilai Tidak Valid","5489","listRefundWithInvalidRange","Surefire suite","Wed Sep 23 09:37:27 UTC 2026","passed","Wed Sep 23 09:37:33 UTC 2026","testcases.backoffice.ListRefundTest","Surefire test","testcases.backoffice.ListRefundTest","listRefundWithInvalidRange"
"Normal Manual Transfer Balance Success","11063","manualTransferBalanceAdminCrypto","Surefire suite","Wed Sep 23 08:21:27 UTC 2026","passed","Wed Sep 23 08:21:38 UTC 2026","testcases.transfer.ManualTransferTest","Surefire test","testcases.transfer.ManualTransferTest","manualTransferBalanceAdminCrypto"
"Add Group Backoffice Dengan Body JSON Tidak Valid (Malformed)","2041","addGroupWithMalformedJson","Surefire suite","Wed Sep 23 08:38:45 UTC 2026","passed","Wed Sep 23 08:38:47 UTC 2026","testcases.backoffice.group.AddGroupTest","Surefire test","testcases.backoffice.group.AddGroupTest","addGroupWithMalformedJson"
"List User Backoffice Dengan Field Sort Merujuk ke Kolom yang Tidak Ada","6283","listUsersWithInvalidSortField","Surefire suite","Wed Sep 23 08:30:09 UTC 2026","passed","Wed Sep 23 08:30:16 UTC 2026","testcases.backoffice.users.ListUsersTest","Surefire test","testcases.backoffice.users.ListUsersTest","listUsersWithInvalidSortField"
"Get Detail Waiting Company Backoffice Dengan Id Milik Entitas Lain (Group Id)","8267","getDetailWaitingCompanyWithForeignEntityId","Surefire suite","Wed Sep 23 08:32:37 UTC 2026","passed","Wed Sep 23 08:32:45 UTC 2026","testcases.backoffice.GetDetailWaitingCompanyTest","Surefire test","testcases.backoffice.GetDetailWaitingCompanyTest","getDetailWaitingCompanyWithForeignEntityId"
"Mutasi USDT Transfer Balance","40540","mutasiUSDTTransferBalanceSupervisor","Surefire suite","Wed Sep 23 10:17:41 UTC 2026","passed","Wed Sep 23 10:18:22 UTC 2026","testcases.mutasi.MutasiTransferTest","Surefire test","testcases.mutasi.MutasiTransferTest","mutasiUSDTTransferBalanceSupervisor"
"Create Manage Settlement BO Dengan Karakter SQL Injection pada groupName","6607","addManageSettlementWithSqlInjectionGroupName","Surefire suite","Wed Sep 23 08:26:25 UTC 2026","failed","Wed Sep 23 08:26:32 UTC 2026","testcases.backoffice.settlement.AddManageSettlementTest","Surefire test","testcases.backoffice.settlement.AddManageSettlementTest","addManageSettlementWithSqlInjectionGroupName"
"Test Approved USDT Supervisor Tanpa URL","68408","approvedUSDTSupervisorWithoutURL","Surefire suite","Wed Sep 23 09:17:54 UTC 2026","passed","Wed Sep 23 09:19:02 UTC 2026","testcases.backoffice.ApprovalTransferTest","Surefire test","testcases.backoffice.ApprovalTransferTest","approvedUSDTSupervisorWithoutURL"
"Get History QR Open Merchant on login CS Admin","18142","historyQROpenMerchantCSAdmin","Surefire suite","Wed Sep 23 08:52:35 UTC 2026","passed","Wed Sep 23 08:52:53 UTC 2026","testcases.history.HistoryQRTest","Surefire test","testcases.history.HistoryQRTest","historyQROpenMerchantCSAdmin"
"Test Approve Manual Transfer dengan check Fee di Admin Crypto dan Admin Fee","56944","approvedCashDepositBalance","Surefire suite","Wed Sep 23 09:12:19 UTC 2026","passed","Wed Sep 23 09:13:16 UTC 2026","testcases.backoffice.ApprovalTransferTest","Surefire test","testcases.backoffice.ApprovalTransferTest","approvedCashDepositBalance"
"Refund Summary Dengan Body Kosong ({})","1960","getRefundWithEmptyBody","Surefire suite","Wed Sep 23 08:32:57 UTC 2026","passed","Wed Sep 23 08:32:59 UTC 2026","testcases.backoffice.refund.GetRefundTest","Surefire test","testcases.backoffice.refund.GetRefundTest","getRefundWithEmptyBody"
"Get List Group Company BO Dengan groupName Berisi Spasi","7539","getListGroupCompanyWithWhitespaceGroupName","Surefire suite","Wed Sep 23 08:30:44 UTC 2026","passed","Wed Sep 23 08:30:51 UTC 2026","testcases.backoffice.settlement.GetListGroupCompanyTest","Surefire test","testcases.backoffice.settlement.GetListGroupCompanyTest","getListGroupCompanyWithWhitespaceGroupName"
"Create Manage Settlement BO Dengan companyList Kosong ([])","6300","addManageSettlementWithEmptyCompanyList","Surefire suite","Wed Sep 23 08:24:01 UTC 2026","passed","Wed Sep 23 08:24:07 UTC 2026","testcases.backoffice.settlement.AddManageSettlementTest","Surefire test","testcases.backoffice.settlement.AddManageSettlementTest","addManageSettlementWithEmptyCompanyList"
"Get Group Detail Backoffice Menggunakan Login Supervisor","5159","getGroupDetailWithSupervisorLogin","Surefire suite","Wed Sep 23 08:23:03 UTC 2026","passed","Wed Sep 23 08:23:08 UTC 2026","testcases.backoffice.group.GetGroupTest","Surefire test","testcases.backoffice.group.GetGroupTest","getGroupDetailWithSupervisorLogin"
"Transfer Different Partner Reference, Transfer to Special Transfer","57112","trfPartnerRefTransferFailed","Surefire suite","Wed Sep 23 08:22:21 UTC 2026","failed","Wed Sep 23 08:23:18 UTC 2026","testcases.transfer.SpecialTransferTest","Surefire test","testcases.transfer.SpecialTransferTest","trfPartnerRefTransferFailed"
